timestamp,open,high,low,close,open_bid,open_ask,high_bid,high_ask,low_bid,low_ask,close_bid,close_ask,spread,volume
2026-04-26T21:00:00+00:00,15958.95,15960.25,15956.2,15957,15954.9,15963,15956,15964.5,15949.5,15962.9,15949.5,15964.5,15,9.299999833
2026-04-26T21:05:00+00:00,15956.1,15958.2,15955.85,15957.85,15947.4,15964.8,15950.7,15965.7,15947.4,15964.3,15950.5,15965.2,14.7,66.06000149
2026-04-26T21:10:00+00:00,15957.7,15960.85,15957.65,15959,15950.5,15964.9,15953.4,15968.3,15950.5,15964.8,15952.7,15965.3,12.6,110.9700006
2026-04-26T21:15:00+00:00,15959.05,15959.8,15953,15953.05,15952.8,15965.3,15952.8,15966.8,15950.4,15955.6,15950.5,15955.6,5.1,104.4399995
2026-04-26T21:20:00+00:00,15953.1,15958.65,15952.7,15954.15,15950.6,15955.6,15953.5,15963.8,15950.4,15955,15951.5,15956.8,5.3,157.1100042
2026-04-26T21:25:00+00:00,15954.1,15957.4,15953.9,15955.3,15951.6,15956.6,15952.2,15962.6,15951.2,15956.6,15951.8,15958.8,7,37.05000108
2026-04-26T21:30:00+00:00,15955.2,15955.65,15954.1,15954.6,15951.7,15958.7,15951.9,15959.4,15950.9,15957.3,15951.9,15957.3,5.4,61.2000016
2026-04-26T21:35:00+00:00,15954.35,15955.25,15954.15,15954.85,15951.9,15956.8,15952.1,15958.4,15951.6,15956.7,15951.9,15957.8,5.9,31.50000036
2026-04-26T21:40:00+00:00,15954.85,15956.4,15954.55,15956.2,15951.8,15957.9,15952,15960.8,15951.2,15957.9,15951.6,15960.8,9.2,22.20000029
2026-04-26T21:45:00+00:00,15956.35,15956.85,15956,15956.65,15951.6,15961.1,15951.6,15962.1,15950.9,15961.1,15951.2,15962.1,10.9,7.200000286
2026-04-26T21:50:00+00:00,15957.05,15957.1,15957.05,15957.1,15952,15962.1,15952.1,15962.1,15952,15962.1,15952.1,15962.1,10,5.699999928
2026-04-26T21:55:00+00:00,15958.55,15958.75,15956.75,15956.8,15955,15962.1,15955,15962.5,15951.7,15961.8,15951.8,15961.8,10,22.20000029
2026-04-26T22:00:00+00:00,15956.5,15958.4,15951.4,15955.05,15951.8,15961.2,15955.6,15961.2,15950.5,15952.3,15954.7,15955.4,0.7,853.6499879
2026-04-26T22:05:00+00:00,15955.2,15957.6,15952.6,15952.7,15954.7,15955.7,15957.2,15958,15952.1,15953.1,15952.1,15953.3,1.2,219.4500071
2026-04-26T22:10:00+00:00,15952.75,15956.35,15952.7,15956.3,15952.2,15953.3,15956,15956.7,15952.2,15953.2,15955.9,15956.7,0.8,256.5400066
2026-04-26T22:15:00+00:00,15956.05,15956.6,15954.4,15954.7,15955.6,15956.5,15956.2,15957,15954,15954.8,15954.3,15955.1,0.8,250.2000074
2026-04-26T22:20:00+00:00,15954.75,15956.5,15954.7,15956.15,15954.3,15955.2,15956.2,15956.8,15954.3,15955.1,15955.8,15956.5,0.7,174.1500044
2026-04-26T22:25:00+00:00,15956.25,15957.6,15955.55,15956,15955.9,15956.6,15957.1,15958.1,15955.2,15955.9,15955.6,15956.4,0.8,165.300005
2026-04-26T22:30:00+00:00,15955.85,15958.75,15955.05,15958.2,15955.6,15956.1,15958.4,15959.1,15954.6,15955.5,15957.8,15958.6,0.8,279.0000082
2026-04-26T22:35:00+00:00,15958.25,15958.65,15956.4,15957.5,15957.9,15958.6,15958.3,15959,15956,15956.8,15957,15958,1,138.7000033
2026-04-26T22:40:00+00:00,15957.6,15958.75,15957.45,15958.6,15957.2,15958,15958.4,15959.1,15957,15957.9,15958.1,15959.1,1,258.5700058
2026-04-26T22:45:00+00:00,15958.7,15958.85,15958.45,15958.45,15958.3,15959.1,15958.5,15959.2,15958,15958.9,15958,15958.9,0.9,50.55000114
2026-04-26T22:50:00+00:00,15958.5,15958.75,15956.8,15958.45,15958.1,15958.9,15958.3,15959.2,15956.4,15957.2,15958.1,15958.8,0.7,317.400007
2026-04-26T22:55:00+00:00,15958.3,15958.6,15954.65,15954.8,15957.9,15958.7,15958.2,15959,15954.1,15955.2,15954.2,15955.4,1.2,416.140008
2026-04-26T23:00:00+00:00,15954.7,15955.1,15953.35,15953.45,15954.1,15955.3,15954.6,15955.6,15952.8,15953.9,15952.9,15954,1.1,545.2500093
2026-04-26T23:05:00+00:00,15953.35,15954.1,15951.35,15952.3,15952.8,15953.9,15953.7,15954.5,15950.8,15951.9,15951.7,15952.9,1.2,548.5900085
2026-04-26T23:10:00+00:00,15952.4,15953.5,15950.85,15953.35,15951.8,15953,15953.2,15953.8,15950.7,15951,15953,15953.7,0.7,221.2500044
2026-04-26T23:15:00+00:00,15953.4,15954.85,15952.9,15953,15953.1,15953.7,15954.5,15955.2,15952.6,15953.2,15952.7,15953.3,0.6,342.300006
2026-04-26T23:20:00+00:00,15952.9,15953.9,15951.7,15953.7,15952.7,15953.1,15953.6,15954.2,15951.4,15952,15953.4,15954,0.6,175.2400032
2026-04-26T23:25:00+00:00,15953.8,15957.45,15953.75,15956.95,15953.6,15954,15957.1,15957.8,15953.5,15954,15956.5,15957.4,0.9,343.3900056
2026-04-26T23:30:00+00:00,15957.1,15958.4,15956.95,15957.2,15956.7,15957.5,15958.1,15958.7,15956.6,15957.3,15956.9,15957.5,0.6,286.5000063
2026-04-26T23:35:00+00:00,15957.3,15958.5,15956.8,15957.65,15957,15957.6,15958.3,15958.7,15956.6,15957,15957.5,15957.8,0.3,250.2000067
2026-04-26T23:40:00+00:00,15957.7,15959,15956.65,15956.8,15957.5,15957.9,15958.7,15959.3,15956.4,15956.9,15956.5,15957.1,0.6,409.0500067
2026-04-26T23:45:00+00:00,15956.9,15959.65,15955.75,15959.1,15956.6,15957.2,15959.4,15959.9,15955.4,15956.1,15958.9,15959.3,0.4,255.930005
2026-04-26T23:50:00+00:00,15959.15,15959.7,15958.35,15958.55,15958.9,15959.4,15959.4,15960,15958.1,15958.6,15958.3,15958.8,0.5,205.3500059
2026-04-26T23:55:00+00:00,15958.5,15959.65,15957.4,15958.5,15958.2,15958.8,15959.4,15959.9,15957.2,15957.6,15958.2,15958.8,0.6,346.6800065
2026-04-27T00:00:00+00:00,15958.6,15958.6,15950.1,15951.15,15958.3,15958.9,15958.3,15958.9,15949.8,15950.4,15950.9,15951.4,0.5,995.100017
2026-04-27T00:05:00+00:00,15951.25,15955.4,15951.2,15952.8,15951,15951.5,15955.1,15955.7,15950.9,15951.5,15952.5,15953.1,0.6,714.9400091
2026-04-27T00:10:00+00:00,15952.85,15953.05,15951.4,15951.8,15952.6,15953.1,15952.7,15953.4,15951.1,15951.7,15951.5,15952.1,0.6,362.0900065
2026-04-27T00:15:00+00:00,15951.9,15953.25,15949.6,15953.2,15951.6,15952.2,15952.9,15953.6,15949.4,15949.8,15952.9,15953.5,0.6,529.200008
2026-04-27T00:20:00+00:00,15953.2,15953.25,15950.5,15952.8,15952.8,15953.6,15952.9,15953.6,15950.2,15950.8,15952.5,15953.1,0.6,480.5300075
2026-04-27T00:25:00+00:00,15952.7,15953.2,15949.9,15950.9,15952.4,15953,15953,15953.4,15949.6,15950.2,15950.6,15951.2,0.6,342.9400065
2026-04-27T00:30:00+00:00,15950.55,15952.15,15949.95,15951.65,15950.4,15950.7,15951.8,15952.5,15949.7,15950.2,15951.3,15952,0.7,444.6000047
2026-04-27T00:35:00+00:00,15951.55,15952.55,15950.35,15951.5,15951.2,15951.9,15952.2,15952.9,15950,15950.7,15951.2,15951.8,0.6,340.0500047
2026-04-27T00:40:00+00:00,15951.1,15951.4,15947.4,15947.9,15950.8,15951.4,15951.1,15951.7,15947.1,15947.7,15947.6,15948.2,0.6,243.1500033
2026-04-27T00:45:00+00:00,15947.5,15947.9,15945,15947.7,15947.2,15947.8,15947.5,15948.3,15944.7,15945.3,15947.4,15948,0.6,504.0800066
2026-04-27T00:50:00+00:00,15947.85,15953.8,15947.6,15950.25,15947.7,15948,15953.6,15954,15947.3,15947.9,15950.1,15950.4,0.3,1293.06002
2026-04-27T00:55:00+00:00,15950.15,15952.25,15945.75,15948.05,15949.9,15950.4,15952,15952.5,15945.5,15946,15947.7,15948.4,0.7,1113.300017
2026-04-27T01:00:00+00:00,15947.75,15947.8,15934.75,15936.7,15947.6,15947.9,15947.6,15948,15934.4,15935.1,15936.3,15937.1,0.8,2652.320048
2026-04-27T01:05:00+00:00,15936.6,15944.65,15935.1,15941.65,15936.2,15937,15944.4,15944.9,15934.9,15935.3,15941.4,15941.9,0.5,2083.15004
2026-04-27T01:10:00+00:00,15941.5,15941.7,15935.2,15937.75,15941.3,15941.7,15941.5,15941.9,15935,15935.4,15937.4,15938.1,0.7,1254.870023
2026-04-27T01:15:00+00:00,15937.65,15939.6,15935.7,15935.85,15937.4,15937.9,15939.3,15939.9,15935.5,15935.9,15935.6,15936.1,0.5,2601.88005
2026-04-27T01:20:00+00:00,15935.8,15935.8,15932.25,15933.45,15935.6,15936,15935.6,15936,15932,15932.5,15933.1,15933.8,0.7,1511.820025
2026-04-27T01:25:00+00:00,15933.4,15939.45,15933.35,15937.95,15933.1,15933.7,15939.1,15939.8,15933,15933.7,15937.7,15938.2,0.5,897.4900134
2026-04-27T01:30:00+00:00,15937.85,15940.7,15937.45,15940.35,15937.6,15938.1,15940.4,15941,15937.3,15937.6,15940,15940.7,0.7,760.5400144
2026-04-27T01:35:00+00:00,15940.3,15940.3,15935.75,15936.75,15940,15940.6,15940,15940.6,15935.5,15936,15936.4,15937.1,0.7,740.4800076
2026-04-27T01:40:00+00:00,15936.65,15937.9,15936.2,15936.3,15936.4,15936.9,15937.7,15938.1,15935.9,15936.5,15936.1,15936.5,0.4,529.2500076
2026-04-27T01:45:00+00:00,15936.25,15937.15,15931.85,15931.85,15936,15936.5,15936.9,15937.4,15931.6,15932.1,15931.6,15932.1,0.5,674.850011
2026-04-27T01:50:00+00:00,15931.5,15931.9,15925.6,15928.95,15931.3,15931.7,15931.6,15932.2,15925.3,15925.9,15928.6,15929.3,0.7,974.5600164
2026-04-27T01:55:00+00:00,15928.85,15933.2,15927.4,15932.9,15928.5,15929.2,15933,15933.4,15927.2,15927.6,15932.7,15933.1,0.4,681.9600141
2026-04-27T02:00:00+00:00,15932.95,15933.1,15930.05,15931.1,15932.8,15933.1,15932.9,15933.3,15929.9,15930.2,15930.9,15931.3,0.4,560.5100129
2026-04-27T02:05:00+00:00,15931.45,15935.75,15931.25,15934.5,15931.3,15931.6,15935.4,15936.1,15930.9,15931.6,15934.2,15934.8,0.6,741.7600156
2026-04-27T02:10:00+00:00,15934.4,15935.6,15933.4,15934.3,15934.2,15934.6,15935.4,15935.8,15933.2,15933.6,15934.1,15934.5,0.4,288.930005
2026-04-27T02:15:00+00:00,15934.4,15936.65,15933.05,15934.4,15934.2,15934.6,15936.3,15937,15932.9,15933.2,15934.2,15934.6,0.4,392.1000073
2026-04-27T02:20:00+00:00,15934.3,15936.2,15933.1,15934.05,15934.1,15934.5,15936,15936.4,15932.8,15933.4,15933.8,15934.3,0.5,696.9000098
2026-04-27T02:25:00+00:00,15934.1,15934.95,15933.1,15933.8,15933.8,15934.4,15934.8,15935.1,15932.8,15933.4,15933.6,15934,0.4,313.5000043
2026-04-27T02:30:00+00:00,15934,15934,15930.3,15931.2,15933.8,15934.2,15933.8,15934.2,15930.1,15930.5,15931,15931.4,0.4,328.0500076
2026-04-27T02:35:00+00:00,15931,15931.7,15927.75,15929,15930.8,15931.2,15931.5,15931.9,15927.5,15928,15928.8,15929.2,0.4,320.1000073
2026-04-27T02:40:00+00:00,15928.9,15931.35,15927.8,15930.2,15928.7,15929.1,15931,15931.7,15927.6,15928,15930,15930.4,0.4,328.3500067
2026-04-27T02:45:00+00:00,15930,15930.9,15928.75,15928.75,15929.8,15930.2,15930.7,15931.1,15928.6,15928.9,15928.6,15928.9,0.3,236.7000051
2026-04-27T02:50:00+00:00,15928.65,15929.2,15927,15927.7,15928.5,15928.8,15929,15929.4,15926.8,15927.2,15927.5,15927.9,0.4,229.5000042
2026-04-27T02:55:00+00:00,15928.1,15930.4,15928.1,15930.15,15927.7,15928.5,15930.2,15930.6,15927.7,15928.5,15930,15930.3,0.3,481.4000095
2026-04-27T03:00:00+00:00,15930.1,15931.3,15924.95,15926.5,15930,15930.2,15931.1,15931.5,15924.8,15925.1,15926.2,15926.8,0.6,764.7900168
2026-04-27T03:05:00+00:00,15926.25,15929,15926.1,15927.7,15926.2,15926.3,15928.8,15929.2,15925.9,15926.3,15927.5,15927.9,0.4,434.7000105
2026-04-27T03:10:00+00:00,15927.4,15927.8,15926.3,15926.7,15927.2,15927.6,15927.6,15928,15926.1,15926.5,15926.4,15927,0.6,307.8000059
2026-04-27T03:15:00+00:00,15926.55,15929.9,15926.45,15927.85,15926.4,15926.7,15929.7,15930.1,15926.2,15926.7,15927.6,15928.1,0.5,369.3000071
2026-04-27T03:20:00+00:00,15927.9,15928.15,15926.45,15927.2,15927.7,15928.1,15928,15928.3,15926.2,15926.7,15927,15927.4,0.4,419.7000057
2026-04-27T03:25:00+00:00,15927.25,15929.05,15926.4,15928.8,15926.9,15927.6,15928.9,15929.2,15926.2,15926.6,15928.6,15929,0.4,501.00001
2026-04-27T03:30:00+00:00,15928.9,15929.2,15925.55,15925.8,15928.7,15929.1,15928.9,15929.5,15925.4,15925.7,15925.6,15926,0.4,557.950011
2026-04-27T03:35:00+00:00,15925.85,15927.3,15925.7,15927.3,15925.6,15926.1,15927.1,15927.5,15925.4,15926,15927.1,15927.5,0.4,300.4500058
2026-04-27T03:40:00+00:00,15927.4,15927.55,15920.15,15921.1,15927.2,15927.6,15927.2,15927.9,15920,15920.3,15920.9,15921.3,0.4,643.5700099
2026-04-27T03:45:00+00:00,15921.3,15921.95,15919.25,15921.6,15921.1,15921.5,15921.8,15922.1,15919,15919.5,15921.3,15921.9,0.6,429.3700103
2026-04-27T03:50:00+00:00,15921.5,15922.3,15919.85,15922.2,15921.3,15921.7,15922.1,15922.5,15919.7,15920,15922.1,15922.3,0.2,384.0000092
2026-04-27T03:55:00+00:00,15922.25,15922.9,15921.35,15922.9,15922,15922.5,15922.7,15923.1,15921.2,15921.5,15922.7,15923.1,0.4,373.5000087
2026-04-27T04:00:00+00:00,15922.6,15922.7,15919.8,15921.2,15922.4,15922.8,15922.5,15922.9,15919.7,15919.9,15921,15921.4,0.4,289.9500074
2026-04-27T04:05:00+00:00,15921.1,15921.5,15920.5,15921.25,15920.9,15921.3,15921.3,15921.7,15920.3,15920.7,15921.1,15921.4,0.3,65.70000172
2026-04-27T04:10:00+00:00,15921.4,15923.05,15920.4,15921.3,15921.2,15921.6,15922.8,15923.3,15920.2,15920.6,15921.1,15921.5,0.4,319.5500058
2026-04-27T04:15:00+00:00,15921.25,15921.4,15916.95,15917.3,15921,15921.5,15921.1,15921.7,15916.7,15917.2,15917.1,15917.5,0.4,384.440008
2026-04-27T04:20:00+00:00,15917,15918.3,15915.15,15917.4,15916.9,15917.1,15917.9,15918.7,15914.8,15915.5,15917.2,15917.6,0.4,487.3500091
2026-04-27T04:25:00+00:00,15917.45,15918.9,15916.35,15916.45,15917.1,15917.8,15918.7,15919.1,15916,15916.7,15916.2,15916.7,0.5,264.7500069
2026-04-27T04:30:00+00:00,15916.35,15919.3,15916,15918.8,15916.2,15916.5,15919,15919.6,15915.8,15916.2,15918.6,15919,0.4,408.3000093
2026-04-27T04:35:00+00:00,15918.95,15920.4,15917.15,15917.3,15918.6,15919.3,15920.2,15920.6,15916.8,15917.5,15917,15917.6,0.6,583.9700114
2026-04-27T04:40:00+00:00,15917.5,15920.5,15917.25,15920.25,15917.2,15917.8,15920.1,15920.9,15917,15917.5,15920,15920.5,0.5,447.5100062
2026-04-27T04:45:00+00:00,15920.4,15920.4,15918.6,15920.15,15920,15920.8,15920,15920.8,15918.4,15918.8,15919.9,15920.4,0.5,253.8800049
2026-04-27T04:50:00+00:00,15920.1,15924.4,15919.95,15924.3,15919.8,15920.4,15924.2,15924.6,15919.6,15920.3,15924.1,15924.5,0.4,678.8300117
2026-04-27T04:55:00+00:00,15924,15926,15923.6,15923.7,15923.8,15924.2,15925.8,15926.2,15923.3,15923.9,15923.5,15923.9,0.4,414.6700078
2026-04-27T05:00:00+00:00,15923.9,15925.4,15923.55,15923.9,15923.7,15924.1,15925.2,15925.6,15923.3,15923.8,15923.7,15924.1,0.4,350.9200073
2026-04-27T05:05:00+00:00,15923.8,15924.3,15923.5,15923.9,15923.6,15924,15924,15924.6,15923.3,15923.7,15923.7,15924.1,0.4,207.3000045
2026-04-27T05:10:00+00:00,15924,15928,15924,15926.6,15923.8,15924.2,15927.8,15928.2,15923.8,15924.2,15926.4,15926.8,0.4,263.8500061
2026-04-27T05:15:00+00:00,15926.75,15928.85,15926.55,15928.6,15926.6,15926.9,15928.7,15929,15926.3,15926.8,15928.4,15928.8,0.4,257.1000063
2026-04-27T05:20:00+00:00,15928.5,15929.7,15928.4,15928.9,15928.3,15928.7,15929.5,15929.9,15928.2,15928.6,15928.7,15929.1,0.4,144.6000037
2026-04-27T05:25:00+00:00,15929,15929.2,15926.8,15928,15928.8,15929.2,15928.9,15929.5,15926.6,15927,15927.8,15928.2,0.4,178.3100047
2026-04-27T05:30:00+00:00,15928.1,15933.45,15927.85,15931.8,15927.9,15928.3,15933.3,15933.6,15927.7,15928,15931.6,15932,0.4,548.1300106
2026-04-27T05:35:00+00:00,15932,15933.25,15931.5,15932.75,15931.8,15932.2,15933.1,15933.4,15931.3,15931.7,15932.5,15933,0.5,419.7800077
2026-04-27T05:40:00+00:00,15932.7,15935.45,15932.65,15933.6,15932.5,15932.9,15935.2,15935.7,15932.4,15932.9,15933.3,15933.9,0.6,599.2000098
2026-04-27T05:45:00+00:00,15933.8,15933.85,15931,15932.35,15933.5,15934.1,15933.5,15934.2,15930.8,15931.2,15932.1,15932.6,0.5,405.4500053
2026-04-27T05:50:00+00:00,15932.45,15935.3,15932.2,15935.15,15932.2,15932.7,15935,15935.6,15931.9,15932.5,15934.9,15935.4,0.5,683.4000089
2026-04-27T05:55:00+00:00,15935.35,15942.1,15935.35,15941.45,15935.1,15935.6,15941.8,15942.4,15935.1,15935.6,15941.2,15941.7,0.5,1206.390016
2026-04-27T06:00:00+00:00,15941.55,15945.35,15939.95,15941.7,15941.2,15941.9,15945.1,15945.6,15939.7,15940.2,15941.4,15942,0.6,987.150017
2026-04-27T06:05:00+00:00,15941.75,15948.25,15941.25,15943.75,15941.5,15942,15948.1,15948.4,15941,15941.5,15943.5,15944,0.5,2146.330046
2026-04-27T06:10:00+00:00,15943.8,15945.35,15942.5,15944.1,15943.6,15944,15945.1,15945.6,15942.3,15942.7,15943.9,15944.3,0.4,545.1000131
2026-04-27T06:15:00+00:00,15944.2,15947.25,15944.05,15945.75,15944,15944.4,15946.9,15947.6,15943.8,15944.3,15945.6,15945.9,0.3,479.9700094
2026-04-27T06:20:00+00:00,15946.15,15946.55,15942.6,15943.05,15946,15946.3,15946.4,15946.7,15942.3,15942.9,15942.9,15943.2,0.3,532.8000116
2026-04-27T06:25:00+00:00,15943.1,15943.4,15939.8,15940.3,15942.9,15943.3,15943.2,15943.6,15939.6,15940,15940.1,15940.5,0.4,485.3100111
2026-04-27T06:30:00+00:00,15940.35,15943.4,15937.2,15937.5,15940.2,15940.5,15943.2,15943.6,15936.9,15937.5,15937.3,15937.7,0.4,1107.170021
2026-04-27T06:35:00+00:00,15937.55,15938.8,15935.95,15937.05,15937.4,15937.7,15938.5,15939.1,15935.7,15936.2,15936.7,15937.4,0.7,854.5800133
2026-04-27T06:40:00+00:00,15937.2,15939.9,15935.9,15936,15936.9,15937.5,15939.6,15940.2,15935.6,15936.2,15935.7,15936.3,0.6,521.3000128
2026-04-27T06:45:00+00:00,15935.95,15937,15930.25,15930.75,15935.7,15936.2,15936.7,15937.3,15930,15930.5,15930.5,15931,0.5,687.6600149
2026-04-27T06:50:00+00:00,15930.7,15931.5,15928.85,15931.45,15930.4,15931,15931.2,15931.8,15928.5,15929.2,15931.2,15931.7,0.5,685.5200058
2026-04-27T06:55:00+00:00,15931.5,15931.6,15926.15,15926.55,15931.3,15931.7,15931.3,15931.9,15926,15926.3,15926.4,15926.7,0.3,576.9900084
2026-04-27T07:00:00+00:00,15926.65,15928.85,15924.05,15924.35,15926.5,15926.8,15928.6,15929.1,15923.8,15924.3,15924.1,15924.6,0.5,1460.15002
2026-04-27T07:05:00+00:00,15924.5,15926.4,15923.05,15923.3,15924.2,15924.8,15926.1,15926.7,15922.8,15923.3,15923.1,15923.5,0.4,845.7200097
2026-04-27T07:10:00+00:00,15923.45,15926.75,15922.85,15926.55,15923.2,15923.7,15926.5,15927,15922.6,15923.1,15926.3,15926.8,0.5,1234.680011
2026-04-27T07:15:00+00:00,15926.7,15929.7,15926.4,15928.95,15926.4,15927,15929.5,15929.9,15926.2,15926.6,15928.7,15929.2,0.5,1165.800013
2026-04-27T07:20:00+00:00,15929.05,15930.55,15922.35,15922.35,15928.8,15929.3,15930.2,15930.9,15922.1,15922.6,15922.1,15922.6,0.5,1261.020024
2026-04-27T07:25:00+00:00,15922.45,15926.75,15922.45,15924.05,15922.1,15922.8,15926.5,15927,15922.1,15922.8,15923.8,15924.3,0.5,620.8700104
2026-04-27T07:30:00+00:00,15923.95,15925.7,15918.7,15919.8,15923.7,15924.2,15925.5,15925.9,15918.4,15919,15919.5,15920.1,0.6,948.890011
2026-04-27T07:35:00+00:00,15919.95,15922.4,15919.55,15920.15,15919.7,15920.2,15922.2,15922.6,15919.3,15919.8,15919.9,15920.4,0.5,1074.270016
2026-04-27T07:40:00+00:00,15920.25,15922.9,15919.9,15922.3,15920,15920.5,15922.6,15923.2,15919.8,15920,15922,15922.6,0.6,584.4400084
2026-04-27T07:45:00+00:00,15922.35,15926.45,15920.8,15924.95,15922.1,15922.6,15926.2,15926.7,15920.5,15921.1,15924.7,15925.2,0.5,714.4000077
2026-04-27T07:50:00+00:00,15925.05,15925.55,15922.3,15924.15,15924.8,15925.3,15925.3,15925.8,15922,15922.6,15924,15924.3,0.3,1103.070015
2026-04-27T07:55:00+00:00,15924.05,15924.05,15921.1,15922.75,15923.8,15924.3,15923.8,15924.3,15920.7,15921.5,15922.5,15923,0.5,1242.360016
2026-04-27T08:00:00+00:00,15922.9,15926.9,15920.55,15926.05,15922.6,15923.2,15926.6,15927.2,15920.3,15920.8,15925.7,15926.4,0.7,2048.870025
2026-04-27T08:05:00+00:00,15926,15926.15,15914.25,15915.75,15925.7,15926.3,15925.9,15926.4,15914,15914.5,15915.5,15916,0.5,1926.310024
2026-04-27T08:10:00+00:00,15915.8,15918.85,15915.3,15917.65,15915.5,15916.1,15918.7,15919,15915.1,15915.5,15917.4,15917.9,0.5,1187.590022
2026-04-27T08:15:00+00:00,15917.7,15920.1,15915.7,15919.85,15917.5,15917.9,15919.9,15920.3,15915.4,15916,15919.6,15920.1,0.5,915.9400109
2026-04-27T08:20:00+00:00,15919.8,15921.4,15917.1,15917.2,15919.6,15920,15921.3,15921.5,15916.9,15917.3,15917,15917.4,0.4,868.7400124
2026-04-27T08:25:00+00:00,15917.35,15918.65,15915.9,15917.6,15917,15917.7,15918.4,15918.9,15915.6,15916.2,15917.3,15917.9,0.6,707.8400131
2026-04-27T08:30:00+00:00,15917.5,15918.85,15916.5,15917.4,15917.3,15917.7,15918.5,15919.2,15916.3,15916.7,15917.2,15917.6,0.4,685.9500095
2026-04-27T08:35:00+00:00,15917.4,15919.8,15917.4,15918.85,15917.2,15917.6,15919.6,15920,15917.2,15917.6,15918.6,15919.1,0.5,790.9800109
2026-04-27T08:40:00+00:00,15918.8,15919.75,15915.7,15915.75,15918.6,15919,15919.5,15920,15915.4,15916,15915.5,15916,0.5,923.6400115
2026-04-27T08:45:00+00:00,15915.85,15917.2,15915.3,15916.15,15915.6,15916.1,15917,15917.4,15915.1,15915.5,15915.8,15916.5,0.7,581.340009
2026-04-27T08:50:00+00:00,15916.3,15917.35,15913.7,15913.8,15916.1,15916.5,15917.2,15917.5,15913.4,15914,15913.6,15914,0.4,662.8200121
2026-04-27T08:55:00+00:00,15913.75,15915.1,15911.15,15915.05,15913.5,15914,15914.9,15915.3,15911,15911.3,15914.8,15915.3,0.5,730.5700102
2026-04-27T09:00:00+00:00,15914.6,15915.3,15912.1,15913.75,15914.4,15914.8,15915,15915.6,15911.8,15912.4,15913.5,15914,0.5,919.9200143
2026-04-27T09:05:00+00:00,15913.65,15914.1,15911,15913.2,15913.4,15913.9,15913.9,15914.3,15910.7,15911.3,15912.9,15913.5,0.6,597.1200094
2026-04-27T09:10:00+00:00,15913.1,15913.1,15909.7,15909.9,15912.9,15913.3,15912.9,15913.3,15909.4,15910,15909.5,15910.3,0.8,627.4200075
2026-04-27T09:15:00+00:00,15909.85,15912.35,15909.7,15912.15,15909.6,15910.1,15912.1,15912.6,15909.5,15909.9,15911.9,15912.4,0.5,578.6400084
2026-04-27T09:20:00+00:00,15911.85,15913.8,15911.85,15913.55,15911.6,15912.1,15913.5,15914.1,15911.6,15912.1,15913.3,15913.8,0.5,560.6100079
2026-04-27T09:25:00+00:00,15913.6,15916.25,15913.45,15915.5,15913.4,15913.8,15916,15916.5,15913.2,15913.7,15915.1,15915.9,0.8,798.3000106
2026-04-27T09:30:00+00:00,15915.7,15916,15913.75,15913.85,15915.4,15916,15915.7,15916.3,15913.6,15913.9,15913.6,15914.1,0.5,543.1500093
2026-04-27T09:35:00+00:00,15913.75,15914.8,15913.25,15914.75,15913.5,15914,15914.5,15915.1,15913,15913.5,15914.5,15915,0.5,425.4300051
2026-04-27T09:40:00+00:00,15914.8,15916.4,15914.65,15916.3,15914.6,15915,15916.1,15916.7,15914.4,15914.9,15916,15916.6,0.6,593.7600045
2026-04-27T09:45:00+00:00,15916.35,15921.45,15916.1,15920.7,15916,15916.7,15921.2,15921.7,15915.8,15916.4,15920.5,15920.9,0.4,1245.100016
2026-04-27T09:50:00+00:00,15920.55,15921.75,15920.15,15921.5,15920.3,15920.8,15921.5,15922,15919.9,15920.4,15921.3,15921.7,0.4,991.800007
2026-04-27T09:55:00+00:00,15921.45,15923.3,15921.15,15922.55,15921.2,15921.7,15923.1,15923.5,15920.9,15921.4,15922.3,15922.8,0.5,1226.38002
2026-04-27T10:00:00+00:00,15922.45,15924.65,15920.15,15921.3,15922.2,15922.7,15924.4,15924.9,15919.9,15920.4,15921.1,15921.5,0.4,990.5700159
2026-04-27T10:05:00+00:00,15921.25,15921.8,15919.25,15920.05,15921,15921.5,15921.6,15922,15919,15919.5,15919.8,15920.3,0.5,492.2700088
2026-04-27T10:10:00+00:00,15919.8,15924.75,15919.75,15924.75,15919.6,15920,15924.5,15925,15919.5,15920,15924.5,15925,0.5,624.0700079
2026-04-27T10:15:00+00:00,15924.65,15927.5,15924.55,15925.15,15924.4,15924.9,15927.2,15927.8,15924.3,15924.8,15924.9,15925.4,0.5,627.4500071
2026-04-27T10:20:00+00:00,15925.05,15925.25,15919.5,15921.25,15924.8,15925.3,15925,15925.5,15919.2,15919.8,15921,15921.5,0.5,871.9800094
2026-04-27T10:25:00+00:00,15921.25,15922.35,15920.1,15921.1,15921,15921.5,15922.1,15922.6,15919.8,15920.4,15920.9,15921.3,0.4,327.0600079
2026-04-27T10:30:00+00:00,15921.05,15921.5,15919.45,15920.85,15920.8,15921.3,15921.3,15921.7,15919.1,15919.8,15920.6,15921.1,0.5,315.1200037
2026-04-27T10:35:00+00:00,15920.95,15921.25,15917.75,15919.85,15920.6,15921.3,15921,15921.5,15917.5,15918,15919.6,15920.1,0.5,585.7500068
2026-04-27T10:40:00+00:00,15919.95,15919.95,15914.8,15914.9,15919.7,15920.2,15919.7,15920.2,15914.5,15915.1,15914.6,15915.2,0.6,550.860005
2026-04-27T10:45:00+00:00,15915.15,15916.35,15913.25,15914.8,15915.1,15915.2,15916.1,15916.6,15913.1,15913.4,15914.4,15915.2,0.8,487.1400095
2026-04-27T10:50:00+00:00,15914.7,15916.45,15914,15915,15914.4,15915,15916.2,15916.7,15913.8,15914.2,15914.8,15915.2,0.4,394.1400067
2026-04-27T10:55:00+00:00,15915.05,15916,15913.75,15915.15,15914.7,15915.4,15915.7,15916.3,15913.5,15914,15914.9,15915.4,0.5,724.98001
2026-04-27T11:00:00+00:00,15915.2,15915.7,15913.8,15913.8,15915,15915.4,15915.5,15915.9,15913.7,15913.9,15913.7,15913.9,0.2,893.2200094
2026-04-27T11:05:00+00:00,15913.7,15913.7,15910.55,15911.2,15913.5,15913.9,15913.5,15913.9,15910.3,15910.8,15911,15911.4,0.4,276.4800056
2026-04-27T11:10:00+00:00,15911.25,15917.35,15911.25,15916.9,15911,15911.5,15917.1,15917.6,15911,15911.5,15916.7,15917.1,0.4,444.9900082
2026-04-27T11:15:00+00:00,15916.9,15921,15915.85,15916.05,15916.7,15917.1,15920.7,15921.3,15915.7,15916,15915.8,15916.3,0.5,465.3600072
2026-04-27T11:20:00+00:00,15916,15916.5,15913.65,15914.85,15915.8,15916.2,15916.4,15916.6,15913.3,15914,15914.6,15915.1,0.5,742.2900102
2026-04-27T11:25:00+00:00,15914.95,15916.1,15912.7,15913.65,15914.7,15915.2,15915.9,15916.3,15912.4,15913,15913.4,15913.9,0.5,614.3100083
2026-04-27T11:30:00+00:00,15913.55,15915.3,15912.35,15914.65,15913.3,15913.8,15915.1,15915.5,15912.1,15912.6,15914.5,15914.8,0.3,475.1100121
2026-04-27T11:35:00+00:00,15914.6,15918.6,15914.5,15917.2,15914.5,15914.7,15918.4,15918.8,15914.3,15914.7,15917,15917.4,0.4,405.3600106
2026-04-27T11:40:00+00:00,15917.05,15918.65,15915.4,15916.9,15916.9,15917.2,15918.4,15918.9,15915.1,15915.7,15916.7,15917.1,0.4,447.0000097
2026-04-27T11:45:00+00:00,15917,15917.3,15914.3,15916.7,15916.8,15917.2,15917.2,15917.4,15914,15914.6,15916.5,15916.9,0.4,493.8900101
2026-04-27T11:50:00+00:00,15916.75,15920.35,15916.55,15920.35,15916.6,15916.9,15920.1,15920.6,15916.3,15916.8,15920.1,15920.6,0.5,537.600008
2026-04-27T11:55:00+00:00,15920.5,15921.35,15918.55,15919.55,15920.3,15920.7,15921.1,15921.6,15918.4,15918.7,15919.3,15919.8,0.5,951.9000158
2026-04-27T12:00:00+00:00,15919.7,15920.2,15917.25,15919.8,15919.5,15919.9,15920,15920.4,15917,15917.5,15919.6,15920,0.4,1082.410014
2026-04-27T12:05:00+00:00,15919.85,15922.7,15918.1,15919.85,15919.6,15920.1,15922.4,15923,15917.9,15918.3,15919.7,15920,0.3,736.2000138
2026-04-27T12:10:00+00:00,15919.8,15920,15917.05,15917.4,15919.6,15920,15919.7,15920.3,15916.9,15917.2,15917.2,15917.6,0.4,942.5100133
2026-04-27T12:15:00+00:00,15917.35,15917.6,15910.7,15911.25,15917.2,15917.5,15917.3,15917.9,15910.4,15911,15911,15911.5,0.5,1204.470013
2026-04-27T12:20:00+00:00,15911.2,15916.15,15911,15913.2,15911,15911.4,15915.8,15916.5,15910.8,15911.2,15913,15913.4,0.4,1527.640017
2026-04-27T12:25:00+00:00,15913.25,15915.85,15910.75,15912.25,15913.1,15913.4,15915.6,15916.1,15910.5,15911,15912,15912.5,0.5,1522.910019
2026-04-27T12:30:00+00:00,15912.3,15914.75,15911.1,15912.95,15912.1,15912.5,15914.5,15915,15910.9,15911.3,15912.6,15913.3,0.7,1381.120016
2026-04-27T12:35:00+00:00,15912.9,15916.3,15911.2,15915.75,15912.6,15913.2,15916.1,15916.5,15910.9,15911.5,15915.6,15915.9,0.3,1050.460014
2026-04-27T12:40:00+00:00,15915.8,15918.9,15914.55,15915.95,15915.7,15915.9,15918.7,15919.1,15914.3,15914.8,15915.6,15916.3,0.7,1696.970013
2026-04-27T12:45:00+00:00,15916,15917.7,15913.2,15913.4,15915.8,15916.2,15917.4,15918,15913,15913.4,15913.2,15913.6,0.4,1106.980015
2026-04-27T12:50:00+00:00,15913.35,15916.1,15912.4,15914.05,15913.2,15913.5,15915.9,15916.3,15912.2,15912.6,15913.9,15914.2,0.3,951.9300147
2026-04-27T12:55:00+00:00,15914.1,15923.25,15913.65,15923,15913.9,15914.3,15923,15923.5,15913.5,15913.8,15922.7,15923.3,0.6,2423.500017
2026-04-27T13:00:00+00:00,15922.9,15924.95,15919.45,15919.45,15922.7,15923.1,15924.7,15925.2,15919.2,15919.7,15919.2,15919.7,0.5,2375.760031
2026-04-27T13:05:00+00:00,15919.55,15922.3,15916.8,15918.6,15919.3,15919.8,15922.1,15922.5,15916.5,15917.1,15918.4,15918.8,0.4,2052.900031
2026-04-27T13:10:00+00:00,15918.55,15922.6,15917.15,15921,15918.3,15918.8,15922.5,15922.7,15916.9,15917.4,15920.8,15921.2,0.4,4029.79004
2026-04-27T13:15:00+00:00,15920.95,15921.25,15915.45,15916.7,15920.8,15921.1,15921,15921.5,15915.2,15915.7,15916.5,15916.9,0.4,1938.040005
2026-04-27T13:20:00+00:00,15916.75,15918.6,15914.55,15916.15,15916.5,15917,15918.4,15918.8,15914.3,15914.8,15915.9,15916.4,0.5,1976.710008
2026-04-27T13:25:00+00:00,15916.2,15917.9,15914.95,15916.85,15916,15916.4,15917.7,15918.1,15914.7,15915.2,15916.6,15917.1,0.5,1947.970017
2026-04-27T13:30:00+00:00,15916.8,15921.05,15916.75,15919.75,15916.6,15917,15920.8,15921.3,15916.5,15917,15919.5,15920,0.5,1795.960023
2026-04-27T13:35:00+00:00,15919.7,15922.45,15918.85,15920.3,15919.5,15919.9,15922.2,15922.7,15918.7,15919,15920.1,15920.5,0.4,1334.960016
2026-04-27T13:40:00+00:00,15920.35,15924,15919.85,15923.55,15920.1,15920.6,15923.8,15924.2,15919.6,15920.1,15923.3,15923.8,0.5,1324.300015
2026-04-27T13:45:00+00:00,15923.45,15925.3,15921.15,15924.95,15923.2,15923.7,15925.1,15925.5,15920.9,15921.4,15924.7,15925.2,0.5,1765.600018
2026-04-27T13:50:00+00:00,15924.85,15926.95,15922.8,15925.85,15924.7,15925,15926.7,15927.2,15922.5,15923.1,15925.6,15926.1,0.5,1140.18002
2026-04-27T13:55:00+00:00,15925.9,15928.8,15924.8,15926.15,15925.7,15926.1,15928.7,15928.9,15924.6,15925,15925.9,15926.4,0.5,1273.070021
2026-04-27T14:00:00+00:00,15926.2,15929.1,15925.8,15926.9,15926,15926.4,15929,15929.2,15925.6,15926,15926.7,15927.1,0.4,1542.860023
2026-04-27T14:05:00+00:00,15927,15927.3,15924.05,15926.15,15926.8,15927.2,15927.1,15927.5,15923.8,15924.3,15925.9,15926.4,0.5,1124.37002
2026-04-27T14:10:00+00:00,15926.15,15927,15922.45,15926.1,15925.9,15926.4,15926.8,15927.2,15922.2,15922.7,15925.9,15926.3,0.4,1026.270015
2026-04-27T14:15:00+00:00,15926,15926,15924,15924.9,15925.8,15926.2,15925.8,15926.2,15923.8,15924.2,15924.7,15925.1,0.4,748.2300134
2026-04-27T14:20:00+00:00,15924.95,15926.1,15921.85,15923.8,15924.7,15925.2,15925.9,15926.3,15921.7,15922,15923.6,15924,0.4,1278.210018
2026-04-27T14:25:00+00:00,15924,15926.2,15923.35,15923.5,15923.8,15924.2,15926,15926.4,15923.1,15923.6,15923.3,15923.7,0.4,807.0000116
2026-04-27T14:30:00+00:00,15923.4,15925.25,15919.3,15919.4,15923.1,15923.7,15925.1,15925.4,15919.1,15919.5,15919.2,15919.6,0.4,1786.880019
2026-04-27T14:35:00+00:00,15919.3,15919.45,15912.55,15914.15,15919.1,15919.5,15919.2,15919.7,15912.3,15912.8,15913.9,15914.4,0.5,2064.70003
2026-04-27T14:40:00+00:00,15914.2,15917.35,15912.35,15913.8,15913.9,15914.5,15917.1,15917.6,15912.2,15912.5,15913.7,15913.9,0.2,1451.070023
2026-04-27T14:45:00+00:00,15913.75,15914.35,15911.15,15911.2,15913.6,15913.9,15914.1,15914.6,15910.9,15911.4,15911,15911.4,0.4,1205.970012
2026-04-27T14:50:00+00:00,15911.2,15918.6,15910.85,15916.25,15910.9,15911.5,15918.4,15918.8,15910.6,15911.1,15916,15916.5,0.5,1309.200021
2026-04-27T14:55:00+00:00,15916.2,15923.05,15916.2,15922,15915.9,15916.5,15922.8,15923.3,15915.9,15916.5,15921.8,15922.2,0.4,2364.140034
2026-04-27T15:00:00+00:00,15921.9,15927.25,15921.85,15926.15,15921.7,15922.1,15927.1,15927.4,15921.7,15922,15925.9,15926.4,0.5,1702.610019
2026-04-27T15:05:00+00:00,15925.85,15927.2,15923.7,15924.25,15925.6,15926.1,15927,15927.4,15923.5,15923.9,15923.9,15924.6,0.7,894.6900175
2026-04-27T15:10:00+00:00,15924.5,15925.3,15921.6,15925.1,15924.3,15924.7,15925.1,15925.5,15921.4,15921.8,15924.9,15925.3,0.4,769.9400132
2026-04-27T15:15:00+00:00,15925,15925,15921.45,15922.3,15924.8,15925.2,15924.8,15925.2,15921.2,15921.7,15921.9,15922.7,0.8,1018.440024
2026-04-27T15:20:00+00:00,15922.35,15930.6,15921.5,15928.25,15922.1,15922.6,15930.3,15930.9,15921.2,15921.8,15928,15928.5,0.5,2453.480037
2026-04-27T15:25:00+00:00,15928.2,15929.5,15925.75,15926,15928,15928.4,15929.3,15929.7,15925.6,15925.9,15925.9,15926.1,0.2,651.3900126
2026-04-27T15:30:00+00:00,15925.95,15929.05,15923.65,15927.3,15925.9,15926,15928.9,15929.2,15923.4,15923.9,15927.1,15927.5,0.4,767.9400141
2026-04-27T15:35:00+00:00,15926.8,15929.5,15926.05,15929.05,15926.6,15927,15929.3,15929.7,15925.9,15926.2,15928.9,15929.2,0.3,753.7500144
2026-04-27T15:40:00+00:00,15929.1,15929.25,15925.2,15926.75,15929,15929.2,15929,15929.5,15925,15925.4,15926.6,15926.9,0.3,652.7100129
2026-04-27T15:45:00+00:00,15927,15930.5,15926.35,15930.3,15926.8,15927.2,15930.3,15930.7,15926.2,15926.5,15930,15930.6,0.6,738.6900136
2026-04-27T15:50:00+00:00,15930.35,15931.35,15929.3,15929.7,15930.2,15930.5,15931.1,15931.6,15929.2,15929.4,15929.5,15929.9,0.4,634.7400097
2026-04-27T15:55:00+00:00,15929.6,15930.8,15927.8,15929.6,15929.4,15929.8,15930.6,15931,15927.7,15927.9,15929.4,15929.8,0.4,899.8200158
2026-04-27T16:00:00+00:00,15929.4,15931,15927.9,15929.35,15929.2,15929.6,15930.8,15931.2,15927.7,15928.1,15929.2,15929.5,0.3,769.750012
2026-04-27T16:05:00+00:00,15929.4,15931.1,15928.6,15930.55,15929.2,15929.6,15930.9,15931.3,15928.4,15928.8,15930.5,15930.6,0.1,746.3100101
2026-04-27T16:10:00+00:00,15930.45,15934.15,15930.35,15931.55,15930.2,15930.7,15934,15934.3,15930.2,15930.5,15931.4,15931.7,0.3,991.1400108
2026-04-27T16:15:00+00:00,15931.6,15932.7,15929.35,15931.4,15931.4,15931.8,15932.5,15932.9,15929.2,15929.5,15931.2,15931.6,0.4,700.2900115
2026-04-27T16:20:00+00:00,15931.55,15934.45,15931.25,15933.75,15931.3,15931.8,15934.2,15934.7,15931.1,15931.4,15933.5,15934,0.5,683.7400109
2026-04-27T16:25:00+00:00,15933.8,15934.5,15931,15933.2,15933.6,15934,15934.2,15934.8,15930.8,15931.2,15933,15933.4,0.4,541.4200121
2026-04-27T16:30:00+00:00,15933.3,15935.3,15932.2,15933.8,15933.1,15933.5,15935.1,15935.5,15932,15932.4,15933.6,15934,0.4,680.0700099
2026-04-27T16:35:00+00:00,15934.1,15937,15933.15,15936.15,15933.9,15934.3,15936.8,15937.2,15933,15933.3,15935.9,15936.4,0.5,1173.300015
2026-04-27T16:40:00+00:00,15936.1,15938.15,15935.7,15937.95,15935.8,15936.4,15938,15938.3,15935.5,15935.9,15937.6,15938.3,0.7,685.2000091
2026-04-27T16:45:00+00:00,15938.05,15938.1,15935.05,15937.3,15937.8,15938.3,15937.9,15938.3,15934.9,15935.2,15937.1,15937.5,0.4,387.1500067
2026-04-27T16:50:00+00:00,15937.4,15938.65,15935.85,15938.5,15937.2,15937.6,15938.5,15938.8,15935.6,15936.1,15938.3,15938.7,0.4,614.5200098
2026-04-27T16:55:00+00:00,15938.6,15938.75,15936.4,15938.7,15938.4,15938.8,15938.5,15939,15936.2,15936.6,15938.5,15938.9,0.4,736.7400129
2026-04-27T17:00:00+00:00,15938.75,15942.25,15938.3,15941.6,15938.4,15939.1,15942,15942.5,15938,15938.6,15941.4,15941.8,0.4,1024.620015
2026-04-27T17:05:00+00:00,15941.35,15943,15940.15,15942.7,15941.2,15941.5,15942.8,15943.2,15939.9,15940.4,15942.5,15942.9,0.4,527.3700091
2026-04-27T17:10:00+00:00,15942.8,15943.7,15940.6,15940.6,15942.6,15943,15943.4,15944,15940.3,15940.9,15940.3,15940.9,0.6,366.6000049
2026-04-27T17:15:00+00:00,15940.55,15945.3,15940.5,15945.15,15940.3,15940.8,15945.1,15945.5,15940.2,15940.8,15945,15945.3,0.3,629.220013
2026-04-27T17:20:00+00:00,15945.25,15946.35,15939.3,15943.6,15945.1,15945.4,15946.2,15946.5,15939,15939.6,15943.3,15943.9,0.6,1166.69002
2026-04-27T17:25:00+00:00,15943.35,15943.65,15941.5,15942.9,15943.3,15943.4,15943.4,15943.9,15941.3,15941.7,15942.6,15943.2,0.6,1004.700019
2026-04-27T17:30:00+00:00,15943,15943,15935.8,15936.1,15942.7,15943.3,15942.7,15943.3,15935.7,15935.9,15935.8,15936.4,0.6,1020.950014
2026-04-27T17:35:00+00:00,15936.2,15937.25,15934.75,15937.2,15935.9,15936.5,15937,15937.5,15934.5,15935,15936.9,15937.5,0.6,582.9300094
2026-04-27T17:40:00+00:00,15937.3,15937.9,15936,15936.25,15937,15937.6,15937.6,15938.2,15935.7,15936.3,15936,15936.5,0.5,382.1100051
2026-04-27T17:45:00+00:00,15936.3,15938.7,15936.1,15937.75,15936,15936.6,15938.4,15939,15935.9,15936.3,15937.5,15938,0.5,395.7000068
2026-04-27T17:50:00+00:00,15937.95,15939.3,15937.7,15938.7,15937.8,15938.1,15939,15939.6,15937.6,15937.8,15938.4,15939,0.6,497.6400101
2026-04-27T17:55:00+00:00,15938.75,15938.85,15937.4,15938.8,15938.5,15939,15938.5,15939.2,15937.2,15937.6,15938.5,15939.1,0.6,621.7800082
2026-04-27T18:00:00+00:00,15938.85,15941.7,15938.85,15941.7,15938.6,15939.1,15941.4,15942,15938.6,15939.1,15941.4,15942,0.6,847.0800126
2026-04-27T18:05:00+00:00,15942.05,15942.9,15940.4,15940.8,15941.9,15942.2,15942.6,15943.2,15940.1,15940.7,15940.5,15941.1,0.6,922.7700126
2026-04-27T18:10:00+00:00,15940.75,15941.3,15939.5,15941.2,15940.5,15941,15941,15941.6,15939.3,15939.7,15941,15941.4,0.4,972.0000141
2026-04-27T18:15:00+00:00,15941.3,15942,15939.25,15941.15,15941,15941.6,15941.7,15942.3,15939,15939.5,15941,15941.3,0.3,1048.200009
2026-04-27T18:20:00+00:00,15941.05,15941.9,15939.9,15941.2,15940.8,15941.3,15941.7,15942.1,15939.7,15940.1,15941,15941.4,0.4,473.4900082
2026-04-27T18:25:00+00:00,15941.25,15941.45,15939.4,15940.6,15941,15941.5,15941.2,15941.7,15939.2,15939.6,15940.4,15940.8,0.4,749.2200125
2026-04-27T18:30:00+00:00,15940.75,15941.45,15939.65,15941.4,15940.6,15940.9,15941.2,15941.7,15939.3,15940,15941.2,15941.6,0.4,684.5700133
2026-04-27T18:35:00+00:00,15941.3,15941.8,15939.65,15940.05,15941.1,15941.5,15941.7,15941.9,15939.4,15939.9,15939.9,15940.2,0.3,398.640009
2026-04-27T18:40:00+00:00,15940.15,15940.9,15938.85,15940.8,15940,15940.3,15940.6,15941.2,15938.5,15939.2,15940.6,15941,0.4,669.1500099
2026-04-27T18:45:00+00:00,15940.9,15941.7,15939.4,15939.75,15940.7,15941.1,15941.5,15941.9,15939.2,15939.6,15939.5,15940,0.5,207.4500046
2026-04-27T18:50:00+00:00,15939.85,15942.75,15939.55,15942.2,15939.7,15940,15942.5,15943,15939.3,15939.8,15942,15942.4,0.4,424.6500065
2026-04-27T18:55:00+00:00,15942.2,15945.5,15942.2,15944.7,15942,15942.4,15945.4,15945.6,15942,15942.4,15944.5,15944.9,0.4,958.100019
2026-04-27T19:00:00+00:00,15944.65,15944.95,15942.75,15943.7,15944.5,15944.8,15944.8,15945.1,15942.7,15942.8,15943.4,15944,0.6,382.0200074
2026-04-27T19:05:00+00:00,15943.6,15944,15942.7,15943.6,15943.4,15943.8,15943.9,15944.1,15942.6,15942.8,15943.4,15943.8,0.4,188.4000034
2026-04-27T19:10:00+00:00,15943.7,15943.8,15941.4,15942,15943.5,15943.9,15943.6,15944,15941.3,15941.5,15941.8,15942.2,0.4,182.1000032
2026-04-27T19:15:00+00:00,15942.1,15942.3,15940.7,15940.8,15941.9,15942.3,15942.2,15942.4,15940.5,15940.9,15940.6,15941,0.4,222.4500039
2026-04-27T19:20:00+00:00,15940.7,15940.7,15938.3,15938.7,15940.6,15940.8,15940.6,15940.8,15938.1,15938.5,15938.6,15938.8,0.2,212.4700038
2026-04-27T19:25:00+00:00,15938.75,15938.75,15937.05,15938.3,15938.6,15938.9,15938.6,15938.9,15936.8,15937.3,15938.1,15938.5,0.4,410.2500088
2026-04-27T19:30:00+00:00,15938.35,15940,15937.5,15937.6,15938.1,15938.6,15939.8,15940.2,15937.2,15937.8,15937.2,15938,0.8,516.3000082
2026-04-27T19:35:00+00:00,15937.65,15940.15,15937.65,15939.5,15937.4,15937.9,15939.9,15940.4,15937.4,15937.9,15939.2,15939.8,0.6,398.1000072
2026-04-27T19:40:00+00:00,15939.55,15941.35,15939.3,15940.35,15939.3,15939.8,15941.1,15941.6,15939.1,15939.5,15940.2,15940.5,0.3,373.8300067
2026-04-27T19:45:00+00:00,15940.4,15942.8,15937.8,15941.45,15940.3,15940.5,15942.6,15943,15937.6,15938,15941.3,15941.6,0.3,821.6500124
2026-04-27T19:50:00+00:00,15941.3,15942.2,15939.55,15941,15941.1,15941.5,15941.9,15942.5,15939.2,15939.9,15940.7,15941.3,0.6,282.8600042
2026-04-27T19:55:00+00:00,15941.15,15943.55,15940.85,15942.45,15940.9,15941.4,15943.3,15943.8,15940.5,15941.2,15942.2,15942.7,0.5,467.280009
2026-04-27T20:00:00+00:00,15942.35,15942.35,15940.55,15941.1,15942.1,15942.6,15942.1,15942.6,15940.3,15940.8,15940.8,15941.4,0.6,413.1000063
2026-04-27T20:05:00+00:00,15940.95,15942.5,15939.7,15941.9,15940.7,15941.2,15942.3,15942.7,15939.4,15940,15941.7,15942.1,0.4,220.5000045
2026-04-27T20:10:00+00:00,15941.6,15942,15941.2,15941.2,15941.4,15941.8,15941.7,15942.3,15940.9,15941.5,15940.9,15941.5,0.6,54.90000105
2026-04-27T20:15:00+00:00,15941.15,15941.3,15940.75,15940.85,15940.9,15941.4,15941.1,15941.5,15940.4,15941.1,15940.6,15941.1,0.5,160.2000034
2026-04-27T20:20:00+00:00,15940.9,15940.9,15939.65,15939.9,15940.6,15941.2,15940.6,15941.2,15939.4,15939.9,15939.6,15940.2,0.6,130.3500023
2026-04-27T20:25:00+00:00,15940,15941.45,15939.75,15941.45,15939.7,15940.3,15941.1,15941.8,15939.5,15940,15941.1,15941.8,0.7,136.5000032
2026-04-27T20:30:00+00:00,15941.5,15942.5,15940,15941.95,15941.1,15941.9,15942.1,15942.9,15939.6,15940.4,15941.6,15942.3,0.7,337.0500057
2026-04-27T20:35:00+00:00,15941.85,15942.75,15941.55,15941.6,15941.5,15942.2,15942.4,15943.1,15941.2,15941.9,15941.3,15941.9,0.6,120.7500019
2026-04-27T20:40:00+00:00,15941.85,15942.35,15941.25,15941.35,15941.6,15942.1,15942.1,15942.6,15940.9,15941.6,15940.9,15941.8,0.9,94.73000216
2026-04-27T20:45:00+00:00,15941.45,15941.5,15940.2,15940.5,15941,15941.9,15941.1,15941.9,15939.9,15940.5,15940.1,15940.9,0.8,158.6900043
2026-04-27T20:50:00+00:00,15940.4,15942.3,15938.85,15942.1,15940,15940.8,15941.9,15942.7,15938.5,15939.2,15941.7,15942.5,0.8,280.8000062
2026-04-27T20:55:00+00:00,15941.9,15942.75,15941.5,15942.1,15941.4,15942.4,15941.8,15943.7,15940.7,15942.3,15940.7,15943.5,2.8,395.7300007
2026-04-27T21:00:00+00:00,15942.15,15945.3,15939.35,15942.1,15940.7,15943.6,15940.7,15949.9,15935.1,15943.6,15935.1,15949.1,14,8.819999993
2026-04-27T21:05:00+00:00,15943.15,15943.35,15941.5,15942.4,15935.6,15950.7,15935.6,15951.1,15935.2,15947.8,15935.2,15949.6,14.4,20.59000027
2026-04-27T21:10:00+00:00,15942.5,15942.5,15941.25,15941.95,15935.1,15949.9,15935.1,15949.9,15934.6,15947.9,15934.8,15949.1,14.3,31.92000031
2026-04-27T21:15:00+00:00,15939.1,15942.1,15936.7,15942,15934.6,15943.6,15939.5,15944.7,15933.3,15940.1,15939.5,15944.5,5,58.31999898
2026-04-27T21:20:00+00:00,15942.3,15943.55,15939.15,15941.3,15939.5,15945.1,15939.5,15947.6,15934.8,15943.5,15938,15944.6,6.6,69.89999855
2026-04-27T21:25:00+00:00,15941.4,15944.55,15939.85,15941.2,15935.2,15947.6,15940,15949.1,15935.2,15944.5,15937.9,15944.5,6.6,32.39999962
2026-04-27T21:30:00+00:00,15941.25,15942.7,15940.5,15941.65,15937.9,15944.6,15939.7,15945.7,15937,15944,15939.3,15944,4.7,28.19999957
2026-04-27T21:35:00+00:00,15941.6,15942.3,15939.25,15940.2,15939.2,15944,15939.2,15945.4,15935.6,15942.9,15937.5,15942.9,5.4,61.19999886
2026-04-27T21:40:00+00:00,15940.05,15942,15939.4,15941.5,15937.2,15942.9,15939,15945,15935.9,15942.9,15939,15944,5,47.3999989
2026-04-27T21:45:00+00:00,15941.45,15943.1,15940,15940.95,15938.9,15944,15939,15947.2,15936.7,15943.3,15938.5,15943.4,4.9,65.09999859
2026-04-27T21:50:00+00:00,15940.6,15943.55,15940.4,15942.05,15937.9,15943.3,15940.6,15946.5,15937.7,15943.1,15940.2,15943.9,3.7,129.899999
2026-04-27T21:55:00+00:00,15942.1,15944,15940.4,15941.85,15940.2,15944,15941,15947,15936.9,15943.9,15939.4,15944.3,4.9,59.54999912
2026-04-27T22:00:00+00:00,15941.65,15946.25,15939.05,15945.75,15939.4,15943.9,15946,15946.5,15937.3,15940.8,15945.3,15946.2,0.9,288.5999978
2026-04-27T22:05:00+00:00,15945.55,15945.55,15940.3,15940.65,15945.2,15945.9,15945.2,15945.9,15939.9,15940.7,15940.2,15941.1,0.9,262.5600054
2026-04-27T22:10:00+00:00,15940.4,15943.4,15940.3,15942.05,15940,15940.8,15943,15943.8,15939.9,15940.7,15941.6,15942.5,0.9,205.5000052
2026-04-27T22:15:00+00:00,15942,15942.4,15939.15,15942.15,15941.6,15942.4,15941.8,15943,15938.7,15939.6,15941.7,15942.6,0.9,256.3900056
2026-04-27T22:20:00+00:00,15942.05,15943.45,15941.65,15941.7,15941.6,15942.5,15943,15943.9,15941.2,15942.1,15941.3,15942.1,0.8,235.5000052
2026-04-27T22:25:00+00:00,15941.85,15942.85,15940.4,15942,15941.4,15942.3,15942.4,15943.3,15940,15940.8,15941.6,15942.4,0.8,185.2500043
2026-04-27T22:30:00+00:00,15941.9,15942.1,15939.55,15940.9,15941.5,15942.3,15941.7,15942.5,15939.2,15939.9,15940.5,15941.3,0.8,231.4500055
2026-04-27T22:35:00+00:00,15940.85,15940.95,15940.6,15940.8,15940.4,15941.3,15940.4,15941.5,15940.2,15941,15940.4,15941.2,0.8,32.40000057
2026-04-27T22:40:00+00:00,15940.9,15942.55,15940.85,15942,15940.4,15941.4,15942.2,15942.9,15940.4,15941.3,15941.6,15942.4,0.8,63.75000179
2026-04-27T22:45:00+00:00,15941.9,15942.05,15941.7,15941.8,15941.5,15942.3,15941.6,15942.5,15941.4,15942,15941.5,15942.1,0.6,41.10000134
2026-04-27T22:50:00+00:00,15941.75,15941.75,15940.6,15940.65,15941.3,15942.2,15941.3,15942.2,15940.2,15941,15940.2,15941.1,0.9,240.9000028
2026-04-27T22:55:00+00:00,15940.75,15941.1,15940.6,15940.9,15940.3,15941.2,15940.5,15941.7,15940.1,15941.1,15940.3,15941.5,1.2,57.00000143
2026-04-27T23:00:00+00:00,15940.85,15942.3,15939.3,15939.85,15940.3,15941.4,15941.9,15942.7,15938.9,15939.7,15939.5,15940.2,0.7,180.9500034
2026-04-27T23:05:00+00:00,15939.65,15939.8,15937.95,15938.3,15939.4,15939.9,15939.4,15940.2,15937.7,15938.2,15937.9,15938.7,0.8,159.0000042
2026-04-27T23:10:00+00:00,15938.35,15939.6,15938.3,15939.4,15938,15938.7,15939.3,15939.9,15938,15938.6,15939.2,15939.6,0.4,121.5800024
2026-04-27T23:15:00+00:00,15939.45,15944.65,15939.2,15944.65,15939.3,15939.6,15944.4,15944.9,15939,15939.4,15944.4,15944.9,0.5,562.0900086
2026-04-27T23:20:00+00:00,15944.6,15945,15942.15,15943.85,15944.3,15944.9,15944.8,15945.2,15941.9,15942.4,15943.6,15944.1,0.5,468.5400071
2026-04-27T23:25:00+00:00,15943.8,15945.3,15943.05,15943.05,15943.4,15944.2,15945,15945.6,15942.5,15943.6,15942.5,15943.6,1.1,283.9500053
2026-04-27T23:30:00+00:00,15942.95,15944.85,15942.7,15943.4,15942.3,15943.6,15944.4,15945.3,15942.3,15943.1,15943.1,15943.7,0.6,182.7000046
2026-04-27T23:35:00+00:00,15943.45,15943.45,15941,15941.15,15943.2,15943.7,15943.2,15943.7,15940.6,15941.4,15940.9,15941.4,0.5,99.15000272
2026-04-27T23:40:00+00:00,15941.2,15942.45,15940.9,15942.15,15940.8,15941.6,15942.1,15942.8,15940.6,15941.2,15941.8,15942.5,0.7,73.35000145
2026-04-27T23:45:00+00:00,15942.25,15942.25,15940.75,15941.05,15941.9,15942.6,15941.9,15942.6,15940.4,15941.1,15940.7,15941.4,0.7,93.45000231
2026-04-27T23:50:00+00:00,15941,15941,15935.5,15936.95,15940.7,15941.3,15940.7,15941.3,15935.2,15935.8,15936.6,15937.3,0.7,264.7500048
2026-04-27T23:55:00+00:00,15936.9,15938.6,15936.75,15936.8,15936.6,15937.2,15938.3,15938.9,15936.4,15937.1,15936.5,15937.1,0.6,226.6500053
2026-04-28T00:00:00+00:00,15936.9,15936.95,15931.65,15933.2,15936.5,15937.3,15936.6,15937.3,15931.3,15932,15932.9,15933.5,0.6,728.4000101
2026-04-28T00:05:00+00:00,15933.25,15933.8,15931.15,15933.75,15933,15933.5,15933.5,15934.1,15930.8,15931.5,15933.5,15934,0.5,957.3000126
2026-04-28T00:10:00+00:00,15933.7,15935.95,15932.2,15935.75,15933.5,15933.9,15935.6,15936.3,15931.9,15932.5,15935.4,15936.1,0.7,663.5300106
2026-04-28T00:15:00+00:00,15935.8,15935.85,15934.25,15935.6,15935.4,15936.2,15935.5,15936.2,15934,15934.5,15935.3,15935.9,0.6,490.3900063
2026-04-28T00:20:00+00:00,15935.7,15938.25,15932.95,15934.75,15935.4,15936,15937.9,15938.6,15932.6,15933.3,15934.4,15935.1,0.7,608.3200091
2026-04-28T00:25:00+00:00,15934.7,15939.65,15933.3,15937.05,15934.4,15935,15939.3,15940,15933,15933.6,15936.7,15937.4,0.7,841.8000154
2026-04-28T00:30:00+00:00,15936.75,15940.65,15936.75,15938.85,15936.4,15937.1,15940.4,15940.9,15936.4,15937.1,15938.6,15939.1,0.5,387.9800042
2026-04-28T00:35:00+00:00,15939.25,15940.4,15938.65,15939.75,15939,15939.5,15940.1,15940.7,15938.4,15938.9,15939.5,15940,0.5,110.1000026
2026-04-28T00:40:00+00:00,15940.05,15941,15936.9,15939.75,15939.9,15940.2,15940.8,15941.2,15936.6,15937.2,15939.5,15940,0.5,350.1400064
2026-04-28T00:45:00+00:00,15939.95,15940.8,15938.1,15938.5,15939.7,15940.2,15940.7,15940.9,15937.8,15938.4,15938.1,15938.9,0.8,453.6000074
2026-04-28T00:50:00+00:00,15938.15,15948.75,15937.7,15947.85,15937.8,15938.5,15948.5,15949,15937.3,15938.1,15947.6,15948.1,0.5,1660.710029
2026-04-28T00:55:00+00:00,15947.7,15947.9,15944.75,15946.9,15947.4,15948,15947.8,15948,15944.4,15945.1,15946.5,15947.3,0.8,864.8000177
2026-04-28T01:00:00+00:00,15947,15954.85,15946.95,15949.8,15946.6,15947.4,15954.7,15955,15946.6,15947.3,15949.6,15950,0.4,1507.190024
2026-04-28T01:05:00+00:00,15949.6,15950.8,15947.05,15948.3,15949.4,15949.8,15950.5,15951.1,15946.7,15947.4,15948.1,15948.5,0.4,751.2000128
2026-04-28T01:10:00+00:00,15948.4,15950.4,15947,15949.75,15948.2,15948.6,15950.2,15950.6,15946.8,15947.2,15949.5,15950,0.5,560.2500079
2026-04-28T01:15:00+00:00,15949.8,15952.9,15949.45,15950.2,15949.5,15950.1,15952.6,15953.2,15949.1,15949.8,15949.7,15950.7,1,868.0500135
2026-04-28T01:20:00+00:00,15950.4,15953.4,15948,15952,15949.9,15950.9,15953.2,15953.6,15947.6,15948.4,15951.7,15952.3,0.6,880.3800119
2026-04-28T01:25:00+00:00,15951.85,15951.85,15947.25,15948.2,15951.4,15952.3,15951.4,15952.3,15947.1,15947.4,15947.8,15948.6,0.8,970.0500104
2026-04-28T01:30:00+00:00,15948.3,15951.25,15948.15,15949.15,15948,15948.6,15951.1,15951.4,15947.8,15948.5,15949,15949.3,0.3,426.7500097
2026-04-28T01:35:00+00:00,15949.1,15950.35,15947.15,15947.35,15949,15949.2,15950.1,15950.6,15946.8,15947.5,15947.1,15947.6,0.5,441.1800088
2026-04-28T01:40:00+00:00,15947.45,15948.55,15946.55,15948.2,15947.1,15947.8,15948.3,15948.8,15946.3,15946.8,15948,15948.4,0.4,348.5000067
2026-04-28T01:45:00+00:00,15948.25,15950.1,15946.9,15949.45,15948,15948.5,15949.9,15950.3,15946.7,15947.1,15949.1,15949.8,0.7,565.3500063
2026-04-28T01:50:00+00:00,15949.55,15954.55,15949.4,15953.95,15949.3,15949.8,15954.3,15954.8,15949,15949.8,15953.8,15954.1,0.3,742.4400103
2026-04-28T01:55:00+00:00,15953.9,15955.45,15952.6,15955.45,15953.7,15954.1,15955.3,15955.6,15952.4,15952.8,15955.3,15955.6,0.3,467.8500088
2026-04-28T02:00:00+00:00,15956.45,15956.8,15953.25,15953.45,15956.2,15956.7,15956.5,15957.1,15953,15953.5,15953.2,15953.7,0.5,732.0800076
2026-04-28T02:05:00+00:00,15953.5,15954.9,15951.8,15954.35,15953.3,15953.7,15954.7,15955.1,15951.4,15952.2,15954.1,15954.6,0.5,560.3400097
2026-04-28T02:10:00+00:00,15954.4,15954.5,15950.55,15950.7,15954.1,15954.7,15954.3,15954.7,15950.3,15950.8,15950.5,15950.9,0.4,321.3000067
2026-04-28T02:15:00+00:00,15950.65,15954.35,15950.6,15951.65,15950.4,15950.9,15954.1,15954.6,15950.3,15950.9,15951.4,15951.9,0.5,528.1500105
2026-04-28T02:20:00+00:00,15951.85,15953.05,15951,15951.5,15951.6,15952.1,15952.8,15953.3,15950.7,15951.3,15951.3,15951.7,0.4,363.4500068
2026-04-28T02:25:00+00:00,15951.35,15953,15950.15,15950.9,15951.2,15951.5,15952.7,15953.3,15949.9,15950.4,15950.6,15951.2,0.6,592.4700094
2026-04-28T02:30:00+00:00,15951.1,15951.9,15950.3,15951.8,15950.8,15951.4,15951.5,15952.3,15950,15950.6,15951.5,15952.1,0.6,264.0000038
2026-04-28T02:35:00+00:00,15951.9,15953.65,15950.6,15952,15951.5,15952.3,15953.2,15954.1,15950.4,15950.8,15951.8,15952.2,0.4,285.7500052
2026-04-28T02:40:00+00:00,15952.05,15952.05,15950.7,15951.65,15951.8,15952.3,15951.8,15952.3,15950.4,15951,15951.3,15952,0.7,239.1000049
2026-04-28T02:45:00+00:00,15951.4,15951.4,15949.3,15950.5,15951.3,15951.5,15951.3,15951.5,15949.1,15949.5,15950.3,15950.7,0.4,279.2700036
2026-04-28T02:50:00+00:00,15950.55,15950.7,15949.2,15950.6,15950.3,15950.8,15950.4,15951,15948.9,15949.5,15950.2,15951,0.8,157.8000031
2026-04-28T02:55:00+00:00,15950.65,15953.15,15950.6,15952.1,15950.3,15951,15952.8,15953.5,15950.3,15950.9,15951.7,15952.5,0.8,349.7400064
2026-04-28T03:00:00+00:00,15952.1,15956.4,15921.8,15924.15,15951.6,15952.6,15956.1,15956.7,15921.3,15922.3,15923.6,15924.7,1.1,2033.240038
2026-04-28T03:05:00+00:00,15923.7,15936.2,15917.5,15929.5,15923.2,15924.2,15935.8,15936.6,15917.2,15917.8,15929.1,15929.9,0.8,3670.790058
2026-04-28T03:10:00+00:00,15929.55,15929.8,15918.45,15921.6,15929.2,15929.9,15929.5,15930.1,15918.2,15918.7,15921.4,15921.8,0.4,2569.080037
2026-04-28T03:15:00+00:00,15921.7,15928.55,15921.1,15924.55,15921.6,15921.8,15928.2,15928.9,15920.9,15921.3,15924.2,15924.9,0.7,1471.720021
2026-04-28T03:20:00+00:00,15924.65,15924.7,15919.15,15922,15924.2,15925.1,15924.3,15925.1,15918.8,15919.5,15921.7,15922.3,0.6,1073.29002
2026-04-28T03:25:00+00:00,15921.85,15921.9,15912.55,15912.9,15921.5,15922.2,15921.6,15922.2,15912.3,15912.8,15912.6,15913.2,0.6,978.5100212
2026-04-28T03:30:00+00:00,15912.95,15912.95,15900.55,15901.2,15912.8,15913.1,15912.8,15913.1,15900.2,15900.9,15900.9,15901.5,0.6,2391.710041
2026-04-28T03:35:00+00:00,15901.15,15910.05,15898.4,15910.05,15900.9,15901.4,15909.7,15910.4,15898.2,15898.6,15909.7,15910.4,0.7,1798.60003
2026-04-28T03:40:00+00:00,15910,15913.9,15909.25,15912.5,15909.6,15910.4,15913.6,15914.2,15909.1,15909.4,15912.3,15912.7,0.4,652.2900101
2026-04-28T03:45:00+00:00,15912.45,15913.9,15908.15,15910.7,15912.1,15912.8,15913.6,15914.2,15908,15908.3,15910.4,15911,0.6,541.9200113
2026-04-28T03:50:00+00:00,15910.75,15913.5,15909.1,15909.7,15910.4,15911.1,15913.1,15913.9,15908.8,15909.4,15909.4,15910,0.6,688.7000126
2026-04-28T03:55:00+00:00,15909.75,15910,15905.75,15907.65,15909.4,15910.1,15909.8,15910.2,15905.5,15906,15907.3,15908,0.7,448.5000076
2026-04-28T04:00:00+00:00,15907.65,15907.7,15902.85,15903.55,15907.4,15907.9,15907.4,15908,15902.6,15903.1,15903.2,15903.9,0.7,1028.520019
2026-04-28T04:05:00+00:00,15903.25,15906.3,15901.7,15906.2,15903,15903.5,15906.1,15906.5,15901.4,15902,15906,15906.4,0.4,812.7400136
2026-04-28T04:10:00+00:00,15906.1,15907.2,15903.5,15903.65,15905.9,15906.3,15906.9,15907.5,15903.2,15903.8,15903.2,15904.1,0.9,695.7800151
2026-04-28T04:15:00+00:00,15903.6,15907.7,15902.3,15904.9,15903.3,15903.9,15907.3,15908.1,15902,15902.6,15904.5,15905.3,0.8,1072.470014
2026-04-28T04:20:00+00:00,15904.75,15906.65,15903.3,15904.95,15904.4,15905.1,15906.3,15907,15903,15903.6,15904.6,15905.3,0.7,625.8800088
2026-04-28T04:25:00+00:00,15904.9,15905.75,15902.3,15905.1,15904.5,15905.3,15905.4,15906.1,15902,15902.6,15904.8,15905.4,0.6,616.5900097
2026-04-28T04:30:00+00:00,15905.55,15906.5,15902.45,15906.35,15905.3,15905.8,15906.2,15906.8,15902.2,15902.7,15906.1,15906.6,0.5,658.4100155
2026-04-28T04:35:00+00:00,15906.25,15907.45,15902.35,15903.65,15905.9,15906.6,15907,15907.9,15902.1,15902.6,15903.3,15904,0.7,672.4100127
2026-04-28T04:40:00+00:00,15904,15904.65,15897.1,15897.25,15903.9,15904.1,15904.3,15905,15896.9,15897.3,15897,15897.5,0.5,831.5600114
2026-04-28T04:45:00+00:00,15897.3,15900,15896.2,15898.9,15897,15897.6,15899.6,15900.4,15896,15896.4,15898.6,15899.2,0.6,824.12001
2026-04-28T04:50:00+00:00,15898.8,15901.5,15897.3,15901.15,15898.5,15899.1,15901.2,15901.8,15897,15897.6,15900.8,15901.5,0.7,601.35001
2026-04-28T04:55:00+00:00,15901.1,15909.15,15901,15908.5,15900.8,15901.4,15908.8,15909.5,15900.7,15901.3,15908,15909,1,1117.700018
2026-04-28T05:00:00+00:00,15908.55,15908.95,15905.55,15907.15,15908,15909.1,15908.6,15909.3,15905.2,15905.9,15906.9,15907.4,0.5,636.9300097
2026-04-28T05:05:00+00:00,15907.3,15915.95,15907.25,15912.6,15907,15907.6,15915.7,15916.2,15907,15907.5,15912.3,15912.9,0.6,856.2700126
2026-04-28T05:10:00+00:00,15912.5,15916,15911.95,15912.35,15912.2,15912.8,15915.6,15916.4,15911.7,15912.2,15912.2,15912.5,0.3,784.8000103
2026-04-28T05:15:00+00:00,15912.3,15913.7,15910.85,15910.9,15912.1,15912.5,15913.5,15913.9,15910.5,15911.2,15910.6,15911.2,0.6,560.7000078
2026-04-28T05:20:00+00:00,15910.8,15910.8,15905.45,15905.65,15910.5,15911.1,15910.5,15911.1,15905,15905.9,15905.3,15906,0.7,792.2100105
2026-04-28T05:25:00+00:00,15905.7,15908.6,15905.5,15907.2,15905.3,15906.1,15908.4,15908.8,15905.2,15905.8,15907,15907.4,0.4,381.150007
2026-04-28T05:30:00+00:00,15907.5,15912.25,15906.85,15912.15,15907.4,15907.6,15912,15912.5,15906.6,15907.1,15911.9,15912.4,0.5,705.3000128
2026-04-28T05:35:00+00:00,15912.2,15915.45,15912.1,15914.5,15912,15912.4,15915.1,15915.8,15911.8,15912.4,15914.3,15914.7,0.4,896.7000141
2026-04-28T05:40:00+00:00,15914.65,15916.3,15913.65,15916.2,15914.5,15914.8,15916,15916.6,15913.3,15914,15915.8,15916.6,0.8,398.620007
2026-04-28T05:45:00+00:00,15916.15,15917.35,15911.6,15914.2,15915.8,15916.5,15917.1,15917.6,15911.4,15911.8,15914,15914.4,0.4,477.0000074
2026-04-28T05:50:00+00:00,15914.25,15916.85,15914.2,15916,15914.1,15914.4,15916.7,15917,15914,15914.4,15915.7,15916.3,0.6,337.050005
2026-04-28T05:55:00+00:00,15915.85,15921.4,15912.9,15920.25,15915.6,15916.1,15921.2,15921.6,15912.7,15913.1,15920,15920.5,0.5,746.0100141
2026-04-28T06:00:00+00:00,15920.35,15925.05,15915.55,15916.3,15920.2,15920.5,15924.8,15925.3,15915.2,15915.9,15916,15916.6,0.6,1333.900015
2026-04-28T06:05:00+00:00,15916.35,15918.5,15914.4,15916.05,15916.1,15916.6,15918.2,15918.8,15914.1,15914.7,15915.8,15916.3,0.5,942.7500106
2026-04-28T06:10:00+00:00,15916.15,15920.8,15915.75,15919.5,15915.8,15916.5,15920.6,15921,15915.5,15916,15919.3,15919.7,0.4,584.7000097
2026-04-28T06:15:00+00:00,15919.55,15924.9,15919.1,15921.2,15919.3,15919.8,15924.7,15925.1,15918.8,15919.4,15920.9,15921.5,0.6,1192.380018
2026-04-28T06:20:00+00:00,15921.25,15925.7,15920.8,15925.05,15921,15921.5,15925.5,15925.9,15920.6,15921,15924.9,15925.2,0.3,777.9000123
2026-04-28T06:25:00+00:00,15925.15,15925.65,15919.5,15920.6,15925,15925.3,15925.4,15925.9,15919.2,15919.8,15920.3,15920.9,0.6,601.500013
2026-04-28T06:30:00+00:00,15920.55,15921.6,15914.4,15915.75,15920.3,15920.8,15921.4,15921.8,15914.1,15914.7,15915.5,15916,0.5,866.8100179
2026-04-28T06:35:00+00:00,15915.8,15916.7,15912.4,15913.35,15915.6,15916,15916.4,15917,15912.1,15912.7,15913.1,15913.6,0.5,1351.800022
2026-04-28T06:40:00+00:00,15913.4,15921.95,15903.2,15921.5,15913.2,15913.6,15921.7,15922.2,15903,15903.4,15921.2,15921.8,0.6,2044.630039
2026-04-28T06:45:00+00:00,15921.4,15933,15918.1,15928.5,15921.1,15921.7,15932.7,15933.3,15917.8,15918.4,15928.2,15928.8,0.6,2072.240034
2026-04-28T06:50:00+00:00,15928.65,15932.15,15925.25,15929.3,15928.4,15928.9,15931.9,15932.4,15925,15925.5,15928.9,15929.7,0.8,1755.330026
2026-04-28T06:55:00+00:00,15929.75,15936.1,15927.55,15935.3,15929.6,15929.9,15935.9,15936.3,15927.4,15927.7,15935.1,15935.5,0.4,2412.960034
2026-04-28T07:00:00+00:00,15935.5,15938.05,15930.65,15931.1,15935.4,15935.6,15937.8,15938.3,15930.3,15931,15930.7,15931.5,0.8,2377.330039
2026-04-28T07:05:00+00:00,15931.2,15936.15,15926.9,15933.45,15930.9,15931.5,15935.7,15936.6,15926.7,15927.1,15933.1,15933.8,0.7,1557.960028
2026-04-28T07:10:00+00:00,15933.35,15942.5,15931.8,15942.1,15932.9,15933.8,15942.1,15942.9,15931.5,15932.1,15941.8,15942.4,0.6,1500.120023
2026-04-28T07:15:00+00:00,15942.2,15942.4,15938.25,15940.75,15941.9,15942.5,15942.1,15942.7,15937.9,15938.6,15940.3,15941.2,0.9,1390.980024
2026-04-28T07:20:00+00:00,15940.3,15940.35,15935.75,15937.1,15940.2,15940.4,15940.2,15940.5,15935.4,15936.1,15936.7,15937.5,0.8,1049.850017
2026-04-28T07:25:00+00:00,15937.05,15941.6,15934.4,15941.05,15936.6,15937.5,15941.2,15942,15934.1,15934.7,15940.8,15941.3,0.5,1694.490023
2026-04-28T07:30:00+00:00,15941.1,15945.65,15940.25,15944.55,15940.9,15941.3,15945.3,15946,15939.9,15940.6,15944.3,15944.8,0.5,1382.420021
2026-04-28T07:35:00+00:00,15944.65,15945.2,15937.75,15941.85,15944.3,15945,15944.8,15945.6,15937.4,15938.1,15941.5,15942.2,0.7,1614.010026
2026-04-28T07:40:00+00:00,15941.9,15942.15,15937.1,15942.05,15941.6,15942.2,15941.9,15942.4,15936.7,15937.5,15941.9,15942.2,0.3,999.190015
2026-04-28T07:45:00+00:00,15942,15949.4,15941.95,15948.45,15941.8,15942.2,15949,15949.8,15941.7,15942.2,15948.2,15948.7,0.5,978.5700171
2026-04-28T07:50:00+00:00,15948.65,15951.95,15948.4,15948.4,15948.4,15948.9,15951.6,15952.3,15948.1,15948.7,15948.1,15948.7,0.6,1760.900019
2026-04-28T07:55:00+00:00,15948.35,15954.7,15948.35,15953.75,15948,15948.7,15954.4,15955,15948,15948.7,15953.6,15953.9,0.3,1626.410022
2026-04-28T08:00:00+00:00,15953.6,15968.75,15952.8,15966.3,15953.4,15953.8,15968.4,15969.1,15952.6,15953,15966,15966.6,0.6,4212.610048
2026-04-28T08:05:00+00:00,15966.65,15968.75,15959.55,15960.8,15966.4,15966.9,15968.5,15969,15959.2,15959.9,15960.5,15961.1,0.6,2583.29003
2026-04-28T08:10:00+00:00,15960.8,15964.8,15958.5,15960.15,15960.4,15961.2,15964.4,15965.2,15958.1,15958.9,15959.9,15960.4,0.5,2048.660022
2026-04-28T08:15:00+00:00,15960.1,15960.55,15952.2,15955.8,15959.9,15960.3,15960.3,15960.8,15951.9,15952.5,15955.6,15956,0.4,2063.38003
2026-04-28T08:20:00+00:00,15955.9,15961.45,15955.85,15960,15955.6,15956.2,15961.2,15961.7,15955.6,15956.1,15959.7,15960.3,0.6,1233.720024
2026-04-28T08:25:00+00:00,15960.05,15960.15,15950.65,15950.65,15959.8,15960.3,15959.8,15960.5,15950.5,15950.8,15950.5,15950.8,0.3,1315.430019
2026-04-28T08:30:00+00:00,15950.6,15951.95,15945.7,15949.65,15950.4,15950.8,15951.5,15952.4,15945.4,15946,15949.3,15950,0.7,1476.190022
2026-04-28T08:35:00+00:00,15949.55,15954.4,15948.65,15953.9,15949.2,15949.9,15954,15954.8,15948.3,15949,15953.6,15954.2,0.6,1042.540015
2026-04-28T08:40:00+00:00,15953.85,15955.95,15950.85,15950.85,15953.5,15954.2,15955.7,15956.2,15950.6,15951.1,15950.6,15951.1,0.5,887.0700147
2026-04-28T08:45:00+00:00,15951,15954.55,15950.85,15953.15,15950.8,15951.2,15954.3,15954.8,15950.5,15951.2,15952.7,15953.6,0.9,716.4300094
2026-04-28T08:50:00+00:00,15953.05,15953.2,15950.6,15952.25,15952.8,15953.3,15952.9,15953.5,15950.4,15950.8,15951.9,15952.6,0.7,938.8700166
2026-04-28T08:55:00+00:00,15952.3,15953,15947.6,15947.65,15952.1,15952.5,15952.8,15953.2,15947.4,15947.8,15947.4,15947.9,0.5,1701.480025
2026-04-28T09:00:00+00:00,15947.55,15954.7,15947.55,15952.55,15947.3,15947.8,15954.4,15955,15947.3,15947.8,15952.2,15952.9,0.7,1012.360021
2026-04-28T09:05:00+00:00,15952.35,15952.65,15942.75,15943.05,15952,15952.7,15952.4,15952.9,15942.5,15943,15942.8,15943.3,0.5,984.550014
2026-04-28T09:10:00+00:00,15943.1,15950.65,15941.75,15950.5,15942.9,15943.3,15950.4,15950.9,15941.5,15942,15950.3,15950.7,0.4,1229.480018
2026-04-28T09:15:00+00:00,15950.6,15951.65,15944.65,15950.05,15950.4,15950.8,15951.4,15951.9,15944.6,15944.7,15949.6,15950.5,0.9,1142.750022
2026-04-28T09:20:00+00:00,15949.95,15950.85,15947.2,15947.2,15949.5,15950.4,15950.6,15951.1,15946.9,15947.5,15946.9,15947.5,0.6,718.7500129
2026-04-28T09:25:00+00:00,15947,15950.15,15947,15950,15946.8,15947.2,15949.9,15950.4,15946.8,15947.2,15949.8,15950.2,0.4,711.0200137
2026-04-28T09:30:00+00:00,15949.9,15957.55,15949.3,15957.55,15949.6,15950.2,15957.4,15957.7,15949.1,15949.5,15957.4,15957.7,0.3,693.4600163
2026-04-28T09:35:00+00:00,15957.5,15959.45,15957.3,15959.3,15957.4,15957.6,15959.2,15959.7,15957.1,15957.5,15959,15959.6,0.6,643.850015
2026-04-28T09:40:00+00:00,15959.35,15959.55,15956.4,15956.4,15959.1,15959.6,15959.4,15959.7,15956.1,15956.7,15956.1,15956.7,0.6,597.6000122
2026-04-28T09:45:00+00:00,15956.45,15958.35,15950.2,15950.4,15956.2,15956.7,15958.1,15958.6,15950,15950.4,15950.2,15950.6,0.4,1117.650014
2026-04-28T09:50:00+00:00,15950.45,15955.25,15949.25,15955.2,15950.2,15950.7,15955,15955.5,15949,15949.5,15955,15955.4,0.4,796.2000108
2026-04-28T09:55:00+00:00,15955.15,15958.65,15955.15,15957.45,15955,15955.3,15958.4,15958.9,15955,15955.3,15957.2,15957.7,0.5,708.8600141
2026-04-28T10:00:00+00:00,15957.35,15957.55,15953.75,15956.3,15957.1,15957.6,15957.3,15957.8,15953.5,15954,15955.9,15956.7,0.8,682.9400094
2026-04-28T10:05:00+00:00,15956.3,15958.8,15956.15,15957.85,15956,15956.6,15958.6,15959,15955.9,15956.4,15957.6,15958.1,0.5,630.7500088
2026-04-28T10:10:00+00:00,15957.85,15958.75,15955.95,15957.75,15957.6,15958.1,15958.5,15959,15955.6,15956.3,15957.5,15958,0.5,773.1900148
2026-04-28T10:15:00+00:00,15957.9,15959.9,15957.6,15959.8,15957.7,15958.1,15959.6,15960.2,15957.4,15957.8,15959.4,15960.2,0.8,526.710009
2026-04-28T10:20:00+00:00,15959.85,15964.2,15957.7,15964.1,15959.6,15960.1,15963.9,15964.5,15957.5,15957.9,15963.8,15964.4,0.6,1026.430017
2026-04-28T10:25:00+00:00,15964.15,15964.3,15961.1,15963.65,15963.9,15964.4,15964,15964.6,15960.8,15961.4,15963.3,15964,0.7,808.5400149
2026-04-28T10:30:00+00:00,15963.65,15964.9,15961,15963.7,15963.4,15963.9,15964.6,15965.2,15960.8,15961.2,15963.5,15963.9,0.4,732.3600115
2026-04-28T10:35:00+00:00,15963.75,15964.45,15961.05,15961.75,15963.5,15964,15964.1,15964.8,15960.7,15961.4,15961.5,15962,0.5,655.0800091
2026-04-28T10:40:00+00:00,15961.7,15961.7,15958.45,15960.85,15961.5,15961.9,15961.5,15961.9,15958.1,15958.8,15960.6,15961.1,0.5,794.340013
2026-04-28T10:45:00+00:00,15960.95,15963.45,15960.8,15962.25,15960.7,15961.2,15963.2,15963.7,15960.6,15961,15962.1,15962.4,0.3,761.4300151
2026-04-28T10:50:00+00:00,15962.15,15963.65,15959.9,15962.2,15962,15962.3,15963.3,15964,15959.6,15960.2,15962,15962.4,0.4,749.7000135
2026-04-28T10:55:00+00:00,15962.15,15963.95,15961.45,15963.35,15961.9,15962.4,15963.7,15964.2,15961.2,15961.7,15963.1,15963.6,0.5,697.2500098
2026-04-28T11:00:00+00:00,15963.35,15964.8,15960.35,15964.7,15963.1,15963.6,15964.6,15965,15960.1,15960.6,15964.5,15964.9,0.4,745.7600086
2026-04-28T11:05:00+00:00,15964.65,15965.8,15963.65,15964.15,15964.4,15964.9,15965.6,15966,15963.3,15964,15963.9,15964.4,0.5,923.010013
2026-04-28T11:10:00+00:00,15964.05,15968.55,15963.35,15968.25,15963.8,15964.3,15968.3,15968.8,15963.1,15963.6,15968,15968.5,0.5,775.4700115
2026-04-28T11:15:00+00:00,15968.45,15971,15967.75,15970.3,15968.2,15968.7,15970.7,15971.3,15967.5,15968,15970.1,15970.5,0.4,849.9400135
2026-04-28T11:20:00+00:00,15970.35,15971.85,15967.15,15970,15970.1,15970.6,15971.7,15972,15966.9,15967.4,15969.8,15970.2,0.4,577.7700088
2026-04-28T11:25:00+00:00,15969.95,15971.8,15968.75,15969.75,15969.8,15970.1,15971.7,15971.9,15968.5,15969,15969.6,15969.9,0.3,632.2500126
2026-04-28T11:30:00+00:00,15969.8,15974.8,15969.6,15974.6,15969.6,15970,15974.6,15975,15969.4,15969.8,15974.4,15974.8,0.4,887.9300133
2026-04-28T11:35:00+00:00,15974.6,15976,15973.35,15975,15974.4,15974.8,15975.7,15976.3,15973.1,15973.6,15974.8,15975.2,0.4,872.6900076
2026-04-28T11:40:00+00:00,15975,15976,15972.4,15974,15974.8,15975.2,15975.7,15976.3,15972.1,15972.7,15973.8,15974.2,0.4,986.1500132
2026-04-28T11:45:00+00:00,15973.9,15978.35,15973.75,15977.25,15973.6,15974.2,15978.1,15978.6,15973.4,15974.1,15977,15977.5,0.5,1624.060016
2026-04-28T11:50:00+00:00,15977.4,15978.85,15975.9,15977.6,15977.2,15977.6,15978.7,15979,15975.6,15976.2,15977.4,15977.8,0.4,1636.620015
2026-04-28T11:55:00+00:00,15977.55,15978.5,15975.5,15975.8,15977.4,15977.7,15978.3,15978.7,15975.2,15975.8,15975.5,15976.1,0.6,1328.55002
2026-04-28T12:00:00+00:00,15975.55,15978.25,15974.3,15976.1,15975.5,15975.6,15978.1,15978.4,15974,15974.6,15975.8,15976.4,0.6,1788.620025
2026-04-28T12:05:00+00:00,15976.4,15977.7,15972.4,15977.6,15976.1,15976.7,15977.5,15977.9,15972.1,15972.7,15977.4,15977.8,0.4,1761.180021
2026-04-28T12:10:00+00:00,15977.65,15977.75,15971.8,15973.2,15977.4,15977.9,15977.5,15978,15971.6,15972,15972.9,15973.5,0.6,1333.300019
2026-04-28T12:15:00+00:00,15973.05,15974,15971.45,15973.7,15972.9,15973.2,15973.7,15974.3,15971.2,15971.7,15973.4,15974,0.6,1031.590013
2026-04-28T12:20:00+00:00,15973.8,15974.55,15957.2,15970.4,15973.5,15974.1,15974.2,15974.9,15956.9,15957.5,15970.2,15970.6,0.4,3892.150068
2026-04-28T12:25:00+00:00,15970.35,15971,15963.6,15965.45,15970.1,15970.6,15970.9,15971.1,15963.3,15963.9,15965.2,15965.7,0.5,1853.580022
2026-04-28T12:30:00+00:00,15965.7,15970.05,15965.35,15966.85,15965.5,15965.9,15969.8,15970.3,15965.1,15965.6,15966.6,15967.1,0.5,1462.940018
2026-04-28T12:35:00+00:00,15966.7,15966.7,15962.75,15963.65,15966.4,15967,15966.4,15967,15962.5,15963,15963.4,15963.9,0.5,1545.150022
2026-04-28T12:40:00+00:00,15963.7,15964.35,15956.4,15957.4,15963.5,15963.9,15964.1,15964.6,15956.1,15956.7,15957.1,15957.7,0.6,1849.030023
2026-04-28T12:45:00+00:00,15957.3,15957.35,15949.15,15949.7,15957.1,15957.5,15957.1,15957.6,15948.9,15949.4,15949.4,15950,0.6,2164.650022
2026-04-28T12:50:00+00:00,15949.7,15953.3,15949.55,15949.9,15949.5,15949.9,15953,15953.6,15949.3,15949.8,15949.7,15950.1,0.4,1782.96003
2026-04-28T12:55:00+00:00,15949.55,15950.9,15941.45,15946.45,15949.4,15949.7,15950.7,15951.1,15941.2,15941.7,15946,15946.9,0.9,1914.370032
2026-04-28T13:00:00+00:00,15946.45,15954.2,15943.35,15953.15,15946.2,15946.7,15953.9,15954.5,15943,15943.7,15952.9,15953.4,0.5,2112.990032
2026-04-28T13:05:00+00:00,15953.05,15954.8,15950.7,15954.15,15952.8,15953.3,15954.6,15955,15950.4,15951,15953.9,15954.4,0.5,1475.33002
2026-04-28T13:10:00+00:00,15954.2,15956.05,15949.85,15956.05,15954,15954.4,15955.8,15956.3,15949.6,15950.1,15955.8,15956.3,0.5,1161.620015
2026-04-28T13:15:00+00:00,15955.95,15960.75,15955.25,15959.05,15955.7,15956.2,15960.5,15961,15955,15955.5,15958.8,15959.3,0.5,1891.74002
2026-04-28T13:20:00+00:00,15959.15,15960.5,15956.3,15956.4,15958.8,15959.5,15960.2,15960.8,15956,15956.6,15956.1,15956.7,0.6,1454.55002
2026-04-28T13:25:00+00:00,15956.85,15957.15,15943.45,15945,15956.7,15957,15956.8,15957.5,15943.1,15943.8,15944.6,15945.4,0.8,2054.710043
2026-04-28T13:30:00+00:00,15944.9,15955.1,15944.9,15948.4,15944.5,15945.3,15954.7,15955.5,15944.5,15945.3,15948.1,15948.7,0.6,2885.800052
2026-04-28T13:35:00+00:00,15948.55,15953.7,15944.95,15951.3,15948.3,15948.8,15953.4,15954,15944.7,15945.2,15951.1,15951.5,0.4,2133.950041
2026-04-28T13:40:00+00:00,15951.45,15957,15947.95,15949.25,15951.2,15951.7,15956.7,15957.3,15947.7,15948.2,15949.1,15949.4,0.3,2069.270031
2026-04-28T13:45:00+00:00,15949.2,15954.6,15948.6,15951.35,15949,15949.4,15954.4,15954.8,15948.3,15948.9,15951.1,15951.6,0.5,2221.930034
2026-04-28T13:50:00+00:00,15951.25,15952.5,15946.45,15950.25,15951,15951.5,15952.3,15952.7,15946,15946.9,15950,15950.5,0.5,2238.930029
2026-04-28T13:55:00+00:00,15950.15,15952.35,15949.35,15951.5,15949.9,15950.4,15952.1,15952.6,15949.1,15949.6,15951.1,15951.9,0.8,1141.050022
2026-04-28T14:00:00+00:00,15951.55,15959.65,15950.95,15957.75,15951.2,15951.9,15959.3,15960,15950.5,15951.4,15957.5,15958,0.5,2565.550031
2026-04-28T14:05:00+00:00,15957.8,15959.15,15956.15,15956.45,15957.5,15958.1,15958.8,15959.5,15955.9,15956.4,15956.2,15956.7,0.5,1960.270023
2026-04-28T14:10:00+00:00,15956.35,15958.75,15955.95,15958.55,15956.1,15956.6,15958.4,15959.1,15955.7,15956.2,15958.3,15958.8,0.5,1531.65002
2026-04-28T14:15:00+00:00,15958.55,15961.2,15957.6,15960.85,15958.3,15958.8,15961,15961.4,15957.4,15957.8,15960.6,15961.1,0.5,1773.010018
2026-04-28T14:20:00+00:00,15960.6,15965.25,15960.2,15964.25,15960.4,15960.8,15965.1,15965.4,15959.9,15960.5,15964.1,15964.4,0.3,2238.370021
2026-04-28T14:25:00+00:00,15964.15,15964.2,15959.95,15962.55,15963.9,15964.4,15964,15964.4,15959.6,15960.3,15962.3,15962.8,0.5,2763.980036
2026-04-28T14:30:00+00:00,15962.45,15962.75,15955.7,15961.3,15962.2,15962.7,15962.6,15962.9,15955.4,15956,15961.1,15961.5,0.4,3321.360044
2026-04-28T14:35:00+00:00,15961.25,15966.15,15959.75,15965.9,15961,15961.5,15966,15966.3,15959.5,15960,15965.6,15966.2,0.6,2386.880038
2026-04-28T14:40:00+00:00,15965.9,15968.4,15963.75,15967.6,15965.7,15966.1,15968.2,15968.6,15963.5,15964,15967.4,15967.8,0.4,1740.960026
2026-04-28T14:45:00+00:00,15967.45,15973.15,15965.9,15971.15,15967.2,15967.7,15972.9,15973.4,15965.7,15966.1,15970.9,15971.4,0.5,2442.420039
2026-04-28T14:50:00+00:00,15971.35,15974.3,15968.55,15971.55,15971.2,15971.5,15974,15974.6,15968.4,15968.7,15971.3,15971.8,0.5,2437.080032
2026-04-28T14:55:00+00:00,15971.6,15975,15967.2,15972.15,15971.4,15971.8,15974.8,15975.2,15967.1,15967.3,15971.8,15972.5,0.7,4659.19006
2026-04-28T15:00:00+00:00,15972.25,15972.25,15963.6,15964.85,15971.8,15972.7,15971.8,15972.7,15963.4,15963.8,15964.5,15965.2,0.7,4145.150057
2026-04-28T15:05:00+00:00,15964.85,15969.05,15963.15,15968,15964.6,15965.1,15968.8,15969.3,15962.9,15963.4,15967.8,15968.2,0.4,2107.700032
2026-04-28T15:10:00+00:00,15968.25,15969.7,15964.05,15966.1,15968.1,15968.4,15969.4,15970,15963.9,15964.2,15965.8,15966.4,0.6,1712.680023
2026-04-28T15:15:00+00:00,15966.2,15967.5,15961.05,15962.15,15965.9,15966.5,15967.2,15967.8,15960.8,15961.3,15962,15962.3,0.3,1581.76002
2026-04-28T15:20:00+00:00,15962.05,15964.3,15961.2,15962.25,15961.8,15962.3,15964,15964.6,15961,15961.4,15962,15962.5,0.5,1528.560024
2026-04-28T15:25:00+00:00,15962.35,15962.65,15957.4,15958.8,15962.1,15962.6,15962.4,15962.9,15957.1,15957.7,15958.6,15959,0.4,1391.53002
2026-04-28T15:30:00+00:00,15959.05,15962.75,15958.6,15962.75,15958.9,15959.2,15962.5,15963,15958.4,15958.8,15962.5,15963,0.5,1531.950019
2026-04-28T15:35:00+00:00,15962.85,15963.15,15957.65,15958.4,15962.6,15963.1,15962.9,15963.4,15957.5,15957.8,15958.2,15958.6,0.4,1054.980015
2026-04-28T15:40:00+00:00,15958.55,15959.25,15956.05,15957.3,15958.3,15958.8,15959,15959.5,15955.8,15956.3,15957.1,15957.5,0.4,1246.000017
2026-04-28T15:45:00+00:00,15957.35,15959.1,15956.35,15957.25,15957.1,15957.6,15958.8,15959.4,15956.1,15956.6,15957,15957.5,0.5,947.0600135
2026-04-28T15:50:00+00:00,15957.3,15957.9,15954.25,15955.25,15957.1,15957.5,15957.6,15958.2,15954,15954.5,15955,15955.5,0.5,928.4000144
2026-04-28T15:55:00+00:00,15955.35,15955.6,15952.95,15954.25,15955.1,15955.6,15955.5,15955.7,15952.7,15953.2,15954,15954.5,0.5,899.5000145
2026-04-28T16:00:00+00:00,15954.15,15956.75,15952.8,15954.3,15953.9,15954.4,15956.5,15957,15952.7,15952.9,15954.1,15954.5,0.4,1072.790016
2026-04-28T16:05:00+00:00,15954.45,15955.2,15950.95,15953.7,15954.2,15954.7,15955,15955.4,15950.8,15951.1,15953.5,15953.9,0.4,944.8700131
2026-04-28T16:10:00+00:00,15953.6,15953.85,15951.15,15951.6,15953.4,15953.8,15953.6,15954.1,15950.9,15951.4,15951.4,15951.8,0.4,1118.970014
2026-04-28T16:15:00+00:00,15951.45,15957.3,15951.45,15957,15951.2,15951.7,15957.2,15957.4,15951.2,15951.7,15956.8,15957.2,0.4,1286.72002
2026-04-28T16:20:00+00:00,15957,15959.4,15954.45,15958.95,15956.8,15957.2,15959.1,15959.7,15954.2,15954.7,15958.7,15959.2,0.5,1140.210012
2026-04-28T16:25:00+00:00,15958.9,15959.25,15956.5,15958.2,15958.6,15959.2,15959,15959.5,15956.2,15956.8,15958,15958.4,0.4,1198.820017
2026-04-28T16:30:00+00:00,15958.35,15962.5,15957.65,15961.8,15958.1,15958.6,15962.2,15962.8,15957.4,15957.9,15961.6,15962,0.4,1205.110014
2026-04-28T16:35:00+00:00,15961.75,15961.95,15957.4,15958.3,15961.5,15962,15961.7,15962.2,15957.1,15957.7,15958.1,15958.5,0.4,1072.890016
2026-04-28T16:40:00+00:00,15958.4,15958.5,15955.4,15956.4,15958.2,15958.6,15958.3,15958.7,15955.2,15955.6,15956.1,15956.7,0.6,812.3700145
2026-04-28T16:45:00+00:00,15956.45,15957.05,15954.75,15956.45,15956.2,15956.7,15956.8,15957.3,15954.5,15955,15956.2,15956.7,0.5,928.5600102
2026-04-28T16:50:00+00:00,15956.5,15957.8,15952.8,15953.95,15956.2,15956.8,15957.6,15958,15952.6,15953,15953.7,15954.2,0.5,1207.770018
2026-04-28T16:55:00+00:00,15954.1,15956.45,15954.1,15956.15,15953.9,15954.3,15956.3,15956.6,15953.9,15954.3,15955.9,15956.4,0.5,887.3400124
2026-04-28T17:00:00+00:00,15955.95,15958.95,15954.65,15958.8,15955.7,15956.2,15958.7,15959.2,15954.4,15954.9,15958.6,15959,0.4,719.5400167
2026-04-28T17:05:00+00:00,15958.85,15960.2,15958.15,15958.65,15958.7,15959,15960,15960.4,15957.9,15958.4,15958.4,15958.9,0.5,884.9100094
2026-04-28T17:10:00+00:00,15958.85,15960.2,15957.7,15958.15,15958.6,15959.1,15959.9,15960.5,15957.5,15957.9,15957.9,15958.4,0.5,629.5500104
2026-04-28T17:15:00+00:00,15958.15,15962.7,15957.75,15961.5,15957.9,15958.4,15962.5,15962.9,15957.6,15957.9,15961.3,15961.7,0.4,731.1400111
2026-04-28T17:20:00+00:00,15961.35,15962.45,15958.9,15959,15961.1,15961.6,15962.2,15962.7,15958.8,15959,15958.9,15959.1,0.2,661.9500105
2026-04-28T17:25:00+00:00,15958.9,15959.1,15957.15,15958.65,15958.8,15959,15958.9,15959.3,15956.9,15957.4,15958.4,15958.9,0.5,613.6200095
2026-04-28T17:30:00+00:00,15958.75,15959.75,15955.25,15956.25,15958.5,15959,15959.5,15960,15955,15955.5,15956.1,15956.4,0.3,724.6800133
2026-04-28T17:35:00+00:00,15956.3,15956.3,15953.15,15955.25,15956.2,15956.4,15956.2,15956.4,15952.9,15953.4,15955,15955.5,0.5,686.9100095
2026-04-28T17:40:00+00:00,15955.15,15955.45,15953.35,15955.35,15954.9,15955.4,15955.2,15955.7,15953.1,15953.6,15955.1,15955.6,0.5,391.3000057
2026-04-28T17:45:00+00:00,15955.4,15955.5,15951.3,15951.35,15955.1,15955.7,15955.3,15955.7,15951.1,15951.5,15951.1,15951.6,0.5,1226.760016
2026-04-28T17:50:00+00:00,15951.4,15954.3,15951.05,15953.95,15951.1,15951.7,15954.1,15954.5,15950.8,15951.3,15953.6,15954.3,0.7,792.6300086
2026-04-28T17:55:00+00:00,15953.8,15955.65,15953.1,15954.4,15953.6,15954,15955.4,15955.9,15952.8,15953.4,15954.2,15954.6,0.4,475.1400052
2026-04-28T18:00:00+00:00,15954.35,15958.25,15953.85,15957.65,15954.1,15954.6,15958,15958.5,15953.7,15954,15957.4,15957.9,0.5,787.3200063
2026-04-28T18:05:00+00:00,15957.7,15959.2,15955.1,15955.35,15957.5,15957.9,15959,15959.4,15954.8,15955.4,15955.1,15955.6,0.5,746.4300114
2026-04-28T18:10:00+00:00,15955.4,15957.6,15955,15956.65,15955.2,15955.6,15957.3,15957.9,15954.7,15955.3,15956.4,15956.9,0.5,643.6500032
2026-04-28T18:15:00+00:00,15956.45,15956.8,15955.25,15956.2,15956.1,15956.8,15956.6,15957,15955,15955.5,15956,15956.4,0.4,370.680007
2026-04-28T18:20:00+00:00,15956.15,15956.15,15952.5,15955.3,15956,15956.3,15956,15956.3,15952.4,15952.6,15955.1,15955.5,0.4,1029.070015
2026-04-28T18:25:00+00:00,15955.35,15956.75,15952.75,15953.75,15955.1,15955.6,15956.5,15957,15952.7,15952.8,15953.5,15954,0.5,871.2900094
2026-04-28T18:30:00+00:00,15953.7,15957.85,15953.45,15957.65,15953.5,15953.9,15957.6,15958.1,15953.2,15953.7,15957.4,15957.9,0.5,970.3500111
2026-04-28T18:35:00+00:00,15957.55,15958.75,15957.15,15957.25,15957.3,15957.8,15958.5,15959,15956.8,15957.5,15957,15957.5,0.5,822.3000087
2026-04-28T18:40:00+00:00,15956.75,15957.3,15956.1,15956.15,15956.7,15956.8,15957,15957.6,15955.8,15956.4,15955.9,15956.4,0.5,644.0700055
2026-04-28T18:45:00+00:00,15956.25,15960.15,15955.85,15959.95,15956,15956.5,15959.9,15960.4,15955.6,15956.1,15959.7,15960.2,0.5,514.2600067
2026-04-28T18:50:00+00:00,15960,15960.95,15959.8,15960.4,15959.8,15960.2,15960.7,15961.2,15959.6,15960,15960.2,15960.6,0.4,321.7500049
2026-04-28T18:55:00+00:00,15960.85,15962.8,15960.85,15962.45,15960.7,15961,15962.7,15962.9,15960.7,15961,15962.2,15962.7,0.5,839.8500115
2026-04-28T19:00:00+00:00,15962.2,15962.45,15959,15959.35,15962,15962.4,15962.2,15962.7,15958.8,15959.2,15959.1,15959.6,0.5,486.4200071
2026-04-28T19:05:00+00:00,15959.3,15959.45,15957.9,15959.4,15959.1,15959.5,15959.2,15959.7,15957.7,15958.1,15959.2,15959.6,0.4,412.5100058
2026-04-28T19:10:00+00:00,15959.45,15961.6,15959.2,15961.45,15959.2,15959.7,15961.4,15961.8,15959,15959.4,15961.2,15961.7,0.5,325.6500068
2026-04-28T19:15:00+00:00,15961.55,15964.15,15961.4,15963.95,15961.2,15961.9,15963.9,15964.4,15961.1,15961.7,15963.7,15964.2,0.5,597.7500056
2026-04-28T19:20:00+00:00,15964.05,15965.7,15964,15965.3,15963.8,15964.3,15965.6,15965.8,15963.8,15964.2,15965.1,15965.5,0.4,518.8900089
2026-04-28T19:25:00+00:00,15965.35,15965.8,15964.55,15965,15965.2,15965.5,15965.6,15966,15964.3,15964.8,15964.9,15965.1,0.2,254.4000065
2026-04-28T19:30:00+00:00,15965.05,15966.3,15963,15965.3,15964.9,15965.2,15966.1,15966.5,15962.9,15963.1,15965.1,15965.5,0.4,612.150009
2026-04-28T19:35:00+00:00,15965.25,15966.05,15965.05,15965.15,15965,15965.5,15965.8,15966.3,15964.8,15965.3,15964.9,15965.4,0.5,209.8500054
2026-04-28T19:40:00+00:00,15965.2,15965.65,15964.55,15965.05,15965,15965.4,15965.5,15965.8,15964.4,15964.7,15964.8,15965.3,0.5,185.4000041
2026-04-28T19:45:00+00:00,15965.1,15967.7,15964.9,15966.5,15964.9,15965.3,15967.5,15967.9,15964.6,15965.2,15966.2,15966.8,0.6,550.1700099
2026-04-28T19:50:00+00:00,15966.4,15968.85,15966.3,15967.3,15966.2,15966.6,15968.7,15969,15966,15966.6,15966.9,15967.7,0.8,698.7000114
2026-04-28T19:55:00+00:00,15967.35,15967.75,15965.85,15965.85,15967,15967.7,15967.4,15968.1,15965.6,15966.1,15965.6,15966.1,0.5,636.6000088
2026-04-28T20:00:00+00:00,15965.9,15966.55,15962.5,15962.6,15965.6,15966.2,15966.4,15966.7,15962.3,15962.7,15962.4,15962.8,0.4,472.4400104
2026-04-28T20:05:00+00:00,15962.5,15963.35,15959.7,15959.85,15962.2,15962.8,15963.1,15963.6,15959.3,15960.1,15959.6,15960.1,0.5,359.5500063
2026-04-28T20:10:00+00:00,15959.8,15960.05,15959.4,15960,15959.6,15960,15959.8,15960.3,15959.2,15959.6,15959.7,15960.3,0.6,164.4000037
2026-04-28T20:15:00+00:00,15959.95,15962.75,15959.95,15962.6,15959.7,15960.2,15962.5,15963,15959.7,15960.2,15962.3,15962.9,0.6,259.6500041
2026-04-28T20:20:00+00:00,15962.55,15963.3,15962.3,15962.55,15962.3,15962.8,15963,15963.6,15962,15962.6,15962.3,15962.8,0.5,219.9000037
2026-04-28T20:25:00+00:00,15962.7,15963.8,15962.1,15962.6,15962.5,15962.9,15963.7,15963.9,15961.9,15962.3,15962.4,15962.8,0.4,150.9000025
2026-04-28T20:30:00+00:00,15962.3,15962.3,15959.85,15961.05,15962.1,15962.5,15962.1,15962.5,15959.7,15960,15960.8,15961.3,0.5,123.7500033
2026-04-28T20:35:00+00:00,15960.85,15961,15959.9,15960.1,15960.6,15961.1,15960.6,15961.4,15959.5,15960.3,15959.9,15960.3,0.4,88.50000215
2026-04-28T20:40:00+00:00,15960.2,15961.5,15960.15,15961.25,15959.9,15960.5,15961.2,15961.8,15959.8,15960.5,15960.9,15961.6,0.7,240.6000026
2026-04-28T20:45:00+00:00,15961.3,15961.3,15959.6,15959.8,15961,15961.6,15961,15961.6,15959.3,15959.9,15959.5,15960.1,0.6,238.6500059
2026-04-28T20:50:00+00:00,15959.85,15961.2,15959.8,15960.85,15959.6,15960.1,15960.9,15961.5,15959.5,15960.1,15960.5,15961.2,0.7,109.8000023
2026-04-28T20:55:00+00:00,15961,15962.15,15960.7,15961.45,15960.5,15961.5,15961.5,15962.8,15959.9,15961.5,15960.7,15962.2,1.5,510.7899978
2026-04-28T21:00:00+00:00,15961.1,15961.85,15951.35,15955.75,15959.9,15962.3,15959.9,15963.8,15949.1,15953.6,15952.2,15959.3,7.1,138.1499977
2026-04-28T21:05:00+00:00,15955.75,15956.05,15955.65,15955.75,15951.9,15959.6,15952.3,15959.8,15951.9,15959.4,15952.1,15959.4,7.3,52.50000203
2026-04-28T21:10:00+00:00,15955.8,15959.2,15955.55,15957.75,15952.4,15959.2,15956.7,15961.7,15951.9,15959.2,15954,15961.5,7.5,201.9200028
2026-04-28T21:15:00+00:00,15957.55,15958.6,15956.7,15958.25,15956,15959.1,15956,15961.2,15954.3,15959.1,15956,15960.5,4.5,17.70000041
2026-04-28T21:20:00+00:00,15957.85,15963,15957.15,15961.15,15953.9,15961.8,15959.5,15966.5,15953.9,15960.4,15959.2,15963.1,3.9,107.7000004
2026-04-28T21:25:00+00:00,15961.25,15962.75,15960.3,15961.35,15959.3,15963.2,15959.8,15965.7,15957.4,15963.2,15959,15963.7,4.7,123.899999
2026-04-28T21:30:00+00:00,15961.4,15963.95,15961.05,15962.9,15959.1,15963.7,15960.9,15967,15958.7,15963.4,15960.9,15964.9,4,112.9500016
2026-04-28T21:35:00+00:00,15962.55,15963.65,15961,15961.05,15960.9,15964.2,15961.2,15966.1,15958.9,15963.1,15959,15963.1,4.1,78.45000076
2026-04-28T21:40:00+00:00,15961,15962.4,15960.4,15960.8,15958.8,15963.2,15959,15965.8,15958.7,15962.1,15959,15962.6,3.6,131.1000011
2026-04-28T21:45:00+00:00,15960.75,15960.9,15959.85,15960.2,15959,15962.5,15959.2,15962.6,15958.7,15961,15959,15961.4,2.4,72.90000165
2026-04-28T21:50:00+00:00,15960.25,15960.55,15956.65,15958,15959,15961.5,15959.1,15962,15953.3,15960,15954.7,15961.3,6.6,208.5000046
2026-04-28T21:55:00+00:00,15957.95,15959.45,15957.1,15957.95,15954.6,15961.3,15955.8,15963.1,15954.5,15959.7,15955,15960.9,5.9,94.95000017
2026-04-28T22:00:00+00:00,15958.4,15961.05,15956.9,15958.45,15955.9,15960.9,15960,15962.1,15955,15958.8,15958,15958.9,0.9,270.7499947
2026-04-28T22:05:00+00:00,15958.7,15958.95,15957.3,15957.5,15958.2,15959.2,15958.5,15959.4,15956.9,15957.7,15957.1,15957.9,0.8,63.15000236
2026-04-28T22:10:00+00:00,15957.4,15957.75,15957.05,15957.7,15957,15957.8,15957.4,15958.1,15956.6,15957.5,15957.3,15958.1,0.8,58.35000181
2026-04-28T22:15:00+00:00,15957.95,15958.8,15957.95,15958.7,15957.5,15958.4,15958.4,15959.2,15957.5,15958.4,15958.3,15959.1,0.8,56.40000057
2026-04-28T22:20:00+00:00,15958.65,15958.9,15958.4,15958.75,15958.3,15959,15958.5,15959.3,15958,15958.8,15958.4,15959.1,0.7,94.20000124
2026-04-28T22:25:00+00:00,15958.8,15960.15,15958.75,15960,15958.4,15959.2,15959.7,15960.6,15958.3,15959.2,15959.6,15960.4,0.8,60.60000157
2026-04-28T22:30:00+00:00,15959.95,15959.95,15958.25,15958.3,15959.5,15960.4,15959.5,15960.4,15957.8,15958.7,15957.9,15958.7,0.8,58.50000143
2026-04-28T22:35:00+00:00,15958.25,15958.45,15958.1,15958.4,15957.8,15958.7,15958,15958.9,15957.6,15958.6,15958,15958.8,0.8,59.85000074
2026-04-28T22:40:00+00:00,15958.35,15958.45,15957,15957.05,15957.9,15958.8,15958.1,15958.8,15956.5,15957.5,15956.5,15957.6,1.1,148.8000021
2026-04-28T22:45:00+00:00,15957.5,15958.6,15957.5,15958.6,15957.4,15957.6,15958.2,15959,15957.4,15957.6,15958.2,15959,0.8,67.64000082
2026-04-28T22:50:00+00:00,15958.65,15958.7,15958.6,15958.6,15958.3,15959,15958.4,15959,15958.2,15959,15958.2,15959,0.8,9.600000381
2026-04-28T22:55:00+00:00,15958.65,15958.8,15957.15,15957.25,15958.2,15959.1,15958.3,15959.3,15956.6,15957.7,15956.7,15957.8,1.1,141.9900023
2026-04-28T23:00:00+00:00,15957.15,15957.4,15955.05,15955.9,15956.6,15957.7,15956.9,15957.9,15954.7,15955.4,15955.5,15956.3,0.8,182.6700011
2026-04-28T23:05:00+00:00,15956.1,15957.8,15956.1,15957.3,15955.7,15956.5,15957.4,15958.2,15955.7,15956.5,15956.9,15957.7,0.8,142.5400028
2026-04-28T23:10:00+00:00,15957.35,15957.85,15957.25,15957.5,15957,15957.7,15957.6,15958.1,15956.9,15957.6,15957.1,15957.9,0.8,78.30000114
2026-04-28T23:15:00+00:00,15957.45,15957.45,15954.05,15954.45,15957.1,15957.8,15957.1,15957.8,15953.7,15954.4,15954,15954.9,0.9,307.4000071
2026-04-28T23:20:00+00:00,15954.65,15956.6,15954.65,15956.6,15954.3,15955,15956.2,15957,15954.3,15955,15956.2,15957,0.8,142.9200021
2026-04-28T23:25:00+00:00,15956.7,15956.8,15956.25,15956.5,15956.3,15957.1,15956.5,15957.1,15956,15956.5,15956.3,15956.7,0.4,105.3000023
2026-04-28T23:30:00+00:00,15956.55,15959.1,15956.55,15958.9,15956.3,15956.8,15958.8,15959.4,15956.3,15956.8,15958.6,15959.2,0.6,154.2400033
2026-04-28T23:35:00+00:00,15959,15959.2,15958.55,15959.2,15958.7,15959.3,15958.9,15959.5,15958.3,15958.8,15958.9,15959.5,0.6,114.9000015
2026-04-28T23:40:00+00:00,15959.05,15959.75,15957.6,15957.75,15958.7,15959.4,15959.5,15960,15957.2,15958,15957.5,15958,0.5,130.3500022
2026-04-28T23:45:00+00:00,15957.7,15958.95,15957.1,15957.4,15957.4,15958,15958.6,15959.3,15956.8,15957.4,15957.1,15957.7,0.6,240.3000045
2026-04-28T23:50:00+00:00,15957.3,15957.3,15955.9,15956.35,15957,15957.6,15957,15957.6,15955.6,15956.2,15956,15956.7,0.7,173.4000044
2026-04-28T23:55:00+00:00,15956.55,15956.75,15955.95,15956,15956.3,15956.8,15956.5,15957,15955.7,15956.2,15955.7,15956.3,0.6,172.2000036
2026-04-29T00:00:00+00:00,15955.9,15956.45,15953.6,15953.85,15955.7,15956.1,15956.1,15956.8,15953.4,15953.8,15953.5,15954.2,0.7,1095.020019
2026-04-29T00:05:00+00:00,15953.85,15956.65,15953.7,15955.6,15953.4,15954.3,15956.4,15956.9,15953.4,15954,15955.3,15955.9,0.6,598.5400102
2026-04-29T00:10:00+00:00,15955.65,15956.35,15955.25,15955.65,15955.4,15955.9,15956.1,15956.6,15955,15955.5,15955.4,15955.9,0.5,425.2500056
2026-04-29T00:15:00+00:00,15955.7,15958.6,15954.85,15957.75,15955.4,15956,15958.4,15958.8,15954.5,15955.2,15957.6,15957.9,0.3,317.9500057
2026-04-29T00:20:00+00:00,15957.65,15959.3,15956.95,15957.25,15957.4,15957.9,15959.1,15959.5,15956.6,15957.3,15956.9,15957.6,0.7,607.5700052
2026-04-29T00:25:00+00:00,15957.35,15958.5,15956.95,15957.25,15957.2,15957.5,15958.2,15958.8,15956.6,15957.3,15956.9,15957.6,0.7,649.9500057
2026-04-29T00:30:00+00:00,15957.2,15957.35,15955.65,15956.1,15956.8,15957.6,15957.1,15957.6,15955.3,15956,15955.8,15956.4,0.6,310.5000055
2026-04-29T00:35:00+00:00,15956.2,15957.1,15955.2,15955.7,15956,15956.4,15956.9,15957.3,15955,15955.4,15955.5,15955.9,0.4,363.0000033
2026-04-29T00:40:00+00:00,15955.6,15955.6,15952.75,15953.45,15955.4,15955.8,15955.4,15955.8,15952.5,15953,15953.1,15953.8,0.7,443.5500069
2026-04-29T00:45:00+00:00,15953.4,15955.6,15952.95,15953.85,15953,15953.8,15955.4,15955.8,15952.7,15953.2,15953.6,15954.1,0.5,399.4500077
2026-04-29T00:50:00+00:00,15953.7,15956.2,15952.3,15953.75,15953.4,15954,15956,15956.4,15951.9,15952.7,15953.5,15954,0.5,926.3700142
2026-04-29T00:55:00+00:00,15953.8,15954.9,15951.9,15954.9,15953.5,15954.1,15954.6,15955.2,15951.6,15952.2,15954.6,15955.2,0.6,730.0600137
2026-04-29T01:00:00+00:00,15954.8,15964.75,15952.8,15963.6,15954.5,15955.1,15964.4,15965.1,15952.4,15953.2,15963.3,15963.9,0.6,1922.040033
2026-04-29T01:05:00+00:00,15963.55,15966.4,15961.1,15964.75,15963.2,15963.9,15966.1,15966.7,15960.8,15961.4,15964.5,15965,0.5,1436.850028
2026-04-29T01:10:00+00:00,15964.8,15964.8,15961.9,15963.9,15964.5,15965.1,15964.5,15965.1,15961.6,15962.2,15963.6,15964.2,0.6,906.340018
2026-04-29T01:15:00+00:00,15964.15,15965.3,15963,15963.8,15963.9,15964.4,15964.9,15965.7,15962.6,15963.4,15963.5,15964.1,0.6,833.1000128
2026-04-29T01:20:00+00:00,15963.9,15964.85,15962.1,15962.25,15963.6,15964.2,15964.6,15965.1,15961.8,15962.4,15961.9,15962.6,0.7,356.9800063
2026-04-29T01:25:00+00:00,15962.3,15963.3,15961.2,15963.25,15962,15962.6,15963,15963.6,15960.8,15961.6,15962.9,15963.6,0.7,605.7700105
2026-04-29T01:30:00+00:00,15963.3,15964.6,15958.2,15958.7,15963,15963.6,15964.3,15964.9,15957.9,15958.5,15958.4,15959,0.6,1923.43003
2026-04-29T01:35:00+00:00,15958.75,15962.1,15958.65,15960.7,15958.4,15959.1,15961.9,15962.3,15958.3,15959,15960.4,15961,0.6,1132.090013
2026-04-29T01:40:00+00:00,15960.75,15961.3,15955.65,15958.25,15960.5,15961,15961,15961.6,15955.4,15955.9,15957.9,15958.6,0.7,963.4500154
2026-04-29T01:45:00+00:00,15958,15963.65,15957.25,15962.25,15957.7,15958.3,15963.4,15963.9,15956.9,15957.6,15962,15962.5,0.5,921.6500167
2026-04-29T01:50:00+00:00,15962.3,15963.75,15961,15962.55,15962,15962.6,15963.5,15964,15960.7,15961.3,15962.3,15962.8,0.5,940.690015
2026-04-29T01:55:00+00:00,15962.6,15963.5,15960.1,15961.3,15962.3,15962.9,15963.2,15963.8,15959.8,15960.4,15961,15961.6,0.6,869.1300105
2026-04-29T02:00:00+00:00,15961,15961,15957.4,15959.55,15960.8,15961.2,15960.8,15961.2,15957.1,15957.7,15959.3,15959.8,0.5,581.4600103
2026-04-29T02:05:00+00:00,15959.85,15960.5,15957.35,15957.8,15959.6,15960.1,15960.2,15960.8,15957.1,15957.6,15957.5,15958.1,0.6,428.7900106
2026-04-29T02:10:00+00:00,15957.75,15959.6,15957.3,15959.6,15957.4,15958.1,15959.3,15959.9,15957,15957.6,15959.3,15959.9,0.6,555.0000079
2026-04-29T02:15:00+00:00,15959.45,15960.2,15957.3,15958.3,15959.2,15959.7,15959.9,15960.5,15957.1,15957.5,15958.1,15958.5,0.4,461.8600097
2026-04-29T02:20:00+00:00,15958.5,15960.5,15957.8,15960.4,15958.3,15958.7,15960.2,15960.8,15957.6,15958,15960,15960.8,0.8,270.7000047
2026-04-29T02:25:00+00:00,15960.3,15960.9,15958,15960.1,15960.1,15960.5,15960.6,15961.2,15957.7,15958.3,15959.8,15960.4,0.6,460.3500072
2026-04-29T02:30:00+00:00,15960.05,15962.45,15959.1,15961.2,15959.8,15960.3,15962.2,15962.7,15958.8,15959.4,15961,15961.4,0.4,647.1000088
2026-04-29T02:35:00+00:00,15961.15,15963.2,15961.15,15962.4,15960.9,15961.4,15962.9,15963.5,15960.9,15961.4,15962.1,15962.7,0.6,784.8000112
2026-04-29T02:40:00+00:00,15962.05,15962.95,15961.75,15962.25,15962,15962.1,15962.7,15963.2,15961.5,15962,15961.9,15962.6,0.7,462.3000062
2026-04-29T02:45:00+00:00,15962.2,15962.4,15961.1,15961.35,15961.9,15962.5,15962.1,15962.7,15960.8,15961.4,15961.1,15961.6,0.5,397.0500065
2026-04-29T02:50:00+00:00,15961.3,15962,15960.1,15961.4,15960.9,15961.7,15961.8,15962.2,15959.8,15960.4,15961.2,15961.6,0.4,392.1900027
2026-04-29T02:55:00+00:00,15961.45,15962.65,15960.95,15962.45,15961.2,15961.7,15962.5,15962.8,15960.7,15961.2,15962.2,15962.7,0.5,293.7000031
2026-04-29T03:00:00+00:00,15962.4,15962.45,15960.2,15961.55,15962.1,15962.7,15962.2,15962.7,15959.9,15960.5,15961.2,15961.9,0.7,700.6500084
2026-04-29T03:05:00+00:00,15961.5,15961.95,15960.25,15961.3,15961.3,15961.7,15961.7,15962.2,15959.9,15960.6,15960.9,15961.7,0.8,341.4400049
2026-04-29T03:10:00+00:00,15961.25,15961.75,15960.5,15961.4,15961,15961.5,15961.6,15961.9,15960.2,15960.8,15961.2,15961.6,0.4,219.6000059
2026-04-29T03:15:00+00:00,15961.5,15961.65,15960.5,15961.1,15961.2,15961.8,15961.4,15961.9,15960.2,15960.8,15960.8,15961.4,0.6,259.5000031
2026-04-29T03:20:00+00:00,15961.15,15961.25,15958.95,15960.15,15960.9,15961.4,15961,15961.5,15958.7,15959.2,15959.9,15960.4,0.5,282.9000043
2026-04-29T03:25:00+00:00,15960.3,15961.65,15959.95,15961.5,15960,15960.6,15961.4,15961.9,15959.7,15960.2,15961.3,15961.7,0.4,134.5500025
2026-04-29T03:30:00+00:00,15961.6,15962.75,15961.3,15962.55,15961.3,15961.9,15962.5,15963,15961,15961.6,15962.3,15962.8,0.5,190.200003
2026-04-29T03:35:00+00:00,15962.75,15963.65,15962.5,15962.6,15962.5,15963,15963.3,15964,15962.2,15962.8,15962.4,15962.8,0.4,341.850004
2026-04-29T03:40:00+00:00,15962.65,15963.7,15962.1,15962.6,15962.5,15962.8,15963.4,15964,15961.9,15962.3,15962.2,15963,0.8,208.5000036
2026-04-29T03:45:00+00:00,15962.7,15963.9,15961.75,15963.8,15962.4,15963,15963.6,15964.2,15961.4,15962.1,15963.5,15964.1,0.6,220.8000023
2026-04-29T03:50:00+00:00,15963.65,15963.75,15962.6,15962.65,15963.4,15963.9,15963.5,15964,15962.4,15962.8,15962.5,15962.8,0.3,121.8000021
2026-04-29T03:55:00+00:00,15962.6,15962.75,15961.3,15961.85,15962.4,15962.8,15962.4,15963.1,15961,15961.6,15961.6,15962.1,0.5,264.0000038
2026-04-29T04:00:00+00:00,15961.8,15962.7,15961.65,15962.25,15961.5,15962.1,15962.5,15962.9,15961.4,15961.9,15962,15962.5,0.5,237.8100049
2026-04-29T04:05:00+00:00,15962.3,15963.55,15962.3,15962.6,15962.1,15962.5,15963.4,15963.7,15962.1,15962.5,15962.4,15962.8,0.4,162.2600019
2026-04-29T04:10:00+00:00,15962.65,15964.35,15962.45,15963,15962.4,15962.9,15964.1,15964.6,15962.2,15962.7,15962.7,15963.3,0.6,210.3300049
2026-04-29T04:15:00+00:00,15963.15,15963.9,15962.7,15963.75,15963,15963.3,15963.5,15964.3,15962.3,15963.1,15963.4,15964.1,0.7,139.8000021
2026-04-29T04:20:00+00:00,15963.8,15963.9,15963.6,15963.85,15963.5,15964.1,15963.6,15964.2,15963.3,15963.9,15963.6,15964.1,0.5,72.00000167
2026-04-29T04:25:00+00:00,15963.8,15964.85,15963.8,15964.2,15963.5,15964.1,15964.6,15965.1,15963.5,15964.1,15963.9,15964.5,0.6,304.3500053
2026-04-29T04:30:00+00:00,15964.05,15964.05,15962.9,15963.6,15963.8,15964.3,15963.8,15964.3,15962.6,15963.2,15963.4,15963.8,0.4,255.0000039
2026-04-29T04:35:00+00:00,15963.85,15963.85,15962.55,15962.9,15963.6,15964.1,15963.6,15964.1,15962.3,15962.8,15962.5,15963.3,0.8,474.0000046
2026-04-29T04:40:00+00:00,15962.8,15963.05,15962.45,15962.8,15962.5,15963.1,15962.8,15963.3,15962.2,15962.7,15962.5,15963.1,0.6,224.4000037
2026-04-29T04:45:00+00:00,15962.7,15963.85,15962.6,15963.7,15962.4,15963,15963.6,15964.1,15962.3,15962.9,15963.5,15963.9,0.4,100.8000028
2026-04-29T04:50:00+00:00,15963.65,15963.85,15963.6,15963.7,15963.5,15963.8,15963.6,15964.1,15963.4,15963.8,15963.5,15963.9,0.4,28.80000067
2026-04-29T04:55:00+00:00,15963.65,15963.95,15962.55,15963.65,15963.4,15963.9,15963.7,15964.2,15962.3,15962.8,15963.4,15963.9,0.5,150.1800022
2026-04-29T05:00:00+00:00,15963.6,15964.75,15963.45,15963.65,15963.4,15963.8,15964.5,15965,15963.2,15963.7,15963.4,15963.9,0.5,165.4500018
2026-04-29T05:05:00+00:00,15963.75,15967.4,15963.65,15967.3,15963.5,15964,15966.9,15967.9,15963.4,15963.9,15966.9,15967.7,0.8,395.4700035
2026-04-29T05:10:00+00:00,15967.35,15967.5,15966.1,15967.25,15967,15967.7,15967.2,15967.8,15965.8,15966.4,15967,15967.5,0.5,290.8500054
2026-04-29T05:15:00+00:00,15967.05,15967.65,15966.45,15967.6,15966.8,15967.3,15967.3,15968,15966.2,15966.7,15967.3,15967.9,0.6,202.8000029
2026-04-29T05:20:00+00:00,15967.5,15967.5,15966.65,15967.25,15967.2,15967.8,15967.2,15967.8,15966.3,15967,15966.9,15967.6,0.7,140.4400016
2026-04-29T05:25:00+00:00,15967.3,15967.95,15965.55,15965.7,15967,15967.6,15967.7,15968.2,15965.4,15965.7,15965.6,15965.8,0.2,241.6500057
2026-04-29T05:30:00+00:00,15965.6,15968.45,15964.25,15967.75,15965.5,15965.7,15968.1,15968.8,15964.1,15964.4,15967.5,15968,0.5,525.900008
2026-04-29T05:35:00+00:00,15967.85,15969.55,15967.5,15968.7,15967.6,15968.1,15969.3,15969.8,15967.1,15967.9,15968.5,15968.9,0.4,356.6700062
2026-04-29T05:40:00+00:00,15968.55,15969,15967.15,15967.3,15968.4,15968.7,15968.6,15969.4,15966.9,15967.4,15967.1,15967.5,0.4,322.0200055
2026-04-29T05:45:00+00:00,15967.2,15969.05,15966,15968.9,15967,15967.4,15968.7,15969.4,15965.8,15966.2,15968.5,15969.3,0.8,645.9000082
2026-04-29T05:50:00+00:00,15968.9,15969.3,15968.15,15968.85,15968.5,15969.3,15969.1,15969.5,15967.9,15968.4,15968.6,15969.1,0.5,445.650005
2026-04-29T05:55:00+00:00,15969.1,15971.2,15968.7,15971.05,15968.7,15969.5,15970.9,15971.5,15968.5,15968.9,15970.8,15971.3,0.5,503.9400088
2026-04-29T06:00:00+00:00,15971.1,15971.15,15968.25,15968.45,15970.8,15971.4,15970.9,15971.4,15968.1,15968.4,15968.2,15968.7,0.5,1147.620012
2026-04-29T06:05:00+00:00,15968.65,15971.35,15967.2,15971.15,15968.5,15968.8,15971,15971.7,15967,15967.4,15970.9,15971.4,0.5,739.6100082
2026-04-29T06:10:00+00:00,15971.05,15973.45,15970.2,15973.15,15970.8,15971.3,15973.2,15973.7,15969.9,15970.5,15972.9,15973.4,0.5,784.3500087
2026-04-29T06:15:00+00:00,15973.5,15974,15971.7,15972.8,15973.3,15973.7,15973.8,15974.2,15971.4,15972,15972.5,15973.1,0.6,586.6500095
2026-04-29T06:20:00+00:00,15972.75,15973.95,15971.6,15972.65,15972.4,15973.1,15973.8,15974.1,15971.3,15971.9,15972.4,15972.9,0.5,611.4000077
2026-04-29T06:25:00+00:00,15972.55,15972.9,15970.75,15971.45,15972.2,15972.9,15972.7,15973.1,15970.5,15971,15971.2,15971.7,0.5,666.450006
2026-04-29T06:30:00+00:00,15971.5,15972.85,15971.25,15972.5,15971.3,15971.7,15972.7,15973,15971,15971.5,15972.3,15972.7,0.4,808.5000039
2026-04-29T06:35:00+00:00,15972.55,15973.05,15967.1,15967.5,15972.3,15972.8,15973,15973.1,15966.9,15967.3,15967.2,15967.8,0.6,740.9200096
2026-04-29T06:40:00+00:00,15967.55,15969.45,15965.6,15968.85,15967.3,15967.8,15969.2,15969.7,15965.3,15965.9,15968.5,15969.2,0.7,1286.30001
2026-04-29T06:45:00+00:00,15969.05,15969.05,15963.75,15963.9,15968.8,15969.3,15968.8,15969.3,15963.5,15964,15963.7,15964.1,0.4,891.2400067
2026-04-29T06:50:00+00:00,15964.2,15965.7,15960.55,15964.9,15964,15964.4,15965.4,15966,15960.4,15960.7,15964.7,15965.1,0.4,1623.640013
2026-04-29T06:55:00+00:00,15964.85,15966,15962.8,15965.65,15964.7,15965,15965.8,15966.2,15962.6,15963,15965.5,15965.8,0.3,1509.880015
2026-04-29T07:00:00+00:00,15965.75,15966.9,15963.45,15963.55,15965.5,15966,15966.6,15967.2,15963.2,15963.7,15963.2,15963.9,0.7,1541.070021
2026-04-29T07:05:00+00:00,15963.6,15965,15962.35,15963,15963.4,15963.8,15964.7,15965.3,15962.1,15962.6,15962.8,15963.2,0.4,1675.100021
2026-04-29T07:10:00+00:00,15963,15965.1,15962.35,15963.9,15962.7,15963.3,15964.8,15965.4,15962.1,15962.6,15963.7,15964.1,0.4,1847.500018
2026-04-29T07:15:00+00:00,15963.85,15968.25,15963.75,15967.8,15963.6,15964.1,15968,15968.5,15963.5,15964,15967.6,15968,0.4,1676.510022
2026-04-29T07:20:00+00:00,15967.85,15970.35,15967.75,15968,15967.6,15968.1,15970.2,15970.5,15967.5,15968,15967.8,15968.2,0.4,911.9100128
2026-04-29T07:25:00+00:00,15967.95,15969.2,15963.95,15964.35,15967.7,15968.2,15969,15969.4,15963.8,15964.1,15964.2,15964.5,0.3,712.4800119
2026-04-29T07:30:00+00:00,15964.4,15965.35,15961.95,15962.75,15964.2,15964.6,15965.1,15965.6,15961.7,15962.2,15962.5,15963,0.5,1058.030016
2026-04-29T07:35:00+00:00,15962.7,15965.1,15962.65,15964.7,15962.5,15962.9,15964.9,15965.3,15962.5,15962.8,15964.4,15965,0.6,920.230018
2026-04-29T07:40:00+00:00,15964.75,15968.9,15964.15,15968.75,15964.5,15965,15968.8,15969,15963.9,15964.4,15968.5,15969,0.5,710.6100131
2026-04-29T07:45:00+00:00,15968.5,15970.25,15966.45,15968,15968.4,15968.6,15969.9,15970.6,15966.1,15966.8,15967.7,15968.3,0.6,896.2100145
2026-04-29T07:50:00+00:00,15967.95,15968,15965.4,15966.75,15967.8,15968.1,15967.8,15968.2,15965.2,15965.6,15966.5,15967,0.5,478.830007
2026-04-29T07:55:00+00:00,15967.1,15967.25,15964.1,15967.15,15966.9,15967.3,15967,15967.5,15963.9,15964.3,15966.9,15967.4,0.5,958.2200137
2026-04-29T08:00:00+00:00,15967,15970.25,15963.85,15970.2,15966.8,15967.2,15970.1,15970.4,15963.6,15964.1,15970,15970.4,0.4,1792.560026
2026-04-29T08:05:00+00:00,15970.3,15973.45,15969.35,15970.65,15970.1,15970.5,15973.3,15973.6,15969.1,15969.6,15970.4,15970.9,0.5,1657.050023
2026-04-29T08:10:00+00:00,15970.7,15973.95,15968.85,15972.8,15970.4,15971,15973.8,15974.1,15968.6,15969.1,15972.5,15973.1,0.6,1450.750018
2026-04-29T08:15:00+00:00,15972.85,15973.9,15971.2,15972.7,15972.6,15973.1,15973.7,15974.1,15971.1,15971.3,15972.5,15972.9,0.4,662.2500154
2026-04-29T08:20:00+00:00,15972.65,15974.7,15971.25,15973.95,15972.5,15972.8,15974.5,15974.9,15971.1,15971.4,15973.7,15974.2,0.5,830.370013
2026-04-29T08:25:00+00:00,15973.85,15974.5,15972.9,15974.45,15973.6,15974.1,15974.3,15974.7,15972.7,15973.1,15974.3,15974.6,0.3,639.75001
2026-04-29T08:30:00+00:00,15974.65,15978.45,15974.2,15977.75,15974.4,15974.9,15978.2,15978.7,15973.9,15974.5,15977.5,15978,0.5,992.0100132
2026-04-29T08:35:00+00:00,15977.65,15978.5,15975.9,15976.25,15977.4,15977.9,15978.3,15978.7,15975.7,15976.1,15976,15976.5,0.5,856.3500087
2026-04-29T08:40:00+00:00,15976.2,15978,15976,15976.6,15976,15976.4,15977.7,15978.3,15975.8,15976.2,15976.4,15976.8,0.4,640.650007
2026-04-29T08:45:00+00:00,15976.5,15978,15975.2,15977.8,15976.2,15976.8,15977.8,15978.2,15974.9,15975.5,15977.6,15978,0.4,448.9300027
2026-04-29T08:50:00+00:00,15977.85,15978.75,15976.75,15977.75,15977.7,15978,15978.5,15979,15976.5,15977,15977.5,15978,0.5,634.3200052
2026-04-29T08:55:00+00:00,15977.6,15978.65,15977.3,15978.35,15977.4,15977.8,15978.4,15978.9,15977,15977.6,15978.1,15978.6,0.5,478.8000045
2026-04-29T09:00:00+00:00,15978.2,15978.7,15975.3,15976.75,15978,15978.4,15978.5,15978.9,15975.1,15975.5,15976.6,15976.9,0.3,717.9900137
2026-04-29T09:05:00+00:00,15976.95,15977.75,15975.85,15977.4,15976.7,15977.2,15977.5,15978,15975.6,15976.1,15977,15977.8,0.8,585.7200098
2026-04-29T09:10:00+00:00,15977.35,15978,15976.4,15976.45,15977.1,15977.6,15977.7,15978.3,15976.1,15976.7,15976.2,15976.7,0.5,516.3300065
2026-04-29T09:15:00+00:00,15976.45,15977.8,15975.3,15976.75,15976.2,15976.7,15977.6,15978,15975,15975.6,15976.5,15977,0.5,568.5000066
2026-04-29T09:20:00+00:00,15977.05,15978.8,15976.5,15977.85,15976.9,15977.2,15978.5,15979.1,15976.3,15976.7,15977.6,15978.1,0.5,701.4000089
2026-04-29T09:25:00+00:00,15977.8,15979.35,15977.15,15979.1,15977.6,15978,15979.1,15979.6,15976.9,15977.4,15979,15979.2,0.2,413.0700068
2026-04-29T09:30:00+00:00,15979.2,15980.1,15978.4,15979.95,15979,15979.4,15979.9,15980.3,15978.1,15978.7,15979.6,15980.3,0.7,568.6500098
2026-04-29T09:35:00+00:00,15979.85,15981.85,15977.65,15980,15979.7,15980,15981.7,15982,15977.4,15977.9,15979.8,15980.2,0.4,825.9400105
2026-04-29T09:40:00+00:00,15980.2,15981.65,15978.8,15981.25,15980,15980.4,15981.5,15981.8,15978.5,15979.1,15981,15981.5,0.5,772.7100108
2026-04-29T09:45:00+00:00,15981.3,15983.95,15981.3,15981.7,15981,15981.6,15983.7,15984.2,15981,15981.6,15981.5,15981.9,0.4,900.000013
2026-04-29T09:50:00+00:00,15981.75,15982.85,15980.35,15981.75,15981.5,15982,15982.6,15983.1,15980.1,15980.6,15981.5,15982,0.5,798.8700111
2026-04-29T09:55:00+00:00,15981.8,15984.25,15981.5,15983.55,15981.6,15982,15984,15984.5,15981.3,15981.7,15983.3,15983.8,0.5,718.0500098
2026-04-29T10:00:00+00:00,15983.4,15984,15981.45,15981.65,15983.2,15983.6,15983.7,15984.3,15981.2,15981.7,15981.4,15981.9,0.5,726.7500116
2026-04-29T10:05:00+00:00,15981.8,15982,15980.05,15980.05,15981.6,15982,15981.8,15982.2,15979.8,15980.3,15979.8,15980.3,0.5,501.7500082
2026-04-29T10:10:00+00:00,15980.15,15981.5,15978.85,15979.05,15979.8,15980.5,15981.3,15981.7,15978.6,15979.1,15978.7,15979.4,0.7,478.3900084
2026-04-29T10:15:00+00:00,15979.1,15979.15,15976.35,15976.8,15978.9,15979.3,15978.9,15979.4,15976.2,15976.5,15976.6,15977,0.4,488.4000052
2026-04-29T10:20:00+00:00,15976.75,15977.9,15976.3,15977.85,15976.6,15976.9,15977.7,15978.1,15976.1,15976.5,15977.6,15978.1,0.5,179.4300035
2026-04-29T10:25:00+00:00,15977.95,15979.4,15977.8,15978.85,15977.7,15978.2,15979.2,15979.6,15977.5,15978.1,15978.7,15979,0.3,382.1700076
2026-04-29T10:30:00+00:00,15978.8,15978.8,15976.25,15976.75,15978.7,15978.9,15978.7,15978.9,15975.9,15976.6,15976.5,15977,0.5,337.4400048
2026-04-29T10:35:00+00:00,15976.7,15976.7,15975,15976.65,15976.5,15976.9,15976.5,15976.9,15974.8,15975.2,15976.4,15976.9,0.5,622.1400094
2026-04-29T10:40:00+00:00,15976.7,15978.9,15976.4,15978.35,15976.5,15976.9,15978.7,15979.1,15976.1,15976.7,15978.1,15978.6,0.5,353.9100066
2026-04-29T10:45:00+00:00,15978.25,15978.9,15977.45,15977.8,15978,15978.5,15978.6,15979.2,15977.2,15977.7,15977.5,15978.1,0.6,350.3700033
2026-04-29T10:50:00+00:00,15977.75,15977.9,15976.2,15976.4,15977.5,15978,15977.7,15978.1,15975.9,15976.5,15976.2,15976.6,0.4,332.5500054
2026-04-29T10:55:00+00:00,15976.35,15977.95,15975.4,15975.7,15976,15976.7,15977.7,15978.2,15975.2,15975.6,15975.4,15976,0.6,456.8400062
2026-04-29T11:00:00+00:00,15975.25,15979.6,15974,15977.55,15975.1,15975.4,15979.3,15979.9,15973.8,15974.2,15977.4,15977.7,0.3,946.090013
2026-04-29T11:05:00+00:00,15977.5,15982.9,15977.5,15981.6,15977.3,15977.7,15982.7,15983.1,15977.3,15977.7,15981.4,15981.8,0.4,886.8600165
2026-04-29T11:10:00+00:00,15981.65,15982.85,15980,15981.75,15981.5,15981.8,15982.6,15983.1,15979.7,15980.3,15981.5,15982,0.5,921.18001
2026-04-29T11:15:00+00:00,15981.8,15983.05,15980.85,15982.3,15981.5,15982.1,15982.8,15983.3,15980.6,15981.1,15982,15982.6,0.6,924.0000083
2026-04-29T11:20:00+00:00,15982.25,15983.2,15981.5,15982.9,15982,15982.5,15983,15983.4,15981.3,15981.7,15982.6,15983.2,0.6,809.7600093
2026-04-29T11:25:00+00:00,15983,15984.2,15982.65,15983.95,15982.7,15983.3,15983.9,15984.5,15982.3,15983,15983.7,15984.2,0.5,778.4700081
2026-04-29T11:30:00+00:00,15984.05,15984.95,15983.1,15983.4,15983.8,15984.3,15984.7,15985.2,15982.9,15983.3,15983.2,15983.6,0.4,1013.640015
2026-04-29T11:35:00+00:00,15983.15,15983.8,15979.45,15983.8,15982.9,15983.4,15983.5,15984.1,15979.2,15979.7,15983.5,15984.1,0.6,778.110011
2026-04-29T11:40:00+00:00,15983.75,15985.05,15983.3,15984.7,15983.4,15984.1,15984.9,15985.2,15983,15983.6,15984.5,15984.9,0.4,496.7200097
2026-04-29T11:45:00+00:00,15984.75,15985.1,15982.95,15984.55,15984.6,15984.9,15984.8,15985.4,15982.7,15983.2,15984.3,15984.8,0.5,622.3500091
2026-04-29T11:50:00+00:00,15984.65,15985.1,15984.4,15984.95,15984.5,15984.8,15984.9,15985.3,15984.2,15984.6,15984.7,15985.2,0.5,598.0500076
2026-04-29T11:55:00+00:00,15984.9,15985.25,15984.25,15984.65,15984.7,15985.1,15985.1,15985.4,15984,15984.5,15984.4,15984.9,0.5,366.9000041
2026-04-29T12:00:00+00:00,15984.7,15985.05,15982.45,15984.05,15984.5,15984.9,15984.8,15985.3,15982.2,15982.7,15983.8,15984.3,0.5,500.67001
2026-04-29T12:05:00+00:00,15983.95,15984.35,15981.65,15984.3,15983.8,15984.1,15984.1,15984.6,15981.5,15981.8,15984.1,15984.5,0.4,791.1900115
2026-04-29T12:10:00+00:00,15984.25,15985.45,15983.8,15985.2,15984,15984.5,15985.4,15985.5,15983.5,15984.1,15985.1,15985.3,0.2,500.2600093
2026-04-29T12:15:00+00:00,15985.2,15985.65,15982.95,15983.95,15985.1,15985.3,15985.4,15985.9,15982.7,15983.2,15983.7,15984.2,0.5,594.9400105
2026-04-29T12:20:00+00:00,15983.8,15986.55,15982.9,15986.05,15983.6,15984,15986.4,15986.7,15982.6,15983.2,15985.8,15986.3,0.5,1220.340019
2026-04-29T12:25:00+00:00,15986,15986.05,15984.05,15984.7,15985.7,15986.3,15985.7,15986.4,15983.9,15984.2,15984.3,15985.1,0.8,625.9500052
2026-04-29T12:30:00+00:00,15984.35,15990.15,15984.3,15989.3,15984.1,15984.6,15989.9,15990.4,15984.1,15984.5,15989,15989.6,0.6,1672.55002
2026-04-29T12:35:00+00:00,15989.35,15993.75,15987.75,15992.75,15989.1,15989.6,15993.6,15993.9,15987.5,15988,15992.5,15993,0.5,1529.200018
2026-04-29T12:40:00+00:00,15992.8,15994.05,15992.35,15993.05,15992.6,15993,15993.8,15994.3,15992.1,15992.6,15992.8,15993.3,0.5,1496.460015
2026-04-29T12:45:00+00:00,15993.1,15994.8,15991.35,15994.35,15992.9,15993.3,15994.6,15995,15991.1,15991.6,15994.2,15994.5,0.3,1252.880013
2026-04-29T12:50:00+00:00,15994.25,15997.9,15993.9,15995.9,15994,15994.5,15997.8,15998,15993.7,15994.1,15995.6,15996.2,0.6,1534.830017
2026-04-29T12:55:00+00:00,15996,15997.9,15995.55,15997.65,15995.8,15996.2,15997.7,15998.1,15995.3,15995.8,15997.4,15997.9,0.5,1219.950014
2026-04-29T13:00:00+00:00,15997.4,15997.95,15995.55,15997.2,15997.2,15997.6,15997.7,15998.2,15995.3,15995.8,15997,15997.4,0.4,1657.200024
2026-04-29T13:05:00+00:00,15997.15,15997.85,15995.35,15996.5,15996.8,15997.5,15997.7,15998,15995,15995.7,15996.3,15996.7,0.4,1341.360019
2026-04-29T13:10:00+00:00,15996.4,15998.35,15995.4,15997.9,15996.2,15996.6,15998.2,15998.5,15995.1,15995.7,15997.7,15998.1,0.4,652.2600085
2026-04-29T13:15:00+00:00,15998.15,16001.45,15995.65,16000.6,15998,15998.3,16001.2,16001.7,15995.4,15995.9,16000.3,16000.9,0.6,1753.620013
2026-04-29T13:20:00+00:00,16000.8,16005.85,15998.75,16004.4,16000.5,16001.1,16005.5,16006.2,15998.5,15999,16004.2,16004.6,0.4,3217.660041
2026-04-29T13:25:00+00:00,16004.3,16008.4,16004.3,16007.1,16004,16004.6,16008.1,16008.7,16004,16004.6,16006.8,16007.4,0.6,2040.200018
2026-04-29T13:30:00+00:00,16007.45,16013.25,16005.3,16011.5,16007.3,16007.6,16013,16013.5,16005.1,16005.5,16011.3,16011.7,0.4,2994.580031
2026-04-29T13:35:00+00:00,16011.65,16013.55,16011.2,16012.1,16011.4,16011.9,16013.4,16013.7,16011,16011.4,16011.9,16012.3,0.4,2299.720028
2026-04-29T13:40:00+00:00,16012.15,16013.3,16010.6,16012.95,16011.9,16012.4,16013.1,16013.5,16010.4,16010.8,16012.7,16013.2,0.5,1505.530016
2026-04-29T13:45:00+00:00,16013.2,16016.95,16012.1,16016.75,16013.1,16013.3,16016.7,16017.2,16011.8,16012.4,16016.6,16016.9,0.3,1771.510021
2026-04-29T13:50:00+00:00,16016.75,16018.9,16014.8,16017.05,16016.6,16016.9,16018.7,16019.1,16014.5,16015.1,16016.8,16017.3,0.5,1846.210021
2026-04-29T13:55:00+00:00,16016.85,16019.1,16015.9,16018.45,16016.6,16017.1,16018.9,16019.3,16015.7,16016.1,16018.2,16018.7,0.5,1786.07002
2026-04-29T14:00:00+00:00,16018.6,16020,16017.9,16018.35,16018.3,16018.9,16019.7,16020.3,16017.8,16018,16018.2,16018.5,0.3,1569.94003
2026-04-29T14:05:00+00:00,16018.4,16019.95,16017.55,16018.45,16018.1,16018.7,16019.8,16020.1,16017.4,16017.7,16018.3,16018.6,0.3,1187.540019
2026-04-29T14:10:00+00:00,16018.55,16018.55,16012.4,16013.45,16018.3,16018.8,16018.3,16018.8,16012.1,16012.7,16013.3,16013.6,0.3,1752.98002
2026-04-29T14:15:00+00:00,16013.9,16014.6,16007.95,16009.2,16013.8,16014,16014.2,16015,16007.7,16008.2,16009,16009.4,0.4,1560.570021
2026-04-29T14:20:00+00:00,16009.1,16012.25,16006.05,16010.4,16008.8,16009.4,16012.1,16012.4,16005.7,16006.4,16010.2,16010.6,0.4,1701.510021
2026-04-29T14:25:00+00:00,16010.3,16012.05,16008.55,16011,16010,16010.6,16011.8,16012.3,16008.3,16008.8,16010.8,16011.2,0.4,1522.810015
2026-04-29T14:30:00+00:00,16010.95,16014.15,16009.65,16011.4,16010.7,16011.2,16013.9,16014.4,16009.4,16009.9,16011.1,16011.7,0.6,2481.920033
2026-04-29T14:35:00+00:00,16011.15,16012.9,16009.15,16012.8,16010.9,16011.4,16012.6,16013.2,16008.9,16009.4,16012.5,16013.1,0.6,1286.830015
2026-04-29T14:40:00+00:00,16012.8,16017.65,16011.1,16017.3,16012.6,16013,16017.4,16017.9,16010.9,16011.3,16017,16017.6,0.6,1520.44002
2026-04-29T14:45:00+00:00,16017.15,16018.45,16014.85,16017.3,16016.8,16017.5,16018.2,16018.7,16014.6,16015.1,16017.1,16017.5,0.4,1234.900017
2026-04-29T14:50:00+00:00,16017.25,16017.3,16001.35,16005.8,16017.1,16017.4,16017.1,16017.5,16001.1,16001.6,16005.5,16006.1,0.6,2252.070029
2026-04-29T14:55:00+00:00,16005.85,16012.7,16005.75,16010.15,16005.6,16006.1,16012.6,16012.8,16005.5,16006,16010,16010.3,0.3,3030.570035
2026-04-29T15:00:00+00:00,16010.2,16015.05,16009.55,16013.95,16010,16010.4,16014.8,16015.3,16009.2,16009.9,16013.7,16014.2,0.5,2695.710035
2026-04-29T15:05:00+00:00,16014.05,16018.45,16011.95,16018.45,16013.9,16014.2,16018.2,16018.7,16011.7,16012.2,16018.2,16018.7,0.5,1511.320018
2026-04-29T15:10:00+00:00,16018.45,16019.85,16017.1,16019.6,16018.2,16018.7,16019.7,16020,16016.9,16017.3,16019.4,16019.8,0.4,870.6100154
2026-04-29T15:15:00+00:00,16019.65,16020.1,16017.45,16019.4,16019.5,16019.8,16019.9,16020.3,16017.1,16017.8,16019.2,16019.6,0.4,859.7800131
2026-04-29T15:20:00+00:00,16019.35,16020.05,16017.85,16019.65,16019.1,16019.6,16019.9,16020.2,16017.6,16018.1,16019.4,16019.9,0.5,1418.900017
2026-04-29T15:25:00+00:00,16019.35,16024.55,16018.5,16022.7,16019.2,16019.5,16024.4,16024.7,16018.2,16018.8,16022.5,16022.9,0.4,1176.490016
2026-04-29T15:30:00+00:00,16022.6,16024.6,16021.3,16023.65,16022.5,16022.7,16024.4,16024.8,16021.1,16021.5,16023.4,16023.9,0.5,1848.730027
2026-04-29T15:35:00+00:00,16023.35,16024.25,16022.05,16022.05,16023.3,16023.4,16024,16024.5,16021.9,16022.2,16021.9,16022.2,0.3,1158.64002
2026-04-29T15:40:00+00:00,16022,16022.55,16019.75,16020.2,16021.9,16022.1,16022.3,16022.8,16019.5,16020,16019.9,16020.5,0.6,988.7100136
2026-04-29T15:45:00+00:00,16020.25,16021.55,16018.65,16020.65,16020,16020.5,16021.3,16021.8,16018.4,16018.9,16020.4,16020.9,0.5,1175.480022
2026-04-29T15:50:00+00:00,16020.45,16032.65,16018.4,16026.05,16020.2,16020.7,16032.3,16033,16018.2,16018.6,16025.9,16026.2,0.3,4159.650062
2026-04-29T15:55:00+00:00,16026,16028.5,16022.15,16023.55,16025.8,16026.2,16028.2,16028.8,16021.9,16022.4,16023.3,16023.8,0.5,3077.280047
2026-04-29T16:00:00+00:00,16023.5,16024.7,16017.45,16018.25,16023.2,16023.8,16024.4,16025,16017.3,16017.6,16018,16018.5,0.5,2150.510028
2026-04-29T16:05:00+00:00,16018.35,16021.3,16017.2,16018.75,16018.1,16018.6,16021,16021.6,16016.9,16017.5,16018.5,16019,0.5,1139.340019
2026-04-29T16:10:00+00:00,16018.7,16025.5,16017,16024.95,16018.4,16019,16025.2,16025.8,16016.7,16017.3,16024.7,16025.2,0.5,1275.920019
2026-04-29T16:15:00+00:00,16024.8,16025,16022.7,16024.1,16024.6,16025,16024.8,16025.2,16022.5,16022.9,16023.8,16024.4,0.6,1001.760019
2026-04-29T16:20:00+00:00,16024.35,16024.9,16021.2,16021.35,16024.1,16024.6,16024.6,16025.2,16020.9,16021.5,16021.1,16021.6,0.5,1042.860016
2026-04-29T16:25:00+00:00,16021.3,16022.1,16018.15,16022.05,16021.1,16021.5,16021.8,16022.4,16017.8,16018.5,16021.7,16022.4,0.7,1005.030014
2026-04-29T16:30:00+00:00,16022.25,16025.25,16021.2,16024.65,16022,16022.5,16025,16025.5,16021,16021.4,16024.4,16024.9,0.5,2225.510024
2026-04-29T16:35:00+00:00,16024.6,16026.45,16021.8,16023.3,16024.3,16024.9,16026.2,16026.7,16021.6,16022,16023.1,16023.5,0.4,1140.390018
2026-04-29T16:40:00+00:00,16023.35,16029.15,16023.2,16028.85,16023.1,16023.6,16028.8,16029.5,16022.9,16023.5,16028.6,16029.1,0.5,1393.660027
2026-04-29T16:45:00+00:00,16028.35,16030.35,16027.35,16029.25,16028.2,16028.5,16030.1,16030.6,16027.1,16027.6,16028.9,16029.6,0.7,1156.500018
2026-04-29T16:50:00+00:00,16029.35,16031.2,16028.8,16030,16029.1,16029.6,16030.9,16031.5,16028.6,16029,16029.7,16030.3,0.6,997.5900143
2026-04-29T16:55:00+00:00,16030.05,16031.85,16028.75,16031.1,16029.8,16030.3,16031.6,16032.1,16028.4,16029.1,16030.8,16031.4,0.6,978.1500099
2026-04-29T17:00:00+00:00,16031.15,16034.8,16029.1,16033.35,16030.9,16031.4,16034.6,16035,16028.8,16029.4,16033.2,16033.5,0.3,1467.470017
2026-04-29T17:05:00+00:00,16033.5,16036.65,16031.5,16036.5,16033.2,16033.8,16036.4,16036.9,16031.3,16031.7,16036.2,16036.8,0.6,1329.270016
2026-04-29T17:10:00+00:00,16036.35,16036.35,16033.95,16034.05,16036.1,16036.6,16036.1,16036.6,16033.7,16034.2,16033.8,16034.3,0.5,623.9800141
2026-04-29T17:15:00+00:00,16034.1,16035.1,16032.1,16033.05,16033.9,16034.3,16034.8,16035.4,16031.9,16032.3,16032.9,16033.2,0.3,1084.520015
2026-04-29T17:20:00+00:00,16033.25,16033.9,16030.4,16031.4,16033.1,16033.4,16033.6,16034.2,16030.2,16030.6,16031.1,16031.7,0.6,1753.320032
2026-04-29T17:25:00+00:00,16031.35,16032.75,16030.15,16031.75,16031.1,16031.6,16032.5,16033,16029.9,16030.4,16031.5,16032,0.5,945.8900126
2026-04-29T17:30:00+00:00,16031.7,16032.3,16027.65,16028.95,16031.4,16032,16032.1,16032.5,16027.3,16028,16028.7,16029.2,0.5,1326.210021
2026-04-29T17:35:00+00:00,16028.9,16031.4,16028.4,16031.25,16028.6,16029.2,16031.1,16031.7,16028.1,16028.7,16031,16031.5,0.5,789.6000105
2026-04-29T17:40:00+00:00,16031.2,16031.5,16027.6,16028.5,16031,16031.4,16031.2,16031.8,16027.3,16027.9,16028.2,16028.8,0.6,1314.270023
2026-04-29T17:45:00+00:00,16028.4,16029.85,16025,16028.25,16028.2,16028.6,16029.5,16030.2,16024.7,16025.3,16028,16028.5,0.5,1512.740027
2026-04-29T17:50:00+00:00,16028.4,16029.7,16025.25,16029.65,16028.1,16028.7,16029.4,16030,16025,16025.5,16029.3,16030,0.7,1277.760021
2026-04-29T17:55:00+00:00,16029.6,16030,16021.6,16022.05,16029.4,16029.8,16029.7,16030.3,16020.1,16023.1,16020.4,16023.7,3.3,833.2500169
2026-04-29T18:00:00+00:00,16022.1,16037.05,16017.1,16032.35,16020.5,16023.7,16036.8,16037.3,16016.7,16017.5,16032,16032.7,0.7,3982.010078
2026-04-29T18:05:00+00:00,16032.15,16039.1,16027.65,16038.2,16031.9,16032.4,16038.9,16039.3,16027.3,16028,16037.9,16038.5,0.6,3267.480054
2026-04-29T18:10:00+00:00,16038.15,16040.8,16032.75,16035.5,16037.9,16038.4,16040.6,16041,16032.5,16033,16035.3,16035.7,0.4,3215.220035
2026-04-29T18:15:00+00:00,16035.6,16036.6,16021.95,16026.05,16035.4,16035.8,16036.4,16036.8,16021.7,16022.2,16025.8,16026.3,0.5,3434.950047
2026-04-29T18:20:00+00:00,16026.2,16029.45,16024.9,16026.4,16025.9,16026.5,16029.2,16029.7,16024.6,16025.2,16026.2,16026.6,0.4,2345.18002
2026-04-29T18:25:00+00:00,16026.35,16030.4,16025.1,16028.7,16026.1,16026.6,16030.2,16030.6,16025,16025.2,16028.5,16028.9,0.4,2255.840032
2026-04-29T18:30:00+00:00,16028.65,16035.25,16028.1,16034.35,16028.4,16028.9,16035,16035.5,16027.8,16028.4,16034.1,16034.6,0.5,2308.970045
2026-04-29T18:35:00+00:00,16033.85,16039.35,16020.15,16034.05,16033.7,16034,16039,16039.7,16019.9,16020.4,16033.7,16034.4,0.7,3866.510064
2026-04-29T18:40:00+00:00,16034.35,16042.15,16033.9,16041.5,16034,16034.7,16042,16042.3,16033.6,16034.2,16041.3,16041.7,0.4,2463.260048
2026-04-29T18:45:00+00:00,16041.6,16042.75,16037.3,16038.55,16041.4,16041.8,16042.6,16042.9,16037,16037.6,16038.3,16038.8,0.5,3068.970043
2026-04-29T18:50:00+00:00,16038.45,16040.5,16034.85,16039.9,16038.3,16038.6,16040.2,16040.8,16034.6,16035.1,16039.5,16040.3,0.8,2646.560041
2026-04-29T18:55:00+00:00,16040.05,16040.15,16034.8,16035,16039.8,16040.3,16039.9,16040.4,16034.5,16035.1,16034.6,16035.4,0.8,2638.550045
2026-04-29T19:00:00+00:00,16035,16037.75,16031.1,16037.25,16034.8,16035.2,16037.5,16038,16030.8,16031.4,16037,16037.5,0.5,3289.150047
2026-04-29T19:05:00+00:00,16037.6,16039.85,16036,16038.45,16037.5,16037.7,16039.6,16040.1,16035.8,16036.2,16038.1,16038.8,0.7,2617.640041
2026-04-29T19:10:00+00:00,16038.55,16039.25,16030.4,16031.15,16038.3,16038.8,16039,16039.5,16030.1,16030.7,16030.9,16031.4,0.5,2338.160034
2026-04-29T19:15:00+00:00,16031.3,16032.8,16028.65,16031.45,16031.1,16031.5,16032.5,16033.1,16028.4,16028.9,16031.2,16031.7,0.5,2033.530025
2026-04-29T19:20:00+00:00,16031.5,16036.35,16031.3,16033.7,16031.2,16031.8,16036.1,16036.6,16031.1,16031.5,16033.5,16033.9,0.4,1681.370024
2026-04-29T19:25:00+00:00,16033.8,16037.75,16033.6,16036.2,16033.4,16034.2,16037.5,16038,16033.4,16033.8,16036,16036.4,0.4,1305.010018
2026-04-29T19:30:00+00:00,16036.3,16043.95,16033.4,16042.05,16036.1,16036.5,16043.7,16044.2,16033.1,16033.7,16041.8,16042.3,0.5,2160.780039
2026-04-29T19:35:00+00:00,16042.1,16043.05,16040.8,16041.9,16041.8,16042.4,16042.8,16043.3,16040.6,16041,16041.7,16042.1,0.4,984.8200123
2026-04-29T19:40:00+00:00,16041.85,16044.25,16041.55,16043.6,16041.7,16042,16044,16044.5,16041.3,16041.8,16043.4,16043.8,0.4,1152.850016
2026-04-29T19:45:00+00:00,16043.5,16043.5,16039.1,16039.2,16043.2,16043.8,16043.2,16043.8,16038.8,16039.4,16038.8,16039.6,0.8,1028.570014
2026-04-29T19:50:00+00:00,16039.5,16040.3,16036.2,16038.5,16039.4,16039.6,16040.1,16040.5,16036,16036.4,16038.2,16038.8,0.6,980.8900162
2026-04-29T19:55:00+00:00,16038.6,16040.65,16037.35,16038.2,16038.4,16038.8,16040.3,16041,16037.1,16037.6,16037.9,16038.5,0.6,1529.880021
2026-04-29T20:00:00+00:00,16038.35,16041,16035.7,16038.1,16038.1,16038.6,16040.6,16041.4,16035.5,16035.9,16037.8,16038.4,0.6,784.7600119
2026-04-29T20:05:00+00:00,16038.2,16041.65,16038.05,16040.75,16037.9,16038.5,16041.4,16041.9,16037.7,16038.4,16040.5,16041,0.5,268.2800053
2026-04-29T20:10:00+00:00,16040.65,16042.85,16037.2,16041.85,16040.4,16040.9,16042.4,16043.3,16037,16037.4,16041.6,16042.1,0.5,689.2300148
2026-04-29T20:15:00+00:00,16041.8,16042.25,16040.7,16040.85,16041.6,16042,16042,16042.5,16040.4,16041,16040.6,16041.1,0.5,604.4500073
2026-04-29T20:20:00+00:00,16040.75,16041.85,16040.4,16041.15,16040.4,16041.1,16041.5,16042.2,16040.1,16040.7,16040.8,16041.5,0.7,212.4800044
2026-04-29T20:25:00+00:00,16041.3,16043.35,16040.55,16042.8,16041.1,16041.5,16043.1,16043.6,16040.2,16040.9,16042.6,16043,0.4,282.7200065
2026-04-29T20:30:00+00:00,16042.65,16045.2,16042.05,16044.05,16042.4,16042.9,16044.9,16045.5,16041.8,16042.3,16043.8,16044.3,0.5,732.880011
2026-04-29T20:35:00+00:00,16044.1,16044.4,16041.75,16041.95,16043.9,16044.3,16044.1,16044.7,16041.5,16042,16041.7,16042.2,0.5,662.3100091
2026-04-29T20:40:00+00:00,16042,16043.65,16041.55,16043.3,16041.8,16042.2,16043.5,16043.8,16041.3,16041.8,16042.9,16043.7,0.8,291.2400037
2026-04-29T20:45:00+00:00,16043.15,16044.75,16041.85,16044.6,16042.9,16043.4,16044.4,16045.1,16041.6,16042.1,16044.2,16045,0.8,778.5900092
2026-04-29T20:50:00+00:00,16044.5,16046.2,16043.7,16045.7,16044.1,16044.9,16046,16046.4,16043.4,16044,16045.5,16045.9,0.4,1276.39001
2026-04-29T20:55:00+00:00,16045.25,16047.9,16041.45,16041.45,16044.8,16045.7,16047.4,16048.4,16039,16043.9,16039,16043.9,4.9,2099.940011
2026-04-29T21:00:00+00:00,16036.2,16042.85,16035.9,16040.8,16032.7,16039.7,16038.9,16046.8,16032.7,16039.1,16037.8,16043.8,6,53.93999946
2026-04-29T21:05:00+00:00,16040.8,16043.05,16039.45,16040.3,16037.4,16044.2,16038.5,16047.6,16034.8,16044.1,16035.6,16045,9.4,169.0500028
2026-04-29T21:10:00+00:00,16040.3,16040.35,16032.8,16037.45,16035.6,16045,16035.7,16045,16024.2,16041.4,16033.4,16041.5,8.1,92.40000117
2026-04-29T21:15:00+00:00,16034.75,16037.65,16032.6,16034.9,16028,16041.5,16033.1,16042.2,16028,16037.2,16032.1,16037.7,5.6,95.39999843
2026-04-29T21:20:00+00:00,16035.35,16037.65,16034.25,16035.4,16032.2,16038.5,16033.2,16042.1,16031.7,16036.8,16032.6,16038.2,5.6,105.5999989
2026-04-29T21:25:00+00:00,16035.3,16036.5,16032.55,16035.1,16032.6,16038,16033.1,16039.9,16029.2,16035.9,16033.1,16037.1,4,101.6999989
2026-04-29T21:30:00+00:00,16035.05,16036.95,16034,16035.65,16033,16037.1,16033.8,16040.1,16031.1,16036.9,16033.8,16037.5,3.7,50.69999993
2026-04-29T21:35:00+00:00,16035.15,16036.8,16034.05,16035.05,16033.2,16037.1,16034,16039.6,16031.3,16036.8,16032.9,16037.2,4.3,88.44000024
2026-04-29T21:40:00+00:00,16035.25,16035.9,16032.65,16033.85,16033.1,16037.4,16033.1,16038.7,16029.4,16035.9,16030.3,16037.4,7.1,146.6700011
2026-04-29T21:45:00+00:00,16033.6,16035.75,16031.85,16034.5,16030.3,16036.9,16032.7,16038.8,16029.1,16034.6,16032.5,16036.5,4,328.5000038
2026-04-29T21:50:00+00:00,16034.5,16035.9,16032.3,16034.9,16030.8,16038.2,16032.7,16039.1,16029.4,16035.2,16032.5,16037.3,4.8,229.2000032
2026-04-29T21:55:00+00:00,16034.8,16041.7,16034,16040.4,16032.1,16037.5,16036.2,16047.2,16031.1,16036.9,16036.2,16044.6,8.4,256.1100039
2026-04-29T22:00:00+00:00,16037.35,16044,16036.7,16043.05,16034.1,16040.6,16043.4,16044.6,16034.1,16039.3,16042.3,16043.8,1.5,537.5199918
2026-04-29T22:05:00+00:00,16042.45,16042.45,16039.05,16039.95,16042.1,16042.8,16042.1,16042.8,16038.7,16039.4,16039.6,16040.3,0.7,507.1600134
2026-04-29T22:10:00+00:00,16039.9,16040.6,16036.65,16039.4,16039.5,16040.3,16040.2,16041,16036.2,16037.1,16038.9,16039.9,1,607.5000093
2026-04-29T22:15:00+00:00,16039.3,16039.8,16035.2,16035.2,16038.8,16039.8,16039.4,16040.2,16034.8,16035.6,16034.8,16035.6,0.8,326.9100043
2026-04-29T22:20:00+00:00,16035.3,16036.15,16033.7,16034.1,16034.8,16035.8,16035.8,16036.5,16033.4,16034,16033.6,16034.6,1,632.6600114
2026-04-29T22:25:00+00:00,16034.1,16035.4,16032.6,16034.35,16033.6,16034.6,16034.9,16035.9,16032.2,16033,16034,16034.7,0.7,354.9200069
2026-04-29T22:30:00+00:00,16034.4,16035.75,16032.95,16034.45,16034.1,16034.7,16035.4,16036.1,16032.6,16033.3,16034.1,16034.8,0.7,393.230005
2026-04-29T22:35:00+00:00,16034.5,16035.65,16034.35,16035.55,16034.2,16034.8,16035.2,16036.1,16033.9,16034.8,16035.1,16036,0.9,172.8000025
2026-04-29T22:40:00+00:00,16035.5,16036.6,16034.4,16035.7,16035,16036,16036.3,16036.9,16034,16034.8,16035.4,16036,0.6,347.3800062
2026-04-29T22:45:00+00:00,16035.6,16035.8,16034.5,16034.65,16035.2,16036,16035.4,16036.2,16034.2,16034.8,16034.4,16034.9,0.5,171.1500034
2026-04-29T22:50:00+00:00,16034.7,16034.75,16033.35,16033.95,16034.3,16035.1,16034.4,16035.1,16033,16033.7,16033.5,16034.4,0.9,524.2200085
2026-04-29T22:55:00+00:00,16034,16034.05,16032.4,16032.95,16033.6,16034.4,16033.6,16034.5,16032,16032.8,16032.6,16033.3,0.7,805.4400148
2026-04-29T23:00:00+00:00,16032.8,16034.5,16031.15,16033.35,16032.6,16033,16034.1,16034.9,16030.9,16031.4,16032.9,16033.8,0.9,805.7000179
2026-04-29T23:05:00+00:00,16033.3,16034.9,16033.25,16034.1,16032.9,16033.7,16034.5,16035.3,16032.8,16033.7,16033.7,16034.5,0.8,536.670006
2026-04-29T23:10:00+00:00,16033.95,16034.35,16029.45,16029.7,16033.7,16034.2,16034.1,16034.6,16029.2,16029.7,16029.6,16029.8,0.2,490.0500115
2026-04-29T23:15:00+00:00,16029.75,16029.75,16025.45,16028.35,16029.6,16029.9,16029.6,16029.9,16025.2,16025.7,16028.2,16028.5,0.3,336.0700099
2026-04-29T23:20:00+00:00,16028.45,16029.4,16027.3,16028.35,16028.2,16028.7,16029.2,16029.6,16027,16027.6,16028.2,16028.5,0.3,336.7500068
2026-04-29T23:25:00+00:00,16028.3,16029.3,16025.65,16026.8,16028.1,16028.5,16029.1,16029.5,16025.4,16025.9,16026.6,16027,0.4,271.350009
2026-04-29T23:30:00+00:00,16026.9,16029.3,16024.75,16025.3,16026.5,16027.3,16029,16029.6,16024.6,16024.9,16025.1,16025.5,0.4,594.8400137
2026-04-29T23:35:00+00:00,16025.25,16025.5,16021.55,16021.65,16025,16025.5,16025.2,16025.8,16021.2,16021.9,16021.4,16021.9,0.5,269.4000056
2026-04-29T23:40:00+00:00,16022.35,16022.65,16015.35,16015.9,16022.3,16022.4,16022.3,16023,16015.1,16015.6,16015.6,16016.2,0.6,561.4300104
2026-04-29T23:45:00+00:00,16015.55,16017.7,16015.45,16017.45,16015.3,16015.8,16017.3,16018.1,16015.1,16015.8,16017,16017.9,0.9,550.1500087
2026-04-29T23:50:00+00:00,16017.65,16019.2,16016.7,16017.6,16017.1,16018.2,16018.9,16019.5,16016.4,16017,16017.2,16018,0.8,555.6500103
2026-04-29T23:55:00+00:00,16017.7,16020.2,16017.35,16020.15,16017.4,16018,16019.9,16020.5,16017.1,16017.6,16019.9,16020.4,0.5,454.860007
2026-04-30T00:00:00+00:00,16020.05,16020.05,16014.1,16018.7,16019.8,16020.3,16019.8,16020.3,16013.8,16014.4,16018.4,16019,0.6,2120.470037
2026-04-30T00:05:00+00:00,16018.75,16020.55,16008.1,16008.55,16018.5,16019,16020.3,16020.8,16007.9,16008.3,16008.3,16008.8,0.5,1783.800034
2026-04-30T00:10:00+00:00,16008.6,16010.2,16007.5,16009.25,16008.3,16008.9,16009.9,16010.5,16007.3,16007.7,16009,16009.5,0.5,1029.050014
2026-04-30T00:15:00+00:00,16009.05,16013.05,16008.85,16011.45,16008.8,16009.3,16012.8,16013.3,16008.6,16009.1,16011.3,16011.6,0.3,1066.59002
2026-04-30T00:20:00+00:00,16011.6,16013.15,16011.15,16012.95,16011.4,16011.8,16012.9,16013.4,16010.9,16011.4,16012.8,16013.1,0.3,768.270017
2026-04-30T00:25:00+00:00,16013,16015.45,16009.65,16014.5,16012.8,16013.2,16015.1,16015.8,16009.5,16009.8,16014.3,16014.7,0.4,789.0200161
2026-04-30T00:30:00+00:00,16014.45,16017.35,16013.55,16017.3,16014.3,16014.6,16017.2,16017.5,16013.4,16013.7,16017.1,16017.5,0.4,534.4000127
2026-04-30T00:35:00+00:00,16017.1,16019.1,16015.4,16015.75,16016.9,16017.3,16018.8,16019.4,16015.2,16015.6,16015.5,16016,0.5,663.2600121
2026-04-30T00:40:00+00:00,16015.8,16021.1,16015.7,16019.5,16015.6,16016,16020.8,16021.4,16015.5,16015.9,16019.2,16019.8,0.6,969.5900115
2026-04-30T00:45:00+00:00,16019.4,16020.55,16017.05,16017.45,16019.1,16019.7,16020.3,16020.8,16016.7,16017.4,16017.2,16017.7,0.5,825.4600159
2026-04-30T00:50:00+00:00,16017.8,16029,16017.7,16026.7,16017.5,16018.1,16028.8,16029.2,16017.5,16017.9,16026.4,16027,0.6,2977.040041
2026-04-30T00:55:00+00:00,16026.8,16030.65,16025.95,16029.7,16026.6,16027,16030.4,16030.9,16025.8,16026.1,16029.5,16029.9,0.4,1843.630031
2026-04-30T01:00:00+00:00,16030.15,16032,16025.2,16028.65,16030,16030.3,16031.7,16032.3,16025,16025.4,16028.4,16028.9,0.5,1595.310027
2026-04-30T01:05:00+00:00,16028.7,16030,16025.4,16027.65,16028.4,16029,16029.8,16030.2,16025.1,16025.7,16027.4,16027.9,0.5,1155.530021
2026-04-30T01:10:00+00:00,16027.7,16030.55,16027.35,16028.35,16027.4,16028,16030.3,16030.8,16027.1,16027.6,16028,16028.7,0.7,1178.090016
2026-04-30T01:15:00+00:00,16028.3,16029.85,16022.95,16023.75,16027.9,16028.7,16029.6,16030.1,16022.7,16023.2,16023.5,16024,0.5,927.4600201
2026-04-30T01:20:00+00:00,16024.2,16028.55,16023.25,16024.6,16024,16024.4,16028.3,16028.8,16023,16023.5,16024.4,16024.8,0.4,781.2000164
2026-04-30T01:25:00+00:00,16024.65,16027.5,16023.05,16024.35,16024.5,16024.8,16027.3,16027.7,16022.7,16023.4,16024.1,16024.6,0.5,746.6200126
2026-04-30T01:30:00+00:00,16024.55,16027.05,16021.8,16025.95,16024.3,16024.8,16026.8,16027.3,16021.6,16022,16025.7,16026.2,0.5,886.9700149
2026-04-30T01:35:00+00:00,16025.85,16028.75,16024.85,16027.85,16025.6,16026.1,16028.5,16029,16024.6,16025.1,16027.5,16028.2,0.7,1128.16002
2026-04-30T01:40:00+00:00,16027.6,16029.25,16027.15,16028.05,16027.3,16027.9,16029,16029.5,16026.9,16027.4,16027.8,16028.3,0.5,500.4600093
2026-04-30T01:45:00+00:00,16028.15,16029.55,16023.1,16024.25,16027.9,16028.4,16029.3,16029.8,16022.8,16023.4,16024,16024.5,0.5,889.6300186
2026-04-30T01:50:00+00:00,16024.3,16025.85,16021.2,16021.35,16024.1,16024.5,16025.6,16026.1,16020.9,16021.5,16021.1,16021.6,0.5,1167.340023
2026-04-30T01:55:00+00:00,16021.3,16024,16021.3,16022.75,16021.1,16021.5,16023.8,16024.2,16021.1,16021.5,16022.5,16023,0.5,1018.320023
2026-04-30T02:00:00+00:00,16022.95,16027.8,16021.45,16024.45,16022.8,16023.1,16027.4,16028.2,16021.3,16021.6,16024.2,16024.7,0.5,913.5900134
2026-04-30T02:05:00+00:00,16024.55,16025.95,16023.25,16025.65,16024.3,16024.8,16025.7,16026.2,16023,16023.5,16025.4,16025.9,0.5,769.9000118
2026-04-30T02:10:00+00:00,16025.75,16026.1,16023.4,16024.55,16025.4,16026.1,16025.8,16026.4,16023.2,16023.6,16024.3,16024.8,0.5,692.6000115
2026-04-30T02:15:00+00:00,16024.65,16028.85,16024,16028.75,16024.5,16024.8,16028.6,16029.1,16023.8,16024.2,16028.4,16029.1,0.7,595.8700101
2026-04-30T02:20:00+00:00,16028.85,16029.75,16027.95,16028.25,16028.6,16029.1,16029.5,16030,16027.7,16028.2,16028,16028.5,0.5,496.9000077
2026-04-30T02:25:00+00:00,16028,16031.8,16027.7,16030.75,16027.8,16028.2,16031.6,16032,16027.5,16027.9,16030.4,16031.1,0.7,501.5500079
2026-04-30T02:30:00+00:00,16030.8,16036,16030.65,16032.7,16030.5,16031.1,16035.8,16036.2,16030.4,16030.9,16032.4,16033,0.6,3153.800033
2026-04-30T02:35:00+00:00,16032.5,16037.35,16032.25,16036.05,16032.2,16032.8,16037.2,16037.5,16031.9,16032.6,16035.8,16036.3,0.5,1320.370019
2026-04-30T02:40:00+00:00,16036.15,16036.3,16032.75,16034.6,16035.9,16036.4,16036.1,16036.5,16032.5,16033,16034.4,16034.8,0.4,1254.090021
2026-04-30T02:45:00+00:00,16034.85,16040.05,16034.75,16039.5,16034.7,16035,16039.9,16040.2,16034.5,16035,16039.3,16039.7,0.4,1198.970019
2026-04-30T02:50:00+00:00,16039.45,16040.15,16037.9,16039.15,16039.2,16039.7,16039.9,16040.4,16037.7,16038.1,16038.9,16039.4,0.5,803.460014
2026-04-30T02:55:00+00:00,16039.25,16039.7,16033.65,16034.55,16039,16039.5,16039.4,16040,16033.4,16033.9,16034.3,16034.8,0.5,800.2600118
2026-04-30T03:00:00+00:00,16034.5,16034.7,16033.05,16033.95,16034.2,16034.8,16034.5,16034.9,16032.8,16033.3,16033.7,16034.2,0.5,549.4700119
2026-04-30T03:05:00+00:00,16034.25,16034.65,16032.1,16032.3,16034,16034.5,16034.5,16034.8,16031.9,16032.3,16032.1,16032.5,0.4,380.9000069
2026-04-30T03:10:00+00:00,16032.4,16038.5,16032.4,16037.45,16032.2,16032.6,16038.1,16038.9,16032.2,16032.6,16037.2,16037.7,0.5,1206.680019
2026-04-30T03:15:00+00:00,16037.35,16040.55,16037.25,16038.7,16037.1,16037.6,16040.4,16040.7,16037,16037.5,16038.4,16039,0.6,1254.720021
2026-04-30T03:20:00+00:00,16038.9,16040.5,16038.5,16039.6,16038.7,16039.1,16040.2,16040.8,16038.2,16038.8,16039.2,16040,0.8,485.4900086
2026-04-30T03:25:00+00:00,16039.45,16039.8,16037.15,16037.65,16039.1,16039.8,16039.5,16040.1,16036.9,16037.4,16037.3,16038,0.7,870.1400132
2026-04-30T03:30:00+00:00,16037.55,16038.5,16036.05,16037.1,16037.2,16037.9,16038.2,16038.8,16035.8,16036.3,16036.9,16037.3,0.4,926.930012
2026-04-30T03:35:00+00:00,16037,16037.75,16036.2,16037.4,16036.8,16037.2,16037.4,16038.1,16036.1,16036.3,16037.1,16037.7,0.6,443.8400097
2026-04-30T03:40:00+00:00,16037.5,16040.85,16037.5,16040.8,16037.3,16037.7,16040.6,16041.1,16037.3,16037.7,16040.6,16041,0.4,495.5800076
2026-04-30T03:45:00+00:00,16040.85,16041.45,16039.35,16039.6,16040.6,16041.1,16041.3,16041.6,16039.1,16039.6,16039.4,16039.8,0.4,297.9200051
2026-04-30T03:50:00+00:00,16039.65,16042.75,16039.35,16042.2,16039.5,16039.8,16042.6,16042.9,16039.1,16039.6,16042,16042.4,0.4,394.8000082
2026-04-30T03:55:00+00:00,16042.1,16042.7,16039.7,16042.5,16041.9,16042.3,16042.5,16042.9,16039.6,16039.8,16042.4,16042.6,0.2,291.7500066
2026-04-30T04:00:00+00:00,16042.6,16044.4,16042.15,16043.45,16042.4,16042.8,16044.2,16044.6,16041.9,16042.4,16043.2,16043.7,0.5,596.6000087
2026-04-30T04:05:00+00:00,16043.55,16043.85,16036.7,16039,16043.3,16043.8,16043.6,16044.1,16036.4,16037,16038.6,16039.4,0.8,1394.320022
2026-04-30T04:10:00+00:00,16038.95,16041.2,16038.2,16040.6,16038.7,16039.2,16040.9,16041.5,16037.9,16038.5,16040.5,16040.7,0.2,1016.840016
2026-04-30T04:15:00+00:00,16040.5,16044.4,16040.15,16043.45,16040.3,16040.7,16044.2,16044.6,16040,16040.3,16043.2,16043.7,0.5,626.2500114
2026-04-30T04:20:00+00:00,16043.4,16044.25,16042.1,16043.4,16043.2,16043.6,16044.1,16044.4,16041.9,16042.3,16043.3,16043.5,0.2,879.3500165
2026-04-30T04:25:00+00:00,16043.2,16053.95,16042.55,16047.35,16043,16043.4,16053.7,16054.2,16042.3,16042.8,16047.2,16047.5,0.3,2068.280039
2026-04-30T04:30:00+00:00,16047.9,16058.05,16047.15,16055.55,16047.8,16048,16057.8,16058.3,16046.9,16047.4,16055.3,16055.8,0.5,2920.940047
2026-04-30T04:35:00+00:00,16055.6,16057.7,16053.8,16056.55,16055.3,16055.9,16057.4,16058,16053.5,16054.1,16056.4,16056.7,0.3,1346.960019
2026-04-30T04:40:00+00:00,16056.45,16057.3,16053.65,16053.95,16056.2,16056.7,16056.9,16057.7,16053.3,16054,16053.7,16054.2,0.5,1009.000016
2026-04-30T04:45:00+00:00,16053.55,16053.65,16051.3,16052.6,16053.4,16053.7,16053.4,16053.9,16051,16051.6,16052.4,16052.8,0.4,599.2400155
2026-04-30T04:50:00+00:00,16052.6,16054.85,16051,16054.55,16052.3,16052.9,16054.7,16055,16050.7,16051.3,16054.4,16054.7,0.3,631.1000103
2026-04-30T04:55:00+00:00,16054.6,16054.9,16053.5,16053.95,16054.3,16054.9,16054.6,16055.2,16053.2,16053.8,16053.7,16054.2,0.5,532.3400078
2026-04-30T05:00:00+00:00,16054,16054.05,16050.8,16051.3,16053.6,16054.4,16053.7,16054.4,16050.6,16051,16051,16051.6,0.6,822.2100139
2026-04-30T05:05:00+00:00,16051.4,16052.2,16047.1,16047.4,16051.1,16051.7,16051.9,16052.5,16046.8,16047.4,16047.1,16047.7,0.6,944.2800126
2026-04-30T05:10:00+00:00,16047.45,16050.2,16046.55,16048.85,16047.1,16047.8,16049.9,16050.5,16046.3,16046.8,16048.6,16049.1,0.5,780.7600143
2026-04-30T05:15:00+00:00,16048.8,16052,16047.7,16051.1,16048.5,16049.1,16051.9,16052.1,16047.5,16047.9,16050.9,16051.3,0.4,457.2700099
2026-04-30T05:20:00+00:00,16051.05,16052.55,16050.55,16052.35,16050.9,16051.2,16052.3,16052.8,16050.4,16050.7,16052.1,16052.6,0.5,469.7200077
2026-04-30T05:25:00+00:00,16052.45,16056.25,16052.45,16055.6,16052.2,16052.7,16056,16056.5,16052.2,16052.7,16055.3,16055.9,0.6,565.3500062
2026-04-30T05:30:00+00:00,16055.95,16056.55,16053.8,16054.75,16055.7,16056.2,16056.3,16056.8,16053.6,16054,16054.5,16055,0.5,998.3500133
2026-04-30T05:35:00+00:00,16054.7,16055.65,16053.6,16055.1,16054.5,16054.9,16055.4,16055.9,16053.3,16053.9,16054.9,16055.3,0.4,727.6200106
2026-04-30T05:40:00+00:00,16055.15,16056.65,16053.75,16056.1,16054.9,16055.4,16056.4,16056.9,16053.5,16054,16055.9,16056.3,0.4,852.2600105
2026-04-30T05:45:00+00:00,16056.05,16058.35,16055.3,16057.9,16055.8,16056.3,16058.1,16058.6,16055.1,16055.5,16057.7,16058.1,0.4,935.3200154
2026-04-30T05:50:00+00:00,16057.95,16061.15,16055.95,16056.9,16057.7,16058.2,16061.1,16061.2,16055.7,16056.2,16056.6,16057.2,0.6,1359.250017
2026-04-30T05:55:00+00:00,16056.85,16065.55,16056.2,16065.5,16056.6,16057.1,16065.4,16065.7,16055.9,16056.5,16065.3,16065.7,0.4,1648.410019
2026-04-30T06:00:00+00:00,16065.75,16067.25,16058.6,16063.9,16065.5,16066,16067,16067.5,16058.5,16058.7,16063.5,16064.3,0.8,1562.670026
2026-04-30T06:05:00+00:00,16063.75,16066.7,16061.2,16066.65,16063.5,16064,16066.4,16067,16061.1,16061.3,16066.3,16067,0.7,1283.100017
2026-04-30T06:10:00+00:00,16066.85,16071.4,16066.65,16070.25,16066.7,16067,16071.1,16071.7,16066.3,16067,16070,16070.5,0.5,1603.340023
2026-04-30T06:15:00+00:00,16070.3,16072.55,16067.1,16067.55,16070,16070.6,16072.3,16072.8,16066.9,16067.3,16067.2,16067.9,0.7,1755.440019
2026-04-30T06:20:00+00:00,16067.55,16068.85,16065.15,16066.6,16067.2,16067.9,16068.6,16069.1,16064.9,16065.4,16066.3,16066.9,0.6,1544.870017
2026-04-30T06:25:00+00:00,16066.5,16067.7,16061.9,16062.3,16066.3,16066.7,16067.4,16068,16061.6,16062.2,16062.1,16062.5,0.4,1178.700018
2026-04-30T06:30:00+00:00,16062.25,16062.75,16053.7,16054.75,16062,16062.5,16062.5,16063,16053.4,16054,16054.5,16055,0.5,2154.350024
2026-04-30T06:35:00+00:00,16054.8,16060.45,16053.75,16060.25,16054.6,16055,16060.2,16060.7,16053.5,16054,16060.1,16060.4,0.3,2445.620026
2026-04-30T06:40:00+00:00,16060.2,16063.7,16059.85,16061.3,16060,16060.4,16063.5,16063.9,16059.7,16060,16061.1,16061.5,0.4,2471.950017
2026-04-30T06:45:00+00:00,16061.2,16061.75,16057.65,16059.95,16061,16061.4,16061.6,16061.9,16057.3,16058,16059.7,16060.2,0.5,2281.390013
2026-04-30T06:50:00+00:00,16059.85,16061.85,16058.35,16060.55,16059.6,16060.1,16061.6,16062.1,16058.1,16058.6,16060.3,16060.8,0.5,2078.160015
2026-04-30T06:55:00+00:00,16060.6,16063.45,16059.65,16061.25,16060.4,16060.8,16063.2,16063.7,16059.4,16059.9,16061,16061.5,0.5,2067.400015
2026-04-30T07:00:00+00:00,16061.5,16061.9,16056.35,16057.6,16061.4,16061.6,16061.7,16062.1,16056.1,16056.6,16057.3,16057.9,0.6,2232.92003
2026-04-30T07:05:00+00:00,16057.4,16058,16052,16052.6,16057.2,16057.6,16057.8,16058.2,16051.8,16052.2,16052.2,16053,0.8,2030.680026
2026-04-30T07:10:00+00:00,16052.55,16052.6,16047.5,16047.55,16052.3,16052.8,16052.3,16052.9,16047.3,16047.7,16047.4,16047.7,0.3,2223.470033
2026-04-30T07:15:00+00:00,16047.6,16048.5,16044.5,16046.15,16047.4,16047.8,16048.2,16048.8,16044.2,16044.8,16045.9,16046.4,0.5,2108.040027
2026-04-30T07:20:00+00:00,16046.2,16050.2,16045.85,16048.4,16046,16046.4,16049.9,16050.5,16045.6,16046.1,16048.2,16048.6,0.4,1452.750018
2026-04-30T07:25:00+00:00,16048.7,16051.9,16046.75,16047.3,16048.4,16049,16051.7,16052.1,16046.5,16047,16047.1,16047.5,0.4,1202.570019
2026-04-30T07:30:00+00:00,16047.25,16058.3,16047.25,16058.25,16047.1,16047.4,16058,16058.6,16047.1,16047.4,16058,16058.5,0.5,1458.890019
2026-04-30T07:35:00+00:00,16058.3,16060.05,16055.35,16057.05,16058.1,16058.5,16059.8,16060.3,16055.1,16055.6,16056.8,16057.3,0.5,1193.460017
2026-04-30T07:40:00+00:00,16057.15,16058.4,16056.45,16057.9,16056.9,16057.4,16058.2,16058.6,16056.2,16056.7,16057.7,16058.1,0.4,1231.860017
2026-04-30T07:45:00+00:00,16057.7,16059.8,16056.95,16058.15,16057.4,16058,16059.5,16060.1,16056.7,16057.2,16057.9,16058.4,0.5,801.9600083
2026-04-30T07:50:00+00:00,16058.2,16059.25,16056,16056.95,16058,16058.4,16059,16059.5,16055.8,16056.2,16056.7,16057.2,0.5,577.9200084
2026-04-30T07:55:00+00:00,16057.05,16057.35,15979,16013.5,16056.8,16057.3,16057.1,16057.6,15977.6,15980.4,16013.3,16013.7,0.4,5502.730092
2026-04-30T08:00:00+00:00,16013.7,16018.1,15993.1,16002.65,16013.3,16014.1,16017.6,16018.6,15992.7,15993.5,16002.4,16002.9,0.5,5800.170089
2026-04-30T08:05:00+00:00,16002.55,16008,15997.05,16002.9,16002.3,16002.8,16007.7,16008.3,15996.6,15997.5,16002.6,16003.2,0.6,5196.590077
2026-04-30T08:10:00+00:00,16003.2,16006.95,16000.4,16004.6,16002.7,16003.7,16006.7,16007.2,16000.2,16000.6,16004.3,16004.9,0.6,3627.590051
2026-04-30T08:15:00+00:00,16004.75,16009.9,15999.65,15999.65,16004.4,16005.1,16009.6,16010.2,15999.5,15999.8,15999.5,15999.8,0.3,3464.640049
2026-04-30T08:20:00+00:00,15999.6,16003.75,15992.5,15999.3,15999.3,15999.9,16003.4,16004.1,15992.2,15992.8,15998.9,15999.7,0.8,3393.010055
2026-04-30T08:25:00+00:00,15999.25,16003.8,15992.05,15992.1,15998.9,15999.6,16003.5,16004.1,15991.8,15992.3,15991.9,15992.3,0.4,2324.890038
2026-04-30T08:30:00+00:00,15992.15,15997.9,15988.15,15994.3,15991.8,15992.5,15997.7,15998.1,15987.9,15988.4,15994,15994.6,0.6,2209.660039
2026-04-30T08:35:00+00:00,15994.15,15996.8,15960.5,15974.95,15993.9,15994.4,15996.5,15997.1,15960.2,15960.8,15974.7,15975.2,0.5,3307.670064
2026-04-30T08:40:00+00:00,15975,15976.35,15964.85,15967.95,15974.7,15975.3,15975.9,15976.8,15964.6,15965.1,15967.6,15968.3,0.7,4196.780072
2026-04-30T08:45:00+00:00,15967.95,15973,15960.45,15964.65,15967.5,15968.4,15972.7,15973.3,15960.3,15960.6,15964.4,15964.9,0.5,3474.340058
2026-04-30T08:50:00+00:00,15964.6,15965,15946.5,15948.35,15964.3,15964.9,15964.7,15965.3,15946.1,15946.9,15948.2,15948.5,0.3,3099.140059
2026-04-30T08:55:00+00:00,15948,15959.1,15945.5,15959.05,15947.8,15948.2,15958.7,15959.5,15945.2,15945.8,15958.7,15959.4,0.7,2685.750047
2026-04-30T09:00:00+00:00,15958.35,15959.65,15943.7,15951.85,15958.2,15958.5,15959.4,15959.9,15943.4,15944,15951.6,15952.1,0.5,3272.990055
2026-04-30T09:05:00+00:00,15951.7,15952,15938.2,15938.4,15951.4,15952,15951.8,15952.2,15937.9,15938.5,15938.2,15938.6,0.4,3583.000051
2026-04-30T09:10:00+00:00,15938.5,15948.65,15930.65,15931.5,15938.2,15938.8,15948.3,15949,15930.4,15930.9,15931.2,15931.8,0.6,3474.180053
2026-04-30T09:15:00+00:00,15931.7,15937.35,15930.85,15936.15,15931.4,15932,15937,15937.7,15930.5,15931.2,15936,15936.3,0.3,2986.880045
2026-04-30T09:20:00+00:00,15936.3,15951.3,15936.15,15951.15,15936,15936.6,15951.1,15951.5,15935.8,15936.5,15950.9,15951.4,0.5,2747.330046
2026-04-30T09:25:00+00:00,15951.05,15951.8,15937.35,15937.6,15950.9,15951.2,15951.6,15952,15937,15937.7,15937.2,15938,0.8,3131.800042
2026-04-30T09:30:00+00:00,15937.5,15937.7,15922.4,15933.35,15937.1,15937.9,15937.4,15938,15922.1,15922.7,15933.1,15933.6,0.5,5316.920066
2026-04-30T09:35:00+00:00,15933.15,15938.95,15929.8,15937.25,15933,15933.3,15938.6,15939.3,15929.5,15930.1,15936.9,15937.6,0.7,2750.820056
2026-04-30T09:40:00+00:00,15937.2,15938.5,15931.3,15933.55,15936.9,15937.5,15938.2,15938.8,15931,15931.6,15933.3,15933.8,0.5,2669.340039
2026-04-30T09:45:00+00:00,15933.5,15936.05,15931.1,15932,15933.2,15933.8,15935.7,15936.4,15930.7,15931.5,15931.7,15932.3,0.6,2475.270038
2026-04-30T09:50:00+00:00,15931.85,15937.3,15930.95,15936.05,15931.6,15932.1,15937,15937.6,15930.7,15931.2,15935.8,15936.3,0.5,2032.670036
2026-04-30T09:55:00+00:00,15935.95,15942.2,15933.3,15934.25,15935.7,15936.2,15941.9,15942.5,15933,15933.6,15934,15934.5,0.5,2278.530033
2026-04-30T10:00:00+00:00,15934.15,15935.6,15926.7,15929.7,15933.9,15934.4,15935.3,15935.9,15926.4,15927,15929.4,15930,0.6,2953.300045
2026-04-30T10:05:00+00:00,15929.6,15930.95,15918.15,15921.7,15929.3,15929.9,15930.6,15931.3,15918,15918.3,15921.4,15922,0.6,2391.360034
2026-04-30T10:10:00+00:00,15921.55,15925.8,15919.25,15925.2,15921.2,15921.9,15925.5,15926.1,15919,15919.5,15924.8,15925.6,0.8,2527.570036
2026-04-30T10:15:00+00:00,15925.2,15927,15921.55,15921.65,15924.9,15925.5,15926.6,15927.4,15921.3,15921.8,15921.4,15921.9,0.5,1930.470026
2026-04-30T10:20:00+00:00,15921.55,15924.4,15918.7,15921.95,15921.3,15921.8,15924.2,15924.6,15918.5,15918.9,15921.7,15922.2,0.5,1454.970026
2026-04-30T10:25:00+00:00,15922,15923.35,15821.05,15845.45,15921.8,15922.2,15923.1,15923.6,15820.6,15821.5,15844.3,15846.6,2.3,6898.220104
2026-04-30T10:30:00+00:00,15844.7,15848,15783.3,15832.45,15843.3,15846.1,15847.3,15848.7,15782.7,15783.9,15832.1,15832.8,0.7,14012.11017
2026-04-30T10:35:00+00:00,15832.5,15850.5,15789.95,15798.1,15832.1,15832.9,15849.9,15851.1,15789.6,15790.3,15797.7,15798.5,0.8,11337.51013
2026-04-30T10:40:00+00:00,15797.85,15806.8,15754.95,15764.9,15797.1,15798.6,15806.5,15807.1,15754.5,15755.4,15764.5,15765.3,0.8,10707.12012
2026-04-30T10:45:00+00:00,15764.85,15796.9,15753.6,15754.95,15764.4,15765.3,15796.4,15797.4,15753.2,15754,15754.5,15755.4,0.9,9271.740113
2026-04-30T10:50:00+00:00,15754.65,15769.3,15700.1,15711.1,15754.2,15755.1,15768.8,15769.8,15699.9,15700.3,15710.3,15711.9,1.6,11939.91016
2026-04-30T10:55:00+00:00,15711.15,15749.4,15699.6,15716.8,15710.3,15712,15749,15749.8,15699.3,15699.9,15715.6,15718,2.4,9300.1101
2026-04-30T11:00:00+00:00,15716.8,15719.8,15684.9,15714.95,15715.8,15717.8,15719.3,15720.3,15684.5,15685.3,15714.3,15715.6,1.3,8602.250086
2026-04-30T11:05:00+00:00,15715.55,15745.65,15708.2,15733.6,15715.3,15715.8,15745.3,15746,15707.9,15708.5,15733.2,15734,0.8,6765.600111
2026-04-30T11:10:00+00:00,15733.7,15746.95,15682.85,15689.8,15733.3,15734.1,15746.8,15747.1,15682.3,15683.4,15689.1,15690.5,1.4,8947.36012
2026-04-30T11:15:00+00:00,15689.6,15709.1,15666.15,15698.2,15689.1,15690.1,15708.6,15709.6,15665.8,15666.5,15697.5,15698.9,1.4,8813.770112
2026-04-30T11:20:00+00:00,15697.8,15698.55,15658.25,15681.55,15697.2,15698.4,15698.4,15698.7,15657.6,15658.9,15681.1,15682,0.9,9169.040106
2026-04-30T11:25:00+00:00,15681.85,15686.9,15637.35,15650.6,15681.3,15682.4,15686.5,15687.3,15637,15637.7,15650.3,15650.9,0.6,8959.130122
2026-04-30T11:30:00+00:00,15650.3,15677.85,15638.4,15638.7,15650.2,15650.4,15677.4,15678.3,15637.9,15638.9,15638.1,15639.3,1.2,7158.100118
2026-04-30T11:35:00+00:00,15639,15644.75,15604.9,15626.35,15638.5,15639.5,15644.2,15645.3,15604.5,15605.3,15625.7,15627,1.3,10232.35012
2026-04-30T11:40:00+00:00,15626.65,15642.75,15580,15587.25,15626,15627.3,15642.2,15643.3,15579.7,15580.3,15586.6,15587.9,1.3,7846.440095
2026-04-30T11:45:00+00:00,15587.25,15607.45,15555.75,15605.35,15586.6,15587.9,15607,15607.9,15555.4,15556.1,15604.8,15605.9,1.1,10427.22014
2026-04-30T11:50:00+00:00,15605.25,15636.15,15586.25,15635.9,15604.6,15605.9,15635.7,15636.6,15585.5,15587,15635.3,15636.5,1.2,6138.840084
2026-04-30T11:55:00+00:00,15635.5,15637.9,15615.95,15637.65,15635.3,15635.7,15637.6,15638.2,15615.2,15616.7,15637.4,15637.9,0.5,4688.90008
2026-04-30T12:00:00+00:00,15637.75,15671.85,15634.55,15648.6,15637.5,15638,15671.6,15672.1,15634.1,15635,15648.2,15649,0.8,6779.230105
2026-04-30T12:05:00+00:00,15648.85,15661.9,15645.65,15651.9,15648.6,15649.1,15661.3,15662.5,15645.4,15645.9,15651.7,15652.1,0.4,3617.97006
2026-04-30T12:10:00+00:00,15652.2,15652.5,15634.85,15640.3,15651.9,15652.5,15652.2,15652.8,15634.4,15635.3,15639.6,15641,1.4,3037.390054
2026-04-30T12:15:00+00:00,15639.3,15665.25,15639.25,15660.35,15639,15639.6,15664.8,15665.7,15638.9,15639.6,15660.1,15660.6,0.5,3746.100074
2026-04-30T12:20:00+00:00,15660.7,15674.85,15651.8,15667.4,15660.2,15661.2,15674.5,15675.2,15651.4,15652.2,15666.8,15668,1.2,4628.870072
2026-04-30T12:25:00+00:00,15667.45,15677.25,15667.45,15668.8,15667,15667.9,15676.9,15677.6,15667,15667.9,15668.2,15669.4,1.2,3178.280051
2026-04-30T12:30:00+00:00,15669,15681,15662.9,15680.85,15668.4,15669.6,15680.6,15681.4,15662.4,15663.4,15680.6,15681.1,0.5,3186.000054
2026-04-30T12:35:00+00:00,15680.6,15687.7,15678.1,15682.75,15680.4,15680.8,15687.3,15688.1,15677.8,15678.4,15682.5,15683,0.5,3569.040054
2026-04-30T12:40:00+00:00,15682.85,15711.05,15682.6,15710.7,15682.5,15683.2,15710.7,15711.4,15682.4,15682.8,15710.3,15711.1,0.8,5297.24006
2026-04-30T12:45:00+00:00,15710.45,15710.95,15684.2,15693.75,15710.2,15710.7,15710.6,15711.3,15684,15684.4,15693.3,15694.2,0.9,3785.800066
2026-04-30T12:50:00+00:00,15693.7,15693.8,15675.1,15679.3,15693.3,15694.1,15693.4,15694.2,15675,15675.2,15679,15679.6,0.6,2929.170052
2026-04-30T12:55:00+00:00,15679.75,15686.15,15677.85,15682.3,15679.6,15679.9,15685.9,15686.4,15677.6,15678.1,15682.1,15682.5,0.4,2400.590039
2026-04-30T13:00:00+00:00,15682.4,15684.45,15675.2,15680.5,15682.2,15682.6,15684.1,15684.8,15675.1,15675.3,15680.3,15680.7,0.4,3172.120062
2026-04-30T13:05:00+00:00,15680.35,15689.5,15654.85,15654.85,15680.1,15680.6,15689.4,15689.6,15654.7,15655,15654.7,15655,0.3,3244.650059
2026-04-30T13:10:00+00:00,15654.6,15674.5,15619.7,15667.1,15654.4,15654.8,15674.3,15674.7,15618.8,15620.6,15666.9,15667.3,0.4,6419.890114
2026-04-30T13:15:00+00:00,15667.25,15684.5,15666.9,15683.35,15666.8,15667.7,15684.4,15684.6,15666.8,15667,15683.1,15683.6,0.5,3364.190064
2026-04-30T13:20:00+00:00,15683.45,15686.35,15661.55,15679.15,15683.2,15683.7,15686.1,15686.6,15661.2,15661.9,15678.9,15679.4,0.5,2839.520062
2026-04-30T13:25:00+00:00,15679.95,15682.55,15657,15657,15679.5,15680.4,15682.2,15682.9,15656.8,15657.2,15656.8,15657.2,0.4,2364.980057
2026-04-30T13:30:00+00:00,15657.4,15670.3,15654.2,15669.35,15657.2,15657.6,15670.1,15670.5,15654,15654.4,15669,15669.7,0.7,2944.950065
2026-04-30T13:35:00+00:00,15669.45,15676.4,15665.3,15668.4,15669.1,15669.8,15676.2,15676.6,15665.1,15665.5,15668.2,15668.6,0.4,1865.730036
2026-04-30T13:40:00+00:00,15668.15,15683.8,15664.35,15679.05,15667.9,15668.4,15683.7,15683.9,15664.1,15664.6,15678.8,15679.3,0.5,2010.670037
2026-04-30T13:45:00+00:00,15679.2,15686.1,15672.5,15685.35,15678.9,15679.5,15685.8,15686.4,15672.2,15672.8,15685.1,15685.6,0.5,2820.860055
2026-04-30T13:50:00+00:00,15685.1,15693.7,15685.1,15686.65,15684.8,15685.4,15693.4,15694,15684.8,15685.4,15686.5,15686.8,0.3,3323.030058
2026-04-30T13:55:00+00:00,15686.95,15696.1,15684.1,15692.5,15686.8,15687.1,15695.8,15696.4,15683.9,15684.3,15692.4,15692.6,0.2,2417.360042
2026-04-30T14:00:00+00:00,15692.4,15696.25,15670.05,15679.6,15692.3,15692.5,15696,15696.5,15669.9,15670.2,15679.3,15679.9,0.6,3569.890056
2026-04-30T14:05:00+00:00,15679.45,15684.6,15672.25,15679.05,15679.2,15679.7,15684.3,15684.9,15672,15672.5,15678.8,15679.3,0.5,3566.280059
2026-04-30T14:10:00+00:00,15679.5,15684.05,15676.35,15680,15679.3,15679.7,15683.8,15684.3,15676.1,15676.6,15679.7,15680.3,0.6,2893.36005
2026-04-30T14:15:00+00:00,15680.25,15682.05,15672.55,15680.4,15680,15680.5,15681.8,15682.3,15672.2,15672.9,15680,15680.8,0.8,3315.790055
2026-04-30T14:20:00+00:00,15680.55,15680.55,15663.1,15665.85,15680.2,15680.9,15680.2,15680.9,15662.8,15663.4,15665.6,15666.1,0.5,2808.480051
2026-04-30T14:25:00+00:00,15665.95,15671.25,15665.75,15669.45,15665.8,15666.1,15671,15671.5,15665.6,15665.9,15669.1,15669.8,0.7,2852.350054
2026-04-30T14:30:00+00:00,15669.55,15683.7,15668.7,15678.65,15669.2,15669.9,15683.5,15683.9,15668.6,15668.8,15678.3,15679,0.7,2872.690058
2026-04-30T14:35:00+00:00,15678.75,15682.05,15666.15,15668.9,15678.3,15679.2,15681.8,15682.3,15665.9,15666.4,15668.6,15669.2,0.6,3458.330059
2026-04-30T14:40:00+00:00,15668.75,15671,15657.5,15660.5,15668.6,15668.9,15670.7,15671.3,15657.2,15657.8,15660.3,15660.7,0.4,3339.740054
2026-04-30T14:45:00+00:00,15660.95,15664.65,15656.55,15658.3,15660.7,15661.2,15664.5,15664.8,15656.3,15656.8,15658,15658.6,0.6,2047.430042
2026-04-30T14:50:00+00:00,15658.3,15658.3,15650.95,15651.25,15658,15658.6,15658,15658.6,15650.7,15651.2,15651,15651.5,0.5,3314.040059
2026-04-30T14:55:00+00:00,15651.3,15670.8,15646.15,15667.75,15651.1,15651.5,15670.6,15671,15645.9,15646.4,15667.5,15668,0.5,4699.470079
2026-04-30T15:00:00+00:00,15667.7,15682.75,15667.7,15681.05,15667.4,15668,15682.5,15683,15667.4,15668,15680.8,15681.3,0.5,6069.900097
2026-04-30T15:05:00+00:00,15681.2,15683.25,15667.7,15667.9,15680.9,15681.5,15683,15683.5,15667.5,15667.9,15667.7,15668.1,0.4,4727.470078
2026-04-30T15:10:00+00:00,15667.95,15669.75,15664.1,15666.4,15667.7,15668.2,15669.6,15669.9,15663.9,15664.3,15666.1,15666.7,0.6,2849.780046
2026-04-30T15:15:00+00:00,15666.5,15674.5,15666.05,15667.7,15666.1,15666.9,15674.4,15674.6,15665.8,15666.3,15667.6,15667.8,0.2,2293.340038
2026-04-30T15:20:00+00:00,15667.65,15675.75,15667.45,15674,15667.5,15667.8,15675.5,15676,15667.2,15667.7,15673.8,15674.2,0.4,3048.62004
2026-04-30T15:25:00+00:00,15673.95,15676.05,15670.55,15674,15673.7,15674.2,15675.9,15676.2,15670.3,15670.8,15673.8,15674.2,0.4,2772.700032
2026-04-30T15:30:00+00:00,15674.05,15677.8,15669.35,15672.3,15673.8,15674.3,15677.6,15678,15669.2,15669.5,15672.2,15672.4,0.2,2901.500043
2026-04-30T15:35:00+00:00,15672.25,15672.5,15663.25,15664.05,15672.1,15672.4,15672.3,15672.7,15663,15663.5,15663.8,15664.3,0.5,2044.33004
2026-04-30T15:40:00+00:00,15664.1,15668.2,15660.4,15666.65,15663.9,15664.3,15667.9,15668.5,15660.2,15660.6,15666.3,15667,0.7,2041.720035
2026-04-30T15:45:00+00:00,15666.75,15672.7,15666.4,15669.1,15666.4,15667.1,15672.4,15673,15666.3,15666.5,15668.8,15669.4,0.6,2819.520042
2026-04-30T15:50:00+00:00,15669.05,15674.5,15667.6,15670.15,15668.7,15669.4,15674.2,15674.8,15667.3,15667.9,15669.8,15670.5,0.7,2019.930029
2026-04-30T15:55:00+00:00,15669.85,15670.05,15663.45,15666.35,15669.6,15670.1,15669.8,15670.3,15663.3,15663.6,15666.2,15666.5,0.3,2245.410036
2026-04-30T16:00:00+00:00,15666.3,15667.35,15655.25,15655.45,15666.2,15666.4,15667.2,15667.5,15655,15655.5,15655.2,15655.7,0.5,1734.350028
2026-04-30T16:05:00+00:00,15655.35,15659.45,15651.05,15658.35,15655.1,15655.6,15659.2,15659.7,15650.9,15651.2,15658.1,15658.6,0.5,1975.230029
2026-04-30T16:10:00+00:00,15658.6,15659.55,15651.85,15653.6,15658.4,15658.8,15659.4,15659.7,15651.7,15652,15653.4,15653.8,0.4,1570.330028
2026-04-30T16:15:00+00:00,15653.7,15670,15653.35,15667.85,15653.4,15654,15669.8,15670.2,15653.1,15653.6,15667.6,15668.1,0.5,1933.42004
2026-04-30T16:20:00+00:00,15667.55,15670.25,15665.15,15665.8,15667.3,15667.8,15670,15670.5,15665,15665.3,15665.6,15666,0.4,2040.720036
2026-04-30T16:25:00+00:00,15665.9,15674.2,15665.75,15671.15,15665.7,15666.1,15673.9,15674.5,15665.5,15666,15670.9,15671.4,0.5,2092.840036
2026-04-30T16:30:00+00:00,15671,15672.9,15669.45,15670.05,15670.8,15671.2,15672.6,15673.2,15669.2,15669.7,15669.8,15670.3,0.5,1539.260025
2026-04-30T16:35:00+00:00,15670.25,15671.75,15666.6,15666.6,15670,15670.5,15671.6,15671.9,15666.4,15666.8,15666.4,15666.8,0.4,1849.790033
2026-04-30T16:40:00+00:00,15667.65,15668.15,15660.1,15661.65,15667.5,15667.8,15667.9,15668.4,15659.8,15660.4,15661.4,15661.9,0.5,1421.99002
2026-04-30T16:45:00+00:00,15662,15665.25,15660.35,15661.15,15661.9,15662.1,15664.9,15665.6,15660.1,15660.6,15660.9,15661.4,0.5,1824.430025
2026-04-30T16:50:00+00:00,15661.35,15664.85,15656.55,15657.1,15661,15661.7,15664.6,15665.1,15656.3,15656.8,15656.8,15657.4,0.6,1024.890019
2026-04-30T16:55:00+00:00,15657.15,15660.3,15655.65,15658.05,15656.9,15657.4,15660.1,15660.5,15655.4,15655.9,15657.9,15658.2,0.3,1182.560021
2026-04-30T17:00:00+00:00,15658,15658.05,15651.8,15653.45,15657.8,15658.2,15657.9,15658.2,15651.6,15652,15653.2,15653.7,0.5,1664.610034
2026-04-30T17:05:00+00:00,15653.65,15669.55,15653.2,15669.15,15653.5,15653.8,15669.3,15669.8,15653,15653.4,15669,15669.3,0.3,1583.750026
2026-04-30T17:10:00+00:00,15669.1,15670.05,15662.25,15663.3,15669,15669.2,15669.7,15670.4,15662,15662.5,15663,15663.6,0.6,1469.870021
2026-04-30T17:15:00+00:00,15663.35,15665.25,15657.75,15658.2,15663.1,15663.6,15665,15665.5,15657.5,15658,15657.9,15658.5,0.6,994.1000159
2026-04-30T17:20:00+00:00,15658,15660.6,15654.95,15655.5,15657.8,15658.2,15660.4,15660.8,15654.7,15655.2,15655.2,15655.8,0.6,1261.05002
2026-04-30T17:25:00+00:00,15655.55,15658.85,15652.6,15652.65,15655.3,15655.8,15658.6,15659.1,15652.4,15652.8,15652.4,15652.9,0.5,1751.380028
2026-04-30T17:30:00+00:00,15652.75,15652.75,15642.9,15649.15,15652.5,15653,15652.5,15653,15642.7,15643.1,15648.9,15649.4,0.5,2266.970035
2026-04-30T17:35:00+00:00,15649,15651.75,15646.65,15647.25,15648.8,15649.2,15651.6,15651.9,15646.4,15646.9,15647,15647.5,0.5,1861.080032
2026-04-30T17:40:00+00:00,15647.3,15649.5,15646.45,15648.85,15647.1,15647.5,15649.2,15649.8,15646.2,15646.7,15648.6,15649.1,0.5,2189.18002
2026-04-30T17:45:00+00:00,15648.9,15651.25,15647,15650.05,15648.5,15649.3,15651,15651.5,15646.8,15647.2,15649.8,15650.3,0.5,2124.960036
2026-04-30T17:50:00+00:00,15650,15651.25,15649.05,15649.55,15649.7,15650.3,15651,15651.5,15648.9,15649.2,15649.3,15649.8,0.5,1258.350017
2026-04-30T17:55:00+00:00,15649.45,15649.9,15646.1,15648.45,15649.1,15649.8,15649.8,15650,15645.9,15646.3,15648.2,15648.7,0.5,1015.260015
2026-04-30T18:00:00+00:00,15648.25,15648.4,15641.15,15643.5,15648,15648.5,15648.1,15648.7,15641,15641.3,15643.2,15643.8,0.6,1901.080031
2026-04-30T18:05:00+00:00,15643.45,15646.3,15642.95,15644.75,15643.2,15643.7,15646,15646.6,15642.6,15643.3,15644.5,15645,0.5,1264.51002
2026-04-30T18:10:00+00:00,15644.85,15647.25,15643.7,15645.45,15644.6,15645.1,15647,15647.5,15643.5,15643.9,15645.2,15645.7,0.5,1014.220015
2026-04-30T18:15:00+00:00,15645.35,15645.35,15637.7,15637.7,15645.1,15645.6,15645.1,15645.6,15637.4,15638,15637.4,15638,0.6,1068.060015
2026-04-30T18:20:00+00:00,15637.8,15638.55,15634.05,15637.65,15637.6,15638,15638.3,15638.8,15633.8,15634.3,15637.4,15637.9,0.5,1378.240021
2026-04-30T18:25:00+00:00,15638.05,15640.15,15635.85,15639.45,15638,15638.1,15639.9,15640.4,15635.7,15636,15639.2,15639.7,0.5,1111.500026
2026-04-30T18:30:00+00:00,15639.05,15642.05,15635.6,15637.15,15638.8,15639.3,15641.8,15642.3,15635.4,15635.8,15636.9,15637.4,0.5,1489.100023
2026-04-30T18:35:00+00:00,15637.05,15638.1,15633.15,15633.75,15636.8,15637.3,15637.8,15638.4,15632.9,15633.4,15633.5,15634,0.5,1334.510016
2026-04-30T18:40:00+00:00,15633.65,15636.3,15631.45,15632.35,15633.4,15633.9,15636,15636.6,15631.2,15631.7,15632.1,15632.6,0.5,1347.770012
2026-04-30T18:45:00+00:00,15632.5,15637.15,15631.9,15636.15,15632.2,15632.8,15636.9,15637.4,15631.7,15632.1,15635.9,15636.4,0.5,542.3000088
2026-04-30T18:50:00+00:00,15636.05,15638.8,15634.1,15638.15,15635.8,15636.3,15638.6,15639,15633.8,15634.4,15637.8,15638.5,0.7,1115.480014
2026-04-30T18:55:00+00:00,15638.2,15642.55,15636.5,15641.45,15637.9,15638.5,15642.3,15642.8,15636.2,15636.8,15641.2,15641.7,0.5,2081.790025
2026-04-30T19:00:00+00:00,15641.4,15646.25,15637.45,15643.85,15641.1,15641.7,15646,15646.5,15637.2,15637.7,15643.6,15644.1,0.5,1909.830029
2026-04-30T19:05:00+00:00,15643.9,15645.25,15636.25,15636.75,15643.7,15644.1,15645.1,15645.4,15636,15636.5,15636.4,15637.1,0.7,1758.540022
2026-04-30T19:10:00+00:00,15636.55,15636.65,15630.8,15636,15636.3,15636.8,15636.4,15636.9,15630.6,15631,15635.7,15636.3,0.6,1538.030023
2026-04-30T19:15:00+00:00,15636.05,15647.9,15633.15,15647.8,15635.7,15636.4,15647.6,15648.2,15632.9,15633.4,15647.5,15648.1,0.6,1317.780024
2026-04-30T19:20:00+00:00,15647.65,15654.7,15647.25,15648.95,15647.4,15647.9,15654.4,15655,15647,15647.5,15648.7,15649.2,0.5,1965.680032
2026-04-30T19:25:00+00:00,15649.1,15653.05,15648.45,15648.45,15648.8,15649.4,15652.8,15653.3,15648.2,15648.7,15648.2,15648.7,0.5,1181.380016
2026-04-30T19:30:00+00:00,15648.5,15652.1,15647.35,15648.05,15648.3,15648.7,15651.8,15652.4,15647.2,15647.5,15647.8,15648.3,0.5,1022.380018
2026-04-30T19:35:00+00:00,15647.85,15651.2,15643.5,15643.6,15647.6,15648.1,15650.9,15651.5,15643.2,15643.8,15643.3,15643.9,0.6,1265.500028
2026-04-30T19:40:00+00:00,15643.65,15645.8,15641.1,15645.65,15643.3,15644,15645.6,15646,15640.8,15641.4,15645.3,15646,0.7,1297.580024
2026-04-30T19:45:00+00:00,15645.65,15649.35,15644.8,15646.15,15645.3,15646,15649.1,15649.6,15644.5,15645.1,15645.9,15646.4,0.5,1217.630015
2026-04-30T19:50:00+00:00,15645.75,15647.95,15645.3,15646.6,15645.5,15646,15647.7,15648.2,15645,15645.6,15646.4,15646.8,0.4,957.610021
2026-04-30T19:55:00+00:00,15646.45,15657.1,15645.8,15656.85,15646.2,15646.7,15656.8,15657.4,15645.6,15646,15656.5,15657.2,0.7,1896.73003
2026-04-30T20:00:00+00:00,15656.9,15657.25,15652.6,15654.5,15656.6,15657.2,15656.9,15657.6,15652.3,15652.9,15654.1,15654.9,0.8,1564.520022
2026-04-30T20:05:00+00:00,15654.35,15659.2,15654.35,15658.1,15654,15654.7,15658.9,15659.5,15654,15654.7,15657.8,15658.4,0.6,927.4900174
2026-04-30T20:10:00+00:00,15657.85,15660.2,15656.9,15657.25,15657.6,15658.1,15659.9,15660.5,15656.6,15657.2,15656.9,15657.6,0.7,573.6500099
2026-04-30T20:15:00+00:00,15657.05,15657.3,15653.75,15655,15656.7,15657.4,15657,15657.6,15653.5,15654,15654.7,15655.3,0.6,539.1500077
2026-04-30T20:20:00+00:00,15655.05,15655.1,15652.6,15654.25,15654.8,15655.3,15654.8,15655.4,15652.3,15652.9,15654,15654.5,0.5,230.8800066
2026-04-30T20:25:00+00:00,15654.4,15655.25,15652.55,15655,15654.1,15654.7,15654.9,15655.6,15652.2,15652.9,15654.7,15655.3,0.6,345.7400068
2026-04-30T20:30:00+00:00,15655.3,15655.35,15651.15,15652.05,15655,15655.6,15655.1,15655.6,15650.8,15651.5,15651.7,15652.4,0.7,359.5100051
2026-04-30T20:35:00+00:00,15652.15,15657.7,15652.15,15657.7,15651.8,15652.5,15657.4,15658,15651.8,15652.5,15657.4,15658,0.6,468.1300087
2026-04-30T20:40:00+00:00,15657.75,15661.1,15656.7,15660.95,15657.3,15658.2,15660.7,15661.5,15656.4,15657,15660.6,15661.3,0.7,521.7300103
2026-04-30T20:45:00+00:00,15660.8,15661.75,15659.15,15659.45,15660.5,15661.1,15661.4,15662.1,15658.8,15659.5,15659.1,15659.8,0.7,400.2600105
2026-04-30T20:50:00+00:00,15659.35,15661,15659.05,15659.45,15659,15659.7,15660.7,15661.3,15658.7,15659.4,15659.1,15659.8,0.7,543.7500116
2026-04-30T20:55:00+00:00,15659.2,15663.4,15658.55,15658.9,15658.6,15659.8,15662.9,15663.9,15657.7,15659.4,15658,15659.8,1.8,871.0200056
2026-04-30T21:00:00+00:00,15658.95,15660.85,15649.2,15655.75,15658,15659.9,15658.5,15663.2,15638.5,15659.9,15649,15662.5,13.5,18.10999984
2026-04-30T21:05:00+00:00,15655.45,15657.1,15653.4,15656.5,15649,15661.9,15651.5,15662.7,15646.8,15660,15651.5,15661.5,10,95.81000084
2026-04-30T21:10:00+00:00,15656.45,15657.35,15656.4,15657.35,15650.9,15662,15651.4,15663.3,15650.8,15662,15651.4,15663.3,11.9,21.07000077
2026-04-30T21:15:00+00:00,15657.25,15659.95,15656.65,15658.1,15651.4,15663.1,15656.3,15663.6,15651.4,15661.9,15652.8,15663.4,10.6,33.6000011
2026-04-30T21:20:00+00:00,15658.2,15660.3,15657.55,15659.5,15653,15663.4,15656.9,15663.7,15653,15662.1,15656.5,15662.5,6,58.20000118
2026-04-30T21:25:00+00:00,15659.4,15660.1,15658.85,15659.5,15656.3,15662.5,15656.7,15663.5,15655.2,15662.5,15655.6,15663.4,7.8,40.95000035
2026-04-30T21:30:00+00:00,15659.9,15660.85,15658.95,15660.4,15656.5,15663.3,15658.4,15663.3,15656.5,15661.4,15658.2,15662.6,4.4,80.55000162
2026-04-30T21:35:00+00:00,15659.85,15660.5,15659.35,15660.05,15657.5,15662.2,15658.3,15662.7,15657.2,15661.5,15657.8,15662.3,4.5,88.20000267
2026-04-30T21:40:00+00:00,15660.3,15666.45,15660.1,15665.95,15657.5,15663.1,15665,15667.9,15657.5,15662.7,15664.2,15667.7,3.5,145.5800038
2026-04-30T21:45:00+00:00,15666.1,15666.55,15658.65,15658.65,15664.5,15667.7,15665.1,15668,15656.7,15660.6,15656.7,15660.6,3.9,345.420009
2026-04-30T21:50:00+00:00,15658.7,15658.8,15657.45,15658.55,15656.7,15660.7,15656.9,15660.7,15656.5,15658.4,15656.9,15660.2,3.3,57.54000115
2026-04-30T21:55:00+00:00,15658.5,15658.75,15658.25,15658.7,15656.7,15660.3,15657.1,15660.4,15656.7,15659.8,15657,15660.4,3.4,40.38000047
2026-04-30T22:00:00+00:00,15658.6,15665,15657.5,15664.65,15656.9,15660.3,15664.5,15665.5,15656.3,15658.7,15664.2,15665.1,0.9,338.229995
2026-04-30T22:05:00+00:00,15664.8,15664.9,15662.1,15662.5,15664.4,15665.2,15664.5,15665.3,15661.7,15662.5,15662.1,15662.9,0.8,161.7000051
2026-04-30T22:10:00+00:00,15662.45,15665.75,15662.1,15665.2,15662,15662.9,15665.4,15666.1,15661.6,15662.6,15664.8,15665.6,0.8,307.3000082
2026-04-30T22:15:00+00:00,15665.1,15665.1,15662.7,15663.4,15664.7,15665.5,15664.7,15665.5,15662.3,15663.1,15663,15663.8,0.8,85.95000255
2026-04-30T22:20:00+00:00,15663.5,15663.5,15661.85,15662.45,15663.1,15663.9,15663.1,15663.9,15661.4,15662.3,15662.1,15662.8,0.7,107.4000034
2026-04-30T22:25:00+00:00,15662.5,15667.25,15662.5,15666.7,15662.2,15662.8,15666.8,15667.7,15662.2,15662.8,15666.3,15667.1,0.8,175.8300039
2026-04-30T22:30:00+00:00,15666.55,15671.9,15666.3,15671.4,15666.1,15667,15671.5,15672.3,15665.9,15666.7,15671,15671.8,0.8,557.8800116
2026-04-30T22:35:00+00:00,15671.45,15674.9,15671.45,15672.5,15670.9,15672,15674.5,15675.3,15670.9,15672,15672.1,15672.9,0.8,262.9500058
2026-04-30T22:40:00+00:00,15672.4,15673.55,15672.1,15672.45,15672,15672.8,15673.1,15674,15671.7,15672.5,15672.1,15672.8,0.7,162.5700039
2026-04-30T22:45:00+00:00,15672.25,15672.35,15669,15669.05,15671.8,15672.7,15671.9,15672.8,15668.6,15669.4,15668.7,15669.4,0.7,292.050006
2026-04-30T22:50:00+00:00,15668.95,15673.6,15668.55,15672.9,15668.7,15669.2,15673.2,15674,15668.2,15668.9,15672.5,15673.3,0.8,290.1300042
2026-04-30T22:55:00+00:00,15672.85,15672.85,15665.2,15666.5,15672.5,15673.2,15672.5,15673.2,15664.7,15665.7,15666,15667,1,464.5400069
2026-04-30T23:00:00+00:00,15666.75,15670.3,15664.4,15667.7,15666.3,15667.2,15669.9,15670.7,15663.9,15664.9,15667.3,15668.1,0.8,529.6500077
2026-04-30T23:05:00+00:00,15667.7,15672.9,15667.35,15672.9,15667.3,15668.1,15672.5,15673.3,15667,15667.7,15672.5,15673.3,0.8,673.8400081
2026-04-30T23:10:00+00:00,15673.1,15678.05,15672.4,15677.6,15672.7,15673.5,15677.8,15678.3,15672,15672.8,15677.3,15677.9,0.6,477.990008
2026-04-30T23:15:00+00:00,15677.1,15677.85,15675.7,15676,15677,15677.2,15677.5,15678.2,15675.4,15676,15675.7,15676.3,0.6,476.490008
2026-04-30T23:20:00+00:00,15675.95,15676.3,15670.15,15670.35,15675.7,15676.2,15676,15676.6,15669.9,15670.4,15670.1,15670.6,0.5,275.1000066
2026-04-30T23:25:00+00:00,15670.3,15671.85,15668.7,15671.25,15670.1,15670.5,15671.6,15672.1,15668.4,15669,15670.7,15671.8,1.1,268.1100044
2026-04-30T23:30:00+00:00,15671.3,15674.8,15671.05,15674.45,15670.8,15671.8,15674.4,15675.2,15670.8,15671.3,15674.1,15674.8,0.7,1018.680016
2026-04-30T23:35:00+00:00,15674.45,15680.6,15672.8,15680.05,15674.1,15674.8,15680.3,15680.9,15672.5,15673.1,15679.7,15680.4,0.7,896.8700114
2026-04-30T23:40:00+00:00,15680.35,15690.4,15680.3,15690.05,15679.9,15680.8,15689.9,15690.9,15679.9,15680.7,15689.7,15690.4,0.7,1343.790022
2026-04-30T23:45:00+00:00,15689.95,15700.35,15689.9,15696.7,15689.6,15690.3,15700.1,15700.6,15689.5,15690.3,15696.3,15697.1,0.8,2189.610032
2026-04-30T23:50:00+00:00,15696.7,15701.8,15693.1,15700.9,15696.3,15697.1,15701.4,15702.2,15692.7,15693.5,15700.7,15701.1,0.4,1986.85003
2026-04-30T23:55:00+00:00,15700.75,15702.35,15697.25,15699.25,15700.4,15701.1,15702.1,15702.6,15697,15697.5,15698.9,15699.6,0.7,1693.380022
2026-05-01T00:00:00+00:00,15699,15711.25,15696.7,15708.1,15698.8,15699.2,15711,15711.5,15696.4,15697,15707.7,15708.5,0.8,2394.030051
2026-05-01T00:05:00+00:00,15708.2,15717,15708,15711.85,15707.8,15708.6,15716.6,15717.4,15707.7,15708.3,15711.6,15712.1,0.5,2001.050037
2026-05-01T00:10:00+00:00,15711.95,15715.25,15706.45,15711.7,15711.6,15712.3,15714.9,15715.6,15706.1,15706.8,15711.5,15711.9,0.4,2044.340045
2026-05-01T00:15:00+00:00,15711.8,15717.2,15710.25,15715.5,15711.5,15712.1,15716.8,15717.6,15709.9,15710.6,15715.1,15715.9,0.8,2319.920035
2026-05-01T00:20:00+00:00,15715.5,15715.65,15710.4,15714.4,15715.1,15715.9,15715.3,15716,15710.1,15710.7,15714,15714.8,0.8,1522.200026
2026-05-01T00:25:00+00:00,15714.3,15730.75,15714.3,15728.3,15713.9,15714.7,15730.5,15731,15713.9,15714.7,15728.1,15728.5,0.4,2661.24003
2026-05-01T00:30:00+00:00,15728.25,15728.55,15717.8,15718.8,15727.9,15728.6,15728.2,15728.9,15717.5,15718.1,15718.5,15719.1,0.6,2344.330031
2026-05-01T00:35:00+00:00,15718.85,15724.45,15714.6,15724.05,15718.6,15719.1,15724.1,15724.8,15714.2,15715,15723.8,15724.3,0.5,2276.780034
2026-05-01T00:40:00+00:00,15724.1,15726.9,15722.45,15723.9,15723.8,15724.4,15726.6,15727.2,15722.2,15722.7,15723.6,15724.2,0.6,1810.870021
2026-05-01T00:45:00+00:00,15723.8,15728.35,15720.05,15720.25,15723.4,15724.2,15728,15728.7,15719.7,15720.4,15720,15720.5,0.5,1966.170026
2026-05-01T00:50:00+00:00,15720.3,15723.95,15704.5,15705.6,15720,15720.6,15723.7,15724.2,15704.3,15704.7,15705.4,15705.8,0.4,2715.10004
2026-05-01T00:55:00+00:00,15705.75,15711.75,15699.2,15708.15,15705.4,15706.1,15711.5,15712,15698.8,15699.6,15707.9,15708.4,0.5,3058.350055
2026-05-01T01:00:00+00:00,15708.1,15716.85,15705,15716.7,15707.8,15708.4,15716.5,15717.2,15704.8,15705.2,15716.3,15717.1,0.8,1665.990026
2026-05-01T01:05:00+00:00,15716.8,15720.6,15715.7,15719.2,15716.4,15717.2,15720.3,15720.9,15715.3,15716.1,15718.9,15719.5,0.6,1295.10002
2026-05-01T01:10:00+00:00,15719.3,15725.7,15718.65,15719.05,15719,15719.6,15725.4,15726,15718.3,15719,15718.7,15719.4,0.7,1319.340023
2026-05-01T01:15:00+00:00,15718.9,15719.2,15710.65,15719.2,15718.6,15719.2,15718.9,15719.5,15710.4,15710.9,15718.9,15719.5,0.6,1378.590026
2026-05-01T01:20:00+00:00,15719.6,15720.4,15712.85,15717.3,15719.4,15719.8,15720.1,15720.7,15712.6,15713.1,15716.9,15717.7,0.8,1090.770021
2026-05-01T01:25:00+00:00,15717.25,15724.4,15714.05,15719.25,15716.9,15717.6,15724.1,15724.7,15713.8,15714.3,15719,15719.5,0.5,842.6800152
2026-05-01T01:30:00+00:00,15719.15,15719.45,15706.75,15716.65,15718.8,15719.5,15719.1,15719.8,15706.5,15707,15716.4,15716.9,0.5,1445.670022
2026-05-01T01:35:00+00:00,15716.45,15719.95,15711.9,15718.15,15716.2,15716.7,15719.7,15720.2,15711.6,15712.2,15717.9,15718.4,0.5,1464.36002
2026-05-01T01:40:00+00:00,15718.05,15720.9,15715,15720.35,15717.7,15718.4,15720.7,15721.1,15714.8,15715.2,15720,15720.7,0.7,1045.100021
2026-05-01T01:45:00+00:00,15720.15,15720.45,15712.15,15717.75,15719.9,15720.4,15720.3,15720.6,15711.9,15712.4,15717.4,15718.1,0.7,1191.110018
2026-05-01T01:50:00+00:00,15717.8,15719.15,15714.3,15717,15717.6,15718,15718.9,15719.4,15714,15714.6,15716.8,15717.2,0.4,1052.590016
2026-05-01T01:55:00+00:00,15716.9,15723.35,15711.95,15720.1,15716.8,15717,15723.2,15723.5,15711.6,15712.3,15719.7,15720.5,0.8,1464.980028
2026-05-01T02:00:00+00:00,15719.45,15720.8,15714.35,15718,15719.4,15719.5,15720.5,15721.1,15714,15714.7,15717.7,15718.3,0.6,1152.19002
2026-05-01T02:05:00+00:00,15718.05,15718.05,15714.55,15715.75,15717.8,15718.3,15717.8,15718.3,15714.2,15714.9,15715.3,15716.2,0.9,882.3300136
2026-05-01T02:10:00+00:00,15715.8,15718.75,15714.8,15716.75,15715.5,15716.1,15718.5,15719,15714.7,15714.9,15716.5,15717,0.5,894.9800135
2026-05-01T02:15:00+00:00,15716.7,15719.6,15712.95,15718.7,15716.4,15717,15719.3,15719.9,15712.7,15713.2,15718.4,15719,0.6,787.0300132
2026-05-01T02:20:00+00:00,15718.55,15721.3,15716.4,15717.55,15718.3,15718.8,15721,15721.6,15716.1,15716.7,15717.3,15717.8,0.5,841.4500128
2026-05-01T02:25:00+00:00,15717.95,15719.5,15716.25,15718.2,15717.9,15718,15719.2,15719.8,15715.9,15716.6,15717.9,15718.5,0.6,529.3200098
2026-05-01T02:30:00+00:00,15718.15,15718.2,15715.4,15716.4,15717.9,15718.4,15717.9,15718.5,15715.3,15715.5,15716.1,15716.7,0.6,660.7800094
2026-05-01T02:35:00+00:00,15715.7,15720,15715.45,15718.1,15715.6,15715.8,15719.8,15720.2,15715.2,15715.7,15717.8,15718.4,0.6,582.7900102
2026-05-01T02:40:00+00:00,15718.25,15727.95,15718.2,15727.8,15718,15718.5,15727.7,15728.2,15717.9,15718.5,15727.6,15728,0.4,1031.54002
2026-05-01T02:45:00+00:00,15727.85,15730.35,15727.4,15730.05,15727.6,15728.1,15730.1,15730.6,15727,15727.8,15729.8,15730.3,0.5,1005.750019
2026-05-01T02:50:00+00:00,15730.1,15732.9,15728.65,15730.2,15729.8,15730.4,15732.6,15733.2,15728.4,15728.9,15729.9,15730.5,0.6,981.3600167
2026-05-01T02:55:00+00:00,15729.95,15730.45,15723.85,15723.9,15729.6,15730.3,15730.1,15730.8,15723.6,15724.1,15723.6,15724.2,0.6,671.770013
2026-05-01T03:00:00+00:00,15723.7,15728.2,15719.8,15727.75,15723.3,15724.1,15728,15728.4,15719.5,15720.1,15727.6,15727.9,0.3,960.650018
2026-05-01T03:05:00+00:00,15727.65,15729.15,15723.8,15727.85,15727.4,15727.9,15728.9,15729.4,15723.5,15724.1,15727.6,15728.1,0.5,483.6700088
2026-05-01T03:10:00+00:00,15727.8,15729.3,15727.6,15727.8,15727.5,15728.1,15729,15729.6,15727.3,15727.9,15727.5,15728.1,0.6,436.7100078
2026-05-01T03:15:00+00:00,15727.7,15728.35,15721.9,15723.8,15727.3,15728.1,15728.1,15728.6,15721.6,15722.2,15723.6,15724,0.4,486.6600074
2026-05-01T03:20:00+00:00,15723.7,15723.7,15714.15,15715.75,15723.4,15724,15723.4,15724,15713.9,15714.4,15715.4,15716.1,0.7,817.5300127
2026-05-01T03:25:00+00:00,15715.7,15718.2,15714.55,15717,15715.4,15716,15717.8,15718.6,15714.3,15714.8,15716.7,15717.3,0.6,366.9000067
2026-05-01T03:30:00+00:00,15716.75,15718.3,15715,15718,15716.4,15717.1,15718,15718.6,15714.8,15715.2,15717.7,15718.3,0.6,545.2700112
2026-05-01T03:35:00+00:00,15718.1,15720.15,15699.5,15706.9,15717.8,15718.4,15719.8,15720.5,15699.1,15699.9,15706.6,15707.2,0.6,1356.970024
2026-05-01T03:40:00+00:00,15706.85,15719.15,15706.8,15717.5,15706.6,15707.1,15718.8,15719.5,15706.5,15707.1,15717.2,15717.8,0.6,1994.900032
2026-05-01T03:45:00+00:00,15717.6,15719.65,15716.45,15718.8,15717.3,15717.9,15719.5,15719.8,15716.1,15716.8,15718.4,15719.2,0.8,980.7300169
2026-05-01T03:50:00+00:00,15718.8,15719.8,15716.3,15717.6,15718.4,15719.2,15719.5,15720.1,15716,15716.6,15717.3,15717.9,0.6,389.5800078
2026-05-01T03:55:00+00:00,15717.45,15723.9,15716.35,15718.8,15717.2,15717.7,15723.6,15724.2,15716.1,15716.6,15718.5,15719.1,0.6,793.8400146
2026-05-01T04:00:00+00:00,15718.8,15719.55,15712.7,15717.1,15718.4,15719.2,15719.4,15719.7,15712.4,15713,15716.7,15717.5,0.8,898.3300195
2026-05-01T04:05:00+00:00,15717.05,15717.05,15711,15712.7,15716.7,15717.4,15716.7,15717.4,15710.8,15711.2,15712.3,15713.1,0.8,1306.590026
2026-05-01T04:10:00+00:00,15712.65,15715.7,15711.5,15715,15712.3,15713,15715.4,15716,15711.1,15711.9,15714.6,15715.4,0.8,479.9100074
2026-05-01T04:15:00+00:00,15715.05,15718.2,15715,15716.65,15714.8,15715.3,15717.9,15718.5,15714.7,15715.3,15716.3,15717,0.7,578.8300074
2026-05-01T04:20:00+00:00,15716.7,15718.85,15715.4,15717.6,15716.4,15717,15718.5,15719.2,15715,15715.8,15717.2,15718,0.8,544.2900064
2026-05-01T04:25:00+00:00,15717.65,15721.75,15716.65,15721.5,15717.3,15718,15721.4,15722.1,15716.3,15717,15721.2,15721.8,0.6,823.0500124
2026-05-01T04:30:00+00:00,15721.55,15722.9,15718.45,15722.05,15721.3,15721.8,15722.6,15723.2,15718.1,15718.8,15721.7,15722.4,0.7,526.7500061
2026-05-01T04:35:00+00:00,15721.95,15723.75,15719.45,15723,15721.6,15722.3,15723.5,15724,15719.1,15719.8,15722.7,15723.3,0.6,508.5700063
2026-05-01T04:40:00+00:00,15723,15724.2,15720.6,15722.75,15722.6,15723.4,15723.9,15724.5,15720.2,15721,15722.3,15723.2,0.9,650.1600072
2026-05-01T04:45:00+00:00,15722.7,15724.1,15720.25,15723.1,15722.3,15723.1,15723.8,15724.4,15719.9,15720.6,15722.8,15723.4,0.6,623.4600074
2026-05-01T04:50:00+00:00,15723.05,15726.75,15722.8,15726.35,15722.7,15723.4,15726.4,15727.1,15722.5,15723.1,15726,15726.7,0.7,654.6000069
2026-05-01T04:55:00+00:00,15726.2,15728.05,15723.85,15724.6,15725.9,15726.5,15727.8,15728.3,15723.5,15724.2,15724.2,15725,0.8,861.1400095
2026-05-01T05:00:00+00:00,15724.65,15728.55,15720.3,15725.5,15724.3,15725,15728.2,15728.9,15720.2,15720.4,15725.2,15725.8,0.6,1354.270017
2026-05-01T05:05:00+00:00,15725.6,15726.5,15724.05,15726.4,15725.3,15725.9,15726.4,15726.6,15723.8,15724.3,15726.2,15726.6,0.4,584.8300071
2026-05-01T05:10:00+00:00,15726.5,15729.05,15725.55,15728.55,15726.2,15726.8,15728.8,15729.3,15725.2,15725.9,15728.2,15728.9,0.7,802.9600104
2026-05-01T05:15:00+00:00,15728.8,15729,15726.6,15726.85,15728.5,15729.1,15728.6,15729.4,15726.3,15726.9,15726.6,15727.1,0.5,322.8600048
2026-05-01T05:20:00+00:00,15726.8,15728.45,15724.25,15728.45,15726.5,15727.1,15728.3,15728.6,15724,15724.5,15728.3,15728.6,0.3,620.1600083
2026-05-01T05:25:00+00:00,15728.55,15730.05,15726.5,15728.95,15728.3,15728.8,15729.8,15730.3,15726.1,15726.9,15728.6,15729.3,0.7,410.4600052
2026-05-01T05:30:00+00:00,15728.75,15729.15,15725.55,15726.65,15728.4,15729.1,15728.8,15729.5,15725.2,15725.9,15726.3,15727,0.7,636.9900086
2026-05-01T05:35:00+00:00,15727.05,15728.05,15726.1,15726.5,15726.8,15727.3,15727.7,15728.4,15725.8,15726.4,15726.2,15726.8,0.6,734.2500038
2026-05-01T05:40:00+00:00,15726.6,15727.3,15720.5,15721.2,15726.3,15726.9,15727,15727.6,15720.2,15720.8,15721,15721.4,0.4,784.5600121
2026-05-01T05:45:00+00:00,15721.3,15725.2,15721.3,15723.4,15721.1,15721.5,15724.9,15725.5,15721.1,15721.5,15723.1,15723.7,0.6,451.8900081
2026-05-01T05:50:00+00:00,15723.05,15727.45,15720.9,15726.6,15722.9,15723.2,15727.2,15727.7,15720.6,15721.2,15726.3,15726.9,0.6,587.9100107
2026-05-01T05:55:00+00:00,15726.7,15729.25,15726.2,15728.05,15726.4,15727,15728.9,15729.6,15725.9,15726.5,15727.7,15728.4,0.7,858.2100135
2026-05-01T06:00:00+00:00,15727.95,15728.7,15719.45,15725.5,15727.7,15728.2,15728.4,15729,15719.2,15719.7,15725.2,15725.8,0.6,1520.58003
2026-05-01T06:05:00+00:00,15725.55,15728.2,15725.5,15727.5,15725.3,15725.8,15728,15728.4,15725.2,15725.8,15727.1,15727.9,0.8,738.8300136
2026-05-01T06:10:00+00:00,15727.45,15729.6,15725.25,15728,15727.1,15727.8,15729.4,15729.8,15725,15725.5,15727.7,15728.3,0.6,785.490011
2026-05-01T06:15:00+00:00,15728.05,15729.2,15723.85,15724.7,15727.7,15728.4,15728.9,15729.5,15723.6,15724.1,15724.4,15725,0.6,894.1300122
2026-05-01T06:20:00+00:00,15724.85,15727.3,15722.7,15725.3,15724.6,15725.1,15727.1,15727.5,15722.5,15722.9,15725.1,15725.5,0.4,1028.750017
2026-05-01T06:25:00+00:00,15725.35,15726.75,15720.9,15725.4,15725.2,15725.5,15726.5,15727,15720.6,15721.2,15725.1,15725.7,0.6,826.7100106
2026-05-01T06:30:00+00:00,15725.45,15727.1,15719.6,15722.3,15725.2,15725.7,15726.9,15727.3,15719.4,15719.8,15722.1,15722.5,0.4,971.7300143
2026-05-01T06:35:00+00:00,15722.85,15722.85,15710.7,15715.1,15722.6,15723.1,15722.6,15723.1,15710.4,15711,15714.8,15715.4,0.6,1648.280028
2026-05-01T06:40:00+00:00,15715.05,15715.05,15705.3,15705.4,15714.8,15715.3,15714.8,15715.3,15704.9,15705.7,15705.1,15705.7,0.6,1304.91002
2026-05-01T06:45:00+00:00,15705.35,15705.7,15573.05,15581,15705,15705.7,15705.4,15706,15572.4,15573.7,15580.5,15581.5,1,9148.210127
2026-05-01T06:50:00+00:00,15581.1,15582.8,15552.4,15569.6,15580.6,15581.6,15582.2,15583.4,15551.9,15552.9,15569.4,15569.8,0.4,7805.940092
2026-05-01T06:55:00+00:00,15569.8,15598.5,15549.1,15596.75,15569.3,15570.3,15598.1,15598.9,15548.6,15549.6,15596.5,15597,0.5,6537.710078
2026-05-01T07:00:00+00:00,15596.7,15629.3,15586.8,15612.85,15596.5,15596.9,15628.3,15630.3,15586.3,15587.3,15612.6,15613.1,0.5,8212.440126
2026-05-01T07:05:00+00:00,15613.35,15664.2,15609.6,15640.65,15613.2,15613.5,15663.7,15664.7,15609.2,15610,15640.3,15641,0.7,8144.530119
2026-05-01T07:10:00+00:00,15640.35,15655.15,15632.8,15635.6,15640.1,15640.6,15654.8,15655.5,15632.4,15633.2,15635.2,15636,0.8,4481.600051
2026-05-01T07:15:00+00:00,15635.65,15646.5,15626.65,15638.05,15635.3,15636,15646.1,15646.9,15626.3,15627,15637.8,15638.3,0.5,2697.480035
2026-05-01T07:20:00+00:00,15637.65,15645.25,15626.75,15626.85,15637.3,15638,15644.7,15645.8,15626.3,15627.2,15626.5,15627.2,0.7,2541.130042
2026-05-01T07:25:00+00:00,15627.05,15646.75,15626.9,15632.05,15626.4,15627.7,15646.4,15647.1,15626.4,15627.4,15631.5,15632.6,1.1,2116.260034
2026-05-01T07:30:00+00:00,15631.75,15641.6,15628.05,15639.25,15631.2,15632.3,15641.3,15641.9,15627.7,15628.4,15638.8,15639.7,0.9,2330.340038
2026-05-01T07:35:00+00:00,15639.15,15662.8,15638.35,15650.4,15638.7,15639.6,15662.5,15663.1,15637.9,15638.8,15650.1,15650.7,0.6,2888.230041
2026-05-01T07:40:00+00:00,15649.95,15649.95,15640.55,15646.7,15649.7,15650.2,15649.7,15650.2,15640.1,15641,15646.3,15647.1,0.8,2209.210029
2026-05-01T07:45:00+00:00,15646.75,15654,15641.45,15646.7,15646.3,15647.2,15653.9,15654.1,15641.2,15641.7,15646.2,15647.2,1,1644.860019
2026-05-01T07:50:00+00:00,15646.7,15650.7,15636.25,15649.3,15646.2,15647.2,15650.4,15651,15635.8,15636.7,15649,15649.6,0.6,2379.330028
2026-05-01T07:55:00+00:00,15649,15672.5,15648.9,15662.5,15648.8,15649.2,15672.1,15672.9,15648.6,15649.2,15662.1,15662.9,0.8,3091.540039
2026-05-01T08:00:00+00:00,15662.45,15665.8,15651.9,15652.1,15662,15662.9,15665.5,15666.1,15651.7,15652.1,15651.8,15652.4,0.6,3330.940037
2026-05-01T08:05:00+00:00,15652.1,15656.65,15644,15645.3,15651.8,15652.4,15656.2,15657.1,15643.8,15644.2,15645,15645.6,0.6,2056.670025
2026-05-01T08:10:00+00:00,15645.35,15657.25,15644.9,15656.75,15645.1,15645.6,15657,15657.5,15644.6,15645.2,15656.5,15657,0.5,2292.85003
2026-05-01T08:15:00+00:00,15656.05,15657.05,15638.15,15642.3,15655.9,15656.2,15656.8,15657.3,15637.9,15638.4,15642,15642.6,0.6,1272.600026
2026-05-01T08:20:00+00:00,15642.3,15643.7,15633.05,15638.1,15642,15642.6,15643.6,15643.8,15632.9,15633.2,15637.9,15638.3,0.4,1802.06003
2026-05-01T08:25:00+00:00,15638.55,15638.65,15626.3,15634.55,15638.3,15638.8,15638.4,15638.9,15626,15626.6,15634.3,15634.8,0.5,1103.830028
2026-05-01T08:30:00+00:00,15634.75,15642.5,15633.1,15636.4,15634.5,15635,15642.2,15642.8,15632.9,15633.3,15636.2,15636.6,0.4,1309.850029
2026-05-01T08:35:00+00:00,15636.3,15650.95,15636.1,15647.95,15636.1,15636.5,15650.8,15651.1,15635.8,15636.4,15647.7,15648.2,0.5,1466.310027
2026-05-01T08:40:00+00:00,15647.75,15650.05,15639,15644.45,15647.5,15648,15649.8,15650.3,15638.7,15639.3,15644.2,15644.7,0.5,937.3800209
2026-05-01T08:45:00+00:00,15644.35,15651.25,15643.7,15648.3,15644.1,15644.6,15651,15651.5,15643.5,15643.9,15648.1,15648.5,0.4,1048.540019
2026-05-01T08:50:00+00:00,15648.4,15654.7,15648.4,15651.7,15648.2,15648.6,15654.6,15654.8,15648.2,15648.6,15651.5,15651.9,0.4,938.1600223
2026-05-01T08:55:00+00:00,15651.6,15652.95,15647,15647.35,15651.4,15651.8,15652.7,15653.2,15646.7,15647.3,15647.1,15647.6,0.5,1123.23002
2026-05-01T09:00:00+00:00,15647.4,15654.4,15642.35,15643.1,15647.1,15647.7,15654.2,15654.6,15642,15642.7,15642.9,15643.3,0.4,1618.990026
2026-05-01T09:05:00+00:00,15643,15656.85,15642.7,15653.4,15642.8,15643.2,15656.3,15657.4,15642.4,15643,15653,15653.8,0.8,1209.020021
2026-05-01T09:10:00+00:00,15653.2,15656.9,15647.15,15656.9,15652.8,15653.6,15656.7,15657.1,15646.9,15647.4,15656.7,15657.1,0.4,1037.520021
2026-05-01T09:15:00+00:00,15656.8,15661.8,15654.5,15660.8,15656.6,15657,15661.6,15662,15654.3,15654.7,15660.6,15661,0.4,810.7400196
2026-05-01T09:20:00+00:00,15660.2,15668.05,15658.8,15668,15660.1,15660.3,15667.7,15668.4,15658.6,15659,15667.6,15668.4,0.8,1011.050019
2026-05-01T09:25:00+00:00,15668.15,15671.8,15666.2,15671.15,15667.7,15668.6,15671.6,15672,15665.9,15666.5,15670.9,15671.4,0.5,1507.010025
2026-05-01T09:30:00+00:00,15671.2,15676.15,15665.95,15666.15,15670.9,15671.5,15675.9,15676.4,15665.6,15666.3,15665.7,15666.6,0.9,1286.670024
2026-05-01T09:35:00+00:00,15665.95,15666.6,15659.55,15661.6,15665.6,15666.3,15666.3,15666.9,15659.3,15659.8,15661.4,15661.8,0.4,1029.190018
2026-05-01T09:40:00+00:00,15661.5,15661.7,15654.6,15656.3,15661.3,15661.7,15661.5,15661.9,15654.3,15654.9,15656.1,15656.5,0.4,925.2000158
2026-05-01T09:45:00+00:00,15656.5,15663.9,15655.3,15658.55,15656.3,15656.7,15663.7,15664.1,15655.1,15655.5,15658.2,15658.9,0.7,894.2000141
2026-05-01T09:50:00+00:00,15658.7,15658.9,15653.75,15657.5,15658.4,15659,15658.5,15659.3,15653.6,15653.9,15657.2,15657.8,0.6,867.2900133
2026-05-01T09:55:00+00:00,15657.25,15660.5,15653.7,15657.95,15657.1,15657.4,15660.3,15660.7,15653.3,15654.1,15657.7,15658.2,0.5,1439.630023
2026-05-01T10:00:00+00:00,15657.9,15662.8,15657.45,15659.15,15657.6,15658.2,15662.5,15663.1,15657.3,15657.6,15658.9,15659.4,0.5,873.2000104
2026-05-01T10:05:00+00:00,15659.05,15662.75,15650.45,15652.65,15658.8,15659.3,15662.5,15663,15650.2,15650.7,15652.3,15653,0.7,1160.850017
2026-05-01T10:10:00+00:00,15652.7,15655.45,15648.9,15650.55,15652.4,15653,15655.1,15655.8,15648.7,15649.1,15650.3,15650.8,0.5,1134.400019
2026-05-01T10:15:00+00:00,15650.45,15655.55,15649.2,15651.4,15650.2,15650.7,15655.2,15655.9,15648.9,15649.5,15651,15651.8,0.8,749.6000106
2026-05-01T10:20:00+00:00,15651.4,15653.75,15650.1,15651.2,15651,15651.8,15653.4,15654.1,15649.8,15650.4,15650.9,15651.5,0.6,493.9600075
2026-05-01T10:25:00+00:00,15651.55,15653.95,15649.5,15653.85,15651.3,15651.8,15653.7,15654.2,15649.3,15649.7,15653.6,15654.1,0.5,1030.120016
2026-05-01T10:30:00+00:00,15653.9,15657.8,15650.05,15653.8,15653.6,15654.2,15657.5,15658.1,15649.7,15650.4,15653.4,15654.2,0.8,768.2500106
2026-05-01T10:35:00+00:00,15653.95,15658.15,15653.9,15656.45,15653.6,15654.3,15657.8,15658.5,15653.6,15654.2,15656.2,15656.7,0.5,664.5400079
2026-05-01T10:40:00+00:00,15656.4,15657.2,15654.65,15654.75,15656.1,15656.7,15656.9,15657.5,15654.4,15654.9,15654.5,15655,0.5,315.9700046
2026-05-01T10:45:00+00:00,15654.85,15659.45,15654.6,15655.25,15654.6,15655.1,15659.2,15659.7,15654.4,15654.8,15654.8,15655.7,0.9,519.0100081
2026-05-01T10:50:00+00:00,15654.9,15657.8,15652,15653.85,15654.6,15655.2,15657.6,15658,15651.8,15652.2,15653.6,15654.1,0.5,866.6300129
2026-05-01T10:55:00+00:00,15653.9,15660.5,15653.9,15659.2,15653.7,15654.1,15660.2,15660.8,15653.7,15654.1,15658.9,15659.5,0.6,1065.110013
2026-05-01T11:00:00+00:00,15659.25,15661.85,15655.35,15659.2,15659,15659.5,15661.6,15662.1,15655.1,15655.6,15658.9,15659.5,0.6,828.7700163
2026-05-01T11:05:00+00:00,15659.35,15662.45,15658.4,15659.85,15659,15659.7,15662.2,15662.7,15658.2,15658.6,15659.6,15660.1,0.5,807.8100153
2026-05-01T11:10:00+00:00,15659.95,15661.3,15653.1,15657.4,15659.8,15660.1,15661,15661.6,15652.7,15653.5,15657.1,15657.7,0.6,1190.910021
2026-05-01T11:15:00+00:00,15657.6,15659.75,15652.8,15654.1,15657.3,15657.9,15659.5,15660,15652.5,15653.1,15653.8,15654.4,0.6,758.9600146
2026-05-01T11:20:00+00:00,15653.8,15656.4,15653.05,15655.2,15653.5,15654.1,15656.2,15656.6,15652.7,15653.4,15654.9,15655.5,0.6,673.7600133
2026-05-01T11:25:00+00:00,15655.05,15655.3,15643.8,15651.55,15654.7,15655.4,15655.1,15655.5,15643.7,15643.9,15651.2,15651.9,0.7,1153.930016
2026-05-01T11:30:00+00:00,15651.45,15656.2,15649.85,15654.95,15651.1,15651.8,15655.9,15656.5,15649.7,15650,15654.7,15655.2,0.5,1033.190014
2026-05-01T11:35:00+00:00,15655,15658.8,15651.1,15657.6,15654.8,15655.2,15658.5,15659.1,15650.8,15651.4,15657.3,15657.9,0.6,760.2000155
2026-05-01T11:40:00+00:00,15657.7,15661.15,15655.7,15660.55,15657.5,15657.9,15660.9,15661.4,15655.4,15656,15660.3,15660.8,0.5,689.9900135
2026-05-01T11:45:00+00:00,15660.25,15660.25,15657.95,15659,15660,15660.5,15660,15660.5,15657.7,15658.2,15658.8,15659.2,0.4,329.2500064
2026-05-01T11:50:00+00:00,15658.95,15662.15,15657.8,15661.05,15658.7,15659.2,15661.9,15662.4,15657.6,15658,15660.7,15661.4,0.7,923.7700115
2026-05-01T11:55:00+00:00,15661.15,15661.35,15655.45,15658.3,15660.7,15661.6,15660.9,15661.8,15655.2,15655.7,15657.9,15658.7,0.8,952.5900173
2026-05-01T12:00:00+00:00,15658.5,15663.45,15654.7,15660.15,15658.3,15658.7,15663.2,15663.7,15654.4,15655,15659.9,15660.4,0.5,1580.740026
2026-05-01T12:05:00+00:00,15660.25,15664.3,15657.4,15661.35,15660,15660.5,15664.1,15664.5,15657.1,15657.7,15661.1,15661.6,0.5,1859.380029
2026-05-01T12:10:00+00:00,15661.35,15663.6,15647.75,15653.05,15661.1,15661.6,15663.2,15664,15647.5,15648,15652.6,15653.5,0.9,3573.600052
2026-05-01T12:15:00+00:00,15653.2,15655.75,15645.7,15648.2,15652.9,15653.5,15655.5,15656,15645.5,15645.9,15647.9,15648.5,0.6,3253.220049
2026-05-01T12:20:00+00:00,15647.25,15651.7,15638.95,15646.65,15647.2,15647.3,15651.5,15651.9,15638.7,15639.2,15646.3,15647,0.7,2990.970048
2026-05-01T12:25:00+00:00,15646.75,15647.7,15642.4,15645.25,15646.5,15647,15647.4,15648,15642.2,15642.6,15645,15645.5,0.5,1757.020034
2026-05-01T12:30:00+00:00,15645.4,15650.05,15645.05,15649.1,15645.1,15645.7,15649.8,15650.3,15644.8,15645.3,15648.8,15649.4,0.6,1120.580025
2026-05-01T12:35:00+00:00,15649.2,15654.45,15648.8,15652.25,15648.9,15649.5,15654,15654.9,15648.5,15649.1,15652,15652.5,0.5,1192.980025
2026-05-01T12:40:00+00:00,15652.4,15656.7,15651.05,15656.3,15652.2,15652.6,15656.4,15657,15650.8,15651.3,15656,15656.6,0.6,1371.200022
2026-05-01T12:45:00+00:00,15656.45,15661,15656,15658.75,15656.1,15656.8,15660.8,15661.2,15655.7,15656.3,15658.4,15659.1,0.7,1301.640017
2026-05-01T12:50:00+00:00,15658.9,15660,15653.65,15658.65,15658.7,15659.1,15659.7,15660.3,15653.4,15653.9,15658.4,15658.9,0.5,1071.31002
2026-05-01T12:55:00+00:00,15658.75,15661.05,15657.25,15659.5,15658.5,15659,15660.8,15661.3,15657,15657.5,15659.3,15659.7,0.4,636.3700128
2026-05-01T13:00:00+00:00,15659.9,15661.85,15657.5,15661.15,15659.8,15660,15661.6,15662.1,15657.2,15657.8,15660.8,15661.5,0.7,1273.500027
2026-05-01T13:05:00+00:00,15661.25,15661.35,15656.2,15657.7,15661,15661.5,15661.1,15661.6,15656,15656.4,15657.3,15658.1,0.8,1276.000023
2026-05-01T13:10:00+00:00,15658.05,15662.1,15655.65,15660.55,15657.8,15658.3,15661.8,15662.4,15655.4,15655.9,15660.3,15660.8,0.5,1819.42003
2026-05-01T13:15:00+00:00,15660.65,15666,15659.75,15664.7,15660.4,15660.9,15665.7,15666.3,15659.5,15660,15664.4,15665,0.6,1371.020019
2026-05-01T13:20:00+00:00,15664.6,15664.6,15659.55,15661.65,15664.2,15665,15664.2,15665,15659.3,15659.8,15661.3,15662,0.7,943.5800186
2026-05-01T13:25:00+00:00,15661.75,15664.8,15660.7,15661.05,15661.4,15662.1,15664.5,15665.1,15660.4,15661,15660.8,15661.3,0.5,975.9000176
2026-05-01T13:30:00+00:00,15660.95,15665.7,15657.4,15657.45,15660.7,15661.2,15665.4,15666,15657.1,15657.7,15657.1,15657.8,0.7,2160.530038
2026-05-01T13:35:00+00:00,15656.95,15661.3,15652.75,15661.25,15656.8,15657.1,15660.9,15661.7,15652.4,15653.1,15660.9,15661.6,0.7,2535.720024
2026-05-01T13:40:00+00:00,15661.35,15662.4,15657.3,15660.1,15661,15661.7,15662.2,15662.6,15657,15657.6,15659.6,15660.6,1,1355.210024
2026-05-01T13:45:00+00:00,15660.35,15675.75,15658.55,15674.2,15659.8,15660.9,15675.4,15676.1,15658.1,15659,15673.9,15674.5,0.6,2788.120036
2026-05-01T13:50:00+00:00,15674.35,15674.35,15633.75,15663.55,15674,15674.7,15674,15674.7,15633.5,15634,15663.2,15663.9,0.7,6630.360103
2026-05-01T13:55:00+00:00,15663.1,15663.2,15644.25,15650,15662.9,15663.3,15662.9,15663.5,15643.7,15644.8,15649.1,15650.9,1.8,4437.310074
2026-05-01T14:00:00+00:00,15649.85,15650.95,15637.6,15639.8,15648.7,15651,15650.3,15651.6,15637.3,15637.9,15639.4,15640.2,0.8,4403.320063
2026-05-01T14:05:00+00:00,15639.8,15648.6,15639.8,15644.45,15639.4,15640.2,15648.4,15648.8,15639.4,15640.2,15644.1,15644.8,0.7,3864.640056
2026-05-01T14:10:00+00:00,15644.5,15645.25,15637.05,15644,15644.2,15644.8,15645,15645.5,15636.7,15637.4,15643.7,15644.3,0.6,3322.20005
2026-05-01T14:15:00+00:00,15643.7,15650.2,15641.4,15647,15643.4,15644,15649.9,15650.5,15641.1,15641.7,15646.8,15647.2,0.4,2845.160048
2026-05-01T14:20:00+00:00,15646.95,15647.05,15638.85,15643.3,15646.7,15647.2,15646.8,15647.3,15638.6,15639.1,15642.8,15643.8,1,2650.050044
2026-05-01T14:25:00+00:00,15643.35,15650.15,15642.15,15649.9,15642.8,15643.9,15649.9,15650.4,15641.8,15642.5,15649.6,15650.2,0.6,2513.500035
2026-05-01T14:30:00+00:00,15649.95,15651.3,15645.3,15646.05,15649.6,15650.3,15650.9,15651.7,15644.8,15645.8,15645.7,15646.4,0.7,2174.000034
2026-05-01T14:35:00+00:00,15646.15,15656.25,15642.15,15656.1,15645.8,15646.5,15656,15656.5,15641.9,15642.4,15655.9,15656.3,0.4,2591.720051
2026-05-01T14:40:00+00:00,15655.85,15662.4,15655.75,15659.75,15655.6,15656.1,15662.2,15662.6,15655.4,15656.1,15659.4,15660.1,0.7,2529.700042
2026-05-01T14:45:00+00:00,15659.4,15667.75,15659.35,15667.65,15659.1,15659.7,15667.5,15668,15659,15659.7,15667.3,15668,0.7,2030.380033
2026-05-01T14:50:00+00:00,15667.6,15672.75,15663.4,15669.75,15667.2,15668,15672.5,15673,15663,15663.8,15669.4,15670.1,0.7,3667.410051
2026-05-01T14:55:00+00:00,15669.5,15669.9,15661.25,15663.85,15669.2,15669.8,15669.5,15670.3,15661,15661.5,15663.6,15664.1,0.5,3792.070056
2026-05-01T15:00:00+00:00,15663.8,15669.8,15663.65,15667.7,15663.6,15664,15669.5,15670.1,15663.4,15663.9,15667.5,15667.9,0.4,2570.220051
2026-05-01T15:05:00+00:00,15667.75,15670.95,15664.05,15666.25,15667.5,15668,15670.7,15671.2,15663.8,15664.3,15666,15666.5,0.5,2197.570045
2026-05-01T15:10:00+00:00,15666.35,15669.25,15664.45,15664.75,15666.1,15666.6,15669.1,15669.4,15664.2,15664.7,15664.5,15665,0.5,1894.530038
2026-05-01T15:15:00+00:00,15664.6,15669.15,15662.4,15668.85,15664.4,15664.8,15668.9,15669.4,15662.2,15662.6,15668.5,15669.2,0.7,1293.820022
2026-05-01T15:20:00+00:00,15668.7,15672.05,15667.35,15670.7,15668.4,15669,15671.8,15672.3,15667.1,15667.6,15670.4,15671,0.6,1130.040024
2026-05-01T15:25:00+00:00,15670.5,15675.75,15668.75,15673.45,15670.2,15670.8,15675.5,15676,15668.5,15669,15673.2,15673.7,0.5,1206.150023
2026-05-01T15:30:00+00:00,15673.35,15676.25,15670.2,15674.8,15673.1,15673.6,15676,15676.5,15670,15670.4,15674.5,15675.1,0.6,1358.100026
2026-05-01T15:35:00+00:00,15674.9,15676.1,15663.15,15673.05,15674.6,15675.2,15675.8,15676.4,15662.8,15663.5,15672.8,15673.3,0.5,1911.460042
2026-05-01T15:40:00+00:00,15673.3,15674.4,15669.75,15671.05,15673,15673.6,15674.2,15674.6,15669.5,15670,15670.8,15671.3,0.5,1164.680025
2026-05-01T15:45:00+00:00,15671.2,15673.7,15670.25,15670.85,15670.9,15671.5,15673.5,15673.9,15670,15670.5,15670.6,15671.1,0.5,1031.160027
2026-05-01T15:50:00+00:00,15670.95,15689.9,15668.95,15670.65,15670.7,15671.2,15689.6,15690.2,15668.7,15669.2,15670.4,15670.9,0.5,3881.920072
2026-05-01T15:55:00+00:00,15670.45,15678.3,15670.4,15676.1,15670.4,15670.5,15678.1,15678.5,15670.3,15670.5,15675.9,15676.3,0.4,2092.760042
2026-05-01T16:00:00+00:00,15676.4,15677.1,15667.25,15670.25,15676.3,15676.5,15676.7,15677.5,15667,15667.5,15670,15670.5,0.5,1858.750027
2026-05-01T16:05:00+00:00,15670.2,15675.9,15668.6,15675.75,15669.8,15670.6,15675.7,15676.1,15668.3,15668.9,15675.6,15675.9,0.3,1564.260033
2026-05-01T16:10:00+00:00,15676.3,15679,15674.05,15677.3,15676.1,15676.5,15678.7,15679.3,15673.9,15674.2,15677,15677.6,0.6,1298.060024
2026-05-01T16:15:00+00:00,15677.25,15677.25,15672.3,15676.8,15677,15677.5,15677,15677.5,15672,15672.6,15676.5,15677.1,0.6,1001.080018
2026-05-01T16:20:00+00:00,15676.9,15685.3,15675.4,15679.65,15676.6,15677.2,15685.1,15685.5,15675.1,15675.7,15679.3,15680,0.7,1873.790033
2026-05-01T16:25:00+00:00,15679.8,15688.6,15679.7,15687.25,15679.5,15680.1,15688.5,15688.7,15679.4,15680,15686.9,15687.6,0.7,2084.510047
2026-05-01T16:30:00+00:00,15687.35,15691.35,15684.4,15688.3,15687,15687.7,15691.1,15691.6,15684.1,15684.7,15687.9,15688.7,0.8,1252.840025
2026-05-01T16:35:00+00:00,15688.25,15689.7,15686.2,15687.75,15688,15688.5,15689.4,15690,15685.9,15686.5,15687.5,15688,0.5,1396.030018
2026-05-01T16:40:00+00:00,15687.85,15687.95,15682.25,15683.45,15687.4,15688.3,15687.6,15688.3,15682,15682.5,15683.1,15683.8,0.7,1015.070014
2026-05-01T16:45:00+00:00,15683.65,15688.95,15682.95,15687.35,15683.4,15683.9,15688.7,15689.2,15682.7,15683.2,15687.1,15687.6,0.5,1279.890025
2026-05-01T16:50:00+00:00,15687.55,15692,15686.75,15688.75,15687.2,15687.9,15691.7,15692.3,15686.5,15687,15688.5,15689,0.5,1054.040015
2026-05-01T16:55:00+00:00,15688.7,15694.6,15688.3,15694.4,15688.3,15689.1,15694.2,15695,15687.9,15688.7,15694,15694.8,0.8,1071.720021
2026-05-01T17:00:00+00:00,15694.45,15695.75,15690.7,15695.75,15694,15694.9,15695.5,15696,15690.4,15691,15695.5,15696,0.5,1240.720019
2026-05-01T17:05:00+00:00,15695.85,15696,15691.7,15692.25,15695.5,15696.2,15695.7,15696.3,15691.4,15692,15692,15692.5,0.5,890.4000175
2026-05-01T17:10:00+00:00,15692.3,15693.7,15690.85,15693.25,15692.1,15692.5,15693.4,15694,15690.6,15691.1,15693,15693.5,0.5,1071.810015
2026-05-01T17:15:00+00:00,15693.25,15695.45,15691.95,15693.35,15693,15693.5,15695.3,15695.6,15691.6,15692.3,15693.1,15693.6,0.5,1491.990019
2026-05-01T17:20:00+00:00,15693.25,15693.5,15687.2,15690.55,15693,15693.5,15693.2,15693.8,15686.9,15687.5,15690.2,15690.9,0.7,1369.640021
2026-05-01T17:25:00+00:00,15690.5,15694.7,15690.4,15694.25,15690.2,15690.8,15694.3,15695.1,15690.1,15690.7,15693.9,15694.6,0.7,1572.60002
2026-05-01T17:30:00+00:00,15694.35,15698.1,15693.45,15697.1,15694,15694.7,15697.8,15698.4,15693.2,15693.7,15696.7,15697.5,0.8,1011.970016
2026-05-01T17:35:00+00:00,15697.05,15698.65,15696.5,15697.75,15696.6,15697.5,15698.3,15699,15696.3,15696.7,15697.4,15698.1,0.7,779.260012
2026-05-01T17:40:00+00:00,15697.8,15702.85,15696.9,15701.35,15697.6,15698,15702.5,15703.2,15696.6,15697.2,15701.1,15701.6,0.5,720.6000142
2026-05-01T17:45:00+00:00,15701.45,15701.65,15698.15,15699.5,15701.2,15701.7,15701.4,15701.9,15697.9,15698.4,15699.2,15699.8,0.6,519.1200078
2026-05-01T17:50:00+00:00,15699.25,15699.55,15685.45,15693.35,15699,15699.5,15699.3,15699.8,15685.3,15685.6,15693,15693.7,0.7,1513.100024
2026-05-01T17:55:00+00:00,15693.2,15694.6,15691.6,15693.3,15692.8,15693.6,15694.4,15694.8,15691.3,15691.9,15693,15693.6,0.6,924.4700168
2026-05-01T18:00:00+00:00,15693.35,15703.4,15692.3,15703.2,15693.1,15693.6,15703.1,15703.7,15692,15692.6,15702.9,15703.5,0.6,1090.420018
2026-05-01T18:05:00+00:00,15703.35,15705.85,15702.2,15705.45,15703.1,15703.6,15705.5,15706.2,15701.8,15702.6,15705.2,15705.7,0.5,800.8800138
2026-05-01T18:10:00+00:00,15705.6,15708.95,15705.55,15707.2,15705.3,15705.9,15708.7,15709.2,15705.3,15705.8,15706.9,15707.5,0.6,706.5300092
2026-05-01T18:15:00+00:00,15707.25,15709.75,15705.55,15708.45,15706.9,15707.6,15709.4,15710.1,15705.2,15705.9,15708.2,15708.7,0.5,939.3600127
2026-05-01T18:20:00+00:00,15708.35,15708.35,15704.05,15706.3,15708.1,15708.6,15708.1,15708.6,15703.7,15704.4,15706,15706.6,0.6,767.790011
2026-05-01T18:25:00+00:00,15706.35,15712.15,15702.4,15704.65,15706.1,15706.6,15711.8,15712.5,15702.3,15702.5,15704.5,15704.8,0.3,1158.920022
2026-05-01T18:30:00+00:00,15704.8,15708.25,15691.45,15707.95,15704.5,15705.1,15708,15708.5,15691,15691.9,15707.8,15708.1,0.3,2795.770055
2026-05-01T18:35:00+00:00,15708,15709.1,15698.9,15700.15,15707.8,15708.2,15708.8,15709.4,15698.6,15699.2,15699.7,15700.6,0.9,915.7600181
2026-05-01T18:40:00+00:00,15700.2,15704.55,15700.2,15702.8,15699.9,15700.5,15704.4,15704.7,15699.9,15700.5,15702.5,15703.1,0.6,944.4600241
2026-05-01T18:45:00+00:00,15703.1,15703.9,15698.85,15700.3,15702.7,15703.5,15703.6,15704.2,15698.6,15699.1,15700,15700.6,0.6,1363.160024
2026-05-01T18:50:00+00:00,15700.05,15705.65,15699.15,15705.65,15699.8,15700.3,15705.4,15705.9,15698.9,15699.4,15705.4,15705.9,0.5,1030.350017
2026-05-01T18:55:00+00:00,15705.6,15705.6,15698.7,15701.6,15705.3,15705.9,15705.3,15705.9,15698.4,15699,15701.4,15701.8,0.4,1513.620027
2026-05-01T19:00:00+00:00,15701.65,15706.2,15700.2,15705.2,15701.4,15701.9,15705.9,15706.5,15699.9,15700.5,15704.9,15705.5,0.6,826.2000104
2026-05-01T19:05:00+00:00,15704.95,15705.35,15702.4,15702.6,15704.7,15705.2,15705.1,15705.6,15702.1,15702.7,15702.3,15702.9,0.6,449.3300073
2026-05-01T19:10:00+00:00,15702.65,15705.25,15702.65,15704.2,15702.4,15702.9,15704.9,15705.6,15702.4,15702.9,15703.9,15704.5,0.6,573.440008
2026-05-01T19:15:00+00:00,15704.1,15704.1,15701.8,15703.25,15703.8,15704.4,15703.8,15704.4,15701.5,15702.1,15703,15703.5,0.5,656.5500098
2026-05-01T19:20:00+00:00,15703.2,15703.2,15701.3,15703,15702.8,15703.6,15702.8,15703.6,15701,15701.6,15702.7,15703.3,0.6,498.6300048
2026-05-01T19:25:00+00:00,15703.05,15704.5,15701.55,15704.4,15702.8,15703.3,15704.2,15704.8,15701.3,15701.8,15704.1,15704.7,0.6,419.5500062
2026-05-01T19:30:00+00:00,15704.35,15706.25,15704.05,15705.1,15704.1,15704.6,15705.9,15706.6,15703.8,15704.3,15704.8,15705.4,0.6,562.6500099
2026-05-01T19:35:00+00:00,15705.05,15706.95,15704.35,15705.25,15704.7,15705.4,15706.7,15707.2,15704.1,15704.6,15704.9,15705.6,0.7,569.400008
2026-05-01T19:40:00+00:00,15705.2,15706.75,15703.6,15706.65,15704.9,15705.5,15706.5,15707,15703.3,15703.9,15706.4,15706.9,0.5,427.9000098
2026-05-01T19:45:00+00:00,15706.6,15706.9,15705.05,15706.5,15706.4,15706.8,15706.7,15707.1,15704.8,15705.3,15706.2,15706.8,0.6,412.3900088
2026-05-01T19:50:00+00:00,15706.3,15709.2,15705.6,15707.1,15706,15706.6,15709,15709.4,15705.4,15705.8,15706.9,15707.3,0.4,613.7100182
2026-05-01T19:55:00+00:00,15707.45,15708.15,15704.2,15706.3,15707.3,15707.6,15707.9,15708.4,15703.8,15704.6,15706,15706.6,0.6,861.6600128
2026-05-01T20:00:00+00:00,15706.35,15706.9,15702.8,15705.2,15706.1,15706.6,15706.7,15707.1,15702.5,15703.1,15704.9,15705.5,0.6,796.4400136
2026-05-01T20:05:00+00:00,15705.35,15708.2,15705.25,15705.6,15705,15705.7,15707.9,15708.5,15704.9,15705.6,15705.3,15705.9,0.6,320.4000063
2026-05-01T20:10:00+00:00,15705.7,15706.7,15705.2,15706.55,15705.4,15706,15706.4,15707,15704.9,15705.5,15706.1,15707,0.9,430.0500071
2026-05-01T20:15:00+00:00,15706.4,15707.85,15705.35,15706.4,15706,15706.8,15707.6,15708.1,15704.9,15705.8,15706,15706.8,0.8,651.600013
2026-05-01T20:20:00+00:00,15706.3,15706.35,15702.6,15702.75,15705.8,15706.8,15705.9,15706.8,15702.1,15703.1,15702.4,15703.1,0.7,533.8700052
2026-05-01T20:25:00+00:00,15703.2,15705.85,15700.95,15703.1,15703,15703.4,15705.4,15706.3,15700.7,15701.2,15702.6,15703.6,1,730.0900053
2026-05-01T20:30:00+00:00,15703.3,15704.2,15696.6,15700.65,15703,15703.6,15703.8,15704.6,15696.3,15696.9,15700.1,15701.2,1.1,1270.080016
2026-05-01T20:35:00+00:00,15700.65,15704.2,15698.5,15702.9,15700.2,15701.1,15703.8,15704.6,15698,15699,15702.5,15703.3,0.8,496.2000108
2026-05-01T20:40:00+00:00,15702.8,15706.35,15702.25,15702.85,15702.4,15703.2,15705.9,15706.8,15701.9,15702.6,15702.5,15703.2,0.7,740.9700208
2026-05-01T20:45:00+00:00,15702.95,15704.25,15701.6,15703.75,15702.5,15703.4,15703.7,15704.8,15700.9,15702.3,15703.1,15704.4,1.3,831.8400136
2026-05-01T20:50:00+00:00,15703.65,15708.15,15702.05,15707.45,15703,15704.3,15707.5,15708.8,15701.4,15702.7,15706.6,15708.3,1.7,1965.900023
2026-05-01T20:55:00+00:00,15707.4,15709.5,15704.9,15706.05,15706.7,15708.1,15708.5,15710.5,15703.1,15706.7,15703.3,15708.8,5.5,1669.890027
2026-05-03T21:00:00+00:00,15677.5,15677.85,15677.4,15677.75,15670.8,15684.2,15671.5,15684.2,15670.8,15684,15671.5,15684,12.5,9.599999905
2026-05-03T21:05:00+00:00,15677.85,15678.3,15676.5,15677.55,15670.3,15685.4,15671.2,15685.4,15668.9,15684.1,15670.3,15684.8,14.5,78.60000217
2026-05-03T21:10:00+00:00,15677.6,15679.95,15676.25,15678.8,15670.4,15684.8,15675.1,15684.8,15670,15682.5,15675.1,15682.5,7.4,78.75000226
2026-05-03T21:15:00+00:00,15678.75,15680.1,15674.55,15676.2,15675.1,15682.4,15677.6,15682.6,15668.4,15680.7,15671.5,15680.9,9.4,81.80000257
2026-05-03T21:20:00+00:00,15676.25,15677.55,15668.95,15669.3,15671.5,15681,15673.9,15681.2,15667.2,15670.7,15667.6,15671,3.4,172.5000034
2026-05-03T21:25:00+00:00,15669.35,15669.35,15669.05,15669.15,15667.7,15671,15667.7,15671,15667.5,15670.6,15667.7,15670.6,2.9,23.25000048
2026-05-03T21:30:00+00:00,15669.25,15670.2,15669.15,15669.75,15667.7,15670.8,15669,15671.4,15667.6,15670.7,15668.2,15671.3,3.1,58.95000148
2026-05-03T21:35:00+00:00,15669.8,15670.1,15669.35,15669.95,15668.3,15671.3,15668.6,15671.6,15668.3,15670.4,15668.6,15671.3,2.7,50.55000055
2026-05-03T21:40:00+00:00,15670,15670.05,15669.5,15669.6,15668.6,15671.4,15668.7,15671.4,15668.6,15670.4,15668.7,15670.5,1.8,14.40000021
2026-05-03T21:45:00+00:00,15669.55,15670.75,15669.4,15669.9,15668.7,15670.4,15669.8,15671.7,15668.4,15670.4,15668.4,15671.4,3,120.030003
2026-05-03T21:50:00+00:00,15669.85,15670.05,15668.6,15669.5,15668.3,15671.4,15668.7,15671.4,15667.8,15669.4,15668.6,15670.4,1.8,585.9900037
2026-05-03T21:55:00+00:00,15669.85,15677.25,15669.15,15673.35,15668.6,15671.1,15672.8,15681.7,15667.8,15670.5,15670.6,15676.1,5.5,305.740008
2026-05-03T22:00:00+00:00,15673.7,15676.85,15668.6,15673.3,15670.5,15676.9,15676.4,15677.3,15668.2,15669,15672.9,15673.7,0.8,996.929989
2026-05-03T22:05:00+00:00,15673.45,15673.55,15668.85,15672.1,15673,15673.9,15673.1,15674,15668.4,15669.3,15671.7,15672.5,0.8,352.2000092
2026-05-03T22:10:00+00:00,15672.05,15681.45,15672.05,15680.8,15671.6,15672.5,15681.1,15681.8,15671.6,15672.5,15680.4,15681.2,0.8,335.5700085
2026-05-03T22:15:00+00:00,15680.65,15685.95,15679.85,15684.65,15680.4,15680.9,15685.5,15686.4,15679.5,15680.2,15684.2,15685.1,0.9,292.5000087
2026-05-03T22:20:00+00:00,15684.85,15693,15684.85,15689.5,15684.4,15685.3,15692.6,15693.4,15684.4,15685.3,15689.1,15689.9,0.8,391.5000107
2026-05-03T22:25:00+00:00,15689.4,15691.9,15685.6,15686.85,15688.9,15689.9,15691.5,15692.3,15685.2,15686,15686.5,15687.2,0.7,304.800009
2026-05-03T22:30:00+00:00,15686.7,15688.3,15681.55,15683.05,15686.2,15687.2,15687.9,15688.7,15681.2,15681.9,15682.7,15683.4,0.7,309.7500091
2026-05-03T22:35:00+00:00,15683.15,15686,15682.2,15683.4,15682.8,15683.5,15685.7,15686.3,15681.8,15682.6,15683,15683.8,0.8,275.5500083
2026-05-03T22:40:00+00:00,15682.8,15682.8,15680.45,15681.1,15682.7,15682.9,15682.7,15682.9,15680.1,15680.8,15680.7,15681.5,0.8,247.6500056
2026-05-03T22:45:00+00:00,15680.65,15686,15680.6,15684.8,15680.2,15681.1,15685.6,15686.4,15680.2,15681,15684.4,15685.2,0.8,143.1000041
2026-05-03T22:50:00+00:00,15684.75,15685,15681.95,15682.15,15684.4,15685.1,15684.7,15685.3,15681.6,15682.3,15681.8,15682.5,0.7,136.6800027
2026-05-03T22:55:00+00:00,15682.2,15684.75,15682.15,15683.35,15681.8,15682.6,15684.4,15685.1,15681.7,15682.6,15682.8,15683.9,1.1,243.3000038
2026-05-03T23:00:00+00:00,15683.5,15687.25,15681.8,15684.6,15682.9,15684.1,15686.8,15687.7,15681.4,15682.2,15684.2,15685,0.8,405.1500076
2026-05-03T23:05:00+00:00,15684.8,15686,15684.4,15684.45,15684.4,15685.2,15685.6,15686.4,15684,15684.8,15684,15684.9,0.9,147.900004
2026-05-03T23:10:00+00:00,15684.4,15684.65,15680.45,15680.85,15684.1,15684.7,15684.4,15684.9,15680.2,15680.7,15680.6,15681.1,0.5,303.0900061
2026-05-03T23:15:00+00:00,15680.8,15686.75,15680.8,15683.1,15680.5,15681.1,15686.5,15687,15680.5,15681.1,15682.9,15683.3,0.4,267.2800055
2026-05-03T23:20:00+00:00,15683.15,15684.2,15682,15682.85,15682.9,15683.4,15683.9,15684.5,15681.7,15682.3,15682.6,15683.1,0.5,232.1300058
2026-05-03T23:25:00+00:00,15682.8,15685.1,15682.7,15684.55,15682.4,15683.2,15684.8,15685.4,15682.4,15683,15684.2,15684.9,0.7,124.6900036
2026-05-03T23:30:00+00:00,15684.6,15685.5,15683.55,15684.2,15684.2,15685,15685.3,15685.7,15683.4,15683.7,15684,15684.4,0.4,122.5900025
2026-05-03T23:35:00+00:00,15684.3,15684.35,15679.6,15683.1,15684,15684.6,15684.1,15684.6,15679.3,15679.9,15682.7,15683.5,0.8,367.7300071
2026-05-03T23:40:00+00:00,15683.35,15685.55,15681.75,15685.55,15683.1,15683.6,15685.3,15685.8,15681.4,15682.1,15685.3,15685.8,0.5,342.2800056
2026-05-03T23:45:00+00:00,15685.85,15687.5,15682.5,15685.3,15685.6,15686.1,15687.3,15687.7,15682.2,15682.8,15684.9,15685.7,0.8,708.8000131
2026-05-03T23:50:00+00:00,15685.4,15686.65,15683.95,15685.75,15685,15685.8,15686.3,15687,15683.6,15684.3,15685.3,15686.2,0.9,432.0600057
2026-05-03T23:55:00+00:00,15685.65,15690.45,15684.45,15690.15,15685.3,15686,15690.1,15690.8,15684,15684.9,15689.8,15690.5,0.7,551.5900087
2026-05-04T00:00:00+00:00,15690.35,15693.7,15689.25,15689.9,15690,15690.7,15693.4,15694,15688.9,15689.6,15689.6,15690.2,0.6,1866.660031
2026-05-04T00:05:00+00:00,15689.85,15691.8,15686.8,15688.9,15689.5,15690.2,15691.5,15692.1,15686.5,15687.1,15688.7,15689.1,0.4,880.6000162
2026-05-04T00:10:00+00:00,15688.85,15692.2,15688.15,15690.9,15688.6,15689.1,15691.9,15692.5,15687.9,15688.4,15690.6,15691.2,0.6,912.0500147
2026-05-04T00:15:00+00:00,15690.8,15695.2,15689.05,15693.9,15690.5,15691.1,15695.1,15695.3,15688.8,15689.3,15693.6,15694.2,0.6,1317.220018
2026-05-04T00:20:00+00:00,15693.95,15699.35,15693.35,15697.75,15693.7,15694.2,15699.1,15699.6,15693.1,15693.6,15697.5,15698,0.5,979.0300163
2026-05-04T00:25:00+00:00,15697.9,15698.8,15695.9,15697.6,15697.7,15698.1,15698.6,15699,15695.7,15696.1,15697.3,15697.9,0.6,718.0800123
2026-05-04T00:30:00+00:00,15697.4,15697.6,15692.25,15694,15697.1,15697.7,15697.3,15697.9,15692,15692.5,15693.7,15694.3,0.6,1178.110015
2026-05-04T00:35:00+00:00,15694.05,15694.65,15693.05,15693.15,15693.8,15694.3,15694.4,15694.9,15692.8,15693.3,15692.9,15693.4,0.5,510.5600073
2026-05-04T00:40:00+00:00,15693.1,15696.15,15692.25,15695.65,15692.9,15693.3,15695.9,15696.4,15692,15692.5,15695.4,15695.9,0.5,522.070008
2026-05-04T00:45:00+00:00,15695.45,15696.35,15693.95,15694.65,15695.2,15695.7,15696.1,15696.6,15693.8,15694.1,15694.4,15694.9,0.5,492.2500094
2026-05-04T00:50:00+00:00,15694.25,15695.5,15692.3,15692.5,15694.2,15694.3,15695.3,15695.7,15692,15692.6,15692.2,15692.8,0.6,774.4500124
2026-05-04T00:55:00+00:00,15692.3,15693.4,15690.9,15690.95,15692,15692.6,15693.1,15693.7,15690.6,15691.2,15690.7,15691.2,0.5,786.8400137
2026-05-04T01:00:00+00:00,15691,15701.5,15689.8,15698.65,15690.7,15691.3,15701.4,15701.6,15689.5,15690.1,15698.3,15699,0.7,1688.280029
2026-05-04T01:05:00+00:00,15698.7,15705.45,15698.65,15703.05,15698.3,15699.1,15705.2,15705.7,15698.3,15699,15702.7,15703.4,0.7,1478.210023
2026-05-04T01:10:00+00:00,15703.1,15705.15,15700.85,15701,15702.8,15703.4,15704.8,15705.5,15700.6,15701.1,15700.7,15701.3,0.6,1023.740017
2026-05-04T01:15:00+00:00,15700.8,15701.55,15660.6,15691.05,15700.6,15701,15701.3,15701.8,15659.7,15661.5,15690.6,15691.5,0.9,2801.500047
2026-05-04T01:20:00+00:00,15690.95,15701.85,15690.25,15701.4,15690.5,15691.4,15701.5,15702.2,15689.8,15690.7,15701.1,15701.7,0.6,1580.780024
2026-05-04T01:25:00+00:00,15701.45,15704.85,15696.35,15700.2,15701.2,15701.7,15704.5,15705.2,15695.9,15696.8,15699.9,15700.5,0.6,1010.660016
2026-05-04T01:30:00+00:00,15699.5,15705.35,15696.9,15700.35,15699.4,15699.6,15705,15705.7,15696.6,15697.2,15700,15700.7,0.7,1130.61002
2026-05-04T01:35:00+00:00,15700.4,15703.05,15699.05,15700.05,15700.1,15700.7,15702.7,15703.4,15698.7,15699.4,15699.7,15700.4,0.7,1419.080017
2026-05-04T01:40:00+00:00,15699.95,15702.75,15697.85,15699.75,15699.6,15700.3,15702.3,15703.2,15697.5,15698.2,15699.4,15700.1,0.7,1658.230017
2026-05-04T01:45:00+00:00,15699.8,15703.25,15697.85,15702.75,15699.4,15700.2,15702.9,15703.6,15697.5,15698.2,15702.5,15703,0.5,1581.600017
2026-05-04T01:50:00+00:00,15702.8,15705.7,15700.1,15705.45,15702.5,15703.1,15705.4,15706,15699.7,15700.5,15705.1,15705.8,0.7,1376.920016
2026-05-04T01:55:00+00:00,15705.5,15708.2,15703.05,15704.15,15705.1,15705.9,15707.9,15708.5,15702.7,15703.4,15703.9,15704.4,0.5,1126.170014
2026-05-04T02:00:00+00:00,15704.1,15711.75,15702.65,15711.35,15703.8,15704.4,15711.5,15712,15702.4,15702.9,15711,15711.7,0.7,989.9500153
2026-05-04T02:05:00+00:00,15711.45,15716.4,15711.1,15713.8,15711.2,15711.7,15716.2,15716.6,15710.8,15711.4,15713.5,15714.1,0.6,1037.830017
2026-05-04T02:10:00+00:00,15713.4,15715.25,15711.25,15711.45,15713.2,15713.6,15715,15715.5,15711,15711.5,15711.2,15711.7,0.5,804.2100172
2026-05-04T02:15:00+00:00,15711.55,15715.3,15710.05,15710.45,15711.3,15711.8,15715.1,15715.5,15709.8,15710.3,15710.2,15710.7,0.5,754.480016
2026-05-04T02:20:00+00:00,15710.5,15715.9,15710.35,15713.1,15710.2,15710.8,15715.6,15716.2,15710.1,15710.6,15712.9,15713.3,0.4,646.0100132
2026-05-04T02:25:00+00:00,15713.15,15716.65,15712.9,15716.65,15712.8,15713.5,15716.4,15716.9,15712.7,15713.1,15716.4,15716.9,0.5,695.2500165
2026-05-04T02:30:00+00:00,15716.7,15718.8,15715.95,15717.7,15716.4,15717,15718.5,15719.1,15715.8,15716.1,15717.4,15718,0.6,709.6900119
2026-05-04T02:35:00+00:00,15717.85,15718.95,15717.45,15717.65,15717.6,15718.1,15718.7,15719.2,15717.2,15717.7,15717.4,15717.9,0.5,447.1500093
2026-05-04T02:40:00+00:00,15717.6,15719.65,15717.6,15718.35,15717.3,15717.9,15719.5,15719.8,15717.3,15717.9,15718.1,15718.6,0.5,364.3500054
2026-05-04T02:45:00+00:00,15718.4,15720,15717.7,15718.55,15718.2,15718.6,15719.7,15720.3,15717.4,15718,15718.3,15718.8,0.5,380.2500072
2026-05-04T02:50:00+00:00,15718.6,15719.8,15717.4,15717.4,15718.4,15718.8,15719.5,15720.1,15717.1,15717.7,15717.1,15717.7,0.6,388.1200056
2026-05-04T02:55:00+00:00,15717.3,15718,15706.7,15712.7,15717,15717.6,15717.6,15718.4,15706.2,15707.2,15712.4,15713,0.6,1564.880025
2026-05-04T03:00:00+00:00,15712.95,15715.25,15712.8,15714.95,15712.7,15713.2,15714.9,15715.6,15712.5,15713.1,15714.6,15715.3,0.7,817.5600191
2026-05-04T03:05:00+00:00,15714.45,15718.8,15714.25,15717.95,15714.2,15714.7,15718.6,15719,15714,15714.5,15717.7,15718.2,0.5,518.0200158
2026-05-04T03:10:00+00:00,15717.9,15725.15,15717.65,15722.25,15717.7,15718.1,15724.9,15725.4,15717.4,15717.9,15722,15722.5,0.5,1476.760021
2026-05-04T03:15:00+00:00,15722.2,15723.35,15719.3,15720.1,15721.9,15722.5,15723,15723.7,15719,15719.6,15719.8,15720.4,0.6,734.5800095
2026-05-04T03:20:00+00:00,15720.2,15722.7,15719.85,15722.45,15719.9,15720.5,15722.4,15723,15719.6,15720.1,15722.3,15722.6,0.3,697.6500076
2026-05-04T03:25:00+00:00,15722.4,15723.85,15722.1,15723.8,15722.2,15722.6,15723.5,15724.2,15721.9,15722.3,15723.4,15724.2,0.8,537.4500078
2026-05-04T03:30:00+00:00,15723.9,15724.85,15721.25,15723.45,15723.6,15724.2,15724.6,15725.1,15721,15721.5,15723.2,15723.7,0.5,683.1000118
2026-05-04T03:35:00+00:00,15723.4,15724,15723,15723.4,15723.1,15723.7,15723.7,15724.3,15722.7,15723.3,15723.1,15723.7,0.6,278.7000042
2026-05-04T03:40:00+00:00,15723.5,15724.5,15719.55,15721.05,15723.2,15723.8,15724.2,15724.8,15719.4,15719.7,15720.6,15721.5,0.9,401.5300076
2026-05-04T03:45:00+00:00,15721.2,15721.2,15598.1,15633.15,15721,15721.4,15721,15721.4,15597.4,15598.8,15632.3,15634,1.7,11125.74012
2026-05-04T03:50:00+00:00,15633.5,15645.9,15570.5,15582.3,15632.6,15634.4,15645.3,15646.5,15569.8,15571.2,15581.6,15583,1.4,10975.99009
2026-05-04T03:55:00+00:00,15581.8,15629.3,15578.7,15620.6,15581.1,15582.5,15628.5,15630.1,15578.1,15579.3,15619.7,15621.5,1.8,5785.470073
2026-05-04T04:00:00+00:00,15620.45,15639.35,15613.8,15635.2,15619.5,15621.4,15638.7,15640,15613.1,15614.5,15634.9,15635.5,0.6,2322.610047
2026-05-04T04:05:00+00:00,15634.6,15651.75,15634.1,15648.2,15634.3,15634.9,15651.2,15652.3,15633.8,15634.4,15647.5,15648.9,1.4,2964.39005
2026-05-04T04:10:00+00:00,15648.7,15654.05,15644.8,15652.75,15648.3,15649.1,15653.8,15654.3,15644.4,15645.2,15652.3,15653.2,0.9,2281.540044
2026-05-04T04:15:00+00:00,15652.85,15659.75,15650.3,15655.85,15652.4,15653.3,15659.5,15660,15649.8,15650.8,15655.4,15656.3,0.9,1378.810026
2026-05-04T04:20:00+00:00,15655.9,15669.5,15654.6,15668,15655.5,15656.3,15669.2,15669.8,15654.2,15655,15667.7,15668.3,0.6,1285.020024
2026-05-04T04:25:00+00:00,15668.4,15670.3,15663.25,15668.55,15668.3,15668.5,15670.1,15670.5,15662.9,15663.6,15668.3,15668.8,0.5,1152.550023
2026-05-04T04:30:00+00:00,15668.4,15669.5,15663.45,15668.2,15668.1,15668.7,15669.2,15669.8,15663.1,15663.8,15667.9,15668.5,0.6,1034.000023
2026-05-04T04:35:00+00:00,15668.35,15673.3,15664.6,15670.7,15668,15668.7,15672.9,15673.7,15664.3,15664.9,15670.4,15671,0.6,1020.840018
2026-05-04T04:40:00+00:00,15670.8,15674.45,15668.05,15672.55,15670.3,15671.3,15674.1,15674.8,15667.7,15668.4,15672.3,15672.8,0.5,746.2900139
2026-05-04T04:45:00+00:00,15673.75,15677.7,15672.6,15677.2,15673.6,15673.9,15677.4,15678,15672.3,15672.9,15676.9,15677.5,0.6,579.9700112
2026-05-04T04:50:00+00:00,15677.1,15678,15673.7,15677.7,15676.7,15677.5,15677.7,15678.3,15673.3,15674.1,15677.3,15678.1,0.8,663.1800101
2026-05-04T04:55:00+00:00,15677.75,15679.05,15673.2,15673.3,15677.3,15678.2,15678.7,15679.4,15672.8,15673.6,15672.9,15673.7,0.8,771.4000112
2026-05-04T05:00:00+00:00,15673.4,15677.35,15673.4,15674.75,15673,15673.8,15677.1,15677.6,15673,15673.8,15674.5,15675,0.5,1054.710012
2026-05-04T05:05:00+00:00,15674.7,15677.45,15674.2,15675.45,15674.5,15674.9,15677.2,15677.7,15673.9,15674.5,15675.1,15675.8,0.7,938.7500097
2026-05-04T05:10:00+00:00,15675.55,15676.35,15653.3,15674.15,15675.2,15675.9,15675.9,15676.8,15652.9,15653.7,15673.7,15674.6,0.9,2124.940017
2026-05-04T05:15:00+00:00,15674.1,15684.4,15659.95,15672.45,15673.7,15674.5,15684.1,15684.7,15659.7,15660.2,15672,15672.9,0.9,2845.810027
2026-05-04T05:20:00+00:00,15672.5,15679.2,15671.8,15677.3,15671.9,15673.1,15678.9,15679.5,15671.4,15672.2,15676.9,15677.7,0.8,2288.01003
2026-05-04T05:25:00+00:00,15677.3,15680.05,15676.2,15679.6,15676.8,15677.8,15679.8,15680.3,15675.9,15676.5,15679.2,15680,0.8,1061.990016
2026-05-04T05:30:00+00:00,15679.4,15685.1,15678.4,15684.1,15679,15679.8,15684.9,15685.3,15678.3,15678.5,15683.7,15684.5,0.8,1196.500013
2026-05-04T05:35:00+00:00,15683.95,15686.55,15657.5,15683.3,15683.6,15684.3,15686.2,15686.9,15657.2,15657.8,15682.9,15683.7,0.8,1521.930025
2026-05-04T05:40:00+00:00,15683.2,15683.5,15677.1,15680.7,15682.8,15683.6,15683.2,15683.8,15676.7,15677.5,15680.3,15681.1,0.8,1268.25002
2026-05-04T05:45:00+00:00,15680.65,15681.7,15677.1,15680.8,15680.3,15681,15681.3,15682.1,15676.8,15677.4,15680.4,15681.2,0.8,765.630013
2026-05-04T05:50:00+00:00,15680.85,15681.35,15668.85,15676.1,15680.5,15681.2,15680.9,15681.8,15668.6,15669.1,15675.6,15676.6,1,1236.230018
2026-05-04T05:55:00+00:00,15676,15678.65,15672.95,15678.45,15675.6,15676.4,15678.3,15679,15672.6,15673.3,15678.1,15678.8,0.7,1121.430019
2026-05-04T06:00:00+00:00,15678.5,15681.05,15673.6,15678.25,15678.2,15678.8,15680.7,15681.4,15673.2,15674,15677.8,15678.7,0.9,1696.800027
2026-05-04T06:05:00+00:00,15678.05,15680.85,15677.3,15677.4,15677.6,15678.5,15680.5,15681.2,15677,15677.6,15677.1,15677.7,0.6,1007.66002
2026-05-04T06:10:00+00:00,15677.45,15683.9,15676.95,15683.6,15677.2,15677.7,15683.7,15684.1,15676.5,15677.4,15683.3,15683.9,0.6,1803.850027
2026-05-04T06:15:00+00:00,15683.55,15683.75,15680.15,15682.8,15683.1,15684,15683.4,15684.1,15679.9,15680.4,15682.5,15683.1,0.6,1067.480023
2026-05-04T06:20:00+00:00,15682.65,15683.8,15673.95,15681.45,15682.3,15683,15683.5,15684.1,15673.5,15674.4,15681.1,15681.8,0.7,1410.08002
2026-05-04T06:25:00+00:00,15681.45,15681.45,15676.3,15680,15681,15681.9,15681,15681.9,15675.8,15676.8,15679.6,15680.4,0.8,1241.020023
2026-05-04T06:30:00+00:00,15680.1,15684.15,15676.4,15683.2,15679.8,15680.4,15683.8,15684.5,15676.1,15676.7,15682.9,15683.5,0.6,2083.450032
2026-05-04T06:35:00+00:00,15683.35,15686.05,15682.35,15684.25,15683,15683.7,15685.8,15686.3,15682.1,15682.6,15683.9,15684.6,0.7,1227.860026
2026-05-04T06:40:00+00:00,15684.35,15693,15684.05,15690.95,15684,15684.7,15692.8,15693.2,15683.7,15684.4,15690.8,15691.1,0.3,1054.370017
2026-05-04T06:45:00+00:00,15690.85,15693.95,15690.1,15690.45,15690.6,15691.1,15693.6,15694.3,15689.8,15690.4,15690.2,15690.7,0.5,1767.470031
2026-05-04T06:50:00+00:00,15690.15,15690.15,15684.4,15687.95,15689.9,15690.4,15689.9,15690.4,15684.1,15684.7,15687.7,15688.2,0.5,1667.330026
2026-05-04T06:55:00+00:00,15689.1,15693.05,15686.75,15692.75,15689,15689.2,15692.8,15693.3,15686.4,15687.1,15692.5,15693,0.5,1351.680021
2026-05-04T07:00:00+00:00,15692.8,15694.95,15690.7,15694.4,15692.6,15693,15694.7,15695.2,15690.4,15691,15694.1,15694.7,0.6,1909.64003
2026-05-04T07:05:00+00:00,15694.45,15698.05,15691.3,15698,15694.2,15694.7,15697.8,15698.3,15691.1,15691.5,15697.7,15698.3,0.6,1583.490023
2026-05-04T07:10:00+00:00,15697.85,15698.2,15695.3,15697.1,15697.6,15698.1,15697.9,15698.5,15695,15695.6,15696.8,15697.4,0.6,680.4700086
2026-05-04T07:15:00+00:00,15696.8,15696.8,15688.1,15689.3,15696.7,15696.9,15696.7,15696.9,15687.7,15688.5,15689,15689.6,0.6,1277.740022
2026-05-04T07:20:00+00:00,15689.35,15691.3,15687.9,15690.1,15689.1,15689.6,15691,15691.6,15687.7,15688.1,15689.8,15690.4,0.6,1045.490016
2026-05-04T07:25:00+00:00,15690,15692.8,15687.2,15691.55,15689.7,15690.3,15692.5,15693.1,15687,15687.4,15691.3,15691.8,0.5,1271.750021
2026-05-04T07:30:00+00:00,15691.5,15691.95,15687.5,15689.6,15691.2,15691.8,15691.7,15692.2,15687.3,15687.7,15689.4,15689.8,0.4,760.8000139
2026-05-04T07:35:00+00:00,15689.55,15691.7,15687.85,15687.85,15689.3,15689.8,15691.4,15692,15687.6,15688.1,15687.6,15688.1,0.5,864.0000134
2026-05-04T07:40:00+00:00,15687.9,15690.45,15681.8,15687.7,15687.7,15688.1,15690.1,15690.8,15681.6,15682,15687.4,15688,0.6,1132.510022
2026-05-04T07:45:00+00:00,15687.65,15689.2,15687.2,15688.9,15687.4,15687.9,15689,15689.4,15686.9,15687.5,15688.6,15689.2,0.6,578.7300159
2026-05-04T07:50:00+00:00,15689,15692.55,15688.05,15688.1,15688.7,15689.3,15692.3,15692.8,15687.7,15688.4,15687.7,15688.5,0.8,1096.100018
2026-05-04T07:55:00+00:00,15687.9,15689.75,15684.45,15689.55,15687.6,15688.2,15689.5,15690,15684.2,15684.7,15689.3,15689.8,0.5,967.5100211
2026-05-04T08:00:00+00:00,15689.45,15694.85,15689.45,15694.55,15689.2,15689.7,15694.7,15695,15689.2,15689.7,15694.3,15694.8,0.5,1144.970025
2026-05-04T08:05:00+00:00,15695.1,15695.8,15691.2,15693.25,15695,15695.2,15695.5,15696.1,15690.9,15691.5,15693,15693.5,0.5,885.9300212
2026-05-04T08:10:00+00:00,15693.2,15694.45,15692.25,15693.35,15693,15693.4,15694.2,15694.7,15691.9,15692.6,15693.1,15693.6,0.5,716.5000197
2026-05-04T08:15:00+00:00,15693.3,15697.9,15692.85,15697.05,15693,15693.6,15697.6,15698.2,15692.6,15693.1,15696.7,15697.4,0.7,1153.780022
2026-05-04T08:20:00+00:00,15696.95,15697.35,15694.5,15695.7,15696.6,15697.3,15697.1,15697.6,15694.2,15694.8,15695.4,15696,0.6,986.4100125
2026-05-04T08:25:00+00:00,15695.6,15695.6,15690.8,15691.5,15695.3,15695.9,15695.3,15695.9,15690.5,15691.1,15691.2,15691.8,0.6,1132.500016
2026-05-04T08:30:00+00:00,15691.45,15693.5,15688.8,15691.7,15691,15691.9,15693.2,15693.8,15688.7,15688.9,15691.4,15692,0.6,878.5500154
2026-05-04T08:35:00+00:00,15691.8,15693.7,15689.45,15693.2,15691.5,15692.1,15693.4,15694,15689.1,15689.8,15692.8,15693.6,0.8,749.9700104
2026-05-04T08:40:00+00:00,15693.25,15693.9,15690.5,15693.35,15693,15693.5,15693.6,15694.2,15690.2,15690.8,15693.1,15693.6,0.5,766.1100093
2026-05-04T08:45:00+00:00,15693.4,15695.65,15692.6,15695.35,15693.1,15693.7,15695.4,15695.9,15692.3,15692.9,15695.1,15695.6,0.5,891.2500088
2026-05-04T08:50:00+00:00,15695.4,15696.6,15693.95,15696.05,15695.1,15695.7,15696.3,15696.9,15693.7,15694.2,15695.8,15696.3,0.5,741.9500095
2026-05-04T08:55:00+00:00,15696.1,15697.9,15695.05,15695.25,15695.8,15696.4,15697.7,15698.1,15694.9,15695.2,15695,15695.5,0.5,676.0000168
2026-05-04T09:00:00+00:00,15695.15,15697.55,15692.05,15693.15,15694.9,15695.4,15697.3,15697.8,15691.8,15692.3,15692.9,15693.4,0.5,1189.76002
2026-05-04T09:05:00+00:00,15693.05,15696.9,15692.95,15696.55,15692.7,15693.4,15696.6,15697.2,15692.6,15693.3,15696.3,15696.8,0.5,985.0300095
2026-05-04T09:10:00+00:00,15696.65,15697.95,15695.45,15696.95,15696.2,15697.1,15697.7,15698.2,15695.2,15695.7,15696.7,15697.2,0.5,843.6300102
2026-05-04T09:15:00+00:00,15696.7,15698.25,15696.2,15698.15,15696.5,15696.9,15698,15698.5,15695.9,15696.5,15697.9,15698.4,0.5,773.5500118
2026-05-04T09:20:00+00:00,15698.2,15701.4,15696.85,15699.05,15698,15698.4,15701.1,15701.7,15696.6,15697.1,15698.7,15699.4,0.7,1096.91002
2026-05-04T09:25:00+00:00,15698.9,15700.15,15697.35,15697.35,15698.7,15699.1,15699.8,15700.5,15697,15697.7,15697,15697.7,0.7,890.04002
2026-05-04T09:30:00+00:00,15697.45,15699.1,15695,15696.3,15697.1,15697.8,15698.8,15699.4,15694.7,15695.3,15696,15696.6,0.6,722.1600107
2026-05-04T09:35:00+00:00,15696.5,15698.25,15696.4,15697,15696.3,15696.7,15698,15698.5,15696.1,15696.7,15696.7,15697.3,0.6,629.2500114
2026-05-04T09:40:00+00:00,15697.2,15699.65,15696.7,15698.9,15696.9,15697.5,15699.3,15700,15696.4,15697,15698.6,15699.2,0.6,656.8300073
2026-05-04T09:45:00+00:00,15698.8,15700.2,15698.45,15698.9,15698.5,15699.1,15699.9,15700.5,15698.2,15698.7,15698.6,15699.2,0.6,485.2500089
2026-05-04T09:50:00+00:00,15698.95,15698.95,15689.65,15695.65,15698.7,15699.2,15698.7,15699.2,15689.3,15690,15695.4,15695.9,0.5,898.7800198
2026-05-04T09:55:00+00:00,15695.7,15698.85,15695.6,15696.9,15695.4,15696,15698.6,15699.1,15695.4,15695.8,15696.6,15697.2,0.6,792.450013
2026-05-04T10:00:00+00:00,15697,15709.15,15696.9,15704.4,15696.7,15697.3,15709,15709.3,15696.6,15697.2,15704.1,15704.7,0.6,2981.850068
2026-05-04T10:05:00+00:00,15704.55,15720.1,15704.55,15712.6,15704.2,15704.9,15720,15720.2,15704.2,15704.9,15712.3,15712.9,0.6,3574.520069
2026-05-04T10:10:00+00:00,15712.5,15718.6,15709.8,15716.4,15712.1,15712.9,15718.3,15718.9,15709.5,15710.1,15716,15716.8,0.8,2362.020052
2026-05-04T10:15:00+00:00,15716.35,15720.1,15711.25,15717.35,15716.1,15716.6,15719.9,15720.3,15710.9,15711.6,15717.1,15717.6,0.5,2467.560045
2026-05-04T10:20:00+00:00,15717.5,15720.45,15713.5,15714.8,15717.2,15717.8,15720.3,15720.6,15713.2,15713.8,15714.6,15715,0.4,2145.320042
2026-05-04T10:25:00+00:00,15714.85,15715.15,15704.2,15707.5,15714.7,15715,15714.9,15715.4,15704,15704.4,15707.2,15707.8,0.6,2354.740039
2026-05-04T10:30:00+00:00,15707.6,15712.05,15696.35,15704.95,15707.4,15707.8,15711.8,15712.3,15696,15696.7,15704.7,15705.2,0.5,3535.660072
2026-05-04T10:35:00+00:00,15704.85,15705.3,15697.55,15701.5,15704.6,15705.1,15705,15705.6,15697.2,15697.9,15701.3,15701.7,0.4,2652.860049
2026-05-04T10:40:00+00:00,15701.55,15707.6,15700.1,15706.45,15701.4,15701.7,15707.2,15708,15699.8,15700.4,15706.1,15706.8,0.7,1902.070033
2026-05-04T10:45:00+00:00,15706.5,15707.95,15703.6,15703.6,15706.2,15706.8,15707.7,15708.2,15703.3,15703.9,15703.3,15703.9,0.6,1011.49002
2026-05-04T10:50:00+00:00,15703.7,15708.8,15703.55,15708.35,15703.5,15703.9,15708.5,15709.1,15703.2,15703.9,15708.1,15708.6,0.5,1036.870013
2026-05-04T10:55:00+00:00,15708.4,15714.25,15708.4,15711.6,15708.1,15708.7,15714,15714.5,15708.1,15708.7,15711.3,15711.9,0.6,1151.400022
2026-05-04T11:00:00+00:00,15711.4,15714.5,15706.7,15713.9,15711.3,15711.5,15714.3,15714.7,15706.5,15706.9,15713.7,15714.1,0.4,2161.860032
2026-05-04T11:05:00+00:00,15713.95,15717.2,15713.95,15714.35,15713.7,15714.2,15716.9,15717.5,15713.7,15714.2,15714.1,15714.6,0.5,1098.330017
2026-05-04T11:10:00+00:00,15714,15715.95,15712.15,15715.75,15713.7,15714.3,15715.6,15716.3,15712,15712.3,15715.4,15716.1,0.7,1394.170027
2026-05-04T11:15:00+00:00,15715.55,15716.2,15711.7,15713.7,15715.3,15715.8,15715.9,15716.5,15711.4,15712,15713.5,15713.9,0.4,1119.120026
2026-05-04T11:20:00+00:00,15713.65,15714.95,15712.25,15712.4,15713.5,15713.8,15714.6,15715.3,15711.9,15712.6,15712.1,15712.7,0.6,819.2700118
2026-05-04T11:25:00+00:00,15712.35,15713.55,15711.2,15711.45,15712.1,15712.6,15713.3,15713.8,15710.9,15711.5,15711.2,15711.7,0.5,935.4900105
2026-05-04T11:30:00+00:00,15711.55,15715.8,15711.2,15715.3,15711.3,15711.8,15715.5,15716.1,15710.9,15711.5,15715,15715.6,0.6,818.5800104
2026-05-04T11:35:00+00:00,15715.25,15717.65,15712.4,15717.1,15715,15715.5,15717.4,15717.9,15712.1,15712.7,15716.8,15717.4,0.6,1589.930025
2026-05-04T11:40:00+00:00,15717.2,15717.75,15714.35,15716.05,15716.9,15717.5,15717.5,15718,15714.1,15714.6,15715.9,15716.2,0.3,1192.530023
2026-05-04T11:45:00+00:00,15716,15717.8,15714.95,15717.1,15715.8,15716.2,15717.6,15718,15714.7,15715.2,15716.8,15717.4,0.6,835.4000139
2026-05-04T11:50:00+00:00,15717,15717.6,15714.7,15715.2,15716.7,15717.3,15717.3,15717.9,15714.4,15715,15715.1,15715.3,0.2,1116.900013
2026-05-04T11:55:00+00:00,15715.1,15718.35,15714.85,15717.65,15715,15715.2,15718.1,15718.6,15714.7,15715,15717.4,15717.9,0.5,1259.190022
2026-05-04T12:00:00+00:00,15717.55,15718.35,15714.15,15715.15,15717.3,15717.8,15718.1,15718.6,15713.9,15714.4,15714.8,15715.5,0.7,1555.500022
2026-05-04T12:05:00+00:00,15715,15716.3,15708.75,15710.2,15714.8,15715.2,15716.1,15716.5,15708.5,15709,15709.9,15710.5,0.6,1208.440012
2026-05-04T12:10:00+00:00,15710.15,15712.9,15708.65,15710.5,15709.9,15710.4,15712.6,15713.2,15708.4,15708.9,15710.2,15710.8,0.6,1299.850021
2026-05-04T12:15:00+00:00,15710.4,15712.5,15704.7,15705.2,15710.1,15710.7,15712.3,15712.7,15704.4,15705,15704.9,15705.5,0.6,2283.050038
2026-05-04T12:20:00+00:00,15705.05,15710.05,15702.4,15706.45,15704.8,15705.3,15709.9,15710.2,15702.1,15702.7,15706.1,15706.8,0.7,1763.390021
2026-05-04T12:25:00+00:00,15706.5,15709.25,15705.5,15708.45,15706.3,15706.7,15709,15709.5,15705.2,15705.8,15708.2,15708.7,0.5,1809.400015
2026-05-04T12:30:00+00:00,15708.5,15710.85,15705.4,15709.8,15708.2,15708.8,15710.6,15711.1,15705.1,15705.7,15709.5,15710.1,0.6,1596.630021
2026-05-04T12:35:00+00:00,15710,15710.55,15703.2,15705.45,15709.7,15710.3,15710.3,15710.8,15702.9,15703.5,15705.2,15705.7,0.5,1660.290022
2026-05-04T12:40:00+00:00,15705.5,15708.75,15704.75,15707.35,15705.3,15705.7,15708.5,15709,15704.5,15705,15707.1,15707.6,0.5,1226.250014
2026-05-04T12:45:00+00:00,15707.2,15708.85,15706.45,15707.4,15706.8,15707.6,15708.7,15709,15706.2,15706.7,15707.1,15707.7,0.6,1160.740014
2026-05-04T12:50:00+00:00,15707.5,15712.4,15707,15711.65,15707.2,15707.8,15712.1,15712.7,15706.7,15707.3,15711.4,15711.9,0.5,1040.250022
2026-05-04T12:55:00+00:00,15711.6,15715.15,15710.15,15714.05,15711.3,15711.9,15714.9,15715.4,15709.9,15710.4,15713.9,15714.2,0.3,1403.610024
2026-05-04T13:00:00+00:00,15714.35,15718.35,15707.2,15708.85,15714,15714.7,15718,15718.7,15707,15707.4,15708.5,15709.2,0.7,4392.92008
2026-05-04T13:05:00+00:00,15708.7,15709.55,15703.05,15703.05,15708.4,15709,15709.3,15709.8,15703,15703.1,15703,15703.1,0.1,2329.140033
2026-05-04T13:10:00+00:00,15703.45,15707.5,15698.65,15705.25,15703.4,15703.5,15707.1,15707.9,15698.5,15698.8,15705.1,15705.4,0.3,2198.280036
2026-05-04T13:15:00+00:00,15705.75,15707.65,15702.85,15707.55,15705.7,15705.8,15707.4,15707.9,15702.6,15703.1,15707.2,15707.9,0.7,1685.550028
2026-05-04T13:20:00+00:00,15707.5,15708.2,15705.3,15706.2,15707.2,15707.8,15707.9,15708.5,15705,15705.6,15705.9,15706.5,0.6,1488.480018
2026-05-04T13:25:00+00:00,15706.8,15709.7,15705.1,15707.3,15706.6,15707,15709.5,15709.9,15704.9,15705.3,15707,15707.6,0.6,1418.070025
2026-05-04T13:30:00+00:00,15706.8,15710.55,15702.25,15702.25,15706.7,15706.9,15710.3,15710.8,15702,15702.5,15702,15702.5,0.5,2416.020048
2026-05-04T13:35:00+00:00,15702.75,15704.25,15697,15700.15,15702.6,15702.9,15704,15704.5,15696.6,15697.4,15699.9,15700.4,0.5,1701.900029
2026-05-04T13:40:00+00:00,15700.1,15704.15,15698.75,15701.15,15699.8,15700.4,15703.9,15704.4,15698.5,15699,15700.9,15701.4,0.5,1226.610018
2026-05-04T13:45:00+00:00,15700.95,15703.2,15699.2,15702.3,15700.7,15701.2,15702.8,15703.6,15698.9,15699.5,15702,15702.6,0.6,1774.500032
2026-05-04T13:50:00+00:00,15702.2,15704.15,15699.1,15702.25,15701.9,15702.5,15703.9,15704.4,15698.8,15699.4,15701.9,15702.6,0.7,1523.45003
2026-05-04T13:55:00+00:00,15702.15,15703.75,15700.45,15702.05,15701.8,15702.5,15703.5,15704,15700.2,15700.7,15701.3,15702.8,1.5,1242.900015
2026-05-04T14:00:00+00:00,15702.1,15706.4,15702.05,15706.4,15701.4,15702.8,15706.2,15706.6,15701.3,15702.8,15706.2,15706.6,0.4,1342.650029
2026-05-04T14:05:00+00:00,15706.65,15715.3,15706.25,15713.35,15706.4,15706.9,15715,15715.6,15706.1,15706.4,15712.9,15713.8,0.9,2500.830045
2026-05-04T14:10:00+00:00,15713.4,15715.9,15708.75,15711.75,15713.1,15713.7,15715.6,15716.2,15708.5,15709,15711.5,15712,0.5,1725.810025
2026-05-04T14:15:00+00:00,15712.15,15713.7,15705.6,15706.15,15712,15712.3,15713.4,15714,15705.3,15705.9,15705.9,15706.4,0.5,1591.98002
2026-05-04T14:20:00+00:00,15706.25,15707.9,15703.65,15706.75,15706,15706.5,15707.6,15708.2,15703.5,15703.8,15706.5,15707,0.5,1260.210021
2026-05-04T14:25:00+00:00,15706.65,15707.7,15705.1,15706.7,15706.4,15706.9,15707.6,15707.8,15704.9,15705.3,15706.5,15706.9,0.4,1434.900027
2026-05-04T14:30:00+00:00,15706.75,15707.65,15699.95,15701.15,15706.6,15706.9,15707.4,15707.9,15699.6,15700.3,15700.9,15701.4,0.5,1844.420031
2026-05-04T14:35:00+00:00,15701.25,15703.7,15696.7,15696.95,15701,15701.5,15703.4,15704,15696.4,15697,15696.6,15697.3,0.7,1618.980022
2026-05-04T14:40:00+00:00,15696.9,15703.75,15692.7,15703.55,15696.7,15697.1,15703.6,15703.9,15692.5,15692.9,15703.2,15703.9,0.7,1355.560028
2026-05-04T14:45:00+00:00,15703.6,15707.75,15703.05,15704.85,15703.4,15703.8,15707.5,15708,15702.9,15703.2,15704.6,15705.1,0.5,1595.480024
2026-05-04T14:50:00+00:00,15704.9,15705.5,15702.35,15704.5,15704.6,15705.2,15705.3,15705.7,15702.1,15702.6,15704.2,15704.8,0.6,1254.040021
2026-05-04T14:55:00+00:00,15704.45,15709.95,15702.05,15709.3,15704.2,15704.7,15709.7,15710.2,15701.8,15702.3,15709.1,15709.5,0.4,2982.250049
2026-05-04T15:00:00+00:00,15709.4,15712.25,15694.5,15705,15709.3,15709.5,15712.1,15712.4,15694.4,15694.6,15704.7,15705.3,0.6,3286.910059
2026-05-04T15:05:00+00:00,15705.15,15705.75,15701.65,15704,15704.8,15705.5,15705.5,15706,15701.4,15701.9,15703.8,15704.2,0.4,2014.140038
2026-05-04T15:10:00+00:00,15704.05,15708.35,15703.3,15706.3,15703.9,15704.2,15708.3,15708.4,15703.1,15703.5,15706.1,15706.5,0.4,1657.650037
2026-05-04T15:15:00+00:00,15706.35,15717.05,15702.1,15715,15706.2,15706.5,15716.8,15717.3,15701.9,15702.3,15714.6,15715.4,0.8,2349.530045
2026-05-04T15:20:00+00:00,15715.4,15722.05,15713.5,15717.7,15715,15715.8,15721.9,15722.2,15713.2,15713.8,15717.4,15718,0.6,3586.550077
2026-05-04T15:25:00+00:00,15717.8,15718.8,15712.2,15712.7,15717.5,15718.1,15718.6,15719,15711.9,15712.5,15712.4,15713,0.6,2328.590048
2026-05-04T15:30:00+00:00,15712.5,15717.9,15712,15716.55,15712.2,15712.8,15717.6,15718.2,15711.7,15712.3,15716.2,15716.9,0.7,1817.570032
2026-05-04T15:35:00+00:00,15716.5,15719.95,15713.55,15718.3,15716.2,15716.8,15719.6,15720.3,15713.4,15713.7,15718.1,15718.5,0.4,2616.77004
2026-05-04T15:40:00+00:00,15718.4,15721.2,15716.35,15717.6,15718.1,15718.7,15720.9,15721.5,15715.9,15716.8,15717.2,15718,0.8,2078.190039
2026-05-04T15:45:00+00:00,15717.65,15722.35,15715.2,15722.3,15717.3,15718,15722,15722.7,15714.9,15715.5,15721.9,15722.7,0.8,1738.190021
2026-05-04T15:50:00+00:00,15722.25,15730.15,15713.55,15720.55,15721.9,15722.6,15730,15730.3,15713.1,15714,15720.3,15720.8,0.5,3608.850068
2026-05-04T15:55:00+00:00,15720.6,15722.75,15718.8,15720,15720.3,15720.9,15722.5,15723,15718.6,15719,15719.7,15720.3,0.6,1987.400032
2026-05-04T16:00:00+00:00,15720.05,15725,15713.95,15723.65,15719.9,15720.2,15724.8,15725.2,15713.6,15714.3,15723.3,15724,0.7,1978.140034
2026-05-04T16:05:00+00:00,15723.5,15730.2,15722.65,15727.05,15723.2,15723.8,15730.1,15730.3,15722.3,15723,15726.7,15727.4,0.7,2861.820055
2026-05-04T16:10:00+00:00,15727.2,15730.15,15727.15,15729.75,15726.8,15727.6,15730,15730.3,15726.8,15727.5,15729.6,15729.9,0.3,1900.110045
2026-05-04T16:15:00+00:00,15729.8,15730.15,15715.9,15722.55,15729.7,15729.9,15729.9,15730.4,15715.1,15716.7,15722.2,15722.9,0.7,3497.110065
2026-05-04T16:20:00+00:00,15722.3,15723.3,15718.5,15719.75,15722,15722.6,15723,15723.6,15718.2,15718.8,15719.4,15720.1,0.7,1994.540038
2026-05-04T16:25:00+00:00,15719.85,15726.4,15718.5,15724.9,15719.5,15720.2,15726.1,15726.7,15718.2,15718.8,15724.6,15725.2,0.6,1685.330034
2026-05-04T16:30:00+00:00,15725.1,15725.65,15722.3,15722.9,15724.9,15725.3,15725.4,15725.9,15722,15722.6,15722.5,15723.3,0.8,1637.750034
2026-05-04T16:35:00+00:00,15723,15728.05,15722.6,15727.1,15722.7,15723.3,15727.8,15728.3,15722.2,15723,15726.8,15727.4,0.6,1491.17003
2026-05-04T16:40:00+00:00,15727,15727.95,15725.05,15727.5,15726.7,15727.3,15727.8,15728.1,15724.8,15725.3,15727.3,15727.7,0.4,1340.120021
2026-05-04T16:45:00+00:00,15727.65,15728.1,15724.75,15726.4,15727.5,15727.8,15727.9,15728.3,15724.4,15725.1,15726.1,15726.7,0.6,1166.490023
2026-05-04T16:50:00+00:00,15726.5,15728.1,15725,15727.45,15726.2,15726.8,15727.8,15728.4,15724.7,15725.3,15727.1,15727.8,0.7,1584.450022
2026-05-04T16:55:00+00:00,15727.5,15728.45,15725.85,15727.2,15727.2,15727.8,15728.2,15728.7,15725.6,15726.1,15726.8,15727.6,0.8,1148.810014
2026-05-04T17:00:00+00:00,15727.2,15728.65,15724.5,15725.95,15726.8,15727.6,15728.4,15728.9,15724.4,15724.6,15725.7,15726.2,0.5,2175.290048
2026-05-04T17:05:00+00:00,15726,15726.35,15722.9,15724.45,15725.7,15726.3,15726,15726.7,15722.6,15723.2,15724.1,15724.8,0.7,1272.33002
2026-05-04T17:10:00+00:00,15724.2,15725,15722,15723.85,15723.9,15724.5,15724.7,15725.3,15721.7,15722.3,15723.5,15724.2,0.7,993.4200135
2026-05-04T17:15:00+00:00,15723.9,15724.6,15719.1,15719.95,15723.7,15724.1,15724.3,15724.9,15718.8,15719.4,15719.6,15720.3,0.7,2031.630028
2026-05-04T17:20:00+00:00,15719.8,15722.6,15717.95,15719.45,15719.5,15720.1,15722.3,15722.9,15717.7,15718.2,15719.2,15719.7,0.5,1483.200019
2026-05-04T17:25:00+00:00,15719.55,15721,15716.75,15718,15719.3,15719.8,15720.7,15721.3,15716.5,15717,15717.5,15718.5,1,1078.770018
2026-05-04T17:30:00+00:00,15718.05,15720.15,15717.2,15719.85,15717.7,15718.4,15719.8,15720.5,15717.1,15717.3,15719.6,15720.1,0.5,875.7600136
2026-05-04T17:35:00+00:00,15719.95,15725.55,15719.45,15724.3,15719.7,15720.2,15725.2,15725.9,15719.2,15719.7,15724,15724.6,0.6,1105.95002
2026-05-04T17:40:00+00:00,15724.25,15726,15723.75,15724.7,15724,15724.5,15725.7,15726.3,15723.5,15724,15724.4,15725,0.6,1041.030012
2026-05-04T17:45:00+00:00,15724.75,15725.6,15723.85,15724,15724.5,15725,15725.4,15725.8,15723.5,15724.2,15723.6,15724.4,0.8,862.3200105
2026-05-04T17:50:00+00:00,15724.15,15724.4,15721.35,15721.6,15723.8,15724.5,15724.2,15724.6,15721.2,15721.5,15721.5,15721.7,0.2,994.0000191
2026-05-04T17:55:00+00:00,15721.65,15722.95,15721.3,15722.75,15721.6,15721.7,15722.6,15723.3,15721,15721.6,15722.4,15723.1,0.7,470.8200113
2026-05-04T18:00:00+00:00,15722.85,15723.5,15718.5,15720.7,15722.5,15723.2,15723.2,15723.8,15718.3,15718.7,15720.4,15721,0.6,1094.100018
2026-05-04T18:05:00+00:00,15720.6,15723.35,15720.55,15722.85,15720.3,15720.9,15723.2,15723.5,15720.3,15720.8,15722.5,15723.2,0.7,868.3500156
2026-05-04T18:10:00+00:00,15723.15,15723.5,15722.15,15723.15,15722.9,15723.4,15723.3,15723.7,15721.9,15722.4,15722.9,15723.4,0.5,642.6000152
2026-05-04T18:15:00+00:00,15723.1,15727.75,15723,15727.1,15722.8,15723.4,15727.5,15728,15722.7,15723.3,15726.8,15727.4,0.6,743.4000121
2026-05-04T18:20:00+00:00,15726.85,15727.75,15724.8,15726.2,15726.6,15727.1,15727.6,15727.9,15724.5,15725.1,15725.9,15726.5,0.6,1184.99002
2026-05-04T18:25:00+00:00,15725.9,15726,15723.35,15724.2,15725.7,15726.1,15725.8,15726.2,15723.1,15723.6,15723.9,15724.5,0.6,1087.280025
2026-05-04T18:30:00+00:00,15724.1,15724.1,15721,15721.85,15723.9,15724.3,15723.9,15724.3,15720.9,15721.1,15721.8,15721.9,0.1,605.340013
2026-05-04T18:35:00+00:00,15721.75,15724.45,15721.35,15721.9,15721.6,15721.9,15724.3,15724.6,15721.1,15721.6,15721.7,15722.1,0.4,1334.990031
2026-05-04T18:40:00+00:00,15721.75,15722.7,15720.25,15720.75,15721.5,15722,15722.6,15722.8,15720,15720.5,15720.5,15721,0.5,597.0000176
2026-05-04T18:45:00+00:00,15720.7,15721.05,15715.35,15718.5,15720.4,15721,15720.8,15721.3,15715.2,15715.5,15718.2,15718.8,0.6,1158.900024
2026-05-04T18:50:00+00:00,15718.3,15722.85,15715.15,15718.25,15718,15718.6,15722.8,15722.9,15714.9,15715.4,15718,15718.5,0.5,1766.550037
2026-05-04T18:55:00+00:00,15718.25,15719,15655.55,15673.75,15718.1,15718.4,15718.8,15719.2,15654.7,15656.4,15673.2,15674.3,1.1,4199.170067
2026-05-04T19:00:00+00:00,15675.2,15713.4,15675.2,15712.15,15674.9,15675.5,15713,15713.8,15674.9,15675.5,15711.8,15712.5,0.7,3649.58007
2026-05-04T19:05:00+00:00,15712.1,15712.1,15694.25,15702.3,15711.7,15712.5,15711.7,15712.5,15693.9,15694.6,15702,15702.6,0.6,2684.520054
2026-05-04T19:10:00+00:00,15702.25,15709.85,15702.1,15704.6,15701.9,15702.6,15709.5,15710.2,15701.8,15702.4,15704.4,15704.8,0.4,973.6200235
2026-05-04T19:15:00+00:00,15704.65,15706.95,15703.45,15705.75,15704.4,15704.9,15706.7,15707.2,15703.1,15703.8,15705.5,15706,0.5,934.7700192
2026-05-04T19:20:00+00:00,15705.95,15707.3,15702.15,15702.25,15705.6,15706.3,15707,15707.6,15701.9,15702.4,15701.9,15702.6,0.7,1081.500021
2026-05-04T19:25:00+00:00,15702.2,15709.7,15702.15,15704.75,15701.9,15702.5,15709.4,15710,15701.8,15702.5,15704.4,15705.1,0.7,1558.160033
2026-05-04T19:30:00+00:00,15704.7,15708.05,15704.6,15706.05,15704.4,15705,15707.8,15708.3,15704.3,15704.9,15705.7,15706.4,0.7,892.4400207
2026-05-04T19:35:00+00:00,15706.2,15706.95,15705.45,15705.95,15705.9,15706.5,15706.6,15707.3,15705.2,15705.7,15705.6,15706.3,0.7,378.9800099
2026-05-04T19:40:00+00:00,15706.05,15710.85,15705.9,15707.5,15705.7,15706.4,15710.5,15711.2,15705.6,15706.2,15707.4,15707.6,0.2,743.7900152
2026-05-04T19:45:00+00:00,15707.85,15710.6,15706.15,15708.45,15707.8,15707.9,15710.3,15710.9,15706,15706.3,15708.3,15708.6,0.3,1084.800022
2026-05-04T19:50:00+00:00,15708.5,15710,15705.6,15707.4,15708.3,15708.7,15709.7,15710.3,15705.5,15705.7,15707.2,15707.6,0.4,795.7800163
2026-05-04T19:55:00+00:00,15707.3,15711.4,15706.9,15709.9,15707.2,15707.4,15711.1,15711.7,15706.6,15707.2,15709.6,15710.2,0.6,883.1000168
2026-05-04T20:00:00+00:00,15709.95,15713.55,15709.9,15712.25,15709.7,15710.2,15713.3,15713.8,15709.6,15710.2,15712,15712.5,0.5,422.4900081
2026-05-04T20:05:00+00:00,15712.45,15717.15,15712.35,15716.1,15712.1,15712.8,15716.9,15717.4,15712.1,15712.6,15715.8,15716.4,0.6,399.81001
2026-05-04T20:10:00+00:00,15716.4,15720.55,15714.7,15718.95,15716,15716.8,15720.4,15720.7,15714.4,15715,15718.6,15719.3,0.7,533.700017
2026-05-04T20:15:00+00:00,15719,15724.55,15718.8,15723.05,15718.7,15719.3,15724.2,15724.9,15718.5,15719.1,15722.8,15723.3,0.5,387.93001
2026-05-04T20:20:00+00:00,15723.1,15728.55,15723.1,15726.9,15722.9,15723.3,15728.2,15728.9,15722.9,15723.3,15726.6,15727.2,0.6,548.0700103
2026-05-04T20:25:00+00:00,15726.85,15727,15717.1,15721.85,15726.6,15727.1,15726.7,15727.3,15716.8,15717.4,15721.5,15722.2,0.7,727.9000187
2026-05-04T20:30:00+00:00,15721.75,15722.8,15720.65,15721.9,15721.4,15722.1,15722.3,15723.3,15720.3,15721,15721.5,15722.3,0.8,317.3500063
2026-05-04T20:35:00+00:00,15722.6,15723.5,15720.9,15721.55,15722.4,15722.8,15723.2,15723.8,15720.5,15721.3,15721.2,15721.9,0.7,463.3500103
2026-05-04T20:40:00+00:00,15721.5,15722.1,15719.6,15721.6,15721.2,15721.8,15721.8,15722.4,15719.2,15720,15721.3,15721.9,0.6,362.3600124
2026-05-04T20:45:00+00:00,15721.65,15724.5,15721.35,15723.4,15721.4,15721.9,15724,15725,15721,15721.7,15722.9,15723.9,1,483.0200123
2026-05-04T20:50:00+00:00,15722.75,15724.65,15720.7,15724.6,15722.5,15723,15724.2,15725.1,15720.3,15721.1,15724.1,15725.1,1,406.4400103
2026-05-04T20:55:00+00:00,15724.45,15727.1,15722.65,15723.4,15723.8,15725.1,15726.2,15728,15721.5,15723.8,15721.5,15725.3,3.8,941.4499981
2026-05-04T21:00:00+00:00,15724.1,15724.8,15720.1,15721.15,15721.4,15726.8,15721.4,15728.2,15715.7,15724.5,15716.7,15725.6,8.9,12.65999983
2026-05-04T21:05:00+00:00,15721.3,15724,15719.8,15723.15,15716,15726.6,15721.4,15726.6,15716,15723.6,15721.2,15725.1,3.9,68.73000092
2026-05-04T21:10:00+00:00,15723.35,15723.4,15722.45,15722.75,15721.4,15725.3,15721.4,15725.4,15720.8,15724.1,15721.4,15724.1,2.7,14.13000005
2026-05-04T21:15:00+00:00,15722.6,15722.75,15720.7,15721.75,15721.3,15723.9,15721.4,15724.1,15718.8,15722.6,15720.9,15722.6,1.7,33.0600012
2026-05-04T21:20:00+00:00,15722,15722,15718,15719.9,15720.7,15723.3,15720.7,15723.3,15715.1,15720.9,15718.9,15720.9,2,32.67000095
2026-05-04T21:25:00+00:00,15720.05,15721.55,15718.8,15720,15719,15721.1,15719.7,15723.4,15717.4,15720.2,15719.1,15720.9,1.8,82.10000154
2026-05-04T21:30:00+00:00,15718.55,15721.15,15718.4,15719,15716.2,15720.9,15719.4,15722.9,15715.9,15720.9,15716.9,15721.1,4.2,108.9600026
2026-05-04T21:35:00+00:00,15718.65,15720.55,15717.8,15718.55,15716.2,15721.1,15719.4,15721.7,15715.7,15719.9,15716,15721.1,5.1,37.67000058
2026-05-04T21:40:00+00:00,15717.8,15720.25,15717.45,15720,15716,15719.6,15718.9,15721.6,15715.3,15719.6,15718.9,15721.1,2.2,67.83000059
2026-05-04T21:45:00+00:00,15719.9,15720.55,15719.8,15720,15718.5,15721.3,15719.5,15721.6,15718.5,15721.1,15718.9,15721.1,2.2,41.76000106
2026-05-04T21:50:00+00:00,15720.05,15722,15719.95,15721.9,15719,15721.1,15719.8,15724.2,15719,15720.9,15719.7,15724.1,4.4,51.6000005
2026-05-04T21:55:00+00:00,15721.85,15721.95,15713.6,15716.25,15719.6,15724.1,15719.8,15724.1,15711.6,15715.6,15712.9,15719.6,6.7,206.8800011
2026-05-04T22:00:00+00:00,15716.15,15727.2,15714.4,15723.55,15712.9,15719.4,15726.9,15727.5,15712.2,15716.6,15723,15724.1,1.1,373.4999939
2026-05-04T22:05:00+00:00,15723.45,15724.35,15721.7,15723.25,15723,15723.9,15723.9,15724.8,15721.3,15722.1,15722.8,15723.7,0.9,71.12000203
2026-05-04T22:10:00+00:00,15723.3,15724.65,15723.25,15724.4,15722.8,15723.8,15724.2,15725.1,15722.8,15723.7,15724,15724.8,0.8,77.25000119
2026-05-04T22:15:00+00:00,15724.55,15726.95,15724.55,15725.4,15724.1,15725,15726.5,15727.4,15724.1,15725,15725,15725.8,0.8,115.9500021
2026-05-04T22:20:00+00:00,15725.25,15726.15,15723.8,15724,15724.8,15725.7,15725.8,15726.5,15723.4,15724.2,15723.6,15724.4,0.8,125.1000038
2026-05-04T22:25:00+00:00,15723.9,15724.1,15720.25,15720.8,15723.5,15724.3,15723.7,15724.5,15719.7,15720.8,15720.3,15721.3,1,180.000003
2026-05-04T22:30:00+00:00,15721.05,15722.85,15720.95,15722.75,15720.8,15721.3,15722.5,15723.2,15720.6,15721.3,15722.3,15723.2,0.9,208.5000025
2026-05-04T22:35:00+00:00,15722.75,15722.95,15721.1,15722.6,15722.4,15723.1,15722.6,15723.3,15720.7,15721.5,15722.2,15723,0.8,174.3000026
2026-05-04T22:40:00+00:00,15722.55,15722.65,15721,15721.2,15722.2,15722.9,15722.2,15723.1,15720.5,15721.5,15720.8,15721.6,0.8,96.00000262
2026-05-04T22:45:00+00:00,15721.15,15722,15719.75,15720.4,15720.7,15721.6,15721.8,15722.2,15719.3,15720.2,15720,15720.8,0.8,100.5000029
2026-05-04T22:50:00+00:00,15721.05,15722.8,15721.05,15722.8,15720.6,15721.5,15722.4,15723.2,15720.6,15721.5,15722.4,15723.2,0.8,63.3000021
2026-05-04T22:55:00+00:00,15723,15724.25,15722.55,15723.1,15722.5,15723.5,15723.8,15724.7,15722.1,15723,15722.7,15723.5,0.8,133.3900032
2026-05-04T23:00:00+00:00,15723.05,15724,15718.45,15723.85,15722.6,15723.5,15723.6,15724.4,15718.2,15718.7,15723.4,15724.3,0.9,314.9500093
2026-05-04T23:05:00+00:00,15723.9,15723.9,15720.25,15720.3,15723.4,15724.4,15723.4,15724.4,15719.9,15720.6,15720,15720.6,0.6,233.1000059
2026-05-04T23:10:00+00:00,15720.35,15721.6,15719.9,15721.1,15720,15720.7,15721.2,15722,15719.5,15720.3,15720.7,15721.5,0.8,131.6500022
2026-05-04T23:15:00+00:00,15721.15,15721.15,15720.1,15720.45,15720.8,15721.5,15720.8,15721.5,15719.8,15720.4,15720.1,15720.8,0.7,82.86000133
2026-05-04T23:20:00+00:00,15720.35,15720.8,15720.15,15720.75,15719.9,15720.8,15720.5,15721.1,15719.9,15720.4,15720.4,15721.1,0.7,53.42000103
2026-05-04T23:25:00+00:00,15720.8,15722.55,15720.65,15720.65,15720.5,15721.1,15722.2,15722.9,15720.3,15721,15720.3,15721,0.7,115.8000021
2026-05-04T23:30:00+00:00,15720.6,15720.9,15717.75,15718.1,15720.3,15720.9,15720.5,15721.3,15717.5,15718,15717.7,15718.5,0.8,148.2900022
2026-05-04T23:35:00+00:00,15718.15,15721.95,15718.1,15719.5,15717.8,15718.5,15721.6,15722.3,15717.8,15718.4,15719.1,15719.9,0.8,187.6500049
2026-05-04T23:40:00+00:00,15719.3,15721.65,15719.25,15720.55,15719,15719.6,15721.3,15722,15718.9,15719.6,15720.2,15720.9,0.7,124.6500037
2026-05-04T23:45:00+00:00,15720.5,15721.45,15717.9,15719.3,15720,15721,15721.1,15721.8,15717.6,15718.2,15718.8,15719.8,1,391.5000094
2026-05-04T23:50:00+00:00,15719.4,15720.9,15719.4,15720.4,15719,15719.8,15720.5,15721.3,15719,15719.8,15720,15720.8,0.8,207.4500057
2026-05-04T23:55:00+00:00,15720.5,15721.85,15719.2,15721.7,15720.1,15720.9,15721.5,15722.2,15718.8,15719.6,15721.4,15722,0.6,296.4400057
2026-05-05T00:00:00+00:00,15721.85,15723.25,15719,15721.35,15721.4,15722.3,15722.9,15723.6,15718.7,15719.3,15721,15721.7,0.7,1137.870019
2026-05-05T00:05:00+00:00,15721.25,15722.55,15719.2,15721.3,15720.8,15721.7,15722.3,15722.8,15718.8,15719.6,15720.9,15721.7,0.8,929.1000141
2026-05-05T00:10:00+00:00,15721.2,15722.5,15720.2,15721.15,15720.8,15721.6,15722.1,15722.9,15719.9,15720.5,15720.9,15721.4,0.5,509.3300093
2026-05-05T00:15:00+00:00,15721.3,15722.8,15719.9,15720.7,15720.9,15721.7,15722.5,15723.1,15719.5,15720.3,15720.3,15721.1,0.8,637.2700139
2026-05-05T00:20:00+00:00,15720.8,15724.2,15720.15,15723.85,15720.4,15721.2,15723.8,15724.6,15719.8,15720.5,15723.6,15724.1,0.5,501.3000095
2026-05-05T00:25:00+00:00,15723.8,15725.8,15723.65,15723.85,15723.6,15724,15725.5,15726.1,15723.4,15723.9,15723.5,15724.2,0.7,413.5500094
2026-05-05T00:30:00+00:00,15723.75,15725.4,15723.6,15723.85,15723.4,15724.1,15725.1,15725.7,15723.3,15723.9,15723.6,15724.1,0.5,298.6200044
2026-05-05T00:35:00+00:00,15723.75,15724.15,15722.2,15722.4,15723.5,15724,15723.9,15724.4,15721.8,15722.6,15722,15722.8,0.8,336.8300065
2026-05-05T00:40:00+00:00,15722.3,15724.7,15721.9,15723.55,15721.9,15722.7,15724.4,15725,15721.6,15722.2,15723.3,15723.8,0.5,259.8600045
2026-05-05T00:45:00+00:00,15723.5,15723.5,15718.8,15718.8,15723.2,15723.8,15723.2,15723.8,15718.5,15719.1,15718.5,15719.1,0.6,564.7300098
2026-05-05T00:50:00+00:00,15718.75,15720.4,15717,15718.5,15718.3,15719.2,15720.1,15720.7,15716.7,15717.3,15718.2,15718.8,0.6,689.8000138
2026-05-05T00:55:00+00:00,15718.35,15721.7,15717.75,15721.4,15718.1,15718.6,15721.4,15722,15717.5,15718,15721.1,15721.7,0.6,574.9900097
2026-05-05T01:00:00+00:00,15721.3,15724,15721.1,15723.7,15721,15721.6,15723.7,15724.3,15720.8,15721.4,15723.4,15724,0.6,483.6300064
2026-05-05T01:05:00+00:00,15723.8,15724.6,15722.3,15722.75,15723.5,15724.1,15724.3,15724.9,15722,15722.6,15722.5,15723,0.5,280.8200047
2026-05-05T01:10:00+00:00,15722.7,15725.15,15722.35,15724.9,15722.4,15723,15724.8,15725.5,15722,15722.7,15724.6,15725.2,0.6,495.5700105
2026-05-05T01:15:00+00:00,15725,15725.2,15722.65,15724.9,15724.6,15725.4,15724.9,15725.5,15722.4,15722.9,15724.6,15725.2,0.6,203.8700032
2026-05-05T01:20:00+00:00,15725,15726.65,15723,15726.1,15724.7,15725.3,15726.3,15727,15722.6,15723.4,15725.7,15726.5,0.8,697.7100126
2026-05-05T01:25:00+00:00,15726.05,15727.05,15725.65,15726,15725.7,15726.4,15726.8,15727.3,15725.3,15726,15725.7,15726.3,0.6,282.080006
2026-05-05T01:30:00+00:00,15725.9,15727.2,15724.25,15725.2,15725.6,15726.2,15726.9,15727.5,15723.9,15724.6,15724.8,15725.6,0.8,601.5200082
2026-05-05T01:35:00+00:00,15725.3,15726.9,15719.7,15725.6,15724.9,15725.7,15726.6,15727.2,15719.6,15719.8,15725.3,15725.9,0.6,1121.110021
2026-05-05T01:40:00+00:00,15725.45,15725.55,15721.3,15723.85,15725.2,15725.7,15725.2,15725.9,15721.1,15721.5,15723.6,15724.1,0.5,664.7500132
2026-05-05T01:45:00+00:00,15723.9,15724.75,15721.55,15722.5,15723.6,15724.2,15724.5,15725,15721.2,15721.9,15722.2,15722.8,0.6,472.460009
2026-05-05T01:50:00+00:00,15722.6,15722.75,15719.1,15721.55,15722.4,15722.8,15722.4,15723.1,15718.8,15719.4,15721.2,15721.9,0.7,589.8000096
2026-05-05T01:55:00+00:00,15721.5,15722.15,15720.15,15721.3,15721.1,15721.9,15721.9,15722.4,15719.9,15720.4,15721,15721.6,0.6,600.4300104
2026-05-05T02:00:00+00:00,15721.25,15721.75,15719.5,15721.55,15720.9,15721.6,15721.5,15722,15719.2,15719.8,15721.2,15721.9,0.7,590.0700117
2026-05-05T02:05:00+00:00,15721.45,15721.65,15720.15,15720.9,15721,15721.9,15721.4,15721.9,15719.9,15720.4,15720.6,15721.2,0.6,406.5200064
2026-05-05T02:10:00+00:00,15720.8,15721.75,15720.75,15721.5,15720.5,15721.1,15721.4,15722.1,15720.5,15721,15721.2,15721.8,0.6,311.4000027
2026-05-05T02:15:00+00:00,15721.95,15723.3,15721.25,15721.5,15721.9,15722,15723,15723.6,15721,15721.5,15721.2,15721.8,0.6,284.8900039
2026-05-05T02:20:00+00:00,15721.6,15722.1,15720.15,15720.4,15721.4,15721.8,15721.8,15722.4,15719.9,15720.4,15720.1,15720.7,0.6,273.6200038
2026-05-05T02:25:00+00:00,15720.9,15721.65,15718.9,15721.5,15720.8,15721,15721.3,15722,15718.6,15719.2,15721.2,15721.8,0.6,391.3500063
2026-05-05T02:30:00+00:00,15721.7,15722.95,15720.45,15720.75,15721.4,15722,15722.7,15723.2,15720.2,15720.7,15720.5,15721,0.5,402.9000077
2026-05-05T02:35:00+00:00,15720.8,15722.6,15720.8,15721.3,15720.6,15721,15722.3,15722.9,15720.6,15721,15721,15721.6,0.6,268.8400047
2026-05-05T02:40:00+00:00,15721.35,15721.55,15720.3,15720.4,15721.1,15721.6,15721.3,15721.8,15720,15720.6,15720,15720.8,0.8,281.6500058
2026-05-05T02:45:00+00:00,15720.35,15721.95,15719.7,15721.4,15720.1,15720.6,15721.7,15722.2,15719.4,15720,15721.1,15721.7,0.6,418.950008
2026-05-05T02:50:00+00:00,15721.35,15722.5,15721.2,15721.95,15721.1,15721.6,15722.3,15722.7,15720.9,15721.5,15721.6,15722.3,0.7,487.8400079
2026-05-05T02:55:00+00:00,15721.9,15722.9,15721.85,15722.4,15721.6,15722.2,15722.5,15723.3,15721.5,15722.2,15722.1,15722.7,0.6,520.050006
2026-05-05T03:00:00+00:00,15722.45,15723.9,15722.2,15723.4,15722.1,15722.8,15723.6,15724.2,15721.9,15722.5,15723,15723.8,0.8,466.4200048
2026-05-05T03:05:00+00:00,15723.45,15724.05,15723.3,15723.7,15723.1,15723.8,15723.7,15724.4,15723,15723.6,15723.4,15724,0.6,280.5200033
2026-05-05T03:10:00+00:00,15723.75,15724.1,15723.3,15723.45,15723.4,15724.1,15723.7,15724.5,15723.1,15723.5,15723.2,15723.7,0.5,240.0000024
2026-05-05T03:15:00+00:00,15723.6,15723.8,15721.7,15721.7,15723.3,15723.9,15723.5,15724.1,15721.4,15722,15721.4,15722,0.6,212.8500025
2026-05-05T03:20:00+00:00,15721.75,15723.3,15721.5,15722.5,15721.5,15722,15723.1,15723.5,15721.2,15721.8,15722.2,15722.8,0.6,374.2500044
2026-05-05T03:25:00+00:00,15722.7,15723.6,15722.6,15722.75,15722.4,15723,15723.3,15723.9,15722.3,15722.9,15722.5,15723,0.5,413.4200059
2026-05-05T03:30:00+00:00,15722.8,15723.95,15722.35,15723.9,15722.5,15723.1,15723.6,15724.3,15722,15722.7,15723.6,15724.2,0.6,308.7000058
2026-05-05T03:35:00+00:00,15724.1,15724.85,15723.9,15724.55,15723.6,15724.6,15724.5,15725.2,15723.6,15724.2,15724.3,15724.8,0.5,254.2500045
2026-05-05T03:40:00+00:00,15724.5,15724.9,15724.1,15724.7,15724.2,15724.8,15724.6,15725.2,15723.9,15724.3,15724.5,15724.9,0.4,109.8400016
2026-05-05T03:45:00+00:00,15724.6,15725.4,15723.85,15725.05,15724.3,15724.9,15725.1,15725.7,15723.5,15724.2,15724.7,15725.4,0.7,221.5500036
2026-05-05T03:50:00+00:00,15725.05,15725.95,15724.7,15725.9,15724.8,15725.3,15725.7,15726.2,15724.5,15724.9,15725.6,15726.2,0.6,110.1000021
2026-05-05T03:55:00+00:00,15726,15726.95,15725.45,15726.75,15725.7,15726.3,15726.7,15727.2,15725.1,15725.8,15726.5,15727,0.5,371.4200065
2026-05-05T04:00:00+00:00,15726.8,15727.1,15725.9,15726.2,15726.5,15727.1,15726.8,15727.4,15725.6,15726.2,15725.9,15726.5,0.6,323.4200056
2026-05-05T04:05:00+00:00,15726.05,15727,15725.85,15726.5,15725.8,15726.3,15726.8,15727.2,15725.7,15726,15726.3,15726.7,0.4,184.8000031
2026-05-05T04:10:00+00:00,15726.5,15726.7,15725.15,15725.7,15726.3,15726.7,15726.4,15727,15724.9,15725.4,15725.4,15726,0.6,141.3900033
2026-05-05T04:15:00+00:00,15725.55,15725.7,15723.95,15725.5,15725.4,15725.7,15725.4,15726,15723.8,15724.1,15725.2,15725.8,0.6,233.2500042
2026-05-05T04:20:00+00:00,15725.75,15726.5,15725.3,15726.5,15725.6,15725.9,15726.2,15726.8,15725,15725.6,15726.2,15726.8,0.6,195.3200022
2026-05-05T04:25:00+00:00,15726.45,15726.85,15726.1,15726.3,15726.1,15726.8,15726.6,15727.1,15725.8,15726.4,15725.9,15726.7,0.8,257.2500046
2026-05-05T04:30:00+00:00,15726.4,15727.6,15725.55,15726.4,15726,15726.8,15727.2,15728,15725.2,15725.9,15726.1,15726.7,0.6,711.7000127
2026-05-05T04:35:00+00:00,15726.45,15727.25,15724.75,15726.15,15726.1,15726.8,15726.9,15727.6,15724.4,15725.1,15725.9,15726.4,0.5,406.3500082
2026-05-05T04:40:00+00:00,15726.2,15727.15,15726,15726.8,15725.9,15726.5,15727,15727.3,15725.7,15726.3,15726.5,15727.1,0.6,327.9000045
2026-05-05T04:45:00+00:00,15726.85,15728.45,15726.2,15727.05,15726.6,15727.1,15728.1,15728.8,15725.9,15726.5,15726.8,15727.3,0.5,367.5000069
2026-05-05T04:50:00+00:00,15726.7,15727.5,15726.25,15727.4,15726.6,15726.8,15727.2,15727.8,15726,15726.5,15727.2,15727.6,0.4,227.1000038
2026-05-05T04:55:00+00:00,15727.5,15730.05,15727.5,15728.7,15727.2,15727.8,15729.8,15730.3,15727.2,15727.8,15728.4,15729,0.6,463.6700088
2026-05-05T05:00:00+00:00,15728.7,15730.15,15725,15727.05,15728.4,15729,15730,15730.3,15724.7,15725.3,15726.8,15727.3,0.5,828.8200169
2026-05-05T05:05:00+00:00,15727.15,15729.8,15725.65,15728.5,15727,15727.3,15729.4,15730.2,15725.4,15725.9,15728.2,15728.8,0.6,713.8400106
2026-05-05T05:10:00+00:00,15728.35,15729.05,15726.55,15727.3,15728.1,15728.6,15728.8,15729.3,15726.2,15726.9,15727,15727.6,0.6,315.8900046
2026-05-05T05:15:00+00:00,15727.35,15728.6,15726.65,15727.7,15727.1,15727.6,15728.4,15728.8,15726.3,15727,15727.4,15728,0.6,447.6000063
2026-05-05T05:20:00+00:00,15727.65,15728.7,15724.05,15724.6,15727.4,15727.9,15728.3,15729.1,15723.8,15724.3,15724.2,15725,0.8,513.0000101
2026-05-05T05:25:00+00:00,15724.65,15725.75,15722.85,15725.45,15724.2,15725.1,15725.5,15726,15722.6,15723.1,15725.2,15725.7,0.5,815.7700144
2026-05-05T05:30:00+00:00,15725.35,15726.45,15721.75,15722.45,15725.1,15725.6,15726.2,15726.7,15721.3,15722.2,15721.9,15723,1.1,1013.490017
2026-05-05T05:35:00+00:00,15722.4,15724.45,15721.55,15724.35,15722,15722.8,15724.1,15724.8,15721.2,15721.9,15724,15724.7,0.7,1207.380026
2026-05-05T05:40:00+00:00,15724.15,15726.2,15722.85,15722.85,15723.8,15724.5,15725.9,15726.5,15722.6,15723.1,15722.6,15723.1,0.5,714.4500124
2026-05-05T05:45:00+00:00,15723.1,15725.05,15722.75,15724,15722.9,15723.3,15724.8,15725.3,15722.4,15723.1,15723.8,15724.2,0.4,636.5600141
2026-05-05T05:50:00+00:00,15723.95,15726.7,15723.45,15726.4,15723.7,15724.2,15726.4,15727,15723.1,15723.8,15726.1,15726.7,0.6,368.5500054
2026-05-05T05:55:00+00:00,15726.35,15729.85,15726.2,15728,15726.1,15726.6,15729.5,15730.2,15726,15726.4,15727.7,15728.3,0.6,773.8900149
2026-05-05T06:00:00+00:00,15727.8,15728.55,15723.45,15725.2,15727.6,15728,15728.3,15728.8,15723.1,15723.8,15724.9,15725.5,0.6,1508.26002
2026-05-05T06:05:00+00:00,15725.25,15727.9,15725.2,15727.75,15725,15725.5,15727.5,15728.3,15724.9,15725.5,15727.5,15728,0.5,788.5500135
2026-05-05T06:10:00+00:00,15727.8,15729.45,15726.6,15728.4,15727.6,15728,15729.1,15729.8,15726.4,15726.8,15728.1,15728.7,0.6,892.6500133
2026-05-05T06:15:00+00:00,15728.35,15730.05,15727.05,15727.5,15728.1,15728.6,15729.9,15730.2,15726.8,15727.3,15727.2,15727.8,0.6,729.4500095
2026-05-05T06:20:00+00:00,15727.55,15729.65,15727.05,15727.7,15727.3,15727.8,15729.5,15729.8,15726.7,15727.4,15727.5,15727.9,0.4,772.3700111
2026-05-05T06:25:00+00:00,15727.6,15728.25,15724.8,15725.45,15727.3,15727.9,15728,15728.5,15724.5,15725.1,15725.2,15725.7,0.5,526.3500117
2026-05-05T06:30:00+00:00,15726,15726.4,15723.75,15724.75,15725.8,15726.2,15726.1,15726.7,15723.5,15724,15724.5,15725,0.5,286.8000069
2026-05-05T06:35:00+00:00,15724.7,15727.35,15719.45,15724.25,15724.5,15724.9,15727.1,15727.6,15719.2,15719.7,15723.9,15724.6,0.7,929.3300133
2026-05-05T06:40:00+00:00,15724.3,15726.25,15722.7,15723.9,15724,15724.6,15726,15726.5,15722.4,15723,15723.7,15724.1,0.4,535.3500109
2026-05-05T06:45:00+00:00,15723.8,15726.45,15723.6,15725.05,15723.6,15724,15726.1,15726.8,15723.4,15723.8,15724.8,15725.3,0.5,461.5800099
2026-05-05T06:50:00+00:00,15725,15725.3,15721.45,15722.25,15724.8,15725.2,15725,15725.6,15721.2,15721.7,15721.9,15722.6,0.7,810.0000124
2026-05-05T06:55:00+00:00,15722.15,15724.25,15721.65,15722.75,15721.8,15722.5,15724,15724.5,15721.3,15722,15722.4,15723.1,0.7,858.380017
2026-05-05T07:00:00+00:00,15722.65,15723.7,15718.75,15720.25,15722.4,15722.9,15723.4,15724,15718.6,15718.9,15720.1,15720.4,0.3,1736.180024
2026-05-05T07:05:00+00:00,15720.2,15720.65,15712.6,15715.8,15720,15720.4,15720.4,15720.9,15712.3,15712.9,15715.4,15716.2,0.8,1247.430019
2026-05-05T07:10:00+00:00,15715.65,15717.75,15714.2,15716.3,15715.2,15716.1,15717.4,15718.1,15714,15714.4,15716,15716.6,0.6,795.0200114
2026-05-05T07:15:00+00:00,15716.2,15717.15,15713.3,15715.8,15715.9,15716.5,15716.9,15717.4,15713.1,15713.5,15715.5,15716.1,0.6,668.610011
2026-05-05T07:20:00+00:00,15715.5,15718.6,15714.8,15718.6,15715.4,15715.6,15718.3,15718.9,15714.5,15715.1,15718.3,15718.9,0.6,871.6300118
2026-05-05T07:25:00+00:00,15718.8,15723.4,15718.8,15723.25,15718.6,15719,15723.1,15723.7,15718.6,15719,15722.9,15723.6,0.7,802.3000137
2026-05-05T07:30:00+00:00,15723.4,15723.85,15720,15722.7,15723.1,15723.7,15723.5,15724.2,15719.7,15720.3,15722.6,15722.8,0.2,1448.740019
2026-05-05T07:35:00+00:00,15722.5,15722.5,15708.2,15716.5,15722.3,15722.7,15722.3,15722.7,15708,15708.4,15716.2,15716.8,0.6,2534.35004
2026-05-05T07:40:00+00:00,15716.55,15719.65,15715.35,15719.55,15716.2,15716.9,15719.4,15719.9,15715.1,15715.6,15719.3,15719.8,0.5,956.4900165
2026-05-05T07:45:00+00:00,15719.35,15721.35,15718.2,15720.9,15719.1,15719.6,15721.1,15721.6,15717.9,15718.5,15720.7,15721.1,0.4,821.7000122
2026-05-05T07:50:00+00:00,15720.65,15721.15,15717.6,15720.4,15720.4,15720.9,15720.9,15721.4,15717.3,15717.9,15720.1,15720.7,0.6,883.2300131
2026-05-05T07:55:00+00:00,15720.45,15723.75,15720.15,15723.75,15720.1,15720.8,15723.5,15724,15719.8,15720.5,15723.5,15724,0.5,1071.570016
2026-05-05T08:00:00+00:00,15723.85,15725.25,15720.55,15723.65,15723.5,15724.2,15725,15725.5,15720.3,15720.8,15723.4,15723.9,0.5,1162.740019
2026-05-05T08:05:00+00:00,15723.75,15726.1,15722.15,15725.15,15723.5,15724,15725.9,15726.3,15721.9,15722.4,15725,15725.3,0.3,542.6700095
2026-05-05T08:10:00+00:00,15725.3,15728.55,15724.85,15728.55,15725.2,15725.4,15728.3,15728.8,15724.6,15725.1,15728.3,15728.8,0.5,591.6100098
2026-05-05T08:15:00+00:00,15728.45,15728.55,15726.55,15727.1,15728.1,15728.8,15728.3,15728.8,15726.4,15726.7,15726.9,15727.3,0.4,471.1100081
2026-05-05T08:20:00+00:00,15727.05,15727.7,15726.2,15727.35,15726.8,15727.3,15727.5,15727.9,15725.9,15726.5,15727.1,15727.6,0.5,593.2500076
2026-05-05T08:25:00+00:00,15727.3,15727.35,15724.7,15726.95,15727.1,15727.5,15727.1,15727.6,15724.4,15725,15726.7,15727.2,0.5,625.9900049
2026-05-05T08:30:00+00:00,15727.1,15728.25,15724.3,15726.45,15726.9,15727.3,15728.1,15728.4,15724.1,15724.5,15726.3,15726.6,0.3,890.8400114
2026-05-05T08:35:00+00:00,15726.5,15728.4,15726.25,15727.75,15726.2,15726.8,15728.2,15728.6,15726,15726.5,15727.5,15728,0.5,730.9500135
2026-05-05T08:40:00+00:00,15727.7,15728.3,15726.2,15726.95,15727.4,15728,15728.1,15728.5,15726,15726.4,15726.7,15727.2,0.5,1116.770008
2026-05-05T08:45:00+00:00,15726.9,15728.5,15725.45,15727.15,15726.7,15727.1,15728.2,15728.8,15725.2,15725.7,15726.9,15727.4,0.5,1251.570004
2026-05-05T08:50:00+00:00,15727.1,15727.95,15725.95,15727.65,15726.9,15727.3,15727.7,15728.2,15725.7,15726.2,15727.5,15727.8,0.3,1020.650003
2026-05-05T08:55:00+00:00,15727.7,15728.4,15726.85,15728.05,15727.6,15727.8,15728.1,15728.7,15726.6,15727.1,15727.8,15728.3,0.5,1255.070004
2026-05-05T09:00:00+00:00,15728.1,15786.85,15728.05,15740.2,15727.8,15728.4,15786.8,15786.9,15727.8,15728.3,15739.9,15740.5,0.6,5797.320085
2026-05-05T09:05:00+00:00,15740.75,15747.75,15739.05,15743.6,15740.7,15740.8,15747.5,15748,15738.7,15739.4,15743.4,15743.8,0.4,1959.130023
2026-05-05T09:10:00+00:00,15743.65,15753.3,15739.75,15752.7,15743.4,15743.9,15753,15753.6,15739.5,15740,15752.4,15753,0.6,1269.130018
2026-05-05T09:15:00+00:00,15752.55,15766.15,15751.05,15760.75,15752.1,15753,15765.8,15766.5,15750.7,15751.4,15760.4,15761.1,0.7,3643.830045
2026-05-05T09:20:00+00:00,15760.8,15769.35,15758.35,15764.15,15760.5,15761.1,15769,15769.7,15757.9,15758.8,15763.6,15764.7,1.1,2688.770032
2026-05-05T09:25:00+00:00,15764.1,15765.15,15756.15,15756.9,15763.8,15764.4,15764.8,15765.5,15755.7,15756.6,15756.6,15757.2,0.6,1752.400022
2026-05-05T09:30:00+00:00,15756.95,15758.95,15711,15749.85,15756.6,15757.3,15758.7,15759.2,15709.8,15712.2,15749.5,15750.2,0.7,4334.850071
2026-05-05T09:35:00+00:00,15749.9,15758.55,15748.15,15755.6,15749.5,15750.3,15758.1,15759,15747.8,15748.5,15755.2,15756,0.8,1330.21002
2026-05-05T09:40:00+00:00,15755.7,15758.85,15751.9,15756.95,15755.4,15756,15758.6,15759.1,15751.6,15752.2,15756.6,15757.3,0.7,978.880015
2026-05-05T09:45:00+00:00,15757.15,15757.7,15750.3,15755.65,15756.8,15757.5,15757.4,15758,15749.9,15750.7,15755.2,15756.1,0.9,704.1900109
2026-05-05T09:50:00+00:00,15755.7,15762.05,15754.25,15757.05,15755.2,15756.2,15761.7,15762.4,15753.8,15754.7,15756.8,15757.3,0.5,692.5100136
2026-05-05T09:55:00+00:00,15757.2,15757.95,15749.1,15751.4,15756.9,15757.5,15757.6,15758.3,15748.8,15749.4,15751.1,15751.7,0.6,886.940019
2026-05-05T10:00:00+00:00,15751.2,15759.5,15749.15,15755.9,15750.9,15751.5,15759.3,15759.7,15748.8,15749.5,15755.6,15756.2,0.6,846.31002
2026-05-05T10:05:00+00:00,15755.85,15760.75,15755.7,15760.6,15755.6,15756.1,15760.5,15761,15755.4,15756,15760.3,15760.9,0.6,575.9000115
2026-05-05T10:10:00+00:00,15760.55,15763.25,15758.1,15761.65,15760.5,15760.6,15763,15763.5,15757.8,15758.4,15761.3,15762,0.7,539.7200122
2026-05-05T10:15:00+00:00,15761.35,15763.75,15759.8,15762.3,15761.1,15761.6,15763.5,15764,15759.7,15759.9,15762.1,15762.5,0.4,769.5900164
2026-05-05T10:20:00+00:00,15762.25,15762.3,15756.5,15758.85,15762.1,15762.4,15762.1,15762.5,15756.1,15756.9,15758.5,15759.2,0.7,800.920014
2026-05-05T10:25:00+00:00,15758.95,15758.95,15752.75,15756.15,15758.7,15759.2,15758.7,15759.2,15752.5,15753,15755.9,15756.4,0.5,636.8100138
2026-05-05T10:30:00+00:00,15756.2,15760.35,15749.55,15752.25,15755.9,15756.5,15760.1,15760.6,15749.3,15749.8,15752,15752.5,0.5,1069.390022
2026-05-05T10:35:00+00:00,15752.2,15758.45,15750.25,15758.1,15752,15752.4,15758.2,15758.7,15749.8,15750.7,15757.7,15758.5,0.8,792.8000134
2026-05-05T10:40:00+00:00,15758.15,15760.8,15754.35,15759.8,15757.9,15758.4,15760.5,15761.1,15754,15754.7,15759.5,15760.1,0.6,822.2800144
2026-05-05T10:45:00+00:00,15759.65,15763.45,15759.55,15762,15759.2,15760.1,15763.2,15763.7,15759.2,15759.9,15761.7,15762.3,0.6,663.4800125
2026-05-05T10:50:00+00:00,15761.95,15767.15,15760.5,15764.3,15761.5,15762.4,15766.8,15767.5,15760.3,15760.7,15764,15764.6,0.6,869.6900167
2026-05-05T10:55:00+00:00,15764.4,15765.15,15759.25,15761.8,15764.2,15764.6,15764.9,15765.4,15759,15759.5,15761.5,15762.1,0.6,788.2500128
2026-05-05T11:00:00+00:00,15761.95,15774.3,15761.25,15771.2,15761.7,15762.2,15774.1,15774.5,15760.9,15761.6,15770.9,15771.5,0.6,2311.230037
2026-05-05T11:05:00+00:00,15771.25,15773.95,15767.7,15768.75,15771,15771.5,15773.7,15774.2,15767.3,15768.1,15768.5,15769,0.5,1052.730017
2026-05-05T11:10:00+00:00,15768.95,15770.85,15768.3,15769.9,15768.8,15769.1,15770.6,15771.1,15768,15768.6,15769.5,15770.3,0.8,545.1900101
2026-05-05T11:15:00+00:00,15769.95,15779.5,15767.95,15776.5,15769.7,15770.2,15779.2,15779.8,15767.7,15768.2,15776.2,15776.8,0.6,1209.900019
2026-05-05T11:20:00+00:00,15776.55,15777.75,15769.45,15771.5,15776.2,15776.9,15777.5,15778,15769.1,15769.8,15771.3,15771.7,0.4,1057.450018
2026-05-05T11:25:00+00:00,15771.4,15772.15,15764.4,15768.1,15771.2,15771.6,15772,15772.3,15764.1,15764.7,15767.7,15768.5,0.8,1126.360021
2026-05-05T11:30:00+00:00,15768.15,15770.5,15764.5,15769,15767.9,15768.4,15770.2,15770.8,15764.2,15764.8,15768.8,15769.2,0.4,774.3300128
2026-05-05T11:35:00+00:00,15769.1,15770.55,15767.8,15769.5,15768.8,15769.4,15770.2,15770.9,15767.5,15768.1,15769.2,15769.8,0.6,689.8300166
2026-05-05T11:40:00+00:00,15769.55,15771.3,15767.5,15770.75,15769.3,15769.8,15771,15771.6,15767.2,15767.8,15770.5,15771,0.5,562.6800104
2026-05-05T11:45:00+00:00,15770.7,15773.85,15770.55,15771.4,15770.4,15771,15773.6,15774.1,15770.4,15770.7,15771.2,15771.6,0.4,1299.230024
2026-05-05T11:50:00+00:00,15771.45,15774.35,15771.4,15773.7,15771.3,15771.6,15774.1,15774.6,15771.2,15771.6,15773.3,15774.1,0.8,749.7200119
2026-05-05T11:55:00+00:00,15773.75,15777,15773.4,15774.7,15773.4,15774.1,15776.7,15777.3,15773.1,15773.7,15774.4,15775,0.6,715.0200112
2026-05-05T12:00:00+00:00,15774.9,15783.7,15774.9,15783.55,15774.6,15775.2,15783.5,15783.9,15774.6,15775.2,15783.2,15783.9,0.7,2248.220032
2026-05-05T12:05:00+00:00,15783.6,15783.95,15776.35,15780.1,15783.4,15783.8,15783.7,15784.2,15776.1,15776.6,15779.9,15780.3,0.4,2396.430033
2026-05-05T12:10:00+00:00,15780.15,15780.2,15764.1,15774.25,15779.8,15780.5,15779.9,15780.5,15763.9,15764.3,15774,15774.5,0.5,2890.510044
2026-05-05T12:15:00+00:00,15773.95,15777.8,15770.8,15775.05,15773.7,15774.2,15777.6,15778,15770.5,15771.1,15774.7,15775.4,0.7,1406.61003
2026-05-05T12:20:00+00:00,15774.85,15776.95,15768.65,15769.05,15774.6,15775.1,15776.7,15777.2,15768.4,15768.9,15768.8,15769.3,0.5,1814.170027
2026-05-05T12:25:00+00:00,15769.1,15769.65,15765.45,15769.25,15768.8,15769.4,15769.3,15770,15765,15765.9,15768.6,15769.9,1.3,1656.630032
2026-05-05T12:30:00+00:00,15769.2,15778.3,15768.35,15776.5,15768.5,15769.9,15777.9,15778.7,15767.9,15768.8,15776.2,15776.8,0.6,1449.310025
2026-05-05T12:35:00+00:00,15776.45,15779.8,15774.35,15775.6,15776.1,15776.8,15779.6,15780,15774,15774.7,15775.3,15775.9,0.6,1310.190025
2026-05-05T12:40:00+00:00,15775.9,15779,15775.85,15777.95,15775.7,15776.1,15778.6,15779.4,15775.6,15776.1,15777.7,15778.2,0.5,1019.220014
2026-05-05T12:45:00+00:00,15778,15780.95,15776.55,15779.55,15777.7,15778.3,15780.8,15781.1,15776.3,15776.8,15779.2,15779.9,0.7,1120.730019
2026-05-05T12:50:00+00:00,15779.5,15780.45,15777.75,15779.35,15779.2,15779.8,15780.1,15780.8,15777.5,15778,15779.1,15779.6,0.5,778.6400117
2026-05-05T12:55:00+00:00,15779.5,15779.55,15776.4,15777.15,15779.3,15779.7,15779.3,15779.8,15776.2,15776.6,15776.9,15777.4,0.5,910.9400179
2026-05-05T13:00:00+00:00,15777.2,15778.95,15775.15,15776.95,15777,15777.4,15778.8,15779.1,15774.9,15775.4,15776.7,15777.2,0.5,1136.330022
2026-05-05T13:05:00+00:00,15777.05,15777.05,15769.95,15774.75,15776.8,15777.3,15776.8,15777.3,15769.7,15770.2,15774.4,15775.1,0.7,1403.180031
2026-05-05T13:10:00+00:00,15774.6,15774.75,15770.3,15771.25,15774.2,15775,15774.4,15775.1,15770.2,15770.4,15770.9,15771.6,0.7,1638.190028
2026-05-05T13:15:00+00:00,15771.35,15771.8,15767.9,15769,15771,15771.7,15771.5,15772.1,15767.6,15768.2,15768.7,15769.3,0.6,1182.080016
2026-05-05T13:20:00+00:00,15768.9,15774.35,15767.45,15773.3,15768.5,15769.3,15774,15774.7,15767.3,15767.6,15773,15773.6,0.6,1008.150021
2026-05-05T13:25:00+00:00,15773.15,15773.8,15770.75,15773.25,15772.9,15773.4,15773.6,15774,15770.5,15771,15773,15773.5,0.5,959.7000146
2026-05-05T13:30:00+00:00,15773.05,15774.5,15769.2,15771.7,15772.9,15773.2,15774.1,15774.9,15768.9,15769.5,15771.5,15771.9,0.4,1303.290027
2026-05-05T13:35:00+00:00,15771.75,15775.55,15771.75,15773.9,15771.5,15772,15775.3,15775.8,15771.5,15772,15773.6,15774.2,0.6,1330.470021
2026-05-05T13:40:00+00:00,15773.75,15774.9,15771.3,15774.45,15773.6,15773.9,15774.4,15775.4,15771.1,15771.5,15774.2,15774.7,0.5,1137.300017
2026-05-05T13:45:00+00:00,15774.7,15779.15,15774.6,15775.8,15774.2,15775.2,15779,15779.3,15774.2,15775,15775.6,15776,0.4,1778.850033
2026-05-05T13:50:00+00:00,15775.85,15778.6,15773.75,15776.75,15775.6,15776.1,15778.3,15778.9,15773.5,15774,15776.5,15777,0.5,1613.05003
2026-05-05T13:55:00+00:00,15776.8,15779.85,15775.15,15778.45,15776.5,15777.1,15779.6,15780.1,15774.9,15775.4,15777.7,15779.2,1.5,1154.52002
2026-05-05T14:00:00+00:00,15777.9,15778.3,15773.3,15776.3,15777.3,15778.5,15778,15778.6,15773,15773.6,15776.1,15776.5,0.4,2087.360039
2026-05-05T14:05:00+00:00,15776.1,15777.1,15767.9,15771.05,15775.9,15776.3,15776.9,15777.3,15767.7,15768.1,15770.8,15771.3,0.5,1959.830035
2026-05-05T14:10:00+00:00,15770.9,15779.7,15769.15,15777.25,15770.6,15771.2,15779.4,15780,15768.9,15769.4,15777,15777.5,0.5,2543.360045
2026-05-05T14:15:00+00:00,15777,15782.9,15774.55,15779.15,15776.7,15777.3,15782.6,15783.2,15774.2,15774.9,15778.9,15779.4,0.5,2673.560054
2026-05-05T14:20:00+00:00,15779.2,15781.25,15773.9,15774.85,15778.9,15779.5,15781,15781.5,15773.6,15774.2,15774.6,15775.1,0.5,1779.120031
2026-05-05T14:25:00+00:00,15774.75,15777.2,15771.65,15777.15,15774.5,15775,15776.9,15777.5,15771.4,15771.9,15776.9,15777.4,0.5,1620.92003
2026-05-05T14:30:00+00:00,15777.15,15779.55,15774.85,15778.3,15777,15777.3,15779.2,15779.9,15774.7,15775,15778,15778.6,0.6,1492.190024
2026-05-05T14:35:00+00:00,15778.35,15779.35,15775.55,15776.85,15778.1,15778.6,15779,15779.7,15775.3,15775.8,15776.6,15777.1,0.5,1360.060026
2026-05-05T14:40:00+00:00,15776.9,15777.7,15773.2,15774.75,15776.6,15777.2,15777.5,15777.9,15772.9,15773.5,15774.5,15775,0.5,1540.410023
2026-05-05T14:45:00+00:00,15774.7,15776.05,15769.9,15771.95,15774.4,15775,15775.8,15776.3,15769.6,15770.2,15771.6,15772.3,0.7,1445.210025
2026-05-05T14:50:00+00:00,15771.95,15774.45,15770.5,15770.6,15771.6,15772.3,15774.2,15774.7,15770.2,15770.8,15770.3,15770.9,0.6,1063.070017
2026-05-05T14:55:00+00:00,15770.5,15772.5,15767.35,15767.95,15770.1,15770.9,15772.2,15772.8,15767.1,15767.6,15767.7,15768.2,0.5,1829.480027
2026-05-05T15:00:00+00:00,15767.9,15770.2,15761.95,15762.2,15767.6,15768.2,15770,15770.4,15761.6,15762.3,15761.9,15762.5,0.6,2173.110039
2026-05-05T15:05:00+00:00,15762.15,15766.8,15760.95,15766.7,15761.8,15762.5,15766.6,15767,15760.7,15761.2,15766.4,15767,0.6,1405.73002
2026-05-05T15:10:00+00:00,15766.65,15769.6,15764.45,15768.25,15766.5,15766.8,15769.3,15769.9,15764.1,15764.8,15767.9,15768.6,0.7,1103.980019
2026-05-05T15:15:00+00:00,15768.15,15771.3,15767.9,15770.95,15767.8,15768.5,15771.1,15771.5,15767.6,15768.2,15770.8,15771.1,0.3,936.9000133
2026-05-05T15:20:00+00:00,15771,15773,15768.35,15772.85,15770.8,15771.2,15772.8,15773.2,15768.1,15768.6,15772.6,15773.1,0.5,1116.470019
2026-05-05T15:25:00+00:00,15772.65,15773,15769.2,15770.7,15772.4,15772.9,15772.7,15773.3,15768.9,15769.5,15770.5,15770.9,0.4,1191.580016
2026-05-05T15:30:00+00:00,15770.65,15771.6,15764.45,15767.8,15770.4,15770.9,15771.4,15771.8,15764.3,15764.6,15767.4,15768.2,0.8,1579.540023
2026-05-05T15:35:00+00:00,15767.55,15767.95,15763.75,15766.15,15767.4,15767.7,15767.8,15768.1,15763.6,15763.9,15766,15766.3,0.3,1388.680032
2026-05-05T15:40:00+00:00,15766,15766.8,15763.5,15766.15,15765.9,15766.1,15766.7,15766.9,15763.3,15763.7,15766,15766.3,0.3,1136.400025
2026-05-05T15:45:00+00:00,15766.2,15766.9,15764.3,15765.55,15766,15766.4,15766.8,15767,15764,15764.6,15765.3,15765.8,0.5,960.1500161
2026-05-05T15:50:00+00:00,15765.5,15768.15,15764.75,15766.75,15765.3,15765.7,15767.8,15768.5,15764.6,15764.9,15766.6,15766.9,0.3,916.5000149
2026-05-05T15:55:00+00:00,15766.9,15768.4,15766.7,15768.2,15766.6,15767.2,15768.2,15768.6,15766.4,15767,15767.9,15768.5,0.6,1060.800015
2026-05-05T16:00:00+00:00,15768.25,15768.4,15765.5,15766.2,15768,15768.5,15768.2,15768.6,15765.3,15765.7,15765.7,15766.7,1,824.4600167
2026-05-05T16:05:00+00:00,15766.4,15768.85,15765.95,15768.85,15766.3,15766.5,15768.6,15769.1,15765.8,15766.1,15768.6,15769.1,0.5,471.9000113
2026-05-05T16:10:00+00:00,15768.8,15770.7,15768.6,15770.55,15768.6,15769,15770.4,15771,15768.4,15768.8,15770.4,15770.7,0.3,499.0300096
2026-05-05T16:15:00+00:00,15770.65,15772.9,15769.9,15770.55,15770.5,15770.8,15772.6,15773.2,15769.6,15770.2,15770.3,15770.8,0.5,941.4000127
2026-05-05T16:20:00+00:00,15770.45,15775.3,15770.4,15775.3,15770.3,15770.6,15775.1,15775.5,15770.2,15770.6,15775.1,15775.5,0.4,632.0000062
2026-05-05T16:25:00+00:00,15775.05,15775.55,15772.95,15773.3,15774.8,15775.3,15775.4,15775.7,15772.7,15773.2,15773.1,15773.5,0.4,685.8500077
2026-05-05T16:30:00+00:00,15773.25,15778.2,15773.2,15777.9,15773,15773.5,15777.9,15778.5,15773,15773.4,15777.7,15778.1,0.4,601.4600109
2026-05-05T16:35:00+00:00,15777.95,15778.1,15775.35,15777.4,15777.7,15778.2,15777.8,15778.4,15775.1,15775.6,15777.1,15777.7,0.6,506.8200071
2026-05-05T16:40:00+00:00,15777.15,15777.95,15775.55,15775.75,15776.8,15777.5,15777.7,15778.2,15775.3,15775.8,15775.6,15775.9,0.3,430.6500068
2026-05-05T16:45:00+00:00,15775.7,15778.35,15775.4,15777.3,15775.6,15775.8,15778.1,15778.6,15775.2,15775.6,15777.1,15777.5,0.4,320.5300068
2026-05-05T16:50:00+00:00,15777.15,15777.8,15776.3,15777.25,15776.9,15777.4,15777.6,15778,15776,15776.6,15777,15777.5,0.5,491.2500082
2026-05-05T16:55:00+00:00,15777.3,15780.35,15776.75,15778.9,15777.1,15777.5,15780.2,15780.5,15776.5,15777,15778.6,15779.2,0.6,696.5900147
2026-05-05T17:00:00+00:00,15779,15781.95,15777.15,15781.95,15778.8,15779.2,15781.7,15782.2,15777,15777.3,15781.7,15782.2,0.5,1043.850018
2026-05-05T17:05:00+00:00,15782,15785.4,15781.85,15785.1,15781.8,15782.2,15785.1,15785.7,15781.7,15782,15784.8,15785.4,0.6,525.9000105
2026-05-05T17:10:00+00:00,15785.05,15787,15784.75,15785.9,15784.7,15785.4,15786.8,15787.2,15784.5,15785,15785.7,15786.1,0.4,895.2300152
2026-05-05T17:15:00+00:00,15785.95,15786.55,15785.4,15786.1,15785.8,15786.1,15786.3,15786.8,15785.2,15785.6,15785.9,15786.3,0.4,389.6400062
2026-05-05T17:20:00+00:00,15785.95,15788.65,15785.9,15787.9,15785.8,15786.1,15788.5,15788.8,15785.7,15786.1,15787.6,15788.2,0.6,574.3300079
2026-05-05T17:25:00+00:00,15788.1,15788.65,15784,15784.55,15787.9,15788.3,15788.5,15788.8,15783.7,15784.3,15784.4,15784.7,0.3,892.6500129
2026-05-05T17:30:00+00:00,15784.7,15784.8,15781.3,15781.5,15784.6,15784.8,15784.6,15785,15781.1,15781.5,15781.2,15781.8,0.6,709.7600119
2026-05-05T17:35:00+00:00,15781.6,15784.05,15780.05,15783.05,15781.4,15781.8,15783.7,15784.4,15779.8,15780.3,15782.8,15783.3,0.5,778.3500143
2026-05-05T17:40:00+00:00,15783.1,15785.3,15781.8,15785.25,15782.8,15783.4,15785.1,15785.5,15781.5,15782.1,15785,15785.5,0.5,723.1500106
2026-05-05T17:45:00+00:00,15785.15,15786.4,15783.95,15784.6,15784.9,15785.4,15786.1,15786.7,15783.7,15784.2,15784.4,15784.8,0.4,500.8500056
2026-05-05T17:50:00+00:00,15784.65,15785.55,15782.75,15785.45,15784.4,15784.9,15785.3,15785.8,15782.5,15783,15785.2,15785.7,0.5,453.6000102
2026-05-05T17:55:00+00:00,15785.35,15786.1,15784.85,15785.25,15785.1,15785.6,15785.9,15786.3,15784.6,15785.1,15785.1,15785.4,0.3,354.3000059
2026-05-05T18:00:00+00:00,15785.2,15786.45,15783.7,15785.85,15785,15785.4,15786.2,15786.7,15783.4,15784,15785.6,15786.1,0.5,368.7000054
2026-05-05T18:05:00+00:00,15785.95,15786.45,15783.7,15786.45,15785.7,15786.2,15786.3,15786.6,15783.4,15784,15786.3,15786.6,0.3,269.1200039
2026-05-05T18:10:00+00:00,15786.5,15786.9,15785.65,15786.75,15786.3,15786.7,15786.6,15787.2,15785.4,15785.9,15786.5,15787,0.5,387.600005
2026-05-05T18:15:00+00:00,15786.8,15787.55,15786.15,15787.15,15786.5,15787.1,15787.3,15787.8,15785.9,15786.4,15787,15787.3,0.3,249.4500046
2026-05-05T18:20:00+00:00,15787.1,15787.85,15786.7,15787.75,15787,15787.2,15787.6,15788.1,15786.5,15786.9,15787.4,15788.1,0.7,251.7000022
2026-05-05T18:25:00+00:00,15787.8,15788.55,15787.65,15788.05,15787.6,15788,15788.4,15788.7,15787.4,15787.9,15787.8,15788.3,0.5,277.0400032
2026-05-05T18:30:00+00:00,15788.1,15791.95,15788,15791.75,15787.9,15788.3,15791.6,15792.3,15787.7,15788.3,15791.5,15792,0.5,548.8500077
2026-05-05T18:35:00+00:00,15791.65,15791.65,15788.95,15789.2,15791.4,15791.9,15791.4,15791.9,15788.7,15789.2,15788.9,15789.5,0.6,300.3000033
2026-05-05T18:40:00+00:00,15789.05,15789.75,15788.2,15789.75,15788.8,15789.3,15789.5,15790,15788,15788.4,15789.5,15790,0.5,198.9200032
2026-05-05T18:45:00+00:00,15789.7,15791.4,15789.3,15791.05,15789.3,15790.1,15791.2,15791.6,15789.1,15789.5,15790.8,15791.3,0.5,309.2200042
2026-05-05T18:50:00+00:00,15790.95,15791.05,15788.2,15788.95,15790.7,15791.2,15790.8,15791.3,15787.9,15788.5,15788.7,15789.2,0.5,524.4000077
2026-05-05T18:55:00+00:00,15788.8,15790.05,15787.4,15787.55,15788.6,15789,15789.8,15790.3,15787.2,15787.6,15787.3,15787.8,0.5,515.7800074
2026-05-05T19:00:00+00:00,15787.75,15789.1,15786.35,15788.25,15787.5,15788,15788.8,15789.4,15786.1,15786.6,15787.9,15788.6,0.7,680.7200072
2026-05-05T19:05:00+00:00,15788.55,15789.55,15788.55,15789,15788.3,15788.8,15789.3,15789.8,15788.3,15788.8,15788.7,15789.3,0.6,585.0000101
2026-05-05T19:10:00+00:00,15789.05,15789.35,15786.65,15787.65,15788.7,15789.4,15789.2,15789.5,15786.3,15787,15787.3,15788,0.7,322.5000056
2026-05-05T19:15:00+00:00,15787.7,15788.95,15787.65,15788.9,15787.4,15788,15788.8,15789.1,15787.3,15788,15788.7,15789.1,0.4,291.1500053
2026-05-05T19:20:00+00:00,15788.85,15789.3,15788.75,15788.9,15788.6,15789.1,15789.1,15789.5,15788.4,15789.1,15788.6,15789.2,0.6,104.5100025
2026-05-05T19:25:00+00:00,15789,15791.7,15789,15791.45,15788.8,15789.2,15791.5,15791.9,15788.8,15789.2,15791.2,15791.7,0.5,255.900005
2026-05-05T19:30:00+00:00,15791.5,15791.55,15789.2,15789.55,15791.3,15791.7,15791.3,15791.8,15789,15789.4,15789.2,15789.9,0.7,237.300005
2026-05-05T19:35:00+00:00,15789.6,15789.85,15787.8,15787.8,15789.4,15789.8,15789.6,15790.1,15787.6,15788,15787.6,15788,0.4,425.2500037
2026-05-05T19:40:00+00:00,15787.85,15789.55,15787.85,15789.4,15787.7,15788,15789.3,15789.8,15787.7,15788,15789.2,15789.6,0.4,207.4800022
2026-05-05T19:45:00+00:00,15789.35,15789.9,15788.75,15789.75,15789.2,15789.5,15789.7,15790.1,15788.5,15789,15789.5,15790,0.5,207.3000031
2026-05-05T19:50:00+00:00,15789.9,15790.7,15787.05,15788,15789.7,15790.1,15790.4,15791,15786.8,15787.3,15787.8,15788.2,0.4,524.7900093
2026-05-05T19:55:00+00:00,15787.9,15788.6,15786.3,15788.2,15787.7,15788.1,15788.4,15788.8,15786,15786.6,15788,15788.4,0.4,627.9000088
2026-05-05T20:00:00+00:00,15788.25,15789.1,15785.6,15786.75,15787.9,15788.6,15788.9,15789.3,15785.4,15785.8,15786.5,15787,0.5,586.0100117
2026-05-05T20:05:00+00:00,15786.55,15786.55,15784.4,15784.4,15786.3,15786.8,15786.3,15786.8,15784.1,15784.7,15784.1,15784.7,0.6,540.0000079
2026-05-05T20:10:00+00:00,15784.55,15785.95,15784.3,15785.6,15784.2,15784.9,15785.7,15786.2,15784,15784.6,15785.4,15785.8,0.4,428.4200052
2026-05-05T20:15:00+00:00,15785.55,15787.4,15785.55,15787.15,15785.3,15785.8,15787.2,15787.6,15785.3,15785.8,15786.8,15787.5,0.7,458.850006
2026-05-05T20:20:00+00:00,15787.2,15789.05,15786.9,15788.4,15786.9,15787.5,15788.8,15789.3,15786.6,15787.2,15788.1,15788.7,0.6,249.4500052
2026-05-05T20:25:00+00:00,15788.45,15789.1,15787.15,15788.05,15788.1,15788.8,15788.8,15789.4,15786.8,15787.5,15787.8,15788.3,0.5,212.3200059
2026-05-05T20:30:00+00:00,15788,15788.4,15787.8,15788.2,15787.7,15788.3,15788,15788.8,15787.5,15788.1,15787.9,15788.5,0.6,124.2000022
2026-05-05T20:35:00+00:00,15788.25,15789.4,15787.7,15789.25,15787.9,15788.6,15789.2,15789.6,15787.4,15788,15788.9,15789.6,0.7,203.1900035
2026-05-05T20:40:00+00:00,15789.3,15789.6,15788.6,15789.6,15789.1,15789.5,15789.3,15789.9,15788.3,15788.9,15789.3,15789.9,0.6,303.6000068
2026-05-05T20:45:00+00:00,15789.55,15789.8,15788.75,15788.75,15789.3,15789.8,15789.5,15790.1,15788.5,15789,15788.5,15789,0.5,126.1800034
2026-05-05T20:50:00+00:00,15788.7,15789.95,15787.35,15788.75,15788.5,15788.9,15789.7,15790.2,15787.1,15787.6,15788.4,15789.1,0.7,685.9200228
2026-05-05T20:55:00+00:00,15788.65,15790.35,15787.9,15788.3,15788.2,15789.1,15789.9,15790.8,15786.8,15789,15786.8,15789.8,3,559.2000001
2026-05-05T21:00:00+00:00,15788.35,15790.5,15782.95,15787.2,15786.9,15789.8,15786.9,15794.1,15776.4,15789.5,15782.3,15792.1,9.8,28.23999935
2026-05-05T21:05:00+00:00,15787.3,15788.85,15784.8,15787.05,15782,15792.6,15785.1,15792.6,15782,15787.6,15782.9,15791.2,8.3,57.94000101
2026-05-05T21:10:00+00:00,15787,15787.3,15786.9,15787.2,15782.9,15791.1,15783.5,15791.1,15782.9,15790.9,15783.5,15790.9,7.4,17.10000026
2026-05-05T21:15:00+00:00,15787.2,15787.4,15786.7,15786.9,15783.5,15790.9,15783.8,15791,15783.4,15790,15783.8,15790,6.2,27.90000021
2026-05-05T21:20:00+00:00,15787.4,15789.25,15786.85,15788.2,15783.8,15791,15787.5,15791,15783.8,15789.9,15786.4,15790,3.6,33.00000048
2026-05-05T21:25:00+00:00,15788.3,15790.35,15786.45,15788.3,15786.5,15790.1,15787.9,15792.8,15783.6,15789.3,15783.8,15792.8,9,89.25000191
2026-05-05T21:30:00+00:00,15788.05,15789.4,15787.25,15788.6,15784.5,15791.6,15785.7,15793.1,15784.1,15790.4,15784.1,15793.1,9,68.70000184
2026-05-05T21:35:00+00:00,15787.55,15788.6,15787.35,15788.45,15784.1,15791,15784.1,15793.1,15783.8,15790.9,15783.8,15793.1,9.3,13.20000005
2026-05-05T21:40:00+00:00,15787.8,15788.55,15786.45,15787.7,15784.7,15790.9,15785.7,15791.4,15783.6,15789.3,15784.8,15790.6,5.8,101.1000029
2026-05-05T21:45:00+00:00,15788.35,15790.3,15786.55,15789.45,15785.6,15791.1,15788.7,15791.9,15783.8,15789.3,15788.1,15790.8,2.7,96.49000239
2026-05-05T21:50:00+00:00,15789.5,15789.7,15789.1,15789.45,15788.1,15790.9,15788.5,15790.9,15787.9,15790.3,15788.1,15790.8,2.7,30.00000072
2026-05-05T21:55:00+00:00,15789.3,15790.4,15789.25,15790.25,15788.1,15790.5,15789.3,15791.5,15788,15790.5,15789.1,15791.4,2.3,56.55000043
2026-05-05T22:00:00+00:00,15789.25,15793.6,15788.8,15792.8,15788.6,15789.9,15793,15794.2,15787.8,15789.8,15792.3,15793.3,1,279.4399964
2026-05-05T22:05:00+00:00,15792.7,15792.9,15790,15790.1,15792.2,15793.2,15792.4,15793.4,15789.6,15790.4,15789.7,15790.5,0.8,179.3600057
2026-05-05T22:10:00+00:00,15790,15791.1,15787.9,15788.05,15789.6,15790.4,15790.6,15791.6,15787.4,15788.4,15787.6,15788.5,0.9,509.2500048
2026-05-05T22:15:00+00:00,15788.05,15790.2,15787.9,15788.7,15787.6,15788.5,15789.8,15790.6,15787.6,15788.2,15788.2,15789.2,1,341.0400035
2026-05-05T22:20:00+00:00,15788.75,15788.8,15787.2,15787.45,15788.3,15789.2,15788.3,15789.3,15786.8,15787.6,15787.1,15787.8,0.7,215.1000042
2026-05-05T22:25:00+00:00,15787.4,15787.55,15786.3,15786.4,15787.1,15787.7,15787.3,15787.8,15786,15786.6,15786.1,15786.7,0.6,157.0500042
2026-05-05T22:30:00+00:00,15786.5,15790.2,15786.35,15788.6,15786.2,15786.8,15790,15790.4,15786.1,15786.6,15788.3,15788.9,0.6,296.420005
2026-05-05T22:35:00+00:00,15788.75,15788.95,15787.95,15788,15788.5,15789,15788.6,15789.3,15787.7,15788.2,15787.7,15788.3,0.6,106.7200034
2026-05-05T22:40:00+00:00,15787.95,15789.95,15787.8,15788.95,15787.6,15788.3,15789.7,15790.2,15787.4,15788.2,15788.6,15789.3,0.7,240.9200048
2026-05-05T22:45:00+00:00,15788.85,15790.2,15788.8,15790.05,15788.5,15789.2,15789.8,15790.6,15788.5,15789.1,15789.7,15790.4,0.7,154.3500015
2026-05-05T22:50:00+00:00,15790.1,15790.2,15776.55,15776.6,15789.8,15790.4,15789.8,15790.6,15776.2,15776.9,15776.3,15776.9,0.6,1645.210028
2026-05-05T22:55:00+00:00,15776.65,15778.1,15758.75,15773.15,15776.3,15777,15777.5,15778.7,15758.4,15759.1,15772.2,15774.1,1.9,3232.350058
2026-05-05T23:00:00+00:00,15773.15,15773.65,15765.85,15767.85,15772.2,15774.1,15773,15774.3,15765.3,15766.4,15767.3,15768.4,1.1,1781.900027
2026-05-05T23:05:00+00:00,15767.3,15768.55,15762,15764.3,15766.7,15767.9,15768.2,15768.9,15761.5,15762.5,15763.7,15764.9,1.2,1366.640021
2026-05-05T23:10:00+00:00,15764.4,15764.95,15754.3,15756.6,15763.8,15765,15764.5,15765.4,15753.9,15754.7,15756.2,15757,0.8,1218.650027
2026-05-05T23:15:00+00:00,15756.35,15762.15,15755.5,15760.55,15756,15756.7,15761.7,15762.6,15755.1,15755.9,15760.2,15760.9,0.7,991.4800228
2026-05-05T23:20:00+00:00,15760.5,15762.1,15757.3,15762,15760.1,15760.9,15761.7,15762.5,15756.9,15757.7,15761.6,15762.4,0.8,736.5500157
2026-05-05T23:25:00+00:00,15762.1,15768.75,15762,15768.7,15761.7,15762.5,15768.3,15769.2,15761.6,15762.4,15768.2,15769.2,1,734.5500125
2026-05-05T23:30:00+00:00,15768.7,15768.9,15763.1,15765.65,15768.2,15769.2,15768.5,15769.3,15762.7,15763.5,15765.3,15766,0.7,669.5700119
2026-05-05T23:35:00+00:00,15765.75,15769.4,15765.3,15768.05,15765.5,15766,15769,15769.8,15764.9,15765.7,15767.7,15768.4,0.7,723.4500086
2026-05-05T23:40:00+00:00,15768,15772.3,15767.9,15772.15,15767.6,15768.4,15771.9,15772.7,15767.5,15768.3,15771.8,15772.5,0.7,529.6500095
2026-05-05T23:45:00+00:00,15772.25,15772.35,15769.25,15769.6,15772,15772.5,15772.1,15772.6,15768.9,15769.6,15769.2,15770,0.8,743.5500126
2026-05-05T23:50:00+00:00,15769.55,15770.8,15767.75,15769.15,15769.2,15769.9,15770.5,15771.1,15767.4,15768.1,15768.8,15769.5,0.7,1262.550023
2026-05-05T23:55:00+00:00,15769.2,15770.75,15767.5,15767.85,15768.9,15769.5,15770.4,15771.1,15767.2,15767.8,15767.5,15768.2,0.7,864.00002
2026-05-06T00:00:00+00:00,15767.75,15770.8,15762.4,15766.8,15767.3,15768.2,15770.6,15771,15762.1,15762.7,15766.3,15767.3,1,2905.790051
2026-05-06T00:05:00+00:00,15766.65,15768.25,15761.35,15764.45,15766.2,15767.1,15767.9,15768.6,15761,15761.7,15764.1,15764.8,0.7,2455.740047
2026-05-06T00:10:00+00:00,15764.4,15768.5,15761.65,15765.95,15764.1,15764.7,15768.4,15768.6,15761.4,15761.9,15765.7,15766.2,0.5,1608.230026
2026-05-06T00:15:00+00:00,15765.9,15770.3,15764.1,15764.4,15765.7,15766.1,15770,15770.6,15763.8,15764.4,15764.1,15764.7,0.6,1235.45002
2026-05-06T00:20:00+00:00,15764.55,15765.95,15760.3,15762.1,15764.3,15764.8,15765.6,15766.3,15760,15760.6,15761.7,15762.5,0.8,1339.700026
2026-05-06T00:25:00+00:00,15761.95,15763.9,15758.35,15763.5,15761.6,15762.3,15763.6,15764.2,15758,15758.7,15763.2,15763.8,0.6,1366.840023
2026-05-06T00:30:00+00:00,15763.3,15764.75,15759.9,15760.4,15763,15763.6,15764.4,15765.1,15759.6,15760.2,15760,15760.8,0.8,1317.600025
2026-05-06T00:35:00+00:00,15760.5,15762.45,15758.1,15760.65,15760.2,15760.8,15762.2,15762.7,15757.9,15758.3,15760.3,15761,0.7,1359.140022
2026-05-06T00:40:00+00:00,15760.55,15760.6,15756.95,15759.05,15760.2,15760.9,15760.3,15760.9,15756.6,15757.3,15759,15759.1,0.1,1415.740018
2026-05-06T00:45:00+00:00,15759.15,15760.65,15756.4,15759.95,15759,15759.3,15760.3,15761,15756.2,15756.6,15759.7,15760.2,0.5,1455.500014
2026-05-06T00:50:00+00:00,15759.9,15760.7,15755.4,15758.45,15759.7,15760.1,15760.4,15761,15755.1,15755.7,15758.2,15758.7,0.5,1489.720026
2026-05-06T00:55:00+00:00,15758.3,15760.15,15757.2,15759.5,15758.1,15758.5,15759.8,15760.5,15756.8,15757.6,15759.2,15759.8,0.6,1143.96002
2026-05-06T01:00:00+00:00,15759.75,15765.1,15757.8,15762.95,15759.5,15760,15764.8,15765.4,15757.7,15757.9,15762.7,15763.2,0.5,2044.840028
2026-05-06T01:05:00+00:00,15763.15,15766.7,15761.9,15764.65,15762.9,15763.4,15766.5,15766.9,15761.8,15762,15764.4,15764.9,0.5,1207.350018
2026-05-06T01:10:00+00:00,15764.55,15766.4,15763.15,15765.45,15764.3,15764.8,15766.2,15766.6,15762.9,15763.4,15765.1,15765.8,0.7,879.5400146
2026-05-06T01:15:00+00:00,15765.65,15767,15760.7,15760.75,15765.3,15766,15766.8,15767.2,15760.5,15760.9,15760.5,15761,0.5,1344.15002
2026-05-06T01:20:00+00:00,15760.8,15764.1,15760.2,15761.85,15760.6,15761,15763.8,15764.4,15759.9,15760.5,15761.6,15762.1,0.5,834.7600144
2026-05-06T01:25:00+00:00,15761.6,15764.4,15761.6,15764.15,15761.3,15761.9,15764.2,15764.6,15761.3,15761.9,15763.8,15764.5,0.7,1037.07002
2026-05-06T01:30:00+00:00,15764.1,15767.2,15763.85,15764.75,15763.6,15764.6,15766.9,15767.5,15763.6,15764.1,15764.5,15765,0.5,1075.210021
2026-05-06T01:35:00+00:00,15764.85,15767.05,15763.9,15764.45,15764.7,15765,15766.8,15767.3,15763.7,15764.1,15764.2,15764.7,0.5,899.0900184
2026-05-06T01:40:00+00:00,15764.8,15766,15764.15,15765.4,15764.5,15765.1,15765.8,15766.2,15763.9,15764.4,15765.1,15765.7,0.6,603.1700101
2026-05-06T01:45:00+00:00,15765.35,15765.8,15763.4,15764.1,15765.1,15765.6,15765.6,15766,15763.1,15763.7,15763.8,15764.4,0.6,866.1800166
2026-05-06T01:50:00+00:00,15764.2,15766.3,15763.95,15765.7,15763.9,15764.5,15766,15766.6,15763.7,15764.2,15765.4,15766,0.6,961.9900151
2026-05-06T01:55:00+00:00,15765.85,15769.9,15765.2,15769.8,15765.6,15766.1,15769.6,15770.2,15764.9,15765.5,15769.5,15770.1,0.6,875.5200114
2026-05-06T02:00:00+00:00,15770.2,15770.4,15765.8,15767.45,15770.1,15770.3,15770.1,15770.7,15765.6,15766,15767.2,15767.7,0.5,1169.940016
2026-05-06T02:05:00+00:00,15767.5,15768.6,15765.4,15767.5,15767.2,15767.8,15768.3,15768.9,15765.2,15765.6,15767.2,15767.8,0.6,973.1500146
2026-05-06T02:10:00+00:00,15767.4,15770.6,15766.95,15770.3,15767.1,15767.7,15770.4,15770.8,15766.7,15767.2,15770,15770.6,0.6,818.500012
2026-05-06T02:15:00+00:00,15770.3,15772.55,15769.2,15771.5,15770.1,15770.5,15772.2,15772.9,15768.8,15769.6,15771.2,15771.8,0.6,895.0400124
2026-05-06T02:20:00+00:00,15771.4,15774.35,15771.4,15773.15,15771.1,15771.7,15774.1,15774.6,15771.1,15771.7,15772.9,15773.4,0.5,941.9200125
2026-05-06T02:25:00+00:00,15773.5,15779.2,15773,15778.5,15773.3,15773.7,15778.9,15779.5,15772.7,15773.3,15778.3,15778.7,0.4,1192.700011
2026-05-06T02:30:00+00:00,15778.55,15779.3,15777.1,15778,15778.3,15778.8,15779,15779.6,15776.9,15777.3,15777.8,15778.2,0.4,1196.720012
2026-05-06T02:35:00+00:00,15777.95,15780.5,15777.8,15780.3,15777.7,15778.2,15780.2,15780.8,15777.5,15778.1,15780,15780.6,0.6,948.9000115
2026-05-06T02:40:00+00:00,15780.25,15783.25,15779.1,15781.6,15779.9,15780.6,15783,15783.5,15778.9,15779.3,15781.3,15781.9,0.6,564.8100057
2026-05-06T02:45:00+00:00,15781.75,15783.15,15779.1,15779.3,15781.5,15782,15782.8,15783.5,15778.7,15779.5,15778.9,15779.7,0.8,552.6000097
2026-05-06T02:50:00+00:00,15779.4,15780.85,15777.35,15779.25,15779.1,15779.7,15780.7,15781,15777.1,15777.6,15778.9,15779.6,0.7,514.8000078
2026-05-06T02:55:00+00:00,15779.05,15781.8,15777.85,15781.45,15778.8,15779.3,15781.5,15782.1,15777.6,15778.1,15781.2,15781.7,0.5,793.5000103
2026-05-06T03:00:00+00:00,15781.5,15783,15778.8,15780.75,15781.3,15781.7,15782.6,15783.4,15778.6,15779,15780.6,15780.9,0.3,1114.390024
2026-05-06T03:05:00+00:00,15781,15786.75,15780.4,15786.3,15780.9,15781.1,15786.5,15787,15780.3,15780.5,15785.9,15786.7,0.8,1032.570018
2026-05-06T03:10:00+00:00,15786.2,15786.3,15784.3,15785.85,15785.9,15786.5,15786,15786.6,15784.1,15784.5,15785.6,15786.1,0.5,583.6600103
2026-05-06T03:15:00+00:00,15785.9,15788.1,15784.3,15785.55,15785.7,15786.1,15787.8,15788.4,15784,15784.6,15785.3,15785.8,0.5,652.8300101
2026-05-06T03:20:00+00:00,15785.45,15786.15,15783.95,15784.55,15785.2,15785.7,15785.9,15786.4,15783.7,15784.2,15784.3,15784.8,0.5,366.4500055
2026-05-06T03:25:00+00:00,15784.6,15787.75,15784.3,15787.15,15784.3,15784.9,15787.5,15788,15784,15784.6,15786.9,15787.4,0.5,554.4600093
2026-05-06T03:30:00+00:00,15787.25,15789.3,15786.7,15787.1,15787,15787.5,15789,15789.6,15786.4,15787,15786.9,15787.3,0.4,723.7400109
2026-05-06T03:35:00+00:00,15787.15,15787.2,15775.35,15777.85,15786.9,15787.4,15787,15787.4,15775.1,15775.6,15777.5,15778.2,0.7,1090.110022
2026-05-06T03:40:00+00:00,15777.8,15778.5,15772.45,15777.85,15777.5,15778.1,15778.2,15778.8,15772.3,15772.6,15777.5,15778.2,0.7,1169.920026
2026-05-06T03:45:00+00:00,15777.8,15781.25,15775.35,15781.1,15777.4,15778.2,15781,15781.5,15775,15775.7,15780.8,15781.4,0.6,724.6600099
2026-05-06T03:50:00+00:00,15781.05,15781.75,15778.35,15779.8,15780.7,15781.4,15781.4,15782.1,15778.1,15778.6,15779.5,15780.1,0.6,797.9300107
2026-05-06T03:55:00+00:00,15779.75,15779.85,15775.3,15777.65,15779.4,15780.1,15779.4,15780.3,15774.9,15775.7,15777.3,15778,0.7,748.3200167
2026-05-06T04:00:00+00:00,15777.7,15780.7,15777.5,15779.6,15777.4,15778,15780.4,15781,15777.2,15777.8,15779.3,15779.9,0.6,700.9000119
2026-05-06T04:05:00+00:00,15779.7,15781,15778.7,15780.1,15779.3,15780.1,15780.7,15781.3,15778.5,15778.9,15779.8,15780.4,0.6,557.100006
2026-05-06T04:10:00+00:00,15780,15781.9,15779.95,15780.15,15779.8,15780.2,15781.7,15782.1,15779.7,15780.2,15779.9,15780.4,0.5,693.8100107
2026-05-06T04:15:00+00:00,15779.9,15782.55,15779.75,15781.9,15779.7,15780.1,15782.3,15782.8,15779.5,15780,15781.6,15782.2,0.6,459.9200079
2026-05-06T04:20:00+00:00,15781.85,15782,15779.45,15779.65,15781.6,15782.1,15781.7,15782.3,15779.2,15779.7,15779.4,15779.9,0.5,531.3200074
2026-05-06T04:25:00+00:00,15779.7,15780.65,15683.2,15687.8,15779.4,15780,15780.4,15780.9,15681.8,15684.6,15687.1,15688.5,1.4,6859.930102
2026-05-06T04:30:00+00:00,15687.7,15702.85,15620.05,15629.25,15687.1,15688.3,15702.2,15703.5,15619.7,15620.4,15629,15629.5,0.5,10724.97011
2026-05-06T04:35:00+00:00,15628.9,15633.7,15590.55,15596.25,15628.6,15629.2,15633.3,15634.1,15590.4,15590.7,15595.2,15597.3,2.1,9090.020159
2026-05-06T04:40:00+00:00,15596.3,15619.7,15585.8,15589.95,15595.3,15597.3,15618.9,15620.5,15585.3,15586.3,15589.1,15590.8,1.7,8627.910147
2026-05-06T04:45:00+00:00,15590.05,15601.8,15548.4,15548.95,15589.3,15590.8,15601.4,15602.2,15548,15548.8,15548,15549.9,1.9,11346.51016
2026-05-06T04:50:00+00:00,15548.85,15552,15503.15,15509.3,15548.1,15549.6,15551.5,15552.5,15502.9,15503.4,15508.5,15510.1,1.6,11279.85018
2026-05-06T04:55:00+00:00,15509.75,15594,15503.95,15593.5,15509.2,15510.3,15593.5,15594.5,15503.6,15504.3,15593.2,15593.8,0.6,8881.300169
2026-05-06T05:00:00+00:00,15593.35,15606.75,15575.6,15597.6,15592.5,15594.2,15605.9,15607.6,15575.2,15576,15597.1,15598.1,1,5018.670123
2026-05-06T05:05:00+00:00,15598,15617.75,15591.1,15611.1,15597.6,15598.4,15617.3,15618.2,15590.7,15591.5,15610.8,15611.4,0.6,4731.510103
2026-05-06T05:10:00+00:00,15611,15621.4,15609,15618.5,15610.7,15611.3,15621.1,15621.7,15608.7,15609.3,15618.1,15618.9,0.8,2965.310069
2026-05-06T05:15:00+00:00,15618.75,15628.4,15617.9,15623.6,15618.3,15619.2,15628,15628.8,15617.4,15618.4,15623.3,15623.9,0.6,2384.630058
2026-05-06T05:20:00+00:00,15623.9,15639.1,15623.45,15632,15623.6,15624.2,15638.8,15639.4,15623.1,15623.8,15631.7,15632.3,0.6,1861.310046
2026-05-06T05:25:00+00:00,15631.25,15633.3,15622.3,15631,15631.1,15631.4,15633,15633.6,15622,15622.6,15630.8,15631.2,0.4,1592.16004
2026-05-06T05:30:00+00:00,15631.2,15637.7,15629.8,15635.7,15630.8,15631.6,15637.4,15638,15629.6,15630,15635.4,15636,0.6,1361.520031
2026-05-06T05:35:00+00:00,15635.5,15636.8,15629.6,15634.15,15635.2,15635.8,15636.5,15637.1,15629.1,15630.1,15633.8,15634.5,0.7,1168.280023
2026-05-06T05:40:00+00:00,15634.2,15637.75,15630.95,15635.4,15633.8,15634.6,15637.6,15637.9,15630.6,15631.3,15634.9,15635.9,1,1485.22003
2026-05-06T05:45:00+00:00,15635.45,15636,15627.2,15630.6,15635,15635.9,15635.6,15636.4,15626.8,15627.6,15630.3,15630.9,0.6,1517.550022
2026-05-06T05:50:00+00:00,15630.7,15633.25,15628.25,15633.05,15630.4,15631,15632.8,15633.7,15628,15628.5,15632.6,15633.5,0.9,1774.900026
2026-05-06T05:55:00+00:00,15633.25,15637.1,15631.6,15632.1,15632.9,15633.6,15636.8,15637.4,15631.4,15631.8,15631.8,15632.4,0.6,1961.720028
2026-05-06T06:00:00+00:00,15632,15645.7,15630.65,15645.4,15631.6,15632.4,15645.4,15646,15630.2,15631.1,15645.1,15645.7,0.6,2995.410043
2026-05-06T06:05:00+00:00,15645.35,15645.75,15638.45,15640.5,15645.1,15645.6,15645.3,15646.2,15638.3,15638.6,15640.2,15640.8,0.6,2503.150045
2026-05-06T06:10:00+00:00,15640.45,15642.85,15635.3,15639.95,15640.2,15640.7,15642.6,15643.1,15635,15635.6,15639.6,15640.3,0.7,2368.240036
2026-05-06T06:15:00+00:00,15640,15643.4,15637.65,15641.35,15639.7,15640.3,15643,15643.8,15637.4,15637.9,15641.1,15641.6,0.5,1312.870024
2026-05-06T06:20:00+00:00,15641.45,15641.8,15631.15,15638.75,15641.3,15641.6,15641.4,15642.2,15630.7,15631.6,15638.3,15639.2,0.9,1938.710029
2026-05-06T06:25:00+00:00,15638.85,15639.85,15631.4,15635.4,15638.4,15639.3,15639.5,15640.2,15631,15631.8,15635,15635.8,0.8,1845.910032
2026-05-06T06:30:00+00:00,15635.9,15637.1,15631.65,15636.25,15635.8,15636,15636.8,15637.4,15631.3,15632,15636,15636.5,0.5,1448.050031
2026-05-06T06:35:00+00:00,15636.6,15637.9,15634.1,15635.6,15636.2,15637,15637.7,15638.1,15633.8,15634.4,15635.2,15636,0.8,1167.320019
2026-05-06T06:40:00+00:00,15635.65,15639.35,15631.2,15634.45,15635.3,15636,15639,15639.7,15630.9,15631.5,15634.2,15634.7,0.5,1696.34003
2026-05-06T06:45:00+00:00,15634.15,15639.35,15631.7,15637.95,15633.9,15634.4,15639,15639.7,15631.4,15632,15637.6,15638.3,0.7,1136.060023
2026-05-06T06:50:00+00:00,15638.2,15641,15635.25,15637.95,15637.7,15638.7,15640.7,15641.3,15635,15635.5,15637.7,15638.2,0.5,1076.410018
2026-05-06T06:55:00+00:00,15638.05,15639.65,15635.4,15638.95,15637.8,15638.3,15639.4,15639.9,15635.1,15635.7,15638.7,15639.2,0.5,1090.250023
2026-05-06T07:00:00+00:00,15638.8,15646.15,15637.3,15642.45,15638.7,15638.9,15645.8,15646.5,15637,15637.6,15642.2,15642.7,0.5,1702.600029
2026-05-06T07:05:00+00:00,15642.55,15644.05,15637.6,15642.65,15642.3,15642.8,15643.8,15644.3,15637.4,15637.8,15642.5,15642.8,0.3,1230.450018
2026-05-06T07:10:00+00:00,15642.75,15654.3,15641.45,15654,15642.5,15643,15654,15654.6,15641.2,15641.7,15653.7,15654.3,0.6,1579.460034
2026-05-06T07:15:00+00:00,15654.1,15656.7,15644.05,15651.3,15653.8,15654.4,15656.5,15656.9,15643.7,15644.4,15651,15651.6,0.6,1615.170033
2026-05-06T07:20:00+00:00,15651.35,15651.35,15644.15,15649.1,15651.1,15651.6,15651.1,15651.6,15643.8,15644.5,15648.9,15649.3,0.4,1477.070029
2026-05-06T07:25:00+00:00,15649.2,15652.45,15648.05,15650.05,15648.9,15649.5,15652.2,15652.7,15648,15648.1,15649.8,15650.3,0.5,1835.800026
2026-05-06T07:30:00+00:00,15650.1,15654.8,15649.35,15653.7,15649.8,15650.4,15654.5,15655.1,15649,15649.7,15653.4,15654,0.6,1550.460034
2026-05-06T07:35:00+00:00,15653.75,15654.6,15649.55,15651.55,15653.4,15654.1,15654.3,15654.9,15649.2,15649.9,15651.2,15651.9,0.7,1204.560023
2026-05-06T07:40:00+00:00,15651.6,15652,15647.5,15647.65,15651.3,15651.9,15651.7,15652.3,15647.3,15647.7,15647.4,15647.9,0.5,1134.510016
2026-05-06T07:45:00+00:00,15647.7,15647.7,15632.5,15639.5,15647.4,15648,15647.4,15648,15632.3,15632.7,15639.2,15639.8,0.6,2573.500047
2026-05-06T07:50:00+00:00,15639.45,15640.7,15623.15,15624.7,15639.2,15639.7,15640.4,15641,15622.8,15623.5,15624.4,15625,0.6,2544.150047
2026-05-06T07:55:00+00:00,15624.5,15624.65,15573.15,15582.6,15624.2,15624.8,15624.3,15625,15572.6,15573.7,15582.1,15583.1,1,4656.970087
2026-05-06T08:00:00+00:00,15582.05,15628.1,15575.95,15623.45,15581.6,15582.5,15627.8,15628.4,15575.6,15576.3,15623,15623.9,0.9,4571.99009
2026-05-06T08:05:00+00:00,15623.5,15627.2,15616.4,15620.3,15623.2,15623.8,15626.8,15627.6,15616,15616.8,15620,15620.6,0.6,1888.770037
2026-05-06T08:10:00+00:00,15620.2,15624.35,15615.2,15621.95,15619.9,15620.5,15624,15624.7,15614.9,15615.5,15621.7,15622.2,0.5,1545.740032
2026-05-06T08:15:00+00:00,15622,15625.1,15617.1,15622.05,15621.7,15622.3,15624.9,15625.3,15616.8,15617.4,15621.7,15622.4,0.7,1757.800037
2026-05-06T08:20:00+00:00,15622.1,15629.1,15620.85,15627.8,15621.7,15622.5,15628.9,15629.3,15620.6,15621.1,15627.6,15628,0.4,1567.49003
2026-05-06T08:25:00+00:00,15627.95,15629.25,15621.25,15623.95,15627.6,15628.3,15629,15629.5,15621,15621.5,15623.7,15624.2,0.5,1786.500033
2026-05-06T08:30:00+00:00,15623.95,15624.85,15606.85,15609.85,15623.7,15624.2,15624.5,15625.2,15606.5,15607.2,15609.6,15610.1,0.5,2363.57004
2026-05-06T08:35:00+00:00,15610.35,15619.55,15608.85,15618.45,15610.2,15610.5,15619.2,15619.9,15608.5,15609.2,15618.2,15618.7,0.5,1880.540037
2026-05-06T08:40:00+00:00,15618.15,15619.2,15612.35,15615.4,15618.1,15618.2,15619,15619.4,15612.1,15612.6,15615.1,15615.7,0.6,1351.070026
2026-05-06T08:45:00+00:00,15615.6,15617.45,15608.7,15617.45,15615.3,15615.9,15617.2,15617.7,15608.5,15608.9,15617.2,15617.7,0.5,1289.280028
2026-05-06T08:50:00+00:00,15617.15,15617.15,15582,15595.7,15616.9,15617.4,15616.9,15617.4,15581.7,15582.3,15595.4,15596,0.6,8596.140165
2026-05-06T08:55:00+00:00,15595.55,15605.15,15589.1,15598.05,15595.4,15595.7,15604.9,15605.4,15588.7,15589.5,15597.8,15598.3,0.5,5305.190084
2026-05-06T09:00:00+00:00,15597.95,15609.15,15592.75,15608.9,15597.6,15598.3,15608.8,15609.5,15592.5,15593,15608.5,15609.3,0.8,3366.82006
2026-05-06T09:05:00+00:00,15609,15611.05,15604.2,15607.6,15608.6,15609.4,15610.8,15611.3,15603.9,15604.5,15607.2,15608,0.8,2420.62004
2026-05-06T09:10:00+00:00,15607.55,15608.45,15604.05,15604.9,15607.3,15607.8,15608.1,15608.8,15603.8,15604.3,15604.6,15605.2,0.6,2184.420039
2026-05-06T09:15:00+00:00,15604.5,15604.95,15595.55,15598.65,15604.2,15604.8,15604.7,15605.2,15595.2,15595.9,15598.4,15598.9,0.5,2614.740044
2026-05-06T09:20:00+00:00,15598.45,15607.7,15597.9,15605.2,15598.2,15598.7,15607.4,15608,15597.6,15598.2,15604.9,15605.5,0.6,2426.85004
2026-05-06T09:25:00+00:00,15605.4,15609.6,15605.2,15608.5,15605.1,15605.7,15609.3,15609.9,15604.9,15605.5,15608.2,15608.8,0.6,1544.490029
2026-05-06T09:30:00+00:00,15608.4,15609.1,15593.35,15603.5,15608.1,15608.7,15608.8,15609.4,15593.2,15593.5,15603.2,15603.8,0.6,2631.410045
2026-05-06T09:35:00+00:00,15603.45,15607.65,15597.8,15599,15603.1,15603.8,15607.5,15607.8,15597.5,15598.1,15598.7,15599.3,0.6,2178.450035
2026-05-06T09:40:00+00:00,15598.95,15601.7,15597.9,15600.3,15598.7,15599.2,15601.4,15602,15597.8,15598,15600.1,15600.5,0.4,1386.130024
2026-05-06T09:45:00+00:00,15600.35,15601.7,15591.9,15592.3,15600.2,15600.5,15601.3,15602.1,15591.7,15592.1,15592.1,15592.5,0.4,1609.390034
2026-05-06T09:50:00+00:00,15592.55,15601.5,15591.9,15592.95,15592.4,15592.7,15601.3,15601.7,15591.7,15592.1,15592.7,15593.2,0.5,1521.310027
2026-05-06T09:55:00+00:00,15593.15,15597.05,15592.05,15592.75,15592.9,15593.4,15596.8,15597.3,15591.9,15592.2,15592.6,15592.9,0.3,1586.70003
2026-05-06T10:00:00+00:00,15592.8,15594.75,15586.95,15590.7,15592.6,15593,15594.5,15595,15586.8,15587.1,15590.5,15590.9,0.4,2327.450048
2026-05-06T10:05:00+00:00,15591,15597.35,15589.45,15595.3,15590.7,15591.3,15597.2,15597.5,15589.3,15589.6,15595.1,15595.5,0.4,1759.690032
2026-05-06T10:10:00+00:00,15595.35,15600.75,15594.3,15600.5,15595.1,15595.6,15600.4,15601.1,15594.1,15594.5,15600.3,15600.7,0.4,1313.050023
2026-05-06T10:15:00+00:00,15600.6,15607,15600.5,15606.9,15600.4,15600.8,15606.8,15607.2,15600.3,15600.7,15606.7,15607.1,0.4,1466.150031
2026-05-06T10:20:00+00:00,15607.05,15612.45,15594.2,15594.35,15606.9,15607.2,15612.3,15612.6,15594,15594.4,15594.2,15594.5,0.3,2110.930043
2026-05-06T10:25:00+00:00,15594.4,15598.3,15592.4,15596.05,15594.2,15594.6,15598.2,15598.4,15592.3,15592.5,15595.9,15596.2,0.3,2704.240047
2026-05-06T10:30:00+00:00,15594.85,15597.05,15592.3,15594.15,15594.6,15595.1,15596.8,15597.3,15592.1,15592.5,15594,15594.3,0.3,3007.560034
2026-05-06T10:35:00+00:00,15594.1,15599,15592.5,15595.25,15593.9,15594.3,15598.8,15599.2,15592.3,15592.7,15595.1,15595.4,0.3,1336.790028
2026-05-06T10:40:00+00:00,15595.2,15595.2,15581.75,15583.35,15595,15595.4,15595,15595.4,15581.6,15581.9,15583.1,15583.6,0.5,2970.13006
2026-05-06T10:45:00+00:00,15583.4,15587.05,15574.5,15578.75,15583.2,15583.6,15586.8,15587.3,15574.2,15574.8,15578.5,15579,0.5,3026.370061
2026-05-06T10:50:00+00:00,15578.9,15578.9,15565,15567.7,15578.6,15579.2,15578.6,15579.2,15564.8,15565.2,15567.3,15568.1,0.8,3234.900067
2026-05-06T10:55:00+00:00,15567.8,15576.25,15561.6,15575.8,15567.4,15568.2,15576,15576.5,15561.3,15561.9,15575.5,15576.1,0.6,3494.630056
2026-05-06T11:00:00+00:00,15575.75,15580.8,15570.35,15580.4,15575.5,15576,15580.5,15581.1,15570,15570.7,15579.9,15580.9,1,3433.980069
2026-05-06T11:05:00+00:00,15580.25,15585.95,15575.2,15578.15,15579.9,15580.6,15585.6,15586.3,15575,15575.4,15577.8,15578.5,0.7,3017.240067
2026-05-06T11:10:00+00:00,15578.2,15593.5,15578.2,15593.5,15577.8,15578.6,15593.2,15593.8,15577.8,15578.6,15593.2,15593.8,0.6,3301.890059
2026-05-06T11:15:00+00:00,15593.45,15595.1,15587.15,15587.95,15593.1,15593.8,15594.8,15595.4,15586.8,15587.5,15587.6,15588.3,0.7,2807.150054
2026-05-06T11:20:00+00:00,15588,15594.15,15587.85,15593.4,15587.6,15588.4,15593.9,15594.4,15587.6,15588.1,15593.2,15593.6,0.4,1924.640037
2026-05-06T11:25:00+00:00,15593.25,15593.25,15585.35,15592.7,15592.9,15593.6,15592.9,15593.6,15585,15585.7,15592.4,15593,0.6,2220.790035
2026-05-06T11:30:00+00:00,15592.6,15593.35,15588.95,15590.6,15592.3,15592.9,15593.1,15593.6,15588.7,15589.2,15590.3,15590.9,0.6,2379.850043
2026-05-06T11:35:00+00:00,15590.55,15592.4,15588.2,15592.05,15590.2,15590.9,15592.1,15592.7,15587.9,15588.5,15591.8,15592.3,0.5,1595.200029
2026-05-06T11:40:00+00:00,15591.95,15610.6,15590.1,15608.1,15591.7,15592.2,15610.3,15610.9,15590,15590.2,15607.8,15608.4,0.6,4630.520075
2026-05-06T11:45:00+00:00,15607.95,15610.8,15603.35,15606.5,15607.8,15608.1,15610.5,15611.1,15603.1,15603.6,15606.2,15606.8,0.6,3375.890056
2026-05-06T11:50:00+00:00,15606.85,15607.7,15602.8,15607.65,15606.7,15607,15607.5,15607.9,15602.6,15603,15607.5,15607.8,0.3,2493.040051
2026-05-06T11:55:00+00:00,15607.6,15610.15,15605.55,15608.65,15607.4,15607.8,15609.9,15610.4,15605.3,15605.8,15608.4,15608.9,0.5,1747.810026
2026-05-06T12:00:00+00:00,15608.75,15618.4,15608.75,15615.9,15608.5,15609,15618.2,15618.6,15608.5,15609,15615.6,15616.2,0.6,2046.440038
2026-05-06T12:05:00+00:00,15615.9,15621.15,15613.45,15621,15615.6,15616.2,15620.9,15621.4,15613.2,15613.7,15620.8,15621.2,0.4,1938.910036
2026-05-06T12:10:00+00:00,15621.4,15630.75,15621.4,15627.8,15621.2,15621.6,15630.6,15630.9,15621.2,15621.6,15626.7,15628.9,2.2,2374.470046
2026-05-06T12:15:00+00:00,15627.85,15629.75,15620.5,15622.3,15626.8,15628.9,15629.7,15629.8,15620.2,15620.8,15622,15622.6,0.6,3673.630067
2026-05-06T12:20:00+00:00,15622.25,15623.7,15613.65,15615.05,15622.1,15622.4,15623.4,15624,15613.4,15613.9,15614.8,15615.3,0.5,3050.660045
2026-05-06T12:25:00+00:00,15615,15620.45,15611.3,15618.4,15614.7,15615.3,15620.3,15620.6,15611.1,15611.5,15618.2,15618.6,0.4,2197.430035
2026-05-06T12:30:00+00:00,15618.35,15618.85,15612.1,15615.65,15618.2,15618.5,15618.4,15619.3,15612,15612.2,15615.4,15615.9,0.5,1639.260029
2026-05-06T12:35:00+00:00,15615.7,15618.3,15613.35,15616,15615.5,15615.9,15618.1,15618.5,15613.2,15613.5,15615.8,15616.2,0.4,1342.420028
2026-05-06T12:40:00+00:00,15616.1,15618.55,15612.45,15613.4,15615.9,15616.3,15618.4,15618.7,15612.1,15612.8,15613.2,15613.6,0.4,1916.550035
2026-05-06T12:45:00+00:00,15613.5,15618.4,15613.45,15615.75,15613.3,15613.7,15618.1,15618.7,15613.2,15613.7,15615.5,15616,0.5,1250.360023
2026-05-06T12:50:00+00:00,15615.65,15619.3,15612.85,15618.3,15615.3,15616,15619,15619.6,15612.6,15613.1,15618,15618.6,0.6,1611.660031
2026-05-06T12:55:00+00:00,15618.15,15628.8,15618.1,15628.3,15617.9,15618.4,15628.5,15629.1,15617.9,15618.3,15627.9,15628.7,0.8,1911.800037
2026-05-06T13:00:00+00:00,15628.6,15631.8,15616.25,15623.7,15628.4,15628.8,15631.4,15632.2,15615.9,15616.6,15623.4,15624,0.6,2899.720041
2026-05-06T13:05:00+00:00,15623.8,15631.3,15621.4,15629.2,15623.5,15624.1,15631.1,15631.5,15621,15621.8,15629,15629.4,0.4,4033.59007
2026-05-06T13:10:00+00:00,15629.15,15629.55,15624.2,15625.95,15629,15629.3,15629.3,15629.8,15624.1,15624.3,15625.7,15626.2,0.5,2314.690043
2026-05-06T13:15:00+00:00,15626,15626.85,15619.55,15623.6,15625.8,15626.2,15626.7,15627,15619.3,15619.8,15623.3,15623.9,0.6,1821.910027
2026-05-06T13:20:00+00:00,15624,15625.95,15620.65,15624.7,15623.9,15624.1,15625.8,15626.1,15620.4,15620.9,15624.4,15625,0.6,1943.470037
2026-05-06T13:25:00+00:00,15624.85,15627.3,15621.9,15624.05,15624.6,15625.1,15627.1,15627.5,15621.6,15622.2,15623.8,15624.3,0.5,1431.920025
2026-05-06T13:30:00+00:00,15624.15,15624.65,15613.75,15613.85,15623.9,15624.4,15624.4,15624.9,15613.4,15614.1,15613.6,15614.1,0.5,2584.660049
2026-05-06T13:35:00+00:00,15613.95,15615.1,15608.7,15612.95,15613.7,15614.2,15614.8,15615.4,15608.4,15609,15612.7,15613.2,0.5,2454.630039
2026-05-06T13:40:00+00:00,15613.05,15613.75,15609.9,15613.75,15612.8,15613.3,15613.5,15614,15609.6,15610.2,15613.5,15614,0.5,1623.650032
2026-05-06T13:45:00+00:00,15613.65,15614.2,15605.7,15606.6,15613.4,15613.9,15614,15614.4,15605.4,15606,15606.3,15606.9,0.6,1388.640023
2026-05-06T13:50:00+00:00,15606.7,15616.7,15606.6,15613.45,15606.4,15607,15616.6,15616.8,15606.2,15607,15613.3,15613.6,0.3,2490.260044
2026-05-06T13:55:00+00:00,15613.5,15617.2,15610.1,15611.8,15613.4,15613.6,15616.9,15617.5,15609.9,15610.3,15611.7,15611.9,0.2,2114.910033
2026-05-06T14:00:00+00:00,15611.95,15616,15611.7,15614.25,15611.8,15612.1,15615.7,15616.3,15611.4,15612,15614,15614.5,0.5,1753.440031
2026-05-06T14:05:00+00:00,15614.35,15623.85,15613.4,15616.55,15614,15614.7,15623.6,15624.1,15613.3,15613.5,15616.3,15616.8,0.5,2281.670032
2026-05-06T14:10:00+00:00,15616.65,15621,15614.95,15620.7,15616.4,15616.9,15620.8,15621.2,15614.7,15615.2,15620.5,15620.9,0.4,1877.150041
2026-05-06T14:15:00+00:00,15620.8,15622.35,15617.05,15617.85,15620.6,15621,15622.1,15622.6,15616.8,15617.3,15617.7,15618,0.3,1870.51003
2026-05-06T14:20:00+00:00,15617.9,15618.7,15613.5,15614.9,15617.7,15618.1,15618.4,15619,15613.3,15613.7,15614.7,15615.1,0.4,1554.560028
2026-05-06T14:25:00+00:00,15614.95,15622.3,15614.15,15621.05,15614.8,15615.1,15622.1,15622.5,15613.9,15614.4,15620.8,15621.3,0.5,1644.780028
2026-05-06T14:30:00+00:00,15621,15621.35,15617.45,15619.35,15620.8,15621.2,15621.2,15621.5,15617.2,15617.7,15619.1,15619.6,0.5,1869.670029
2026-05-06T14:35:00+00:00,15619.3,15620.8,15616.15,15617.4,15619,15619.6,15620.5,15621.1,15615.9,15616.4,15617.1,15617.7,0.6,1650.900025
2026-05-06T14:40:00+00:00,15617.35,15621.3,15608.8,15609,15617.2,15617.5,15621.1,15621.5,15608.5,15609.1,15608.8,15609.2,0.4,2565.800041
2026-05-06T14:45:00+00:00,15608.95,15614.9,15605,15612.25,15608.8,15609.1,15614.7,15615.1,15604.7,15605.3,15611.9,15612.6,0.7,2504.310041
2026-05-06T14:50:00+00:00,15612.2,15623.1,15612.1,15622.2,15612,15612.4,15622.8,15623.4,15611.9,15612.3,15622,15622.4,0.4,2456.220043
2026-05-06T14:55:00+00:00,15622.25,15629.7,15619.45,15628.2,15622,15622.5,15629.4,15630,15619.1,15619.8,15627.9,15628.5,0.6,2387.990034
2026-05-06T15:00:00+00:00,15628.4,15633,15628.05,15629.6,15628.1,15628.7,15632.7,15633.3,15627.8,15628.3,15629.3,15629.9,0.6,2375.280042
2026-05-06T15:05:00+00:00,15629.55,15643.5,15629.3,15640.7,15629.2,15629.9,15643.2,15643.8,15629,15629.6,15640.4,15641,0.6,2119.100034
2026-05-06T15:10:00+00:00,15640.75,15645.85,15639.2,15640.3,15640.5,15641,15645.7,15646,15638.8,15639.6,15640,15640.6,0.6,2332.650045
2026-05-06T15:15:00+00:00,15640.3,15641.6,15635.05,15639.15,15640.1,15640.5,15641.3,15641.9,15634.7,15635.4,15639,15639.3,0.3,1209.200022
2026-05-06T15:20:00+00:00,15639.15,15639.15,15630.8,15631,15639,15639.3,15639,15639.3,15630.5,15631.1,15630.8,15631.2,0.4,1490.100027
2026-05-06T15:25:00+00:00,15630.95,15634.15,15629.15,15631.05,15630.8,15631.1,15633.8,15634.5,15628.9,15629.4,15630.8,15631.3,0.5,1094.110017
2026-05-06T15:30:00+00:00,15630.75,15630.9,15627.15,15628.65,15630.5,15631,15630.6,15631.2,15626.9,15627.4,15628.4,15628.9,0.5,1425.220022
2026-05-06T15:35:00+00:00,15628.5,15633.55,15628.4,15631.85,15628.3,15628.7,15633.4,15633.7,15628.2,15628.6,15631.6,15632.1,0.5,1553.020025
2026-05-06T15:40:00+00:00,15631.95,15638,15630.8,15635.1,15631.7,15632.2,15637.8,15638.2,15630.6,15631,15634.7,15635.5,0.8,1406.210027
2026-05-06T15:45:00+00:00,15635,15636.55,15632.65,15633.4,15634.6,15635.4,15636.3,15636.8,15632.4,15632.9,15633.1,15633.7,0.6,1210.960018
2026-05-06T15:50:00+00:00,15633.35,15641.1,15632.45,15640.95,15633,15633.7,15640.9,15641.3,15632.2,15632.7,15640.7,15641.2,0.5,2256.510046
2026-05-06T15:55:00+00:00,15640.9,15644.2,15639.15,15643.9,15640.6,15641.2,15644,15644.4,15638.9,15639.4,15643.7,15644.1,0.4,1109.23002
2026-05-06T16:00:00+00:00,15643.95,15648.85,15643.9,15648.5,15643.8,15644.1,15648.6,15649.1,15643.7,15644.1,15648.3,15648.7,0.4,1211.900029
2026-05-06T16:05:00+00:00,15648.45,15648.9,15645.2,15646,15648.3,15648.6,15648.6,15649.2,15645,15645.4,15645.8,15646.2,0.4,1272.230026
2026-05-06T16:10:00+00:00,15646.05,15646.35,15641.55,15644.1,15645.8,15646.3,15646.1,15646.6,15641.2,15641.9,15643.8,15644.4,0.6,1010.490023
2026-05-06T16:15:00+00:00,15644.3,15646.5,15642.75,15644.95,15644,15644.6,15646.3,15646.7,15642.5,15643,15644.8,15645.1,0.3,896.0600208
2026-05-06T16:20:00+00:00,15645.05,15645.15,15640.25,15644.2,15644.8,15645.3,15644.9,15645.4,15639.8,15640.7,15643.9,15644.5,0.6,929.2500182
2026-05-06T16:25:00+00:00,15644.25,15645.55,15642.8,15644.65,15643.9,15644.6,15645.3,15645.8,15642.5,15643.1,15644.3,15645,0.7,970.4800174
2026-05-06T16:30:00+00:00,15644.8,15647.25,15641.85,15644.9,15644.6,15645,15647,15647.5,15641.6,15642.1,15644.7,15645.1,0.4,1149.410021
2026-05-06T16:35:00+00:00,15645.05,15647.5,15644,15644.1,15644.9,15645.2,15647.2,15647.8,15643.8,15644.2,15643.8,15644.4,0.6,860.2700174
2026-05-06T16:40:00+00:00,15644.1,15645.35,15643.05,15645,15643.8,15644.4,15645.1,15645.6,15642.8,15643.3,15644.8,15645.2,0.4,747.9300119
2026-05-06T16:45:00+00:00,15645.05,15646.35,15643.4,15644.35,15644.9,15645.2,15646.1,15646.6,15643.2,15643.6,15644.1,15644.6,0.5,721.2800112
2026-05-06T16:50:00+00:00,15644.3,15647.15,15644.15,15644.95,15644,15644.6,15646.9,15647.4,15643.9,15644.4,15644.8,15645.1,0.3,770.4500142
2026-05-06T16:55:00+00:00,15645,15646.15,15636.65,15643,15644.8,15645.2,15645.9,15646.4,15636.4,15636.9,15642.8,15643.2,0.4,2384.88004
2026-05-06T17:00:00+00:00,15643.4,15646.3,15635.65,15638.05,15643.2,15643.6,15646,15646.6,15635.4,15635.9,15637.8,15638.3,0.5,1630.370034
2026-05-06T17:05:00+00:00,15638.1,15639.45,15635.8,15639.2,15637.9,15638.3,15639.2,15639.7,15635.6,15636,15639,15639.4,0.4,1351.950029
2026-05-06T17:10:00+00:00,15639.35,15642.05,15638.05,15641.8,15639.1,15639.6,15641.7,15642.4,15637.8,15638.3,15641.5,15642.1,0.6,600.2600125
2026-05-06T17:15:00+00:00,15641.65,15644.3,15641.5,15642.85,15641.3,15642,15644,15644.6,15641.3,15641.7,15642.6,15643.1,0.5,576.430011
2026-05-06T17:20:00+00:00,15642.75,15643.1,15640.5,15640.5,15642.6,15642.9,15642.8,15643.4,15640.3,15640.7,15640.3,15640.7,0.4,760.370013
2026-05-06T17:25:00+00:00,15640.6,15641.7,15638.35,15641.65,15640.3,15640.9,15641.4,15642,15638.1,15638.6,15641.4,15641.9,0.5,1086.590018
2026-05-06T17:30:00+00:00,15641.55,15645.9,15639.8,15645.7,15641.3,15641.8,15645.6,15646.2,15639.5,15640.1,15645.4,15646,0.6,818.5700147
2026-05-06T17:35:00+00:00,15645.8,15650.15,15645.8,15649.5,15645.5,15646.1,15649.9,15650.4,15645.5,15646.1,15649.3,15649.7,0.4,956.9500165
2026-05-06T17:40:00+00:00,15649.45,15649.95,15646.8,15648.5,15649.2,15649.7,15649.7,15650.2,15646.5,15647.1,15648.2,15648.8,0.6,840.7800188
2026-05-06T17:45:00+00:00,15648.3,15649.9,15647.3,15649.7,15648.1,15648.5,15649.7,15650.1,15647.1,15647.5,15649.4,15650,0.6,893.860016
2026-05-06T17:50:00+00:00,15649.65,15651.55,15648.7,15649.6,15649.4,15649.9,15651.4,15651.7,15648.6,15648.8,15649.3,15649.9,0.6,545.870015
2026-05-06T17:55:00+00:00,15649.65,15650.9,15648.85,15648.95,15649.5,15649.8,15650.7,15651.1,15648.6,15649.1,15648.7,15649.2,0.5,680.97001
2026-05-06T18:00:00+00:00,15648.9,15649,15646.55,15647.7,15648.6,15649.2,15648.8,15649.2,15646.3,15646.8,15647.5,15647.9,0.4,617.4000094
2026-05-06T18:05:00+00:00,15647.65,15647.7,15642.2,15645,15647.5,15647.8,15647.5,15647.9,15641.9,15642.5,15644.7,15645.3,0.6,847.1700161
2026-05-06T18:10:00+00:00,15645.15,15646.15,15642.05,15645.75,15644.9,15645.4,15645.8,15646.5,15641.8,15642.3,15645.5,15646,0.5,1117.430018
2026-05-06T18:15:00+00:00,15645.6,15645.9,15638.95,15639.5,15645.4,15645.8,15645.6,15646.2,15638.7,15639.2,15639.2,15639.8,0.6,652.4700089
2026-05-06T18:20:00+00:00,15639.25,15646.85,15638,15646.5,15639,15639.5,15646.6,15647.1,15637.7,15638.3,15646.3,15646.7,0.4,832.2300162
2026-05-06T18:25:00+00:00,15646.45,15647.45,15644.3,15646.65,15646.3,15646.6,15647.2,15647.7,15644,15644.6,15646.4,15646.9,0.5,872.8500147
2026-05-06T18:30:00+00:00,15646.6,15647.9,15644.3,15646.4,15646.4,15646.8,15647.7,15648.1,15644,15644.6,15646.1,15646.7,0.6,967.5500152
2026-05-06T18:35:00+00:00,15646.55,15647.25,15644.9,15645.15,15646.3,15646.8,15647,15647.5,15644.7,15645.1,15644.9,15645.4,0.5,487.5000051
2026-05-06T18:40:00+00:00,15645.05,15646.85,15644.05,15645.35,15644.8,15645.3,15646.8,15646.9,15643.8,15644.3,15645.1,15645.6,0.5,511.2200111
2026-05-06T18:45:00+00:00,15645.45,15645.45,15643.05,15643.1,15645.2,15645.7,15645.2,15645.7,15642.8,15643.3,15642.9,15643.3,0.4,309.0000044
2026-05-06T18:50:00+00:00,15643.95,15645.35,15638.65,15640.4,15643.8,15644.1,15645.1,15645.6,15638.3,15639,15640.2,15640.6,0.4,740.5500125
2026-05-06T18:55:00+00:00,15640.35,15641.15,15635.85,15640.3,15640.1,15640.6,15640.9,15641.4,15635.6,15636.1,15640.1,15640.5,0.4,1257.42002
2026-05-06T19:00:00+00:00,15640.55,15642.05,15637.75,15638.05,15640.3,15640.8,15641.8,15642.3,15637.5,15638,15637.8,15638.3,0.5,1324.390021
2026-05-06T19:05:00+00:00,15638.25,15643.9,15637.85,15638.5,15638,15638.5,15643.7,15644.1,15637.6,15638.1,15638.2,15638.8,0.6,934.8900169
2026-05-06T19:10:00+00:00,15638.45,15639.65,15637,15638.05,15638.2,15638.7,15639.4,15639.9,15636.7,15637.3,15637.8,15638.3,0.5,974.0700147
2026-05-06T19:15:00+00:00,15638.2,15638.45,15636.25,15638,15638,15638.4,15638.3,15638.6,15636,15636.5,15637.7,15638.3,0.6,677.7900103
2026-05-06T19:20:00+00:00,15637.95,15638.35,15635.25,15635.25,15637.7,15638.2,15638.1,15638.6,15635,15635.5,15635,15635.5,0.5,727.1800114
2026-05-06T19:25:00+00:00,15635.3,15639.15,15635.3,15639.15,15635.1,15635.5,15638.9,15639.4,15635.1,15635.5,15638.9,15639.4,0.5,526.2000061
2026-05-06T19:30:00+00:00,15639.25,15643.45,15638.3,15639.05,15639,15639.5,15643.2,15643.7,15638,15638.6,15638.8,15639.3,0.5,696.1300112
2026-05-06T19:35:00+00:00,15639.15,15640.35,15637.75,15637.9,15638.9,15639.4,15640.1,15640.6,15637.5,15638,15637.7,15638.1,0.4,512.5800072
2026-05-06T19:40:00+00:00,15637.95,15641.85,15637.2,15641.7,15637.7,15638.2,15641.6,15642.1,15636.9,15637.5,15641.5,15641.9,0.4,565.3500071
2026-05-06T19:45:00+00:00,15641.75,15642.3,15640.45,15641.65,15641.5,15642,15642,15642.6,15640.3,15640.6,15641.4,15641.9,0.5,689.6400142
2026-05-06T19:50:00+00:00,15641.55,15641.55,15638.35,15639.45,15641.2,15641.9,15641.2,15641.9,15638.1,15638.6,15639.2,15639.7,0.5,848.2200102
2026-05-06T19:55:00+00:00,15639.25,15642,15637.15,15642,15639,15639.5,15641.8,15642.2,15636.9,15637.4,15641.8,15642.2,0.4,1041.05002
2026-05-06T20:00:00+00:00,15641.8,15645.7,15636.3,15640.05,15641.6,15642,15645.5,15645.9,15636,15636.6,15639.7,15640.4,0.7,1226.010026
2026-05-06T20:05:00+00:00,15640.2,15641.4,15638.35,15639.4,15640,15640.4,15641,15641.8,15638.1,15638.6,15639.1,15639.7,0.6,1099.670022
2026-05-06T20:10:00+00:00,15639.15,15639.3,15629.65,15635.15,15638.9,15639.4,15639,15639.6,15629.2,15630.1,15634.7,15635.6,0.9,1122.11002
2026-05-06T20:15:00+00:00,15635.25,15638.35,15633.65,15637.6,15634.8,15635.7,15638,15638.7,15633.3,15634,15637.2,15638,0.8,957.1500212
2026-05-06T20:20:00+00:00,15637.45,15638.1,15634.25,15634.5,15637,15637.9,15637.8,15638.4,15633.9,15634.6,15634.2,15634.8,0.6,550.3500106
2026-05-06T20:25:00+00:00,15633.8,15637.55,15631.3,15635.95,15633.7,15633.9,15637.2,15637.9,15631,15631.6,15635.6,15636.3,0.7,686.7900139
2026-05-06T20:30:00+00:00,15636,15639.6,15635.6,15638.95,15635.7,15636.3,15639.3,15639.9,15635.2,15636,15638.6,15639.3,0.7,407.7000127
2026-05-06T20:35:00+00:00,15639,15640.3,15636.85,15637.5,15638.5,15639.5,15639.9,15640.7,15636.5,15637.2,15637.1,15637.9,0.8,365.6700072
2026-05-06T20:40:00+00:00,15637.35,15642.35,15637.15,15642.25,15636.9,15637.8,15642,15642.7,15636.8,15637.5,15642,15642.5,0.5,479.7000114
2026-05-06T20:45:00+00:00,15642.45,15643.15,15641.6,15641.65,15642.1,15642.8,15642.7,15643.6,15641.1,15642.1,15641.1,15642.2,1.1,355.2000096
2026-05-06T20:50:00+00:00,15641.6,15642.6,15638.5,15638.7,15641,15642.2,15642.1,15643.1,15638,15639,15638.1,15639.3,1.2,784.6500142
2026-05-06T20:55:00+00:00,15638.65,15641.7,15636.95,15638.35,15638,15639.3,15639.9,15643.5,15635.4,15638.5,15635.4,15641.3,5.9,707.5500127
2026-05-06T21:00:00+00:00,15638.9,15638.9,15637.05,15637.05,15632.3,15645.5,15632.3,15645.5,15629.6,15644.5,15629.6,15644.5,14.9,3.180000007
2026-05-06T21:05:00+00:00,15637,15637.2,15627.05,15631.9,15630.5,15643.5,15630.7,15643.7,15623.7,15630.4,15627,15636.8,9.8,169.3600023
2026-05-06T21:10:00+00:00,15631.85,15631.95,15631.1,15631.1,15627,15636.7,15627.1,15636.8,15626.3,15635.9,15626.3,15635.9,9.6,31.20000124
2026-05-06T21:15:00+00:00,15631.05,15634.2,15629.85,15634.2,15626.2,15635.9,15630.7,15637.7,15625.5,15634.2,15630.7,15637.7,7,92.37000102
2026-05-06T21:20:00+00:00,15634.25,15634.6,15631.5,15632.4,15630.6,15637.9,15630.7,15638.5,15627.5,15635.5,15629.2,15635.6,6.4,54.75000083
2026-05-06T21:25:00+00:00,15631.45,15633.35,15631.25,15632.4,15627.1,15635.8,15630.8,15635.9,15627.1,15635.4,15629.2,15635.6,6.4,56.10000086
2026-05-06T21:30:00+00:00,15632.3,15633.35,15630.5,15632.8,15629.3,15635.3,15630.6,15636.1,15627.5,15633.5,15630.6,15635,4.4,40.20000029
2026-05-06T21:35:00+00:00,15632.95,15634.55,15631,15631.9,15628.2,15637.7,15630.6,15638.5,15627.5,15634.5,15628.5,15635.3,6.8,61.20000124
2026-05-06T21:40:00+00:00,15631.6,15633.35,15631.15,15632.35,15628.1,15635.1,15630.9,15635.8,15627.8,15634.5,15629.9,15634.8,4.9,181.9500006
2026-05-06T21:45:00+00:00,15632.45,15632.75,15631.95,15632.25,15630.1,15634.8,15630.7,15634.8,15629.8,15634.1,15629.9,15634.6,4.7,130.2000039
2026-05-06T21:50:00+00:00,15632.2,15633.3,15631.65,15631.8,15629.9,15634.5,15631.7,15634.9,15629.8,15633.5,15629.9,15633.7,3.8,151.9500015
2026-05-06T21:55:00+00:00,15632.1,15632.8,15624.4,15625.3,15630.5,15633.7,15630.7,15634.9,15622.5,15626.3,15623.8,15626.8,3,166.800002
2026-05-06T22:00:00+00:00,15625.45,15633.35,15624.1,15632.7,15623.8,15627.1,15632.6,15634.1,15621.9,15626.3,15632.2,15633.2,1,323.0699944
2026-05-06T22:05:00+00:00,15632.65,15636.3,15632.65,15636.3,15632.1,15633.2,15635.9,15636.7,15632.1,15633.2,15635.9,15636.7,0.8,207.1800067
2026-05-06T22:10:00+00:00,15636.25,15636.6,15631.6,15631.6,15635.9,15636.6,15636.2,15637,15631.2,15632,15631.2,15632,0.8,164.1900051
2026-05-06T22:15:00+00:00,15631.7,15634.5,15631.7,15632.75,15631.3,15632.1,15634,15635,15631.3,15632.1,15632.4,15633.1,0.7,90.1500026
2026-05-06T22:20:00+00:00,15632.8,15633.25,15631.55,15631.7,15632.5,15633.1,15632.8,15633.7,15631.1,15632,15631.3,15632.1,0.8,74.55000293
2026-05-06T22:25:00+00:00,15631.8,15637.35,15631.8,15636.85,15631.4,15632.2,15636.9,15637.8,15631.4,15632.2,15636.5,15637.2,0.7,118.8000039
2026-05-06T22:30:00+00:00,15636.8,15638.25,15635.2,15635.5,15636.4,15637.2,15637.9,15638.6,15634.8,15635.6,15635.1,15635.9,0.8,204.9900038
2026-05-06T22:35:00+00:00,15634.55,15636.2,15633.9,15635.4,15634.5,15634.6,15635.8,15636.6,15633.5,15634.3,15635,15635.8,0.8,895.0500234
2026-05-06T22:40:00+00:00,15635.45,15636.7,15632.8,15632.9,15635.1,15635.8,15636.3,15637.1,15632.4,15633.2,15632.5,15633.3,0.8,435.9000074
2026-05-06T22:45:00+00:00,15632.95,15634.25,15631.3,15632.9,15632.5,15633.4,15633.8,15634.7,15631.1,15631.5,15632.5,15633.3,0.8,262.1900061
2026-05-06T22:50:00+00:00,15632.95,15635.65,15632.85,15634.55,15632.5,15633.4,15635.2,15636.1,15632.4,15633.3,15634.1,15635,0.9,280.200006
2026-05-06T22:55:00+00:00,15634.45,15635.5,15633,15634.05,15634.1,15634.8,15635.1,15635.9,15632.6,15633.4,15633.6,15634.5,0.9,195.4500034
2026-05-06T23:00:00+00:00,15634.2,15634.2,15628.9,15630.55,15633.6,15634.8,15633.6,15634.8,15628.6,15629.2,15630.3,15630.8,0.5,570.8800148
2026-05-06T23:05:00+00:00,15630.6,15634.1,15628.1,15634.1,15630.4,15630.8,15633.8,15634.4,15627.8,15628.4,15633.8,15634.4,0.6,237.1500055
2026-05-06T23:10:00+00:00,15634.2,15639.85,15634.2,15638.8,15633.9,15634.5,15639.5,15640.2,15633.9,15634.5,15638.6,15639,0.4,315.7200063
2026-05-06T23:15:00+00:00,15639.05,15641.9,15637.3,15641.75,15638.8,15639.3,15641.6,15642.2,15637,15637.6,15641.4,15642.1,0.7,222.490006
2026-05-06T23:20:00+00:00,15641.8,15644.75,15641.75,15642.9,15641.5,15642.1,15644.5,15645,15641.4,15642.1,15642.6,15643.2,0.6,310.6900042
2026-05-06T23:25:00+00:00,15642.85,15644.25,15642.7,15642.7,15642.6,15643.1,15644,15644.5,15642.5,15642.9,15642.5,15642.9,0.4,139.2400032
2026-05-06T23:30:00+00:00,15642.5,15644.3,15641.15,15641.55,15642.1,15642.9,15643.9,15644.7,15640.9,15641.4,15641.3,15641.8,0.5,358.0500097
2026-05-06T23:35:00+00:00,15641.45,15642.95,15641.15,15642.5,15641.2,15641.7,15642.7,15643.2,15640.9,15641.4,15642.2,15642.8,0.6,141.300004
2026-05-06T23:40:00+00:00,15642.5,15643.85,15642.35,15642.7,15642.2,15642.8,15643.5,15644.2,15642,15642.7,15642.5,15642.9,0.4,135.7500033
2026-05-06T23:45:00+00:00,15642.4,15644.15,15640.95,15642.5,15642,15642.8,15643.9,15644.4,15640.6,15641.3,15641.9,15643.1,1.2,580.4900143
2026-05-06T23:50:00+00:00,15642.45,15647.7,15642.4,15647.4,15641.9,15643,15647.5,15647.9,15641.9,15642.9,15647.1,15647.7,0.6,613.5700092
2026-05-06T23:55:00+00:00,15647.35,15652.65,15646.15,15652.3,15647,15647.7,15652.4,15652.9,15645.8,15646.5,15652,15652.6,0.6,964.3800148
2026-05-07T00:00:00+00:00,15652.5,15652.75,15637.55,15643.75,15652.2,15652.8,15652.5,15653,15637.3,15637.8,15643.3,15644.2,0.9,2750.670032
2026-05-07T00:05:00+00:00,15643.7,15645.6,15638.45,15639.8,15643.4,15644,15645.3,15645.9,15638.2,15638.7,15639.5,15640.1,0.6,1917.550029
2026-05-07T00:10:00+00:00,15639.9,15642.15,15623.15,15623.3,15639.5,15640.3,15641.9,15642.4,15622.9,15623.4,15622.9,15623.7,0.8,2939.290043
2026-05-07T00:15:00+00:00,15623.35,15638.4,15621.95,15635.5,15623,15623.7,15638.2,15638.6,15621.7,15622.2,15635.2,15635.8,0.6,2302.500035
2026-05-07T00:20:00+00:00,15635.45,15642.5,15634.3,15642.1,15635.2,15635.7,15642.2,15642.8,15634.1,15634.5,15641.8,15642.4,0.6,1160.380027
2026-05-07T00:25:00+00:00,15642.15,15645.9,15641.25,15643.15,15641.8,15642.5,15645.5,15646.3,15641,15641.5,15642.9,15643.4,0.5,1829.950036
2026-05-07T00:30:00+00:00,15643.1,15645.7,15639.6,15643.8,15642.8,15643.4,15645.4,15646,15639.3,15639.9,15643.5,15644.1,0.6,1495.300032
2026-05-07T00:35:00+00:00,15643.85,15644.65,15640.3,15640.95,15643.6,15644.1,15644.4,15644.9,15640,15640.6,15640.5,15641.4,0.9,965.710013
2026-05-07T00:40:00+00:00,15640.9,15649.45,15638.4,15645.25,15640.6,15641.2,15649.1,15649.8,15638.3,15638.5,15644.9,15645.6,0.7,1376.280016
2026-05-07T00:45:00+00:00,15645.2,15648.4,15639.1,15639.85,15644.9,15645.5,15648.1,15648.7,15638.7,15639.5,15639.5,15640.2,0.7,1156.480014
2026-05-07T00:50:00+00:00,15639.75,15641.3,15629.4,15631.5,15639.5,15640,15640.9,15641.7,15629.1,15629.7,15631.2,15631.8,0.6,2999.600047
2026-05-07T00:55:00+00:00,15631.75,15637.55,15631.15,15632.35,15631.6,15631.9,15637.2,15637.9,15630.9,15631.4,15632.1,15632.6,0.5,2022.610033
2026-05-07T01:00:00+00:00,15632.2,15635.5,15628.3,15631.35,15631.9,15632.5,15635.2,15635.8,15628.1,15628.5,15631.1,15631.6,0.5,2034.690035
2026-05-07T01:05:00+00:00,15631.45,15635.2,15627.95,15629,15631.2,15631.7,15634.9,15635.5,15627.7,15628.2,15628.7,15629.3,0.6,1220.350022
2026-05-07T01:10:00+00:00,15628.95,15628.95,15610.05,15614.45,15628.7,15629.2,15628.7,15629.2,15609.8,15610.3,15614.1,15614.8,0.7,2362.650033
2026-05-07T01:15:00+00:00,15614.35,15619.2,15612.55,15615.25,15613.9,15614.8,15619,15619.4,15612.2,15612.9,15614.9,15615.6,0.7,2027.040034
2026-05-07T01:20:00+00:00,15615.35,15618.8,15613.35,15615.4,15615,15615.7,15618.6,15619,15613.1,15613.6,15615.1,15615.7,0.6,1157.350025
2026-05-07T01:25:00+00:00,15615.15,15617.05,15614.2,15615.6,15614.9,15615.4,15616.8,15617.3,15613.9,15614.5,15615.3,15615.9,0.6,1109.92002
2026-05-07T01:30:00+00:00,15615.55,15618.55,15606.95,15607.1,15615.2,15615.9,15618.2,15618.9,15606.7,15607.2,15606.9,15607.3,0.4,1645.590031
2026-05-07T01:35:00+00:00,15607.15,15612.45,15606.85,15608.5,15606.9,15607.4,15612.1,15612.8,15606.5,15607.2,15608.2,15608.8,0.6,1374.250018
2026-05-07T01:40:00+00:00,15608.45,15608.5,15602.2,15604.5,15608.2,15608.7,15608.2,15608.8,15601.9,15602.5,15604.2,15604.8,0.6,1262.160019
2026-05-07T01:45:00+00:00,15604.55,15614.6,15603.9,15613.2,15604.3,15604.8,15614.2,15615,15603.6,15604.2,15612.9,15613.5,0.6,1361.000021
2026-05-07T01:50:00+00:00,15613.15,15613.2,15608.25,15612.1,15612.9,15613.4,15612.9,15613.5,15608,15608.5,15611.7,15612.5,0.8,940.7800207
2026-05-07T01:55:00+00:00,15612.05,15622.65,15611.8,15622,15611.7,15612.4,15622.4,15622.9,15611.4,15612.2,15621.6,15622.4,0.8,1396.110029
2026-05-07T02:00:00+00:00,15622.2,15622.6,15615.3,15621.95,15621.9,15622.5,15622.3,15622.9,15615,15615.6,15621.5,15622.4,0.9,1302.450024
2026-05-07T02:05:00+00:00,15622.1,15624.75,15621.55,15624,15621.7,15622.5,15624.4,15625.1,15621.4,15621.7,15623.8,15624.2,0.4,916.3300139
2026-05-07T02:10:00+00:00,15624.15,15626.7,15622.9,15624.85,15623.9,15624.4,15626.3,15627.1,15622.6,15623.2,15624.6,15625.1,0.5,1007.540013
2026-05-07T02:15:00+00:00,15624.9,15628.45,15622.65,15626.25,15624.7,15625.1,15628.2,15628.7,15622.2,15623.1,15626,15626.5,0.5,739.560014
2026-05-07T02:20:00+00:00,15626.15,15628.5,15623.95,15624.95,15626,15626.3,15628.3,15628.7,15623.7,15624.2,15624.7,15625.2,0.5,712.7300124
2026-05-07T02:25:00+00:00,15624.85,15627.85,15623.2,15625,15624.6,15625.1,15627.5,15628.2,15623,15623.4,15624.7,15625.3,0.6,658.670013
2026-05-07T02:30:00+00:00,15624.9,15626.65,15621.3,15621.7,15624.6,15625.2,15626.5,15626.8,15621,15621.6,15621.4,15622,0.6,702.9700155
2026-05-07T02:35:00+00:00,15621.5,15625.2,15621.25,15624.9,15621.3,15621.7,15624.9,15625.5,15620.9,15621.6,15624.6,15625.2,0.6,717.0700167
2026-05-07T02:40:00+00:00,15624.8,15626.85,15624.05,15625.3,15624.5,15625.1,15626.6,15627.1,15623.7,15624.4,15625.1,15625.5,0.4,566.7300103
2026-05-07T02:45:00+00:00,15625.25,15627.25,15623.75,15626.1,15625.1,15625.4,15627,15627.5,15623.5,15624,15625.8,15626.4,0.6,737.3400121
2026-05-07T02:50:00+00:00,15626.2,15628,15624.95,15627.3,15625.9,15626.5,15627.8,15628.2,15624.6,15625.3,15627,15627.6,0.6,923.3800204
2026-05-07T02:55:00+00:00,15627.4,15635.15,15627.25,15633.85,15627.2,15627.6,15634.9,15635.4,15627,15627.5,15633.6,15634.1,0.5,1217.320023
2026-05-07T03:00:00+00:00,15633.9,15636.85,15632.1,15634.4,15633.6,15634.2,15636.7,15637,15631.9,15632.3,15634.1,15634.7,0.6,776.7900163
2026-05-07T03:05:00+00:00,15634.35,15635.15,15631.6,15632.65,15634.1,15634.6,15634.9,15635.4,15631.4,15631.8,15632.5,15632.8,0.3,632.1500146
2026-05-07T03:10:00+00:00,15632.75,15634.95,15632.75,15633.6,15632.6,15632.9,15634.7,15635.2,15632.6,15632.9,15633.2,15634,0.8,488.8500129
2026-05-07T03:15:00+00:00,15633.7,15635.25,15632.35,15632.85,15633.5,15633.9,15635,15635.5,15632,15632.7,15632.6,15633.1,0.5,460.190011
2026-05-07T03:20:00+00:00,15632.75,15635.7,15632.7,15634.6,15632.6,15632.9,15635.4,15636,15632.6,15632.8,15634.3,15634.9,0.6,468.0000086
2026-05-07T03:25:00+00:00,15634.65,15636,15632,15633.8,15634.3,15635,15635.6,15636.4,15631.7,15632.3,15633.6,15634,0.4,913.5700148
2026-05-07T03:30:00+00:00,15633.65,15634.85,15630.95,15632.25,15633.4,15633.9,15634.5,15635.2,15630.6,15631.3,15632,15632.5,0.5,774.3300153
2026-05-07T03:35:00+00:00,15632.45,15636.05,15632.35,15634.25,15632.2,15632.7,15635.7,15636.4,15632.1,15632.6,15633.9,15634.6,0.7,727.6500101
2026-05-07T03:40:00+00:00,15634.25,15635.2,15632.5,15634.7,15633.8,15634.7,15635,15635.4,15632.1,15632.9,15634.4,15635,0.6,636.6300106
2026-05-07T03:45:00+00:00,15634.75,15637.8,15634.75,15637.25,15634.5,15635,15637.6,15638,15634.5,15635,15637,15637.5,0.5,482.5800079
2026-05-07T03:50:00+00:00,15637.3,15639.5,15636.15,15636.15,15637,15637.6,15639.1,15639.9,15635.9,15636.4,15635.9,15636.4,0.5,336.6900053
2026-05-07T03:55:00+00:00,15635.85,15643.85,15635.85,15641.8,15635.6,15636.1,15643.8,15643.9,15635.6,15636.1,15641.5,15642.1,0.6,974.9200219
2026-05-07T04:00:00+00:00,15642,15642.25,15638.2,15640.1,15641.7,15642.3,15642,15642.5,15637.7,15638.7,15639.9,15640.3,0.4,875.6900103
2026-05-07T04:05:00+00:00,15640,15641.3,15637.6,15638.15,15639.8,15640.2,15641.1,15641.5,15637.4,15637.8,15637.7,15638.6,0.9,498.3900115
2026-05-07T04:10:00+00:00,15638.2,15640.15,15637.85,15637.85,15637.8,15638.6,15640,15640.3,15637.7,15638,15637.7,15638,0.3,885.1500167
2026-05-07T04:15:00+00:00,15637.9,15638.3,15632,15635.1,15637.7,15638.1,15638.1,15638.5,15631.8,15632.2,15634.8,15635.4,0.6,1837.950028
2026-05-07T04:20:00+00:00,15635.6,15637.4,15633.25,15633.75,15635.5,15635.7,15637.2,15637.6,15633.1,15633.4,15633.5,15634,0.5,293.2800075
2026-05-07T04:25:00+00:00,15633.8,15635.8,15632.55,15635.8,15633.6,15634,15635.6,15636,15632.2,15632.9,15635.6,15636,0.4,319.100006
2026-05-07T04:30:00+00:00,15635.85,15636.25,15633.9,15635.3,15635.5,15636.2,15636,15636.5,15633.7,15634.1,15635.1,15635.5,0.4,324.060007
2026-05-07T04:35:00+00:00,15635.2,15636,15631.9,15632.15,15635,15635.4,15635.8,15636.2,15631.7,15632.1,15632,15632.3,0.3,322.8100066
2026-05-07T04:40:00+00:00,15632.1,15637.1,15632.1,15636.25,15632,15632.2,15636.9,15637.3,15632,15632.2,15636.1,15636.4,0.3,397.4400088
2026-05-07T04:45:00+00:00,15636.2,15637.55,15630.95,15631,15636,15636.4,15637.3,15637.8,15630.7,15631.2,15630.8,15631.2,0.4,489.0900097
2026-05-07T04:50:00+00:00,15631.1,15634.8,15631,15634.05,15630.9,15631.3,15634.6,15635,15630.8,15631.2,15633.7,15634.4,0.7,554.7000111
2026-05-07T04:55:00+00:00,15634.15,15638.9,15634.15,15635.85,15633.9,15634.4,15638.6,15639.2,15633.9,15634.4,15635.6,15636.1,0.5,1040.42002
2026-05-07T05:00:00+00:00,15635.75,15635.75,15630.4,15631.05,15635.5,15636,15635.5,15636,15630.2,15630.6,15630.7,15631.4,0.7,737.4500157
2026-05-07T05:05:00+00:00,15631.05,15636.6,15631,15633.75,15630.8,15631.3,15636.3,15636.9,15630.7,15631.3,15633.5,15634,0.5,812.560009
2026-05-07T05:10:00+00:00,15633.8,15634.1,15632.45,15633.55,15633.5,15634.1,15633.8,15634.4,15632.2,15632.7,15633.3,15633.8,0.5,550.2900065
2026-05-07T05:15:00+00:00,15634.25,15637.4,15634.25,15636.3,15634.2,15634.3,15637.1,15637.7,15634.2,15634.3,15636,15636.6,0.6,447.6900066
2026-05-07T05:20:00+00:00,15636.8,15638,15634.9,15636,15636.6,15637,15637.7,15638.3,15634.5,15635.3,15635.7,15636.3,0.6,625.7500105
2026-05-07T05:25:00+00:00,15636.1,15639.8,15636.1,15638.75,15635.8,15636.4,15639.6,15640,15635.8,15636.4,15638.5,15639,0.5,857.7500145
2026-05-07T05:30:00+00:00,15638.9,15639.75,15633.8,15637.4,15638.6,15639.2,15639.5,15640,15633.6,15634,15637.1,15637.7,0.6,898.2600168
2026-05-07T05:35:00+00:00,15637.5,15637.8,15634.8,15635.6,15637.1,15637.9,15637.5,15638.1,15634.5,15635.1,15635.3,15635.9,0.6,722.0700082
2026-05-07T05:40:00+00:00,15635.65,15637.1,15633.7,15634.85,15635.4,15635.9,15636.9,15637.3,15633.4,15634,15634.5,15635.2,0.7,843.0600131
2026-05-07T05:45:00+00:00,15634.9,15637.55,15632.75,15634.8,15634.5,15635.3,15637.2,15637.9,15632.4,15633.1,15634.5,15635.1,0.6,591.8600091
2026-05-07T05:50:00+00:00,15635.05,15636.7,15633.9,15636.35,15634.8,15635.3,15636.4,15637,15633.6,15634.2,15636.1,15636.6,0.5,543.2400063
2026-05-07T05:55:00+00:00,15636.45,15638.75,15635.55,15637.6,15636.2,15636.7,15638.5,15639,15635.3,15635.8,15637.3,15637.9,0.6,740.7600098
2026-05-07T06:00:00+00:00,15637.2,15639.6,15635.05,15637.45,15637,15637.4,15639.3,15639.9,15634.8,15635.3,15637.2,15637.7,0.5,991.1000077
2026-05-07T06:05:00+00:00,15637.6,15640.35,15637.05,15638.45,15637.3,15637.9,15640.2,15640.5,15636.8,15637.3,15638.2,15638.7,0.5,892.9800074
2026-05-07T06:10:00+00:00,15638.4,15639.95,15636.25,15638.7,15638.1,15638.7,15639.7,15640.2,15636,15636.5,15638.5,15638.9,0.4,1039.530007
2026-05-07T06:15:00+00:00,15638.75,15640.95,15637.6,15637.6,15638.5,15639,15640.7,15641.2,15637.3,15637.9,15637.3,15637.9,0.6,798.6900072
2026-05-07T06:20:00+00:00,15637.6,15641.3,15636.3,15636.3,15637.3,15637.9,15641.1,15641.5,15636,15636.6,15636,15636.6,0.6,1069.660012
2026-05-07T06:25:00+00:00,15636.15,15639.05,15635.65,15638.75,15636,15636.3,15638.8,15639.3,15635.5,15635.8,15638.4,15639.1,0.7,847.9700036
2026-05-07T06:30:00+00:00,15638.8,15640.3,15635.45,15636.6,15638.6,15639,15640.1,15640.5,15635.2,15635.7,15636.4,15636.8,0.4,1475.350015
2026-05-07T06:35:00+00:00,15636.55,15636.55,15627.4,15632.25,15636.3,15636.8,15636.3,15636.8,15627.3,15627.5,15631.9,15632.6,0.7,1542.510021
2026-05-07T06:40:00+00:00,15632.2,15632.65,15610.7,15614.75,15632,15632.4,15632.4,15632.9,15610.5,15610.9,15614.4,15615.1,0.7,3208.190047
2026-05-07T06:45:00+00:00,15614.85,15628.95,15614.75,15628.95,15614.5,15615.2,15628.7,15629.2,15614.4,15615.1,15628.7,15629.2,0.5,1781.030023
2026-05-07T06:50:00+00:00,15629.05,15632.4,15627.3,15631.55,15628.8,15629.3,15632.1,15632.7,15627.1,15627.5,15631.4,15631.7,0.3,1481.420028
2026-05-07T06:55:00+00:00,15631.6,15631.9,15625.85,15628.95,15631.5,15631.7,15631.6,15632.2,15625.6,15626.1,15628.7,15629.2,0.5,979.4500221
2026-05-07T07:00:00+00:00,15629,15629.45,15621.25,15624.45,15628.8,15629.2,15629.2,15629.7,15621,15621.5,15624.2,15624.7,0.5,1640.490025
2026-05-07T07:05:00+00:00,15624.2,15625.65,15604.95,15610.25,15623.9,15624.5,15625.4,15625.9,15604.7,15605.2,15610,15610.5,0.5,3394.260052
2026-05-07T07:10:00+00:00,15610.35,15612.65,15605.55,15605.7,15610.1,15610.6,15612.4,15612.9,15605.2,15605.9,15605.4,15606,0.6,2802.760044
2026-05-07T07:15:00+00:00,15605.65,15617.2,15602.3,15616.55,15605.3,15606,15617,15617.4,15602.1,15602.5,15616.3,15616.8,0.5,2718.680041
2026-05-07T07:20:00+00:00,15616.6,15618.1,15610.9,15615.25,15616.3,15616.9,15617.8,15618.4,15610.7,15611.1,15615,15615.5,0.5,1903.040021
2026-05-07T07:25:00+00:00,15615.05,15617.25,15613.8,15614.6,15614.9,15615.2,15617,15617.5,15613.5,15614.1,15614.4,15614.8,0.4,2071.970028
2026-05-07T07:30:00+00:00,15614.75,15623.1,15613.65,15621.9,15614.5,15615,15622.9,15623.3,15613.4,15613.9,15621.5,15622.3,0.8,1712.840023
2026-05-07T07:35:00+00:00,15622,15624.3,15620.65,15622.05,15621.7,15622.3,15624,15624.6,15620.4,15620.9,15621.8,15622.3,0.5,1581.310019
2026-05-07T07:40:00+00:00,15622.1,15626.65,15619.4,15625.1,15621.9,15622.3,15626.4,15626.9,15619.2,15619.6,15624.9,15625.3,0.4,1070.08002
2026-05-07T07:45:00+00:00,15625.05,15627.5,15624.25,15625.3,15624.9,15625.2,15627.3,15627.7,15624,15624.5,15625.1,15625.5,0.4,1034.450026
2026-05-07T07:50:00+00:00,15625.35,15625.9,15621.2,15623.55,15625.2,15625.5,15625.7,15626.1,15621,15621.4,15623.4,15623.7,0.3,899.2200212
2026-05-07T07:55:00+00:00,15623.3,15627,15623,15626.45,15623.1,15623.5,15626.8,15627.2,15622.8,15623.2,15626.2,15626.7,0.5,1357.330015
2026-05-07T08:00:00+00:00,15626.4,15629.15,15625.4,15627.95,15626.2,15626.6,15629,15629.3,15625.1,15625.7,15627.7,15628.2,0.5,1582.110019
2026-05-07T08:05:00+00:00,15627.9,15627.95,15622.8,15627.55,15627.7,15628.1,15627.7,15628.2,15622.5,15623.1,15627.2,15627.9,0.7,1809.28002
2026-05-07T08:10:00+00:00,15627.65,15630.15,15626.3,15626.6,15627.3,15628,15629.9,15630.4,15626,15626.6,15626.4,15626.8,0.4,1311.24002
2026-05-07T08:15:00+00:00,15626.5,15627.9,15624.2,15624.85,15626.3,15626.7,15627.7,15628.1,15623.9,15624.5,15624.6,15625.1,0.5,1604.310024
2026-05-07T08:20:00+00:00,15624.9,15627.5,15622.75,15623.05,15624.7,15625.1,15627.2,15627.8,15622.5,15623,15622.8,15623.3,0.5,1544.400018
2026-05-07T08:25:00+00:00,15623,15629.9,15621.25,15621.7,15622.7,15623.3,15629.5,15630.3,15621,15621.5,15621.4,15622,0.6,1728.940023
2026-05-07T08:30:00+00:00,15621.4,15624.3,15618.65,15624.2,15621.1,15621.7,15624.1,15624.5,15618.4,15618.9,15623.9,15624.5,0.6,1323.600017
2026-05-07T08:35:00+00:00,15624.15,15626.85,15621.8,15625.95,15624,15624.3,15626.7,15627,15621.6,15622,15625.8,15626.1,0.3,1669.100009
2026-05-07T08:40:00+00:00,15625.9,15629.15,15624.85,15629,15625.7,15626.1,15629,15629.3,15624.6,15625.1,15628.8,15629.2,0.4,1155.980011
2026-05-07T08:45:00+00:00,15629.05,15630.75,15628.1,15628.85,15628.9,15629.2,15630.5,15631,15627.9,15628.3,15628.7,15629,0.3,1307.54001
2026-05-07T08:50:00+00:00,15628.8,15630,15626.65,15629.7,15628.7,15628.9,15629.8,15630.2,15626.5,15626.8,15629.6,15629.8,0.2,1087.710008
2026-05-07T08:55:00+00:00,15629.75,15634.05,15629,15632.75,15629.6,15629.9,15633.8,15634.3,15628.9,15629.1,15632.5,15633,0.5,1021.470013
2026-05-07T09:00:00+00:00,15632.8,15640.7,15632.65,15638.15,15632.6,15633,15640.4,15641,15632.4,15632.9,15638,15638.3,0.3,1700.790027
2026-05-07T09:05:00+00:00,15638.2,15638.65,15636.15,15637.1,15638,15638.4,15638.4,15638.9,15635.9,15636.4,15636.8,15637.4,0.6,657.7400137
2026-05-07T09:10:00+00:00,15637.1,15639.8,15635.5,15636.4,15636.9,15637.3,15639.5,15640.1,15635.3,15635.7,15636.1,15636.7,0.6,1003.420012
2026-05-07T09:15:00+00:00,15636.2,15640.05,15636,15638.9,15635.8,15636.6,15639.8,15640.3,15635.7,15636.3,15638.6,15639.2,0.6,1108.450012
2026-05-07T09:20:00+00:00,15639.15,15641.95,15638.65,15640.25,15639,15639.3,15641.7,15642.2,15638.4,15638.9,15640.1,15640.4,0.3,794.1300112
2026-05-07T09:25:00+00:00,15640.3,15641.55,15638.25,15639.75,15640.2,15640.4,15641.3,15641.8,15638,15638.5,15639.6,15639.9,0.3,738.3100154
2026-05-07T09:30:00+00:00,15639.6,15641.3,15636.2,15636.5,15639.4,15639.8,15641,15641.6,15636,15636.4,15636.3,15636.7,0.4,1094.280013
2026-05-07T09:35:00+00:00,15636.4,15637.65,15634,15634.25,15636.2,15636.6,15637.4,15637.9,15633.8,15634.2,15634.1,15634.4,0.3,1065.920017
2026-05-07T09:40:00+00:00,15634.4,15634.8,15631.6,15631.8,15634.2,15634.6,15634.5,15635.1,15631.3,15631.9,15631.5,15632.1,0.6,438.7400072
2026-05-07T09:45:00+00:00,15631.8,15635.15,15630.45,15634.4,15631.5,15632.1,15635,15635.3,15630.2,15630.7,15634.2,15634.6,0.4,851.1700097
2026-05-07T09:50:00+00:00,15634.3,15639.7,15632.6,15638.95,15634.1,15634.5,15639.5,15639.9,15632.4,15632.8,15638.7,15639.2,0.5,620.5300106
2026-05-07T09:55:00+00:00,15638.8,15639.55,15637.2,15637.55,15638.6,15639,15639.4,15639.7,15637,15637.4,15637.5,15637.6,0.1,683.4600185
2026-05-07T10:00:00+00:00,15637.6,15639.1,15635.65,15637.6,15637.5,15637.7,15638.9,15639.3,15635.5,15635.8,15637.4,15637.8,0.4,615.0000137
2026-05-07T10:05:00+00:00,15637.5,15639.65,15634.7,15636.4,15637.3,15637.7,15639.4,15639.9,15634.4,15635,15636.2,15636.6,0.4,813.3200127
2026-05-07T10:10:00+00:00,15636.55,15639.25,15636.5,15638.8,15636.4,15636.7,15639,15639.5,15636.3,15636.7,15638.6,15639,0.4,801.1600146
2026-05-07T10:15:00+00:00,15638.9,15639.8,15636.75,15638.6,15638.6,15639.2,15639.5,15640.1,15636.6,15636.9,15638.4,15638.8,0.4,591.2200097
2026-05-07T10:20:00+00:00,15638.55,15638.8,15634.85,15635.5,15638.4,15638.7,15638.6,15639,15634.6,15635.1,15635.3,15635.7,0.4,391.3500063
2026-05-07T10:25:00+00:00,15635.45,15635.45,15628.9,15632,15635.2,15635.7,15635.2,15635.7,15628.7,15629.1,15631.7,15632.3,0.6,1005.360016
2026-05-07T10:30:00+00:00,15631.9,15636.4,15630.75,15635.05,15631.6,15632.2,15636.2,15636.6,15630.5,15631,15634.8,15635.3,0.5,1040.440014
2026-05-07T10:35:00+00:00,15635.1,15636.7,15634.95,15635.25,15634.9,15635.3,15636.5,15636.9,15634.7,15635.2,15635.1,15635.4,0.3,991.8600008
2026-05-07T10:40:00+00:00,15635.2,15636.75,15634.55,15635.05,15635,15635.4,15636.6,15636.9,15634.4,15634.7,15634.8,15635.3,0.5,1831.030003
2026-05-07T10:45:00+00:00,15635.1,15639.3,15634.1,15639.25,15634.9,15635.3,15639,15639.6,15633.8,15634.4,15639,15639.5,0.5,900.0200083
2026-05-07T10:50:00+00:00,15639.4,15639.95,15637.25,15638.65,15639.2,15639.6,15639.7,15640.2,15637,15637.5,15638.4,15638.9,0.5,844.7600091
2026-05-07T10:55:00+00:00,15638.75,15640.25,15637.05,15639.9,15638.5,15639,15640,15640.5,15637,15637.1,15639.7,15640.1,0.4,1070.840012
2026-05-07T11:00:00+00:00,15639.5,15640.2,15637.75,15639,15639.4,15639.6,15639.9,15640.5,15637.4,15638.1,15638.8,15639.2,0.4,905.8600123
2026-05-07T11:05:00+00:00,15638.6,15639.55,15635.65,15636.55,15638.4,15638.8,15639.3,15639.8,15635.3,15636,15636.3,15636.8,0.5,850.3300179
2026-05-07T11:10:00+00:00,15636.5,15639.2,15636.25,15638.75,15636.3,15636.7,15639.1,15639.3,15636,15636.5,15638.6,15638.9,0.3,741.1200186
2026-05-07T11:15:00+00:00,15638.65,15640.35,15637.8,15639.05,15638.4,15638.9,15640.1,15640.6,15637.6,15638,15638.8,15639.3,0.5,758.1900086
2026-05-07T11:20:00+00:00,15639.3,15639.75,15634.85,15635.65,15639.2,15639.4,15639.5,15640,15634.6,15635.1,15635.4,15635.9,0.5,1010.460017
2026-05-07T11:25:00+00:00,15635.8,15638.65,15635.8,15636.9,15635.6,15636,15638.4,15638.9,15635.6,15636,15636.6,15637.2,0.6,596.8700061
2026-05-07T11:30:00+00:00,15636.85,15638.75,15635.5,15637.5,15636.7,15637,15638.5,15639,15635.3,15635.7,15637.2,15637.8,0.6,792.8000103
2026-05-07T11:35:00+00:00,15637.45,15637.75,15635.9,15636.75,15637.1,15637.8,15637.5,15638,15635.6,15636.2,15636.5,15637,0.5,710.3300086
2026-05-07T11:40:00+00:00,15636.65,15638.2,15636.15,15638,15636.4,15636.9,15638,15638.4,15636,15636.3,15637.8,15638.2,0.4,581.090012
2026-05-07T11:45:00+00:00,15637.95,15642.35,15637.85,15642.25,15637.7,15638.2,15642,15642.7,15637.6,15638.1,15642,15642.5,0.5,604.6200087
2026-05-07T11:50:00+00:00,15642.35,15647.5,15642.1,15643.85,15642.1,15642.6,15647.2,15647.8,15641.9,15642.3,15643.6,15644.1,0.5,970.1900095
2026-05-07T11:55:00+00:00,15643.9,15645.75,15638.65,15640.5,15643.6,15644.2,15645.5,15646,15638.4,15638.9,15640.3,15640.7,0.4,1696.820026
2026-05-07T12:00:00+00:00,15640.35,15642.3,15637.65,15638.1,15640.2,15640.5,15642,15642.6,15637.4,15637.9,15637.9,15638.3,0.4,1601.980026
2026-05-07T12:05:00+00:00,15638,15640.25,15636.3,15638.25,15637.7,15638.3,15640,15640.5,15636.2,15636.4,15638,15638.5,0.5,839.8200114
2026-05-07T12:10:00+00:00,15637.85,15638.1,15635.45,15637.95,15637.6,15638.1,15637.9,15638.3,15635.2,15635.7,15637.7,15638.2,0.5,786.3900126
2026-05-07T12:15:00+00:00,15637.9,15639.15,15634.35,15638.2,15637.6,15638.2,15638.9,15639.4,15634.1,15634.6,15637.9,15638.5,0.6,1001.160012
2026-05-07T12:20:00+00:00,15637.85,15638.2,15633.7,15634.8,15637.6,15638.1,15638,15638.4,15633.5,15633.9,15634.5,15635.1,0.6,1183.830019
2026-05-07T12:25:00+00:00,15634.95,15636.15,15631.1,15634.1,15634.6,15635.3,15635.9,15636.4,15630.9,15631.3,15633.3,15634.9,1.6,680.5000154
2026-05-07T12:30:00+00:00,15634.15,15636.4,15633.05,15634.5,15633.4,15634.9,15636.2,15636.6,15632.8,15633.3,15634.2,15634.8,0.6,841.5000191
2026-05-07T12:35:00+00:00,15634.5,15636.55,15633.4,15635.45,15634.2,15634.8,15636.3,15636.8,15633.1,15633.7,15635.1,15635.8,0.7,1113.000015
2026-05-07T12:40:00+00:00,15635.4,15635.95,15630.7,15630.95,15635.2,15635.6,15635.8,15636.1,15630.4,15631,15630.7,15631.2,0.5,1154.740019
2026-05-07T12:45:00+00:00,15630.9,15633,15625.65,15626.5,15630.7,15631.1,15632.8,15633.2,15625.5,15625.8,15626.3,15626.7,0.4,1164.890015
2026-05-07T12:50:00+00:00,15626.55,15628.3,15624.2,15626.3,15626.3,15626.8,15628,15628.6,15623.9,15624.5,15626.1,15626.5,0.4,1582.490021
2026-05-07T12:55:00+00:00,15626.15,15629.65,15624.7,15628.7,15625.9,15626.4,15629.4,15629.9,15624.5,15624.9,15628.4,15629,0.6,1412.56002
2026-05-07T13:00:00+00:00,15628.7,15634.15,15628.7,15631.65,15628.4,15629,15633.9,15634.4,15628.4,15629,15631.4,15631.9,0.5,1697.390025
2026-05-07T13:05:00+00:00,15631.75,15634,15629.35,15632.7,15631.5,15632,15633.7,15634.3,15629.1,15629.6,15632.4,15633,0.6,2197.34002
2026-05-07T13:10:00+00:00,15632.7,15636.65,15631.1,15635.1,15632.5,15632.9,15636.5,15636.8,15631,15631.2,15634.8,15635.4,0.6,1571.270014
2026-05-07T13:15:00+00:00,15635.1,15635.4,15630.45,15630.55,15634.8,15635.4,15635.2,15635.6,15630.2,15630.7,15630.3,15630.8,0.5,1323.690017
2026-05-07T13:20:00+00:00,15630.45,15632.75,15625.4,15626.75,15630.2,15630.7,15632.5,15633,15625.2,15625.6,15626.5,15627,0.5,1625.390023
2026-05-07T13:25:00+00:00,15626.8,15631.65,15626.3,15631.25,15626.6,15627,15631.5,15631.8,15626,15626.6,15631,15631.5,0.5,1530.210018
2026-05-07T13:30:00+00:00,15631.35,15636.7,15629.25,15634.95,15631.2,15631.5,15636.4,15637,15629,15629.5,15634.6,15635.3,0.7,1796.520014
2026-05-07T13:35:00+00:00,15635.05,15637.1,15633.85,15635.7,15634.8,15635.3,15636.8,15637.4,15633.5,15634.2,15635.4,15636,0.6,2114.080018
2026-05-07T13:40:00+00:00,15635.55,15636.9,15632.4,15632.55,15635.4,15635.7,15636.7,15637.1,15632.2,15632.6,15632.3,15632.8,0.5,929.9300152
2026-05-07T13:45:00+00:00,15632.5,15640.85,15630.5,15637.25,15632.3,15632.7,15640.7,15641,15630.3,15630.7,15637,15637.5,0.5,2092.680037
2026-05-07T13:50:00+00:00,15637.35,15639.25,15636.15,15636.95,15637.1,15637.6,15639,15639.5,15635.9,15636.4,15636.6,15637.3,0.7,1534.720023
2026-05-07T13:55:00+00:00,15637,15637.35,15633.6,15634.15,15636.8,15637.2,15637.1,15637.6,15633.4,15633.8,15633.9,15634.4,0.5,1229.080023
2026-05-07T14:00:00+00:00,15634.35,15640.3,15633.8,15637.75,15634.3,15634.4,15640.1,15640.5,15633.6,15634,15637.6,15637.9,0.3,1931.430038
2026-05-07T14:05:00+00:00,15637.7,15639.8,15636.45,15636.95,15637.6,15637.8,15639.6,15640,15636.2,15636.7,15636.7,15637.2,0.5,1299.380026
2026-05-07T14:10:00+00:00,15636.9,15637.5,15633.85,15635.65,15636.7,15637.1,15637.3,15637.7,15633.6,15634.1,15635.5,15635.8,0.3,875.3100132
2026-05-07T14:15:00+00:00,15635.55,15640.5,15634.4,15637.45,15635.3,15635.8,15640.2,15640.8,15634.2,15634.6,15637.2,15637.7,0.5,1580.950025
2026-05-07T14:20:00+00:00,15637.25,15637.25,15634.1,15635.3,15637,15637.5,15637,15637.5,15633.9,15634.3,15635.1,15635.5,0.4,1199.470018
2026-05-07T14:25:00+00:00,15635.25,15636.15,15634.1,15635.35,15634.9,15635.6,15635.9,15636.4,15633.9,15634.3,15635.1,15635.6,0.5,804.6200095
2026-05-07T14:30:00+00:00,15635.2,15638,15634.6,15637.75,15635,15635.4,15637.8,15638.2,15634.4,15634.8,15637.5,15638,0.5,890.0200189
2026-05-07T14:35:00+00:00,15637.7,15640.45,15637.65,15638.8,15637.5,15637.9,15640.2,15640.7,15637.4,15637.9,15638.5,15639.1,0.6,1066.140015
2026-05-07T14:40:00+00:00,15638.7,15640.2,15637.75,15638.2,15638.5,15638.9,15639.9,15640.5,15637.5,15638,15638,15638.4,0.4,824.500013
2026-05-07T14:45:00+00:00,15638.5,15639.2,15635.55,15635.6,15638.4,15638.6,15639,15639.4,15635.3,15635.8,15635.3,15635.9,0.6,861.960018
2026-05-07T14:50:00+00:00,15635.6,15635.8,15630.7,15633.05,15635.3,15635.9,15635.5,15636.1,15630.5,15630.9,15632.9,15633.2,0.3,1575.540024
2026-05-07T14:55:00+00:00,15633.05,15633.05,15617.1,15625.5,15632.8,15633.3,15632.8,15633.3,15616.8,15617.4,15625.3,15625.7,0.4,2694.460036
2026-05-07T15:00:00+00:00,15625.4,15632.3,15624.8,15631.05,15625.3,15625.5,15632.1,15632.5,15624.7,15624.9,15630.9,15631.2,0.3,1684.260026
2026-05-07T15:05:00+00:00,15631.1,15632.9,15628.1,15631.35,15630.9,15631.3,15632.7,15633.1,15627.9,15628.3,15631.1,15631.6,0.5,1001.770016
2026-05-07T15:10:00+00:00,15631.25,15635.1,15629,15634.5,15631.1,15631.4,15634.8,15635.4,15628.9,15629.1,15634.2,15634.8,0.6,1066.050018
2026-05-07T15:15:00+00:00,15634.55,15637.4,15633.5,15636.1,15634.3,15634.8,15637.1,15637.7,15633.3,15633.7,15635.9,15636.3,0.4,1330.900021
2026-05-07T15:20:00+00:00,15636.2,15640.8,15635,15638.65,15636,15636.4,15640.6,15641,15634.8,15635.2,15638.3,15639,0.7,1462.150025
2026-05-07T15:25:00+00:00,15638.6,15647.3,15637.65,15644.7,15638.3,15638.9,15647.1,15647.5,15637.4,15637.9,15644.4,15645,0.6,2563.960037
2026-05-07T15:30:00+00:00,15644.3,15645.4,15640.4,15642.4,15644.1,15644.5,15645.1,15645.7,15640.3,15640.5,15642.2,15642.6,0.4,1514.500026
2026-05-07T15:35:00+00:00,15642.5,15645.85,15642.1,15645.4,15642.3,15642.7,15645.7,15646,15641.9,15642.3,15645.2,15645.6,0.4,952.3100152
2026-05-07T15:40:00+00:00,15645.35,15647.5,15643.85,15647.4,15645.1,15645.6,15647.3,15647.7,15643.6,15644.1,15647.2,15647.6,0.4,967.4600189
2026-05-07T15:45:00+00:00,15647.45,15649.75,15646.3,15648.9,15647.2,15647.7,15649.5,15650,15646.1,15646.5,15648.6,15649.2,0.6,605.5900112
2026-05-07T15:50:00+00:00,15648.9,15651.45,15647.1,15648.25,15648.5,15649.3,15651.2,15651.7,15646.9,15647.3,15648,15648.5,0.5,1133.120015
2026-05-07T15:55:00+00:00,15648.4,15651.1,15648.35,15648.55,15648.2,15648.6,15650.9,15651.3,15648.1,15648.6,15648.4,15648.7,0.3,1035.130018
2026-05-07T16:00:00+00:00,15648.4,15656.95,15647.3,15653.4,15648.1,15648.7,15656.7,15657.2,15647.1,15647.5,15653,15653.8,0.8,2137.970036
2026-05-07T16:05:00+00:00,15653.45,15657.45,15653.45,15655.7,15653.1,15653.8,15657.3,15657.6,15653.1,15653.8,15655.4,15656,0.6,1594.730027
2026-05-07T16:10:00+00:00,15655.55,15656.9,15653.3,15655.75,15655.4,15655.7,15656.6,15657.2,15653,15653.6,15655.5,15656,0.5,1259.440019
2026-05-07T16:15:00+00:00,15655.9,15662.6,15655.9,15661.7,15655.6,15656.2,15662.4,15662.8,15655.6,15656.2,15661.5,15661.9,0.4,2522.67004
2026-05-07T16:20:00+00:00,15661.75,15661.8,15658.3,15658.85,15661.6,15661.9,15661.6,15662,15658,15658.6,15658.6,15659.1,0.5,1280.630025
2026-05-07T16:25:00+00:00,15658.9,15659.25,15653.3,15657.6,15658.7,15659.1,15659.1,15659.4,15653.2,15653.4,15657.4,15657.8,0.4,940.0200181
2026-05-07T16:30:00+00:00,15657.7,15659.95,15656.1,15658.15,15657.5,15657.9,15659.8,15660.1,15656,15656.2,15658,15658.3,0.3,733.2400126
2026-05-07T16:35:00+00:00,15657.7,15661.1,15656.1,15660.6,15657.6,15657.8,15660.9,15661.3,15655.9,15656.3,15660.4,15660.8,0.4,691.6600133
2026-05-07T16:40:00+00:00,15660.75,15660.9,15658.15,15659.1,15660.5,15661,15660.7,15661.1,15657.9,15658.4,15658.9,15659.3,0.4,639.2800077
2026-05-07T16:45:00+00:00,15659,15662.45,15659,15661.65,15658.8,15659.2,15662.2,15662.7,15658.8,15659.2,15661.4,15661.9,0.5,927.3700171
2026-05-07T16:50:00+00:00,15661.6,15662.8,15658.9,15659.2,15661.4,15661.8,15662.6,15663,15658.7,15659.1,15659,15659.4,0.4,779.2000127
2026-05-07T16:55:00+00:00,15659.15,15664.6,15659.1,15663.6,15659,15659.3,15664.4,15664.8,15658.9,15659.3,15663.3,15663.9,0.6,748.9100165
2026-05-07T17:00:00+00:00,15663.45,15668,15663.35,15665.5,15663.3,15663.6,15667.8,15668.2,15663.2,15663.5,15665.3,15665.7,0.4,1132.880022
2026-05-07T17:05:00+00:00,15665.7,15667.05,15664.55,15666.4,15665.6,15665.8,15666.8,15667.3,15664.4,15664.7,15666.2,15666.6,0.4,667.3600127
2026-05-07T17:10:00+00:00,15666.5,15666.8,15664.55,15665.4,15666.3,15666.7,15666.6,15667,15664.4,15664.7,15665.2,15665.6,0.4,499.600008
2026-05-07T17:15:00+00:00,15665.55,15671.25,15665.45,15669.5,15665.5,15665.6,15671.1,15671.4,15665.3,15665.6,15669.4,15669.6,0.2,893.7300181
2026-05-07T17:20:00+00:00,15669.45,15669.55,15665.75,15666.1,15669.3,15669.6,15669.3,15669.8,15665.5,15666,15665.7,15666.5,0.8,788.4900141
2026-05-07T17:25:00+00:00,15666.1,15675.8,15662.9,15675.5,15665.9,15666.3,15675.5,15676.1,15662.7,15663.1,15675.2,15675.8,0.6,3362.83006
2026-05-07T17:30:00+00:00,15675.55,15680,15671.9,15679.4,15675.2,15675.9,15679.8,15680.2,15671.6,15672.2,15679.1,15679.7,0.6,2651.610036
2026-05-07T17:35:00+00:00,15679.5,15686.5,15677.95,15678.55,15679.2,15679.8,15686.3,15686.7,15677.7,15678.2,15678.4,15678.7,0.3,2529.100047
2026-05-07T17:40:00+00:00,15678.7,15679.95,15674.2,15675.9,15678.5,15678.9,15679.8,15680.1,15673.9,15674.5,15675.7,15676.1,0.4,1372.540027
2026-05-07T17:45:00+00:00,15675.8,15678.65,15672.8,15674.8,15675.6,15676,15678.5,15678.8,15672.6,15673,15674.6,15675,0.4,1072.290019
2026-05-07T17:50:00+00:00,15675,15677.3,15672.85,15675.6,15674.7,15675.3,15677.1,15677.5,15672.7,15673,15675.5,15675.7,0.2,922.7600176
2026-05-07T17:55:00+00:00,15675.4,15675.4,15663.2,15667,15675.3,15675.5,15675.3,15675.5,15663,15663.4,15666.7,15667.3,0.6,2862.760034
2026-05-07T18:00:00+00:00,15667.2,15667.55,15661,15665.6,15667,15667.4,15667.3,15667.8,15660.8,15661.2,15665.3,15665.9,0.6,1606.880036
2026-05-07T18:05:00+00:00,15665.55,15667.1,15662.15,15665.85,15665.3,15665.8,15666.9,15667.3,15661.9,15662.4,15665.5,15666.2,0.7,1116.590017
2026-05-07T18:10:00+00:00,15666.05,15667.95,15665.1,15666.05,15665.8,15666.3,15667.8,15668.1,15665,15665.2,15665.8,15666.3,0.5,796.8000174
2026-05-07T18:15:00+00:00,15665.9,15667.4,15665.65,15667.1,15665.7,15666.1,15667.1,15667.7,15665.5,15665.8,15666.8,15667.4,0.6,738.7300165
2026-05-07T18:20:00+00:00,15667.05,15669.7,15665.95,15668.45,15666.8,15667.3,15669.4,15670,15665.7,15666.2,15668.2,15668.7,0.5,1469.060028
2026-05-07T18:25:00+00:00,15668.45,15669.8,15667.45,15669.05,15668.2,15668.7,15669.6,15670,15667.2,15667.7,15668.8,15669.3,0.5,616.0000139
2026-05-07T18:30:00+00:00,15668.75,15673.5,15668.4,15673.35,15668.5,15669,15673.2,15673.8,15668.1,15668.7,15673,15673.7,0.7,688.070014
2026-05-07T18:35:00+00:00,15673.3,15681.5,15672.3,15678.05,15673,15673.6,15681.3,15681.7,15671.9,15672.7,15677.7,15678.4,0.7,1089.350021
2026-05-07T18:40:00+00:00,15678.1,15686.65,15676.5,15683.9,15677.7,15678.5,15686.5,15686.8,15676.2,15676.8,15683.6,15684.2,0.6,1759.520029
2026-05-07T18:45:00+00:00,15684.05,15686.5,15681.95,15683.8,15683.7,15684.4,15686.2,15686.8,15681.6,15682.3,15683.6,15684,0.4,1429.930029
2026-05-07T18:50:00+00:00,15683.85,15685.8,15679.2,15681.35,15683.7,15684,15685.6,15686,15679,15679.4,15681,15681.7,0.7,1350.410027
2026-05-07T18:55:00+00:00,15681.25,15682.3,15673.15,15674.5,15681.1,15681.4,15682.1,15682.5,15672.9,15673.4,15674.3,15674.7,0.4,1661.250031
2026-05-07T19:00:00+00:00,15674.4,15677,15672.9,15676.65,15674.2,15674.6,15676.7,15677.3,15672.7,15673.1,15676.5,15676.8,0.3,984.2000183
2026-05-07T19:05:00+00:00,15676.55,15677.55,15669.85,15671.4,15676.4,15676.7,15677.5,15677.6,15669.6,15670.1,15671.2,15671.6,0.4,1351.940029
2026-05-07T19:10:00+00:00,15671.55,15674.3,15670.4,15671.85,15671.4,15671.7,15674.1,15674.5,15670.2,15670.6,15671.6,15672.1,0.5,1172.210021
2026-05-07T19:15:00+00:00,15671.85,15683.6,15669,15683,15671.6,15672.1,15683.3,15683.9,15668.9,15669.1,15682.7,15683.3,0.6,3327.360055
2026-05-07T19:20:00+00:00,15683.25,15685.4,15678.1,15682.6,15683.1,15683.4,15685.1,15685.7,15677.8,15678.4,15682.3,15682.9,0.6,1888.040027
2026-05-07T19:25:00+00:00,15682.5,15684.95,15679,15679.6,15682.2,15682.8,15684.7,15685.2,15678.7,15679.3,15679.2,15680,0.8,1582.270028
2026-05-07T19:30:00+00:00,15679.5,15680.4,15676.15,15676.6,15679.2,15679.8,15680.1,15680.7,15676,15676.3,15676.4,15676.8,0.4,850.44001
2026-05-07T19:35:00+00:00,15676.7,15677.2,15670.45,15673.35,15676.5,15676.9,15677.1,15677.3,15670.2,15670.7,15673.1,15673.6,0.5,855.7400156
2026-05-07T19:40:00+00:00,15673.2,15676.85,15671.9,15676.4,15673,15673.4,15676.6,15677.1,15671.7,15672.1,15676.1,15676.7,0.6,747.7200142
2026-05-07T19:45:00+00:00,15676.3,15679.4,15676.25,15678.55,15676.1,15676.5,15679.2,15679.6,15676,15676.5,15678.3,15678.8,0.5,666.0800114
2026-05-07T19:50:00+00:00,15678.5,15685.45,15675.65,15682.35,15678.3,15678.7,15685.2,15685.7,15675.5,15675.8,15682,15682.7,0.7,1975.060037
2026-05-07T19:55:00+00:00,15682.4,15687.85,15682.4,15687.45,15682.2,15682.6,15687.6,15688.1,15682.2,15682.6,15687.4,15687.5,0.1,1215.830026
2026-05-07T20:00:00+00:00,15687.25,15688.1,15674.85,15680.5,15687,15687.5,15687.9,15688.3,15674.7,15675,15680.2,15680.8,0.6,2722.580056
2026-05-07T20:05:00+00:00,15680.6,15684.45,15678.45,15682.7,15680.4,15680.8,15684.2,15684.7,15678.1,15678.8,15682.4,15683,0.6,544.9400069
2026-05-07T20:10:00+00:00,15682.55,15687,15680.9,15686.8,15682.3,15682.8,15686.8,15687.2,15680.7,15681.1,15686.6,15687,0.4,357.0900068
2026-05-07T20:15:00+00:00,15686.75,15687,15685.25,15686.75,15686.5,15687,15686.8,15687.2,15684.9,15685.6,15686.5,15687,0.5,257.8500044
2026-05-07T20:20:00+00:00,15686.7,15687.65,15686.5,15686.55,15686.5,15686.9,15687.3,15688,15686.2,15686.8,15686.2,15686.9,0.7,343.1700051
2026-05-07T20:25:00+00:00,15686.6,15687.7,15686.05,15687.7,15686.3,15686.9,15687.4,15688,15685.8,15686.3,15687.4,15688,0.6,315.450004
2026-05-07T20:30:00+00:00,15687.6,15688.5,15685.05,15686.65,15687.2,15688,15688.3,15688.7,15684.8,15685.3,15686.4,15686.9,0.5,541.2500082
2026-05-07T20:35:00+00:00,15686.5,15690.25,15685.4,15689.25,15686.2,15686.8,15690.1,15690.4,15685.1,15685.7,15688.9,15689.6,0.7,1347.260021
2026-05-07T20:40:00+00:00,15689.5,15695.7,15688.8,15691.4,15689.3,15689.7,15695.4,15696,15688.5,15689.1,15691.1,15691.7,0.6,812.6000141
2026-05-07T20:45:00+00:00,15691.35,15692.3,15690.25,15691.6,15691,15691.7,15691.9,15692.7,15690,15690.5,15691.1,15692.1,1,436.6500117
2026-05-07T20:50:00+00:00,15691.55,15693.8,15690.8,15691.9,15691.1,15692,15693.4,15694.2,15690.4,15691.2,15691.5,15692.3,0.8,462.7500124
2026-05-07T20:55:00+00:00,15691.7,15695.5,15689.5,15691.3,15691.1,15692.3,15694.9,15696.1,15687,15692,15687,15695.6,8.6,1965.780014
2026-05-07T21:00:00+00:00,15692.2,15692.8,15687.8,15689.05,15687,15697.4,15687,15698.6,15680.1,15695.5,15682.2,15695.9,13.7,19.00999999
2026-05-07T21:05:00+00:00,15679.95,15689.85,15679.85,15688.25,15674.2,15685.7,15684.9,15694.8,15674.1,15685.6,15683,15693.5,10.5,109.4700021
2026-05-07T21:10:00+00:00,15688.7,15689.35,15688.1,15688.5,15683.9,15693.5,15684.2,15694.5,15683.1,15693.1,15683.8,15693.2,9.4,241.4600003
2026-05-07T21:15:00+00:00,15688.45,15690.55,15673.55,15680.05,15683.8,15693.1,15686.4,15694.7,15670.3,15676.8,15674.8,15685.3,10.5,413.9499937
2026-05-07T21:20:00+00:00,15680.05,15686.25,15675.65,15685.3,15674.7,15685.4,15679.9,15692.6,15668.8,15682.5,15679.9,15690.7,10.8,262.4900022
2026-05-07T21:25:00+00:00,15685.65,15687.85,15683.7,15686.35,15679.9,15691.4,15682,15693.7,15676.7,15690.7,15682,15690.7,8.7,75.8999995
2026-05-07T21:30:00+00:00,15684.4,15688,15682.65,15685.2,15678.1,15690.7,15682.6,15693.4,15678,15687.3,15681.4,15689,7.6,346.8000076
2026-05-07T21:35:00+00:00,15685.15,15685.65,15677.65,15678.1,15681.4,15688.9,15681.4,15689.9,15672.8,15682.5,15673.7,15682.5,8.8,796.800009
2026-05-07T21:40:00+00:00,15678.2,15684.6,15677,15684.2,15673.7,15682.7,15681.6,15687.6,15673.5,15680.5,15680.8,15687.6,6.8,314.5500056
2026-05-07T21:45:00+00:00,15684.1,15690.65,15683.5,15689.85,15680.5,15687.7,15688.1,15693.2,15680.5,15686.5,15687.9,15691.8,3.9,314.9100075
2026-05-07T21:50:00+00:00,15689.65,15692.25,15689.3,15691.1,15687.9,15691.4,15690.7,15693.8,15687.9,15690.7,15689.6,15692.6,3,129.750001
2026-05-07T21:55:00+00:00,15690.4,15691.75,15679.6,15684.5,15688.9,15691.9,15689.4,15694.1,15679,15680.2,15682.1,15686.9,4.8,1510.78002
2026-05-07T22:00:00+00:00,15684.1,15695.8,15683.5,15692.5,15681.3,15686.9,15695.1,15696.5,15681.3,15685.7,15692,15693,1,895.5899879
2026-05-07T22:05:00+00:00,15691.8,15693.25,15690.1,15691.45,15691.6,15692,15692.8,15693.7,15689.7,15690.5,15691,15691.9,0.9,240.1500067
2026-05-07T22:10:00+00:00,15691.55,15691.7,15687.05,15689.35,15691.1,15692,15691.3,15692.1,15686.8,15687.3,15689.1,15689.6,0.5,246.7500076
2026-05-07T22:15:00+00:00,15689.45,15690.5,15685.6,15686.85,15689.1,15689.8,15690.1,15690.9,15685.3,15685.9,15686.4,15687.3,0.9,523.8000157
2026-05-07T22:20:00+00:00,15687.4,15688.9,15684.5,15686.85,15687.1,15687.7,15688.5,15689.3,15684.2,15684.8,15686.4,15687.3,0.9,739.8500208
2026-05-07T22:25:00+00:00,15687.3,15688.8,15686.25,15687.65,15687.2,15687.4,15688.4,15689.2,15685.8,15686.7,15687.3,15688,0.7,344.9300102
2026-05-07T22:30:00+00:00,15687.55,15692.9,15687.4,15689.8,15687.2,15687.9,15692.7,15693.1,15687,15687.8,15689.4,15690.2,0.8,595.5900149
2026-05-07T22:35:00+00:00,15689.85,15692.8,15688.9,15689.75,15689.4,15690.3,15692.4,15693.2,15688.5,15689.3,15689.4,15690.1,0.7,686.5200168
2026-05-07T22:40:00+00:00,15689.8,15691.25,15689.8,15690.95,15689.4,15690.2,15690.9,15691.6,15689.4,15690.2,15690.6,15691.3,0.7,533.0400081
2026-05-07T22:45:00+00:00,15691,15691.05,15688.75,15690.4,15690.6,15691.4,15690.7,15691.4,15688.3,15689.2,15690,15690.8,0.8,524.770007
2026-05-07T22:50:00+00:00,15690.35,15690.95,15688.45,15689.05,15690,15690.7,15690.6,15691.3,15688.1,15688.8,15688.7,15689.4,0.7,226.2600037
2026-05-07T22:55:00+00:00,15689.15,15689.6,15686.1,15689.15,15688.8,15689.5,15689.3,15689.9,15685.6,15686.6,15688.6,15689.7,1.1,339.9800053
2026-05-07T23:00:00+00:00,15689.2,15690.3,15687.4,15687.95,15688.6,15689.8,15690,15690.6,15687,15687.8,15687.7,15688.2,0.5,305.8500057
2026-05-07T23:05:00+00:00,15687.9,15690,15687.85,15689,15687.6,15688.2,15689.7,15690.3,15687.5,15688.2,15688.6,15689.4,0.8,201.0000035
2026-05-07T23:10:00+00:00,15688.95,15689.1,15687.5,15688.5,15688.6,15689.3,15688.7,15689.5,15687.2,15687.8,15688.2,15688.8,0.6,307.8000041
2026-05-07T23:15:00+00:00,15688.45,15690.2,15686.2,15690.15,15688.2,15688.7,15689.9,15690.5,15685.8,15686.6,15689.8,15690.5,0.7,334.0500076
2026-05-07T23:20:00+00:00,15690.1,15691.45,15689.8,15691.35,15689.7,15690.5,15691.2,15691.7,15689.5,15690.1,15691.1,15691.6,0.5,210.0000038
2026-05-07T23:25:00+00:00,15691.3,15691.8,15691.15,15691.4,15691,15691.6,15691.5,15692.1,15690.8,15691.5,15691,15691.8,0.8,170.0100027
2026-05-07T23:30:00+00:00,15691.2,15691.6,15689.35,15689.8,15690.9,15691.5,15691.2,15692,15689.1,15689.6,15689.4,15690.2,0.8,206.2500055
2026-05-07T23:35:00+00:00,15690.05,15690.75,15688.5,15688.8,15689.9,15690.2,15690.6,15690.9,15688.2,15688.8,15688.5,15689.1,0.6,120.9000025
2026-05-07T23:40:00+00:00,15688.85,15689.15,15688.65,15688.8,15688.6,15689.1,15688.9,15689.4,15688.4,15688.9,15688.6,15689,0.4,96.00000215
2026-05-07T23:45:00+00:00,15688.15,15688.2,15684.05,15684.1,15688.1,15688.2,15688.1,15688.3,15683.8,15684.3,15683.9,15684.3,0.4,211.3500029
2026-05-07T23:50:00+00:00,15684.05,15684.65,15682.65,15684.3,15683.7,15684.4,15684.4,15684.9,15682.4,15682.9,15684,15684.6,0.6,409.9500083
2026-05-07T23:55:00+00:00,15684.25,15685.15,15683.6,15685.1,15684,15684.5,15684.8,15685.5,15683.3,15683.9,15684.8,15685.4,0.6,390.8700086
2026-05-08T00:00:00+00:00,15685.8,15690.15,15685.05,15688.55,15685.7,15685.9,15689.9,15690.4,15684.8,15685.3,15688.2,15688.9,0.7,2033.200035
2026-05-08T00:05:00+00:00,15688.8,15689.75,15681.45,15684.45,15688.5,15689.1,15689.4,15690.1,15681.2,15681.7,15684.3,15684.6,0.3,1630.660031
2026-05-08T00:10:00+00:00,15684.5,15689,15683.45,15687.85,15684.4,15684.6,15688.7,15689.3,15683.2,15683.7,15687.6,15688.1,0.5,654.8700119
2026-05-08T00:15:00+00:00,15687.9,15692.1,15687.8,15690.5,15687.6,15688.2,15692,15692.2,15687.6,15688,15690.2,15690.8,0.6,1483.280028
2026-05-08T00:20:00+00:00,15690.5,15691.65,15686.9,15687,15690.1,15690.9,15691.4,15691.9,15686.6,15687.2,15686.7,15687.3,0.6,1009.510013
2026-05-08T00:25:00+00:00,15686.95,15688.15,15685,15686.5,15686.7,15687.2,15687.9,15688.4,15684.7,15685.3,15686.1,15686.9,0.8,806.5300157
2026-05-08T00:30:00+00:00,15686.6,15692.1,15686.3,15688.8,15686.3,15686.9,15691.9,15692.3,15686,15686.6,15688.6,15689,0.4,960.9200182
2026-05-08T00:35:00+00:00,15689,15691.8,15689,15690.75,15688.8,15689.2,15691.5,15692.1,15688.8,15689.2,15690.5,15691,0.5,754.2900133
2026-05-08T00:40:00+00:00,15690.7,15691.8,15689,15690.4,15690.4,15691,15691.6,15692,15688.7,15689.3,15690.2,15690.6,0.4,723.300016
2026-05-08T00:45:00+00:00,15690.35,15692.6,15689.75,15690.1,15690.2,15690.5,15692.3,15692.9,15689.4,15690.1,15689.9,15690.3,0.4,553.390011
2026-05-08T00:50:00+00:00,15690.05,15698.7,15688.2,15698,15689.9,15690.2,15698.5,15698.9,15688,15688.4,15697.7,15698.3,0.6,2076.290042
2026-05-08T00:55:00+00:00,15698.1,15699.25,15694.85,15697.2,15697.8,15698.4,15699,15699.5,15694.6,15695.1,15696.9,15697.5,0.6,1241.710022
2026-05-08T01:00:00+00:00,15697.05,15697.2,15692.65,15696.9,15696.9,15697.2,15696.9,15697.5,15692.4,15692.9,15696.6,15697.2,0.6,1731.700022
2026-05-08T01:05:00+00:00,15696.85,15697.65,15692.75,15694,15696.6,15697.1,15697.4,15697.9,15692.6,15692.9,15693.8,15694.2,0.4,814.3500148
2026-05-08T01:10:00+00:00,15694.7,15695.05,15691,15693.3,15694.6,15694.8,15694.8,15695.3,15690.8,15691.2,15693.1,15693.5,0.4,838.8800159
2026-05-08T01:15:00+00:00,15693.1,15694.4,15687.5,15688.85,15693,15693.2,15694.1,15694.7,15687.4,15687.6,15688.6,15689.1,0.5,988.6200172
2026-05-08T01:20:00+00:00,15688.95,15690.4,15686.55,15690.05,15688.7,15689.2,15690.2,15690.6,15686.4,15686.7,15689.9,15690.2,0.3,542.5500135
2026-05-08T01:25:00+00:00,15689.7,15690.25,15686.6,15690.25,15689.5,15689.9,15690,15690.5,15686.4,15686.8,15690,15690.5,0.5,663.680012
2026-05-08T01:30:00+00:00,15690.05,15690.05,15685.3,15685.65,15689.8,15690.3,15689.8,15690.3,15685.1,15685.5,15685.5,15685.8,0.3,524.1100127
2026-05-08T01:35:00+00:00,15686.1,15690.95,15686.05,15689.05,15685.9,15686.3,15690.8,15691.1,15685.8,15686.3,15688.8,15689.3,0.5,556.6600118
2026-05-08T01:40:00+00:00,15689.15,15692.5,15688.45,15690.75,15688.9,15689.4,15692.3,15692.7,15688.1,15688.8,15690.5,15691,0.5,445.5000088
2026-05-08T01:45:00+00:00,15690.65,15690.85,15688.95,15689.1,15690.4,15690.9,15690.6,15691.1,15688.7,15689.2,15688.9,15689.3,0.4,349.5000076
2026-05-08T01:50:00+00:00,15689.05,15691.45,15688.25,15691.35,15688.7,15689.4,15691.2,15691.7,15688,15688.5,15691.1,15691.6,0.5,313.2000072
2026-05-08T01:55:00+00:00,15691.55,15691.65,15689.75,15690.55,15691.3,15691.8,15691.4,15691.9,15689.5,15690,15690.2,15690.9,0.7,560.1900097
2026-05-08T02:00:00+00:00,15690.55,15694.7,15690.3,15692.75,15690.3,15690.8,15694.4,15695,15690,15690.6,15692.4,15693.1,0.7,694.3300087
2026-05-08T02:05:00+00:00,15692.95,15695.6,15692.85,15693.55,15692.6,15693.3,15695.4,15695.8,15692.6,15693.1,15693.3,15693.8,0.5,541.9000113
2026-05-08T02:10:00+00:00,15693.6,15694.55,15691.85,15693.8,15693.3,15693.9,15694.2,15694.9,15691.7,15692,15693.3,15694.3,1,835.9600127
2026-05-08T02:15:00+00:00,15694,15695.1,15690.15,15691.15,15693.6,15694.4,15694.7,15695.5,15689.9,15690.4,15690.8,15691.5,0.7,999.8600167
2026-05-08T02:20:00+00:00,15691.1,15691.65,15688.7,15691.35,15690.8,15691.4,15691.3,15692,15688.4,15689,15691.1,15691.6,0.5,766.2000076
2026-05-08T02:25:00+00:00,15691.4,15693.6,15691.2,15693.45,15691.2,15691.6,15693.4,15693.8,15690.9,15691.5,15693.2,15693.7,0.5,387.3100045
2026-05-08T02:30:00+00:00,15693.35,15693.9,15691.15,15691.4,15693.1,15693.6,15693.7,15694.1,15690.9,15691.4,15691.1,15691.7,0.6,764.1000105
2026-05-08T02:35:00+00:00,15691.45,15695.95,15691.25,15694.25,15691.2,15691.7,15695.7,15696.2,15691,15691.5,15694,15694.5,0.5,985.950018
2026-05-08T02:40:00+00:00,15694.35,15695,15693.15,15694.75,15693.9,15694.8,15694.7,15695.3,15692.8,15693.5,15694.4,15695.1,0.7,318.9000061
2026-05-08T02:45:00+00:00,15694.8,15694.8,15688.35,15689.2,15694.5,15695.1,15694.5,15695.1,15688.1,15688.6,15688.9,15689.5,0.6,546.2100079
2026-05-08T02:50:00+00:00,15688.75,15692.45,15687.7,15690.1,15688.5,15689,15692.1,15692.8,15687.4,15688,15689.8,15690.4,0.6,914.5000153
2026-05-08T02:55:00+00:00,15690.2,15690.2,15687.55,15689.15,15689.9,15690.5,15689.9,15690.5,15687.2,15687.9,15689,15689.3,0.3,497.7000083
2026-05-08T03:00:00+00:00,15689.1,15689.8,15687.65,15687.7,15688.9,15689.3,15689.5,15690.1,15687.4,15687.9,15687.4,15688,0.6,493.3500069
2026-05-08T03:05:00+00:00,15687.65,15688.8,15686.4,15686.75,15687.4,15687.9,15688.6,15689,15686.2,15686.6,15686.5,15687,0.5,581.7900126
2026-05-08T03:10:00+00:00,15686.7,15686.7,15683.4,15685,15686.4,15687,15686.4,15687,15683.1,15683.7,15684.8,15685.2,0.4,746.4000113
2026-05-08T03:15:00+00:00,15685.05,15685.95,15684.85,15685.2,15684.9,15685.2,15685.7,15686.2,15684.6,15685.1,15685,15685.4,0.4,469.5400044
2026-05-08T03:20:00+00:00,15685.65,15686.7,15685.45,15686.15,15685.5,15685.8,15686.4,15687,15685.1,15685.8,15685.9,15686.4,0.5,212.5500031
2026-05-08T03:25:00+00:00,15686.2,15686.6,15681.8,15685.1,15685.9,15686.5,15686.4,15686.8,15681.5,15682.1,15684.8,15685.4,0.6,466.0200062
2026-05-08T03:30:00+00:00,15685.2,15685.3,15677.05,15678.25,15684.9,15685.5,15685.1,15685.5,15676.8,15677.3,15677.9,15678.6,0.7,787.9200138
2026-05-08T03:35:00+00:00,15678.05,15680.55,15678.05,15680.1,15677.7,15678.4,15680.3,15680.8,15677.7,15678.4,15679.8,15680.4,0.6,590.490009
2026-05-08T03:40:00+00:00,15679.95,15680.15,15677.6,15678.25,15679.6,15680.3,15679.8,15680.5,15677.4,15677.8,15678,15678.5,0.5,387.5900036
2026-05-08T03:45:00+00:00,15678.2,15682.7,15678.05,15681.9,15677.9,15678.5,15682.4,15683,15677.9,15678.2,15681.6,15682.2,0.6,381.000007
2026-05-08T03:50:00+00:00,15681.95,15684.25,15681.7,15683.95,15681.7,15682.2,15684,15684.5,15681.4,15682,15683.6,15684.3,0.7,423.1500065
2026-05-08T03:55:00+00:00,15684,15684.15,15682.55,15684,15683.7,15684.3,15683.8,15684.5,15682.3,15682.8,15683.7,15684.3,0.6,364.5000068
2026-05-08T04:00:00+00:00,15683.9,15684.95,15682.9,15684.65,15683.6,15684.2,15684.8,15685.1,15682.6,15683.2,15684.4,15684.9,0.5,408.0000041
2026-05-08T04:05:00+00:00,15684.55,15688.05,15684.35,15685.65,15684.3,15684.8,15687.9,15688.2,15684.1,15684.6,15685.5,15685.8,0.3,539.3500059
2026-05-08T04:10:00+00:00,15685.9,15686.65,15684.2,15685.95,15685.7,15686.1,15686.3,15687,15683.9,15684.5,15685.7,15686.2,0.5,485.8100059
2026-05-08T04:15:00+00:00,15685.85,15688.45,15685.35,15685.65,15685.6,15686.1,15688.2,15688.7,15685.1,15685.6,15685.4,15685.9,0.5,588.0000075
2026-05-08T04:20:00+00:00,15685.7,15688.8,15685.65,15687.65,15685.5,15685.9,15688.6,15689,15685.4,15685.9,15687.4,15687.9,0.5,664.9500067
2026-05-08T04:25:00+00:00,15687.7,15687.8,15686.35,15686.85,15687.5,15687.9,15687.5,15688.1,15686.1,15686.6,15686.6,15687.1,0.5,533.4000075
2026-05-08T04:30:00+00:00,15686.7,15688.05,15686.15,15687.3,15686.5,15686.9,15687.8,15688.3,15686,15686.3,15687,15687.6,0.6,384.5700064
2026-05-08T04:35:00+00:00,15687.7,15689.9,15687.35,15689,15687.6,15687.8,15689.7,15690.1,15687.1,15687.6,15688.7,15689.3,0.6,656.5500084
2026-05-08T04:40:00+00:00,15688.95,15690.2,15686.65,15686.7,15688.6,15689.3,15689.9,15690.5,15686.5,15686.8,15686.6,15686.8,0.2,648.4500099
2026-05-08T04:45:00+00:00,15686.85,15688.7,15686.85,15687.65,15686.6,15687.1,15688.5,15688.9,15686.6,15687.1,15687.4,15687.9,0.5,264.3900056
2026-05-08T04:50:00+00:00,15687.95,15689.15,15686.35,15687.25,15687.7,15688.2,15688.9,15689.4,15686,15686.7,15687,15687.5,0.5,303.1500072
2026-05-08T04:55:00+00:00,15687.35,15688.85,15684.55,15684.75,15687.1,15687.6,15688.6,15689.1,15684.3,15684.8,15684.4,15685.1,0.7,462.3100078
2026-05-08T05:00:00+00:00,15684.55,15686.55,15683.65,15686.3,15684.5,15684.6,15686.3,15686.8,15683.4,15683.9,15686,15686.6,0.6,566.3400091
2026-05-08T05:05:00+00:00,15686.25,15687.95,15684.55,15685.8,15686,15686.5,15687.7,15688.2,15684.3,15684.8,15685.4,15686.2,0.8,350.6700072
2026-05-08T05:10:00+00:00,15685.9,15688,15685.15,15687.75,15685.5,15686.3,15687.8,15688.2,15684.9,15685.4,15687.5,15688,0.5,713.8500102
2026-05-08T05:15:00+00:00,15687.95,15688.5,15687.15,15687.6,15687.7,15688.2,15688.3,15688.7,15686.9,15687.4,15687.4,15687.8,0.4,496.8100061
2026-05-08T05:20:00+00:00,15687.65,15687.75,15685.05,15686.15,15687.5,15687.8,15687.6,15687.9,15684.9,15685.2,15685.9,15686.4,0.5,385.7100079
2026-05-08T05:25:00+00:00,15686.3,15686.7,15684.85,15685,15686.2,15686.4,15686.5,15686.9,15684.6,15685.1,15684.7,15685.3,0.6,458.2900058
2026-05-08T05:30:00+00:00,15685,15685.15,15681.55,15683.15,15684.7,15685.3,15684.9,15685.4,15681.3,15681.8,15682.9,15683.4,0.5,948.1500126
2026-05-08T05:35:00+00:00,15683.3,15685.25,15683,15684.9,15683.2,15683.4,15685.1,15685.4,15682.8,15683.2,15684.7,15685.1,0.4,903.6000049
2026-05-08T05:40:00+00:00,15684.85,15685.1,15682.7,15683.05,15684.7,15685,15684.8,15685.4,15682.5,15682.9,15682.8,15683.3,0.5,488.5500094
2026-05-08T05:45:00+00:00,15682.85,15684.3,15682.8,15684,15682.6,15683.1,15684,15684.6,15682.5,15683.1,15683.7,15684.3,0.6,575.550005
2026-05-08T05:50:00+00:00,15683.9,15686.7,15683.9,15684.8,15683.6,15684.2,15686.4,15687,15683.6,15684.2,15684.5,15685.1,0.6,403.650007
2026-05-08T05:55:00+00:00,15684.95,15686,15682.2,15683.6,15684.8,15685.1,15685.7,15686.3,15681.9,15682.5,15683.2,15684,0.8,1095.330013
2026-05-08T06:00:00+00:00,15683.55,15684.1,15677.85,15679.3,15683.3,15683.8,15683.8,15684.4,15677.6,15678.1,15679,15679.6,0.6,1299.160021
2026-05-08T06:05:00+00:00,15679.25,15680.65,15675.75,15679.95,15679,15679.5,15680.4,15680.9,15675.4,15676.1,15679.7,15680.2,0.5,1684.050026
2026-05-08T06:10:00+00:00,15679.7,15684.85,15679.4,15684.85,15679.5,15679.9,15684.7,15685,15679.2,15679.6,15684.7,15685,0.3,1389.15002
2026-05-08T06:15:00+00:00,15684.6,15684.65,15681,15682.05,15684.4,15684.8,15684.4,15684.9,15680.8,15681.2,15681.8,15682.3,0.5,798.3300102
2026-05-08T06:20:00+00:00,15681.9,15682.2,15679.1,15679.5,15681.7,15682.1,15682,15682.4,15678.9,15679.3,15679.3,15679.7,0.4,1063.950017
2026-05-08T06:25:00+00:00,15679.55,15680.3,15675.45,15675.45,15679.3,15679.8,15680.1,15680.5,15675.2,15675.7,15675.2,15675.7,0.5,795.4400126
2026-05-08T06:30:00+00:00,15675.6,15681.25,15675.45,15678.1,15675.4,15675.8,15681,15681.5,15675.2,15675.7,15677.8,15678.4,0.6,1209.98002
2026-05-08T06:35:00+00:00,15678.15,15679.95,15677.7,15678.6,15677.9,15678.4,15679.7,15680.2,15677.5,15677.9,15678.4,15678.8,0.4,575.2500076
2026-05-08T06:40:00+00:00,15678.25,15678.35,15671.6,15676.8,15678.2,15678.3,15678.2,15678.5,15671.4,15671.8,15676.5,15677.1,0.6,1219.560025
2026-05-08T06:45:00+00:00,15676.75,15680.4,15676.7,15678.85,15676.6,15676.9,15680.2,15680.6,15676.5,15676.9,15678.7,15679,0.3,859.4500129
2026-05-08T06:50:00+00:00,15678.8,15679.55,15676.5,15679.2,15678.6,15679,15679.4,15679.7,15676.4,15676.6,15679,15679.4,0.4,678.6000108
2026-05-08T06:55:00+00:00,15679.15,15683.35,15678.75,15683.3,15678.9,15679.4,15683.2,15683.5,15678.5,15679,15683.2,15683.4,0.2,684.4500051
2026-05-08T07:00:00+00:00,15683.25,15683.8,15677.3,15677.5,15683,15683.5,15683.6,15684,15676.9,15677.7,15677.2,15677.8,0.6,918.6000185
2026-05-08T07:05:00+00:00,15676.65,15679.1,15674,15677.95,15676.6,15676.7,15678.8,15679.4,15673.8,15674.2,15677.7,15678.2,0.5,1172.090018
2026-05-08T07:10:00+00:00,15677.85,15683.8,15676.45,15683.5,15677.6,15678.1,15683.5,15684.1,15676.2,15676.7,15683.3,15683.7,0.4,964.8400154
2026-05-08T07:15:00+00:00,15683.55,15684.05,15680.1,15680.85,15683.3,15683.8,15683.7,15684.4,15679.7,15680.5,15680.6,15681.1,0.5,1000.410013
2026-05-08T07:20:00+00:00,15681,15683.5,15680,15682.05,15680.7,15681.3,15683.3,15683.7,15679.8,15680.2,15681.8,15682.3,0.5,1046.320013
2026-05-08T07:25:00+00:00,15682.15,15685.45,15682.05,15683.8,15681.8,15682.5,15685.2,15685.7,15681.8,15682.3,15683.6,15684,0.4,826.5700166
2026-05-08T07:30:00+00:00,15683.6,15683.7,15678.8,15680.15,15683.3,15683.9,15683.5,15683.9,15678.6,15679,15679.9,15680.4,0.5,743.840009
2026-05-08T07:35:00+00:00,15680.25,15681.8,15679.2,15680.55,15679.9,15680.6,15681.6,15682,15679,15679.4,15680.3,15680.8,0.5,806.6800127
2026-05-08T07:40:00+00:00,15680.5,15682.55,15679.25,15681.65,15680.2,15680.8,15682.2,15682.9,15679,15679.5,15681.4,15681.9,0.5,801.2100146
2026-05-08T07:45:00+00:00,15681.5,15684.75,15680.5,15682.45,15681.2,15681.8,15684.5,15685,15680.4,15680.6,15682.3,15682.6,0.3,904.6100157
2026-05-08T07:50:00+00:00,15682.15,15682.7,15679.75,15680.35,15681.9,15682.4,15682.5,15682.9,15679.6,15679.9,15680.1,15680.6,0.5,548.2000115
2026-05-08T07:55:00+00:00,15680.45,15684.3,15680.4,15683.45,15680.1,15680.8,15684.1,15684.5,15680.1,15680.7,15683.2,15683.7,0.5,422.5700057
2026-05-08T08:00:00+00:00,15683.5,15685.95,15682.45,15683.7,15683.3,15683.7,15685.7,15686.2,15682.1,15682.8,15683.5,15683.9,0.4,909.6800147
2026-05-08T08:05:00+00:00,15683.35,15684.45,15681.85,15682.95,15683.2,15683.5,15684.2,15684.7,15681.7,15682,15682.7,15683.2,0.5,470.0000085
2026-05-08T08:10:00+00:00,15682.85,15682.85,15680.2,15681.25,15682.6,15683.1,15682.6,15683.1,15680,15680.4,15681,15681.5,0.5,742.5700139
2026-05-08T08:15:00+00:00,15681.15,15681.4,15677.65,15678.15,15681,15681.3,15681.1,15681.7,15677.4,15677.9,15677.9,15678.4,0.5,739.9800174
2026-05-08T08:20:00+00:00,15677.95,15679.1,15672.1,15674.5,15677.7,15678.2,15678.9,15679.3,15671.8,15672.4,15674.3,15674.7,0.4,1226.310026
2026-05-08T08:25:00+00:00,15674.45,15674.65,15672.65,15673.2,15674.2,15674.7,15674.4,15674.9,15672.4,15672.9,15672.9,15673.5,0.6,1439.090017
2026-05-08T08:30:00+00:00,15673.05,15673.1,15668.7,15670.95,15672.9,15673.2,15672.9,15673.3,15668.4,15669,15670.7,15671.2,0.5,1238.180012
2026-05-08T08:35:00+00:00,15670.9,15671.6,15668.15,15668.55,15670.7,15671.1,15671.3,15671.9,15667.8,15668.5,15668.3,15668.8,0.5,927.030013
2026-05-08T08:40:00+00:00,15668.6,15669.25,15665,15665.65,15668.4,15668.8,15669,15669.5,15664.8,15665.2,15665.3,15666,0.7,927.3800131
2026-05-08T08:45:00+00:00,15665.75,15669.15,15663.75,15667.7,15665.5,15666,15668.8,15669.5,15663.5,15664,15667.5,15667.9,0.4,1404.670016
2026-05-08T08:50:00+00:00,15667.85,15670.3,15665.85,15669.55,15667.6,15668.1,15670.1,15670.5,15665.6,15666.1,15669.4,15669.7,0.3,1093.51002
2026-05-08T08:55:00+00:00,15669.65,15672.35,15669.4,15670.55,15669.5,15669.8,15672.1,15672.6,15669.1,15669.7,15670.4,15670.7,0.3,1072.680019
2026-05-08T09:00:00+00:00,15670.45,15670.95,15663,15665.65,15670.2,15670.7,15670.6,15671.3,15662.7,15663.3,15665.4,15665.9,0.5,1425.530018
2026-05-08T09:05:00+00:00,15665.65,15667.25,15663.55,15666.55,15665.4,15665.9,15666.9,15667.6,15663.3,15663.8,15666.3,15666.8,0.5,857.8900108
2026-05-08T09:10:00+00:00,15666.7,15667.25,15666,15667,15666.5,15666.9,15667.1,15667.4,15665.7,15666.3,15666.8,15667.2,0.4,478.4900061
2026-05-08T09:15:00+00:00,15667.1,15667.1,15663.4,15665.95,15667,15667.2,15667,15667.2,15663.2,15663.6,15665.7,15666.2,0.5,669.1700104
2026-05-08T09:20:00+00:00,15666.05,15666.4,15663.75,15665.5,15665.7,15666.4,15666.3,15666.5,15663.5,15664,15665.3,15665.7,0.4,753.8800168
2026-05-08T09:25:00+00:00,15665.4,15669.1,15665.05,15668.35,15665.3,15665.5,15668.9,15669.3,15664.8,15665.3,15668.2,15668.5,0.3,667.0100117
2026-05-08T09:30:00+00:00,15668.35,15668.45,15664,15664.35,15668.2,15668.5,15668.3,15668.6,15663.8,15664.2,15664.2,15664.5,0.3,629.4300079
2026-05-08T09:35:00+00:00,15664.3,15665.7,15664.25,15665,15664.1,15664.5,15665.6,15665.8,15664.1,15664.4,15664.8,15665.2,0.4,344.960008
2026-05-08T09:40:00+00:00,15664.95,15666.4,15664.75,15666.15,15664.8,15665.1,15666.2,15666.6,15664.5,15665,15665.9,15666.4,0.5,514.4800113
2026-05-08T09:45:00+00:00,15666.2,15667.3,15665.5,15666.7,15665.9,15666.5,15667.1,15667.5,15665.3,15665.7,15666.4,15667,0.6,512.0900083
2026-05-08T09:50:00+00:00,15666.35,15671.25,15665.9,15668.1,15666.2,15666.5,15671,15671.5,15665.7,15666.1,15667.8,15668.4,0.6,732.9300105
2026-05-08T09:55:00+00:00,15668.15,15670.65,15667.8,15668.1,15667.9,15668.4,15670.3,15671,15667.5,15668.1,15667.9,15668.3,0.4,967.8600125
2026-05-08T10:00:00+00:00,15668.05,15669.05,15665.65,15669.05,15667.7,15668.4,15668.8,15669.3,15665.3,15666,15668.8,15669.3,0.5,1054.850012
2026-05-08T10:05:00+00:00,15668.9,15670.55,15667.85,15670.15,15668.7,15669.1,15670.4,15670.7,15667.6,15668.1,15670,15670.3,0.3,515.3600093
2026-05-08T10:10:00+00:00,15670.3,15670.8,15669.4,15670.5,15670.1,15670.5,15670.5,15671.1,15669.1,15669.7,15670.2,15670.8,0.6,318.600005
2026-05-08T10:15:00+00:00,15670.6,15671.05,15669.35,15669.9,15670.2,15671,15670.8,15671.3,15669.2,15669.5,15669.7,15670.1,0.4,344.3600038
2026-05-08T10:20:00+00:00,15669.7,15670.45,15668.3,15668.55,15669.5,15669.9,15670.3,15670.6,15668.1,15668.5,15668.3,15668.8,0.5,460.2700063
2026-05-08T10:25:00+00:00,15668.8,15671.5,15668.2,15671.4,15668.6,15669,15671.4,15671.6,15668,15668.4,15671.2,15671.6,0.4,466.7200103
2026-05-08T10:30:00+00:00,15671.45,15672.5,15669.35,15672.5,15671.3,15671.6,15672.2,15672.8,15669,15669.7,15672.2,15672.8,0.6,533.8500092
2026-05-08T10:35:00+00:00,15672.55,15673.65,15671.9,15672.25,15672.3,15672.8,15673.4,15673.9,15671.7,15672.1,15672,15672.5,0.5,416.8100088
2026-05-08T10:40:00+00:00,15672.15,15673.95,15671.95,15673.75,15671.9,15672.4,15673.8,15674.1,15671.7,15672.2,15673.6,15673.9,0.3,374.6200079
2026-05-08T10:45:00+00:00,15674,15675.2,15673.15,15675.15,15673.8,15674.2,15675.1,15675.3,15672.9,15673.4,15675,15675.3,0.3,363.6800073
2026-05-08T10:50:00+00:00,15675.1,15676.6,15673.9,15676.15,15674.9,15675.3,15676.3,15676.9,15673.7,15674.1,15675.8,15676.5,0.7,366.4000049
2026-05-08T10:55:00+00:00,15676.05,15678.75,15675.55,15677.25,15675.7,15676.4,15678.5,15679,15675.4,15675.7,15677,15677.5,0.5,805.4900123
2026-05-08T11:00:00+00:00,15677.3,15678.45,15676.5,15676.6,15677.1,15677.5,15678.3,15678.6,15676.4,15676.6,15676.4,15676.8,0.4,490.6100099
2026-05-08T11:05:00+00:00,15676.55,15677.8,15675.5,15675.75,15676.3,15676.8,15677.6,15678,15675.3,15675.7,15675.6,15675.9,0.3,511.9100105
2026-05-08T11:10:00+00:00,15675.7,15678.65,15675,15677.05,15675.6,15675.8,15678.4,15678.9,15674.8,15675.2,15676.8,15677.3,0.5,706.4600101
2026-05-08T11:15:00+00:00,15677.2,15677.25,15675.45,15676.85,15677,15677.4,15677,15677.5,15675.3,15675.6,15676.7,15677,0.3,378.1500072
2026-05-08T11:20:00+00:00,15676.9,15677.55,15675.9,15676.35,15676.7,15677.1,15677.3,15677.8,15675.7,15676.1,15676.1,15676.6,0.5,339.7700055
2026-05-08T11:25:00+00:00,15676.45,15677.25,15676.15,15676.95,15676.2,15676.7,15677,15677.5,15675.8,15676.5,15676.6,15677.3,0.7,324.1500057
2026-05-08T11:30:00+00:00,15676.85,15678.15,15675.3,15677.6,15676.6,15677.1,15678,15678.3,15675.1,15675.5,15677.4,15677.8,0.4,320.2500058
2026-05-08T11:35:00+00:00,15677.15,15678.65,15675.95,15677.6,15677,15677.3,15678.5,15678.8,15675.8,15676.1,15677.4,15677.8,0.4,485.6600089
2026-05-08T11:40:00+00:00,15677.55,15678.6,15676.3,15677.85,15677.4,15677.7,15678.4,15678.8,15676,15676.6,15677.7,15678,0.3,286.2000065
2026-05-08T11:45:00+00:00,15677.95,15678.3,15676.2,15676.45,15677.7,15678.2,15678.1,15678.5,15676,15676.4,15676.3,15676.6,0.3,619.4900107
2026-05-08T11:50:00+00:00,15676.55,15677.6,15675.4,15675.75,15676.3,15676.8,15677.5,15677.7,15675.2,15675.6,15675.5,15676,0.5,738.710012
2026-05-08T11:55:00+00:00,15675.65,15676.15,15672.75,15675.15,15675.4,15675.9,15676,15676.3,15672.5,15673,15674.9,15675.4,0.5,1469.160016
2026-05-08T12:00:00+00:00,15675.25,15675.65,15673.15,15674.55,15675.1,15675.4,15675.4,15675.9,15672.9,15673.4,15674.3,15674.8,0.5,1070.150015
2026-05-08T12:05:00+00:00,15674.45,15676,15674.2,15675.45,15674.2,15674.7,15675.7,15676.3,15674,15674.4,15675.2,15675.7,0.5,897.1800131
2026-05-08T12:10:00+00:00,15675.4,15677.65,15675.1,15676.7,15675.1,15675.7,15677.5,15677.8,15674.8,15675.4,15676.5,15676.9,0.4,647.7000147
2026-05-08T12:15:00+00:00,15676.65,15676.7,15672.85,15673.25,15676.4,15676.9,15676.5,15676.9,15672.7,15673,15673,15673.5,0.5,865.1500109
2026-05-08T12:20:00+00:00,15673.3,15676.55,15673.05,15674.85,15673,15673.6,15676.3,15676.8,15672.8,15673.3,15674.6,15675.1,0.5,957.0600152
2026-05-08T12:25:00+00:00,15674.65,15677.15,15673.7,15674.3,15674.5,15674.8,15676.9,15677.4,15673.3,15674.1,15673.4,15675.2,1.8,1062.260017
2026-05-08T12:30:00+00:00,15674.45,15683.05,15652.1,15656.1,15673.4,15675.5,15682.7,15683.4,15651.9,15652.3,15655.8,15656.4,0.6,4707.760095
2026-05-08T12:35:00+00:00,15656.25,15662.35,15654.6,15657.9,15655.9,15656.6,15662.1,15662.6,15654.4,15654.8,15657.7,15658.1,0.4,3058.660051
2026-05-08T12:40:00+00:00,15657.8,15662.45,15657.75,15658.55,15657.6,15658,15662.1,15662.8,15657.6,15657.9,15658.2,15658.9,0.7,2004.460039
2026-05-08T12:45:00+00:00,15658.6,15662.15,15657.45,15661.65,15658.4,15658.8,15661.9,15662.4,15657.2,15657.7,15661.4,15661.9,0.5,1881.410039
2026-05-08T12:50:00+00:00,15661.4,15666.9,15654.35,15654.35,15661.2,15661.6,15666.6,15667.2,15654,15654.7,15654,15654.7,0.7,1704.820027
2026-05-08T12:55:00+00:00,15654.5,15666.25,15654.05,15664.35,15654,15655,15666,15666.5,15653.7,15654.4,15664.2,15664.5,0.3,2700.440044
2026-05-08T13:00:00+00:00,15664.35,15666.75,15661.1,15664.4,15663.9,15664.8,15666.5,15667,15660.9,15661.3,15664.2,15664.6,0.4,2128.060045
2026-05-08T13:05:00+00:00,15664.7,15670.3,15664.25,15667.6,15664.5,15664.9,15670,15670.6,15664,15664.5,15667.4,15667.8,0.4,1706.920022
2026-05-08T13:10:00+00:00,15667.75,15669.65,15664.3,15665.85,15667.5,15668,15669.5,15669.8,15664,15664.6,15665.6,15666.1,0.5,1448.020023
2026-05-08T13:15:00+00:00,15665.75,15667.3,15656.3,15659.5,15665.5,15666,15667.1,15667.5,15656.1,15656.5,15659.3,15659.7,0.4,1612.450024
2026-05-08T13:20:00+00:00,15659.35,15659.45,15654.1,15657.35,15659.2,15659.5,15659.3,15659.6,15653.9,15654.3,15657.1,15657.6,0.5,1002.270017
2026-05-08T13:25:00+00:00,15657.25,15657.25,15645.6,15649.6,15657,15657.5,15657,15657.5,15645.4,15645.8,15649.3,15649.9,0.6,1165.720018
2026-05-08T13:30:00+00:00,15649.5,15654.35,15645.2,15645.95,15649.3,15649.7,15654.2,15654.5,15644.9,15645.5,15645.7,15646.2,0.5,2124.460034
2026-05-08T13:35:00+00:00,15645.9,15651.35,15643.5,15650.95,15645.7,15646.1,15651,15651.7,15643.2,15643.8,15650.7,15651.2,0.5,2231.470033
2026-05-08T13:40:00+00:00,15651.1,15654.4,15648.7,15650.1,15650.8,15651.4,15654.3,15654.5,15648.4,15649,15650,15650.2,0.2,2522.950029
2026-05-08T13:45:00+00:00,15649.95,15653.2,15646.4,15652.15,15649.7,15650.2,15653,15653.4,15646.2,15646.6,15651.9,15652.4,0.5,2450.010015
2026-05-08T13:50:00+00:00,15652.25,15654.75,15651.55,15652.05,15652,15652.5,15654.5,15655,15651.5,15651.6,15651.8,15652.3,0.5,1456.29002
2026-05-08T13:55:00+00:00,15651.95,15654.2,15651,15652.1,15651.8,15652.1,15654,15654.4,15650.7,15651.3,15651.5,15652.7,1.2,824.2500135
2026-05-08T14:00:00+00:00,15652.25,15657.15,15650.35,15656.85,15651.6,15652.9,15656.9,15657.4,15649.8,15650.9,15656.6,15657.1,0.5,1068.080017
2026-05-08T14:05:00+00:00,15656.9,15663.25,15656.15,15663.05,15656.7,15657.1,15663,15663.5,15656,15656.3,15662.9,15663.2,0.3,1786.140025
2026-05-08T14:10:00+00:00,15663.15,15666.65,15660.4,15661.25,15662.9,15663.4,15666.4,15666.9,15660.1,15660.7,15661,15661.5,0.5,1635.340025
2026-05-08T14:15:00+00:00,15661.3,15662.15,15659.25,15660.55,15661.1,15661.5,15661.9,15662.4,15659,15659.5,15660.3,15660.8,0.5,1709.650022
2026-05-08T14:20:00+00:00,15660.5,15662.85,15660.2,15662.25,15660.3,15660.7,15662.6,15663.1,15660,15660.4,15661.9,15662.6,0.7,1202.010016
2026-05-08T14:25:00+00:00,15662.2,15666.45,15661.65,15665.9,15662,15662.4,15666.2,15666.7,15661.4,15661.9,15665.8,15666,0.2,1624.740022
2026-05-08T14:30:00+00:00,15665.8,15665.85,15662.05,15662.9,15665.7,15665.9,15665.7,15666,15661.8,15662.3,15662.7,15663.1,0.4,1160.520018
2026-05-08T14:35:00+00:00,15662.85,15663.8,15659.25,15660.95,15662.7,15663,15663.6,15664,15659.1,15659.4,15660.7,15661.2,0.5,903.7500184
2026-05-08T14:40:00+00:00,15661,15661,15657.25,15660.3,15660.8,15661.2,15660.8,15661.2,15657,15657.5,15660.1,15660.5,0.4,1099.960015
2026-05-08T14:45:00+00:00,15660.8,15660.8,15655.85,15658.1,15660.5,15661.1,15660.5,15661.1,15655.6,15656.1,15657.9,15658.3,0.4,741.540013
2026-05-08T14:50:00+00:00,15658.2,15660.1,15656.65,15657,15658,15658.4,15659.9,15660.3,15656.5,15656.8,15656.7,15657.3,0.6,905.1400176
2026-05-08T14:55:00+00:00,15656.9,15664.55,15656.85,15662.85,15656.7,15657.1,15664.4,15664.7,15656.7,15657,15662.6,15663.1,0.5,2189.730036
2026-05-08T15:00:00+00:00,15662.95,15666.35,15659.5,15665.2,15662.7,15663.2,15666.2,15666.5,15659.3,15659.7,15665,15665.4,0.4,2516.100036
2026-05-08T15:05:00+00:00,15665.1,15665.1,15655.6,15661.1,15665,15665.2,15665,15665.2,15655.4,15655.8,15660.9,15661.3,0.4,2195.970033
2026-05-08T15:10:00+00:00,15661,15664.35,15659.3,15663.2,15660.8,15661.2,15664,15664.7,15659,15659.6,15662.9,15663.5,0.6,1211.490019
2026-05-08T15:15:00+00:00,15663.1,15665.65,15662.05,15663.4,15662.9,15663.3,15665.5,15665.8,15661.8,15662.3,15663.1,15663.7,0.6,1206.900025
2026-05-08T15:20:00+00:00,15663.3,15664.35,15660.7,15663.6,15663.1,15663.5,15664.2,15664.5,15660.5,15660.9,15663.4,15663.8,0.4,1231.140023
2026-05-08T15:25:00+00:00,15663.8,15665,15661.7,15661.7,15663.6,15664,15664.7,15665.3,15661.5,15661.9,15661.5,15661.9,0.4,1216.320025
2026-05-08T15:30:00+00:00,15661.55,15666.6,15661.4,15661.7,15661.3,15661.8,15666.4,15666.8,15661.3,15661.5,15661.5,15661.9,0.4,1490.82003
2026-05-08T15:35:00+00:00,15661.45,15663.7,15660.45,15662.3,15661.3,15661.6,15663.5,15663.9,15660.2,15660.7,15662.1,15662.5,0.4,822.3300146
2026-05-08T15:40:00+00:00,15662.25,15667.5,15662.25,15665,15662,15662.5,15667.3,15667.7,15662,15662.5,15664.8,15665.2,0.4,917.8500146
2026-05-08T15:45:00+00:00,15665.4,15666.75,15662.8,15664.25,15665.1,15665.7,15666.6,15666.9,15662.6,15663,15664,15664.5,0.5,970.4700178
2026-05-08T15:50:00+00:00,15663.65,15665.2,15662.85,15664.6,15663.6,15663.7,15665,15665.4,15662.7,15663,15664.5,15664.7,0.2,930.1800143
2026-05-08T15:55:00+00:00,15664.65,15665.35,15662,15664.65,15664.4,15664.9,15665.1,15665.6,15661.8,15662.2,15664.5,15664.8,0.3,1253.160017
2026-05-08T16:00:00+00:00,15664.7,15665.25,15662.75,15664.45,15664.6,15664.8,15665,15665.5,15662.7,15662.8,15664.3,15664.6,0.3,1610.310009
2026-05-08T16:05:00+00:00,15664.15,15665.1,15660.1,15664.25,15664,15664.3,15664.9,15665.3,15660,15660.2,15664.1,15664.4,0.3,1179.210017
2026-05-08T16:10:00+00:00,15664.3,15666.8,15664,15666.5,15664.1,15664.5,15666.6,15667,15663.7,15664.3,15666.3,15666.7,0.4,1048.17001
2026-05-08T16:15:00+00:00,15666.45,15666.45,15664.8,15665.55,15666.3,15666.6,15666.3,15666.6,15664.6,15665,15665.3,15665.8,0.5,568.4700048
2026-05-08T16:20:00+00:00,15665.5,15666.35,15664.4,15664.65,15665.3,15665.7,15666.2,15666.5,15664.2,15664.6,15664.4,15664.9,0.5,650.2200037
2026-05-08T16:25:00+00:00,15664.8,15665.6,15663.05,15663.4,15664.5,15665.1,15665.4,15665.8,15662.9,15663.2,15663.2,15663.6,0.4,521.8200063
2026-05-08T16:30:00+00:00,15663.35,15666.05,15663.35,15665.3,15663.2,15663.5,15665.8,15666.3,15663.2,15663.5,15665.1,15665.5,0.4,296.6400038
2026-05-08T16:35:00+00:00,15665.1,15667.5,15664.95,15667.5,15664.9,15665.3,15667.3,15667.7,15664.8,15665.1,15667.3,15667.7,0.4,228.930004
2026-05-08T16:40:00+00:00,15667.7,15670.65,15667.7,15669.55,15667.4,15668,15670.5,15670.8,15667.4,15668,15669.4,15669.7,0.3,588.720006
2026-05-08T16:45:00+00:00,15669.6,15670.15,15666.7,15666.75,15669.4,15669.8,15669.8,15670.5,15666.4,15667,15666.5,15667,0.5,434.3100082
2026-05-08T16:50:00+00:00,15666.85,15668.05,15666.65,15667.75,15666.6,15667.1,15667.9,15668.2,15666.5,15666.8,15667.5,15668,0.5,283.7700073
2026-05-08T16:55:00+00:00,15667.7,15669.9,15667.45,15669.85,15667.5,15667.9,15669.6,15670.2,15667.3,15667.6,15669.6,15670.1,0.5,391.5900092
2026-05-08T17:00:00+00:00,15670,15671.7,15669.2,15670.8,15669.8,15670.2,15671.5,15671.9,15669,15669.4,15670.6,15671,0.4,595.0800124
2026-05-08T17:05:00+00:00,15670.75,15671.5,15668.85,15671.3,15670.6,15670.9,15671.3,15671.7,15668.6,15669.1,15671.1,15671.5,0.4,497.0700082
2026-05-08T17:10:00+00:00,15671.35,15671.7,15670.1,15671.7,15671.2,15671.5,15671.5,15671.9,15669.9,15670.3,15671.5,15671.9,0.4,217.5900038
2026-05-08T17:15:00+00:00,15671.55,15671.55,15668.6,15669.05,15671.3,15671.8,15671.3,15671.8,15668.4,15668.8,15668.7,15669.4,0.7,266.4000032
2026-05-08T17:20:00+00:00,15669.1,15670.95,15665.85,15666.5,15668.7,15669.5,15670.7,15671.2,15665.6,15666.1,15666.2,15666.8,0.6,687.6700065
2026-05-08T17:25:00+00:00,15666.6,15666.9,15661.6,15662.85,15666.3,15666.9,15666.7,15667.1,15661.5,15661.7,15662.7,15663,0.3,521.7900105
2026-05-08T17:30:00+00:00,15662.9,15666.05,15662.7,15664.3,15662.6,15663.2,15665.7,15666.4,15662.5,15662.9,15664.1,15664.5,0.4,451.3500068
2026-05-08T17:35:00+00:00,15664.3,15665.55,15663.9,15664.85,15664.1,15664.5,15665.3,15665.8,15663.6,15664.2,15664.6,15665.1,0.5,347.0100052
2026-05-08T17:40:00+00:00,15665.05,15665.65,15664.1,15665.65,15664.7,15665.4,15665.5,15665.8,15663.8,15664.4,15665.5,15665.8,0.3,253.6500036
2026-05-08T17:45:00+00:00,15665.55,15667.55,15665.45,15666.55,15665.4,15665.7,15667.4,15667.7,15665.2,15665.7,15666.3,15666.8,0.5,350.610006
2026-05-08T17:50:00+00:00,15666.6,15667.8,15665.95,15666.75,15666.4,15666.8,15667.7,15667.9,15665.7,15666.2,15666.5,15667,0.5,593.1900065
2026-05-08T17:55:00+00:00,15666.6,15669.15,15666.5,15669.1,15666.3,15666.9,15668.9,15669.4,15666.3,15666.7,15668.8,15669.4,0.6,397.8900069
2026-05-08T18:00:00+00:00,15669.2,15670.2,15661.75,15662.75,15669,15669.4,15670,15670.4,15661.5,15662,15662.6,15662.9,0.3,2464.250028
2026-05-08T18:05:00+00:00,15662.8,15662.9,15659.45,15660.5,15662.7,15662.9,15662.7,15663.1,15659.2,15659.7,15660.2,15660.8,0.6,1435.630017
2026-05-08T18:10:00+00:00,15660.55,15662.7,15659.3,15660.8,15660.3,15660.8,15662.5,15662.9,15659,15659.6,15660.6,15661,0.4,1378.84001
2026-05-08T18:15:00+00:00,15660.75,15664.25,15660.4,15664.1,15660.6,15660.9,15664,15664.5,15660.2,15660.6,15663.9,15664.3,0.4,796.0200051
2026-05-08T18:20:00+00:00,15664,15665.3,15663.3,15664.1,15663.8,15664.2,15665.1,15665.5,15663.1,15663.5,15663.8,15664.4,0.6,1043.250008
2026-05-08T18:25:00+00:00,15664.05,15665.05,15662.6,15663.3,15663.8,15664.3,15664.9,15665.2,15662.4,15662.8,15663.1,15663.5,0.4,1027.870008
2026-05-08T18:30:00+00:00,15663.25,15665.3,15663.25,15664.35,15663,15663.5,15665.1,15665.5,15663,15663.5,15664.1,15664.6,0.5,1044.300004
2026-05-08T18:35:00+00:00,15664.25,15667.15,15664.25,15666.65,15664,15664.5,15666.9,15667.4,15664,15664.5,15666.5,15666.8,0.3,532.680002
2026-05-08T18:40:00+00:00,15666.75,15670.7,15666.65,15668.6,15666.5,15667,15670.5,15670.9,15666.5,15666.8,15668.4,15668.8,0.4,782.7900108
2026-05-08T18:45:00+00:00,15668.7,15669.2,15667.25,15668.15,15668.5,15668.9,15669,15669.4,15667,15667.5,15667.8,15668.5,0.7,1189.470007
2026-05-08T18:50:00+00:00,15668.1,15671.3,15666.95,15670.8,15667.9,15668.3,15671.1,15671.5,15666.7,15667.2,15670.6,15671,0.4,676.8300064
2026-05-08T18:55:00+00:00,15670.9,15674.9,15669.15,15669.45,15670.6,15671.2,15674.7,15675.1,15668.9,15669.4,15669.2,15669.7,0.5,1995.990019
2026-05-08T19:00:00+00:00,15669.55,15672.25,15669.45,15669.95,15669.2,15669.9,15672.1,15672.4,15669.2,15669.7,15669.7,15670.2,0.5,986.8700137
2026-05-08T19:05:00+00:00,15669.95,15671.75,15669.75,15670.8,15669.7,15670.2,15671.6,15671.9,15669.5,15670,15670.5,15671.1,0.6,654.2700084
2026-05-08T19:10:00+00:00,15670.9,15671.5,15669.6,15669.75,15670.7,15671.1,15671.3,15671.7,15669.3,15669.9,15669.5,15670,0.5,586.3500055
2026-05-08T19:15:00+00:00,15669.7,15670.4,15668.1,15669.9,15669.4,15670,15670.2,15670.6,15667.9,15668.3,15669.7,15670.1,0.4,694.8900077
2026-05-08T19:20:00+00:00,15669.85,15671.95,15669.75,15671.5,15669.7,15670,15671.8,15672.1,15669.6,15669.9,15671.2,15671.8,0.6,429.5100056
2026-05-08T19:25:00+00:00,15671.55,15671.8,15671.2,15671.45,15671.3,15671.8,15671.6,15672,15670.9,15671.5,15671.2,15671.7,0.5,234.1200016
2026-05-08T19:30:00+00:00,15671.6,15675.8,15671.6,15672.9,15671.3,15671.9,15675.5,15676.1,15671.3,15671.9,15672.6,15673.2,0.6,528.7200058
2026-05-08T19:35:00+00:00,15673,15674.5,15672.9,15674.1,15672.8,15673.2,15674.3,15674.7,15672.7,15673.1,15673.9,15674.3,0.4,516.3000122
2026-05-08T19:40:00+00:00,15674.15,15674.2,15671.3,15672.55,15674,15674.3,15674,15674.4,15671,15671.6,15672.3,15672.8,0.5,614.2700111
2026-05-08T19:45:00+00:00,15672.7,15673.35,15671.9,15672.7,15672.4,15673,15673,15673.7,15671.5,15672.3,15672.4,15673,0.6,289.2900033
2026-05-08T19:50:00+00:00,15672.55,15676.65,15672.25,15675.65,15672.3,15672.8,15676.4,15676.9,15672,15672.5,15675.4,15675.9,0.5,887.680009
2026-05-08T19:55:00+00:00,15675.7,15677.9,15667.55,15673.1,15675.5,15675.9,15677.3,15678.5,15667.2,15667.9,15672.8,15673.4,0.6,1105.420019
2026-05-08T20:00:00+00:00,15673.15,15675.75,15673.1,15675.5,15672.9,15673.4,15675.5,15676,15672.8,15673.4,15675.1,15675.9,0.8,353.9100063
2026-05-08T20:05:00+00:00,15675.35,15676.15,15673.75,15674,15675,15675.7,15675.8,15676.5,15673.5,15674,15673.7,15674.3,0.6,275.310007
2026-05-08T20:10:00+00:00,15673.65,15674.15,15670.15,15670.15,15673.5,15673.8,15673.8,15674.5,15669.8,15670.5,15669.8,15670.5,0.7,326.400007
2026-05-08T20:15:00+00:00,15669.95,15671.6,15667.7,15670.3,15669.7,15670.2,15671.3,15671.9,15667.3,15668.1,15670,15670.6,0.6,270.0600063
2026-05-08T20:20:00+00:00,15670.2,15670.3,15669.25,15669.7,15669.8,15670.6,15670,15670.6,15668.9,15669.6,15669.2,15670.2,1,212.100008
2026-05-08T20:25:00+00:00,15669.65,15670.25,15668.1,15669.5,15669.1,15670.2,15669.6,15670.9,15667.7,15668.5,15668.9,15670.1,1.2,491.8500063
2026-05-08T20:30:00+00:00,15669.6,15670.5,15668.85,15669.15,15669,15670.2,15670.1,15670.9,15668.3,15669.4,15668.6,15669.7,1.1,317.4000064
2026-05-08T20:35:00+00:00,15669.25,15669.3,15666.6,15666.75,15668.7,15669.8,15668.7,15669.9,15666.1,15667.1,15666.4,15667.1,0.7,519.0900067
2026-05-08T20:40:00+00:00,15666.7,15670.15,15665.6,15668,15666.4,15667,15669.7,15670.6,15665.1,15666.1,15667.5,15668.5,1,1956.460019
2026-05-08T20:45:00+00:00,15667.8,15669,15667.05,15668.2,15667.3,15668.3,15668.4,15669.6,15666.5,15667.6,15667.4,15669,1.6,620.8
2026-05-08T20:50:00+00:00,15668.35,15673.15,15667.9,15670.55,15667.7,15669,15672.8,15673.5,15667.3,15668.5,15669.8,15671.3,1.5,885.9900116
2026-05-08T20:55:00+00:00,15670.85,15671.7,15665.3,15667.45,15670.3,15671.4,15670.6,15672.8,15662.1,15668.5,15662.1,15672.8,10.7,569.1900044
2026-05-10T21:00:00+00:00,15658.45,15658.45,15658,15658,15650.1,15666.8,15650.1,15666.8,15649.5,15666.5,15649.5,15666.5,17,3.599999905
2026-05-10T21:05:00+00:00,15659.55,15661,15657.85,15658.3,15648.9,15670.2,15650.3,15671.7,15648.7,15667,15649.2,15667.4,18.2,44.70000112
2026-05-10T21:10:00+00:00,15658.65,15661.45,15656.35,15660.5,15649.4,15667.9,15654.3,15668.6,15648.5,15664.2,15652.9,15668.1,15.2,119.1000031
2026-05-10T21:15:00+00:00,15660.5,15666.6,15660,15663.85,15653.8,15667.2,15657.9,15675.3,15652.8,15667.2,15657.8,15669.9,12.1,58.50000083
2026-05-10T21:20:00+00:00,15663.25,15665.05,15663,15663.25,15657.9,15668.6,15660.3,15669.8,15657.9,15668.1,15658.3,15668.2,9.9,37.65000099
2026-05-10T21:25:00+00:00,15663.25,15663.3,15662.95,15663,15658.4,15668.1,15658.4,15668.2,15657.8,15668.1,15657.9,15668.1,10.2,25.49999964
2026-05-10T21:30:00+00:00,15664.8,15665.3,15664.8,15665.3,15661.5,15668.1,15662.5,15668.1,15661.5,15668.1,15662.5,15668.1,5.6,6.300000072
2026-05-10T21:35:00+00:00,15665.1,15665.6,15662.5,15664.65,15662.1,15668.1,15663,15668.2,15656.9,15668.1,15661.2,15668.1,6.9,85.80000269
2026-05-10T21:40:00+00:00,15665.15,15666.3,15659.4,15663.2,15662.2,15668.1,15664.4,15668.2,15653.7,15665.1,15659.7,15666.7,7,432.1500045
2026-05-10T21:45:00+00:00,15663.05,15671.95,15662.75,15668.85,15659.6,15666.5,15668.7,15675.2,15659.3,15666.2,15667.3,15670.4,3.1,160.2000031
2026-05-10T21:50:00+00:00,15668.95,15674.1,15667.85,15673.2,15667.5,15670.4,15672.7,15675.5,15665.6,15670.1,15671.8,15674.6,2.8,192.900004
2026-05-10T21:55:00+00:00,15673.3,15674.05,15672.95,15673.9,15671.9,15674.7,15672.9,15675.2,15671.3,15674.6,15672.7,15675.1,2.4,216.9000067
2026-05-10T22:00:00+00:00,15673.85,15697.05,15673.85,15685.25,15672.6,15675.1,15695.8,15698.3,15672.6,15675.1,15684.5,15686,1.5,1205.769988
2026-05-10T22:05:00+00:00,15685.1,15692.65,15685.1,15690.8,15684.2,15686,15692,15693.3,15684.2,15686,15690.2,15691.4,1.2,593.8200116
2026-05-10T22:10:00+00:00,15690.9,15694.05,15689.65,15689.9,15690.4,15691.4,15693.5,15694.6,15688.9,15690.4,15689.2,15690.6,1.4,612.6600156
2026-05-10T22:15:00+00:00,15689.9,15692.4,15687.85,15688.15,15689.2,15690.6,15692,15692.8,15687.3,15688.4,15687.7,15688.6,0.9,588.6000137
2026-05-10T22:20:00+00:00,15688.25,15689.65,15686,15687.65,15687.8,15688.7,15689.2,15690.1,15685.6,15686.4,15687.2,15688.1,0.9,449.7000078
2026-05-10T22:25:00+00:00,15687.65,15688.85,15684.7,15685.3,15687.2,15688.1,15688.3,15689.4,15684.3,15685.1,15684.7,15685.9,1.2,420.1500121
2026-05-10T22:30:00+00:00,15685.35,15689.65,15685.15,15687.25,15684.8,15685.9,15689.2,15690.1,15684.7,15685.6,15686.8,15687.7,0.9,418.9500103
2026-05-10T22:35:00+00:00,15687.15,15690.85,15686.95,15688.8,15686.8,15687.5,15690.5,15691.2,15686.7,15687.2,15688.4,15689.2,0.8,433.3500087
2026-05-10T22:40:00+00:00,15689.2,15690.9,15688.8,15689.7,15688.8,15689.6,15690.5,15691.3,15688.4,15689.2,15689.3,15690.1,0.8,486.6000099
2026-05-10T22:45:00+00:00,15689.65,15690.1,15687.8,15687.85,15689.3,15690,15689.7,15690.5,15687.4,15688.2,15687.4,15688.3,0.9,316.6500062
2026-05-10T22:50:00+00:00,15688.25,15690.8,15687.1,15688.2,15687.9,15688.6,15690.4,15691.2,15686.7,15687.5,15687.8,15688.6,0.8,569.4000072
2026-05-10T22:55:00+00:00,15688.35,15691,15688.25,15689.85,15688,15688.7,15690.5,15691.5,15687.9,15688.6,15689.3,15690.4,1.1,329.7000057
2026-05-10T23:00:00+00:00,15689.95,15690.25,15686.85,15687.4,15689.3,15690.6,15689.7,15690.8,15686.5,15687.2,15687,15687.8,0.8,473.4100101
2026-05-10T23:05:00+00:00,15687.35,15689.85,15687.35,15688.7,15686.8,15687.9,15689.5,15690.2,15686.8,15687.9,15688.3,15689.1,0.8,266.880006
2026-05-10T23:10:00+00:00,15688.65,15689.65,15688.2,15688.6,15688.3,15689,15689.3,15690,15687.8,15688.6,15688.1,15689.1,1,265.0500028
2026-05-10T23:15:00+00:00,15688.7,15689.05,15687.2,15687.9,15688.3,15689.1,15688.7,15689.4,15687,15687.4,15687.6,15688.2,0.6,342.1000053
2026-05-10T23:20:00+00:00,15688.1,15688.9,15687.75,15688.45,15687.8,15688.4,15688.6,15689.2,15687.4,15688.1,15688.1,15688.8,0.7,148.9500045
2026-05-10T23:25:00+00:00,15688.5,15689.85,15688.4,15689.85,15688.2,15688.8,15689.6,15690.1,15688.1,15688.7,15689.6,15690.1,0.5,183.6000037
2026-05-10T23:30:00+00:00,15689.95,15689.95,15688.25,15688.3,15689.6,15690.3,15689.6,15690.3,15687.8,15688.7,15687.8,15688.8,1,203.0700021
2026-05-10T23:35:00+00:00,15688.35,15688.65,15688.2,15688.3,15688,15688.7,15688.3,15689,15687.8,15688.6,15687.9,15688.7,0.8,98.70000148
2026-05-10T23:40:00+00:00,15688.2,15688.25,15685.85,15686.2,15687.8,15688.6,15687.9,15688.6,15685.5,15686.2,15685.8,15686.6,0.8,243.0000027
2026-05-10T23:45:00+00:00,15686.2,15686.65,15684.3,15684.85,15685.8,15686.6,15686.3,15687,15684,15684.6,15684.4,15685.3,0.9,308.5300041
2026-05-10T23:50:00+00:00,15684.75,15686.25,15683.75,15683.75,15684.4,15685.1,15685.9,15686.6,15683.4,15684.1,15683.4,15684.1,0.7,197.400003
2026-05-10T23:55:00+00:00,15683.8,15687.8,15683.75,15686.65,15683.5,15684.1,15687.5,15688.1,15683.4,15684.1,15686.3,15687,0.7,322.5600063
2026-05-11T00:00:00+00:00,15686.7,15691.3,15685.3,15688.35,15686.4,15687,15691,15691.6,15685,15685.6,15688.1,15688.6,0.5,1360.810023
2026-05-11T00:05:00+00:00,15687.5,15691.45,15683.5,15689.75,15687.4,15687.6,15691.2,15691.7,15683.2,15683.8,15689.5,15690,0.5,1178.180023
2026-05-11T00:10:00+00:00,15689.8,15691.65,15688.65,15689.8,15689.6,15690,15691.4,15691.9,15688.4,15688.9,15689.4,15690.2,0.8,909.9700187
2026-05-11T00:15:00+00:00,15689.85,15692.15,15686.75,15688.7,15689.4,15690.3,15691.9,15692.4,15686.5,15687,15688.4,15689,0.6,1239.600023
2026-05-11T00:20:00+00:00,15688.75,15690.05,15687.5,15688.25,15688.4,15689.1,15689.8,15690.3,15687.3,15687.7,15688,15688.5,0.5,537.4500085
2026-05-11T00:25:00+00:00,15688.3,15689.3,15686.35,15688.85,15688,15688.6,15689,15689.6,15686.1,15686.6,15688.6,15689.1,0.5,372.9600052
2026-05-11T00:30:00+00:00,15688.75,15694.2,15688.7,15693.95,15688.4,15689.1,15693.9,15694.5,15688.4,15689,15693.6,15694.3,0.7,648.9300101
2026-05-11T00:35:00+00:00,15694.05,15695.25,15692.6,15695.25,15693.7,15694.4,15695,15695.5,15692.3,15692.9,15695,15695.5,0.5,550.8600093
2026-05-11T00:40:00+00:00,15695.3,15696.5,15694.6,15696.25,15694.9,15695.7,15696.2,15696.8,15694.3,15694.9,15696,15696.5,0.5,532.0200074
2026-05-11T00:45:00+00:00,15696.15,15698.8,15695.7,15698.75,15695.9,15696.4,15698.4,15699.2,15695.4,15696,15698.4,15699.1,0.7,563.890009
2026-05-11T00:50:00+00:00,15699,15706.2,15695.9,15697.8,15698.7,15699.3,15705.9,15706.5,15695.6,15696.2,15697.5,15698.1,0.6,3040.570052
2026-05-11T00:55:00+00:00,15697.95,15702.7,15693.8,15693.95,15697.6,15698.3,15702.4,15703,15693.5,15694.1,15693.7,15694.2,0.5,1936.240022
2026-05-11T01:00:00+00:00,15694.05,15700.1,15693.4,15696.2,15693.8,15694.3,15699.9,15700.3,15693.3,15693.5,15695.9,15696.5,0.6,1133.910017
2026-05-11T01:05:00+00:00,15696.25,15699.6,15695.9,15699.45,15696,15696.5,15699.4,15699.8,15695.5,15696.3,15699.1,15699.8,0.7,800.6100119
2026-05-11T01:10:00+00:00,15699.5,15701.9,15698.25,15698.4,15699.1,15699.9,15701.6,15702.2,15697.9,15698.6,15698.1,15698.7,0.6,1414.650013
2026-05-11T01:15:00+00:00,15698.45,15699.5,15695.65,15697.3,15698.1,15698.8,15699.2,15699.8,15695.3,15696,15697,15697.6,0.6,1238.25001
2026-05-11T01:20:00+00:00,15697.1,15697.25,15693.5,15695.2,15696.8,15697.4,15697,15697.5,15693.2,15693.8,15694.9,15695.5,0.6,598.8600099
2026-05-11T01:25:00+00:00,15695.05,15695.85,15692.6,15693.85,15694.8,15695.3,15695.6,15696.1,15692.3,15692.9,15693.4,15694.3,0.9,604.0500116
2026-05-11T01:30:00+00:00,15693.65,15698.5,15693.6,15698.2,15693.3,15694,15698.3,15698.7,15693.3,15693.9,15698,15698.4,0.4,889.5600193
2026-05-11T01:35:00+00:00,15698.15,15703.4,15698.1,15703.3,15697.9,15698.4,15703.1,15703.7,15697.8,15698.4,15703,15703.6,0.6,710.0100106
2026-05-11T01:40:00+00:00,15703.55,15704.55,15701.8,15701.9,15703.3,15703.8,15704.3,15704.8,15701.5,15702.1,15701.7,15702.1,0.4,777.8400115
2026-05-11T01:45:00+00:00,15701.95,15709.7,15701.95,15709.1,15701.7,15702.2,15709.4,15710,15701.7,15702.2,15708.8,15709.4,0.6,802.1700138
2026-05-11T01:50:00+00:00,15709.25,15709.8,15707.6,15708.4,15708.9,15709.6,15709.6,15710,15707.4,15707.8,15708.1,15708.7,0.6,619.0900077
2026-05-11T01:55:00+00:00,15708.2,15709.45,15707.7,15709.4,15707.9,15708.5,15709.2,15709.7,15707.4,15708,15709.2,15709.6,0.4,587.7000076
2026-05-11T02:00:00+00:00,15709.45,15710.35,15705.6,15706.25,15709.3,15709.6,15710.1,15710.6,15705.2,15706,15706,15706.5,0.5,951.9600122
2026-05-11T02:05:00+00:00,15706.4,15708.5,15705.55,15705.85,15706.2,15706.6,15708.2,15708.8,15705.3,15705.8,15705.6,15706.1,0.5,607.0800079
2026-05-11T02:10:00+00:00,15705.75,15707.5,15705.55,15707.3,15705.5,15706,15707.2,15707.8,15705.3,15705.8,15707,15707.6,0.6,486.5000057
2026-05-11T02:15:00+00:00,15706.85,15710,15706.65,15708.85,15706.7,15707,15709.7,15710.3,15706.3,15707,15708.4,15709.3,0.9,312.1500062
2026-05-11T02:20:00+00:00,15708.8,15709.75,15708.6,15709.25,15708.4,15709.2,15709.5,15710,15708.3,15708.9,15708.9,15709.6,0.7,178.560003
2026-05-11T02:25:00+00:00,15708.9,15708.9,15707,15707.05,15708.8,15709,15708.8,15709,15706.8,15707.2,15706.9,15707.2,0.3,307.3200047
2026-05-11T02:30:00+00:00,15707.15,15708.8,15705.6,15705.8,15706.9,15707.4,15708.5,15709.1,15705.3,15705.9,15705.5,15706.1,0.6,381.75001
2026-05-11T02:35:00+00:00,15705.75,15709.9,15705.5,15709.45,15705.5,15706,15709.6,15710.2,15705.2,15705.8,15709.2,15709.7,0.5,399.0600084
2026-05-11T02:40:00+00:00,15709.55,15715.15,15709.55,15714.2,15709.3,15709.8,15715,15715.3,15709.3,15709.8,15713.8,15714.6,0.8,406.8600072
2026-05-11T02:45:00+00:00,15714.1,15715,15711.8,15711.8,15713.8,15714.4,15714.8,15715.2,15711.5,15712.1,15711.5,15712.1,0.6,474.3000081
2026-05-11T02:50:00+00:00,15711.85,15713.65,15711.8,15712.6,15711.6,15712.1,15713.5,15713.8,15711.5,15712.1,15712.3,15712.9,0.6,328.3500056
2026-05-11T02:55:00+00:00,15712.8,15714.6,15711.7,15714.5,15712.5,15713.1,15714.3,15714.9,15711.4,15712,15714.1,15714.9,0.8,480.6000063
2026-05-11T03:00:00+00:00,15714.45,15717.5,15714.4,15716.8,15714,15714.9,15717.2,15717.8,15714,15714.8,15716.6,15717,0.4,653.7800109
2026-05-11T03:05:00+00:00,15716.75,15716.75,15713.3,15714.3,15716.4,15717.1,15716.4,15717.1,15713,15713.6,15714,15714.6,0.6,319.5900047
2026-05-11T03:10:00+00:00,15714.3,15716.05,15713.3,15713.35,15714,15714.6,15715.8,15716.3,15713,15713.6,15713.1,15713.6,0.5,492.4500067
2026-05-11T03:15:00+00:00,15713.4,15715.85,15713.4,15714.9,15713.2,15713.6,15715.6,15716.1,15713.2,15713.6,15714.7,15715.1,0.4,284.8500037
2026-05-11T03:20:00+00:00,15714.85,15717.2,15714.65,15715.65,15714.6,15715.1,15716.9,15717.5,15714.4,15714.9,15715.4,15715.9,0.5,394.6500065
2026-05-11T03:25:00+00:00,15715.55,15715.6,15714.15,15714.4,15715.3,15715.8,15715.3,15715.9,15714,15714.3,15714,15714.8,0.8,251.8500061
2026-05-11T03:30:00+00:00,15714.55,15714.7,15713.7,15714.3,15714.2,15714.9,15714.4,15715,15713.4,15714,15714,15714.6,0.6,240.1500047
2026-05-11T03:35:00+00:00,15714.4,15714.5,15712.8,15713.2,15714.2,15714.6,15714.2,15714.8,15712.5,15713.1,15712.8,15713.6,0.8,245.2500027
2026-05-11T03:40:00+00:00,15713.25,15713.25,15709.4,15709.6,15713,15713.5,15713,15713.5,15709.2,15709.6,15709.4,15709.8,0.4,408.3000069
2026-05-11T03:45:00+00:00,15709.65,15713.3,15709.65,15713.3,15709.4,15709.9,15713.2,15713.4,15709.4,15709.9,15713.2,15713.4,0.2,348.4500054
2026-05-11T03:50:00+00:00,15713.2,15716.4,15713.15,15716.4,15713,15713.4,15716.2,15716.6,15712.9,15713.4,15716.2,15716.6,0.4,252.0000072
2026-05-11T03:55:00+00:00,15716.55,15716.6,15715.1,15715.9,15716.3,15716.8,15716.4,15716.8,15714.9,15715.3,15715.7,15716.1,0.4,282.3000064
2026-05-11T04:00:00+00:00,15715.95,15716,15714.55,15715.75,15715.8,15716.1,15715.8,15716.2,15714.3,15714.8,15715.5,15716,0.5,330.450007
2026-05-11T04:05:00+00:00,15716,15716.25,15714.25,15714.8,15715.7,15716.3,15716,15716.5,15714,15714.5,15714.6,15715,0.4,186.1500034
2026-05-11T04:10:00+00:00,15714.75,15714.9,15713.25,15713.35,15714.5,15715,15714.7,15715.1,15713,15713.5,15713.1,15713.6,0.5,246.6000061
2026-05-11T04:15:00+00:00,15713.3,15714.7,15713.2,15713.95,15713.1,15713.5,15714.4,15715,15713,15713.4,15713.7,15714.2,0.5,251.1000054
2026-05-11T04:20:00+00:00,15714.05,15715.25,15713.85,15714.05,15713.8,15714.3,15714.9,15715.6,15713.6,15714.1,15713.8,15714.3,0.5,255.0000041
2026-05-11T04:25:00+00:00,15713.9,15715.55,15712.4,15715.25,15713.6,15714.2,15715.3,15715.8,15712.2,15712.6,15715,15715.5,0.5,353.400007
2026-05-11T04:30:00+00:00,15715.35,15715.85,15714.2,15714.55,15715.1,15715.6,15715.6,15716.1,15713.9,15714.5,15714.3,15714.8,0.5,172.5000024
2026-05-11T04:35:00+00:00,15714.65,15715.5,15713.9,15715,15714.4,15714.9,15715.3,15715.7,15713.7,15714.1,15714.8,15715.2,0.4,270.270004
2026-05-11T04:40:00+00:00,15714.9,15715.4,15713.15,15713.8,15714.6,15715.2,15715.1,15715.7,15712.9,15713.4,15713.6,15714,0.4,180.9600042
2026-05-11T04:45:00+00:00,15713.75,15713.75,15711.75,15711.85,15713.5,15714,15713.5,15714,15711.5,15712,15711.7,15712,0.3,239.5500052
2026-05-11T04:50:00+00:00,15711.05,15711.05,15709.25,15710.75,15710.9,15711.2,15710.9,15711.2,15709,15709.5,15710.5,15711,0.5,227.7000042
2026-05-11T04:55:00+00:00,15710.7,15714.5,15709.45,15712.75,15710.4,15711,15714.2,15714.8,15709.1,15709.8,15712.5,15713,0.5,476.7600064
2026-05-11T05:00:00+00:00,15712.8,15713.75,15709.55,15709.8,15712.5,15713.1,15713.5,15714,15709.3,15709.8,15709.6,15710,0.4,471.1600082
2026-05-11T05:05:00+00:00,15709.85,15711,15708.55,15709.1,15709.7,15710,15710.8,15711.2,15708.3,15708.8,15708.8,15709.4,0.6,638.1000037
2026-05-11T05:10:00+00:00,15709.3,15709.3,15707.15,15707.75,15709,15709.6,15709,15709.6,15706.9,15707.4,15707.5,15708,0.5,376.3500028
2026-05-11T05:15:00+00:00,15707.7,15708.8,15706.9,15708.65,15707.3,15708.1,15708.5,15709.1,15706.6,15707.2,15708.4,15708.9,0.5,405.0900047
2026-05-11T05:20:00+00:00,15708.7,15709.75,15708.6,15709.05,15708.3,15709.1,15709.5,15710,15708.3,15708.9,15708.8,15709.3,0.5,429.7500066
2026-05-11T05:25:00+00:00,15709.1,15709.7,15708.65,15709.6,15708.8,15709.4,15709.4,15710,15708.3,15709,15709.3,15709.9,0.6,359.340004
2026-05-11T05:30:00+00:00,15709.65,15711.6,15709.6,15709.95,15709.4,15709.9,15711.3,15711.9,15709.3,15709.9,15709.7,15710.2,0.5,509.1600032
2026-05-11T05:35:00+00:00,15710.05,15713.65,15709.85,15713.15,15709.8,15710.3,15713.4,15713.9,15709.6,15710.1,15712.9,15713.4,0.5,912.3299984
2026-05-11T05:40:00+00:00,15713.2,15713.45,15711.65,15712.25,15713,15713.4,15713.3,15713.6,15711.4,15711.9,15712,15712.5,0.5,349.4200052
2026-05-11T05:45:00+00:00,15712.35,15714.6,15712.3,15714.2,15712.1,15712.6,15714.4,15714.8,15712.1,15712.5,15713.9,15714.5,0.6,509.5500078
2026-05-11T05:50:00+00:00,15714.25,15714.55,15713.45,15713.6,15713.9,15714.6,15714.3,15714.8,15713.2,15713.7,15713.3,15713.9,0.6,456.4500049
2026-05-11T05:55:00+00:00,15713.55,15714.65,15712.05,15713.55,15713.2,15713.9,15714.4,15714.9,15711.8,15712.3,15713.3,15713.8,0.5,1070.220002
2026-05-11T06:00:00+00:00,15713.5,15714.8,15710.7,15713.3,15713.3,15713.7,15714.6,15715,15710.4,15711,15713,15713.6,0.6,1548.840015
2026-05-11T06:05:00+00:00,15713.35,15714.35,15711.3,15711.3,15713.1,15713.6,15714.1,15714.6,15711,15711.6,15711,15711.6,0.6,857.9700085
2026-05-11T06:10:00+00:00,15711.25,15711.9,15708.05,15708.35,15711,15711.5,15711.6,15712.2,15707.8,15708.3,15708.1,15708.6,0.5,1276.950019
2026-05-11T06:15:00+00:00,15708.4,15711.05,15708.4,15710.25,15708.1,15708.7,15710.8,15711.3,15708.1,15708.7,15710,15710.5,0.5,660.6000073
2026-05-11T06:20:00+00:00,15710.05,15710.4,15707,15708.8,15710,15710.1,15710.2,15710.6,15706.7,15707.3,15708.5,15709.1,0.6,654.9000088
2026-05-11T06:25:00+00:00,15708.85,15709.3,15703.85,15704.65,15708.6,15709.1,15709,15709.6,15703.6,15704.1,15704.4,15704.9,0.5,810.5400106
2026-05-11T06:30:00+00:00,15705.05,15706.45,15702.65,15704.75,15704.9,15705.2,15706.2,15706.7,15702.4,15702.9,15704.5,15705,0.5,989.1900156
2026-05-11T06:35:00+00:00,15704.7,15704.9,15699.7,15700.6,15704.4,15705,15704.6,15705.2,15699.4,15700,15700.4,15700.8,0.4,712.3200104
2026-05-11T06:40:00+00:00,15700.55,15702.6,15699.05,15700.75,15700.3,15700.8,15702.3,15702.9,15698.8,15699.3,15700.5,15701,0.5,777.7200061
2026-05-11T06:45:00+00:00,15700.85,15704.4,15700.65,15704.35,15700.6,15701.1,15704.1,15704.7,15700.4,15700.9,15704,15704.7,0.7,666.690011
2026-05-11T06:50:00+00:00,15704.4,15705.55,15700.85,15703.2,15704.1,15704.7,15705.3,15705.8,15700.7,15701,15702.9,15703.5,0.6,735.2400113
2026-05-11T06:55:00+00:00,15703.25,15703.7,15699.4,15699.9,15703,15703.5,15703.5,15703.9,15699.1,15699.7,15699.6,15700.2,0.6,1032.09001
2026-05-11T07:00:00+00:00,15699.6,15703.4,15699.2,15702.25,15699.4,15699.8,15703.1,15703.7,15698.9,15699.5,15702,15702.5,0.5,1111.250013
2026-05-11T07:05:00+00:00,15702.3,15706.15,15701.8,15705.7,15702.1,15702.5,15705.9,15706.4,15701.5,15702.1,15705.4,15706,0.6,780.9600099
2026-05-11T07:10:00+00:00,15705.75,15708.45,15704.15,15708.4,15705.5,15706,15708.2,15708.7,15703.9,15704.4,15708.2,15708.6,0.4,788.1300116
2026-05-11T07:15:00+00:00,15708.35,15708.65,15706.75,15707.2,15708.1,15708.6,15708.4,15708.9,15706.5,15707,15707,15707.4,0.4,481.350008
2026-05-11T07:20:00+00:00,15707.15,15708.2,15704.85,15705.65,15706.9,15707.4,15707.9,15708.5,15704.6,15705.1,15705.4,15705.9,0.5,796.8000095
2026-05-11T07:25:00+00:00,15705.7,15706.05,15704.15,15705.6,15705.5,15705.9,15705.8,15706.3,15703.8,15704.5,15705.4,15705.8,0.4,598.1700065
2026-05-11T07:30:00+00:00,15705.65,15708.3,15705.65,15707.2,15705.5,15705.8,15708,15708.6,15705.5,15705.8,15707,15707.4,0.4,427.6500057
2026-05-11T07:35:00+00:00,15707.25,15708.45,15705.55,15706.95,15707.1,15707.4,15708.1,15708.8,15705.3,15705.8,15706.8,15707.1,0.3,436.3500086
2026-05-11T07:40:00+00:00,15706.9,15708.35,15706.15,15708.15,15706.7,15707.1,15708.1,15708.6,15705.9,15706.4,15707.9,15708.4,0.5,374.1700096
2026-05-11T07:45:00+00:00,15708.25,15711.95,15707.6,15711.5,15708.1,15708.4,15711.8,15712.1,15707.4,15707.8,15711.3,15711.7,0.4,334.3500067
2026-05-11T07:50:00+00:00,15711.65,15711.8,15709.6,15709.7,15711.4,15711.9,15711.6,15712,15709.4,15709.8,15709.4,15710,0.6,304.1700053
2026-05-11T07:55:00+00:00,15709.6,15713.6,15708.75,15712.2,15709.5,15709.7,15713.3,15713.9,15708.6,15708.9,15711.9,15712.5,0.6,614.4000062
2026-05-11T08:00:00+00:00,15712.25,15714.8,15710.95,15711.05,15712,15712.5,15714.5,15715.1,15710.8,15711.1,15710.9,15711.2,0.3,683.4700131
2026-05-11T08:05:00+00:00,15710.8,15710.85,15707.9,15709.8,15710.5,15711.1,15710.6,15711.1,15707.7,15708.1,15709.6,15710,0.4,593.0100108
2026-05-11T08:10:00+00:00,15709.85,15711.25,15708.6,15708.8,15709.7,15710,15711.1,15711.4,15708.3,15708.9,15708.6,15709,0.4,549.8700078
2026-05-11T08:15:00+00:00,15708.7,15708.7,15703.05,15703.65,15708.5,15708.9,15708.5,15708.9,15702.8,15703.3,15703.4,15703.9,0.5,1069.560016
2026-05-11T08:20:00+00:00,15703.6,15706,15701.75,15703.85,15703.4,15703.8,15705.8,15706.2,15701.5,15702,15703.6,15704.1,0.5,898.1700135
2026-05-11T08:25:00+00:00,15703.95,15704.55,15701.9,15704.45,15703.8,15704.1,15704.4,15704.7,15701.6,15702.2,15704.2,15704.7,0.5,790.9500134
2026-05-11T08:30:00+00:00,15704.6,15704.75,15698.95,15698.95,15704.4,15704.8,15704.5,15705,15698.7,15699.2,15698.7,15699.2,0.5,506.760008
2026-05-11T08:35:00+00:00,15698.6,15698.7,15694.9,15698.15,15698.4,15698.8,15698.4,15699,15694.6,15695.2,15697.9,15698.4,0.5,657.8000101
2026-05-11T08:40:00+00:00,15698.3,15701.35,15698.2,15701.1,15698.1,15698.5,15701.1,15701.6,15698,15698.4,15700.8,15701.4,0.6,575.1000082
2026-05-11T08:45:00+00:00,15701,15703.45,15699.8,15703.3,15700.7,15701.3,15703.2,15703.7,15699.5,15700.1,15703.1,15703.5,0.4,320.8500051
2026-05-11T08:50:00+00:00,15703.25,15707.3,15702.25,15705.95,15703.1,15703.4,15707,15707.6,15702,15702.5,15705.6,15706.3,0.7,579.4800097
2026-05-11T08:55:00+00:00,15706.1,15709.75,15706.1,15708.8,15705.8,15706.4,15709.5,15710,15705.8,15706.4,15708.5,15709.1,0.6,543.3900083
2026-05-11T09:00:00+00:00,15708.8,15709.55,15707.2,15707.25,15708.5,15709.1,15709.3,15709.8,15707,15707.4,15707,15707.5,0.5,531.0000066
2026-05-11T09:05:00+00:00,15707.2,15708.8,15707.2,15708.25,15706.9,15707.5,15708.5,15709.1,15706.9,15707.5,15708,15708.5,0.5,257.1600041
2026-05-11T09:10:00+00:00,15708.2,15709.8,15707.45,15709.75,15707.9,15708.5,15709.6,15710,15707.2,15707.7,15709.5,15710,0.5,419.3700082
2026-05-11T09:15:00+00:00,15709.7,15711.6,15709.65,15710.85,15709.4,15710,15711.5,15711.7,15709.4,15709.9,15710.6,15711.1,0.5,712.500005
2026-05-11T09:20:00+00:00,15710.9,15710.9,15709.4,15709.9,15710.6,15711.2,15710.6,15711.2,15709.1,15709.7,15709.6,15710.2,0.6,702.2100046
2026-05-11T09:25:00+00:00,15709.85,15710.7,15709.4,15710.5,15709.6,15710.1,15710.4,15711,15709.1,15709.7,15710.2,15710.8,0.6,470.8200068
2026-05-11T09:30:00+00:00,15710.5,15713.4,15710.4,15712.9,15710.2,15710.8,15713.2,15713.6,15710.1,15710.7,15712.6,15713.2,0.6,409.2000034
2026-05-11T09:35:00+00:00,15712.9,15713,15710.5,15710.65,15712.6,15713.2,15712.7,15713.3,15710.2,15710.8,15710.3,15711,0.7,434.5200058
2026-05-11T09:40:00+00:00,15710.8,15710.85,15708,15708.85,15710.6,15711,15710.6,15711.1,15707.7,15708.3,15708.6,15709.1,0.5,424.860006
2026-05-11T09:45:00+00:00,15708.7,15710.45,15708.25,15709.55,15708.5,15708.9,15710.3,15710.6,15708,15708.5,15709.3,15709.8,0.5,409.4400045
2026-05-11T09:50:00+00:00,15709.5,15710.5,15709.2,15710.15,15709.3,15709.7,15710.3,15710.7,15709,15709.4,15709.9,15710.4,0.5,246.4500042
2026-05-11T09:55:00+00:00,15710.05,15714.65,15709.9,15714.4,15709.7,15710.4,15714.4,15714.9,15709.6,15710.2,15714.1,15714.7,0.6,583.0000097
2026-05-11T10:00:00+00:00,15714.8,15716.25,15714.2,15714.45,15714.7,15714.9,15716,15716.5,15713.9,15714.5,15714.2,15714.7,0.5,461.570012
2026-05-11T10:05:00+00:00,15714.25,15714.75,15711.85,15714.1,15714,15714.5,15714.5,15715,15711.7,15712,15713.8,15714.4,0.6,403.3500087
2026-05-11T10:10:00+00:00,15714.1,15714.45,15711.95,15712.4,15713.8,15714.4,15714.2,15714.7,15711.7,15712.2,15712.1,15712.7,0.6,361.5900033
2026-05-11T10:15:00+00:00,15712.45,15713.55,15710.8,15711.3,15712.2,15712.7,15713.2,15713.9,15710.5,15711.1,15711,15711.6,0.6,429.0900068
2026-05-11T10:20:00+00:00,15711.25,15711.4,15709.5,15710.1,15711,15711.5,15711.1,15711.7,15709.2,15709.8,15709.8,15710.4,0.6,425.3100052
2026-05-11T10:25:00+00:00,15710.05,15711.65,15709.8,15711.25,15709.8,15710.3,15711.4,15711.9,15709.5,15710.1,15711,15711.5,0.5,385.1400031
2026-05-11T10:30:00+00:00,15711.2,15712.3,15708.65,15710.35,15711,15711.4,15712,15712.6,15708.4,15708.9,15710,15710.7,0.7,426.3000047
2026-05-11T10:35:00+00:00,15710.05,15713.1,15708.5,15710.95,15709.9,15710.2,15712.8,15713.4,15708.3,15708.7,15710.7,15711.2,0.5,682.620011
2026-05-11T10:40:00+00:00,15710.8,15711.65,15709.95,15710.75,15710.4,15711.2,15711.4,15711.9,15709.6,15710.3,15710.5,15711,0.5,402.7800057
2026-05-11T10:45:00+00:00,15710.6,15714.5,15710.55,15710.65,15710.3,15710.9,15714.3,15714.7,15710.3,15710.8,15710.4,15710.9,0.5,595.0500102
2026-05-11T10:50:00+00:00,15710.7,15711.8,15709.05,15710.75,15710.5,15710.9,15711.5,15712.1,15708.8,15709.3,15710.5,15711,0.5,694.8300112
2026-05-11T10:55:00+00:00,15710.85,15714.35,15710.65,15714.35,15710.5,15711.2,15714.1,15714.6,15710.4,15710.9,15714.1,15714.6,0.5,837.270014
2026-05-11T11:00:00+00:00,15714.3,15714.75,15712.9,15713.9,15714.1,15714.5,15714.5,15715,15712.8,15713,15713.7,15714.1,0.4,761.0700108
2026-05-11T11:05:00+00:00,15713.95,15714.2,15710.45,15710.75,15713.7,15714.2,15713.9,15714.5,15710.2,15710.7,15710.5,15711,0.5,616.2900115
2026-05-11T11:10:00+00:00,15710.65,15712.65,15709.65,15711.15,15710.4,15710.9,15712.4,15712.9,15709.4,15709.9,15710.9,15711.4,0.5,639.5700078
2026-05-11T11:15:00+00:00,15711.6,15713.15,15709.6,15710.05,15711.5,15711.7,15712.9,15713.4,15709.3,15709.9,15709.8,15710.3,0.5,376.5900089
2026-05-11T11:20:00+00:00,15709.75,15711.35,15709.6,15709.7,15709.5,15710,15711,15711.7,15709.4,15709.8,15709.4,15710,0.6,456.7200074
2026-05-11T11:25:00+00:00,15709.75,15710.8,15708.6,15709.35,15709.4,15710.1,15710.5,15711.1,15708.3,15708.9,15709.1,15709.6,0.5,426.990007
2026-05-11T11:30:00+00:00,15709.25,15710.35,15707.15,15710.25,15709,15709.5,15710.1,15710.6,15706.9,15707.4,15710,15710.5,0.5,642.8400109
2026-05-11T11:35:00+00:00,15710.2,15711.15,15709.05,15709.8,15710,15710.4,15710.9,15711.4,15708.9,15709.2,15709.6,15710,0.4,465.6400068
2026-05-11T11:40:00+00:00,15709.7,15711.05,15709.65,15711.05,15709.4,15710,15710.8,15711.3,15709.4,15709.9,15710.8,15711.3,0.5,236.2500032
2026-05-11T11:45:00+00:00,15710.95,15711.35,15709.35,15709.95,15710.7,15711.2,15711.1,15711.6,15709,15709.7,15709.7,15710.2,0.5,340.5900044
2026-05-11T11:50:00+00:00,15710.05,15712.4,15709.7,15711.75,15709.8,15710.3,15712.1,15712.7,15709.4,15710,15711.5,15712,0.5,561.75001
2026-05-11T11:55:00+00:00,15711.85,15714.35,15711.7,15712.15,15711.6,15712.1,15714.1,15714.6,15711.4,15712,15711.9,15712.4,0.5,904.2000144
2026-05-11T12:00:00+00:00,15711.85,15713.4,15711.6,15712.25,15711.7,15712,15713.2,15713.6,15711.4,15711.8,15711.9,15712.6,0.7,1356.280019
2026-05-11T12:05:00+00:00,15712.4,15714.1,15712.4,15713.55,15712.2,15712.6,15713.9,15714.3,15712.2,15712.6,15713.3,15713.8,0.5,643.5000086
2026-05-11T12:10:00+00:00,15713.45,15713.65,15711.8,15712.95,15713.2,15713.7,15713.4,15713.9,15711.6,15712,15712.7,15713.2,0.5,519.0500101
2026-05-11T12:15:00+00:00,15712.85,15713.95,15711.8,15712.25,15712.5,15713.2,15713.7,15714.2,15711.7,15711.9,15712,15712.5,0.5,585.3900099
2026-05-11T12:20:00+00:00,15712.25,15713.15,15706.3,15709.5,15712,15712.5,15713,15713.3,15706,15706.6,15709.3,15709.7,0.4,1338.300015
2026-05-11T12:25:00+00:00,15709.4,15711.75,15708.8,15709.15,15709.2,15709.6,15711.5,15712,15708.6,15709,15709,15709.3,0.3,1044.810014
2026-05-11T12:30:00+00:00,15709.25,15710.6,15707.2,15708.35,15709.2,15709.3,15710.4,15710.8,15707,15707.4,15708.1,15708.6,0.5,1180.680018
2026-05-11T12:35:00+00:00,15708.45,15709.75,15707.1,15708.4,15708.3,15708.6,15709.5,15710,15707,15707.2,15708.3,15708.5,0.2,755.7600147
2026-05-11T12:40:00+00:00,15708.35,15709.75,15708.3,15709.15,15708.2,15708.5,15709.6,15709.9,15708.1,15708.5,15708.8,15709.5,0.7,638.190015
2026-05-11T12:45:00+00:00,15709.2,15712.5,15708.4,15709.7,15708.9,15709.5,15712.3,15712.7,15708.1,15708.7,15709.5,15709.9,0.4,1269.900021
2026-05-11T12:50:00+00:00,15709.75,15711.4,15708.2,15710.8,15709.6,15709.9,15711.1,15711.7,15708,15708.4,15710.6,15711,0.4,835.4900169
2026-05-11T12:55:00+00:00,15711.1,15713.55,15711.1,15711.6,15710.9,15711.3,15713.3,15713.8,15710.9,15711.3,15711.4,15711.8,0.4,904.5400151
2026-05-11T13:00:00+00:00,15711.5,15712.8,15708.45,15710.4,15711.3,15711.7,15712.6,15713,15708.2,15708.7,15710.2,15710.6,0.4,1096.560017
2026-05-11T13:05:00+00:00,15710.3,15710.7,15708.2,15708.6,15710.1,15710.5,15710.5,15710.9,15708,15708.4,15708.4,15708.8,0.4,747.4200133
2026-05-11T13:10:00+00:00,15708.95,15709.65,15707.25,15707.8,15708.8,15709.1,15709.5,15709.8,15707.1,15707.4,15707.6,15708,0.4,701.7700117
2026-05-11T13:15:00+00:00,15707.7,15708.65,15706.05,15708.2,15707.5,15707.9,15708.6,15708.7,15705.8,15706.3,15708,15708.4,0.4,662.3200096
2026-05-11T13:20:00+00:00,15708.25,15708.25,15706.25,15707.2,15708.1,15708.4,15708.1,15708.4,15706.1,15706.4,15707,15707.4,0.4,433.8900082
2026-05-11T13:25:00+00:00,15706.9,15707.35,15704.65,15705,15706.7,15707.1,15707.2,15707.5,15704.5,15704.8,15704.8,15705.2,0.4,448.6200098
2026-05-11T13:30:00+00:00,15704.7,15708.55,15704.7,15707.7,15704.5,15704.9,15708.4,15708.7,15704.5,15704.9,15707.5,15707.9,0.4,773.3700159
2026-05-11T13:35:00+00:00,15707.45,15708.6,15704.8,15705.65,15707.2,15707.7,15708.5,15708.7,15704.5,15705.1,15705.3,15706,0.7,589.8300117
2026-05-11T13:40:00+00:00,15705.7,15705.75,15702.1,15702.3,15705.4,15706,15705.5,15706,15702,15702.2,15702,15702.6,0.6,699.3300116
2026-05-11T13:45:00+00:00,15702.6,15704.65,15700.95,15701.15,15702.3,15702.9,15704.4,15704.9,15700.8,15701.1,15701,15701.3,0.3,816.5600159
2026-05-11T13:50:00+00:00,15701.2,15702.75,15699.9,15700,15701.1,15701.3,15702.5,15703,15699.7,15700.1,15699.8,15700.2,0.4,995.4600166
2026-05-11T13:55:00+00:00,15700.05,15703.8,15700.05,15703.45,15699.9,15700.2,15703.6,15704,15699.9,15700.2,15703.1,15703.8,0.7,902.1600142
2026-05-11T14:00:00+00:00,15703.4,15705.2,15702.2,15705.2,15703.1,15703.7,15705,15705.4,15702.1,15702.3,15705,15705.4,0.4,751.660012
2026-05-11T14:05:00+00:00,15705.1,15706.8,15704.55,15705.1,15704.9,15705.3,15706.6,15707,15704.3,15704.8,15704.9,15705.3,0.4,652.7400091
2026-05-11T14:10:00+00:00,15705.05,15706.4,15703.7,15703.85,15704.8,15705.3,15706.1,15706.7,15703.5,15703.9,15703.6,15704.1,0.5,696.5200095
2026-05-11T14:15:00+00:00,15703.8,15703.95,15700.3,15701.25,15703.7,15703.9,15703.7,15704.2,15700.2,15700.4,15701,15701.5,0.5,661.8000083
2026-05-11T14:20:00+00:00,15701.15,15702.4,15700.35,15701.7,15700.9,15701.4,15702.2,15702.6,15700.2,15700.5,15701.5,15701.9,0.4,754.0500114
2026-05-11T14:25:00+00:00,15701.6,15703.8,15701.25,15703.75,15701.3,15701.9,15703.6,15704,15701.1,15701.4,15703.5,15704,0.5,664.9600105
2026-05-11T14:30:00+00:00,15703.8,15709.75,15703.55,15707.3,15703.6,15704,15709.5,15710,15703.3,15703.8,15707.1,15707.5,0.4,1650.790032
2026-05-11T14:35:00+00:00,15707.2,15707.95,15703.3,15703.5,15707,15707.4,15707.8,15708.1,15703.1,15703.5,15703.2,15703.8,0.6,975.7300156
2026-05-11T14:40:00+00:00,15703.4,15703.65,15702.2,15703.65,15703.2,15703.6,15703.5,15703.8,15702,15702.4,15703.5,15703.8,0.3,687.2500103
2026-05-11T14:45:00+00:00,15703.8,15706.95,15703.35,15706.05,15703.6,15704,15706.7,15707.2,15703.1,15703.6,15705.8,15706.3,0.5,923.2100163
2026-05-11T14:50:00+00:00,15706,15708.6,15700,15702.8,15705.6,15706.4,15708.3,15708.9,15699.8,15700.2,15702.6,15703,0.4,1595.760027
2026-05-11T14:55:00+00:00,15702.6,15704.15,15697.95,15699.95,15702.4,15702.8,15704,15704.3,15697.8,15698.1,15699.8,15700.1,0.3,1664.980029
2026-05-11T15:00:00+00:00,15700.1,15703.5,15698.35,15702.45,15700,15700.2,15703.3,15703.7,15698.1,15698.6,15702.3,15702.6,0.3,1701.620026
2026-05-11T15:05:00+00:00,15702.5,15703.2,15701.05,15702.9,15702.3,15702.7,15703,15703.4,15700.9,15701.2,15702.7,15703.1,0.4,638.6700121
2026-05-11T15:10:00+00:00,15702.85,15706.2,15702.65,15704.95,15702.6,15703.1,15706,15706.4,15702.5,15702.8,15704.8,15705.1,0.3,922.2500153
2026-05-11T15:15:00+00:00,15705,15707.3,15704.6,15704.75,15704.7,15705.3,15707,15707.6,15704.3,15704.9,15704.5,15705,0.5,734.900014
2026-05-11T15:20:00+00:00,15704.85,15704.85,15699.75,15700.8,15704.7,15705,15704.7,15705,15699.5,15700,15700.6,15701,0.4,629.5600138
2026-05-11T15:25:00+00:00,15701,15702.9,15700.25,15702.3,15700.8,15701.2,15702.7,15703.1,15700,15700.5,15702.1,15702.5,0.4,702.0500118
2026-05-11T15:30:00+00:00,15702.25,15703.7,15700.85,15701.95,15702,15702.5,15703.4,15704,15700.7,15701,15701.7,15702.2,0.5,787.0800107
2026-05-11T15:35:00+00:00,15702.05,15703,15701.1,15701.55,15701.9,15702.2,15702.8,15703.2,15700.9,15701.3,15701.4,15701.7,0.3,562.3600112
2026-05-11T15:40:00+00:00,15701.45,15705.45,15700.8,15704.1,15701.2,15701.7,15705.4,15705.5,15700.5,15701.1,15703.9,15704.3,0.4,616.9900098
2026-05-11T15:45:00+00:00,15704.15,15707.3,15703.6,15704.45,15704,15704.3,15707.1,15707.5,15703.4,15703.8,15704.2,15704.7,0.5,1278.950024
2026-05-11T15:50:00+00:00,15704.6,15706.25,15703,15703.6,15704.4,15704.8,15706,15706.5,15702.8,15703.2,15703.4,15703.8,0.4,546.2500106
2026-05-11T15:55:00+00:00,15703.75,15705,15702.75,15704.7,15703.6,15703.9,15704.8,15705.2,15702.6,15702.9,15704.5,15704.9,0.4,626.3200077
2026-05-11T16:00:00+00:00,15704.8,15705.7,15703.6,15703.9,15704.5,15705.1,15705.5,15705.9,15703.4,15703.8,15703.7,15704.1,0.4,487.5300086
2026-05-11T16:05:00+00:00,15704.05,15705.7,15703.7,15705.4,15703.8,15704.3,15705.5,15705.9,15703.5,15703.9,15705.2,15705.6,0.4,330.3000059
2026-05-11T16:10:00+00:00,15705.5,15707.5,15704.9,15706.6,15705.3,15705.7,15707.3,15707.7,15704.7,15705.1,15706.3,15706.9,0.6,308.070006
2026-05-11T16:15:00+00:00,15706.35,15709,15706.35,15707.65,15706.1,15706.6,15708.9,15709.1,15706.1,15706.6,15707.4,15707.9,0.5,386.4400066
2026-05-11T16:20:00+00:00,15707.6,15709.7,15707.45,15709.6,15707.4,15707.8,15709.5,15709.9,15707.2,15707.7,15709.5,15709.7,0.2,395.5800066
2026-05-11T16:25:00+00:00,15709.85,15711.35,15709.55,15711.2,15709.5,15710.2,15711.1,15711.6,15709.3,15709.8,15710.9,15711.5,0.6,445.2000071
2026-05-11T16:30:00+00:00,15711.25,15711.75,15710.25,15710.9,15711.1,15711.4,15711.5,15712,15710.2,15710.3,15710.7,15711.1,0.4,306.5200055
2026-05-11T16:35:00+00:00,15711,15712.65,15710.8,15710.8,15710.8,15711.2,15712.5,15712.8,15710.6,15711,15710.6,15711,0.4,540.250007
2026-05-11T16:40:00+00:00,15710.95,15715.25,15710.55,15713.6,15710.7,15711.2,15715,15715.5,15710.3,15710.8,15713.3,15713.9,0.6,1540.340023
2026-05-11T16:45:00+00:00,15713.65,15714.6,15712.2,15713.75,15713.4,15713.9,15714.4,15714.8,15711.9,15712.5,15713.5,15714,0.5,763.2700073
2026-05-11T16:50:00+00:00,15713.55,15715.15,15713.5,15714.25,15713.3,15713.8,15714.9,15715.4,15713.2,15713.8,15714,15714.5,0.5,337.4300058
2026-05-11T16:55:00+00:00,15714.45,15716.35,15714.15,15715.85,15714.2,15714.7,15716,15716.7,15713.9,15714.4,15715.6,15716.1,0.5,591.590008
2026-05-11T17:00:00+00:00,15715.75,15718.75,15714.65,15718.75,15715.5,15716,15718.5,15719,15714.4,15714.9,15718.5,15719,0.5,726.7200125
2026-05-11T17:05:00+00:00,15718.9,15719.7,15718,15719.05,15718.7,15719.1,15719.5,15719.9,15717.9,15718.1,15718.9,15719.2,0.3,447.9800075
2026-05-11T17:10:00+00:00,15719.15,15721.25,15716.25,15716.35,15719,15719.3,15721.1,15721.4,15716,15716.5,15716.1,15716.6,0.5,619.4500124
2026-05-11T17:15:00+00:00,15716.2,15718.05,15715,15716.85,15716,15716.4,15717.9,15718.2,15714.8,15715.2,15716.6,15717.1,0.5,563.7800113
2026-05-11T17:20:00+00:00,15716.8,15716.9,15713.55,15713.55,15716.5,15717.1,15716.6,15717.2,15713.3,15713.8,15713.3,15713.8,0.5,610.0200083
2026-05-11T17:25:00+00:00,15713.5,15714.55,15711.75,15713.6,15713.2,15713.8,15714.3,15714.8,15711.6,15711.9,15713.4,15713.8,0.4,636.410012
2026-05-11T17:30:00+00:00,15713.95,15714.35,15711.15,15712.1,15713.9,15714,15714.1,15714.6,15710.9,15711.4,15711.9,15712.3,0.4,598.7000101
2026-05-11T17:35:00+00:00,15712.15,15713.5,15711.85,15713.4,15711.9,15712.4,15713.3,15713.7,15711.6,15712.1,15713.2,15713.6,0.4,654.0000105
2026-05-11T17:40:00+00:00,15713.55,15713.7,15712.1,15713.3,15713.2,15713.9,15713.5,15713.9,15711.9,15712.3,15713.1,15713.5,0.4,308.4000062
2026-05-11T17:45:00+00:00,15713.2,15713.4,15711.9,15712,15713,15713.4,15713.2,15713.6,15711.7,15712.1,15711.8,15712.2,0.4,330.2400056
2026-05-11T17:50:00+00:00,15711.95,15711.95,15710.45,15711,15711.8,15712.1,15711.8,15712.1,15710.3,15710.6,15710.8,15711.2,0.4,175.740002
2026-05-11T17:55:00+00:00,15710.85,15712.2,15710.6,15711.25,15710.7,15711,15712,15712.4,15710.4,15710.8,15711.1,15711.4,0.3,377.9600074
2026-05-11T18:00:00+00:00,15711.3,15711.65,15709.7,15710.7,15711.2,15711.4,15711.5,15711.8,15709.5,15709.9,15710.6,15710.8,0.2,397.8300074
2026-05-11T18:05:00+00:00,15710.85,15710.85,15709.35,15709.55,15710.7,15711,15710.7,15711,15709.1,15709.6,15709.4,15709.7,0.3,585.1500065
2026-05-11T18:10:00+00:00,15709.4,15712.25,15709.4,15712.15,15709.2,15709.6,15712.1,15712.4,15709.2,15709.6,15712,15712.3,0.3,240.0400038
2026-05-11T18:15:00+00:00,15711.8,15712.45,15711.35,15712.1,15711.5,15712.1,15712.3,15712.6,15711.2,15711.5,15711.9,15712.3,0.4,214.720005
2026-05-11T18:20:00+00:00,15711.95,15714.85,15711.9,15713.3,15711.8,15712.1,15714.5,15715.2,15711.7,15712.1,15713.2,15713.4,0.2,538.8700126
2026-05-11T18:25:00+00:00,15713.25,15715.2,15713.25,15713.45,15713,15713.5,15714.9,15715.5,15713,15713.5,15713.3,15713.6,0.3,509.870012
2026-05-11T18:30:00+00:00,15713.5,15714.8,15713.5,15714.55,15713.3,15713.7,15714.5,15715.1,15713.3,15713.7,15714.3,15714.8,0.5,323.1800056
2026-05-11T18:35:00+00:00,15714.7,15716.65,15713.1,15716.4,15714.5,15714.9,15716.4,15716.9,15712.9,15713.3,15716.2,15716.6,0.4,390.9500052
2026-05-11T18:40:00+00:00,15716.35,15719.8,15715.85,15719.8,15716.2,15716.5,15719.6,15720,15715.7,15716,15719.6,15720,0.4,436.7700099
2026-05-11T18:45:00+00:00,15719.75,15720.5,15718.55,15720.45,15719.5,15720,15720.3,15720.7,15718.4,15718.7,15720.3,15720.6,0.3,581.7900083
2026-05-11T18:50:00+00:00,15720.4,15720.85,15719.05,15719.95,15720.2,15720.6,15720.7,15721,15718.7,15719.4,15719.8,15720.1,0.3,455.4500073
2026-05-11T18:55:00+00:00,15720,15721,15719.3,15720.7,15719.8,15720.2,15720.8,15721.2,15719.1,15719.5,15720.5,15720.9,0.4,705.6300104
2026-05-11T19:00:00+00:00,15720.75,15721.5,15720.3,15721.15,15720.6,15720.9,15721.3,15721.7,15720.1,15720.5,15720.9,15721.4,0.5,479.580006
2026-05-11T19:05:00+00:00,15721.25,15721.75,15720.8,15721.5,15721,15721.5,15721.6,15721.9,15720.6,15721,15721.3,15721.7,0.4,448.3700064
2026-05-11T19:10:00+00:00,15721.35,15723.85,15721.15,15723.7,15721.2,15721.5,15723.6,15724.1,15721,15721.3,15723.4,15724,0.6,548.5600103
2026-05-11T19:15:00+00:00,15723.7,15724.4,15722.4,15722.7,15723.5,15723.9,15724.2,15724.6,15722.2,15722.6,15722.5,15722.9,0.4,325.2000052
2026-05-11T19:20:00+00:00,15722.6,15723.4,15721,15722.5,15722.4,15722.8,15723.2,15723.6,15720.8,15721.2,15722.3,15722.7,0.4,290.690003
2026-05-11T19:25:00+00:00,15722.9,15724.7,15722.9,15724.6,15722.7,15723.1,15724.5,15724.9,15722.7,15723.1,15724.5,15724.7,0.2,217.2200054
2026-05-11T19:30:00+00:00,15724.45,15725.65,15724.35,15725.4,15724.2,15724.7,15725.5,15725.8,15724.2,15724.5,15725.1,15725.7,0.6,229.5900055
2026-05-11T19:35:00+00:00,15725.5,15726.75,15724.9,15726.1,15725.4,15725.6,15726.5,15727,15724.7,15725.1,15725.8,15726.4,0.6,509.8600075
2026-05-11T19:40:00+00:00,15726.1,15726.65,15724.9,15726.2,15725.9,15726.3,15726.5,15726.8,15724.7,15725.1,15726,15726.4,0.4,360.7900046
2026-05-11T19:45:00+00:00,15726.1,15726.4,15724.85,15726.2,15725.9,15726.3,15726.2,15726.6,15724.7,15725,15726,15726.4,0.4,246.1100038
2026-05-11T19:50:00+00:00,15726.05,15726.3,15725.6,15725.85,15725.9,15726.2,15726.1,15726.5,15725.4,15725.8,15725.7,15726,0.3,317.8500032
2026-05-11T19:55:00+00:00,15725.75,15726.4,15724.15,15724.45,15725.5,15726,15726.2,15726.6,15724,15724.3,15724.3,15724.6,0.3,578.3100083
2026-05-11T20:00:00+00:00,15724.4,15724.45,15721.25,15722.3,15724.3,15724.5,15724.3,15724.6,15721.1,15721.4,15722.2,15722.4,0.2,489.1600114
2026-05-11T20:05:00+00:00,15722.75,15724.4,15722.45,15723.9,15722.6,15722.9,15724.2,15724.6,15722.3,15722.6,15723.7,15724.1,0.4,163.1200038
2026-05-11T20:10:00+00:00,15723.8,15727.35,15722.6,15723.6,15723.6,15724,15727.2,15727.5,15722.4,15722.8,15723.3,15723.9,0.6,706.3400155
2026-05-11T20:15:00+00:00,15723.5,15724.35,15722.75,15724,15723.2,15723.8,15724.2,15724.5,15722.4,15723.1,15723.7,15724.3,0.6,232.1200049
2026-05-11T20:20:00+00:00,15723.95,15724.45,15723.3,15723.45,15723.7,15724.2,15724.1,15724.8,15723.1,15723.5,15723.2,15723.7,0.5,183.7400035
2026-05-11T20:25:00+00:00,15723.5,15723.55,15721.85,15722.3,15723.2,15723.8,15723.3,15723.8,15721.6,15722.1,15722,15722.6,0.6,278.6700063
2026-05-11T20:30:00+00:00,15722.25,15722.25,15721,15721.25,15721.9,15722.6,15721.9,15722.6,15720.8,15721.2,15720.9,15721.6,0.7,278.6400017
2026-05-11T20:35:00+00:00,15721.3,15722.4,15721.25,15722.05,15720.9,15721.7,15722.1,15722.7,15720.9,15721.6,15721.7,15722.4,0.7,309.8200028
2026-05-11T20:40:00+00:00,15722.1,15722.1,15720.85,15721.4,15721.8,15722.4,15721.8,15722.4,15720.6,15721.1,15721.1,15721.7,0.6,299.6600025
2026-05-11T20:45:00+00:00,15721.35,15722.15,15720.8,15721.4,15721.1,15721.6,15722.1,15722.2,15720.5,15721.1,15721.1,15721.7,0.6,629.4400079
2026-05-11T20:50:00+00:00,15721.5,15722.6,15721.3,15722.4,15721.2,15721.8,15722.4,15722.8,15721,15721.6,15722.3,15722.5,0.2,198.480004
2026-05-11T20:55:00+00:00,15722.8,15723.4,15716.75,15717.1,15722.4,15723.2,15722.8,15724,15714.8,15718.7,15715.5,15718.7,3.2,751.5900012
2026-05-11T21:00:00+00:00,15717.2,15719.6,15711.9,15714.85,15715.2,15719.2,15715.2,15724,15705,15718.8,15709.8,15719.9,10.1,29.65999943
2026-05-11T21:05:00+00:00,15715.1,15716.1,15714.8,15715.75,15709.8,15720.4,15710.7,15721.5,15709.8,15719.8,15710.7,15720.8,10.1,101.8299981
2026-05-11T21:10:00+00:00,15715.75,15720.55,15715.55,15717.75,15710.5,15721,15715.1,15726,15710.5,15720.6,15714,15721.5,7.5,170.8699965
2026-05-11T21:15:00+00:00,15717.85,15718.4,15717.35,15717.7,15714.2,15721.5,15714.6,15722.2,15713.6,15721.1,15713.9,15721.5,7.6,148.3199983
2026-05-11T21:20:00+00:00,15718.05,15720.7,15716.85,15718.65,15714.4,15721.7,15715.4,15726,15713.5,15720.2,15715.2,15722.1,6.9,160.1799973
2026-05-11T21:25:00+00:00,15718.75,15720.4,15718.2,15720.1,15715.4,15722.1,15715.4,15725.4,15714.4,15722,15715.3,15724.9,9.6,101.0999969
2026-05-11T21:30:00+00:00,15718.8,15719.75,15718.5,15718.9,15715.3,15722.3,15717.1,15722.4,15715.1,15721.9,15715.9,15721.9,6,120.5400002
2026-05-11T21:35:00+00:00,15718.95,15719.65,15718.5,15718.75,15716,15721.9,15716.9,15722.4,15715.1,15721.9,15715.4,15722.1,6.7,173.6999998
2026-05-11T21:40:00+00:00,15718.65,15719.55,15718.3,15718.95,15715.1,15722.2,15716.9,15722.2,15715.1,15721.5,15716.3,15721.6,5.3,104.3999982
2026-05-11T21:45:00+00:00,15718.6,15719.15,15718.4,15718.55,15716.3,15720.9,15716.4,15721.9,15715.9,15720.9,15716.2,15720.9,4.7,82.80000067
2026-05-11T21:50:00+00:00,15718.6,15719.1,15713.45,15715.5,15716.3,15720.9,15716.3,15721.9,15709.9,15717,15711.6,15719.4,7.8,112.0699995
2026-05-11T21:55:00+00:00,15715.65,15716.35,15714.3,15715.15,15712,15719.3,15713.2,15719.5,15710.7,15717.9,15711.9,15718.4,6.5,387.6000009
2026-05-11T22:00:00+00:00,15716.3,15720.4,15714.15,15716.85,15711.5,15721.1,15719.6,15721.2,15711.5,15716.8,15716.4,15717.3,0.9,365.2499927
2026-05-11T22:05:00+00:00,15716.8,15719.15,15716.8,15718.45,15716.3,15717.3,15718.3,15720,15716.3,15717.3,15718,15718.9,0.9,116.1500031
2026-05-11T22:10:00+00:00,15718.25,15718.25,15717.75,15717.75,15717.8,15718.7,15717.8,15718.7,15717.2,15718.3,15717.2,15718.3,1.1,47.70000172
2026-05-11T22:15:00+00:00,15717.9,15719.35,15716.75,15719.15,15717.4,15718.4,15718.9,15719.8,15716.3,15717.2,15718.7,15719.6,0.9,126.1400038
2026-05-11T22:20:00+00:00,15719.05,15719.35,15718.95,15719.25,15718.6,15719.5,15718.9,15719.8,15718.5,15719.4,15718.8,15719.7,0.9,57.60000229
2026-05-11T22:25:00+00:00,15719.35,15720.5,15717.8,15719.55,15718.9,15719.8,15720.1,15720.9,15717.2,15718.4,15719.2,15719.9,0.7,148.0200031
2026-05-11T22:30:00+00:00,15719.6,15719.9,15719.15,15719.6,15719.2,15720,15719.5,15720.3,15718.8,15719.5,15719.3,15719.9,0.6,168.3000045
2026-05-11T22:35:00+00:00,15719.55,15719.75,15719.15,15719.4,15719.2,15719.9,15719.2,15720.3,15718.7,15719.6,15719,15719.8,0.8,39.67000103
2026-05-11T22:40:00+00:00,15719.5,15719.65,15719.35,15719.35,15719.1,15719.9,15719.2,15720.1,15718.9,15719.8,15718.9,15719.8,0.9,24.59000051
2026-05-11T22:45:00+00:00,15719.25,15719.6,15718.95,15719.35,15718.8,15719.7,15719,15720.2,15718.5,15719.4,15719,15719.7,0.7,102.5000015
2026-05-11T22:50:00+00:00,15719.4,15719.45,15718.6,15719.35,15718.9,15719.9,15719,15719.9,15718.2,15719,15718.9,15719.8,0.9,78.15000176
2026-05-11T22:55:00+00:00,15719.3,15719.7,15719.3,15719.45,15718.9,15719.7,15719.4,15720,15718.9,15719.7,15719,15719.9,0.9,56.76000071
2026-05-11T23:00:00+00:00,15719.35,15719.55,15718.65,15718.65,15719,15719.7,15719.2,15719.9,15718.4,15718.9,15718.4,15718.9,0.5,85.56000149
2026-05-11T23:05:00+00:00,15718.75,15720.55,15718.45,15719.8,15718.5,15719,15720.3,15720.8,15718.2,15718.7,15719.5,15720.1,0.6,84.96000195
2026-05-11T23:10:00+00:00,15720.1,15720.6,15719.35,15720,15720,15720.2,15720.5,15720.7,15719.2,15719.5,15719.7,15720.3,0.6,230.4700038
2026-05-11T23:15:00+00:00,15719.7,15722.3,15719.3,15722.15,15719.5,15719.9,15722,15722.6,15719.2,15719.4,15721.9,15722.4,0.5,81.37000096
2026-05-11T23:20:00+00:00,15722.05,15722.1,15720.7,15721.85,15721.8,15722.3,15721.8,15722.4,15720.4,15721,15721.4,15722.3,0.9,85.5700016
2026-05-11T23:25:00+00:00,15721.95,15723.25,15721.65,15723.2,15721.6,15722.3,15723,15723.5,15721.4,15721.9,15722.9,15723.5,0.6,83.16000104
2026-05-11T23:30:00+00:00,15723.1,15723.25,15722.05,15722.5,15722.8,15723.4,15722.9,15723.6,15721.7,15722.4,15722.3,15722.7,0.4,122.0400015
2026-05-11T23:35:00+00:00,15722.75,15724.4,15722.15,15722.75,15722.5,15723,15724.1,15724.7,15721.9,15722.4,15722.5,15723,0.5,208.2100036
2026-05-11T23:40:00+00:00,15722.85,15724.4,15722.7,15723.95,15722.7,15723,15724.2,15724.6,15722.4,15723,15723.6,15724.3,0.7,282.7700036
2026-05-11T23:45:00+00:00,15724.1,15724.45,15723.25,15724.15,15723.8,15724.4,15724.2,15724.7,15723.1,15723.4,15723.8,15724.5,0.7,312.9600053
2026-05-11T23:50:00+00:00,15724.2,15724.2,15720.05,15721.65,15723.8,15724.6,15723.8,15724.6,15719.7,15720.4,15721.3,15722,0.7,550.7700094
2026-05-11T23:55:00+00:00,15721.85,15724.7,15721.85,15724.1,15721.7,15722,15724.5,15724.9,15721.7,15722,15723.8,15724.4,0.6,390.8700076
2026-05-12T00:00:00+00:00,15724.05,15729.9,15724.05,15727.95,15723.8,15724.3,15729.6,15730.2,15723.8,15724.3,15727.7,15728.2,0.5,1228.650026
2026-05-12T00:05:00+00:00,15728.05,15729.25,15726.4,15729.2,15727.8,15728.3,15729,15729.5,15726.1,15726.7,15729,15729.4,0.4,624.3700175
2026-05-12T00:10:00+00:00,15728.65,15729.05,15727.2,15727.6,15728.5,15728.8,15728.8,15729.3,15726.9,15727.5,15727.4,15727.8,0.4,460.4000102
2026-05-12T00:15:00+00:00,15727.55,15728.3,15725.4,15726.6,15727.4,15727.7,15728.1,15728.5,15725.1,15725.7,15726.4,15726.8,0.4,565.7300129
2026-05-12T00:20:00+00:00,15726.7,15729.85,15726.65,15727.2,15726.4,15727,15729.6,15730.1,15726.4,15726.9,15726.9,15727.5,0.6,434.0200084
2026-05-12T00:25:00+00:00,15727.25,15728.2,15726.25,15727.85,15726.9,15727.6,15727.9,15728.5,15726.1,15726.4,15727.6,15728.1,0.5,488.0300087
2026-05-12T00:30:00+00:00,15727.75,15730.65,15727.6,15730.45,15727.5,15728,15730.4,15730.9,15727.3,15727.9,15730.2,15730.7,0.5,742.6400065
2026-05-12T00:35:00+00:00,15730.35,15730.55,15729.15,15730.1,15730.1,15730.6,15730.4,15730.7,15728.9,15729.4,15729.9,15730.3,0.4,423.0400081
2026-05-12T00:40:00+00:00,15730.2,15733.05,15730.05,15732.85,15729.9,15730.5,15732.9,15733.2,15729.8,15730.3,15732.6,15733.1,0.5,556.8900064
2026-05-12T00:45:00+00:00,15732.8,15734.45,15729.95,15733.3,15732.6,15733,15734.2,15734.7,15729.7,15730.2,15732.9,15733.7,0.8,693.7800114
2026-05-12T00:50:00+00:00,15733.35,15738.6,15732.85,15737.15,15733,15733.7,15738.4,15738.8,15732.7,15733,15737,15737.3,0.3,2167.290029
2026-05-12T00:55:00+00:00,15737.55,15743.5,15736.55,15742.1,15737.3,15737.8,15743.2,15743.8,15736.3,15736.8,15741.8,15742.4,0.6,1856.34002
2026-05-12T01:00:00+00:00,15742.5,15746.55,15737.6,15746.25,15742.4,15742.6,15746.3,15746.8,15737.4,15737.8,15745.8,15746.7,0.9,2040.060031
2026-05-12T01:05:00+00:00,15746.35,15748.65,15743.7,15747.8,15746.1,15746.6,15748.4,15748.9,15743.5,15743.9,15747.5,15748.1,0.6,1179.060017
2026-05-12T01:10:00+00:00,15747.85,15750.4,15747.65,15749.05,15747.5,15748.2,15750.2,15750.6,15747.4,15747.9,15748.6,15749.5,0.9,1452.040019
2026-05-12T01:15:00+00:00,15749.2,15749.9,15746.75,15749.15,15748.9,15749.5,15749.6,15750.2,15746.5,15747,15748.9,15749.4,0.5,1361.48002
2026-05-12T01:20:00+00:00,15749.1,15750.05,15747.65,15749.7,15748.8,15749.4,15749.7,15750.4,15747.4,15747.9,15749.4,15750,0.6,1263.780011
2026-05-12T01:25:00+00:00,15749.85,15755,15749.75,15754.7,15749.5,15750.2,15754.8,15755.2,15749.4,15750.1,15754.5,15754.9,0.4,969.7900138
2026-05-12T01:30:00+00:00,15754.65,15755.15,15749.5,15751.5,15754.4,15754.9,15754.9,15755.4,15749.2,15749.8,15751.4,15751.6,0.2,936.5700157
2026-05-12T01:35:00+00:00,15751.4,15755,15751.35,15754.5,15751.3,15751.5,15754.8,15755.2,15751.3,15751.4,15754.3,15754.7,0.4,665.620014
2026-05-12T01:40:00+00:00,15754.35,15758.75,15753.9,15756.75,15754.3,15754.4,15758.4,15759.1,15753.7,15754.1,15756.5,15757,0.5,1346.930017
2026-05-12T01:45:00+00:00,15756.8,15757.85,15753.75,15753.85,15756.5,15757.1,15757.6,15758.1,15753.5,15754,15753.6,15754.1,0.5,1159.700018
2026-05-12T01:50:00+00:00,15753.75,15755,15751.35,15751.7,15753.5,15754,15754.8,15755.2,15751.1,15751.6,15751.5,15751.9,0.4,630.4700102
2026-05-12T01:55:00+00:00,15752,15754.4,15752,15753.85,15751.9,15752.1,15754.2,15754.6,15751.9,15752.1,15753.7,15754,0.3,874.6800127
2026-05-12T02:00:00+00:00,15753.75,15755.55,15753.05,15755.25,15753.6,15753.9,15755.3,15755.8,15752.8,15753.3,15755,15755.5,0.5,506.0900103
2026-05-12T02:05:00+00:00,15755.15,15756.7,15754.1,15755.6,15754.9,15755.4,15756.4,15757,15753.9,15754.3,15755.4,15755.8,0.4,586.8300096
2026-05-12T02:10:00+00:00,15755.55,15756.7,15754.9,15755.4,15755.3,15755.8,15756.6,15756.8,15754.7,15755.1,15755.2,15755.6,0.4,408.1100062
2026-05-12T02:15:00+00:00,15755.35,15757.35,15755,15756.35,15755.1,15755.6,15757.1,15757.6,15754.8,15755.2,15756.1,15756.6,0.5,463.680007
2026-05-12T02:20:00+00:00,15756.45,15758.75,15756.25,15756.6,15756.2,15756.7,15758.6,15758.9,15756,15756.5,15756.4,15756.8,0.4,635.55001
2026-05-12T02:25:00+00:00,15756.65,15757.95,15756.3,15757.65,15756.4,15756.9,15757.7,15758.2,15756,15756.6,15757.4,15757.9,0.5,493.8500073
2026-05-12T02:30:00+00:00,15757.8,15764.3,15757.45,15764,15757.7,15757.9,15764,15764.6,15757.2,15757.7,15763.5,15764.5,1,940.8400137
2026-05-12T02:35:00+00:00,15764,15765.4,15761.05,15763.8,15763.6,15764.4,15765.1,15765.7,15760.7,15761.4,15763.5,15764.1,0.6,916.1500108
2026-05-12T02:40:00+00:00,15763.85,15764.2,15762.35,15762.75,15763.6,15764.1,15764,15764.4,15762,15762.7,15762.5,15763,0.5,501.5000073
2026-05-12T02:45:00+00:00,15762.65,15763,15761.55,15761.6,15762.4,15762.9,15762.8,15763.2,15761.4,15761.7,15761.5,15761.7,0.2,382.8000041
2026-05-12T02:50:00+00:00,15761.5,15761.5,15755.95,15758.4,15761.3,15761.7,15761.3,15761.7,15755.7,15756.2,15758.1,15758.7,0.6,962.0200167
2026-05-12T02:55:00+00:00,15758.55,15760.5,15758.55,15758.95,15758.3,15758.8,15760.3,15760.7,15758.3,15758.8,15758.8,15759.1,0.3,424.8000059
2026-05-12T03:00:00+00:00,15759,15761.5,15757.8,15761.5,15758.9,15759.1,15761.3,15761.7,15757.6,15758,15761.3,15761.7,0.4,377.2500081
2026-05-12T03:05:00+00:00,15761.55,15762.65,15760.25,15761.05,15761.3,15761.8,15762.4,15762.9,15760,15760.5,15760.9,15761.2,0.3,550.0500079
2026-05-12T03:10:00+00:00,15761,15761,15758.55,15758.6,15760.8,15761.2,15760.8,15761.2,15758.4,15758.7,15758.4,15758.8,0.4,473.7000082
2026-05-12T03:15:00+00:00,15758.55,15758.6,15756.55,15756.7,15758.3,15758.8,15758.4,15758.8,15756.3,15756.8,15756.5,15756.9,0.4,342.370008
2026-05-12T03:20:00+00:00,15756.75,15757,15755.1,15756.95,15756.6,15756.9,15756.7,15757.3,15754.9,15755.3,15756.7,15757.2,0.5,418.0500082
2026-05-12T03:25:00+00:00,15757.35,15757.75,15757.15,15757.35,15757.2,15757.5,15757.5,15758,15756.9,15757.4,15757.1,15757.6,0.5,212.6100017
2026-05-12T03:30:00+00:00,15757.25,15757.7,15757.2,15757.45,15757,15757.5,15757.5,15757.9,15757,15757.4,15757.1,15757.8,0.7,273.3000026
2026-05-12T03:35:00+00:00,15757.55,15760.8,15757.5,15758.95,15757.3,15757.8,15760.7,15760.9,15757.2,15757.8,15758.7,15759.2,0.5,431.0200063
2026-05-12T03:40:00+00:00,15759.1,15760,15757.55,15759.5,15758.9,15759.3,15759.8,15760.2,15757.3,15757.8,15759.3,15759.7,0.4,290.7000067
2026-05-12T03:45:00+00:00,15759.45,15761.25,15759.35,15761.15,15759.2,15759.7,15761,15761.5,15759.1,15759.6,15761,15761.3,0.3,178.5000038
2026-05-12T03:50:00+00:00,15761.25,15763.85,15761.15,15762.75,15760.9,15761.6,15763.6,15764.1,15760.9,15761.4,15762.5,15763,0.5,627.5000095
2026-05-12T03:55:00+00:00,15762.85,15764.1,15761.25,15761.45,15762.6,15763.1,15763.9,15764.3,15761,15761.5,15761.2,15761.7,0.5,558.0800085
2026-05-12T04:00:00+00:00,15761.5,15762.65,15760.85,15762.35,15761.3,15761.7,15762.4,15762.9,15760.7,15761,15762.1,15762.6,0.5,439.4500084
2026-05-12T04:05:00+00:00,15762.2,15762.5,15761.2,15762.35,15762,15762.4,15762.2,15762.8,15761,15761.4,15762.2,15762.5,0.3,905.5200171
2026-05-12T04:10:00+00:00,15762.4,15763.95,15762.2,15762.55,15762.3,15762.5,15763.7,15764.2,15762,15762.4,15762.3,15762.8,0.5,344.4400064
2026-05-12T04:15:00+00:00,15762.45,15763.15,15761.45,15762.2,15762.3,15762.6,15762.9,15763.4,15761.2,15761.7,15762,15762.4,0.4,475.900008
2026-05-12T04:20:00+00:00,15762.35,15763.3,15761.4,15762.2,15762.1,15762.6,15763,15763.6,15761.2,15761.6,15761.9,15762.5,0.6,599.1300074
2026-05-12T04:25:00+00:00,15762.3,15764,15762.1,15763.9,15762,15762.6,15763.8,15764.2,15761.9,15762.3,15763.7,15764.1,0.4,303.720004
2026-05-12T04:30:00+00:00,15763.75,15763.75,15761.35,15762.85,15763.5,15764,15763.5,15764,15761.1,15761.6,15762.7,15763,0.3,268.200004
2026-05-12T04:35:00+00:00,15762.9,15763.7,15755.35,15755.5,15762.7,15763.1,15763.4,15764,15755,15755.7,15755.2,15755.8,0.6,925.6100105
2026-05-12T04:40:00+00:00,15755.6,15757.3,15755.05,15755.65,15755.3,15755.9,15757,15757.6,15754.7,15755.4,15755.4,15755.9,0.5,577.1900079
2026-05-12T04:45:00+00:00,15755.4,15757.5,15755.05,15757.2,15755.2,15755.6,15757.2,15757.8,15754.9,15755.2,15757,15757.4,0.4,396.7800063
2026-05-12T04:50:00+00:00,15756.65,15758.35,15755.5,15756.75,15756.6,15756.7,15758.1,15758.6,15755.3,15755.7,15756.5,15757,0.5,550.310009
2026-05-12T04:55:00+00:00,15756.7,15758.8,15756.35,15758.75,15756.4,15757,15758.6,15759,15756.1,15756.6,15758.5,15759,0.5,476.2900103
2026-05-12T05:00:00+00:00,15758.65,15762.5,15758.65,15762.25,15758.4,15758.9,15762.3,15762.7,15758.4,15758.9,15762.1,15762.4,0.3,553.2300088
2026-05-12T05:05:00+00:00,15762.35,15763.4,15761.05,15761.8,15762.2,15762.5,15763.2,15763.6,15760.8,15761.3,15761.6,15762,0.4,414.3600074
2026-05-12T05:10:00+00:00,15761.55,15765.6,15761.45,15764.4,15761.4,15761.7,15765.3,15765.9,15761.3,15761.6,15764.1,15764.7,0.6,413.4700075
2026-05-12T05:15:00+00:00,15764.15,15765.3,15763.75,15764.45,15763.9,15764.4,15765,15765.6,15763.6,15763.9,15764.2,15764.7,0.5,378.1500078
2026-05-12T05:20:00+00:00,15764.4,15768.85,15763.6,15767.9,15764.1,15764.7,15768.7,15769,15763.4,15763.8,15767.7,15768.1,0.4,533.7200099
2026-05-12T05:25:00+00:00,15767.75,15769,15765.95,15766.85,15767.4,15768.1,15768.8,15769.2,15765.8,15766.1,15766.6,15767.1,0.5,602.9900057
2026-05-12T05:30:00+00:00,15766.8,15773.35,15765.55,15772.65,15766.6,15767,15773.1,15773.6,15765.3,15765.8,15772.5,15772.8,0.3,998.3100141
2026-05-12T05:35:00+00:00,15772.6,15775,15771.7,15774.7,15772.4,15772.8,15774.7,15775.3,15771.4,15772,15774.4,15775,0.6,627.5800101
2026-05-12T05:40:00+00:00,15774.5,15774.95,15772.1,15773.7,15774.2,15774.8,15774.6,15775.3,15771.9,15772.3,15773.4,15774,0.6,682.3900123
2026-05-12T05:45:00+00:00,15773.5,15774.45,15772.45,15772.55,15773.1,15773.9,15774.2,15774.7,15772.2,15772.7,15772.2,15772.9,0.7,441.9300076
2026-05-12T05:50:00+00:00,15772.6,15774.35,15771.6,15771.6,15772.3,15772.9,15774.1,15774.6,15771.5,15771.7,15771.5,15771.7,0.2,442.0300113
2026-05-12T05:55:00+00:00,15771.5,15771.5,15673.7,15731.1,15771.4,15771.6,15771.4,15771.6,15672.6,15674.8,15730.6,15731.6,1,7409.540127
2026-05-12T06:00:00+00:00,15731.65,15732.95,15706.7,15732.5,15731.5,15731.8,15732.7,15733.2,15706.4,15707,15731.9,15733.1,1.2,4680.260088
2026-05-12T06:05:00+00:00,15732.5,15739.2,15726.8,15730.75,15732,15733,15738.8,15739.6,15726.4,15727.2,15730.4,15731.1,0.7,3416.280068
2026-05-12T06:10:00+00:00,15730.75,15735.2,15728,15729.7,15730.2,15731.3,15735.1,15735.3,15727.6,15728.4,15729.3,15730.1,0.8,2548.190047
2026-05-12T06:15:00+00:00,15729.65,15735.05,15728.35,15735,15729.3,15730,15734.8,15735.3,15727.9,15728.8,15734.7,15735.3,0.6,2271.290033
2026-05-12T06:20:00+00:00,15735.05,15749.95,15735.05,15743.15,15734.8,15735.3,15749.7,15750.2,15734.8,15735.3,15742.8,15743.5,0.7,2570.070043
2026-05-12T06:25:00+00:00,15742.85,15747.5,15739.15,15746.5,15742.7,15743,15747.3,15747.7,15738.9,15739.4,15746.2,15746.8,0.6,1718.000029
2026-05-12T06:30:00+00:00,15746.45,15750,15733.4,15736.95,15746.2,15746.7,15749.7,15750.3,15733.1,15733.7,15736.7,15737.2,0.5,2276.050038
2026-05-12T06:35:00+00:00,15737.1,15738.15,15729.3,15737,15736.7,15737.5,15737.9,15738.4,15729,15729.6,15736.7,15737.3,0.6,2199.750034
2026-05-12T06:40:00+00:00,15736.95,15744.95,15736.75,15741.7,15736.5,15737.4,15744.7,15745.2,15736.5,15737,15741.5,15741.9,0.4,1919.140029
2026-05-12T06:45:00+00:00,15741.2,15744.15,15737.8,15741,15740.9,15741.5,15743.9,15744.4,15737.6,15738,15740.9,15741.1,0.2,1375.080022
2026-05-12T06:50:00+00:00,15741.4,15746.75,15738.95,15746.75,15741.2,15741.6,15746.5,15747,15738.6,15739.3,15746.5,15747,0.5,1329.310025
2026-05-12T06:55:00+00:00,15746.7,15752.7,15745.7,15751.3,15746.5,15746.9,15752.5,15752.9,15745.5,15745.9,15751,15751.6,0.6,1561.920024
2026-05-12T07:00:00+00:00,15751.35,15754.95,15748.9,15752.8,15750.9,15751.8,15754.7,15755.2,15748.6,15749.2,15752.6,15753,0.4,1849.960029
2026-05-12T07:05:00+00:00,15752.85,15755,15750.95,15752.7,15752.7,15753,15754.8,15755.2,15750.7,15751.2,15752.4,15753,0.6,976.6900214
2026-05-12T07:10:00+00:00,15752.85,15754.85,15748.95,15751.45,15752.6,15753.1,15754.6,15755.1,15748.7,15749.2,15751.2,15751.7,0.5,1433.570024
2026-05-12T07:15:00+00:00,15751.55,15753.65,15746.55,15747.3,15751.2,15751.9,15753.3,15754,15746.3,15746.8,15747,15747.6,0.6,1518.720021
2026-05-12T07:20:00+00:00,15747.3,15751.95,15745.6,15749.95,15747,15747.6,15751.7,15752.2,15745.3,15745.9,15749.7,15750.2,0.5,1261.660017
2026-05-12T07:25:00+00:00,15750.1,15750.2,15739.35,15746.65,15749.8,15750.4,15749.9,15750.5,15739.2,15739.5,15746.4,15746.9,0.5,1941.740032
2026-05-12T07:30:00+00:00,15746.7,15750.8,15743.5,15743.6,15746.4,15747,15750.6,15751,15743.2,15743.8,15743.3,15743.9,0.6,1326.640023
2026-05-12T07:35:00+00:00,15743.25,15745.7,15741.4,15742.35,15743,15743.5,15745.4,15746,15741.3,15741.5,15742.2,15742.5,0.3,1073.710017
2026-05-12T07:40:00+00:00,15742.4,15751.45,15742.35,15751.45,15742.3,15742.5,15751.2,15751.7,15742.2,15742.5,15751.2,15751.7,0.5,845.1000187
2026-05-12T07:45:00+00:00,15751.6,15754.2,15750.6,15753.15,15751.3,15751.9,15754,15754.4,15750.3,15750.9,15752.9,15753.4,0.5,1064.690014
2026-05-12T07:50:00+00:00,15753.25,15757.05,15749.55,15751.65,15753,15753.5,15756.8,15757.3,15749.5,15749.6,15751.4,15751.9,0.5,1400.91002
2026-05-12T07:55:00+00:00,15751.6,15753,15748.85,15750.75,15751.3,15751.9,15752.8,15753.2,15748.7,15749,15750.5,15751,0.5,1947.230038
2026-05-12T08:00:00+00:00,15750.55,15754.4,15749.1,15750.4,15750.4,15750.7,15754.1,15754.7,15748.9,15749.3,15750.1,15750.7,0.6,1857.900026
2026-05-12T08:05:00+00:00,15750.35,15754.35,15749.3,15751.75,15750.1,15750.6,15754.2,15754.5,15749.1,15749.5,15751.4,15752.1,0.7,1048.480019
2026-05-12T08:10:00+00:00,15751.8,15760.1,15750.7,15760,15751.5,15752.1,15759.9,15760.3,15750.5,15750.9,15759.8,15760.2,0.4,1212.72002
2026-05-12T08:15:00+00:00,15759.95,15760.9,15755.25,15760.25,15759.7,15760.2,15760.6,15761.2,15755,15755.5,15759.9,15760.6,0.7,1731.46002
2026-05-12T08:20:00+00:00,15760.3,15760.55,15756.35,15760.3,15760.1,15760.5,15760.2,15760.9,15756.1,15756.6,15760,15760.6,0.6,1648.710025
2026-05-12T08:25:00+00:00,15760.25,15762.85,15757.6,15762.55,15759.8,15760.7,15762.5,15763.2,15757.3,15757.9,15762.2,15762.9,0.7,880.5700105
2026-05-12T08:30:00+00:00,15762.45,15764.15,15761.65,15763.75,15762.1,15762.8,15763.9,15764.4,15761.4,15761.9,15763.5,15764,0.5,695.6600101
2026-05-12T08:35:00+00:00,15763.85,15765.8,15762.65,15763.9,15763.6,15764.1,15765.5,15766.1,15762.5,15762.8,15763.6,15764.2,0.6,730.800015
2026-05-12T08:40:00+00:00,15763.85,15765.5,15760.4,15765.3,15763.5,15764.2,15765.2,15765.8,15760.2,15760.6,15765,15765.6,0.6,909.1000146
2026-05-12T08:45:00+00:00,15765.4,15765.4,15755.1,15759.3,15765.1,15765.7,15765.1,15765.7,15755,15755.2,15759.1,15759.5,0.4,1991.810036
2026-05-12T08:50:00+00:00,15759.2,15761.6,15758.6,15761.1,15759,15759.4,15761.4,15761.8,15758.2,15759,15760.8,15761.4,0.6,727.4700146
2026-05-12T08:55:00+00:00,15760.95,15763.4,15759.6,15761.85,15760.6,15761.3,15763.1,15763.7,15759.4,15759.8,15761.6,15762.1,0.5,562.5000094
2026-05-12T09:00:00+00:00,15762.3,15765.35,15760.9,15765.3,15762,15762.6,15765.2,15765.5,15760.7,15761.1,15765.2,15765.4,0.2,916.170017
2026-05-12T09:05:00+00:00,15765.15,15765.45,15763.4,15765.1,15764.9,15765.4,15765.2,15765.7,15763.2,15763.6,15764.9,15765.3,0.4,677.6500115
2026-05-12T09:10:00+00:00,15765,15766.5,15763.75,15764,15764.8,15765.2,15766.2,15766.8,15763.6,15763.9,15763.8,15764.2,0.4,839.3100177
2026-05-12T09:15:00+00:00,15764.1,15766.6,15763.2,15763.7,15763.9,15764.3,15766.5,15766.7,15763,15763.4,15763.5,15763.9,0.4,971.1900166
2026-05-12T09:20:00+00:00,15763.6,15766,15761.3,15762.5,15763.5,15763.7,15765.8,15766.2,15761.1,15761.5,15762.3,15762.7,0.4,815.8600115
2026-05-12T09:25:00+00:00,15762.45,15763.45,15759.9,15760,15762.3,15762.6,15763.2,15763.7,15759.6,15760.2,15759.8,15760.2,0.4,697.8300091
2026-05-12T09:30:00+00:00,15759.95,15761.35,15754.1,15760.5,15759.8,15760.1,15761.1,15761.6,15754,15754.2,15760.3,15760.7,0.4,1733.930027
2026-05-12T09:35:00+00:00,15759.9,15762.6,15757.55,15758.9,15759.8,15760,15762.3,15762.9,15757.4,15757.7,15758.7,15759.1,0.4,758.6000141
2026-05-12T09:40:00+00:00,15759,15760.35,15755.8,15760,15758.8,15759.2,15760.1,15760.6,15755.5,15756.1,15759.8,15760.2,0.4,1169.080017
2026-05-12T09:45:00+00:00,15759.95,15761.4,15757.4,15758.7,15759.6,15760.3,15761.2,15761.6,15757.2,15757.6,15758.5,15758.9,0.4,611.9900115
2026-05-12T09:50:00+00:00,15758.6,15760.3,15756.85,15757,15758.4,15758.8,15760.1,15760.5,15756.7,15757,15756.8,15757.2,0.4,640.6400099
2026-05-12T09:55:00+00:00,15757.1,15758.25,15754.2,15756.35,15756.9,15757.3,15758,15758.5,15754,15754.4,15756.2,15756.5,0.3,768.5800118
2026-05-12T10:00:00+00:00,15756.4,15759.3,15755.15,15758.85,15756.3,15756.5,15759.1,15759.5,15754.9,15755.4,15758.6,15759.1,0.5,635.1000115
2026-05-12T10:05:00+00:00,15758.95,15759.15,15757.15,15757.75,15758.8,15759.1,15758.9,15759.4,15756.9,15757.4,15757.6,15757.9,0.3,451.9600077
2026-05-12T10:10:00+00:00,15757.8,15759.9,15757.1,15757.7,15757.6,15758,15759.7,15760.1,15756.9,15757.3,15757.5,15757.9,0.4,361.9100066
2026-05-12T10:15:00+00:00,15757.7,15760.85,15757.55,15759.05,15757.5,15757.9,15760.7,15761,15757.4,15757.7,15758.9,15759.2,0.3,376.4200077
2026-05-12T10:20:00+00:00,15759.1,15761.65,15756.85,15757.8,15758.9,15759.3,15761.5,15761.8,15756.7,15757,15757.6,15758,0.4,695.1900101
2026-05-12T10:25:00+00:00,15757.9,15758.75,15755.5,15755.5,15757.7,15758.1,15758.6,15758.9,15755.3,15755.7,15755.3,15755.7,0.4,513.1500094
2026-05-12T10:30:00+00:00,15755.5,15755.55,15750.4,15752.6,15755.2,15755.8,15755.3,15755.8,15750.2,15750.6,15752.3,15752.9,0.6,837.3100133
2026-05-12T10:35:00+00:00,15752.7,15754.5,15749.45,15754.1,15752.5,15752.9,15754.3,15754.7,15749.2,15749.7,15753.9,15754.3,0.4,807.9500136
2026-05-12T10:40:00+00:00,15754,15754.3,15751.3,15751.8,15753.8,15754.2,15754.2,15754.4,15751.1,15751.5,15751.6,15752,0.4,636.0600114
2026-05-12T10:45:00+00:00,15751.9,15754.5,15751.55,15754,15751.7,15752.1,15754.3,15754.7,15751.3,15751.8,15753.8,15754.2,0.4,418.0000076
2026-05-12T10:50:00+00:00,15754.1,15755.45,15752.9,15754.5,15753.9,15754.3,15755.2,15755.7,15752.8,15753,15754.3,15754.7,0.4,408.7200068
2026-05-12T10:55:00+00:00,15754.95,15757.1,15754.6,15756.15,15754.8,15755.1,15756.9,15757.3,15754.4,15754.8,15756,15756.3,0.3,575.7300085
2026-05-12T11:00:00+00:00,15756,15760.8,15755.4,15758.5,15755.8,15756.2,15760.6,15761,15755.2,15755.6,15758.3,15758.7,0.4,788.470016
2026-05-12T11:05:00+00:00,15758.7,15760.5,15755.05,15755.05,15758.5,15758.9,15760.3,15760.7,15754.8,15755.3,15754.8,15755.3,0.5,852.0600104
2026-05-12T11:10:00+00:00,15755.2,15756.4,15750.2,15755.1,15755,15755.4,15756.2,15756.6,15750,15750.4,15754.9,15755.3,0.4,1784.210016
2026-05-12T11:15:00+00:00,15754.9,15756.6,15754.65,15754.75,15754.7,15755.1,15756.4,15756.8,15754.4,15754.9,15754.5,15755,0.5,485.0500078
2026-05-12T11:20:00+00:00,15754.85,15756.2,15754.6,15755.3,15754.7,15755,15756,15756.4,15754.4,15754.8,15755.1,15755.5,0.4,384.1300063
2026-05-12T11:25:00+00:00,15755.25,15756.7,15753.1,15756.4,15755,15755.5,15756.5,15756.9,15752.9,15753.3,15756.1,15756.7,0.6,694.2500101
2026-05-12T11:30:00+00:00,15756.5,15756.65,15752.85,15754.3,15756.3,15756.7,15756.4,15756.9,15752.8,15752.9,15754.1,15754.5,0.4,611.4800125
2026-05-12T11:35:00+00:00,15754.2,15754.55,15750.4,15751.8,15754,15754.4,15754.4,15754.7,15750.1,15750.7,15751.7,15751.9,0.2,610.26001
2026-05-12T11:40:00+00:00,15751.75,15753,15750.5,15752.8,15751.6,15751.9,15752.9,15753.1,15750.2,15750.8,15752.6,15753,0.4,700.8000112
2026-05-12T11:45:00+00:00,15752.85,15754.05,15751.35,15753.85,15752.7,15753,15753.8,15754.3,15751.1,15751.6,15753.6,15754.1,0.5,762.9400107
2026-05-12T11:50:00+00:00,15753.8,15756.7,15751.8,15755.95,15753.6,15754,15756.4,15757,15751.7,15751.9,15755.8,15756.1,0.3,1019.190009
2026-05-12T11:55:00+00:00,15755.9,15757.95,15755.85,15757.4,15755.7,15756.1,15757.8,15758.1,15755.7,15756,15757.2,15757.6,0.4,1081.850019
2026-05-12T12:00:00+00:00,15757.45,15758.8,15755.1,15755.4,15757.3,15757.6,15758.6,15759,15754.8,15755.4,15755.2,15755.6,0.4,1257.720024
2026-05-12T12:05:00+00:00,15755.5,15759.05,15752.7,15758.25,15755.3,15755.7,15758.8,15759.3,15752.4,15753,15758.1,15758.4,0.3,1493.020016
2026-05-12T12:10:00+00:00,15758.15,15759.3,15756.6,15759.1,15758,15758.3,15759.1,15759.5,15756.4,15756.8,15758.7,15759.5,0.8,839.3800114
2026-05-12T12:15:00+00:00,15759.05,15760.1,15756,15758.85,15758.6,15759.5,15759.9,15760.3,15755.8,15756.2,15758.7,15759,0.3,827.1100185
2026-05-12T12:20:00+00:00,15758.9,15762.5,15758.8,15761.7,15758.7,15759.1,15762.2,15762.8,15758.7,15758.9,15761.3,15762.1,0.8,1072.940013
2026-05-12T12:25:00+00:00,15761.7,15762.6,15758,15758.6,15761.3,15762.1,15762.4,15762.8,15757.1,15758.9,15757.9,15759.3,1.4,986.0500181
2026-05-12T12:30:00+00:00,15758.8,15764.8,15754.5,15757.05,15757.6,15760,15764.4,15765.2,15754.2,15754.8,15756.8,15757.3,0.5,2556.560048
2026-05-12T12:35:00+00:00,15756.95,15759.4,15754.95,15757.75,15756.7,15757.2,15759.2,15759.6,15754.7,15755.2,15757.6,15757.9,0.3,1712.54003
2026-05-12T12:40:00+00:00,15757.8,15758.9,15754.05,15755.35,15757.6,15758,15758.6,15759.2,15753.8,15754.3,15755.1,15755.6,0.5,1232.110021
2026-05-12T12:45:00+00:00,15755.4,15758.1,15755,15756.75,15755.2,15755.6,15758,15758.2,15754.8,15755.2,15756.6,15756.9,0.3,1217.820023
2026-05-12T12:50:00+00:00,15756.8,15757.7,15751.85,15753.9,15756.6,15757,15757.5,15757.9,15751.6,15752.1,15753.7,15754.1,0.4,1250.850021
2026-05-12T12:55:00+00:00,15753.85,15755.6,15752.95,15755.3,15753.6,15754.1,15755.4,15755.8,15752.7,15753.2,15755.1,15755.5,0.4,869.1700157
2026-05-12T13:00:00+00:00,15755.35,15757.1,15748.4,15755.1,15755.1,15755.6,15756.9,15757.3,15748.1,15748.7,15754.9,15755.3,0.4,1817.920028
2026-05-12T13:05:00+00:00,15755.15,15756.55,15752.85,15755.75,15754.9,15755.4,15756.4,15756.7,15752.6,15753.1,15755.6,15755.9,0.3,1560.740017
2026-05-12T13:10:00+00:00,15755.7,15757.9,15752.35,15757.8,15755.5,15755.9,15757.6,15758.2,15752.1,15752.6,15757.5,15758.1,0.6,1538.820025
2026-05-12T13:15:00+00:00,15757.95,15762.7,15754.9,15761.35,15757.7,15758.2,15762.5,15762.9,15754.6,15755.2,15761.2,15761.5,0.3,1722.530031
2026-05-12T13:20:00+00:00,15761.5,15762.45,15754.5,15755.85,15761.3,15761.7,15762.2,15762.7,15754.3,15754.7,15755.7,15756,0.3,1257.210019
2026-05-12T13:25:00+00:00,15756,15759.25,15755.25,15758,15755.9,15756.1,15759.1,15759.4,15755.1,15755.4,15757.8,15758.2,0.4,1001.960017
2026-05-12T13:30:00+00:00,15758.2,15761.35,15755.75,15761.25,15758,15758.4,15761.2,15761.5,15755.6,15755.9,15761.1,15761.4,0.3,1699.520026
2026-05-12T13:35:00+00:00,15761.4,15762.5,15759.75,15761.7,15761.2,15761.6,15762.3,15762.7,15759.6,15759.9,15761.6,15761.8,0.2,1300.720024
2026-05-12T13:40:00+00:00,15761.95,15762.7,15759.7,15761.3,15761.8,15762.1,15762.5,15762.9,15759.5,15759.9,15761.1,15761.5,0.4,1160.680019
2026-05-12T13:45:00+00:00,15761.45,15765,15759,15764.85,15761.3,15761.6,15764.8,15765.2,15758.7,15759.3,15764.6,15765.1,0.5,1554.760029
2026-05-12T13:50:00+00:00,15764.95,15766.25,15764,15766.2,15764.7,15765.2,15766,15766.5,15763.8,15764.2,15765.9,15766.5,0.6,1111.550018
2026-05-12T13:55:00+00:00,15766.2,15766.8,15765,15765.1,15766,15766.4,15766.6,15767,15764.8,15765.2,15764.8,15765.4,0.6,957.9600171
2026-05-12T14:00:00+00:00,15764.8,15765.45,15761.85,15763.35,15764.6,15765,15765.3,15765.6,15761.7,15762,15763.1,15763.6,0.5,1182.530021
2026-05-12T14:05:00+00:00,15763.25,15764,15761.15,15761.65,15763,15763.5,15763.8,15764.2,15760.9,15761.4,15761.4,15761.9,0.5,1278.860024
2026-05-12T14:10:00+00:00,15761.75,15762.8,15757.45,15757.8,15761.5,15762,15762.6,15763,15757.2,15757.7,15757.5,15758.1,0.6,1153.410019
2026-05-12T14:15:00+00:00,15757.9,15762.6,15757.65,15762.15,15757.7,15758.1,15762.4,15762.8,15757.4,15757.9,15761.9,15762.4,0.5,981.2800157
2026-05-12T14:20:00+00:00,15762.15,15762.75,15758.7,15758.95,15761.9,15762.4,15762.5,15763,15758.5,15758.9,15758.8,15759.1,0.3,1007.230015
2026-05-12T14:25:00+00:00,15759.05,15761.8,15759.05,15760.4,15758.9,15759.2,15761.5,15762.1,15758.9,15759.2,15760.2,15760.6,0.4,950.5500152
2026-05-12T14:30:00+00:00,15760.3,15762.85,15757.95,15758.15,15760,15760.6,15762.6,15763.1,15757.6,15758.3,15757.9,15758.4,0.5,1003.500019
2026-05-12T14:35:00+00:00,15758.25,15762.75,15757.95,15762.4,15758,15758.5,15762.5,15763,15757.8,15758.1,15762.2,15762.6,0.4,1544.490024
2026-05-12T14:40:00+00:00,15762.55,15762.6,15760.1,15761.05,15762.3,15762.8,15762.3,15762.9,15759.8,15760.4,15760.8,15761.3,0.5,927.6800154
2026-05-12T14:45:00+00:00,15761.2,15765.2,15761.15,15762.65,15761,15761.4,15764.9,15765.5,15760.9,15761.4,15762.4,15762.9,0.5,1266.690013
2026-05-12T14:50:00+00:00,15762.7,15764.8,15759.9,15763.05,15762.5,15762.9,15764.6,15765,15759.7,15760.1,15762.8,15763.3,0.5,1632.400026
2026-05-12T14:55:00+00:00,15763.05,15770.2,15761.7,15762.5,15762.7,15763.4,15770.1,15770.3,15761.5,15761.9,15762.4,15762.6,0.2,1983.360031
2026-05-12T15:00:00+00:00,15762.45,15767.1,15761.85,15764.05,15762.4,15762.5,15766.8,15767.4,15761.6,15762.1,15763.8,15764.3,0.5,1933.300031
2026-05-12T15:05:00+00:00,15764.15,15765.75,15761.3,15763.65,15763.9,15764.4,15765.5,15766,15761.2,15761.4,15763.3,15764,0.7,1403.820021
2026-05-12T15:10:00+00:00,15763.45,15767.7,15763.2,15767.7,15763.3,15763.6,15767.5,15767.9,15762.9,15763.5,15767.5,15767.9,0.4,1031.280017
2026-05-12T15:15:00+00:00,15767.75,15770.35,15766.95,15770,15767.6,15767.9,15770.1,15770.6,15766.7,15767.2,15769.7,15770.3,0.6,894.0600123
2026-05-12T15:20:00+00:00,15770,15772.85,15768.95,15772.7,15769.7,15770.3,15772.6,15773.1,15768.6,15769.3,15772.5,15772.9,0.4,1021.140016
2026-05-12T15:25:00+00:00,15772.9,15775.25,15771.35,15774.85,15772.8,15773,15774.9,15775.6,15771.1,15771.6,15774.7,15775,0.3,1035.290022
2026-05-12T15:30:00+00:00,15774.6,15775.2,15771.65,15772.35,15774.5,15774.7,15775,15775.4,15771.4,15771.9,15772,15772.7,0.7,912.3200158
2026-05-12T15:35:00+00:00,15772.15,15773.85,15769.9,15772.45,15772,15772.3,15773.6,15774.1,15769.7,15770.1,15772.2,15772.7,0.5,820.0300152
2026-05-12T15:40:00+00:00,15772,15772.1,15768.8,15769.15,15771.9,15772.1,15771.9,15772.3,15768.6,15769,15768.8,15769.5,0.7,807.9000167
2026-05-12T15:45:00+00:00,15769.1,15772.6,15768.55,15771.85,15768.8,15769.4,15772.3,15772.9,15768.3,15768.8,15771.6,15772.1,0.5,609.6000116
2026-05-12T15:50:00+00:00,15771.95,15773.15,15771.2,15771.55,15771.8,15772.1,15772.9,15773.4,15771,15771.4,15771.4,15771.7,0.3,548.1300085
2026-05-12T15:55:00+00:00,15771.7,15772.4,15769.9,15771.15,15771.6,15771.8,15772.1,15772.7,15769.7,15770.1,15770.9,15771.4,0.5,469.6100066
2026-05-12T16:00:00+00:00,15771.1,15772.95,15770.45,15772.7,15770.9,15771.3,15772.6,15773.3,15770.2,15770.7,15772.4,15773,0.6,929.0900147
2026-05-12T16:05:00+00:00,15772.5,15772.85,15771.4,15771.75,15772.3,15772.7,15772.6,15773.1,15771.2,15771.6,15771.5,15772,0.5,519.0000082
2026-05-12T16:10:00+00:00,15771.7,15772.6,15770.6,15771.3,15771.5,15771.9,15772.3,15772.9,15770.4,15770.8,15771.1,15771.5,0.4,516.0700067
2026-05-12T16:15:00+00:00,15771.4,15772.55,15767.55,15769.45,15771.2,15771.6,15772.4,15772.7,15767.4,15767.7,15769.3,15769.6,0.3,719.7700104
2026-05-12T16:20:00+00:00,15769.6,15770.35,15768.15,15769.4,15769.3,15769.9,15770.2,15770.5,15767.9,15768.4,15769.1,15769.7,0.6,622.1800096
2026-05-12T16:25:00+00:00,15769.35,15770.75,15769,15770.05,15769.1,15769.6,15770.5,15771,15768.8,15769.2,15769.9,15770.2,0.3,443.7000087
2026-05-12T16:30:00+00:00,15770.1,15772.9,15769.95,15770.1,15769.9,15770.3,15772.7,15773.1,15769.8,15770.1,15769.9,15770.3,0.4,558.0300121
2026-05-12T16:35:00+00:00,15770.05,15771.05,15769.35,15770.2,15769.9,15770.2,15770.8,15771.3,15769.1,15769.6,15770,15770.4,0.4,345.9000063
2026-05-12T16:40:00+00:00,15770.3,15772.2,15769.1,15771.8,15770.1,15770.5,15772,15772.4,15768.9,15769.3,15771.6,15772,0.4,472.2900113
2026-05-12T16:45:00+00:00,15771.9,15775.3,15771.4,15774.4,15771.7,15772.1,15775.1,15775.5,15771.1,15771.7,15774.2,15774.6,0.4,523.4100107
2026-05-12T16:50:00+00:00,15774.55,15775.45,15773.8,15774.4,15774.4,15774.7,15775.3,15775.6,15773.6,15774,15774.2,15774.6,0.4,340.1100057
2026-05-12T16:55:00+00:00,15774.55,15776.5,15773.9,15775.25,15774.4,15774.7,15776.3,15776.7,15773.7,15774.1,15774.9,15775.6,0.7,603.9800113
2026-05-12T17:00:00+00:00,15774.9,15775.55,15771.3,15771.4,15774.8,15775,15775.3,15775.8,15771.1,15771.5,15771.2,15771.6,0.4,751.3400072
2026-05-12T17:05:00+00:00,15771.25,15771.45,15769.1,15770.4,15771.1,15771.4,15771.2,15771.7,15768.9,15769.3,15770.2,15770.6,0.4,459.4500092
2026-05-12T17:10:00+00:00,15770.55,15774,15770.2,15772.8,15770.4,15770.7,15773.9,15774.1,15770,15770.4,15772.6,15773,0.4,361.2000084
2026-05-12T17:15:00+00:00,15772.75,15772.8,15770.95,15771.65,15772.5,15773,15772.6,15773,15770.8,15771.1,15771.5,15771.8,0.3,600.1300087
2026-05-12T17:20:00+00:00,15771.5,15772.9,15768.95,15769.05,15771.3,15771.7,15772.7,15773.1,15768.8,15769.1,15768.9,15769.2,0.3,1390.520009
2026-05-12T17:25:00+00:00,15769.15,15770.2,15768.9,15770.15,15769,15769.3,15770,15770.4,15768.7,15769.1,15770,15770.3,0.3,664.3400072
2026-05-12T17:30:00+00:00,15770.2,15770.8,15769,15770.6,15770,15770.4,15770.6,15771,15768.9,15769.1,15770.3,15770.9,0.6,273.9000053
2026-05-12T17:35:00+00:00,15770.7,15770.7,15769.2,15769.45,15770.5,15770.9,15770.5,15770.9,15769,15769.4,15769.3,15769.6,0.3,137.4000032
2026-05-12T17:40:00+00:00,15769.35,15770.8,15769,15769.5,15769.2,15769.5,15770.6,15771,15768.9,15769.1,15769.4,15769.6,0.2,260.6200038
2026-05-12T17:45:00+00:00,15769.55,15770.7,15769.1,15769.95,15769.4,15769.7,15770.5,15770.9,15769,15769.2,15769.8,15770.1,0.3,236.6200039
2026-05-12T17:50:00+00:00,15770,15770.8,15768.3,15768.35,15769.9,15770.1,15770.6,15771,15768.1,15768.5,15768.2,15768.5,0.3,393.3000085
2026-05-12T17:55:00+00:00,15768.45,15769.75,15768.35,15769.45,15768.3,15768.6,15769.6,15769.9,15768.2,15768.5,15769.3,15769.6,0.3,372.8200082
2026-05-12T18:00:00+00:00,15769.55,15771.7,15768.1,15770.9,15769.4,15769.7,15771.5,15771.9,15767.9,15768.3,15770.6,15771.2,0.6,656.6000131
2026-05-12T18:05:00+00:00,15771.3,15772.5,15769.5,15769.85,15771.2,15771.4,15772.2,15772.8,15769.3,15769.7,15769.6,15770.1,0.5,527.3800094
2026-05-12T18:10:00+00:00,15769.7,15771.35,15768.9,15769.35,15769.5,15769.9,15771.1,15771.6,15768.7,15769.1,15769.1,15769.6,0.5,361.6400073
2026-05-12T18:15:00+00:00,15769.2,15769.6,15764.6,15765.45,15768.9,15769.5,15769.4,15769.8,15764.4,15764.8,15765.3,15765.6,0.3,329.2400055
2026-05-12T18:20:00+00:00,15765.6,15765.6,15762.7,15764.3,15765.4,15765.8,15765.4,15765.8,15762.5,15762.9,15764.1,15764.5,0.4,418.6300106
2026-05-12T18:25:00+00:00,15764.3,15764.3,15760.35,15760.95,15764.1,15764.5,15764.1,15764.5,15760.2,15760.5,15760.8,15761.1,0.3,846.0900158
2026-05-12T18:30:00+00:00,15760.9,15762.05,15760,15761.9,15760.8,15761,15761.9,15762.2,15759.9,15760.1,15761.8,15762,0.2,863.7600185
2026-05-12T18:35:00+00:00,15762.05,15764,15761.65,15763.2,15761.9,15762.2,15763.8,15764.2,15761.5,15761.8,15763.1,15763.3,0.2,436.8000104
2026-05-12T18:40:00+00:00,15763.25,15763.6,15761.9,15762.05,15763.1,15763.4,15763.4,15763.8,15761.7,15762.1,15761.9,15762.2,0.3,383.340009
2026-05-12T18:45:00+00:00,15762,15763.9,15761.85,15763.45,15761.8,15762.2,15763.7,15764.1,15761.7,15762,15763.3,15763.6,0.3,308.7000065
2026-05-12T18:50:00+00:00,15763.85,15764.15,15761.75,15761.9,15763.8,15763.9,15764,15764.3,15761.6,15761.9,15761.7,15762.1,0.4,293.4100053
2026-05-12T18:55:00+00:00,15761.95,15762.05,15758.9,15759.4,15761.7,15762.2,15761.9,15762.2,15758.8,15759,15759.2,15759.6,0.4,450.6900092
2026-05-12T19:00:00+00:00,15759.45,15759.45,15757.6,15758.4,15759.3,15759.6,15759.3,15759.6,15757.4,15757.8,15758.2,15758.6,0.4,303.5400065
2026-05-12T19:05:00+00:00,15758.65,15759.7,15758.5,15758.5,15758.5,15758.8,15759.5,15759.9,15758.3,15758.7,15758.3,15758.7,0.4,247.980006
2026-05-12T19:10:00+00:00,15758.35,15759.3,15755.85,15756.95,15758.2,15758.5,15759.1,15759.5,15755.6,15756.1,15756.7,15757.2,0.5,363.9100065
2026-05-12T19:15:00+00:00,15756.85,15757.8,15755.8,15757,15756.7,15757,15757.6,15758,15755.6,15756,15756.8,15757.2,0.4,239.3700048
2026-05-12T19:20:00+00:00,15757.1,15758.4,15757.1,15758,15756.9,15757.3,15758.2,15758.6,15756.9,15757.3,15757.8,15758.2,0.4,219.270005
2026-05-12T19:25:00+00:00,15758.1,15758.4,15756.8,15756.8,15757.9,15758.3,15758.2,15758.6,15756.6,15757,15756.6,15757,0.4,160.0600023
2026-05-12T19:30:00+00:00,15756.3,15758.25,15752.95,15753,15756.2,15756.4,15758,15758.5,15752.8,15753.1,15752.8,15753.2,0.4,350.9900062
2026-05-12T19:35:00+00:00,15753.1,15753.55,15752.15,15753.5,15752.9,15753.3,15753.3,15753.8,15752,15752.3,15753.3,15753.7,0.4,301.8600055
2026-05-12T19:40:00+00:00,15753.7,15757.05,15753.6,15756.4,15753.4,15754,15756.9,15757.2,15753.4,15753.8,15756.2,15756.6,0.4,268.0600067
2026-05-12T19:45:00+00:00,15756.3,15758.3,15755.95,15756.6,15756,15756.6,15758.2,15758.4,15755.8,15756.1,15756.4,15756.8,0.4,228.6700052
2026-05-12T19:50:00+00:00,15756.55,15756.55,15754.55,15756.1,15756.4,15756.7,15756.4,15756.7,15754.4,15754.7,15755.9,15756.3,0.4,372.5400082
2026-05-12T19:55:00+00:00,15756.25,15763.85,15756.2,15763.75,15756.1,15756.4,15763.7,15764,15756,15756.4,15763.7,15763.8,0.1,1313.970021
2026-05-12T20:00:00+00:00,15763.4,15764.25,15759.7,15759.8,15763.3,15763.5,15764,15764.5,15759.5,15759.9,15759.5,15760.1,0.6,623.000012
2026-05-12T20:05:00+00:00,15760.05,15762.25,15760.05,15761.85,15759.9,15760.2,15762,15762.5,15759.9,15760.2,15761.7,15762,0.3,125.2800025
2026-05-12T20:10:00+00:00,15761.8,15763.6,15761.55,15763.4,15761.7,15761.9,15763.4,15763.8,15761.3,15761.8,15763.2,15763.6,0.4,148.3000039
2026-05-12T20:15:00+00:00,15763.3,15763.45,15762,15762,15763,15763.6,15763.2,15763.7,15761.7,15762.3,15761.7,15762.3,0.6,119.4600036
2026-05-12T20:20:00+00:00,15762.1,15763.55,15762.1,15763.4,15761.8,15762.4,15763.3,15763.8,15761.8,15762.4,15763.2,15763.6,0.4,95.78000188
2026-05-12T20:25:00+00:00,15763.45,15764.45,15763.35,15763.5,15763.2,15763.7,15764.2,15764.7,15763,15763.7,15763.2,15763.8,0.6,224.1400074
2026-05-12T20:30:00+00:00,15763.6,15764.4,15763.15,15763.3,15763.4,15763.8,15764.1,15764.7,15762.8,15763.5,15762.9,15763.7,0.8,190.1700046
2026-05-12T20:35:00+00:00,15763.25,15763.4,15762.95,15763.25,15763,15763.5,15763.1,15763.7,15762.6,15763.3,15763,15763.5,0.5,124.5000045
2026-05-12T20:40:00+00:00,15763.35,15765.9,15763.25,15765.4,15763,15763.7,15765.6,15766.2,15762.9,15763.6,15765.1,15765.7,0.6,237.2200066
2026-05-12T20:45:00+00:00,15765.45,15766.1,15764.8,15765.95,15765.1,15765.8,15765.7,15766.5,15764.4,15765.2,15765.5,15766.4,0.9,365.9100076
2026-05-12T20:50:00+00:00,15766,15766,15762.8,15763.1,15765.6,15766.4,15765.6,15766.4,15762.4,15763.2,15762.7,15763.5,0.8,301.5600053
2026-05-12T20:55:00+00:00,15763.05,15764.25,15760.45,15763.3,15762.5,15763.6,15762.6,15765.9,15759.7,15761.2,15760.7,15765.9,5.2,864.2200059
2026-05-12T21:00:00+00:00,15763.25,15763.8,15759,15759.55,15760.6,15765.9,15760.6,15767,15752.1,15765.9,15752.1,15767,14.9,12.32999986
2026-05-12T21:05:00+00:00,15759.35,15764.75,15758.25,15762.65,15751.3,15767.4,15758.9,15770.6,15751.3,15765.2,15758.9,15766.4,7.5,57.67999946
2026-05-12T21:10:00+00:00,15762.65,15762.8,15760.25,15762.7,15758.8,15766.5,15758.9,15766.7,15755.5,15765,15758.9,15766.5,7.6,29.64999986
2026-05-12T21:15:00+00:00,15762.7,15762.75,15757.2,15759.9,15758.9,15766.5,15758.9,15766.6,15751.7,15762.7,15755.5,15764.3,8.8,34.78999982
2026-05-12T21:20:00+00:00,15759.05,15761.55,15758.85,15759.45,15755.6,15762.5,15756.5,15766.6,15755.3,15762.4,15756.5,15762.4,5.9,43.84000015
2026-05-12T21:25:00+00:00,15759.5,15762.65,15759.4,15759.9,15756.5,15762.5,15758.9,15766.4,15756.3,15762.5,15757.1,15762.7,5.6,25.14000029
2026-05-12T21:30:00+00:00,15759.95,15762.55,15758.9,15760.5,15757.1,15762.8,15758.9,15766.2,15755.1,15762.7,15756.1,15764.9,8.8,22.98000011
2026-05-12T21:35:00+00:00,15759.75,15765,15759.5,15761.05,15756.9,15762.6,15762.7,15767.3,15756.9,15762.1,15759.7,15762.4,2.7,103.830002
2026-05-12T21:40:00+00:00,15761.15,15761.2,15760.8,15760.9,15759.7,15762.6,15759.8,15762.6,15759.5,15762.1,15759.6,15762.2,2.6,46.20000052
2026-05-12T21:45:00+00:00,15761,15761.15,15758.95,15760.05,15759.6,15762.4,15759.9,15762.4,15757.4,15760.5,15759.5,15760.6,1.1,118.9800042
2026-05-12T21:50:00+00:00,15760.15,15760.65,15759.2,15759.35,15759.7,15760.6,15759.7,15761.6,15757.8,15760.6,15757.8,15760.9,3.1,96.48000336
2026-05-12T21:55:00+00:00,15759.95,15760.05,15757.65,15758.1,15758.9,15761,15758.9,15761.2,15754.6,15760.7,15755.5,15760.7,5.2,171.3000037
2026-05-12T22:00:00+00:00,15759.35,15761.8,15757.7,15759.45,15759.3,15759.4,15760.5,15763.1,15756,15759.4,15758.9,15760,1.1,230.9499972
2026-05-12T22:05:00+00:00,15759.35,15760.9,15758.15,15760.4,15758.8,15759.9,15760.6,15761.2,15757.6,15758.7,15760,15760.8,0.8,125.9900033
2026-05-12T22:10:00+00:00,15761.2,15762.3,15761.1,15761.4,15761,15761.4,15762,15762.6,15760.8,15761.4,15760.8,15762,1.2,75.81000137
2026-05-12T22:15:00+00:00,15761.25,15761.45,15759.9,15760.5,15760.7,15761.8,15760.9,15762,15759.5,15760.3,15760.1,15760.9,0.8,108.5900028
2026-05-12T22:20:00+00:00,15760.45,15761.1,15759.15,15760.95,15760.1,15760.8,15760.7,15761.5,15758.7,15759.6,15760.5,15761.4,0.9,130.1900028
2026-05-12T22:25:00+00:00,15760.9,15760.9,15760.45,15760.6,15760.5,15761.3,15760.5,15761.3,15760.1,15760.8,15760.3,15760.9,0.6,39.60000134
2026-05-12T22:30:00+00:00,15760.75,15761.7,15760.4,15761.65,15760.3,15761.2,15761.4,15762,15760,15760.8,15761.3,15762,0.7,99.67000294
2026-05-12T22:35:00+00:00,15761.7,15761.75,15761.3,15761.4,15761.4,15762,15761.4,15762.1,15760.9,15761.7,15761,15761.8,0.8,117.7400024
2026-05-12T22:40:00+00:00,15761.45,15761.5,15760.3,15760.7,15761.1,15761.8,15761.1,15761.9,15759.9,15760.7,15760.3,15761.1,0.8,120.4000001
2026-05-12T22:45:00+00:00,15760.65,15761.2,15759,15759.15,15760.2,15761.1,15760.9,15761.5,15758.6,15759.4,15758.7,15759.6,0.9,110.0200008
2026-05-12T22:50:00+00:00,15759.25,15760.9,15759.1,15760.75,15758.9,15759.6,15760.5,15761.3,15758.7,15759.5,15760.4,15761.1,0.7,145.6200025
2026-05-12T22:55:00+00:00,15760.8,15760.95,15760.15,15760.25,15760.4,15761.2,15760.5,15761.4,15759.6,15760.7,15759.7,15760.8,1.1,64.95000136
2026-05-12T23:00:00+00:00,15760.15,15760.3,15758.7,15759.15,15759.6,15760.7,15759.9,15760.7,15758.4,15759,15758.8,15759.5,0.7,110.4000031
2026-05-12T23:05:00+00:00,15759.15,15760.3,15758.4,15759.65,15758.8,15759.5,15760,15760.6,15758,15758.8,15759.2,15760.1,0.9,232.1000055
2026-05-12T23:10:00+00:00,15759.85,15761.6,15759.85,15760.15,15759.5,15760.2,15761.4,15761.8,15759.5,15760.2,15760,15760.3,0.3,216.1900051
2026-05-12T23:15:00+00:00,15759.95,15760.5,15759.55,15760.5,15759.5,15760.4,15760.3,15760.7,15759.3,15759.8,15760.3,15760.7,0.4,203.9100025
2026-05-12T23:20:00+00:00,15760.55,15761.95,15760.25,15761.7,15760.4,15760.7,15761.8,15762.1,15759.9,15760.6,15761.5,15761.9,0.4,226.6400056
2026-05-12T23:25:00+00:00,15761.75,15761.9,15760.6,15760.65,15761.5,15762,15761.7,15762.1,15760.4,15760.8,15760.5,15760.8,0.3,89.40000129
2026-05-12T23:30:00+00:00,15760.7,15760.7,15756.55,15756.55,15760.5,15760.9,15760.5,15760.9,15756.2,15756.9,15756.2,15756.9,0.7,113.4000025
2026-05-12T23:35:00+00:00,15756.75,15759.3,15756.55,15759.3,15756.6,15756.9,15759,15759.6,15756.2,15756.9,15759,15759.6,0.6,113.8500016
2026-05-12T23:40:00+00:00,15759.4,15761.55,15759.2,15761.45,15759.1,15759.7,15761.3,15761.8,15758.9,15759.5,15761.2,15761.7,0.5,93.48000193
2026-05-12T23:45:00+00:00,15761.4,15763.95,15761.35,15763.9,15761,15761.8,15763.6,15764.3,15761,15761.7,15763.5,15764.3,0.8,290.0800039
2026-05-12T23:50:00+00:00,15763.95,15767.8,15763.85,15766.65,15763.6,15764.3,15767.4,15768.2,15763.5,15764.2,15766.2,15767.1,0.9,440.4700044
2026-05-12T23:55:00+00:00,15766.65,15767.8,15766.45,15767.3,15766.3,15767,15767.5,15768.1,15766.1,15766.8,15767,15767.6,0.6,290.1500031
2026-05-13T00:00:00+00:00,15767.55,15768.75,15764.7,15765,15767.3,15767.8,15768.5,15769,15764.4,15765,15764.7,15765.3,0.6,747.6500155
2026-05-13T00:05:00+00:00,15765.2,15766.65,15763.55,15766.65,15764.9,15765.5,15766.3,15767,15763.2,15763.9,15766.3,15767,0.7,715.7200104
2026-05-13T00:10:00+00:00,15766.75,15771,15766.4,15770,15766.5,15767,15770.8,15771.2,15766.1,15766.7,15769.7,15770.3,0.6,279.220004
2026-05-13T00:15:00+00:00,15770,15770.05,15765.25,15765.45,15769.7,15770.3,15769.7,15770.4,15765,15765.5,15765.1,15765.8,0.7,526.7900079
2026-05-13T00:20:00+00:00,15765.4,15767.8,15763.8,15766.8,15765.1,15765.7,15767.6,15768,15763.5,15764.1,15766.5,15767.1,0.6,572.7900097
2026-05-13T00:25:00+00:00,15766.6,15767.5,15765.15,15766.6,15766.3,15766.9,15767.2,15767.8,15764.8,15765.5,15766.3,15766.9,0.6,713.5600113
2026-05-13T00:30:00+00:00,15766.5,15772.6,15766.05,15770.6,15766.4,15766.6,15772.4,15772.8,15765.8,15766.3,15770.4,15770.8,0.4,982.4500169
2026-05-13T00:35:00+00:00,15771,15771.65,15765.5,15766.15,15770.9,15771.1,15771.5,15771.8,15765.3,15765.7,15765.9,15766.4,0.5,725.6400114
2026-05-13T00:40:00+00:00,15766.3,15768.15,15765.75,15765.8,15766,15766.6,15767.9,15768.4,15765.5,15766,15765.5,15766.1,0.6,622.4900087
2026-05-13T00:45:00+00:00,15766.15,15772.6,15766.15,15772.4,15766,15766.3,15772.4,15772.8,15766,15766.3,15772.2,15772.6,0.4,521.940008
2026-05-13T00:50:00+00:00,15772.35,15776.95,15771.5,15776.15,15772.1,15772.6,15776.7,15777.2,15771.2,15771.8,15775.9,15776.4,0.5,1534.00002
2026-05-13T00:55:00+00:00,15776.1,15777,15770.4,15771.3,15775.8,15776.4,15776.7,15777.3,15770.2,15770.6,15771.1,15771.5,0.4,1324.950024
2026-05-13T01:00:00+00:00,15771.35,15775.55,15769.6,15770.5,15771.1,15771.6,15775.4,15775.7,15769.4,15769.8,15770.2,15770.8,0.6,1494.420031
2026-05-13T01:05:00+00:00,15770.5,15772.9,15769.15,15772.8,15770.2,15770.8,15772.6,15773.2,15768.9,15769.4,15772.5,15773.1,0.6,476.5200124
2026-05-13T01:10:00+00:00,15772.6,15776.4,15772.3,15775.75,15772.3,15772.9,15776.1,15776.7,15772,15772.6,15775.5,15776,0.5,920.2900124
2026-05-13T01:15:00+00:00,15775.8,15778.3,15774.15,15777.5,15775.5,15776.1,15778.1,15778.5,15773.8,15774.5,15777.2,15777.8,0.6,636.0700115
2026-05-13T01:20:00+00:00,15777.6,15777.6,15758.85,15766.45,15777.3,15777.9,15777.3,15777.9,15758.7,15759,15766.1,15766.8,0.7,1068.530015
2026-05-13T01:25:00+00:00,15766.35,15769.5,15761.25,15766.6,15765.7,15767,15769.2,15769.8,15761,15761.5,15766.2,15767,0.8,1682.830026
2026-05-13T01:30:00+00:00,15766.75,15768.9,15763.45,15764.25,15766.5,15767,15768.6,15769.2,15763.2,15763.7,15763.9,15764.6,0.7,1096.580016
2026-05-13T01:35:00+00:00,15764.3,15767.55,15762,15762.6,15764,15764.6,15767.2,15767.9,15761.7,15762.3,15762.4,15762.8,0.4,990.1800123
2026-05-13T01:40:00+00:00,15762.65,15764.4,15761.55,15764,15762.4,15762.9,15764.1,15764.7,15761.3,15761.8,15763.8,15764.2,0.4,818.5000107
2026-05-13T01:45:00+00:00,15763.95,15765.15,15756.4,15758.25,15763.7,15764.2,15764.8,15765.5,15756.2,15756.6,15758.1,15758.4,0.3,967.0100149
2026-05-13T01:50:00+00:00,15758.75,15765.2,15756.6,15764.1,15758.6,15758.9,15764.9,15765.5,15756.4,15756.8,15763.9,15764.3,0.4,1650.160021
2026-05-13T01:55:00+00:00,15764.25,15768.35,15764.15,15765.3,15764.2,15764.3,15768.1,15768.6,15764,15764.3,15765,15765.6,0.6,1394.720014
2026-05-13T02:00:00+00:00,15765.4,15765.75,15760.15,15761.75,15765.2,15765.6,15765.4,15766.1,15759.9,15760.4,15761.5,15762,0.5,1245.930011
2026-05-13T02:05:00+00:00,15761.8,15767.4,15761.75,15766.9,15761.4,15762.2,15767.2,15767.6,15761.4,15762.1,15766.6,15767.2,0.6,798.3000094
2026-05-13T02:10:00+00:00,15766.85,15771.05,15766.4,15770.35,15766.4,15767.3,15770.8,15771.3,15766.1,15766.7,15770.1,15770.6,0.5,696.8800092
2026-05-13T02:15:00+00:00,15770.8,15771.65,15769.7,15771.3,15770.5,15771.1,15771.3,15772,15769.4,15770,15770.9,15771.7,0.8,483.690004
2026-05-13T02:20:00+00:00,15771.35,15772.8,15770.25,15770.25,15771.1,15771.6,15772.5,15773.1,15770,15770.5,15770,15770.5,0.5,598.8400056
2026-05-13T02:25:00+00:00,15770.45,15771.45,15767.65,15767.9,15770.3,15770.6,15771.1,15771.8,15767.4,15767.9,15767.7,15768.1,0.4,266.2500058
2026-05-13T02:30:00+00:00,15767.8,15770.4,15767.7,15768,15767.6,15768,15770.2,15770.6,15767.5,15767.9,15767.7,15768.3,0.6,216.0700037
2026-05-13T02:35:00+00:00,15768.1,15769.35,15767.7,15769.05,15767.9,15768.3,15769.2,15769.5,15767.4,15768,15768.8,15769.3,0.5,135.4500028
2026-05-13T02:40:00+00:00,15768.95,15769.9,15766.8,15766.8,15768.7,15769.2,15769.7,15770.1,15766.5,15767.1,15766.5,15767.1,0.6,166.8600034
2026-05-13T02:45:00+00:00,15766.75,15769.15,15765.45,15765.5,15766.5,15767,15768.7,15769.6,15765.2,15765.7,15765.3,15765.7,0.4,263.3200065
2026-05-13T02:50:00+00:00,15765.45,15767.95,15764.5,15766.4,15765.2,15765.7,15767.7,15768.2,15764.3,15764.7,15766.1,15766.7,0.6,319.7200061
2026-05-13T02:55:00+00:00,15766.45,15766.55,15763.65,15765.75,15766.2,15766.7,15766.3,15766.8,15763.4,15763.9,15765.5,15766,0.5,453.5100055
2026-05-13T03:00:00+00:00,15765.6,15768.15,15765,15766.45,15765.3,15765.9,15767.9,15768.4,15764.8,15765.2,15766.1,15766.8,0.7,706.5000117
2026-05-13T03:05:00+00:00,15766.3,15768.1,15765.1,15766.5,15766,15766.6,15767.8,15768.4,15764.8,15765.4,15766.2,15766.8,0.6,442.6000066
2026-05-13T03:10:00+00:00,15766.55,15767.65,15764.1,15766.5,15766.3,15766.8,15767.4,15767.9,15763.8,15764.4,15766.2,15766.8,0.6,377.6000073
2026-05-13T03:15:00+00:00,15766.25,15767.6,15766.15,15766.9,15766.1,15766.4,15767.3,15767.9,15765.9,15766.4,15766.6,15767.2,0.6,363.2900045
2026-05-13T03:20:00+00:00,15766.85,15767.75,15765.8,15766.5,15766.6,15767.1,15767.5,15768,15765.5,15766.1,15766.2,15766.8,0.6,224.3100035
2026-05-13T03:25:00+00:00,15766.4,15766.5,15764.9,15765.15,15766.1,15766.7,15766.2,15766.8,15764.8,15765,15764.9,15765.4,0.5,339.1300061
2026-05-13T03:30:00+00:00,15765.25,15766.65,15764.05,15764.2,15765,15765.5,15766.4,15766.9,15763.8,15764.3,15763.9,15764.5,0.6,624.0500095
2026-05-13T03:35:00+00:00,15764.25,15766.35,15762.9,15765.45,15763.9,15764.6,15766,15766.7,15762.7,15763.1,15765.2,15765.7,0.5,531.360009
2026-05-13T03:40:00+00:00,15765.35,15766.4,15764.7,15765.1,15765.1,15765.6,15766,15766.8,15764.5,15764.9,15764.9,15765.3,0.4,306.3600038
2026-05-13T03:45:00+00:00,15765.05,15767.35,15764.3,15767.15,15764.8,15765.3,15767.1,15767.6,15764.2,15764.4,15767,15767.3,0.3,241.3200035
2026-05-13T03:50:00+00:00,15767.1,15767.35,15765.65,15766.25,15767,15767.2,15767.1,15767.6,15765.4,15765.9,15766,15766.5,0.5,211.8000052
2026-05-13T03:55:00+00:00,15766.3,15768.7,15766.05,15768.15,15766,15766.6,15768.5,15768.9,15765.8,15766.3,15767.9,15768.4,0.5,319.2000072
2026-05-13T04:00:00+00:00,15768,15769.1,15767.5,15767.75,15767.8,15768.2,15768.9,15769.3,15767.2,15767.8,15767.4,15768.1,0.7,439.6900064
2026-05-13T04:05:00+00:00,15767.7,15769.05,15767.3,15768.9,15767.5,15767.9,15768.7,15769.4,15767.1,15767.5,15768.7,15769.1,0.4,181.6500032
2026-05-13T04:10:00+00:00,15768.85,15768.95,15767.55,15768.8,15768.6,15769.1,15768.7,15769.2,15767.3,15767.8,15768.5,15769.1,0.6,141.1500036
2026-05-13T04:15:00+00:00,15768.7,15769.7,15767.8,15769.7,15768.4,15769,15769.4,15770,15767.6,15768,15769.4,15770,0.6,259.7800044
2026-05-13T04:20:00+00:00,15769.85,15770.2,15768.65,15770,15769.7,15770,15769.9,15770.5,15768.3,15769,15769.8,15770.2,0.4,267.2100034
2026-05-13T04:25:00+00:00,15769.65,15771.35,15769.25,15771.1,15769.4,15769.9,15771.1,15771.6,15769,15769.5,15770.7,15771.5,0.8,273.8400058
2026-05-13T04:30:00+00:00,15771.25,15774.35,15771.25,15773.7,15771,15771.5,15774.2,15774.5,15771,15771.5,15773.4,15774,0.6,402.1700084
2026-05-13T04:35:00+00:00,15773.75,15775.15,15773.6,15773.75,15773.5,15774,15774.9,15775.4,15773.3,15773.9,15773.4,15774.1,0.7,435.1100044
2026-05-13T04:40:00+00:00,15773.85,15774.55,15772.4,15773.45,15773.6,15774.1,15774.3,15774.8,15772,15772.8,15773.1,15773.8,0.7,187.3400041
2026-05-13T04:45:00+00:00,15773.5,15773.7,15772.35,15772.45,15773.1,15773.9,15773.3,15774.1,15772,15772.7,15772.2,15772.7,0.5,113.8500019
2026-05-13T04:50:00+00:00,15772.55,15772.75,15771.7,15772.25,15772.1,15773,15772.5,15773,15771.4,15772,15772,15772.5,0.5,286.8000041
2026-05-13T04:55:00+00:00,15772.3,15773.6,15771.8,15772.1,15772,15772.6,15773.4,15773.8,15771.5,15772.1,15771.9,15772.3,0.4,521.560009
2026-05-13T05:00:00+00:00,15772.1,15773.65,15771.05,15771.15,15771.9,15772.3,15773.4,15773.9,15770.8,15771.3,15770.9,15771.4,0.5,535.1200098
2026-05-13T05:05:00+00:00,15771,15772.45,15770.6,15771.55,15770.9,15771.1,15772.2,15772.7,15770.4,15770.8,15771.4,15771.7,0.3,259.0500051
2026-05-13T05:10:00+00:00,15771.8,15772.7,15770.45,15772.6,15771.7,15771.9,15772.3,15773.1,15770.3,15770.6,15772.2,15773,0.8,412.3700087
2026-05-13T05:15:00+00:00,15772.65,15773.55,15772,15772.5,15772.3,15773,15773.2,15773.9,15771.7,15772.3,15772.1,15772.9,0.8,533.3500056
2026-05-13T05:20:00+00:00,15772.5,15773.75,15771.6,15771.7,15772.1,15772.9,15773.5,15774,15771.4,15771.8,15771.4,15772,0.6,370.4500082
2026-05-13T05:25:00+00:00,15771.75,15772.75,15770.1,15771.35,15771.5,15772,15772.5,15773,15769.8,15770.4,15771.1,15771.6,0.5,355.6800064
2026-05-13T05:30:00+00:00,15771.25,15771.65,15770.25,15770.25,15771,15771.5,15771.4,15771.9,15770,15770.5,15770,15770.5,0.5,201.3700041
2026-05-13T05:35:00+00:00,15770.4,15771.25,15770.15,15771.25,15770.2,15770.6,15771,15771.5,15769.9,15770.4,15771,15771.5,0.5,170.3200039
2026-05-13T05:40:00+00:00,15771.15,15772.25,15769.9,15770.45,15770.9,15771.4,15772,15772.5,15769.6,15770.2,15770.2,15770.7,0.5,265.3500048
2026-05-13T05:45:00+00:00,15770.35,15771.15,15769.75,15770.75,15770.1,15770.6,15770.9,15771.4,15769.5,15770,15770.5,15771,0.5,250.8000033
2026-05-13T05:50:00+00:00,15770.7,15773.15,15769.95,15772.95,15770.4,15771,15772.9,15773.4,15769.7,15770.2,15772.7,15773.2,0.5,458.390005
2026-05-13T05:55:00+00:00,15772.9,15773.3,15768.7,15768.7,15772.6,15773.2,15773,15773.6,15768.3,15769.1,15768.3,15769.1,0.8,881.7200102
2026-05-13T06:00:00+00:00,15768.75,15771.35,15768.6,15770.15,15768.4,15769.1,15771.1,15771.6,15768.3,15768.9,15769.9,15770.4,0.5,856.5600103
2026-05-13T06:05:00+00:00,15770.2,15772.95,15770.2,15772.4,15769.9,15770.5,15772.7,15773.2,15769.9,15770.5,15772.2,15772.6,0.4,321.4500054
2026-05-13T06:10:00+00:00,15772.45,15774,15770.35,15773.35,15772.2,15772.7,15773.8,15774.2,15770.1,15770.6,15773.1,15773.6,0.5,509.5800104
2026-05-13T06:15:00+00:00,15773.4,15773.9,15771.9,15773.85,15773.1,15773.7,15773.7,15774.1,15771.7,15772.1,15773.7,15774,0.3,462.8200084
2026-05-13T06:20:00+00:00,15773.95,15773.95,15772.55,15773.05,15773.7,15774.2,15773.7,15774.2,15772.3,15772.8,15772.8,15773.3,0.5,445.6900082
2026-05-13T06:25:00+00:00,15773,15773.9,15772.75,15773.9,15772.7,15773.3,15773.7,15774.1,15772.5,15773,15773.7,15774.1,0.4,365.8700069
2026-05-13T06:30:00+00:00,15773.95,15774.2,15772.3,15772.55,15773.8,15774.1,15774,15774.4,15772.1,15772.5,15772.3,15772.8,0.5,476.2600085
2026-05-13T06:35:00+00:00,15772.5,15773.2,15771.25,15772.55,15772.3,15772.7,15772.9,15773.5,15771,15771.5,15772.3,15772.8,0.5,492.6900091
2026-05-13T06:40:00+00:00,15772.6,15773.65,15771.65,15771.7,15772.4,15772.8,15773.4,15773.9,15771.4,15771.9,15771.5,15771.9,0.4,371.5500072
2026-05-13T06:45:00+00:00,15771.85,15775.2,15771.85,15774.8,15771.6,15772.1,15774.9,15775.5,15771.6,15772.1,15774.5,15775.1,0.6,519.2200067
2026-05-13T06:50:00+00:00,15774.75,15777.4,15774.7,15774.8,15774.5,15775,15777.2,15777.6,15774.4,15775,15774.5,15775.1,0.6,505.7300091
2026-05-13T06:55:00+00:00,15774.9,15778.8,15774.1,15777.25,15774.7,15775.1,15778.6,15779,15773.9,15774.3,15777.1,15777.4,0.3,637.9600108
2026-05-13T07:00:00+00:00,15777.55,15777.8,15770.3,15772.25,15777.4,15777.7,15777.6,15778,15770.1,15770.5,15772,15772.5,0.5,952.3900156
2026-05-13T07:05:00+00:00,15772.3,15773,15770.25,15771.8,15772.1,15772.5,15772.8,15773.2,15770,15770.5,15771.6,15772,0.4,638.9300088
2026-05-13T07:10:00+00:00,15771.8,15774.1,15770.3,15770.8,15771.5,15772.1,15773.9,15774.3,15770.1,15770.5,15770.6,15771,0.4,515.5500095
2026-05-13T07:15:00+00:00,15770.7,15772.3,15769.8,15771.8,15770.5,15770.9,15772,15772.6,15769.7,15769.9,15771.5,15772.1,0.6,544.5800036
2026-05-13T07:20:00+00:00,15771.85,15772.65,15767.65,15769.1,15771.6,15772.1,15772.5,15772.8,15767.4,15767.9,15768.9,15769.3,0.4,596.7700083
2026-05-13T07:25:00+00:00,15769.05,15770.6,15768.3,15768.5,15768.8,15769.3,15770.4,15770.8,15768,15768.6,15768.3,15768.7,0.4,309.4300044
2026-05-13T07:30:00+00:00,15768.75,15770.7,15768.4,15770.55,15768.5,15769,15770.5,15770.9,15768.2,15768.6,15770.4,15770.7,0.3,434.4000089
2026-05-13T07:35:00+00:00,15770.7,15775,15770.2,15774.5,15770.5,15770.9,15774.8,15775.2,15770.1,15770.3,15774.3,15774.7,0.4,590.3100086
2026-05-13T07:40:00+00:00,15774.5,15777.7,15774.4,15777.3,15774.3,15774.7,15777.5,15777.9,15774.2,15774.6,15777.1,15777.5,0.4,680.0800114
2026-05-13T07:45:00+00:00,15777.15,15778.7,15776.45,15776.45,15776.8,15777.5,15778.4,15779,15776.2,15776.7,15776.2,15776.7,0.5,400.7700051
2026-05-13T07:50:00+00:00,15776.6,15782.7,15776.4,15782.25,15776.4,15776.8,15782.5,15782.9,15776.2,15776.6,15782,15782.5,0.5,871.190012
2026-05-13T07:55:00+00:00,15782.4,15784.55,15779.75,15783.4,15782.2,15782.6,15784.4,15784.7,15779.5,15780,15783.1,15783.7,0.6,1173.580015
2026-05-13T08:00:00+00:00,15783.55,15784.55,15777.85,15778.5,15783.3,15783.8,15784.3,15784.8,15777.6,15778.1,15778.2,15778.8,0.6,1775.240023
2026-05-13T08:05:00+00:00,15778.45,15779.1,15775.15,15777.7,15778.2,15778.7,15778.9,15779.3,15774.9,15775.4,15777.5,15777.9,0.4,869.4400148
2026-05-13T08:10:00+00:00,15777.45,15780.2,15777.25,15777.9,15777.4,15777.5,15780,15780.4,15777.1,15777.4,15777.7,15778.1,0.4,415.2100114
2026-05-13T08:15:00+00:00,15777.8,15778.95,15776.5,15777.6,15777.5,15778.1,15778.7,15779.2,15776.3,15776.7,15777.4,15777.8,0.4,370.2500072
2026-05-13T08:20:00+00:00,15777.55,15778.8,15776.2,15777.9,15777.3,15777.8,15778.6,15779,15776,15776.4,15777.7,15778.1,0.4,517.5000101
2026-05-13T08:25:00+00:00,15777.8,15779.9,15776.8,15777.1,15777.6,15778,15779.6,15780.2,15776.6,15777,15776.9,15777.3,0.4,341.5300068
2026-05-13T08:30:00+00:00,15776.75,15779.65,15776.35,15777.55,15776.6,15776.9,15779.4,15779.9,15776.1,15776.6,15777.3,15777.8,0.5,444.5400083
2026-05-13T08:35:00+00:00,15777.6,15780,15777.55,15779.8,15777.3,15777.9,15779.8,15780.2,15777.2,15777.9,15779.6,15780,0.4,355.4000061
2026-05-13T08:40:00+00:00,15779.85,15780,15777.65,15779.9,15779.6,15780.1,15779.8,15780.2,15777.4,15777.9,15779.8,15780,0.2,405.4400085
2026-05-13T08:45:00+00:00,15780,15783,15778.75,15779.3,15779.8,15780.2,15782.7,15783.3,15778.5,15779,15779.1,15779.5,0.4,551.7000121
2026-05-13T08:50:00+00:00,15779.6,15782.4,15778.5,15781.05,15779.5,15779.7,15782.2,15782.6,15778.3,15778.7,15780.8,15781.3,0.5,563.7100118
2026-05-13T08:55:00+00:00,15781.15,15781.7,15778.75,15780.95,15781,15781.3,15781.5,15781.9,15778.6,15778.9,15780.7,15781.2,0.5,874.7400171
2026-05-13T09:00:00+00:00,15780.85,15784.75,15780.8,15782.5,15780.5,15781.2,15784.5,15785,15780.5,15781.1,15782.2,15782.8,0.6,625.570013
2026-05-13T09:05:00+00:00,15782.55,15784.1,15781.25,15783.8,15782.2,15782.9,15783.9,15784.3,15781,15781.5,15783.6,15784,0.4,443.2400067
2026-05-13T09:10:00+00:00,15783.9,15785.7,15783.4,15784.7,15783.7,15784.1,15785.4,15786,15783.1,15783.7,15784.5,15784.9,0.4,488.94001
2026-05-13T09:15:00+00:00,15784.9,15787.6,15783.7,15787.35,15784.7,15785.1,15787.4,15787.8,15783.5,15783.9,15787.2,15787.5,0.3,489.0300083
2026-05-13T09:20:00+00:00,15787.3,15788.4,15786.4,15786.7,15787.1,15787.5,15788.2,15788.6,15786.1,15786.7,15786.5,15786.9,0.4,447.7400072
2026-05-13T09:25:00+00:00,15786.4,15788.55,15785.8,15788.5,15786.2,15786.6,15788.3,15788.8,15785.6,15786,15788.3,15788.7,0.4,334.4200039
2026-05-13T09:30:00+00:00,15788.4,15788.45,15785.4,15788.4,15788.2,15788.6,15788.3,15788.6,15785.2,15785.6,15788.2,15788.6,0.4,567.7200103
2026-05-13T09:35:00+00:00,15788.35,15789.65,15787.8,15788.7,15788.1,15788.6,15789.5,15789.8,15787.6,15788,15788.5,15788.9,0.4,413.2000074
2026-05-13T09:40:00+00:00,15788.6,15789.75,15788.55,15788.7,15788.4,15788.8,15789.5,15790,15788.4,15788.7,15788.5,15788.9,0.4,221.9400043
2026-05-13T09:45:00+00:00,15788.75,15789.25,15787.1,15788.5,15788.6,15788.9,15789.1,15789.4,15786.9,15787.3,15788.3,15788.7,0.4,293.5700054
2026-05-13T09:50:00+00:00,15788.4,15788.4,15785.75,15786,15788.2,15788.6,15788.2,15788.6,15785.5,15786,15785.7,15786.3,0.6,417.4600067
2026-05-13T09:55:00+00:00,15786,15787,15778.45,15783.9,15785.7,15786.3,15786.8,15787.2,15778.1,15778.8,15783.7,15784.1,0.4,796.8300103
2026-05-13T10:00:00+00:00,15783.95,15784.6,15780.45,15782.4,15783.7,15784.2,15784.3,15784.9,15780.2,15780.7,15782.1,15782.7,0.6,597.0200096
2026-05-13T10:05:00+00:00,15782.35,15782.4,15778.2,15778.6,15782,15782.7,15782.1,15782.7,15778,15778.4,15778.4,15778.8,0.4,418.4300084
2026-05-13T10:10:00+00:00,15778.7,15782.6,15778.7,15780.6,15778.5,15778.9,15782.4,15782.8,15778.5,15778.9,15780.4,15780.8,0.4,1061.700017
2026-05-13T10:15:00+00:00,15780.65,15783.2,15780.65,15782.55,15780.5,15780.8,15783,15783.4,15780.5,15780.8,15782.4,15782.7,0.3,366.9100087
2026-05-13T10:20:00+00:00,15782.5,15782.8,15779.35,15782.35,15782.4,15782.6,15782.6,15783,15779.2,15779.5,15782.1,15782.6,0.5,653.0200148
2026-05-13T10:25:00+00:00,15782.3,15785.1,15782.1,15785.1,15782.1,15782.5,15784.9,15785.3,15782,15782.2,15784.9,15785.3,0.4,555.2000108
2026-05-13T10:30:00+00:00,15785,15785.65,15784.3,15785.05,15784.8,15785.2,15785.5,15785.8,15784.1,15784.5,15784.9,15785.2,0.3,313.8700054
2026-05-13T10:35:00+00:00,15785,15785.4,15784.05,15784.8,15784.8,15785.2,15785.2,15785.6,15783.9,15784.2,15784.6,15785,0.4,345.7800062
2026-05-13T10:40:00+00:00,15784.65,15784.9,15782.7,15783.7,15784.5,15784.8,15784.7,15785.1,15782.5,15782.9,15783.6,15783.8,0.2,323.0000055
2026-05-13T10:45:00+00:00,15783.8,15784.6,15781.5,15781.65,15783.6,15784,15784.3,15784.9,15781.3,15781.7,15781.4,15781.9,0.5,365.9400071
2026-05-13T10:50:00+00:00,15781.6,15783.9,15781.4,15783.9,15781.4,15781.8,15783.7,15784.1,15781.2,15781.6,15783.7,15784.1,0.4,222.300005
2026-05-13T10:55:00+00:00,15784.1,15784.3,15781.2,15781.55,15784,15784.2,15784.1,15784.5,15781.1,15781.3,15781.4,15781.7,0.3,705.4200089
2026-05-13T11:00:00+00:00,15781.6,15783.35,15781.2,15782.65,15781.5,15781.7,15783.2,15783.5,15781,15781.4,15782.4,15782.9,0.5,668.9200097
2026-05-13T11:05:00+00:00,15782.8,15783.6,15782.5,15783.3,15782.5,15783.1,15783.4,15783.8,15782.3,15782.7,15783.1,15783.5,0.4,362.6100054
2026-05-13T11:10:00+00:00,15783.2,15783.75,15781.2,15781.75,15783,15783.4,15783.6,15783.9,15780.9,15781.5,15781.5,15782,0.5,513.5700068
2026-05-13T11:15:00+00:00,15781.9,15782.3,15780.6,15781,15781.7,15782.1,15782.1,15782.5,15780.4,15780.8,15780.8,15781.2,0.4,394.2000051
2026-05-13T11:20:00+00:00,15780.9,15781.5,15779.95,15780.25,15780.7,15781.1,15781.3,15781.7,15779.8,15780.1,15780,15780.5,0.5,261.5400029
2026-05-13T11:25:00+00:00,15780.15,15780.7,15779.3,15779.6,15780,15780.3,15780.5,15780.9,15779.1,15779.5,15779.4,15779.8,0.4,223.6900029
2026-05-13T11:30:00+00:00,15779.65,15780,15775.3,15776.5,15779.5,15779.8,15779.8,15780.2,15775.1,15775.5,15776.3,15776.7,0.4,320.2900054
2026-05-13T11:35:00+00:00,15776.45,15777.55,15774.5,15775.15,15776.3,15776.6,15777.3,15777.8,15774.3,15774.7,15774.9,15775.4,0.5,466.2900079
2026-05-13T11:40:00+00:00,15775.25,15776.25,15774.9,15775.65,15775,15775.5,15776,15776.5,15774.7,15775.1,15775.5,15775.8,0.3,347.4100058
2026-05-13T11:45:00+00:00,15775.9,15780.5,15775.85,15777.8,15775.7,15776.1,15780.3,15780.7,15775.6,15776.1,15777.5,15778.1,0.6,343.6600072
2026-05-13T11:50:00+00:00,15777.85,15778.9,15776.35,15776.35,15777.6,15778.1,15778.8,15779,15776.1,15776.6,15776.1,15776.6,0.5,370.8000047
2026-05-13T11:55:00+00:00,15776.4,15777.9,15775.7,15776.75,15776.2,15776.6,15777.7,15778.1,15775.5,15775.9,15776.5,15777,0.5,533.5500072
2026-05-13T12:00:00+00:00,15776.65,15777.9,15775.6,15776.2,15776.4,15776.9,15777.6,15778.2,15775.4,15775.8,15776,15776.4,0.4,717.9400058
2026-05-13T12:05:00+00:00,15776.25,15777.95,15775.5,15776.65,15776.1,15776.4,15777.6,15778.3,15775.2,15775.8,15776.4,15776.9,0.5,461.0600075
2026-05-13T12:10:00+00:00,15776.7,15780.3,15776.7,15779.2,15776.4,15777,15780.1,15780.5,15776.4,15777,15778.9,15779.5,0.6,636.7200087
2026-05-13T12:15:00+00:00,15779.15,15780.3,15778.5,15780.05,15778.9,15779.4,15780.1,15780.5,15778.3,15778.7,15779.8,15780.3,0.5,474.1000087
2026-05-13T12:20:00+00:00,15780.1,15782.5,15780.05,15782.05,15779.8,15780.4,15782.3,15782.7,15779.8,15780.3,15781.8,15782.3,0.5,682.6500119
2026-05-13T12:25:00+00:00,15782.1,15784.05,15781.35,15782.9,15781.8,15782.4,15783.8,15784.3,15781.1,15781.6,15782.5,15783.3,0.8,683.5400089
2026-05-13T12:30:00+00:00,15782.25,15789.5,15781.2,15784.35,15781.6,15782.9,15789.1,15789.9,15780.6,15781.8,15784.1,15784.6,0.5,2745.680045
2026-05-13T12:35:00+00:00,15784.35,15786.5,15782.6,15785.4,15784.1,15784.6,15786.2,15786.8,15782.4,15782.8,15785.2,15785.6,0.4,1098.030021
2026-05-13T12:40:00+00:00,15785.35,15786.6,15781.8,15782.8,15785,15785.7,15786.4,15786.8,15781.5,15782.1,15782.6,15783,0.4,1286.450023
2026-05-13T12:45:00+00:00,15782.6,15784.95,15782.25,15784.2,15782.4,15782.8,15784.7,15785.2,15782,15782.5,15783.9,15784.5,0.6,1176.400011
2026-05-13T12:50:00+00:00,15784.15,15785.7,15781.85,15785.45,15783.9,15784.4,15785.4,15786,15781.7,15782,15785.2,15785.7,0.5,1112.080013
2026-05-13T12:55:00+00:00,15785.5,15786.85,15784.5,15784.7,15785.3,15785.7,15786.6,15787.1,15784.3,15784.7,15784.5,15784.9,0.4,956.4300141
2026-05-13T13:00:00+00:00,15784.5,15785.35,15781.75,15785.05,15784.3,15784.7,15785.1,15785.6,15781.3,15782.2,15784.8,15785.3,0.5,1489.740021
2026-05-13T13:05:00+00:00,15785.2,15786.25,15784.3,15785.25,15785,15785.4,15786,15786.5,15784.1,15784.5,15785,15785.5,0.5,611.1400106
2026-05-13T13:10:00+00:00,15785.35,15786.45,15782.75,15783.6,15785.1,15785.6,15786.1,15786.8,15782.5,15783,15783.3,15783.9,0.6,721.6600116
2026-05-13T13:15:00+00:00,15783.75,15784.8,15782.35,15783.1,15783.5,15784,15784.5,15785.1,15782.1,15782.6,15782.9,15783.3,0.4,644.1300101
2026-05-13T13:20:00+00:00,15783,15784.95,15782.45,15783.55,15782.9,15783.1,15784.7,15785.2,15782.3,15782.6,15783.4,15783.7,0.3,493.7700092
2026-05-13T13:25:00+00:00,15783,15784.3,15782.5,15782.85,15782.9,15783.1,15784.1,15784.5,15782.3,15782.7,15782.7,15783,0.3,486.1500057
2026-05-13T13:30:00+00:00,15782.8,15784.25,15779.2,15780.4,15782.6,15783,15784,15784.5,15779,15779.4,15780.1,15780.7,0.6,1464.690017
2026-05-13T13:35:00+00:00,15780.5,15781.9,15780,15781.05,15780.3,15780.7,15781.7,15782.1,15779.8,15780.2,15781,15781.1,0.1,1114.230016
2026-05-13T13:40:00+00:00,15781.2,15782.5,15776.7,15777.65,15781,15781.4,15782.2,15782.8,15776.5,15776.9,15777.5,15777.8,0.3,1319.620019
2026-05-13T13:45:00+00:00,15777.75,15780.9,15775.9,15779.1,15777.5,15778,15780.7,15781.1,15775.7,15776.1,15778.9,15779.3,0.4,1060.970017
2026-05-13T13:50:00+00:00,15779.05,15779.05,15776.15,15777.5,15778.9,15779.2,15778.9,15779.2,15775.9,15776.4,15777.3,15777.7,0.4,747.7200147
2026-05-13T13:55:00+00:00,15777.3,15777.6,15776.3,15777.55,15777.1,15777.5,15777.4,15777.8,15776.1,15776.5,15777.3,15777.8,0.5,160.050002
2026-05-13T14:00:00+00:00,15777.5,15780.55,15775.9,15778.4,15777.3,15777.7,15780.4,15780.7,15775.7,15776.1,15778.2,15778.6,0.4,1452.290027
2026-05-13T14:05:00+00:00,15778.45,15779.75,15777.5,15779.2,15778.3,15778.6,15779.6,15779.9,15777.3,15777.7,15779,15779.4,0.4,940.8200132
2026-05-13T14:10:00+00:00,15779.1,15779.25,15777.6,15778.7,15778.9,15779.3,15779,15779.5,15777.4,15777.8,15778.5,15778.9,0.4,698.1800132
2026-05-13T14:15:00+00:00,15778.5,15785.3,15778.5,15784.85,15778.2,15778.8,15785.1,15785.5,15778.2,15778.8,15784.5,15785.2,0.7,881.7800138
2026-05-13T14:20:00+00:00,15784.75,15785.7,15783.45,15784.6,15784.4,15785.1,15785.5,15785.9,15783.2,15783.7,15784.4,15784.8,0.4,826.4000089
2026-05-13T14:25:00+00:00,15784.8,15784.8,15782.15,15782.2,15784.6,15785,15784.6,15785,15781.9,15782.4,15782,15782.4,0.4,574.1000085
2026-05-13T14:30:00+00:00,15782.3,15784.3,15781.2,15783.65,15782.1,15782.5,15784.1,15784.5,15781,15781.4,15783.5,15783.8,0.3,705.9500118
2026-05-13T14:35:00+00:00,15783.4,15786.15,15783.1,15784.25,15783.3,15783.5,15785.9,15786.4,15782.9,15783.3,15784,15784.5,0.5,702.5000113
2026-05-13T14:40:00+00:00,15784.3,15785.85,15784.2,15785.15,15784,15784.6,15785.6,15786.1,15784,15784.4,15785,15785.3,0.3,439.9400065
2026-05-13T14:45:00+00:00,15785.1,15786.65,15784.4,15784.95,15784.9,15785.3,15786.5,15786.8,15784.1,15784.7,15784.7,15785.2,0.5,833.1100099
2026-05-13T14:50:00+00:00,15784.85,15785.95,15782.45,15783.95,15784.6,15785.1,15785.6,15786.3,15782.2,15782.7,15783.8,15784.1,0.3,870.5400141
2026-05-13T14:55:00+00:00,15784.1,15789.75,15782.9,15786.45,15783.9,15784.3,15789.5,15790,15782.7,15783.1,15786.2,15786.7,0.5,2365.36004
2026-05-13T15:00:00+00:00,15786.4,15787,15784.2,15785.2,15786.2,15786.6,15786.8,15787.2,15784,15784.4,15785,15785.4,0.4,1458.910029
2026-05-13T15:05:00+00:00,15785.1,15786.25,15782.7,15783.8,15784.9,15785.3,15786.1,15786.4,15782.5,15782.9,15783.6,15784,0.4,749.0600123
2026-05-13T15:10:00+00:00,15783.85,15786.35,15783.6,15786.35,15783.7,15784,15786.2,15786.5,15783.5,15783.7,15786.2,15786.5,0.3,553.3700088
2026-05-13T15:15:00+00:00,15786.4,15786.6,15784.6,15786.45,15786.3,15786.5,15786.4,15786.8,15784.4,15784.8,15786.3,15786.6,0.3,511.1600071
2026-05-13T15:20:00+00:00,15786.5,15787.75,15785.45,15786.2,15786.2,15786.8,15787.6,15787.9,15785.3,15785.6,15786,15786.4,0.4,335.4000065
2026-05-13T15:25:00+00:00,15786.15,15786.8,15784.2,15786.15,15786,15786.3,15786.4,15787.2,15784.1,15784.3,15786,15786.3,0.3,354.3700063
2026-05-13T15:30:00+00:00,15786.1,15787.2,15781,15782.05,15785.8,15786.4,15786.9,15787.5,15780.8,15781.2,15781.8,15782.3,0.5,1038.270018
2026-05-13T15:35:00+00:00,15782.1,15782.3,15779.3,15779.3,15781.9,15782.3,15782.1,15782.5,15779,15779.6,15779,15779.6,0.6,731.720014
2026-05-13T15:40:00+00:00,15779.2,15779.7,15777.65,15779.5,15779,15779.4,15779.5,15779.9,15777.4,15777.9,15779.2,15779.8,0.6,682.5400099
2026-05-13T15:45:00+00:00,15779.65,15783.55,15779.65,15782.35,15779.4,15779.9,15783.2,15783.9,15779.4,15779.9,15782.2,15782.5,0.3,784.7500168
2026-05-13T15:50:00+00:00,15782.25,15783.9,15781,15782.35,15782,15782.5,15783.7,15784.1,15780.9,15781.1,15782.1,15782.6,0.5,378.2300066
2026-05-13T15:55:00+00:00,15782.5,15785.15,15782.5,15783.75,15782.3,15782.7,15784.9,15785.4,15782.3,15782.7,15783.5,15784,0.5,492.6700075
2026-05-13T16:00:00+00:00,15783.85,15784.45,15781.3,15782.9,15783.6,15784.1,15784.2,15784.7,15781,15781.6,15782.6,15783.2,0.6,468.8400074
2026-05-13T16:05:00+00:00,15782.75,15783.95,15781.45,15782.05,15782.6,15782.9,15783.8,15784.1,15781.1,15781.8,15781.9,15782.2,0.3,567.9500058
2026-05-13T16:10:00+00:00,15781.9,15785.5,15781.65,15783.3,15781.7,15782.1,15785.3,15785.7,15781.4,15781.9,15783.2,15783.4,0.2,612.7900095
2026-05-13T16:15:00+00:00,15783.25,15785.75,15782.55,15783.55,15783.1,15783.4,15785.5,15786,15782.4,15782.7,15783.4,15783.7,0.3,858.6900159
2026-05-13T16:20:00+00:00,15783.6,15784.95,15777.5,15781.35,15783.5,15783.7,15784.7,15785.2,15777.3,15777.7,15781.1,15781.6,0.5,1405.160027
2026-05-13T16:25:00+00:00,15780.95,15780.95,15775.2,15776.3,15780.8,15781.1,15780.8,15781.1,15775,15775.4,15776.1,15776.5,0.4,968.7600194
2026-05-13T16:30:00+00:00,15776.4,15779.75,15774.75,15778.35,15776.2,15776.6,15779.5,15780,15774.5,15775,15778.2,15778.5,0.3,1202.430016
2026-05-13T16:35:00+00:00,15778.45,15781.65,15777.5,15781.3,15778.2,15778.7,15781.4,15781.9,15777.2,15777.8,15781.1,15781.5,0.4,788.6500119
2026-05-13T16:40:00+00:00,15781.25,15782.9,15780.9,15782.85,15781,15781.5,15782.7,15783.1,15780.7,15781.1,15782.6,15783.1,0.5,387.0900047
2026-05-13T16:45:00+00:00,15782.75,15784.15,15781.2,15784.1,15782.5,15783,15783.9,15784.4,15781,15781.4,15783.9,15784.3,0.4,609.480009
2026-05-13T16:50:00+00:00,15784.05,15785.65,15783.85,15784.7,15783.7,15784.4,15785.4,15785.9,15783.6,15784.1,15784.5,15784.9,0.4,427.3200068
2026-05-13T16:55:00+00:00,15784.3,15786.25,15784.05,15785.8,15784.2,15784.4,15786,15786.5,15783.8,15784.3,15785.6,15786,0.4,709.4000089
2026-05-13T17:00:00+00:00,15785.65,15787.15,15784.75,15785.2,15785.4,15785.9,15787,15787.3,15784.5,15785,15784.9,15785.5,0.6,1310.740008
2026-05-13T17:05:00+00:00,15785.15,15785.15,15783.4,15784.9,15784.9,15785.4,15784.9,15785.4,15783.2,15783.6,15784.7,15785.1,0.4,573.4300077
2026-05-13T17:10:00+00:00,15784.8,15785.2,15783.8,15784.95,15784.6,15785,15785,15785.4,15783.6,15784,15784.7,15785.2,0.5,281.6700042
2026-05-13T17:15:00+00:00,15785.15,15785.25,15783.8,15783.9,15784.9,15785.4,15785,15785.5,15783.6,15784,15783.7,15784.1,0.4,353.5900052
2026-05-13T17:20:00+00:00,15783.85,15785.3,15783.85,15785,15783.7,15784,15785.1,15785.5,15783.7,15784,15784.7,15785.3,0.6,187.550004
2026-05-13T17:25:00+00:00,15785.15,15785.4,15784.8,15785.05,15784.9,15785.4,15785.2,15785.6,15784.6,15785,15784.8,15785.3,0.5,122.6400025
2026-05-13T17:30:00+00:00,15784.9,15786.45,15784.85,15786.1,15784.7,15785.1,15786.2,15786.7,15784.6,15785.1,15785.9,15786.3,0.4,378.420006
2026-05-13T17:35:00+00:00,15786.15,15786.85,15785.95,15786.4,15786,15786.3,15786.7,15787,15785.8,15786.1,15786.1,15786.7,0.6,453.1700054
2026-05-13T17:40:00+00:00,15786.35,15788.8,15786.35,15788.6,15786.1,15786.6,15788.6,15789,15786.1,15786.6,15788.4,15788.8,0.4,368.780005
2026-05-13T17:45:00+00:00,15788.65,15791.05,15788.5,15790,15788.5,15788.8,15790.8,15791.3,15788.3,15788.7,15789.7,15790.3,0.6,641.5600091
2026-05-13T17:50:00+00:00,15790.05,15791.3,15788.75,15791.25,15789.8,15790.3,15791,15791.6,15788.5,15789,15791,15791.5,0.5,497.3500077
2026-05-13T17:55:00+00:00,15791.3,15792.4,15791,15792.4,15791.1,15791.5,15792.2,15792.6,15790.8,15791.2,15792.2,15792.6,0.4,438.1500077
2026-05-13T18:00:00+00:00,15792.45,15792.55,15789.4,15789.8,15792.2,15792.7,15792.3,15792.8,15789.1,15789.7,15789.6,15790,0.4,684.510011
2026-05-13T18:05:00+00:00,15789.7,15791.3,15789.65,15790.5,15789.5,15789.9,15791.1,15791.5,15789.4,15789.9,15790.3,15790.7,0.4,438.3500054
2026-05-13T18:10:00+00:00,15790.75,15791.3,15789.95,15790.15,15790.5,15791,15791,15791.6,15789.7,15790.2,15790.1,15790.2,0.1,406.8300059
2026-05-13T18:15:00+00:00,15790.25,15790.65,15788.3,15789.95,15790.2,15790.3,15790.4,15790.9,15788.1,15788.5,15789.7,15790.2,0.5,549.3000118
2026-05-13T18:20:00+00:00,15789.9,15790.5,15788.6,15790.4,15789.7,15790.1,15790.3,15790.7,15788.3,15788.9,15790.2,15790.6,0.4,353.3400071
2026-05-13T18:25:00+00:00,15790.25,15790.45,15788.45,15789.5,15790,15790.5,15790.2,15790.7,15788.2,15788.7,15789.3,15789.7,0.4,253.6500056
2026-05-13T18:30:00+00:00,15789.55,15789.8,15788.05,15788.5,15789.3,15789.8,15789.6,15790,15787.8,15788.3,15788.3,15788.7,0.4,287.8400066
2026-05-13T18:35:00+00:00,15788.45,15788.55,15786.75,15787.05,15788.2,15788.7,15788.4,15788.7,15786.6,15786.9,15786.8,15787.3,0.5,266.0700049
2026-05-13T18:40:00+00:00,15786.95,15787.15,15785.7,15787.15,15786.7,15787.2,15786.9,15787.4,15785.5,15785.9,15786.9,15787.4,0.5,327.4500039
2026-05-13T18:45:00+00:00,15787.2,15791.15,15787.1,15791.15,15787,15787.4,15790.9,15791.4,15786.9,15787.3,15790.9,15791.4,0.5,500.9000084
2026-05-13T18:50:00+00:00,15790.9,15791.1,15785.95,15787.15,15790.8,15791,15790.9,15791.3,15785.7,15786.2,15786.8,15787.5,0.7,634.4200093
2026-05-13T18:55:00+00:00,15787,15790,15787,15789.4,15786.8,15787.2,15789.7,15790.3,15786.8,15787.2,15789.2,15789.6,0.4,676.8800104
2026-05-13T19:00:00+00:00,15789.5,15790.2,15788.4,15789,15789.4,15789.6,15790.1,15790.3,15788.2,15788.6,15788.8,15789.2,0.4,427.4400082
2026-05-13T19:05:00+00:00,15788.95,15789.8,15787.45,15787.55,15788.7,15789.2,15789.6,15790,15787.3,15787.6,15787.3,15787.8,0.5,388.5200056
2026-05-13T19:10:00+00:00,15787.7,15788.65,15787.15,15787.45,15787.5,15787.9,15788.4,15788.9,15786.9,15787.4,15787.2,15787.7,0.5,227.3200041
2026-05-13T19:15:00+00:00,15787.85,15787.95,15786.3,15786.7,15787.7,15788,15787.8,15788.1,15786.1,15786.5,15786.5,15786.9,0.4,319.6200039
2026-05-13T19:20:00+00:00,15786.65,15787.65,15786.4,15787.6,15786.5,15786.8,15787.4,15787.9,15786.3,15786.5,15787.4,15787.8,0.4,266.5800034
2026-05-13T19:25:00+00:00,15787.55,15787.6,15784.2,15784.45,15787.4,15787.7,15787.4,15787.8,15784,15784.4,15784.2,15784.7,0.5,514.3100091
2026-05-13T19:30:00+00:00,15784.45,15786.85,15783.95,15786.55,15784.2,15784.7,15786.6,15787.1,15783.7,15784.2,15786.3,15786.8,0.5,660.6000116
2026-05-13T19:35:00+00:00,15786.5,15787.6,15786.35,15787.55,15786.3,15786.7,15787.3,15787.9,15786.1,15786.6,15787.3,15787.8,0.5,665.960009
2026-05-13T19:40:00+00:00,15787.5,15788.55,15786.9,15788.1,15787.3,15787.7,15788.3,15788.8,15786.7,15787.1,15787.9,15788.3,0.4,423.5700043
2026-05-13T19:45:00+00:00,15788.05,15789.2,15786.55,15788.95,15787.8,15788.3,15788.9,15789.5,15786.3,15786.8,15788.7,15789.2,0.5,450.0700077
2026-05-13T19:50:00+00:00,15789.1,15789.15,15787.75,15788.95,15788.9,15789.3,15788.9,15789.4,15787.5,15788,15788.7,15789.2,0.5,279.8400053
2026-05-13T19:55:00+00:00,15788.9,15789,15786.4,15787.25,15788.5,15789.3,15788.7,15789.3,15786.2,15786.6,15787,15787.5,0.5,966.2000141
2026-05-13T20:00:00+00:00,15787.15,15790.35,15786.7,15789.9,15786.9,15787.4,15790.1,15790.6,15786.5,15786.9,15789.8,15790,0.2,984.0800173
2026-05-13T20:05:00+00:00,15790.1,15790.1,15788,15788.05,15789.9,15790.3,15789.9,15790.3,15787.9,15788.1,15787.9,15788.2,0.3,560.3900111
2026-05-13T20:10:00+00:00,15788.7,15789.15,15786.6,15787.3,15788.6,15788.8,15788.9,15789.4,15786.5,15786.7,15787.2,15787.4,0.2,719.1500112
2026-05-13T20:15:00+00:00,15787.25,15787.45,15786.45,15786.6,15787.2,15787.3,15787.3,15787.6,15786.2,15786.7,15786.4,15786.8,0.4,217.3500046
2026-05-13T20:20:00+00:00,15786.55,15788.55,15786.35,15787.8,15786.4,15786.7,15788.3,15788.8,15786.2,15786.5,15787.7,15787.9,0.2,205.3300052
2026-05-13T20:25:00+00:00,15787.85,15788.05,15787.05,15787.6,15787.8,15787.9,15787.9,15788.2,15786.8,15787.3,15787.4,15787.8,0.4,181.7200046
2026-05-13T20:30:00+00:00,15787.5,15788.7,15787.15,15787.65,15787.1,15787.9,15788.5,15788.9,15786.9,15787.4,15787.4,15787.9,0.5,191.2500031
2026-05-13T20:35:00+00:00,15787.8,15787.9,15786.65,15787.7,15787.6,15788,15787.6,15788.2,15786.3,15787,15787.4,15788,0.6,355.1800108
2026-05-13T20:40:00+00:00,15787.65,15789,15787.2,15787.85,15787.4,15787.9,15788.8,15789.2,15786.9,15787.5,15787.5,15788.2,0.7,183.2900046
2026-05-13T20:45:00+00:00,15787.8,15789,15787.25,15788.9,15787.5,15788.1,15788.5,15789.5,15786.9,15787.6,15788.5,15789.3,0.8,180.1600013
2026-05-13T20:50:00+00:00,15789.15,15789.25,15788.05,15789.2,15788.8,15789.5,15788.8,15789.7,15787.6,15788.5,15788.7,15789.7,1,224.9200054
2026-05-13T20:55:00+00:00,15789.05,15789.7,15786.1,15786.2,15788.4,15789.7,15788.9,15790.5,15784.6,15787.6,15784.6,15787.8,3.2,396.1500012
2026-05-13T21:00:00+00:00,15787,15787.35,15782.8,15784.5,15784.1,15789.9,15784.1,15790.6,15779.1,15786.5,15782,15787,5,35.09999907
2026-05-13T21:05:00+00:00,15784.55,15786.25,15784.1,15785.35,15781.7,15787.4,15782.3,15790.2,15780.9,15787.3,15782.3,15788.4,6.1,39.30000055
2026-05-13T21:10:00+00:00,15785.35,15785.6,15784.35,15785.25,15782.5,15788.2,15783,15788.2,15781.5,15787.2,15783,15787.5,4.5,42.11000073
2026-05-13T21:15:00+00:00,15785.25,15786.2,15784.1,15785.2,15783,15787.5,15784.6,15787.8,15782.8,15785.4,15783.7,15786.7,3,712.8100101
2026-05-13T21:20:00+00:00,15784.95,15785.6,15780.5,15783.8,15783.9,15786,15784.1,15787.1,15777.8,15783.2,15781,15786.6,5.6,227.1100076
2026-05-13T21:25:00+00:00,15783.95,15784.2,15769.95,15774.65,15781,15786.9,15781.2,15787.2,15765,15774.9,15768.3,15781,12.7,449.0400069
2026-05-13T21:30:00+00:00,15774.8,15785.8,15771.35,15781.25,15768.3,15781.3,15782.9,15788.7,15766.2,15776.5,15777.2,15785.3,8.1,520.4500092
2026-05-13T21:35:00+00:00,15781.7,15784.35,15780.7,15782.75,15778.6,15784.8,15781.2,15787.5,15776.6,15784.8,15779,15786.5,7.5,221.7000017
2026-05-13T21:40:00+00:00,15782.7,15783.6,15781.65,15782.75,15779.1,15786.3,15780.2,15787,15778.8,15784.5,15780.2,15785.3,5.1,46.6500001
2026-05-13T21:45:00+00:00,15782.4,15787.65,15781.75,15787.3,15778.7,15786.1,15786.1,15789.2,15778.7,15784.8,15785.7,15788.9,3.2,294.8600038
2026-05-13T21:50:00+00:00,15787.3,15788.05,15787,15787.55,15785.6,15789,15786.8,15789.3,15785.4,15788.6,15786.3,15788.8,2.5,970.3500079
2026-05-13T21:55:00+00:00,15787.35,15787.85,15774.45,15783.25,15785.9,15788.8,15786.3,15789.4,15771.1,15777.8,15781.3,15785.2,3.9,390.5700026
2026-05-13T22:00:00+00:00,15783.25,15785.8,15780.45,15781.95,15781.4,15785.1,15783.3,15788.3,15780.2,15780.7,15781.2,15782.7,1.5,448.7999934
2026-05-13T22:05:00+00:00,15782.05,15783.35,15781.25,15782.7,15781.4,15782.7,15782.6,15784.1,15780.9,15781.6,15782.3,15783.1,0.8,225.5900069
2026-05-13T22:10:00+00:00,15782.8,15783.45,15782.15,15782.65,15782.4,15783.2,15783,15783.9,15781.8,15782.5,15782.2,15783.1,0.9,219.0500036
2026-05-13T22:15:00+00:00,15782.55,15782.85,15780.15,15782.75,15782.1,15783,15782.4,15783.3,15779.7,15780.6,15782.3,15783.2,0.9,228.1400046
2026-05-13T22:20:00+00:00,15782.65,15782.65,15781.45,15782.45,15782.2,15783.1,15782.2,15783.1,15781,15781.9,15782,15782.9,0.9,116.5500019
2026-05-13T22:25:00+00:00,15782.3,15782.45,15780.3,15780.4,15781.8,15782.8,15782,15782.9,15779.8,15780.8,15780,15780.8,0.8,129.5200033
2026-05-13T22:30:00+00:00,15780.25,15780.6,15779.5,15780.1,15779.8,15780.7,15780.2,15781,15779,15780,15779.7,15780.5,0.8,157.0500039
2026-05-13T22:35:00+00:00,15780,15781.2,15780,15780.7,15779.6,15780.4,15780.7,15781.7,15779.6,15780.4,15780.3,15781.1,0.8,78.15000105
2026-05-13T22:40:00+00:00,15780.8,15780.8,15779.6,15779.7,15780.4,15781.2,15780.4,15781.2,15779.2,15780,15779.4,15780,0.6,124.0500032
2026-05-13T22:45:00+00:00,15779.9,15782.55,15779.7,15782.55,15779.6,15780.2,15782.3,15782.8,15779.4,15780,15782.3,15782.8,0.5,242.6200055
2026-05-13T22:50:00+00:00,15782.5,15782.7,15779.95,15781.2,15782.2,15782.8,15782.4,15783,15779.5,15780.4,15780.8,15781.6,0.8,161.1700031
2026-05-13T22:55:00+00:00,15781.15,15781.4,15780.95,15781.15,15780.8,15781.5,15781,15781.8,15780.6,15781.3,15780.7,15781.6,0.9,120.8800011
2026-05-13T23:00:00+00:00,15781.05,15781.5,15778.55,15779.9,15780.6,15781.5,15781.1,15781.9,15778.2,15778.9,15779.5,15780.3,0.8,185.1700033
2026-05-13T23:05:00+00:00,15779.65,15780.7,15779.65,15780.25,15779.3,15780,15780.5,15780.9,15779.3,15780,15779.9,15780.6,0.7,211.3400037
2026-05-13T23:10:00+00:00,15780.2,15780.35,15778.75,15780,15779.9,15780.5,15780,15780.7,15778.4,15779.1,15779.7,15780.3,0.6,138.4500018
2026-05-13T23:15:00+00:00,15780.2,15780.25,15778.1,15778.8,15779.8,15780.6,15779.8,15780.7,15777.8,15778.4,15778.4,15779.2,0.8,126.9400018
2026-05-13T23:20:00+00:00,15778.9,15779.95,15778.5,15778.65,15778.6,15779.2,15779.6,15780.3,15778.2,15778.8,15778.4,15778.9,0.5,127.8000011
2026-05-13T23:25:00+00:00,15778.95,15780.6,15778.8,15780.35,15778.6,15779.3,15780.3,15780.9,15778.5,15779.1,15780,15780.7,0.7,136.0500016
2026-05-13T23:30:00+00:00,15780.6,15784.15,15780.6,15782.65,15780.4,15780.8,15783.9,15784.4,15780.4,15780.8,15782.3,15783,0.7,346.9300044
2026-05-13T23:35:00+00:00,15782.6,15783.55,15782.25,15783.55,15782.3,15782.9,15783.2,15783.9,15781.9,15782.6,15783.2,15783.9,0.7,97.33000159
2026-05-13T23:40:00+00:00,15783.6,15783.8,15783.25,15783.7,15783.4,15783.8,15783.5,15784.1,15782.9,15783.6,15783.4,15784,0.6,80.39000082
2026-05-13T23:45:00+00:00,15783.65,15784.75,15783.55,15784.55,15783.3,15784,15784.5,15785,15783.2,15783.9,15784.1,15785,0.9,275.7100047
2026-05-13T23:50:00+00:00,15784.5,15784.5,15783.35,15783.75,15784.1,15784.9,15784.1,15784.9,15783,15783.7,15783.5,15784,0.5,130.740003
2026-05-13T23:55:00+00:00,15783.8,15786.35,15783.8,15785.85,15783.5,15784.1,15786.1,15786.6,15783.5,15784.1,15785.6,15786.1,0.5,158.1600035
2026-05-14T00:00:00+00:00,15785.95,15787.45,15784.6,15787.05,15785.8,15786.1,15787.2,15787.7,15784.4,15784.8,15786.7,15787.4,0.7,861.8900156
2026-05-14T00:05:00+00:00,15787.1,15787.4,15784.65,15785.75,15786.7,15787.5,15787.3,15787.5,15784.3,15785,15785.4,15786.1,0.7,635.070009
2026-05-14T00:10:00+00:00,15785.8,15786.3,15783.3,15784.05,15785.4,15786.2,15786.2,15786.4,15783,15783.6,15783.7,15784.4,0.7,397.1900085
2026-05-14T00:15:00+00:00,15784,15784,15781.3,15783.6,15783.7,15784.3,15783.7,15784.3,15781.1,15781.5,15783.3,15783.9,0.6,383.1600072
2026-05-14T00:20:00+00:00,15783.55,15783.7,15781.95,15782.2,15783.3,15783.8,15783.4,15784,15781.7,15782.2,15781.8,15782.6,0.8,501.110008
2026-05-14T00:25:00+00:00,15782.25,15782.75,15782,15782.05,15782,15782.5,15782.4,15783.1,15781.7,15782.3,15781.8,15782.3,0.5,303.0000026
2026-05-14T00:30:00+00:00,15781.8,15783.65,15781.05,15783.45,15781.5,15782.1,15783.4,15783.9,15780.9,15781.2,15783.2,15783.7,0.5,349.2700043
2026-05-14T00:35:00+00:00,15783.55,15783.85,15782.7,15783.1,15783.3,15783.8,15783.5,15784.2,15782.5,15782.9,15782.8,15783.4,0.6,332.9300048
2026-05-14T00:40:00+00:00,15783.05,15783.8,15782.65,15783.8,15782.8,15783.3,15783.6,15784,15782.3,15783,15783.6,15784,0.4,270.300004
2026-05-14T00:45:00+00:00,15783.75,15783.85,15782.8,15782.9,15783.5,15784,15783.6,15784.1,15782.5,15783.1,15782.6,15783.2,0.6,400.200008
2026-05-14T00:50:00+00:00,15782.85,15787.55,15781.35,15784.25,15782.6,15783.1,15787.3,15787.8,15781.1,15781.6,15784,15784.5,0.5,926.7100121
2026-05-14T00:55:00+00:00,15784.05,15785.8,15783.35,15785.4,15784,15784.1,15785.4,15786.2,15783.1,15783.6,15785.1,15785.7,0.6,1458.150019
2026-05-14T01:00:00+00:00,15785.5,15789.75,15785,15787.15,15785.2,15785.8,15789.5,15790,15784.7,15785.3,15787,15787.3,0.3,979.8300145
2026-05-14T01:05:00+00:00,15787.1,15789.45,15787.1,15787.5,15786.9,15787.3,15789.2,15789.7,15786.9,15787.3,15787.2,15787.8,0.6,619.4500096
2026-05-14T01:10:00+00:00,15787.25,15787.5,15785.95,15787.35,15787,15787.5,15787.2,15787.8,15785.7,15786.2,15787,15787.7,0.7,763.5300106
2026-05-14T01:15:00+00:00,15787.35,15789.1,15786.9,15787.15,15787,15787.7,15788.8,15789.4,15786.6,15787.2,15786.9,15787.4,0.5,1469.300013
2026-05-14T01:20:00+00:00,15787.2,15788.25,15786.8,15787.15,15787,15787.4,15788,15788.5,15786.6,15787,15786.8,15787.5,0.7,514.5600053
2026-05-14T01:25:00+00:00,15787,15788.55,15786.9,15788.15,15786.8,15787.2,15788.4,15788.7,15786.6,15787.2,15787.9,15788.4,0.5,681.0000089
2026-05-14T01:30:00+00:00,15788.25,15789.25,15788.05,15788.05,15788,15788.5,15789,15789.5,15787.8,15788.3,15787.8,15788.3,0.5,645.9000072
2026-05-14T01:35:00+00:00,15788.15,15788.45,15787.95,15788.05,15787.9,15788.4,15788.2,15788.7,15787.6,15788.3,15787.8,15788.3,0.5,171.0000014
2026-05-14T01:40:00+00:00,15787.95,15789.35,15787.95,15789.25,15787.7,15788.2,15789,15789.7,15787.7,15788.2,15788.9,15789.6,0.7,324.9900048
2026-05-14T01:45:00+00:00,15789.15,15790.65,15788.6,15789.3,15788.9,15789.4,15790.4,15790.9,15788.3,15788.9,15789.1,15789.5,0.4,271.9500047
2026-05-14T01:50:00+00:00,15789.25,15790.45,15788.65,15789.5,15789.1,15789.4,15790.2,15790.7,15788.4,15788.9,15789.3,15789.7,0.4,505.0500081
2026-05-14T01:55:00+00:00,15789.6,15792.15,15789.6,15791.45,15789.4,15789.8,15792,15792.3,15789.4,15789.8,15791.3,15791.6,0.3,483.7500076
2026-05-14T02:00:00+00:00,15791.5,15792.85,15788.75,15790.65,15791.3,15791.7,15792.7,15793,15788.4,15789.1,15790.3,15791,0.7,1062.29001
2026-05-14T02:05:00+00:00,15790.6,15792.35,15790.4,15792.25,15790.3,15790.9,15792.1,15792.6,15790.1,15790.7,15791.9,15792.6,0.7,483.7500055
2026-05-14T02:10:00+00:00,15792.15,15795.15,15792.05,15793.4,15791.9,15792.4,15794.9,15795.4,15791.8,15792.3,15793.3,15793.5,0.2,722.0500073
2026-05-14T02:15:00+00:00,15793.4,15795.2,15793.4,15794.95,15793.2,15793.6,15795,15795.4,15793.2,15793.6,15794.7,15795.2,0.5,357.6900063
2026-05-14T02:20:00+00:00,15794.9,15794.95,15793.85,15794.65,15794.8,15795,15794.8,15795.1,15793.7,15794,15794.4,15794.9,0.5,388.5600061
2026-05-14T02:25:00+00:00,15794.55,15795.2,15791.55,15792.25,15794.3,15794.8,15795,15795.4,15791.2,15791.9,15792,15792.5,0.5,456.9700069
2026-05-14T02:30:00+00:00,15792.3,15793.3,15791.8,15793.05,15792.1,15792.5,15793.1,15793.5,15791.5,15792.1,15792.8,15793.3,0.5,386.4700062
2026-05-14T02:35:00+00:00,15793,15793.1,15791.9,15792.75,15792.8,15793.2,15792.9,15793.3,15791.6,15792.2,15792.5,15793,0.5,346.3500061
2026-05-14T02:40:00+00:00,15792.7,15793.25,15791.75,15792,15792.5,15792.9,15793.1,15793.4,15791.6,15791.9,15791.8,15792.2,0.4,269.6700052
2026-05-14T02:45:00+00:00,15791.9,15792.3,15791.2,15791.95,15791.7,15792.1,15792,15792.6,15791,15791.4,15791.7,15792.2,0.5,300.1500049
2026-05-14T02:50:00+00:00,15791.85,15794,15791.85,15792.55,15791.6,15792.1,15793.8,15794.2,15791.6,15792.1,15792.3,15792.8,0.5,284.1000065
2026-05-14T02:55:00+00:00,15792.45,15793.3,15791.85,15792.3,15792.2,15792.7,15793.2,15793.4,15791.6,15792.1,15792.1,15792.5,0.4,426.4000065
2026-05-14T03:00:00+00:00,15792.2,15797.55,15792.15,15796.25,15791.9,15792.5,15797.4,15797.7,15791.9,15792.4,15796,15796.5,0.5,1004.520017
2026-05-14T03:05:00+00:00,15796.2,15799.45,15795.75,15798.8,15796,15796.4,15799.2,15799.7,15795.5,15796,15798.6,15799,0.4,882.0600108
2026-05-14T03:10:00+00:00,15798.85,15798.85,15795.65,15796.5,15798.6,15799.1,15798.6,15799.1,15795.4,15795.9,15796.3,15796.7,0.4,723.8000101
2026-05-14T03:15:00+00:00,15796.45,15796.45,15794.3,15794.8,15796.1,15796.8,15796.1,15796.8,15794.2,15794.4,15794.6,15795,0.4,904.9500169
2026-05-14T03:20:00+00:00,15794.75,15794.9,15793.35,15794.25,15794.5,15795,15794.7,15795.1,15793.1,15793.6,15794,15794.5,0.5,585.6500052
2026-05-14T03:25:00+00:00,15794.35,15794.35,15792.7,15793.25,15794.1,15794.6,15794.1,15794.6,15792.4,15793,15793.1,15793.4,0.3,209.1000047
2026-05-14T03:30:00+00:00,15793.3,15794.4,15792.2,15793.95,15793.1,15793.5,15794.2,15794.6,15792,15792.4,15793.6,15794.3,0.7,320.3400079
2026-05-14T03:35:00+00:00,15794,15795.35,15793.95,15795.35,15793.7,15794.3,15795.1,15795.6,15793.7,15794.2,15795.1,15795.6,0.5,197.8500042
2026-05-14T03:40:00+00:00,15795.4,15796.55,15794.85,15795.35,15795.2,15795.6,15796.3,15796.8,15794.6,15795.1,15795.1,15795.6,0.5,180.670004
2026-05-14T03:45:00+00:00,15795.45,15796.3,15794.75,15795.45,15795.3,15795.6,15796.1,15796.5,15794.5,15795,15795.2,15795.7,0.5,280.5300052
2026-05-14T03:50:00+00:00,15795.35,15796.6,15795,15796.15,15795.1,15795.6,15796.3,15796.9,15794.8,15795.2,15796,15796.3,0.3,150.3000026
2026-05-14T03:55:00+00:00,15796.1,15797.45,15795.9,15797.15,15795.9,15796.3,15797.3,15797.6,15795.7,15796.1,15796.9,15797.4,0.5,172.5000033
2026-05-14T04:00:00+00:00,15797.5,15797.6,15791.25,15793.55,15797.3,15797.7,15797.4,15797.8,15791.1,15791.4,15793.1,15794,0.9,1119.420015
2026-05-14T04:05:00+00:00,15793.6,15793.6,15751.65,15786,15793.3,15793.9,15793.3,15793.9,15751.4,15751.9,15785.5,15786.5,1,2660.720053
2026-05-14T04:10:00+00:00,15785.4,15786.25,15781.3,15782.1,15785.3,15785.5,15785.9,15786.6,15780.9,15781.7,15781.8,15782.4,0.6,1359.480019
2026-05-14T04:15:00+00:00,15782.15,15783.65,15773.4,15776.6,15781.8,15782.5,15783.4,15783.9,15773,15773.8,15776.3,15776.9,0.6,1635.950025
2026-05-14T04:20:00+00:00,15776.8,15781.15,15776.1,15780.1,15776.5,15777.1,15780.7,15781.6,15775.8,15776.4,15779.8,15780.4,0.6,658.4300119
2026-05-14T04:25:00+00:00,15779.9,15783.3,15779.75,15782.25,15779.6,15780.2,15783,15783.6,15779.5,15780,15782,15782.5,0.5,317.2000076
2026-05-14T04:30:00+00:00,15782.3,15785.15,15782.05,15784.8,15782,15782.6,15784.9,15785.4,15781.8,15782.3,15784.6,15785,0.4,451.050009
2026-05-14T04:35:00+00:00,15784.7,15787.5,15784.45,15785.7,15784.4,15785,15787.2,15787.8,15784.3,15784.6,15785.4,15786,0.6,413.7000089
2026-05-14T04:40:00+00:00,15785.65,15787.65,15785.6,15786.1,15785.4,15785.9,15787.6,15787.7,15785.3,15785.9,15785.8,15786.4,0.6,311.460004
2026-05-14T04:45:00+00:00,15786.05,15787.25,15782.65,15784.85,15785.8,15786.3,15787,15787.5,15782.5,15782.8,15784.6,15785.1,0.5,434.3300067
2026-05-14T04:50:00+00:00,15784.9,15786.45,15784.8,15786.1,15784.6,15785.2,15786.2,15786.7,15784.5,15785.1,15785.9,15786.3,0.4,263.9500051
2026-05-14T04:55:00+00:00,15786.05,15787.25,15785.1,15786.9,15785.9,15786.2,15786.9,15787.6,15784.8,15785.4,15786.7,15787.1,0.4,269.6700029
2026-05-14T05:00:00+00:00,15786.95,15790.2,15786.5,15788.85,15786.7,15787.2,15790,15790.4,15786.4,15786.6,15788.6,15789.1,0.5,935.1300139
2026-05-14T05:05:00+00:00,15788.95,15790,15787.35,15789.65,15788.6,15789.3,15789.7,15790.3,15787.1,15787.6,15789.3,15790,0.7,1414.610016
2026-05-14T05:10:00+00:00,15789.45,15790.2,15787.95,15790.1,15789.1,15789.8,15789.9,15790.5,15787.8,15788.1,15789.8,15790.4,0.6,625.3600075
2026-05-14T05:15:00+00:00,15790.1,15792.45,15790.05,15792.3,15789.7,15790.5,15792.2,15792.7,15789.7,15790.4,15792,15792.6,0.6,377.8000047
2026-05-14T05:20:00+00:00,15792.35,15793.85,15792.25,15793.6,15792.1,15792.6,15793.7,15794,15792,15792.5,15793.5,15793.7,0.2,295.8800068
2026-05-14T05:25:00+00:00,15793.85,15794.8,15792.55,15793.3,15793.7,15794,15794.7,15794.9,15792.3,15792.8,15793.1,15793.5,0.4,315.3000067
2026-05-14T05:30:00+00:00,15793.35,15793.95,15791.95,15792.35,15793,15793.7,15793.8,15794.1,15791.7,15792.2,15792.1,15792.6,0.5,375.9400088
2026-05-14T05:35:00+00:00,15792.4,15793.15,15791.75,15792.25,15792.2,15792.6,15792.8,15793.5,15791.6,15791.9,15792,15792.5,0.5,299.6400061
2026-05-14T05:40:00+00:00,15792,15792.45,15789.6,15790.3,15791.9,15792.1,15792.2,15792.7,15789.3,15789.9,15790,15790.6,0.6,416.820007
2026-05-14T05:45:00+00:00,15790.3,15790.8,15788.65,15789.25,15790,15790.6,15790.6,15791,15788.4,15788.9,15789,15789.5,0.5,978.6200125
2026-05-14T05:50:00+00:00,15789.2,15789.5,15787,15789.45,15788.9,15789.5,15789.2,15789.8,15786.7,15787.3,15789.1,15789.8,0.7,850.4200082
2026-05-14T05:55:00+00:00,15789.55,15791.8,15788.2,15791.1,15789.3,15789.8,15791.5,15792.1,15787.9,15788.5,15790.7,15791.5,0.8,769.7800089
2026-05-14T06:00:00+00:00,15791.15,15791.15,15785.75,15786.4,15790.8,15791.5,15790.8,15791.5,15785.5,15786,15786.2,15786.6,0.4,1367.080014
2026-05-14T06:05:00+00:00,15786.55,15789.05,15786.1,15786.5,15786.3,15786.8,15788.8,15789.3,15785.8,15786.4,15786.3,15786.7,0.4,966.1100075
2026-05-14T06:10:00+00:00,15786.55,15791.85,15786.4,15790.8,15786.3,15786.8,15791.7,15792,15786.2,15786.6,15790.6,15791,0.4,558.7400076
2026-05-14T06:15:00+00:00,15790.85,15790.85,15787.1,15787.35,15790.6,15791.1,15790.6,15791.1,15786.9,15787.3,15787.1,15787.6,0.5,1690.170009
2026-05-14T06:20:00+00:00,15787.3,15788.05,15785.95,15787.3,15787.1,15787.5,15787.8,15788.3,15785.7,15786.2,15787.1,15787.5,0.4,1000.470003
2026-05-14T06:25:00+00:00,15787.35,15789.05,15786,15787.15,15787.1,15787.6,15788.8,15789.3,15785.7,15786.3,15786.9,15787.4,0.5,706.0000088
2026-05-14T06:30:00+00:00,15787.05,15788.45,15786.4,15787.25,15786.8,15787.3,15788.3,15788.6,15786.2,15786.6,15787,15787.5,0.5,344.270008
2026-05-14T06:35:00+00:00,15787.3,15791.3,15786.15,15789.55,15787,15787.6,15791.1,15791.5,15786,15786.3,15789.3,15789.8,0.5,621.8900105
2026-05-14T06:40:00+00:00,15789.65,15790.25,15786.05,15787.35,15789.5,15789.8,15790.1,15790.4,15785.8,15786.3,15787.1,15787.6,0.5,1003.340017
2026-05-14T06:45:00+00:00,15787.25,15787.25,15780.85,15785.1,15787.1,15787.4,15787.1,15787.4,15780.6,15781.1,15784.9,15785.3,0.4,2149.740028
2026-05-14T06:50:00+00:00,15785.05,15785.95,15782.9,15783.65,15784.9,15785.2,15785.7,15786.2,15782.7,15783.1,15783.4,15783.9,0.5,1210.300016
2026-05-14T06:55:00+00:00,15783.75,15786.75,15782.95,15784.7,15783.6,15783.9,15786.5,15787,15782.8,15783.1,15784.5,15784.9,0.4,1033.800019
2026-05-14T07:00:00+00:00,15784.6,15786.65,15783.5,15786.25,15784.4,15784.8,15786.4,15786.9,15783.4,15783.6,15786,15786.5,0.5,1216.990018
2026-05-14T07:05:00+00:00,15786.2,15789.3,15786.15,15788.25,15786,15786.4,15789,15789.6,15785.9,15786.4,15788.1,15788.4,0.3,892.880012
2026-05-14T07:10:00+00:00,15788.5,15791.45,15787.25,15790.8,15788.3,15788.7,15791.2,15791.7,15787.1,15787.4,15790.5,15791.1,0.6,736.2900108
2026-05-14T07:15:00+00:00,15790.9,15793.75,15790.9,15792.15,15790.7,15791.1,15793.4,15794.1,15790.7,15791.1,15791.8,15792.5,0.7,948.0500151
2026-05-14T07:20:00+00:00,15792.25,15792.65,15790.3,15791.35,15791.9,15792.6,15792.5,15792.8,15790.1,15790.5,15791.2,15791.5,0.3,863.750012
2026-05-14T07:25:00+00:00,15791.45,15792.25,15788.75,15789.05,15791.3,15791.6,15792,15792.5,15788.4,15789.1,15788.8,15789.3,0.5,1025.87001
2026-05-14T07:30:00+00:00,15789.1,15789.2,15786.65,15787.7,15788.8,15789.4,15788.9,15789.5,15786.4,15786.9,15787.4,15788,0.6,1255.660016
2026-05-14T07:35:00+00:00,15787.75,15788.3,15786.25,15788.3,15787.5,15788,15788.1,15788.5,15786,15786.5,15788.1,15788.5,0.4,613.0100067
2026-05-14T07:40:00+00:00,15788.35,15788.8,15786.05,15787.55,15788.1,15788.6,15788.5,15789.1,15785.9,15786.2,15787.4,15787.7,0.3,1135.800016
2026-05-14T07:45:00+00:00,15787.5,15788.5,15786.7,15787.25,15787.3,15787.7,15788.3,15788.7,15786.5,15786.9,15787.1,15787.4,0.3,692.6400137
2026-05-14T07:50:00+00:00,15787.3,15787.9,15782.1,15784.1,15787.2,15787.4,15787.7,15788.1,15781.8,15782.4,15783.9,15784.3,0.4,1029.000013
2026-05-14T07:55:00+00:00,15784.15,15792.45,15784.15,15791.6,15784,15784.3,15792.3,15792.6,15784,15784.3,15791.4,15791.8,0.4,1025.130016
2026-05-14T08:00:00+00:00,15791.8,15793.6,15789.6,15793.55,15791.6,15792,15793.4,15793.8,15789.3,15789.9,15793.3,15793.8,0.5,1069.650013
2026-05-14T08:05:00+00:00,15793.4,15795,15792.15,15794.05,15793.2,15793.6,15794.7,15795.3,15791.9,15792.4,15793.8,15794.3,0.5,606.5700099
2026-05-14T08:10:00+00:00,15793.95,15794.8,15790.9,15790.95,15793.7,15794.2,15794.6,15795,15790.8,15791,15790.8,15791.1,0.3,524.5100091
2026-05-14T08:15:00+00:00,15790.75,15791.3,15788.65,15789.5,15790.6,15790.9,15791.1,15791.5,15788.4,15788.9,15789.3,15789.7,0.4,581.4000125
2026-05-14T08:20:00+00:00,15789.45,15791,15787.75,15788.75,15789.3,15789.6,15790.8,15791.2,15787.6,15787.9,15788.5,15789,0.5,875.4700174
2026-05-14T08:25:00+00:00,15788.85,15789.2,15785.45,15786.35,15788.6,15789.1,15789,15789.4,15785.2,15785.7,15786.2,15786.5,0.3,870.4000143
2026-05-14T08:30:00+00:00,15786.3,15788.5,15785.55,15787,15786.1,15786.5,15788.3,15788.7,15785.3,15785.8,15786.7,15787.3,0.6,1075.530013
2026-05-14T08:35:00+00:00,15787.1,15792.2,15786,15792.1,15786.8,15787.4,15792,15792.4,15785.8,15786.2,15791.9,15792.3,0.4,851.9700131
2026-05-14T08:40:00+00:00,15792,15793.25,15789.45,15792,15791.8,15792.2,15793,15793.5,15789.2,15789.7,15791.8,15792.2,0.4,841.2600151
2026-05-14T08:45:00+00:00,15791.95,15792,15788.45,15790.95,15791.7,15792.2,15791.7,15792.3,15788.1,15788.8,15790.8,15791.1,0.3,964.4700153
2026-05-14T08:50:00+00:00,15790.9,15790.9,15788.45,15789.4,15790.7,15791.1,15790.7,15791.1,15788.2,15788.7,15789.2,15789.6,0.4,478.4100045
2026-05-14T08:55:00+00:00,15789.5,15790.2,15788.4,15790.2,15789.3,15789.7,15790,15790.4,15788.2,15788.6,15790,15790.4,0.4,665.0100085
2026-05-14T09:00:00+00:00,15789.85,15791.05,15789.35,15790.2,15789.7,15790,15790.8,15791.3,15789.2,15789.5,15790.1,15790.3,0.2,577.8600105
2026-05-14T09:05:00+00:00,15790.3,15792.05,15790.15,15791.05,15790.1,15790.5,15791.9,15792.2,15789.9,15790.4,15790.8,15791.3,0.5,521.8300079
2026-05-14T09:10:00+00:00,15791,15793.25,15789.85,15791.05,15790.8,15791.2,15793.1,15793.4,15789.7,15790,15790.8,15791.3,0.5,872.0300127
2026-05-14T09:15:00+00:00,15791.2,15792.5,15791,15791.2,15790.9,15791.5,15792.3,15792.7,15790.8,15791.2,15791,15791.4,0.4,402.5200065
2026-05-14T09:20:00+00:00,15791.15,15792.25,15790.2,15791.6,15790.9,15791.4,15792,15792.5,15790,15790.4,15791.4,15791.8,0.4,397.4500047
2026-05-14T09:25:00+00:00,15791.4,15791.8,15789.8,15790,15791.1,15791.7,15791.6,15792,15789.6,15790,15789.8,15790.2,0.4,522.5400068
2026-05-14T09:30:00+00:00,15789.9,15790.85,15789.65,15789.8,15789.8,15790,15790.6,15791.1,15789.4,15789.9,15789.7,15789.9,0.2,328.580005
2026-05-14T09:35:00+00:00,15789.9,15792,15789.8,15790.6,15789.6,15790.2,15791.8,15792.2,15789.6,15790,15790.4,15790.8,0.4,714.8500147
2026-05-14T09:40:00+00:00,15790.8,15791.35,15790.35,15791,15790.6,15791,15791.1,15791.6,15790.2,15790.5,15790.8,15791.2,0.4,211.9200032
2026-05-14T09:45:00+00:00,15790.85,15791.2,15788.8,15788.8,15790.7,15791,15791,15791.4,15788.6,15789,15788.6,15789,0.4,292.7000029
2026-05-14T09:50:00+00:00,15788.9,15789.95,15788.65,15789.25,15788.8,15789,15789.7,15790.2,15788.5,15788.8,15789.1,15789.4,0.3,364.0200057
2026-05-14T09:55:00+00:00,15789.5,15791.9,15788.8,15791.3,15789.3,15789.7,15791.6,15792.2,15788.6,15789,15791,15791.6,0.6,747.4600084
2026-05-14T10:00:00+00:00,15791.35,15793.1,15791.05,15791.7,15791.1,15791.6,15792.8,15793.4,15790.8,15791.3,15791.5,15791.9,0.4,834.7900095
2026-05-14T10:05:00+00:00,15791.45,15792.5,15791.1,15791.9,15791.3,15791.6,15792.3,15792.7,15790.9,15791.3,15791.7,15792.1,0.4,272.5700046
2026-05-14T10:10:00+00:00,15792,15792.25,15787.8,15790.65,15791.7,15792.3,15792,15792.5,15787.5,15788.1,15790.3,15791,0.7,1039.490018
2026-05-14T10:15:00+00:00,15790.3,15791.75,15789.9,15790.4,15790,15790.6,15791.5,15792,15789.6,15790.2,15790.2,15790.6,0.4,643.0500096
2026-05-14T10:20:00+00:00,15790.5,15791.75,15788.65,15789.9,15790.3,15790.7,15791.5,15792,15788.5,15788.8,15789.7,15790.1,0.4,545.7300111
2026-05-14T10:25:00+00:00,15790.05,15790.65,15787.95,15789.25,15789.8,15790.3,15790.4,15790.9,15787.8,15788.1,15789,15789.5,0.5,484.0400083
2026-05-14T10:30:00+00:00,15789.25,15790.35,15788.5,15789.3,15789,15789.5,15790.2,15790.5,15788.3,15788.7,15789.1,15789.5,0.4,523.3900071
2026-05-14T10:35:00+00:00,15789.3,15790.9,15789.3,15790.3,15789,15789.6,15790.7,15791.1,15789,15789.6,15790.1,15790.5,0.4,627.5900064
2026-05-14T10:40:00+00:00,15790.25,15793.3,15790.25,15793,15790.1,15790.4,15793.1,15793.5,15790.1,15790.4,15792.8,15793.2,0.4,1063.490001
2026-05-14T10:45:00+00:00,15792.7,15793.3,15791.85,15792.6,15792.5,15792.9,15793.1,15793.5,15791.5,15792.2,15792.4,15792.8,0.4,536.8000076
2026-05-14T10:50:00+00:00,15792.65,15794.3,15790.05,15792.2,15792.4,15792.9,15794,15794.6,15789.7,15790.4,15791.9,15792.5,0.6,1110.180014
2026-05-14T10:55:00+00:00,15792.15,15793.5,15791.2,15793.45,15791.8,15792.5,15793.3,15793.7,15791,15791.4,15793.3,15793.6,0.3,1111.260017
2026-05-14T11:00:00+00:00,15793.4,15795.5,15793.2,15794.65,15793.2,15793.6,15795.2,15795.8,15793,15793.4,15794.4,15794.9,0.5,1042.010016
2026-05-14T11:05:00+00:00,15794.6,15795.55,15792.05,15792.65,15794.4,15794.8,15795.3,15795.8,15791.8,15792.3,15792.4,15792.9,0.5,559.8400108
2026-05-14T11:10:00+00:00,15792.75,15793.45,15792.1,15792.35,15792.5,15793,15793.2,15793.7,15791.9,15792.3,15792,15792.7,0.7,730.5900081
2026-05-14T11:15:00+00:00,15792.25,15793.2,15791.3,15792.4,15791.9,15792.6,15793,15793.4,15791.1,15791.5,15792.2,15792.6,0.4,608.6700072
2026-05-14T11:20:00+00:00,15792.35,15792.95,15791.3,15792.25,15792.1,15792.6,15792.8,15793.1,15791.1,15791.5,15791.9,15792.6,0.7,453.2700074
2026-05-14T11:25:00+00:00,15792.15,15793.4,15792.1,15793.15,15791.9,15792.4,15793.2,15793.6,15791.9,15792.3,15792.9,15793.4,0.5,542.2400084
2026-05-14T11:30:00+00:00,15793.25,15793.7,15792.7,15793.45,15793,15793.5,15793.5,15793.9,15792.4,15793,15793.2,15793.7,0.5,285.9000055
2026-05-14T11:35:00+00:00,15793.35,15795.6,15793.35,15794.4,15793,15793.7,15795.4,15795.8,15793,15793.7,15794.2,15794.6,0.4,457.9900066
2026-05-14T11:40:00+00:00,15794.35,15795.55,15793.7,15794.95,15794.1,15794.6,15795.3,15795.8,15793.5,15793.9,15794.7,15795.2,0.5,542.5900069
2026-05-14T11:45:00+00:00,15794.95,15795.25,15794.35,15794.7,15794.7,15795.2,15795.1,15795.4,15794.1,15794.6,15794.4,15795,0.6,374.0600048
2026-05-14T11:50:00+00:00,15794.6,15795.7,15792.45,15795,15794.4,15794.8,15795.5,15795.9,15792.3,15792.6,15794.8,15795.2,0.4,676.910006
2026-05-14T11:55:00+00:00,15795.15,15797.8,15794.8,15797.35,15794.9,15795.4,15797.5,15798.1,15794.6,15795,15797.1,15797.6,0.5,957.2900118
2026-05-14T12:00:00+00:00,15797.75,15799.4,15794.7,15794.75,15797.6,15797.9,15799.3,15799.5,15794.5,15794.9,15794.5,15795,0.5,1960.690023
2026-05-14T12:05:00+00:00,15795,15795.65,15793.4,15794.3,15794.8,15795.2,15795.4,15795.9,15793.2,15793.6,15794.1,15794.5,0.4,1392.940012
2026-05-14T12:10:00+00:00,15794.25,15794.65,15793.3,15793.55,15794.1,15794.4,15794.4,15794.9,15793.1,15793.5,15793.2,15793.9,0.7,798.450014
2026-05-14T12:15:00+00:00,15793.65,15793.7,15791.7,15792.7,15793.4,15793.9,15793.4,15794,15791.5,15791.9,15792.5,15792.9,0.4,1082.790013
2026-05-14T12:20:00+00:00,15792.6,15793.15,15790.6,15791,15792.4,15792.8,15792.9,15793.4,15790.4,15790.8,15790.8,15791.2,0.4,1386.750016
2026-05-14T12:25:00+00:00,15790.9,15793.7,15790.8,15792.45,15790.7,15791.1,15793.6,15793.8,15790.6,15791,15791.7,15793.2,1.5,628.4700105
2026-05-14T12:30:00+00:00,15792.75,15795.6,15791.8,15794.55,15791.7,15793.8,15795.4,15795.8,15791.3,15792.3,15794.3,15794.8,0.5,780.5100124
2026-05-14T12:35:00+00:00,15794.4,15796.35,15794.3,15795.75,15794.1,15794.7,15796.1,15796.6,15794,15794.6,15795.5,15796,0.5,955.8000139
2026-05-14T12:40:00+00:00,15795.65,15797.8,15795.3,15797.6,15795.4,15795.9,15797.5,15798.1,15795.1,15795.5,15797.4,15797.8,0.4,714.1500102
2026-05-14T12:45:00+00:00,15797.35,15797.4,15795.85,15796.05,15797.3,15797.4,15797.3,15797.5,15795.6,15796.1,15795.8,15796.3,0.5,486.2200052
2026-05-14T12:50:00+00:00,15796.05,15797.75,15795.55,15797.05,15795.8,15796.3,15797.5,15798,15795.3,15795.8,15796.8,15797.3,0.5,834.0500108
2026-05-14T12:55:00+00:00,15796.95,15797.7,15795.85,15797.35,15796.8,15797.1,15797.5,15797.9,15795.6,15796.1,15797.1,15797.6,0.5,650.0700059
2026-05-14T13:00:00+00:00,15797.55,15798.75,15796.65,15798.05,15797.5,15797.6,15798.5,15799,15796.4,15796.9,15797.9,15798.2,0.3,880.820013
2026-05-14T13:05:00+00:00,15798.3,15799.35,15797.3,15797.85,15798.1,15798.5,15799.1,15799.6,15797.1,15797.5,15797.6,15798.1,0.5,931.4500132
2026-05-14T13:10:00+00:00,15797.6,15798.15,15795.8,15798.15,15797.4,15797.8,15797.9,15798.4,15795.6,15796,15797.9,15798.4,0.5,1055.680011
2026-05-14T13:15:00+00:00,15798.2,15800.3,15793.35,15798.2,15798,15798.4,15800.2,15800.4,15793.2,15793.5,15797.9,15798.5,0.6,1398.840023
2026-05-14T13:20:00+00:00,15798.25,15799.45,15797,15798.2,15798,15798.5,15799.2,15799.7,15796.7,15797.3,15797.9,15798.5,0.6,1412.730021
2026-05-14T13:25:00+00:00,15798.25,15798.4,15795.75,15796.2,15798,15798.5,15798.1,15798.7,15795.4,15796.1,15795.9,15796.5,0.6,1442.070022
2026-05-14T13:30:00+00:00,15796.35,15799.3,15795.7,15797.05,15796.1,15796.6,15799.2,15799.4,15795.4,15796,15796.8,15797.3,0.5,1657.540021
2026-05-14T13:35:00+00:00,15797.1,15814.45,15797,15811.75,15796.9,15797.3,15814.2,15814.7,15796.7,15797.3,15811.4,15812.1,0.7,3650.860045
2026-05-14T13:40:00+00:00,15812.15,15816.95,15757,15767.2,15812,15812.3,15816.7,15817.2,15756.8,15757.2,15766.3,15768.1,1.8,4628.440063
2026-05-14T13:45:00+00:00,15767.65,15786.5,15731.45,15769.5,15767,15768.3,15785.8,15787.2,15730.7,15732.2,15769.1,15769.9,0.8,9318.200152
2026-05-14T13:50:00+00:00,15769.4,15789.9,15767.3,15785,15769,15769.8,15788.6,15791.2,15766.9,15767.7,15784.7,15785.3,0.6,4193.290075
2026-05-14T13:55:00+00:00,15784.75,15791.1,15778.45,15791.1,15784.5,15785,15790.8,15791.4,15778,15778.9,15790.8,15791.4,0.6,2900.350047
2026-05-14T14:00:00+00:00,15791.3,15794.6,15785.05,15788,15791,15791.6,15794.3,15794.9,15784.7,15785.4,15787.7,15788.3,0.6,3681.410056
2026-05-14T14:05:00+00:00,15788.1,15792.2,15784.45,15790.95,15787.8,15788.4,15791.9,15792.5,15784.1,15784.8,15790.7,15791.2,0.5,2884.280041
2026-05-14T14:10:00+00:00,15791.05,15792.1,15786.25,15786.65,15790.8,15791.3,15791.7,15792.5,15785.9,15786.6,15786.3,15787,0.7,2239.470029
2026-05-14T14:15:00+00:00,15786.9,15789.8,15785.95,15788.6,15786.7,15787.1,15789.5,15790.1,15785.6,15786.3,15788.3,15788.9,0.6,1671.590022
2026-05-14T14:20:00+00:00,15788.55,15791.65,15785.8,15790.8,15788.3,15788.8,15791.3,15792,15785.5,15786.1,15790.5,15791.1,0.6,1739.380025
2026-05-14T14:25:00+00:00,15790.7,15794.45,15790.5,15791.2,15790.4,15791,15794.2,15794.7,15790.2,15790.8,15790.9,15791.5,0.6,2065.580025
2026-05-14T14:30:00+00:00,15791.3,15794.55,15791,15792,15791,15791.6,15794.3,15794.8,15790.7,15791.3,15791.7,15792.3,0.6,928.5100168
2026-05-14T14:35:00+00:00,15791.9,15793.9,15790.9,15792.4,15791.6,15792.2,15793.6,15794.2,15790.6,15791.2,15792.1,15792.7,0.6,1022.800016
2026-05-14T14:40:00+00:00,15792.5,15793.4,15791.25,15792.95,15792.3,15792.7,15793.2,15793.6,15790.8,15791.7,15792.7,15793.2,0.5,1278.700018
2026-05-14T14:45:00+00:00,15793.05,15794.15,15790.9,15792.05,15792.7,15793.4,15793.9,15794.4,15790.6,15791.2,15791.8,15792.3,0.5,1155.460019
2026-05-14T14:50:00+00:00,15792.5,15804.6,15792.5,15803.3,15792.4,15792.6,15804.4,15804.8,15792.4,15792.6,15803.1,15803.5,0.4,3182.340037
2026-05-14T14:55:00+00:00,15803.25,15815.75,15800.4,15815.75,15803.1,15803.4,15815.6,15815.9,15800.2,15800.6,15815.6,15815.9,0.3,6696.010072
2026-05-14T15:00:00+00:00,15815.7,15819.45,15810.35,15815.8,15815.5,15815.9,15819.2,15819.7,15810.2,15810.5,15815.6,15816,0.4,4136.300058
2026-05-14T15:05:00+00:00,15815.95,15817.4,15813.1,15816.75,15815.9,15816,15817.2,15817.6,15812.9,15813.3,15816.5,15817,0.5,1953.570028
2026-05-14T15:10:00+00:00,15816.7,15819.3,15812.25,15814.75,15816.4,15817,15819.1,15819.5,15811.9,15812.6,15814.5,15815,0.5,2027.800025
2026-05-14T15:15:00+00:00,15814.95,15816.65,15813.85,15815.25,15814.8,15815.1,15816.5,15816.8,15813.6,15814.1,15815,15815.5,0.5,1021.350017
2026-05-14T15:20:00+00:00,15815.85,15817.85,15815.2,15817.15,15815.8,15815.9,15817.7,15818,15815,15815.4,15817,15817.3,0.3,862.7000141
2026-05-14T15:25:00+00:00,15817.2,15817.7,15812.8,15814.3,15817,15817.4,15817.5,15817.9,15812.6,15813,15814.1,15814.5,0.4,1153.620014
2026-05-14T15:30:00+00:00,15814.5,15815.35,15811.7,15814.35,15814.4,15814.6,15815.1,15815.6,15811.5,15811.9,15814.1,15814.6,0.5,1344.760019
2026-05-14T15:35:00+00:00,15814.2,15814.2,15810.55,15812.55,15814,15814.4,15814,15814.4,15810.4,15810.7,15812.3,15812.8,0.5,1272.720016
2026-05-14T15:40:00+00:00,15812.65,15813.3,15811.15,15812.75,15812.4,15812.9,15813.1,15813.5,15810.9,15811.4,15812.5,15813,0.5,1323.960014
2026-05-14T15:45:00+00:00,15812.8,15813,15810.15,15810.25,15812.6,15813,15812.8,15813.2,15809.9,15810.4,15810,15810.5,0.5,799.3600109
2026-05-14T15:50:00+00:00,15810.3,15811.3,15808,15808.85,15810.1,15810.5,15811.1,15811.5,15807.8,15808.2,15808.6,15809.1,0.5,507.2400072
2026-05-14T15:55:00+00:00,15808.75,15809.65,15808.15,15808.85,15808.5,15809,15809.5,15809.8,15807.9,15808.4,15808.7,15809,0.3,548.1000071
2026-05-14T16:00:00+00:00,15808.7,15811.65,15808.1,15810.8,15808.6,15808.8,15811.5,15811.8,15807.9,15808.3,15810.6,15811,0.4,1177.650025
2026-05-14T16:05:00+00:00,15810.7,15813.4,15810.4,15812.85,15810.6,15810.8,15813.1,15813.7,15810.3,15810.5,15812.6,15813.1,0.5,631.1000135
2026-05-14T16:10:00+00:00,15812.95,15816,15812.75,15814.45,15812.7,15813.2,15815.8,15816.2,15812.5,15813,15814.2,15814.7,0.5,1200.320024
2026-05-14T16:15:00+00:00,15814.5,15814.5,15810.95,15813.3,15814.2,15814.8,15814.2,15814.8,15810.7,15811.2,15813,15813.6,0.6,1273.950015
2026-05-14T16:20:00+00:00,15813.25,15817.5,15813.05,15816.75,15813,15813.5,15817.3,15817.7,15812.8,15813.3,15816.6,15816.9,0.3,1041.900012
2026-05-14T16:25:00+00:00,15816.75,15819.95,15815.85,15819.4,15816.6,15816.9,15819.7,15820.2,15815.6,15816.1,15819,15819.8,0.8,1296.850016
2026-05-14T16:30:00+00:00,15819.45,15820.25,15817.85,15819.45,15819.1,15819.8,15820.1,15820.4,15817.6,15818.1,15819.2,15819.7,0.5,1565.220021
2026-05-14T16:35:00+00:00,15819.5,15820.2,15817.8,15818.65,15819.3,15819.7,15820,15820.4,15817.6,15818,15818.4,15818.9,0.5,1024.320015
2026-05-14T16:40:00+00:00,15818.55,15820.2,15816.5,15820.2,15818.4,15818.7,15820.1,15820.3,15816.3,15816.7,15820.1,15820.3,0.2,1087.920015
2026-05-14T16:45:00+00:00,15820.2,15820.2,15818,15819.15,15820.1,15820.3,15820.1,15820.3,15817.8,15818.2,15818.9,15819.4,0.5,508.4700118
2026-05-14T16:50:00+00:00,15819.25,15819.3,15816.5,15817.95,15819,15819.5,15819.1,15819.5,15816.2,15816.8,15817.7,15818.2,0.5,697.8000087
2026-05-14T16:55:00+00:00,15818,15818.75,15816.65,15816.95,15817.8,15818.2,15818.5,15819,15816.4,15816.9,15816.5,15817.4,0.9,1245.06001
2026-05-14T17:00:00+00:00,15816.85,15817.1,15814.4,15814.75,15816.6,15817.1,15816.9,15817.3,15814.2,15814.6,15814.5,15815,0.5,1036.83001
2026-05-14T17:05:00+00:00,15814.65,15818.1,15813.6,15816.85,15814.3,15815,15817.9,15818.3,15813.3,15813.9,15816.6,15817.1,0.5,704.5900091
2026-05-14T17:10:00+00:00,15816.95,15818.25,15816.65,15817.95,15816.7,15817.2,15818,15818.5,15816.5,15816.8,15817.8,15818.1,0.3,320.9100064
2026-05-14T17:15:00+00:00,15818,15819.55,15817.45,15819.55,15817.8,15818.2,15819.3,15819.8,15817.2,15817.7,15819.3,15819.8,0.5,401.090009
2026-05-14T17:20:00+00:00,15819.7,15820.05,15817.4,15818.05,15819.5,15819.9,15819.9,15820.2,15817.1,15817.7,15817.9,15818.2,0.3,639.0700083
2026-05-14T17:25:00+00:00,15818,15818.25,15815.6,15816.6,15817.8,15818.2,15818,15818.5,15815.3,15815.9,15816.4,15816.8,0.4,645.4300097
2026-05-14T17:30:00+00:00,15816.5,15818.15,15815.95,15816.75,15816.4,15816.6,15817.9,15818.4,15815.7,15816.2,15816.6,15816.9,0.3,598.9300109
2026-05-14T17:35:00+00:00,15816.85,15817.35,15816.15,15816.75,15816.6,15817.1,15817.1,15817.6,15815.9,15816.4,15816.6,15816.9,0.3,325.6500074
2026-05-14T17:40:00+00:00,15816.8,15817.85,15816.3,15817.35,15816.5,15817.1,15817.6,15818.1,15816,15816.6,15817.1,15817.6,0.5,803.5400115
2026-05-14T17:45:00+00:00,15817.65,15818.8,15817,15817.05,15817.5,15817.8,15818.6,15819,15816.8,15817.2,15816.8,15817.3,0.5,541.9700098
2026-05-14T17:50:00+00:00,15817.1,15819.85,15816.9,15819.55,15816.9,15817.3,15819.6,15820.1,15816.7,15817.1,15819.4,15819.7,0.3,269.7700052
2026-05-14T17:55:00+00:00,15819.5,15820,15819.25,15819.45,15819.4,15819.6,15819.8,15820.2,15819.1,15819.4,15819.3,15819.6,0.3,417.0600083
2026-05-14T18:00:00+00:00,15819.4,15820.25,15818.25,15818.65,15819.1,15819.7,15820.1,15820.4,15818,15818.5,15818.4,15818.9,0.5,1155.080014
2026-05-14T18:05:00+00:00,15818.75,15819.3,15818.45,15819.15,15818.5,15819,15819.1,15819.5,15818.2,15818.7,15819,15819.3,0.3,686.5500079
2026-05-14T18:10:00+00:00,15819.1,15820.1,15818.7,15819.3,15818.9,15819.3,15819.9,15820.3,15818.4,15819,15819.1,15819.5,0.4,595.9500086
2026-05-14T18:15:00+00:00,15819.25,15819.65,15817.95,15818.1,15819,15819.5,15819.4,15819.9,15817.7,15818.2,15817.9,15818.3,0.4,491.2100081
2026-05-14T18:20:00+00:00,15818.05,15818.35,15817,15817.85,15817.8,15818.3,15818.2,15818.5,15816.8,15817.2,15817.6,15818.1,0.5,842.6900098
2026-05-14T18:25:00+00:00,15817.8,15819.25,15817.2,15818.15,15817.6,15818,15819,15819.5,15817,15817.4,15817.9,15818.4,0.5,566.0900078
2026-05-14T18:30:00+00:00,15818.2,15819.55,15817.95,15819.25,15818,15818.4,15819.3,15819.8,15817.7,15818.2,15819.1,15819.4,0.3,351.0700068
2026-05-14T18:35:00+00:00,15819.2,15820.05,15819.15,15819.55,15819,15819.4,15820,15820.1,15818.9,15819.4,15819.4,15819.7,0.3,381.8800077
2026-05-14T18:40:00+00:00,15819.45,15820.45,15818.65,15819.2,15819.2,15819.7,15820.3,15820.6,15818.4,15818.9,15819,15819.4,0.4,552.5100086
2026-05-14T18:45:00+00:00,15819.45,15819.5,15818.85,15819.15,15819.3,15819.6,15819.3,15819.7,15818.7,15819,15818.9,15819.4,0.5,137.8500028
2026-05-14T18:50:00+00:00,15819.1,15820.1,15819,15820.05,15818.9,15819.3,15819.9,15820.3,15818.7,15819.3,15819.8,15820.3,0.5,270.8600023
2026-05-14T18:55:00+00:00,15820.1,15820.1,15818.2,15818.65,15819.9,15820.3,15819.9,15820.3,15818,15818.4,15818.4,15818.9,0.5,678.7500086
2026-05-14T19:00:00+00:00,15818.55,15818.85,15817.2,15817.8,15818.4,15818.7,15818.6,15819.1,15817,15817.4,15817.6,15818,0.4,828.3400049
2026-05-14T19:05:00+00:00,15817.85,15819.3,15817.55,15819.15,15817.6,15818.1,15819.1,15819.5,15817.3,15817.8,15819,15819.3,0.3,589.7600101
2026-05-14T19:10:00+00:00,15819.2,15820.2,15819.05,15819.7,15819.1,15819.3,15820,15820.4,15818.8,15819.3,15819.5,15819.9,0.4,679.7500041
2026-05-14T19:15:00+00:00,15819.75,15830.25,15819.4,15827.8,15819.5,15820,15830.1,15830.4,15819.1,15819.7,15827.6,15828,0.4,1768.790022
2026-05-14T19:20:00+00:00,15827.75,15827.9,15825.4,15826.55,15827.5,15828,15827.6,15828.2,15825.2,15825.6,15826.3,15826.8,0.5,1595.960016
2026-05-14T19:25:00+00:00,15826.6,15829.2,15826.55,15829.2,15826.4,15826.8,15828.9,15829.5,15826.3,15826.8,15828.9,15829.5,0.6,900.3000093
2026-05-14T19:30:00+00:00,15829.25,15830.2,15827.85,15829.3,15829,15829.5,15830,15830.4,15827.6,15828.1,15829,15829.6,0.6,844.4100077
2026-05-14T19:35:00+00:00,15829.4,15830.25,15828.95,15830,15829.1,15829.7,15830.1,15830.4,15828.6,15829.3,15829.8,15830.2,0.4,839.9400084
2026-05-14T19:40:00+00:00,15830.05,15838.4,15830,15832.7,15829.9,15830.2,15838.2,15838.6,15829.8,15830.2,15832.4,15833,0.6,2011.280022
2026-05-14T19:45:00+00:00,15833.25,15835.85,15832.3,15834.5,15833.2,15833.3,15835.6,15836.1,15832.1,15832.5,15834.2,15834.8,0.6,1387.280011
2026-05-14T19:50:00+00:00,15834.55,15836.4,15833.9,15835.25,15834.3,15834.8,15836.2,15836.6,15833.6,15834.2,15835,15835.5,0.5,1015.590012
2026-05-14T19:55:00+00:00,15835.05,15838.2,15835.05,15835.85,15834.8,15835.3,15838,15838.4,15834.8,15835.3,15835.7,15836,0.3,1348.680019
2026-05-14T20:00:00+00:00,15835.9,15838.25,15834.65,15838.15,15835.7,15836.1,15838,15838.5,15834.3,15835,15837.8,15838.5,0.7,818.0700179
2026-05-14T20:05:00+00:00,15838.15,15838.55,15836.85,15837.2,15837.8,15838.5,15838.2,15838.9,15836.5,15837.2,15836.8,15837.6,0.8,250.2600033
2026-05-14T20:10:00+00:00,15837.4,15838.55,15836.8,15838.3,15837.1,15837.7,15838.2,15838.9,15836.5,15837.1,15837.9,15838.7,0.8,158.5400029
2026-05-14T20:15:00+00:00,15838.2,15838.45,15837.35,15838.3,15837.9,15838.5,15838.2,15838.7,15837.1,15837.6,15838.1,15838.5,0.4,280.8700051
2026-05-14T20:20:00+00:00,15838.25,15839.3,15838.1,15839.3,15838,15838.5,15839.1,15839.5,15837.9,15838.3,15839.1,15839.5,0.4,153.3400028
2026-05-14T20:25:00+00:00,15839.1,15839.25,15838.15,15838.65,15838.9,15839.3,15839,15839.5,15837.9,15838.4,15838.4,15838.9,0.5,233.1000025
2026-05-14T20:30:00+00:00,15838.55,15839.4,15838.4,15839.15,15838.4,15838.7,15839.1,15839.7,15838.1,15838.7,15839,15839.3,0.3,177.1400034
2026-05-14T20:35:00+00:00,15839.1,15840.1,15838.9,15839.35,15838.9,15839.3,15840,15840.2,15838.7,15839.1,15839.2,15839.5,0.3,304.4000052
2026-05-14T20:40:00+00:00,15839.3,15842.25,15838.75,15842.15,15839.1,15839.5,15841.9,15842.6,15838.5,15839,15841.9,15842.4,0.5,505.740007
2026-05-14T20:45:00+00:00,15842,15842.15,15840.7,15841.5,15841.8,15842.2,15841.8,15842.5,15840.3,15841.1,15841.2,15841.8,0.6,216.290004
2026-05-14T20:50:00+00:00,15841.4,15841.7,15839.95,15840.45,15841.1,15841.7,15841.4,15842,15839.6,15840.3,15840.1,15840.8,0.7,244.2700056
2026-05-14T20:55:00+00:00,15840.3,15840.75,15836.1,15836.25,15839.8,15840.8,15840.2,15841.3,15834.2,15838,15834.2,15838.3,4.1,875.5200019
2026-05-14T21:00:00+00:00,15835.2,15836.2,15832.95,15835.2,15831.5,15838.9,15831.5,15840.9,15828.7,15837.2,15830,15840.4,10.4,25.90999949
2026-05-14T21:05:00+00:00,15835.4,15836.6,15834.5,15836.05,15830.3,15840.5,15832.6,15840.6,15829.9,15839.1,15831.8,15840.3,8.5,42.90000069
2026-05-14T21:10:00+00:00,15836.15,15836.15,15835.5,15835.5,15831.8,15840.5,15831.8,15840.5,15830.9,15840.1,15830.9,15840.1,9.2,24.00000095
2026-05-14T21:15:00+00:00,15835.1,15836.1,15832.05,15833.4,15830.8,15839.4,15832.8,15839.4,15828.6,15835.5,15830.9,15835.9,5,124.8799999
2026-05-14T21:20:00+00:00,15833.35,15836.5,15832.2,15833.2,15830.9,15835.8,15833.1,15839.9,15829.3,15835.1,15830.4,15836,5.6,231.3000036
2026-05-14T21:25:00+00:00,15833.25,15834.6,15830.25,15833.1,15830.5,15836,15832.1,15837.1,15826.1,15834.4,15830.3,15835.9,5.6,179.5500032
2026-05-14T21:30:00+00:00,15833,15834.5,15829.45,15832.1,15830.3,15835.7,15831.9,15837.1,15826.4,15832.5,15828.8,15835.4,6.6,305.8500059
2026-05-14T21:35:00+00:00,15832.05,15832.95,15830,15831.8,15828.7,15835.4,15828.9,15837,15826.5,15833.5,15827.8,15835.8,8,244.9500055
2026-05-14T21:40:00+00:00,15832.1,15837.35,15832.1,15836.7,15828.5,15835.7,15835.4,15839.3,15828.5,15835.7,15834.8,15838.6,3.8,217.290004
2026-05-14T21:45:00+00:00,15836.8,15837.35,15836.45,15837.15,15834.9,15838.7,15835.6,15839.1,15834.7,15838.2,15835.6,15838.7,3.1,51.00000191
2026-05-14T21:50:00+00:00,15837.25,15837.75,15837.05,15837.4,15835.6,15838.9,15836.3,15839.2,15835.4,15838.7,15835.7,15839.1,3.4,76.65000176
2026-05-14T21:55:00+00:00,15837.15,15837.2,15832.25,15834.75,15835.4,15838.9,15835.5,15838.9,15831.5,15833,15832.3,15837.2,4.9,337.1799971
2026-05-14T22:00:00+00:00,15835,15838.45,15832.1,15836.6,15833.2,15836.8,15837.7,15839.2,15831,15833.2,15836.1,15837.1,1,155.6199969
2026-05-14T22:05:00+00:00,15836.95,15837.15,15834.55,15835.65,15836.2,15837.7,15836.4,15837.9,15834.1,15835,15835.2,15836.1,0.9,157.3300024
2026-05-14T22:10:00+00:00,15835.6,15839.45,15835.4,15839.05,15835.1,15836.1,15839,15839.9,15835,15835.8,15838.6,15839.5,0.9,206.7500042
2026-05-14T22:15:00+00:00,15838.95,15838.95,15836.5,15838.35,15838.5,15839.4,15838.5,15839.4,15836.2,15836.8,15837.9,15838.8,0.9,202.2600048
2026-05-14T22:20:00+00:00,15838.3,15838.8,15837.1,15837.85,15837.9,15838.7,15838.7,15838.9,15836.7,15837.5,15837.4,15838.3,0.9,70.50000143
2026-05-14T22:25:00+00:00,15837.95,15838.05,15836.9,15837,15837.6,15838.3,15837.6,15838.5,15836.5,15837.3,15836.6,15837.4,0.8,69.00000191
2026-05-14T22:30:00+00:00,15837.05,15839.4,15837.05,15839.3,15836.6,15837.5,15839,15839.8,15836.6,15837.5,15838.9,15839.7,0.8,136.5500027
2026-05-14T22:35:00+00:00,15839.2,15839.2,15837.7,15838,15838.8,15839.6,15838.8,15839.6,15837.3,15838.1,15837.6,15838.4,0.8,95.76000166
2026-05-14T22:40:00+00:00,15838.2,15838.2,15836.9,15837.9,15837.8,15838.6,15837.8,15838.6,15836.5,15837.3,15837.5,15838.3,0.8,52.87000132
2026-05-14T22:45:00+00:00,15838,15838.6,15837.65,15837.95,15837.6,15838.4,15838.2,15839,15837.1,15838.2,15837.5,15838.4,0.9,97.9600023
2026-05-14T22:50:00+00:00,15837.85,15838.55,15836.65,15836.95,15837.4,15838.3,15838.2,15838.9,15836.3,15837,15836.5,15837.4,0.9,180.2200035
2026-05-14T22:55:00+00:00,15837,15838.05,15836.6,15837.7,15836.6,15837.4,15837.7,15838.4,15836.2,15837,15837.2,15838.2,1,164.4700027
2026-05-14T23:00:00+00:00,15837.75,15838.2,15836.75,15838.2,15837.3,15838.2,15837.8,15838.6,15836.4,15837.1,15837.8,15838.6,0.8,73.35000169
2026-05-14T23:05:00+00:00,15838.25,15839.2,15837.8,15839.2,15837.9,15838.6,15838.8,15839.6,15837.4,15838.2,15838.8,15839.6,0.8,201.2000041
2026-05-14T23:10:00+00:00,15839.65,15843.45,15839.65,15842.7,15839.3,15840,15843.2,15843.7,15839.3,15840,15842.3,15843.1,0.8,371.7600021
2026-05-14T23:15:00+00:00,15842.75,15844.1,15841.3,15843,15842.4,15843.1,15843.8,15844.4,15841.1,15841.5,15842.7,15843.3,0.6,431.4300083
2026-05-14T23:20:00+00:00,15842.95,15844,15842.9,15843.1,15842.6,15843.3,15843.8,15844.2,15842.6,15843.2,15842.8,15843.4,0.6,152.7700021
2026-05-14T23:25:00+00:00,15842.95,15843,15840.95,15841,15842.7,15843.2,15842.7,15843.3,15840.6,15841.3,15840.7,15841.3,0.6,249.5100033
2026-05-14T23:30:00+00:00,15841.25,15841.65,15840.6,15840.75,15841.1,15841.4,15841.3,15842,15840.3,15840.9,15840.5,15841,0.5,325.9500035
2026-05-14T23:35:00+00:00,15840.65,15841.35,15840.4,15840.75,15840.2,15841.1,15841.1,15841.6,15840.1,15840.7,15840.5,15841,0.5,114.9000014
2026-05-14T23:40:00+00:00,15840.8,15841.7,15839.3,15839.5,15840.5,15841.1,15841.4,15842,15839,15839.6,15839.2,15839.8,0.6,180.8200016
2026-05-14T23:45:00+00:00,15839.6,15840.5,15833.55,15833.65,15839.3,15839.9,15840.2,15840.8,15833.2,15833.9,15833.3,15834,0.7,805.5000154
2026-05-14T23:50:00+00:00,15833.6,15835.65,15832.5,15832.8,15833.3,15833.9,15835.3,15836,15832.3,15832.7,15832.6,15833,0.4,711.5900105
2026-05-14T23:55:00+00:00,15833.1,15838.3,15833.1,15838.3,15833,15833.2,15838,15838.6,15833,15833.2,15838,15838.6,0.6,473.1300054
2026-05-15T00:00:00+00:00,15838.45,15841.8,15836.85,15839.75,15838.1,15838.8,15841.5,15842.1,15836.6,15837.1,15839.5,15840,0.5,992.7100217
2026-05-15T00:05:00+00:00,15839.7,15839.7,15836.55,15838.3,15839.4,15840,15839.4,15840,15836.3,15836.8,15838,15838.6,0.6,737.8800125
2026-05-15T00:10:00+00:00,15838.15,15839,15835.3,15837.95,15837.9,15838.4,15838.7,15839.3,15835.2,15835.4,15837.8,15838.1,0.3,796.6400084
2026-05-15T00:15:00+00:00,15838,15838.05,15832.7,15836.8,15837.9,15838.1,15837.9,15838.2,15832.5,15832.9,15836.5,15837.1,0.6,1323.610023
2026-05-15T00:20:00+00:00,15836.55,15839.1,15835.8,15838.2,15836.3,15836.8,15838.8,15839.4,15835.5,15836.1,15837.8,15838.6,0.8,1825.260032
2026-05-15T00:25:00+00:00,15838.2,15840.95,15837.95,15839.3,15837.9,15838.5,15840.7,15841.2,15837.7,15838.2,15839.1,15839.5,0.4,1003.970013
2026-05-15T00:30:00+00:00,15839.25,15842.95,15839,15841.8,15839.1,15839.4,15842.7,15843.2,15838.7,15839.3,15841.6,15842,0.4,467.5400094
2026-05-15T00:35:00+00:00,15841.95,15845.1,15841.5,15842.55,15841.7,15842.2,15845,15845.2,15841.3,15841.7,15842.3,15842.8,0.5,502.5200089
2026-05-15T00:40:00+00:00,15842.6,15845,15842.6,15844.25,15842.4,15842.8,15844.8,15845.2,15842.4,15842.8,15844,15844.5,0.5,431.9900086
2026-05-15T00:45:00+00:00,15844.2,15845.9,15843.6,15845.75,15844,15844.4,15845.6,15846.2,15843.4,15843.8,15845.5,15846,0.5,264.2000055
2026-05-15T00:50:00+00:00,15845.9,15849.95,15845.75,15848.5,15845.6,15846.2,15849.7,15850.2,15845.5,15846,15848.4,15848.6,0.2,1433.400022
2026-05-15T00:55:00+00:00,15848.35,15851.5,15844.2,15847.15,15848.2,15848.5,15851.2,15851.8,15843.9,15844.5,15846.9,15847.4,0.5,1990.740032
2026-05-15T01:00:00+00:00,15847.1,15848.6,15844.55,15847.05,15847,15847.2,15848.3,15848.9,15844.3,15844.8,15846.9,15847.2,0.3,1081.010017
2026-05-15T01:05:00+00:00,15847.25,15848.35,15845.25,15845.35,15846.9,15847.6,15848.1,15848.6,15844.9,15845.6,15845,15845.7,0.7,683.2800105
2026-05-15T01:10:00+00:00,15845.45,15847.05,15844.75,15846.5,15845.3,15845.6,15846.8,15847.3,15844.5,15845,15846.1,15846.9,0.8,754.3400168
2026-05-15T01:15:00+00:00,15846.65,15848.7,15846.4,15846.8,15846.3,15847,15848.5,15848.9,15846.2,15846.6,15846.6,15847,0.4,957.5400183
2026-05-15T01:20:00+00:00,15846.95,15853.2,15843.95,15848.5,15846.7,15847.2,15852.9,15853.5,15843.7,15844.2,15848.2,15848.8,0.6,1613.510023
2026-05-15T01:25:00+00:00,15848.9,15856.6,15848.3,15855.2,15848.6,15849.2,15856.2,15857,15848,15848.6,15854.9,15855.5,0.6,1504.280025
2026-05-15T01:30:00+00:00,15855.15,15855.6,15842.6,15845.25,15854.8,15855.5,15855.4,15855.8,15842.3,15842.9,15844.9,15845.6,0.7,2682.720042
2026-05-15T01:35:00+00:00,15845.05,15848.35,15843.5,15845.7,15844.8,15845.3,15848.1,15848.6,15843.3,15843.7,15845.3,15846.1,0.8,1339.150018
2026-05-15T01:40:00+00:00,15845.5,15846.85,15842.8,15845.7,15845.2,15845.8,15846.6,15847.1,15842.6,15843,15845.4,15846,0.6,1182.490015
2026-05-15T01:45:00+00:00,15845.6,15850.4,15844.75,15849.5,15845.4,15845.8,15850.1,15850.7,15844.5,15845,15849.3,15849.7,0.4,996.0400156
2026-05-15T01:50:00+00:00,15849.4,15850.8,15848.85,15849.1,15849.1,15849.7,15850.6,15851,15848.6,15849.1,15848.9,15849.3,0.4,640.820007
2026-05-15T01:55:00+00:00,15849.2,15853.4,15848.9,15853.05,15848.9,15849.5,15853.2,15853.6,15848.7,15849.1,15852.9,15853.2,0.3,837.4000099
2026-05-15T02:00:00+00:00,15853.1,15859,15852.45,15854.4,15852.9,15853.3,15858.7,15859.3,15852.2,15852.7,15854.1,15854.7,0.6,1717.400031
2026-05-15T02:05:00+00:00,15854.45,15855.25,15853,15853,15854.2,15854.7,15855,15855.5,15852.8,15853.2,15852.8,15853.2,0.4,635.7700123
2026-05-15T02:10:00+00:00,15853.15,15853.5,15851.5,15852.15,15852.9,15853.4,15853.3,15853.7,15851.3,15851.7,15851.9,15852.4,0.5,417.1500069
2026-05-15T02:15:00+00:00,15852.2,15853.3,15851.35,15851.5,15852,15852.4,15853,15853.6,15851.1,15851.6,15851.3,15851.7,0.4,593.1000098
2026-05-15T02:20:00+00:00,15851.65,15852.9,15851.2,15851.8,15851.4,15851.9,15852.6,15853.2,15851,15851.4,15851.6,15852,0.4,344.2100071
2026-05-15T02:25:00+00:00,15851.9,15852.7,15848.05,15851,15851.7,15852.1,15852.5,15852.9,15847.8,15848.3,15850.8,15851.2,0.4,580.0100111
2026-05-15T02:30:00+00:00,15851.15,15852.35,15848.05,15848.05,15850.9,15851.4,15852.1,15852.6,15847.8,15848.3,15847.8,15848.3,0.5,437.7600095
2026-05-15T02:35:00+00:00,15848.1,15849.55,15846.25,15849.2,15847.8,15848.4,15849.3,15849.8,15845.9,15846.6,15848.9,15849.5,0.6,409.4800061
2026-05-15T02:40:00+00:00,15849.05,15849.3,15846.8,15847,15848.8,15849.3,15849.1,15849.5,15846.5,15847.1,15846.8,15847.2,0.4,344.0800053
2026-05-15T02:45:00+00:00,15846.85,15848.3,15846.85,15847.75,15846.6,15847.1,15848.1,15848.5,15846.6,15847.1,15847.6,15847.9,0.3,254.2200055
2026-05-15T02:50:00+00:00,15847.8,15848.4,15844.4,15848.05,15847.7,15847.9,15848.2,15848.6,15844.2,15844.6,15847.9,15848.2,0.3,1389.850026
2026-05-15T02:55:00+00:00,15848,15852.8,15847.15,15852.65,15847.8,15848.2,15852.5,15853.1,15847,15847.3,15852.4,15852.9,0.5,398.2600071
2026-05-15T03:00:00+00:00,15852.7,15852.95,15848.85,15850.4,15852.5,15852.9,15852.7,15853.2,15848.6,15849.1,15850.1,15850.7,0.6,405.0900097
2026-05-15T03:05:00+00:00,15850.3,15853.1,15849.55,15851.6,15850.1,15850.5,15852.8,15853.4,15849.4,15849.7,15851.3,15851.9,0.6,598.4700139
2026-05-15T03:10:00+00:00,15851.75,15853.4,15850.25,15852.8,15851.5,15852,15853.2,15853.6,15850,15850.5,15852.6,15853,0.4,226.3500042
2026-05-15T03:15:00+00:00,15852.95,15853.3,15851.4,15852.2,15852.6,15853.3,15853.1,15853.5,15851.1,15851.7,15852,15852.4,0.4,433.0600096
2026-05-15T03:20:00+00:00,15852.25,15853.05,15851.55,15851.95,15852.1,15852.4,15852.8,15853.3,15851.3,15851.8,15851.8,15852.1,0.3,249.9600061
2026-05-15T03:25:00+00:00,15851.9,15852.1,15850.5,15850.65,15851.7,15852.1,15851.9,15852.3,15850.3,15850.7,15850.5,15850.8,0.3,287.1000068
2026-05-15T03:30:00+00:00,15850.6,15850.65,15849.15,15849.5,15850.3,15850.9,15850.4,15850.9,15849,15849.3,15849.3,15849.7,0.4,398.730008
2026-05-15T03:35:00+00:00,15849.45,15850.4,15847.95,15849.2,15849.3,15849.6,15850.1,15850.7,15847.7,15848.2,15848.9,15849.5,0.6,411.6300049
2026-05-15T03:40:00+00:00,15849.05,15850.65,15848.65,15850.4,15848.8,15849.3,15850.4,15850.9,15848.4,15848.9,15850.1,15850.7,0.6,324.2400045
2026-05-15T03:45:00+00:00,15850.3,15850.5,15848.15,15848.3,15850,15850.6,15850.2,15850.8,15848,15848.3,15848.1,15848.5,0.4,469.1100084
2026-05-15T03:50:00+00:00,15848.2,15850.65,15847.95,15849.25,15847.9,15848.5,15850.3,15851,15847.7,15848.2,15849.1,15849.4,0.3,370.3300041
2026-05-15T03:55:00+00:00,15849.2,15850.15,15848.75,15848.85,15849.1,15849.3,15849.9,15850.4,15848.5,15849,15848.5,15849.2,0.7,359.8200055
2026-05-15T04:00:00+00:00,15849.1,15850.4,15848.15,15849.2,15848.9,15849.3,15850.2,15850.6,15847.9,15848.4,15848.9,15849.5,0.6,415.0100042
2026-05-15T04:05:00+00:00,15849.05,15849.2,15848.05,15849.15,15848.9,15849.2,15849,15849.4,15847.8,15848.3,15848.9,15849.4,0.5,221.9700037
2026-05-15T04:10:00+00:00,15849.05,15849.4,15847.95,15848.2,15848.8,15849.3,15849.2,15849.6,15847.7,15848.2,15847.9,15848.5,0.6,123.000002
2026-05-15T04:15:00+00:00,15848.15,15849.35,15847.9,15849.25,15847.9,15848.4,15849.1,15849.6,15847.6,15848.2,15849,15849.5,0.5,132.9300029
2026-05-15T04:20:00+00:00,15849.15,15849.4,15849.1,15849.15,15848.9,15849.4,15849.2,15849.6,15848.9,15849.3,15848.9,15849.4,0.5,67.80000162
2026-05-15T04:25:00+00:00,15849.25,15850.2,15849.25,15850.1,15849,15849.5,15849.9,15850.5,15849,15849.5,15849.8,15850.4,0.6,192.260004
2026-05-15T04:30:00+00:00,15850.15,15851.45,15849.95,15850.75,15849.8,15850.5,15851.2,15851.7,15849.6,15850.3,15850.5,15851,0.5,387.3500088
2026-05-15T04:35:00+00:00,15850.55,15851.25,15849.65,15850.45,15850.3,15850.8,15851,15851.5,15849.5,15849.8,15850.2,15850.7,0.5,263.1100061
2026-05-15T04:40:00+00:00,15850.6,15851.7,15850.2,15851.5,15850.4,15850.8,15851.4,15852,15849.9,15850.5,15851.3,15851.7,0.4,453.4100064
2026-05-15T04:45:00+00:00,15851.55,15852.5,15850.25,15850.6,15851.3,15851.8,15852.3,15852.7,15850,15850.5,15850.4,15850.8,0.4,723.0900085
2026-05-15T04:50:00+00:00,15850.7,15852.2,15849.1,15850.25,15850.5,15850.9,15851.9,15852.5,15848.9,15849.3,15849.8,15850.7,0.9,1031.63001
2026-05-15T04:55:00+00:00,15850.2,15851.95,15850.05,15851.9,15849.8,15850.6,15851.7,15852.2,15849.7,15850.4,15851.6,15852.2,0.6,481.0400035
2026-05-15T05:00:00+00:00,15851.95,15853.55,15851.7,15852.7,15851.7,15852.2,15853.3,15853.8,15851.4,15852,15852.4,15853,0.6,444.4000075
2026-05-15T05:05:00+00:00,15852.65,15856.7,15852.25,15855.9,15852.4,15852.9,15856.4,15857,15851.9,15852.6,15855.6,15856.2,0.6,814.360015
2026-05-15T05:10:00+00:00,15856.05,15857.8,15855.85,15856.8,15855.9,15856.2,15857.5,15858.1,15855.6,15856.1,15856.4,15857.2,0.8,652.4600105
2026-05-15T05:15:00+00:00,15856.8,15859.05,15855.4,15857.85,15856.5,15857.1,15858.7,15859.4,15855.1,15855.7,15857.6,15858.1,0.5,632.3600086
2026-05-15T05:20:00+00:00,15857.5,15858.05,15856.45,15856.9,15857.4,15857.6,15857.8,15858.3,15856.1,15856.8,15856.7,15857.1,0.4,407.7900082
2026-05-15T05:25:00+00:00,15857.05,15857.15,15852.75,15852.95,15856.9,15857.2,15857,15857.3,15852.5,15853,15852.7,15853.2,0.5,542.1700112
2026-05-15T05:30:00+00:00,15852.9,15855.85,15852.85,15854.6,15852.7,15853.1,15855.7,15856,15852.6,15853.1,15854.3,15854.9,0.6,910.5600137
2026-05-15T05:35:00+00:00,15854.65,15856.25,15853.8,15855.3,15854.4,15854.9,15856,15856.5,15853.5,15854.1,15855,15855.6,0.6,940.1400148
2026-05-15T05:40:00+00:00,15855.35,15858.1,15855.15,15857.75,15855.2,15855.5,15857.9,15858.3,15854.9,15855.4,15857.6,15857.9,0.3,578.8000127
2026-05-15T05:45:00+00:00,15857.85,15864.6,15857.8,15861.9,15857.6,15858.1,15864.5,15864.7,15857.6,15858,15861.6,15862.2,0.6,2226.13003
2026-05-15T05:50:00+00:00,15861.95,15863.35,15859.3,15860.6,15861.6,15862.3,15863.1,15863.6,15859,15859.6,15860.3,15860.9,0.6,1276.640016
2026-05-15T05:55:00+00:00,15860.65,15861.1,15858,15861.1,15860.3,15861,15860.8,15861.4,15857.8,15858.2,15860.8,15861.4,0.6,1255.370013
2026-05-15T06:00:00+00:00,15861.4,15867.3,15860.1,15866.15,15861.3,15861.5,15867,15867.6,15859.8,15860.4,15865.8,15866.5,0.7,1179.990016
2026-05-15T06:05:00+00:00,15866.7,15867.55,15861.55,15862.15,15866.6,15866.8,15867.3,15867.8,15861.4,15861.7,15861.9,15862.4,0.5,1686.920027
2026-05-15T06:10:00+00:00,15862.3,15862.65,15856.25,15856.45,15862.1,15862.5,15862.4,15862.9,15856,15856.5,15856.2,15856.7,0.5,2152.240033
2026-05-15T06:15:00+00:00,15856.5,15859.25,15854.55,15857.3,15856.2,15856.8,15859,15859.5,15854.3,15854.8,15857.1,15857.5,0.4,1424.310019
2026-05-15T06:20:00+00:00,15857.3,15861.15,15855.75,15859.55,15857.1,15857.5,15860.9,15861.4,15855.5,15856,15859.3,15859.8,0.5,929.240014
2026-05-15T06:25:00+00:00,15859.45,15860.75,15856.6,15858.95,15859.2,15859.7,15860.5,15861,15856.4,15856.8,15858.7,15859.2,0.5,1092.560021
2026-05-15T06:30:00+00:00,15859.15,15860.35,15849.15,15850.45,15858.9,15859.4,15860.1,15860.6,15848.9,15849.4,15850.2,15850.7,0.5,1548.180029
2026-05-15T06:35:00+00:00,15850.5,15850.6,15846.05,15848.2,15850.3,15850.7,15850.3,15850.9,15845.7,15846.4,15848,15848.4,0.4,1153.740021
2026-05-15T06:40:00+00:00,15848.3,15851.55,15843.35,15845.55,15848.1,15848.5,15851.4,15851.7,15843.2,15843.5,15845.3,15845.8,0.5,966.8300195
2026-05-15T06:45:00+00:00,15845.65,15846.45,15843.1,15843.6,15845.5,15845.8,15846.3,15846.6,15843,15843.2,15843.3,15843.9,0.6,1011.550024
2026-05-15T06:50:00+00:00,15843.5,15849.2,15843.2,15846.95,15843.4,15843.6,15849,15849.4,15843.1,15843.3,15846.8,15847.1,0.3,1461.280023
2026-05-15T06:55:00+00:00,15847,15847.05,15843.3,15843.35,15846.8,15847.2,15846.8,15847.3,15843.1,15843.5,15843.1,15843.6,0.5,985.350019
2026-05-15T07:00:00+00:00,15843.45,15848.45,15842.95,15843.5,15843.2,15843.7,15848.2,15848.7,15842.7,15843.2,15843.3,15843.7,0.4,1505.710028
2026-05-15T07:05:00+00:00,15843.6,15843.6,15838.4,15839.6,15843.3,15843.9,15843.3,15843.9,15838.2,15838.6,15839.4,15839.8,0.4,1065.600019
2026-05-15T07:10:00+00:00,15839.75,15841.95,15837.75,15841.85,15839.5,15840,15841.8,15842.1,15837.5,15838,15841.7,15842,0.3,533.850011
2026-05-15T07:15:00+00:00,15841.95,15845.7,15841.25,15842.65,15841.8,15842.1,15845.5,15845.9,15841,15841.5,15842.4,15842.9,0.5,610.0000138
2026-05-15T07:20:00+00:00,15842.55,15842.65,15835.2,15836.75,15842.3,15842.8,15842.4,15842.9,15835,15835.4,15836.5,15837,0.5,1029.600019
2026-05-15T07:25:00+00:00,15836.7,15842,15836.45,15837.95,15836.6,15836.8,15841.8,15842.2,15836.4,15836.5,15837.7,15838.2,0.5,868.7700169
2026-05-15T07:30:00+00:00,15837.9,15839.25,15836.6,15836.8,15837.7,15838.1,15839,15839.5,15836.3,15836.9,15836.6,15837,0.4,898.2900119
2026-05-15T07:35:00+00:00,15836.85,15839.25,15836.2,15837.8,15836.6,15837.1,15838.9,15839.6,15835.9,15836.5,15837.5,15838.1,0.6,1321.86001
2026-05-15T07:40:00+00:00,15837.85,15840.9,15837.8,15840.5,15837.6,15838.1,15840.6,15841.2,15837.5,15838.1,15840.3,15840.7,0.4,1641.930011
2026-05-15T07:45:00+00:00,15840.55,15845.95,15840.55,15845.9,15840.2,15840.9,15845.6,15846.3,15840.2,15840.9,15845.6,15846.2,0.6,942.6300142
2026-05-15T07:50:00+00:00,15845.7,15846.15,15842.35,15842.55,15845.4,15846,15845.9,15846.4,15842.1,15842.6,15842.3,15842.8,0.5,924.730011
2026-05-15T07:55:00+00:00,15842.5,15844.9,15839.2,15844.9,15842.3,15842.7,15844.6,15845.2,15839,15839.4,15844.6,15845.2,0.6,1255.510015
2026-05-15T08:00:00+00:00,15844.5,15846,15842.7,15844.45,15844.4,15844.6,15845.8,15846.2,15842.6,15842.8,15844.2,15844.7,0.5,1354.250012
2026-05-15T08:05:00+00:00,15844.6,15845.4,15843.35,15844.4,15844.4,15844.8,15845.2,15845.6,15843.1,15843.6,15844.1,15844.7,0.6,1013.470012
2026-05-15T08:10:00+00:00,15844.35,15848.75,15844,15846.75,15844.1,15844.6,15848.5,15849,15843.8,15844.2,15846.5,15847,0.5,1119.620013
2026-05-15T08:15:00+00:00,15846.65,15849.9,15845.85,15847.35,15846.5,15846.8,15849.7,15850.1,15845.6,15846.1,15847.1,15847.6,0.5,1300.130016
2026-05-15T08:20:00+00:00,15847.4,15848.3,15846.65,15846.75,15847.1,15847.7,15848,15848.6,15846.4,15846.9,15846.5,15847,0.5,770.070006
2026-05-15T08:25:00+00:00,15846.85,15848.25,15844.05,15847.75,15846.6,15847.1,15848,15848.5,15843.9,15844.2,15847.5,15848,0.5,985.2500142
2026-05-15T08:30:00+00:00,15847.85,15849.25,15840.55,15841.8,15847.6,15848.1,15849,15849.5,15840.2,15840.9,15841.6,15842,0.4,1360.660019
2026-05-15T08:35:00+00:00,15841.7,15844.9,15840.4,15844.9,15841.6,15841.8,15844.6,15845.2,15840.1,15840.7,15844.6,15845.2,0.6,1276.070026
2026-05-15T08:40:00+00:00,15844.85,15848.4,15843.65,15845.2,15844.6,15845.1,15848.2,15848.6,15843.4,15843.9,15844.8,15845.6,0.8,1647.080021
2026-05-15T08:45:00+00:00,15844.95,15847.75,15844.4,15847,15844.7,15845.2,15847.5,15848,15844.2,15844.6,15846.7,15847.3,0.6,1458.180016
2026-05-15T08:50:00+00:00,15847.05,15854.5,15847.05,15854.45,15846.7,15847.4,15854.3,15854.7,15846.7,15847.4,15854.2,15854.7,0.5,1197.420021
2026-05-15T08:55:00+00:00,15854.55,15857.7,15854.45,15856.55,15854.3,15854.8,15857.5,15857.9,15854.2,15854.7,15856.3,15856.8,0.5,1109.85001
2026-05-15T09:00:00+00:00,15856.25,15857.6,15854.85,15857.15,15856,15856.5,15857.4,15857.8,15854.6,15855.1,15857,15857.3,0.3,1138.430016
2026-05-15T09:05:00+00:00,15857,15860.4,15856.1,15859.75,15856.7,15857.3,15860.3,15860.5,15855.8,15856.4,15859.5,15860,0.5,2121.970027
2026-05-15T09:10:00+00:00,15860,15860.2,15853.3,15855.5,15859.7,15860.3,15860,15860.4,15853,15853.6,15855.2,15855.8,0.6,2948.050035
2026-05-15T09:15:00+00:00,15855.5,15856.35,15851.85,15852.25,15855.2,15855.8,15856.1,15856.6,15851.6,15852.1,15852,15852.5,0.5,2190.660023
2026-05-15T09:20:00+00:00,15852.3,15855.85,15851.75,15852.8,15852,15852.6,15855.6,15856.1,15851.5,15852,15852.4,15853.2,0.8,1720.560016
2026-05-15T09:25:00+00:00,15852.65,15852.95,15849.85,15851.2,15852.4,15852.9,15852.7,15853.2,15849.6,15850.1,15850.9,15851.5,0.6,1696.300018
2026-05-15T09:30:00+00:00,15851.25,15851.55,15846.7,15850.65,15851,15851.5,15851.3,15851.8,15846.5,15846.9,15850.4,15850.9,0.5,1869.070025
2026-05-15T09:35:00+00:00,15850.7,15854.5,15849,15852.35,15850.4,15851,15854.2,15854.8,15848.8,15849.2,15852,15852.7,0.7,1875.990018
2026-05-15T09:40:00+00:00,15852.2,15852.7,15850.2,15851.05,15851.9,15852.5,15852.5,15852.9,15850.1,15850.3,15850.8,15851.3,0.5,1283.730011
2026-05-15T09:45:00+00:00,15851.2,15852.8,15849.15,15849.55,15851,15851.4,15852.5,15853.1,15848.8,15849.5,15849.3,15849.8,0.5,1105.890013
2026-05-15T09:50:00+00:00,15849.85,15850.4,15846.5,15848.35,15849.5,15850.2,15850.2,15850.6,15846.3,15846.7,15848.1,15848.6,0.5,1688.660022
2026-05-15T09:55:00+00:00,15848.25,15851.4,15847.05,15851.4,15848,15848.5,15851.1,15851.7,15846.9,15847.2,15851.1,15851.7,0.6,1594.190023
2026-05-15T10:00:00+00:00,15851.25,15853.45,15849.7,15850.35,15850.9,15851.6,15853.1,15853.8,15849.4,15850,15850.1,15850.6,0.5,1432.150014
2026-05-15T10:05:00+00:00,15850.3,15851.45,15847.4,15848.15,15850,15850.6,15851.2,15851.7,15847.2,15847.6,15847.9,15848.4,0.5,1008.000014
2026-05-15T10:10:00+00:00,15848.2,15848.25,15846.3,15847.25,15848,15848.4,15848,15848.5,15846,15846.6,15847,15847.5,0.5,685.36001
2026-05-15T10:15:00+00:00,15847.25,15849.65,15846.95,15848.55,15847,15847.5,15849.4,15849.9,15846.7,15847.2,15848.2,15848.9,0.7,664.0200135
2026-05-15T10:20:00+00:00,15848.65,15848.95,15845.35,15847.95,15848.4,15848.9,15848.8,15849.1,15845.2,15845.5,15847.7,15848.2,0.5,870.0600135
2026-05-15T10:25:00+00:00,15847.9,15849.3,15846.75,15848.2,15847.7,15848.1,15849.1,15849.5,15846.5,15847,15848,15848.4,0.4,680.2500137
2026-05-15T10:30:00+00:00,15848.25,15849.85,15846.25,15847.2,15848,15848.5,15849.5,15850.2,15846,15846.5,15846.9,15847.5,0.6,886.3500154
2026-05-15T10:35:00+00:00,15847.15,15849.4,15846.85,15847.7,15846.8,15847.5,15849.2,15849.6,15846.6,15847.1,15847.4,15848,0.6,1077.010015
2026-05-15T10:40:00+00:00,15847.75,15847.9,15844.55,15844.85,15847.5,15848,15847.6,15848.2,15844.4,15844.7,15844.6,15845.1,0.5,1101.970019
2026-05-15T10:45:00+00:00,15845,15845.45,15837.5,15842,15844.7,15845.3,15845.1,15845.8,15837.2,15837.8,15841.8,15842.2,0.4,3941.290052
2026-05-15T10:50:00+00:00,15841.95,15843.95,15829.4,15834.7,15841.7,15842.2,15843.8,15844.1,15829.1,15829.7,15834.4,15835,0.6,3328.130044
2026-05-15T10:55:00+00:00,15834.55,15839.5,15833.8,15836.85,15834.3,15834.8,15839.2,15839.8,15833.6,15834,15836.6,15837.1,0.5,2140.730026
2026-05-15T11:00:00+00:00,15837.1,15846,15836.05,15845.2,15837,15837.2,15845.7,15846.3,15835.8,15836.3,15844.9,15845.5,0.6,2125.830028
2026-05-15T11:05:00+00:00,15845.25,15845.65,15840.9,15842.3,15845,15845.5,15845.4,15845.9,15840.6,15841.2,15842.1,15842.5,0.4,1237.010017
2026-05-15T11:10:00+00:00,15842.35,15845.65,15842.25,15844.55,15842.1,15842.6,15845.4,15845.9,15842,15842.5,15844.4,15844.7,0.3,900.4900122
2026-05-15T11:15:00+00:00,15844.6,15846,15843.65,15845.7,15844.4,15844.8,15845.8,15846.2,15843.4,15843.9,15845.5,15845.9,0.4,560.7700082
2026-05-15T11:20:00+00:00,15845.8,15850.3,15845.75,15848.2,15845.7,15845.9,15850.1,15850.5,15845.6,15845.9,15848,15848.4,0.4,535.1500107
2026-05-15T11:25:00+00:00,15847.6,15851.85,15846.85,15851.75,15847.4,15847.8,15851.6,15852.1,15846.6,15847.1,15851.5,15852,0.5,559.9500127
2026-05-15T11:30:00+00:00,15851.6,15854.5,15850.75,15853.5,15851.4,15851.8,15854.3,15854.7,15850.5,15851,15853.4,15853.6,0.2,743.430012
2026-05-15T11:35:00+00:00,15853.4,15854.25,15851.7,15853.3,15853.3,15853.5,15854.1,15854.4,15851.5,15851.9,15853.2,15853.4,0.2,580.0500146
2026-05-15T11:40:00+00:00,15853.25,15855.1,15852.9,15855,15853.1,15853.4,15854.9,15855.3,15852.7,15853.1,15854.8,15855.2,0.4,781.5000156
2026-05-15T11:45:00+00:00,15855.05,15855.45,15853.2,15853.25,15854.8,15855.3,15855.2,15855.7,15852.9,15853.5,15853,15853.5,0.5,630.7800127
2026-05-15T11:50:00+00:00,15853.2,15856.7,15853.05,15856.65,15852.9,15853.5,15856.5,15856.9,15852.8,15853.3,15856.5,15856.8,0.3,785.8500158
2026-05-15T11:55:00+00:00,15856.7,15858.75,15856.7,15857.25,15856.6,15856.8,15858.4,15859.1,15856.6,15856.8,15857.1,15857.4,0.3,930.1500189
2026-05-15T12:00:00+00:00,15857.4,15858.05,15854.45,15855.6,15857.3,15857.5,15857.9,15858.2,15854.3,15854.6,15855.4,15855.8,0.4,1555.350024
2026-05-15T12:05:00+00:00,15855.55,15856.5,15853.75,15855.15,15855.3,15855.8,15856.2,15856.8,15853.5,15854,15854.9,15855.4,0.5,957.3000169
2026-05-15T12:10:00+00:00,15854.8,15857.9,15852.75,15856.55,15854.6,15855,15857.7,15858.1,15852.5,15853,15856.2,15856.9,0.7,1245.040017
2026-05-15T12:15:00+00:00,15856.7,15856.7,15854,15854.65,15856.4,15857,15856.4,15857,15853.8,15854.2,15854.4,15854.9,0.5,1065.850017
2026-05-15T12:20:00+00:00,15854.7,15855.65,15851.1,15853.25,15854.5,15854.9,15855.4,15855.9,15851,15851.2,15853,15853.5,0.5,1048.140019
2026-05-15T12:25:00+00:00,15853.2,15854.25,15852.7,15853.1,15853,15853.4,15854,15854.5,15852.4,15853,15852.7,15853.5,0.8,1068.040014
2026-05-15T12:30:00+00:00,15852.9,15855.9,15852.9,15854.45,15852.3,15853.5,15855.7,15856.1,15852.3,15853.5,15854.2,15854.7,0.5,862.3000109
2026-05-15T12:35:00+00:00,15854.55,15856.8,15852.85,15856.8,15854.3,15854.8,15856.6,15857,15852.7,15853,15856.6,15857,0.4,1221.180017
2026-05-15T12:40:00+00:00,15856.7,15858.35,15855.75,15857.4,15856.6,15856.8,15858.1,15858.6,15855.5,15856,15857.1,15857.7,0.6,1010.010015
2026-05-15T12:45:00+00:00,15857.6,15858.35,15855.6,15856.65,15857.3,15857.9,15858.1,15858.6,15855.4,15855.8,15856.5,15856.8,0.3,784.0300112
2026-05-15T12:50:00+00:00,15856.55,15856.85,15854.2,15855.8,15856.4,15856.7,15856.7,15857,15854,15854.4,15855.6,15856,0.4,1090.110012
2026-05-15T12:55:00+00:00,15855.7,15857.75,15855.5,15857.65,15855.5,15855.9,15857.5,15858,15855.2,15855.8,15857.5,15857.8,0.3,647.0700098
2026-05-15T13:00:00+00:00,15857.55,15858.4,15855.15,15855.65,15857.4,15857.7,15858.2,15858.6,15854.9,15855.4,15855.4,15855.9,0.5,964.6200174
2026-05-15T13:05:00+00:00,15855.55,15856.2,15854.35,15855.65,15855.3,15855.8,15856,15856.4,15854,15854.7,15855.5,15855.8,0.3,1063.510015
2026-05-15T13:10:00+00:00,15855.7,15855.95,15853.2,15854.4,15855.5,15855.9,15855.8,15856.1,15853,15853.4,15854.1,15854.7,0.6,703.1700133
2026-05-15T13:15:00+00:00,15854.5,15857.7,15854.4,15856.95,15854.2,15854.8,15857.5,15857.9,15854.1,15854.7,15856.7,15857.2,0.5,956.9800161
2026-05-15T13:20:00+00:00,15856.8,15858,15856.45,15856.95,15856.6,15857,15857.8,15858.2,15856.2,15856.7,15856.7,15857.2,0.5,495.1900078
2026-05-15T13:25:00+00:00,15856.6,15860.25,15856.2,15857.6,15856.4,15856.8,15860.1,15860.4,15856,15856.4,15857.5,15857.7,0.2,1121.970017
2026-05-15T13:30:00+00:00,15857.6,15862.85,15857,15862,15857.3,15857.9,15862.6,15863.1,15856.8,15857.2,15861.8,15862.2,0.4,1495.010026
2026-05-15T13:35:00+00:00,15862.3,15864.95,15859.5,15864.25,15862.2,15862.4,15864.7,15865.2,15859.3,15859.7,15864,15864.5,0.5,1785.010031
2026-05-15T13:40:00+00:00,15864.25,15869.7,15863.65,15869.4,15863.9,15864.6,15869.6,15869.8,15863.4,15863.9,15869.2,15869.6,0.4,1604.560024
2026-05-15T13:45:00+00:00,15869.45,15870.95,15866.85,15870.75,15869.2,15869.7,15870.6,15871.3,15866.7,15867,15870.5,15871,0.5,2176.850028
2026-05-15T13:50:00+00:00,15870.7,15874.25,15867.95,15869.85,15870.5,15870.9,15874.1,15874.4,15867.7,15868.2,15869.6,15870.1,0.5,2413.990035
2026-05-15T13:55:00+00:00,15869.9,15870.1,15867.4,15868.75,15869.7,15870.1,15869.8,15870.4,15867.2,15867.6,15868.5,15869,0.5,1420.530017
2026-05-15T14:00:00+00:00,15869,15874.15,15868.25,15871.65,15868.8,15869.2,15873.9,15874.4,15868.1,15868.4,15871.4,15871.9,0.5,2261.560034
2026-05-15T14:05:00+00:00,15871.4,15871.4,15868.35,15870,15871.3,15871.5,15871.3,15871.5,15868.1,15868.6,15869.8,15870.2,0.4,1979.300024
2026-05-15T14:10:00+00:00,15869.9,15870.9,15861.2,15866.55,15869.7,15870.1,15870.8,15871,15861.1,15861.3,15866.3,15866.8,0.5,2215.88003
2026-05-15T14:15:00+00:00,15866.65,15866.8,15861.75,15862.05,15866.4,15866.9,15866.5,15867.1,15861.5,15862,15862,15862.1,0.1,1947.260035
2026-05-15T14:20:00+00:00,15861.95,15867.35,15861.65,15865.05,15861.9,15862,15867.1,15867.6,15861.4,15861.9,15864.8,15865.3,0.5,1752.030026
2026-05-15T14:25:00+00:00,15865,15868.85,15864.4,15866.8,15864.8,15865.2,15868.8,15868.9,15864.2,15864.6,15866.6,15867,0.4,1761.670024
2026-05-15T14:30:00+00:00,15866.95,15868.95,15865.7,15867.25,15866.8,15867.1,15868.8,15869.1,15865.5,15865.9,15867,15867.5,0.5,1473.080029
2026-05-15T14:35:00+00:00,15867.4,15868.7,15866.8,15868.65,15867.3,15867.5,15868.5,15868.9,15866.5,15867.1,15868.5,15868.8,0.3,1067.570013
2026-05-15T14:40:00+00:00,15868.85,15870.65,15868.5,15870.3,15868.5,15869.2,15870.4,15870.9,15868.2,15868.8,15870.1,15870.5,0.4,1015.090017
2026-05-15T14:45:00+00:00,15870.35,15872.9,15870.25,15872.7,15870.1,15870.6,15872.8,15873,15870,15870.5,15872.6,15872.8,0.2,1017.990017
2026-05-15T14:50:00+00:00,15872.9,15874.1,15867.85,15867.85,15872.7,15873.1,15873.9,15874.3,15867.6,15868.1,15867.6,15868.1,0.5,1302.630017
2026-05-15T14:55:00+00:00,15867.8,15869.25,15859.2,15859.2,15867.6,15868,15869,15869.5,15859,15859.4,15859,15859.4,0.4,2358.430033
2026-05-15T15:00:00+00:00,15859.25,15864.2,15855.1,15863.8,15859,15859.5,15864,15864.4,15855,15855.2,15863.6,15864,0.4,2518.200031
2026-05-15T15:05:00+00:00,15863.75,15866.05,15860.25,15864.65,15863.4,15864.1,15865.8,15866.3,15860,15860.5,15864.3,15865,0.7,2063.880027
2026-05-15T15:10:00+00:00,15864.7,15865.65,15861.5,15864.35,15864.4,15865,15865.4,15865.9,15861.4,15861.6,15864,15864.7,0.7,1752.250021
2026-05-15T15:15:00+00:00,15864.35,15866.15,15861.75,15865.85,15863.9,15864.8,15865.9,15866.4,15861.5,15862,15865.6,15866.1,0.5,1434.99002
2026-05-15T15:20:00+00:00,15865.9,15867.8,15862.95,15867.8,15865.6,15866.2,15867.5,15868.1,15862.7,15863.2,15867.5,15868.1,0.6,1041.520014
2026-05-15T15:25:00+00:00,15867.55,15869.35,15866.85,15868.15,15867.3,15867.8,15869.2,15869.5,15866.5,15867.2,15868,15868.3,0.3,1364.150021
2026-05-15T15:30:00+00:00,15868.05,15869.65,15866.9,15869.45,15867.9,15868.2,15869.5,15869.8,15866.7,15867.1,15869.2,15869.7,0.5,1072.720022
2026-05-15T15:35:00+00:00,15869.5,15869.9,15868.15,15869.35,15869.3,15869.7,15869.8,15870,15867.9,15868.4,15869.2,15869.5,0.3,890.4300107
2026-05-15T15:40:00+00:00,15869.4,15871.2,15867.85,15870.4,15869.2,15869.6,15871,15871.4,15867.7,15868,15870.1,15870.7,0.6,876.7500114
2026-05-15T15:45:00+00:00,15870.55,15873.65,15869.9,15873.5,15870.2,15870.9,15873.5,15873.8,15869.7,15870.1,15873.3,15873.7,0.4,1131.450015
2026-05-15T15:50:00+00:00,15873.55,15874.35,15871.4,15873.95,15873.4,15873.7,15874.1,15874.6,15871.2,15871.6,15873.8,15874.1,0.3,777.9900151
2026-05-15T15:55:00+00:00,15874,15874.5,15869.75,15869.75,15873.8,15874.2,15874.3,15874.7,15869.5,15870,15869.5,15870,0.5,937.7900198
2026-05-15T16:00:00+00:00,15869.7,15871.7,15869,15870.85,15869.5,15869.9,15871.4,15872,15868.8,15869.2,15870.7,15871,0.3,996.0000217
2026-05-15T16:05:00+00:00,15870.9,15873.4,15870.35,15872.15,15870.6,15871.2,15873.2,15873.6,15870.1,15870.6,15872,15872.3,0.3,764.1700112
2026-05-15T16:10:00+00:00,15872.05,15873.35,15870.65,15870.65,15871.8,15872.3,15873.1,15873.6,15870.4,15870.9,15870.4,15870.9,0.5,1129.47001
2026-05-15T16:15:00+00:00,15870.7,15870.9,15868.5,15869.25,15870.5,15870.9,15870.7,15871.1,15868.2,15868.8,15869,15869.5,0.5,751.6800092
2026-05-15T16:20:00+00:00,15869.1,15869.65,15867.3,15868.9,15868.9,15869.3,15869.4,15869.9,15867.1,15867.5,15868.7,15869.1,0.4,681.5200111
2026-05-15T16:25:00+00:00,15868.8,15870.65,15868.5,15869.75,15868.6,15869,15870.4,15870.9,15868.3,15868.7,15869.5,15870,0.5,621.7500092
2026-05-15T16:30:00+00:00,15869.65,15870.85,15868.3,15868.4,15869.3,15870,15870.6,15871.1,15868.1,15868.5,15868.1,15868.7,0.6,594.9000067
2026-05-15T16:35:00+00:00,15868.7,15869.4,15867,15867.25,15868.5,15868.9,15869.2,15869.6,15866.8,15867.2,15867.1,15867.4,0.3,541.6500084
2026-05-15T16:40:00+00:00,15867.2,15870.85,15866.55,15870.15,15867,15867.4,15870.7,15871,15866.3,15866.8,15870,15870.3,0.3,739.7400082
2026-05-15T16:45:00+00:00,15869.8,15870.15,15868.55,15869.2,15869.7,15869.9,15869.9,15870.4,15868.3,15868.8,15869,15869.4,0.4,532.0900037
2026-05-15T16:50:00+00:00,15869.25,15870.8,15869.25,15870.65,15869,15869.5,15870.6,15871,15869,15869.5,15870.4,15870.9,0.5,655.2000097
2026-05-15T16:55:00+00:00,15870.7,15871.2,15869.25,15871.2,15870.5,15870.9,15870.9,15871.5,15869.1,15869.4,15870.9,15871.5,0.6,874.8600154
2026-05-15T17:00:00+00:00,15870.6,15871.45,15868.45,15870.7,15870.5,15870.7,15871.2,15871.7,15868.2,15868.7,15870.6,15870.8,0.2,1464.830014
2026-05-15T17:05:00+00:00,15870.65,15870.75,15868.4,15868.9,15870.5,15870.8,15870.6,15870.9,15868.1,15868.7,15868.7,15869.1,0.4,701.2500125
2026-05-15T17:10:00+00:00,15868.85,15869.2,15866,15866,15868.6,15869.1,15869,15869.4,15865.8,15866.2,15865.8,15866.2,0.4,490.9000084
2026-05-15T17:15:00+00:00,15866.1,15868.5,15866.05,15867.35,15865.8,15866.4,15868.3,15868.7,15865.8,15866.3,15867.1,15867.6,0.5,390.1500063
2026-05-15T17:20:00+00:00,15867.45,15868.25,15866.05,15866.05,15867.2,15867.7,15868,15868.5,15865.8,15866.3,15865.8,15866.3,0.5,513.5200074
2026-05-15T17:25:00+00:00,15866.1,15867.25,15864.45,15867.25,15865.9,15866.3,15867,15867.5,15864.1,15864.8,15867,15867.5,0.5,660.6900082
2026-05-15T17:30:00+00:00,15867.45,15868.3,15866.85,15866.9,15867.1,15867.8,15868.1,15868.5,15866.6,15867.1,15866.6,15867.2,0.6,486.7200086
2026-05-15T17:35:00+00:00,15867,15869.75,15866.75,15867.8,15866.8,15867.2,15869.6,15869.9,15866.5,15867,15867.5,15868.1,0.6,735.9600109
2026-05-15T17:40:00+00:00,15867.85,15869.65,15866.8,15869.65,15867.5,15868.2,15869.5,15869.8,15866.5,15867.1,15869.5,15869.8,0.3,762.2600043
2026-05-15T17:45:00+00:00,15869.6,15871.2,15869.15,15870.7,15869.4,15869.8,15871,15871.4,15868.9,15869.4,15870.5,15870.9,0.4,1329.970004
2026-05-15T17:50:00+00:00,15870.75,15872.15,15870.3,15871.9,15870.6,15870.9,15871.9,15872.4,15870.1,15870.5,15871.7,15872.1,0.4,1071.750008
2026-05-15T17:55:00+00:00,15871.95,15872.95,15871.1,15872.95,15871.9,15872,15872.6,15873.3,15870.9,15871.3,15872.6,15873.3,0.7,261.6000066
2026-05-15T18:00:00+00:00,15872.85,15874.3,15872.2,15873.9,15872.6,15873.1,15874,15874.6,15871.9,15872.5,15873.7,15874.1,0.4,439.3200084
2026-05-15T18:05:00+00:00,15873.95,15875.15,15873.4,15874.55,15873.7,15874.2,15875,15875.3,15873.3,15873.5,15874.4,15874.7,0.3,616.8400109
2026-05-15T18:10:00+00:00,15874.5,15874.6,15873,15873.35,15874.3,15874.7,15874.4,15874.8,15872.7,15873.3,15873.1,15873.6,0.5,258.4500036
2026-05-15T18:15:00+00:00,15873.5,15874.3,15872.95,15874.05,15873.3,15873.7,15874,15874.6,15872.7,15873.2,15873.8,15874.3,0.5,617.9100139
2026-05-15T18:20:00+00:00,15874.15,15874.2,15870.6,15871.5,15873.8,15874.5,15873.9,15874.5,15870.4,15870.8,15871.2,15871.8,0.6,548.2500139
2026-05-15T18:25:00+00:00,15871.6,15871.9,15870.65,15870.75,15871.3,15871.9,15871.6,15872.2,15870.4,15870.9,15870.6,15870.9,0.3,668.9100132
2026-05-15T18:30:00+00:00,15870.85,15875.1,15870.75,15874.35,15870.6,15871.1,15874.9,15875.3,15870.6,15870.9,15874.1,15874.6,0.5,938.7600144
2026-05-15T18:35:00+00:00,15874.3,15874.7,15874.05,15874.1,15874,15874.6,15874.5,15874.9,15873.8,15874.3,15873.9,15874.3,0.4,870.6000099
2026-05-15T18:40:00+00:00,15874.05,15874.8,15872.95,15873.2,15873.8,15874.3,15874.6,15875,15872.8,15873.1,15873,15873.4,0.4,415.0500071
2026-05-15T18:45:00+00:00,15873.25,15873.85,15872.8,15872.8,15873.1,15873.4,15873.6,15874.1,15872.6,15873,15872.6,15873,0.4,353.5500076
2026-05-15T18:50:00+00:00,15872.65,15873.05,15871.7,15871.9,15872.4,15872.9,15872.8,15873.3,15871.5,15871.9,15871.8,15872,0.2,423.1500096
2026-05-15T18:55:00+00:00,15872,15872.7,15870.5,15870.6,15871.8,15872.2,15872.5,15872.9,15870.2,15870.8,15870.4,15870.8,0.4,1339.740025
2026-05-15T19:00:00+00:00,15870.55,15871.55,15869.4,15871.15,15870.4,15870.7,15871.3,15871.8,15869.3,15869.5,15870.9,15871.4,0.5,731.3800081
2026-05-15T19:05:00+00:00,15870.8,15870.9,15869.8,15870.35,15870.6,15871,15870.6,15871.2,15869.5,15870.1,15870.1,15870.6,0.5,315.3400029
2026-05-15T19:10:00+00:00,15870.4,15872.3,15870.4,15872.15,15870.2,15870.6,15872.1,15872.5,15870.2,15870.6,15871.9,15872.4,0.5,670.6400086
2026-05-15T19:15:00+00:00,15872.2,15873.45,15871.9,15872.9,15872,15872.4,15873.3,15873.6,15871.7,15872.1,15872.5,15873.3,0.8,680.7000117
2026-05-15T19:20:00+00:00,15872.95,15873.15,15871.75,15871.85,15872.7,15873.2,15872.9,15873.4,15871.5,15872,15871.6,15872.1,0.5,297.0000041
2026-05-15T19:25:00+00:00,15871.9,15873.2,15871.75,15872.2,15871.7,15872.1,15873,15873.4,15871.5,15872,15872,15872.4,0.4,306.6300073
2026-05-15T19:30:00+00:00,15872.15,15872.3,15871.05,15871.9,15872,15872.3,15872,15872.6,15870.8,15871.3,15871.5,15872.3,0.8,434.6300046
2026-05-15T19:35:00+00:00,15872.1,15872.35,15870.6,15871.5,15871.8,15872.4,15872.1,15872.6,15870.3,15870.9,15871.2,15871.8,0.6,360.7300022
2026-05-15T19:40:00+00:00,15871.55,15874.35,15871.55,15874.25,15871.3,15871.8,15874,15874.7,15871.3,15871.8,15874,15874.5,0.5,663.6000105
2026-05-15T19:45:00+00:00,15874.2,15874.7,15873.95,15874.35,15874,15874.4,15874.4,15875,15873.7,15874.2,15874.1,15874.6,0.5,319.1400049
2026-05-15T19:50:00+00:00,15874.45,15875.2,15873.3,15874.6,15874.1,15874.8,15875.1,15875.3,15873,15873.6,15874.3,15874.9,0.6,527.6800064
2026-05-15T19:55:00+00:00,15874.7,15878.6,15874.3,15877.4,15874.4,15875,15878.3,15878.9,15874,15874.6,15877.1,15877.7,0.6,1105.980017
2026-05-15T20:00:00+00:00,15877.3,15878.45,15877.2,15878.3,15877,15877.6,15878.1,15878.8,15876.9,15877.5,15878,15878.6,0.6,725.8800148
2026-05-15T20:05:00+00:00,15878.35,15879.25,15876.4,15876.8,15878.1,15878.6,15879,15879.5,15876.1,15876.7,15876.5,15877.1,0.6,479.4000068
2026-05-15T20:10:00+00:00,15876.9,15877.55,15876.55,15877.05,15876.6,15877.2,15877.2,15877.9,15876.3,15876.8,15876.7,15877.4,0.7,327.510007
2026-05-15T20:15:00+00:00,15876.9,15879.75,15876.75,15879.4,15876.5,15877.3,15879.4,15880.1,15876.4,15877.1,15879.1,15879.7,0.6,262.9500055
2026-05-15T20:20:00+00:00,15879.75,15884.5,15879.45,15879.7,15879.4,15880.1,15884.2,15884.8,15879.1,15879.8,15879.3,15880.1,0.8,608.1000098
2026-05-15T20:25:00+00:00,15879.85,15880.4,15878.9,15880.25,15879.3,15880.4,15880,15880.8,15878.5,15879.3,15879.9,15880.6,0.7,865.050015
2026-05-15T20:30:00+00:00,15880.2,15880.2,15874.65,15874.65,15879.8,15880.6,15879.8,15880.6,15874.3,15875,15874.3,15875,0.7,930.0000166
2026-05-15T20:35:00+00:00,15874.95,15876.85,15874.95,15876.7,15874.8,15875.1,15876.5,15877.2,15874.8,15875.1,15876.4,15877,0.6,870.9000167
2026-05-15T20:40:00+00:00,15876.7,15877.05,15874.4,15874.85,15876.4,15877,15876.7,15877.4,15874.1,15874.7,15874.4,15875.3,0.9,408.9000087
2026-05-15T20:45:00+00:00,15874.7,15879,15873.55,15878.8,15874.3,15875.1,15878.4,15879.6,15873.1,15874,15878.2,15879.4,1.2,612.6000081
2026-05-15T20:50:00+00:00,15878.75,15880.55,15878.15,15879.85,15878.2,15879.3,15879.8,15881.3,15877.7,15878.6,15879,15880.7,1.7,1287.900028
2026-05-15T20:55:00+00:00,15879.75,15880.15,15874.4,15874.4,15878.8,15880.7,15879.5,15880.8,15873.1,15875.7,15873.1,15875.7,2.6,884.1000022
2026-05-17T21:00:00+00:00,15868.05,15868.05,15868.05,15868.05,15856.4,15879.7,15856.4,15879.7,15856.4,15879.7,15856.4,15879.7,23.3,2.200000048
2026-05-17T21:05:00+00:00,15870.2,15870.2,15861.95,15862.25,15858.2,15882.2,15858.2,15882.2,15852.8,15871.1,15853.4,15871.1,17.7,55.94000137
2026-05-17T21:10:00+00:00,15862.3,15862.5,15858.7,15859.8,15853.5,15871.1,15853.9,15871.1,15850.8,15866.6,15852.5,15867.1,14.6,126.4700029
2026-05-17T21:15:00+00:00,15859.5,15859.9,15859.25,15859.25,15851.9,15867.1,15852.6,15867.2,15851.4,15867.1,15851.4,15867.1,15.7,29.90000105
2026-05-17T21:20:00+00:00,15859.8,15870.7,15859.25,15870.45,15852.5,15867.1,15861.1,15880.3,15851.4,15867.1,15860.7,15880.2,19.5,55.98000121
2026-05-17T21:25:00+00:00,15871.1,15874.6,15870.55,15874.1,15860.9,15881.3,15865.8,15883.4,15860.9,15880.2,15864.8,15883.4,18.6,61.76000082
2026-05-17T21:30:00+00:00,15874.15,15875,15871.95,15872.05,15865,15883.3,15865.9,15884.1,15863.8,15880.1,15863.9,15880.2,16.3,115.4499998
2026-05-17T21:35:00+00:00,15872.2,15875.4,15871.9,15874.45,15864.2,15880.2,15866.1,15884.7,15863.6,15880.2,15865.4,15883.5,18.1,112.4000009
2026-05-17T21:40:00+00:00,15874.4,15876.65,15873.8,15876.2,15865.3,15883.5,15869.7,15883.6,15864.9,15882.7,15869.7,15882.7,13,216.2800019
2026-05-17T21:45:00+00:00,15876.25,15877.05,15875.35,15875.55,15870.1,15882.4,15870.9,15883.2,15870.1,15880.6,15870.5,15880.6,10.1,80.10000157
2026-05-17T21:50:00+00:00,15875.5,15876.25,15868.9,15874.65,15870.4,15880.6,15871.9,15880.6,15865.9,15871.9,15869.2,15880.1,10.9,246.6000057
2026-05-17T21:55:00+00:00,15873.9,15874.2,15866,15869.35,15867.7,15880.1,15868.2,15880.2,15856.4,15875.6,15859.1,15879.6,20.5,770.8200118
2026-05-17T22:00:00+00:00,15870.85,15883.1,15868.85,15878.55,15864.3,15877.4,15881.4,15884.8,15862.9,15874.8,15876.8,15880.3,3.5,722.9899955
2026-05-17T22:05:00+00:00,15878.9,15881,15877.3,15878.95,15877.2,15880.6,15880.5,15881.5,15876.7,15877.9,15877.2,15880.7,3.5,645.0900109
2026-05-17T22:10:00+00:00,15878.25,15880.3,15877.45,15879.4,15877.2,15879.3,15878.5,15882.1,15876.1,15878.8,15878.5,15880.3,1.8,423.0300084
2026-05-17T22:15:00+00:00,15879.4,15881.3,15879.4,15880.95,15878.5,15880.3,15880.7,15881.9,15878.5,15880.3,15880.7,15881.2,0.5,296.7000067
2026-05-17T22:20:00+00:00,15881.25,15881.45,15878.45,15880.3,15880.7,15881.8,15880.7,15882.2,15878,15878.9,15879.6,15881,1.4,211.5700065
2026-05-17T22:25:00+00:00,15880.45,15880.6,15879.8,15880.1,15879.8,15881.1,15879.8,15881.4,15879.2,15880.4,15879.5,15880.7,1.2,155.8500049
2026-05-17T22:30:00+00:00,15880.4,15881.2,15877.2,15879.95,15879.8,15881,15880.5,15881.9,15877,15877.4,15879.1,15880.8,1.7,338.7200064
2026-05-17T22:35:00+00:00,15879.85,15880.3,15878.8,15879.4,15879,15880.7,15879.7,15880.9,15878.2,15879.4,15878.8,15880,1.2,176.1000047
2026-05-17T22:40:00+00:00,15879.5,15879.95,15878.75,15879.7,15878.9,15880.1,15879.3,15880.6,15878,15879.5,15879,15880.4,1.4,120.0300031
2026-05-17T22:45:00+00:00,15879.8,15880.1,15879.2,15879.7,15879,15880.6,15879.5,15880.7,15878.4,15880,15879.2,15880.2,1,149.5500048
2026-05-17T22:50:00+00:00,15879.6,15879.85,15877.6,15879.4,15878.9,15880.3,15879.3,15880.4,15876.9,15878.3,15879,15879.8,0.8,369.1200092
2026-05-17T22:55:00+00:00,15879.5,15879.85,15879.15,15879.3,15879.1,15879.9,15879.4,15880.3,15878.6,15879.7,15878.7,15879.9,1.2,368.4500114
2026-05-17T23:00:00+00:00,15878.7,15881.05,15876.5,15879.8,15878.3,15879.1,15880.7,15881.4,15876.2,15876.8,15879.4,15880.2,0.8,226.5800068
2026-05-17T23:05:00+00:00,15879.65,15881.15,15879.65,15880.75,15879.3,15880,15880.8,15881.5,15879.3,15880,15880.4,15881.1,0.7,72.75000226
2026-05-17T23:10:00+00:00,15881.8,15883.35,15880.7,15882.4,15881.7,15881.9,15883.1,15883.6,15880.3,15881.1,15882.1,15882.7,0.6,147.9000026
2026-05-17T23:15:00+00:00,15882.35,15882.4,15879.5,15880.15,15882.1,15882.6,15882.1,15882.7,15879.3,15879.7,15879.9,15880.4,0.5,200.7600051
2026-05-17T23:20:00+00:00,15880.2,15880.8,15879.35,15880.8,15879.9,15880.5,15880.5,15881.1,15879,15879.7,15880.5,15881.1,0.6,129.7500023
2026-05-17T23:25:00+00:00,15880.85,15883.8,15880.75,15883.35,15880.6,15881.1,15883.5,15884.1,15880.4,15881.1,15883.1,15883.6,0.5,184.6200032
2026-05-17T23:30:00+00:00,15883.65,15886.85,15883.65,15884.7,15883.5,15883.8,15886.6,15887.1,15883.5,15883.8,15884.4,15885,0.6,447.2000086
2026-05-17T23:35:00+00:00,15884.55,15887.05,15884.55,15886.85,15884.3,15884.8,15886.8,15887.3,15884.3,15884.8,15886.6,15887.1,0.5,119.4800022
2026-05-17T23:40:00+00:00,15886.8,15888.35,15886.25,15886.7,15886.5,15887.1,15888.1,15888.6,15886,15886.5,15886.5,15886.9,0.4,331.7100072
2026-05-17T23:45:00+00:00,15886.8,15887.45,15884.1,15885.7,15886.6,15887,15887.2,15887.7,15884,15884.2,15885.4,15886,0.6,316.380005
2026-05-17T23:50:00+00:00,15885.6,15888.3,15885.35,15887.85,15885.4,15885.8,15888,15888.6,15885.1,15885.6,15887.6,15888.1,0.5,295.7100055
2026-05-17T23:55:00+00:00,15888.15,15888.3,15884.7,15885.35,15887.8,15888.5,15887.9,15888.7,15884.4,15885,15885.1,15885.6,0.5,567.2800106
2026-05-18T00:00:00+00:00,15885.2,15888.05,15880.55,15881.05,15884.9,15885.5,15887.8,15888.3,15880.3,15880.8,15880.5,15881.6,1.1,946.4900169
2026-05-18T00:05:00+00:00,15881.05,15885.3,15881,15883.45,15880.6,15881.5,15885,15885.6,15880.6,15881.4,15883.1,15883.8,0.7,1261.630023
2026-05-18T00:10:00+00:00,15883.35,15886,15882.25,15884.7,15883.1,15883.6,15885.7,15886.3,15882,15882.5,15884.4,15885,0.6,623.2500101
2026-05-18T00:15:00+00:00,15884.6,15885.1,15883.65,15884.65,15884.3,15884.9,15884.8,15885.4,15883.4,15883.9,15884.4,15884.9,0.5,451.8700082
2026-05-18T00:20:00+00:00,15884.6,15886.15,15883.2,15885.75,15884.3,15884.9,15885.8,15886.5,15882.9,15883.5,15885.5,15886,0.5,440.9900074
2026-05-18T00:25:00+00:00,15885.7,15885.8,15882.05,15883.35,15885.4,15886,15885.5,15886.1,15881.8,15882.3,15883.1,15883.6,0.5,650.5500106
2026-05-18T00:30:00+00:00,15883.3,15885.25,15883.1,15884.65,15883,15883.6,15884.9,15885.6,15882.8,15883.4,15884.4,15884.9,0.5,455.7000061
2026-05-18T00:35:00+00:00,15884.5,15886.15,15884.4,15886.1,15884.4,15884.6,15885.8,15886.5,15884.2,15884.6,15885.8,15886.4,0.6,351.0000079
2026-05-18T00:40:00+00:00,15886.05,15888.55,15885.85,15888.5,15885.8,15886.3,15888.3,15888.8,15885.7,15886,15888.2,15888.8,0.6,461.7800089
2026-05-18T00:45:00+00:00,15888.7,15890.35,15886.7,15888.5,15888.4,15889,15890,15890.7,15886.4,15887,15888.2,15888.8,0.6,664.4600103
2026-05-18T00:50:00+00:00,15888.4,15894.85,15888.05,15894.6,15888.1,15888.7,15894.6,15895.1,15887.8,15888.3,15894.2,15895,0.8,1331.440019
2026-05-18T00:55:00+00:00,15894.7,15895.3,15892.85,15893.5,15894.3,15895.1,15895.2,15895.4,15892.6,15893.1,15893.2,15893.8,0.6,979.9700168
2026-05-18T01:00:00+00:00,15893.55,15895.4,15892.8,15894.2,15893.3,15893.8,15895.2,15895.6,15892.5,15893.1,15893.9,15894.5,0.6,690.0100131
2026-05-18T01:05:00+00:00,15894.3,15894.45,15890.7,15891.25,15894,15894.6,15894.2,15894.7,15890.4,15891,15890.9,15891.6,0.7,626.9000106
2026-05-18T01:10:00+00:00,15891.3,15894.45,15890.75,15893.3,15891,15891.6,15894.2,15894.7,15890.5,15891,15893,15893.6,0.6,521.990011
2026-05-18T01:15:00+00:00,15893.2,15894.55,15891.65,15892.35,15892.7,15893.7,15894.2,15894.9,15891.4,15891.9,15892.1,15892.6,0.5,981.0400079
2026-05-18T01:20:00+00:00,15892.25,15893.85,15886.9,15888.9,15892,15892.5,15893.7,15894,15886.6,15887.2,15888.6,15889.2,0.6,1246.020019
2026-05-18T01:25:00+00:00,15889.15,15895.1,15888.5,15894.3,15888.9,15889.4,15894.8,15895.4,15888.2,15888.8,15894.1,15894.5,0.4,1371.550022
2026-05-18T01:30:00+00:00,15894.15,15895.05,15890.7,15891.65,15893.9,15894.4,15894.9,15895.2,15890.4,15891,15891.3,15892,0.7,780.0700113
2026-05-18T01:35:00+00:00,15891.4,15893,15889.25,15891.15,15891.2,15891.6,15892.7,15893.3,15889,15889.5,15890.9,15891.4,0.5,945.1000155
2026-05-18T01:40:00+00:00,15890.95,15893.65,15890.85,15893.35,15890.7,15891.2,15893.4,15893.9,15890.6,15891.1,15893.1,15893.6,0.5,402.8000088
2026-05-18T01:45:00+00:00,15893.25,15894.15,15889.25,15890.6,15893,15893.5,15893.9,15894.4,15889,15889.5,15890.3,15890.9,0.6,563.4500099
2026-05-18T01:50:00+00:00,15890.65,15891.1,15888.25,15890.8,15890.4,15890.9,15890.8,15891.4,15888,15888.5,15890.5,15891.1,0.6,505.8500073
2026-05-18T01:55:00+00:00,15890.75,15893.4,15890.75,15893.3,15890.5,15891,15893.2,15893.6,15890.5,15891,15893.1,15893.5,0.4,572.4000123
2026-05-18T02:00:00+00:00,15893.4,15894.6,15892.7,15893.85,15893.2,15893.6,15894.4,15894.8,15892.5,15892.9,15893.6,15894.1,0.5,541.3600074
2026-05-18T02:05:00+00:00,15893.95,15894.95,15891.3,15891.55,15893.7,15894.2,15894.7,15895.2,15891.1,15891.5,15891.3,15891.8,0.5,382.3400085
2026-05-18T02:10:00+00:00,15891.05,15892.25,15889.6,15891.75,15890.9,15891.2,15891.9,15892.6,15889.4,15889.8,15891.6,15891.9,0.3,456.0000111
2026-05-18T02:15:00+00:00,15892,15892.35,15891.25,15891.65,15891.8,15892.2,15892.1,15892.6,15891,15891.5,15891.5,15891.8,0.3,229.3500063
2026-05-18T02:20:00+00:00,15891.6,15892.35,15890.85,15892.2,15891.5,15891.7,15892.1,15892.6,15890.7,15891,15892,15892.4,0.4,370.3500097
2026-05-18T02:25:00+00:00,15892.25,15892.25,15890.75,15891.35,15892.1,15892.4,15892.1,15892.4,15890.5,15891,15891,15891.7,0.7,338.3000057
2026-05-18T02:30:00+00:00,15891.25,15891.35,15889.15,15890.75,15891,15891.5,15891.1,15891.6,15888.9,15889.4,15890.5,15891,0.5,269.2600049
2026-05-18T02:35:00+00:00,15889.9,15890.9,15889.65,15890.65,15889.8,15890,15890.6,15891.2,15889.4,15889.9,15890.4,15890.9,0.5,347.1400036
2026-05-18T02:40:00+00:00,15890.4,15890.9,15889.65,15890.85,15890.2,15890.6,15890.7,15891.1,15889.4,15889.9,15890.6,15891.1,0.5,275.1000068
2026-05-18T02:45:00+00:00,15890.95,15892.85,15890.2,15892.85,15890.7,15891.2,15892.6,15893.1,15890,15890.4,15892.6,15893.1,0.5,315.6900058
2026-05-18T02:50:00+00:00,15892.8,15893.5,15892,15892.45,15892.6,15893,15893.2,15893.8,15891.7,15892.3,15892.3,15892.6,0.3,560.270007
2026-05-18T02:55:00+00:00,15892.5,15893.25,15891.35,15891.45,15892.3,15892.7,15893,15893.5,15891.1,15891.6,15891.2,15891.7,0.5,481.6800069
2026-05-18T03:00:00+00:00,15891.5,15893.25,15890.7,15892.85,15891.3,15891.7,15893,15893.5,15890.4,15891,15892.6,15893.1,0.5,510.0300086
2026-05-18T03:05:00+00:00,15892.7,15893.6,15892.25,15893.25,15892.5,15892.9,15893.3,15893.9,15892,15892.5,15893,15893.5,0.5,413.1000049
2026-05-18T03:10:00+00:00,15893.35,15893.65,15892.65,15893.3,15893.1,15893.6,15893.4,15893.9,15892.4,15892.9,15893.1,15893.5,0.4,355.8600085
2026-05-18T03:15:00+00:00,15893.25,15894.3,15892.8,15892.9,15893,15893.5,15894.1,15894.5,15892.6,15893,15892.7,15893.1,0.4,567.8600091
2026-05-18T03:20:00+00:00,15892.95,15894.4,15892.85,15893.7,15892.8,15893.1,15894.3,15894.5,15892.6,15893.1,15893.4,15894,0.6,731.0900121
2026-05-18T03:25:00+00:00,15893.65,15893.85,15892.6,15893.45,15893.3,15894,15893.7,15894,15892.3,15892.9,15893.1,15893.8,0.7,737.8500125
2026-05-18T03:30:00+00:00,15893.5,15894.95,15893.35,15894.55,15893.2,15893.8,15894.7,15895.2,15893.1,15893.6,15894.3,15894.8,0.5,461.0000081
2026-05-18T03:35:00+00:00,15894.5,15894.9,15894.25,15894.75,15894.2,15894.8,15894.6,15895.2,15894,15894.5,15894.5,15895,0.5,321.7300038
2026-05-18T03:40:00+00:00,15894.8,15894.9,15893.55,15894.6,15894.5,15895.1,15894.6,15895.2,15893.3,15893.8,15894.4,15894.8,0.4,500.4400074
2026-05-18T03:45:00+00:00,15894.55,15897.3,15894.25,15896.5,15894.2,15894.9,15897,15897.6,15893.9,15894.6,15896.2,15896.8,0.6,668.7000078
2026-05-18T03:50:00+00:00,15896.4,15899.35,15896.2,15899.1,15896.2,15896.6,15899.1,15899.6,15895.9,15896.5,15898.9,15899.3,0.4,864.1100084
2026-05-18T03:55:00+00:00,15899.05,15905.85,15898.25,15903.85,15898.8,15899.3,15905.5,15906.2,15898,15898.5,15903.5,15904.2,0.7,2253.470028
2026-05-18T04:00:00+00:00,15903.9,15907.45,15903.65,15905.8,15903.6,15904.2,15907.2,15907.7,15903.3,15904,15905.6,15906,0.4,1549.420023
2026-05-18T04:05:00+00:00,15905.75,15905.9,15881.85,15903.6,15905.5,15906,15905.7,15906.1,15881.4,15882.3,15903.3,15903.9,0.6,3184.22004
2026-05-18T04:10:00+00:00,15903.75,15904.8,15900.5,15902.15,15903.5,15904,15904.5,15905.1,15900.3,15900.7,15901.9,15902.4,0.5,773.1000097
2026-05-18T04:15:00+00:00,15902.2,15903.75,15901.2,15903.55,15901.9,15902.5,15903.5,15904,15901,15901.4,15903.3,15903.8,0.5,435.0600063
2026-05-18T04:20:00+00:00,15903.5,15903.9,15899.3,15901.9,15903.2,15903.8,15903.6,15904.2,15898.9,15899.7,15901.5,15902.3,0.8,596.9900068
2026-05-18T04:25:00+00:00,15902,15902.25,15900.4,15900.55,15901.7,15902.3,15901.9,15902.6,15900.1,15900.7,15900.2,15900.9,0.7,599.6800069
2026-05-18T04:30:00+00:00,15900.65,15900.8,15895.45,15895.55,15900.3,15901,15900.5,15901.1,15895.2,15895.7,15895.4,15895.7,0.3,1069.720016
2026-05-18T04:35:00+00:00,15895.6,15898.7,15895.6,15898,15895.5,15895.7,15898.4,15899,15895.5,15895.7,15897.7,15898.3,0.6,573.4500086
2026-05-18T04:40:00+00:00,15897.85,15898,15894.2,15895.65,15897.6,15898.1,15897.7,15898.3,15893.9,15894.5,15895.4,15895.9,0.5,344.3100035
2026-05-18T04:45:00+00:00,15895.6,15897.15,15895.35,15897,15895.3,15895.9,15896.8,15897.5,15895.1,15895.6,15896.7,15897.3,0.6,410.1100039
2026-05-18T04:50:00+00:00,15897.2,15898.65,15894.55,15895.75,15896.9,15897.5,15898.3,15899,15894.2,15894.9,15895.4,15896.1,0.7,754.9600093
2026-05-18T04:55:00+00:00,15895.5,15898.85,15894.1,15898.4,15895.2,15895.8,15898.6,15899.1,15893.9,15894.3,15898.1,15898.7,0.6,742.9600072
2026-05-18T05:00:00+00:00,15898.7,15900.05,15896.75,15896.8,15898.4,15899,15899.8,15900.3,15896.5,15897,15896.6,15897,0.4,924.7500089
2026-05-18T05:05:00+00:00,15896.95,15899,15896.7,15898.8,15896.8,15897.1,15898.7,15899.3,15896.4,15897,15898.5,15899.1,0.6,1352.860016
2026-05-18T05:10:00+00:00,15898.75,15899.35,15898.05,15898.45,15898.5,15899,15899.1,15899.6,15897.8,15898.3,15898.2,15898.7,0.5,744.2300036
2026-05-18T05:15:00+00:00,15898.55,15900,15896.65,15897.05,15898.3,15898.8,15899.7,15900.3,15896.3,15897,15896.8,15897.3,0.5,535.4100075
2026-05-18T05:20:00+00:00,15897,15898,15894.6,15894.65,15896.8,15897.2,15897.7,15898.3,15894.3,15894.9,15894.4,15894.9,0.5,465.3500069
2026-05-18T05:25:00+00:00,15895.05,15896.8,15894.5,15895.8,15894.8,15895.3,15896.5,15897.1,15894.2,15894.8,15895.5,15896.1,0.6,425.1400037
2026-05-18T05:30:00+00:00,15895.7,15897.1,15894.55,15895.65,15895.4,15896,15896.7,15897.5,15894.3,15894.8,15895.4,15895.9,0.5,395.3000077
2026-05-18T05:35:00+00:00,15895.55,15895.65,15890.55,15891,15895.3,15895.8,15895.4,15895.9,15890.2,15890.9,15890.7,15891.3,0.6,603.840009
2026-05-18T05:40:00+00:00,15891.15,15894.9,15890.75,15894.8,15890.9,15891.4,15894.6,15895.2,15890.5,15891,15894.5,15895.1,0.6,582.2400095
2026-05-18T05:45:00+00:00,15895,15895.5,15893.1,15894.35,15894.7,15895.3,15895.3,15895.7,15892.8,15893.4,15894.1,15894.6,0.5,736.3100103
2026-05-18T05:50:00+00:00,15894.4,15895.75,15894.3,15894.7,15894.2,15894.6,15895.4,15896.1,15894,15894.6,15894.4,15895,0.6,390.210006
2026-05-18T05:55:00+00:00,15894.85,15896.4,15894.5,15894.85,15894.5,15895.2,15896.1,15896.7,15894.3,15894.7,15894.6,15895.1,0.5,579.6000094
2026-05-18T06:00:00+00:00,15894.9,15895.5,15890.5,15893.7,15894.6,15895.2,15895.3,15895.7,15890.3,15890.7,15893.4,15894,0.6,1367.720011
2026-05-18T06:05:00+00:00,15893.65,15893.85,15888.65,15891.05,15893.3,15894,15893.6,15894.1,15888.4,15888.9,15890.7,15891.4,0.7,1279.800011
2026-05-18T06:10:00+00:00,15890.95,15892.25,15890.05,15891.15,15890.7,15891.2,15891.9,15892.6,15889.8,15890.3,15890.9,15891.4,0.5,794.1500031
2026-05-18T06:15:00+00:00,15891.1,15891.1,15885.7,15887,15890.9,15891.3,15890.9,15891.3,15885.5,15885.9,15886.7,15887.3,0.6,902.9500114
2026-05-18T06:20:00+00:00,15887.05,15887.25,15883.8,15884.8,15886.7,15887.4,15887,15887.5,15883.5,15884.1,15884.5,15885.1,0.6,1154.340012
2026-05-18T06:25:00+00:00,15884.85,15888.55,15884.7,15888.4,15884.6,15885.1,15888.2,15888.9,15884.4,15885,15888.1,15888.7,0.6,755.1100088
2026-05-18T06:30:00+00:00,15888.35,15888.35,15884.25,15887.55,15888.1,15888.6,15888.1,15888.6,15884,15884.5,15887.4,15887.7,0.3,1118.500017
2026-05-18T06:35:00+00:00,15887.45,15888.8,15887.15,15888.25,15887.2,15887.7,15888.5,15889.1,15886.9,15887.4,15888,15888.5,0.5,596.9900072
2026-05-18T06:40:00+00:00,15888.3,15890.6,15886.1,15888.9,15888.1,15888.5,15890.3,15890.9,15885.9,15886.3,15888.6,15889.2,0.6,821.7800092
2026-05-18T06:45:00+00:00,15889.1,15890.65,15887.1,15889.6,15888.8,15889.4,15890.4,15890.9,15886.8,15887.4,15889.3,15889.9,0.6,972.0100137
2026-05-18T06:50:00+00:00,15889.55,15890.1,15886.9,15887.8,15889.3,15889.8,15889.8,15890.4,15886.7,15887.1,15887.5,15888.1,0.6,652.720013
2026-05-18T06:55:00+00:00,15887.95,15889.7,15886.5,15889.5,15887.7,15888.2,15889.4,15890,15886.3,15886.7,15889.3,15889.7,0.4,893.8700111
2026-05-18T07:00:00+00:00,15889.45,15892.8,15888.7,15892,15889.2,15889.7,15892.5,15893.1,15888.4,15889,15891.7,15892.3,0.6,1251.140012
2026-05-18T07:05:00+00:00,15892.1,15892.65,15890.65,15891.85,15891.9,15892.3,15892.4,15892.9,15890.4,15890.9,15891.6,15892.1,0.5,640.6500089
2026-05-18T07:10:00+00:00,15892,15898.45,15892,15896.2,15891.7,15892.3,15898.1,15898.8,15891.7,15892.3,15896,15896.4,0.4,715.1700085
2026-05-18T07:15:00+00:00,15896.3,15897.4,15894.9,15896.3,15896.1,15896.5,15897.1,15897.7,15894.6,15895.2,15896.1,15896.5,0.4,431.2500055
2026-05-18T07:20:00+00:00,15896.4,15897.6,15893.1,15893.75,15896.1,15896.7,15897.3,15897.9,15893,15893.2,15893.6,15893.9,0.3,750.8200083
2026-05-18T07:25:00+00:00,15893.7,15893.7,15882.15,15883.9,15893.5,15893.9,15893.5,15893.9,15881.9,15882.4,15883.6,15884.2,0.6,2503.660035
2026-05-18T07:30:00+00:00,15884,15884.7,15880.8,15884.4,15883.7,15884.3,15884.4,15885,15880.6,15881,15884.2,15884.6,0.4,1950.100027
2026-05-18T07:35:00+00:00,15884.25,15888.4,15883.85,15887.35,15884.1,15884.4,15888.1,15888.7,15883.6,15884.1,15887.1,15887.6,0.5,1300.980014
2026-05-18T07:40:00+00:00,15887.4,15888.55,15885.35,15885.75,15887.1,15887.7,15888.3,15888.8,15885.1,15885.6,15885.5,15886,0.5,742.8400128
2026-05-18T07:45:00+00:00,15885.8,15889.7,15885.45,15889.45,15885.6,15886,15889.5,15889.9,15885.2,15885.7,15889.3,15889.6,0.3,569.4000086
2026-05-18T07:50:00+00:00,15889.55,15891.85,15888.55,15889.75,15889.4,15889.7,15891.6,15892.1,15888.3,15888.8,15889.5,15890,0.5,782.9700089
2026-05-18T07:55:00+00:00,15890.2,15892.25,15888.05,15892.1,15890.1,15890.3,15892.1,15892.4,15887.9,15888.2,15891.9,15892.3,0.4,2525.000048
2026-05-18T08:00:00+00:00,15892.2,15892.35,15888.9,15890.6,15891.9,15892.5,15892.1,15892.6,15888.7,15889.1,15890.3,15890.9,0.6,1651.340028
2026-05-18T08:05:00+00:00,15890.65,15891.8,15889.15,15891.8,15890.4,15890.9,15891.5,15892.1,15888.9,15889.4,15891.5,15892.1,0.6,1016.420016
2026-05-18T08:10:00+00:00,15891.85,15893.35,15889.4,15889.65,15891.6,15892.1,15893.2,15893.5,15889.2,15889.6,15889.5,15889.8,0.3,734.8700148
2026-05-18T08:15:00+00:00,15889.55,15890.75,15886.5,15887.15,15889.4,15889.7,15890.5,15891,15886.3,15886.7,15886.9,15887.4,0.5,786.6200113
2026-05-18T08:20:00+00:00,15887.05,15887.4,15884.4,15886.7,15886.8,15887.3,15887.2,15887.6,15884.2,15884.6,15886.6,15886.8,0.2,688.9200064
2026-05-18T08:25:00+00:00,15886.55,15886.75,15883.15,15883.3,15886.4,15886.7,15886.6,15886.9,15882.9,15883.4,15883.1,15883.5,0.4,703.5200161
2026-05-18T08:30:00+00:00,15883.25,15883.95,15879.15,15879.9,15883,15883.5,15883.7,15884.2,15878.8,15879.5,15879.6,15880.2,0.6,811.5900162
2026-05-18T08:35:00+00:00,15880.15,15885.7,15880.15,15883.6,15879.9,15880.4,15885.5,15885.9,15879.9,15880.4,15883.3,15883.9,0.6,750.3500102
2026-05-18T08:40:00+00:00,15883.5,15887.05,15883.45,15886.85,15883.2,15883.8,15886.9,15887.2,15883.1,15883.8,15886.5,15887.2,0.7,578.070006
2026-05-18T08:45:00+00:00,15886.9,15887.45,15882.2,15882.2,15886.7,15887.1,15887.2,15887.7,15881.9,15882.5,15881.9,15882.5,0.6,829.8100115
2026-05-18T08:50:00+00:00,15882.55,15882.85,15879.25,15880.6,15882.3,15882.8,15882.6,15883.1,15878.9,15879.6,15880.4,15880.8,0.4,1118.650015
2026-05-18T08:55:00+00:00,15880.55,15882.95,15880.25,15882.75,15880.4,15880.7,15882.7,15883.2,15880,15880.5,15882.5,15883,0.5,815.0400112
2026-05-18T09:00:00+00:00,15882.65,15887.15,15882.65,15886.9,15882.4,15882.9,15886.9,15887.4,15882.4,15882.9,15886.6,15887.2,0.6,641.8100113
2026-05-18T09:05:00+00:00,15887.05,15887.15,15885.3,15886.25,15886.8,15887.3,15886.9,15887.4,15885,15885.6,15886,15886.5,0.5,673.4100082
2026-05-18T09:10:00+00:00,15886.4,15888.45,15885.25,15886.6,15886.2,15886.6,15888.3,15888.6,15884.9,15885.6,15886.3,15886.9,0.6,461.6100063
2026-05-18T09:15:00+00:00,15886.7,15887.3,15885.25,15887.25,15886.5,15886.9,15887.1,15887.5,15884.9,15885.6,15887,15887.5,0.5,354.9800066
2026-05-18T09:20:00+00:00,15887.3,15887.3,15884.4,15885.55,15887.2,15887.4,15887.2,15887.4,15884.2,15884.6,15885.3,15885.8,0.5,320.0400083
2026-05-18T09:25:00+00:00,15885.65,15887.35,15885.65,15886.35,15885.4,15885.9,15887.2,15887.5,15885.4,15885.9,15886.1,15886.6,0.5,517.3800112
2026-05-18T09:30:00+00:00,15886.45,15887.9,15885.25,15885.35,15886.2,15886.7,15887.6,15888.2,15884.9,15885.6,15885,15885.7,0.7,706.6900113
2026-05-18T09:35:00+00:00,15885.4,15886.65,15883.05,15885.6,15885,15885.8,15886.3,15887,15882.9,15883.2,15885.4,15885.8,0.4,421.7400099
2026-05-18T09:40:00+00:00,15885.55,15886.65,15884.4,15886.15,15885.3,15885.8,15886.4,15886.9,15884.1,15884.7,15885.9,15886.4,0.5,323.6100068
2026-05-18T09:45:00+00:00,15886.25,15888,15885.45,15887.65,15886.1,15886.4,15887.8,15888.2,15885.2,15885.7,15887.4,15887.9,0.5,344.1000043
2026-05-18T09:50:00+00:00,15887.55,15891.1,15886.95,15890.65,15887.3,15887.8,15890.9,15891.3,15886.7,15887.2,15890.4,15890.9,0.5,619.5300068
2026-05-18T09:55:00+00:00,15890.75,15893.45,15890.35,15893.4,15890.5,15891,15893.2,15893.7,15890.1,15890.6,15893.2,15893.6,0.4,571.3600057
2026-05-18T10:00:00+00:00,15893.45,15895.3,15891.55,15893.3,15893.2,15893.7,15895.1,15895.5,15891.4,15891.7,15893.1,15893.5,0.4,576.4800123
2026-05-18T10:05:00+00:00,15893.25,15894.6,15891.65,15892.2,15893,15893.5,15894.4,15894.8,15891.4,15891.9,15892,15892.4,0.4,424.4100094
2026-05-18T10:10:00+00:00,15892.15,15892.45,15890.55,15891.05,15891.9,15892.4,15892.2,15892.7,15890.3,15890.8,15890.8,15891.3,0.5,277.7000051
2026-05-18T10:15:00+00:00,15891.15,15892.2,15891,15891.25,15891,15891.3,15892,15892.4,15890.7,15891.3,15891,15891.5,0.5,235.000003
2026-05-18T10:20:00+00:00,15891.35,15892.7,15891.25,15891.7,15891.1,15891.6,15892.4,15893,15891,15891.5,15891.5,15891.9,0.4,307.2000037
2026-05-18T10:25:00+00:00,15891.8,15892.15,15890.35,15890.45,15891.5,15892.1,15891.9,15892.4,15890.1,15890.6,15890.2,15890.7,0.5,412.6500047
2026-05-18T10:30:00+00:00,15890.65,15891.9,15889.9,15891.75,15890.4,15890.9,15891.7,15892.1,15889.7,15890.1,15891.5,15892,0.5,639.6100079
2026-05-18T10:35:00+00:00,15891.65,15892.55,15891.5,15891.85,15891.4,15891.9,15892.3,15892.8,15891.3,15891.7,15891.6,15892.1,0.5,605.2400064
2026-05-18T10:40:00+00:00,15891.8,15892.2,15890.35,15890.45,15891.5,15892.1,15892.1,15892.3,15890.2,15890.5,15890.2,15890.7,0.5,301.1600039
2026-05-18T10:45:00+00:00,15890.35,15892.5,15890.3,15891.9,15890.2,15890.5,15892.2,15892.8,15890.1,15890.5,15891.7,15892.1,0.4,205.5000041
2026-05-18T10:50:00+00:00,15892,15892.45,15890.15,15891.95,15891.8,15892.2,15892.2,15892.7,15890,15890.3,15891.8,15892.1,0.3,281.9000053
2026-05-18T10:55:00+00:00,15891.8,15893.35,15891.2,15893.1,15891.6,15892,15893.1,15893.6,15891.1,15891.3,15892.9,15893.3,0.4,532.0100127
2026-05-18T11:00:00+00:00,15893,15893.9,15891.8,15893.6,15892.7,15893.3,15893.7,15894.1,15891.6,15892,15893.4,15893.8,0.4,511.6500081
2026-05-18T11:05:00+00:00,15893.7,15894.8,15891.8,15894.6,15893.5,15893.9,15894.6,15895,15891.6,15892,15894.4,15894.8,0.4,404.4100051
2026-05-18T11:10:00+00:00,15894.75,15896,15893.95,15894.7,15894.5,15895,15895.8,15896.2,15893.7,15894.2,15894.5,15894.9,0.4,692.9300072
2026-05-18T11:15:00+00:00,15894.8,15895.45,15893.9,15894.3,15894.6,15895,15895.2,15895.7,15893.7,15894.1,15894.1,15894.5,0.4,256.100005
2026-05-18T11:20:00+00:00,15894.15,15894.4,15891.85,15892,15894,15894.3,15894.2,15894.6,15891.6,15892.1,15891.7,15892.3,0.6,259.6100051
2026-05-18T11:25:00+00:00,15892.05,15894.7,15891.85,15894.05,15891.7,15892.4,15894.4,15895,15891.6,15892.1,15893.8,15894.3,0.5,349.3000051
2026-05-18T11:30:00+00:00,15894.15,15894.5,15887.95,15890.35,15893.8,15894.5,15894.3,15894.7,15887.7,15888.2,15890,15890.7,0.7,1240.980018
2026-05-18T11:35:00+00:00,15890.25,15892.9,15875.85,15879.75,15889.9,15890.6,15892.7,15893.1,15875.6,15876.1,15879.7,15879.8,0.1,1527.650029
2026-05-18T11:40:00+00:00,15879.6,15883.15,15868.4,15873.2,15879.4,15879.8,15882.9,15883.4,15868.1,15868.7,15872.8,15873.6,0.8,3849.270058
2026-05-18T11:45:00+00:00,15873.1,15882.3,15873.05,15882.3,15872.7,15873.5,15882.2,15882.4,15872.6,15873.5,15882.2,15882.4,0.2,1830.870023
2026-05-18T11:50:00+00:00,15882.65,15885.9,15881.05,15885.7,15882.5,15882.8,15885.6,15886.2,15880.7,15881.4,15885.4,15886,0.6,843.4400173
2026-05-18T11:55:00+00:00,15885.4,15885.7,15881.95,15883.75,15885.1,15885.7,15885.4,15886,15881.7,15882.2,15883.3,15884.2,0.9,905.0100173
2026-05-18T12:00:00+00:00,15883.65,15884.4,15879.1,15879.55,15883.3,15884,15884.1,15884.7,15878.8,15879.4,15879.3,15879.8,0.5,1549.310019
2026-05-18T12:05:00+00:00,15879.3,15879.35,15875.85,15876.45,15879,15879.6,15879.1,15879.6,15875.5,15876.2,15876.2,15876.7,0.5,948.0200185
2026-05-18T12:10:00+00:00,15876.6,15879.5,15875.3,15879.2,15876.3,15876.9,15879.2,15879.8,15875.1,15875.5,15878.9,15879.5,0.6,809.790015
2026-05-18T12:15:00+00:00,15879.15,15883.8,15878.25,15881.65,15878.9,15879.4,15883.7,15883.9,15877.9,15878.6,15881.4,15881.9,0.5,1368.230023
2026-05-18T12:20:00+00:00,15881.95,15884.2,15880.8,15881.95,15881.7,15882.2,15883.9,15884.5,15880.5,15881.1,15881.6,15882.3,0.7,902.5200146
2026-05-18T12:25:00+00:00,15882.1,15883.3,15880.8,15882.25,15881.8,15882.4,15883.1,15883.5,15880.5,15881.1,15882,15882.5,0.5,786.6500133
2026-05-18T12:30:00+00:00,15882.25,15883.35,15877.05,15877.35,15882,15882.5,15883.2,15883.5,15876.9,15877.2,15877.1,15877.6,0.5,1183.950019
2026-05-18T12:35:00+00:00,15877.15,15879.6,15872.55,15874.35,15876.8,15877.5,15879.3,15879.9,15872.3,15872.8,15874.1,15874.6,0.5,2310.020031
2026-05-18T12:40:00+00:00,15874.55,15878.3,15868.35,15868.8,15874.3,15874.8,15878,15878.6,15868.1,15868.6,15868.7,15868.9,0.2,3201.960033
2026-05-18T12:45:00+00:00,15868.85,15869.5,15861.4,15868.25,15868.7,15869,15869.2,15869.8,15861.1,15861.7,15868,15868.5,0.5,3133.310042
2026-05-18T12:50:00+00:00,15868.2,15874.55,15867.1,15873.15,15867.9,15868.5,15874.2,15874.9,15866.8,15867.4,15873,15873.3,0.3,2207.790027
2026-05-18T12:55:00+00:00,15873,15874,15868.95,15869.1,15872.8,15873.2,15873.8,15874.2,15868.7,15869.2,15868.9,15869.3,0.4,1196.080027
2026-05-18T13:00:00+00:00,15869.15,15874.15,15868.1,15873.25,15869,15869.3,15873.9,15874.4,15867.8,15868.4,15872.9,15873.6,0.7,3391.540039
2026-05-18T13:05:00+00:00,15873.3,15874.3,15870.95,15871.6,15873,15873.6,15874,15874.6,15870.7,15871.2,15871.4,15871.8,0.4,2491.340029
2026-05-18T13:10:00+00:00,15871.7,15874.05,15870.6,15872.05,15871.5,15871.9,15873.8,15874.3,15870.4,15870.8,15871.8,15872.3,0.5,1457.420014
2026-05-18T13:15:00+00:00,15872.1,15876.25,15872.1,15875.4,15871.9,15872.3,15876,15876.5,15871.9,15872.3,15875.1,15875.7,0.6,1348.650012
2026-05-18T13:20:00+00:00,15875.45,15878.2,15874.15,15876.5,15875.2,15875.7,15878,15878.4,15874,15874.3,15876.3,15876.7,0.4,1131.980008
2026-05-18T13:25:00+00:00,15876.55,15876.9,15873,15874.25,15876.3,15876.8,15876.7,15877.1,15872.7,15873.3,15874,15874.5,0.5,1485.340016
2026-05-18T13:30:00+00:00,15874.05,15876.1,15870.85,15872.95,15873.9,15874.2,15875.9,15876.3,15870.6,15871.1,15872.7,15873.2,0.5,2222.880021
2026-05-18T13:35:00+00:00,15873.15,15874.85,15870.3,15874.3,15872.9,15873.4,15874.6,15875.1,15870.1,15870.5,15874.1,15874.5,0.4,1596.330016
2026-05-18T13:40:00+00:00,15874.2,15876.55,15869.65,15874.05,15874,15874.4,15876.3,15876.8,15869.6,15869.7,15873.8,15874.3,0.5,2159.620028
2026-05-18T13:45:00+00:00,15874.1,15874.7,15865.75,15868.65,15873.8,15874.4,15874.4,15875,15865.5,15866,15868.4,15868.9,0.5,2868.33004
2026-05-18T13:50:00+00:00,15868.75,15870.5,15866.05,15866.05,15868.5,15869,15870.3,15870.7,15865.8,15866.3,15865.8,15866.3,0.5,1587.950019
2026-05-18T13:55:00+00:00,15865.75,15875.8,15865,15874.75,15865.6,15865.9,15875.7,15875.9,15864.8,15865.2,15874.6,15874.9,0.3,2276.100035
2026-05-18T14:00:00+00:00,15874.7,15883.65,15873.4,15882.1,15874.6,15874.8,15883.5,15883.8,15873.3,15873.5,15881.9,15882.3,0.4,2639.820034
2026-05-18T14:05:00+00:00,15882.05,15885.45,15880.9,15882.15,15881.9,15882.2,15885.2,15885.7,15880.8,15881,15881.9,15882.4,0.5,3288.400037
2026-05-18T14:10:00+00:00,15882.15,15888.15,15880.7,15886.75,15882,15882.3,15888,15888.3,15880.5,15880.9,15886.4,15887.1,0.7,3637.140028
2026-05-18T14:15:00+00:00,15886.85,15888.15,15883.15,15883.2,15886.7,15887,15888,15888.3,15882.9,15883.4,15883,15883.4,0.4,1472.920022
2026-05-18T14:20:00+00:00,15883.25,15889.2,15882.75,15885.75,15883.1,15883.4,15889,15889.4,15882.6,15882.9,15885.5,15886,0.5,1995.380021
2026-05-18T14:25:00+00:00,15885.7,15886.75,15884.1,15885.55,15885.4,15886,15886.5,15887,15883.9,15884.3,15885.3,15885.8,0.5,1531.250015
2026-05-18T14:30:00+00:00,15885.55,15891.3,15885.2,15889.4,15885.3,15885.8,15891.1,15891.5,15885,15885.4,15889.2,15889.6,0.4,2136.230024
2026-05-18T14:35:00+00:00,15889.3,15891.7,15887.85,15888.25,15889.1,15889.5,15891.4,15892,15887.6,15888.1,15888,15888.5,0.5,2382.62002
2026-05-18T14:40:00+00:00,15888.15,15891.4,15888.05,15889.6,15887.9,15888.4,15891.3,15891.5,15887.7,15888.4,15889.5,15889.7,0.2,1509.830016
2026-05-18T14:45:00+00:00,15889.4,15890.55,15886.1,15886.75,15889.2,15889.6,15890.3,15890.8,15885.8,15886.4,15886.6,15886.9,0.3,969.9100162
2026-05-18T14:50:00+00:00,15886.7,15887.7,15880.35,15882.05,15886.5,15886.9,15887.4,15888,15880.1,15880.6,15881.7,15882.4,0.7,1175.34002
2026-05-18T14:55:00+00:00,15882.1,15885.6,15881.35,15884.15,15881.8,15882.4,15885.4,15885.8,15881.1,15881.6,15883.9,15884.4,0.5,2434.440045
2026-05-18T15:00:00+00:00,15883.95,15893.3,15882.95,15891.95,15883.7,15884.2,15893.1,15893.5,15882.8,15883.1,15891.7,15892.2,0.5,4674.770054
2026-05-18T15:05:00+00:00,15892.05,15893.95,15888.55,15893.8,15891.8,15892.3,15893.7,15894.2,15888.4,15888.7,15893.6,15894,0.4,2358.750025
2026-05-18T15:10:00+00:00,15893.75,15893.75,15889.35,15889.7,15893.5,15894,15893.5,15894,15889.1,15889.6,15889.4,15890,0.6,1679.16002
2026-05-18T15:15:00+00:00,15889.7,15891.3,15888.25,15890,15889.4,15890,15891,15891.6,15887.9,15888.6,15889.7,15890.3,0.6,1347.010017
2026-05-18T15:20:00+00:00,15889.75,15891.85,15889.45,15890.35,15889.5,15890,15891.6,15892.1,15889.2,15889.7,15890,15890.7,0.7,1680.570022
2026-05-18T15:25:00+00:00,15890.3,15890.75,15886.75,15887.1,15890,15890.6,15890.4,15891.1,15886.6,15886.9,15886.9,15887.3,0.4,1079.510018
2026-05-18T15:30:00+00:00,15887.05,15887.1,15883.3,15884.25,15886.8,15887.3,15886.9,15887.3,15883.2,15883.4,15884.1,15884.4,0.3,1681.550023
2026-05-18T15:35:00+00:00,15884.05,15885.2,15880.95,15883.2,15883.8,15884.3,15884.9,15885.5,15880.7,15881.2,15882.9,15883.5,0.6,1690.590025
2026-05-18T15:40:00+00:00,15883.1,15884.6,15880.45,15884.2,15882.9,15883.3,15884.4,15884.8,15880.2,15880.7,15884,15884.4,0.4,1147.220024
2026-05-18T15:45:00+00:00,15884.1,15886.8,15883.45,15886.4,15883.8,15884.4,15886.5,15887.1,15883.1,15883.8,15886,15886.8,0.8,1086.100019
2026-05-18T15:50:00+00:00,15886.7,15886.8,15880.3,15881.05,15886.5,15886.9,15886.5,15887.1,15880.1,15880.5,15880.8,15881.3,0.5,857.0000154
2026-05-18T15:55:00+00:00,15881.1,15883.9,15880.1,15883.3,15880.9,15881.3,15883.7,15884.1,15879.9,15880.3,15883.2,15883.4,0.2,1166.14002
2026-05-18T16:00:00+00:00,15883.35,15885.5,15882.95,15884.25,15883.3,15883.4,15885.4,15885.6,15882.8,15883.1,15883.9,15884.6,0.7,1362.310027
2026-05-18T16:05:00+00:00,15884,15884.4,15881.35,15881.75,15883.8,15884.2,15884.2,15884.6,15881.1,15881.6,15881.6,15881.9,0.3,873.190016
2026-05-18T16:10:00+00:00,15881.8,15882.35,15879.05,15879.2,15881.7,15881.9,15882.1,15882.6,15878.8,15879.3,15879,15879.4,0.4,1055.020018
2026-05-18T16:15:00+00:00,15879.25,15880.75,15877.55,15879.1,15879,15879.5,15880.4,15881.1,15877.3,15877.8,15878.9,15879.3,0.4,781.5900141
2026-05-18T16:20:00+00:00,15879,15887.05,15877.95,15886.2,15878.7,15879.3,15886.9,15887.2,15877.7,15878.2,15886,15886.4,0.4,1460.030023
2026-05-18T16:25:00+00:00,15886.1,15893.1,15885.35,15892.75,15885.9,15886.3,15892.9,15893.3,15885.1,15885.6,15892.6,15892.9,0.3,2113.950036
2026-05-18T16:30:00+00:00,15892.9,15894.3,15890.2,15892.1,15892.7,15893.1,15894,15894.6,15889.9,15890.5,15891.8,15892.4,0.6,1495.620024
2026-05-18T16:35:00+00:00,15892.2,15892.3,15888.55,15890.65,15891.9,15892.5,15892.1,15892.5,15888.3,15888.8,15890.5,15890.8,0.3,914.1100147
2026-05-18T16:40:00+00:00,15890.7,15890.75,15889.05,15890.55,15890.6,15890.8,15890.6,15890.9,15888.8,15889.3,15890.4,15890.7,0.3,703.5400093
2026-05-18T16:45:00+00:00,15890.5,15890.75,15888.05,15889.5,15890.3,15890.7,15890.5,15891,15887.9,15888.2,15889.3,15889.7,0.4,780.0100121
2026-05-18T16:50:00+00:00,15889.45,15894.5,15888.25,15893.9,15889.2,15889.7,15894.4,15894.6,15888,15888.5,15893.8,15894,0.2,911.140016
2026-05-18T16:55:00+00:00,15894,15894.5,15891.85,15893.55,15893.8,15894.2,15894.3,15894.7,15891.6,15892.1,15893.4,15893.7,0.3,1128.810011
2026-05-18T17:00:00+00:00,15893.75,15895.2,15891.7,15891.8,15893.5,15894,15894.9,15895.5,15891.4,15892,15891.5,15892.1,0.6,1555.580029
2026-05-18T17:05:00+00:00,15892.1,15893.85,15890.55,15893.3,15892,15892.2,15893.7,15894,15890.4,15890.7,15893.1,15893.5,0.4,1314.510014
2026-05-18T17:10:00+00:00,15893.25,15893.4,15890.45,15892.45,15892.9,15893.6,15893.1,15893.7,15890.2,15890.7,15892.2,15892.7,0.5,1055.290009
2026-05-18T17:15:00+00:00,15892.5,15893,15888.8,15889.5,15892.3,15892.7,15892.8,15893.2,15888.6,15889,15889.3,15889.7,0.4,701.6100084
2026-05-18T17:20:00+00:00,15889.4,15893.05,15889.35,15891.75,15889.1,15889.7,15892.8,15893.3,15889.1,15889.6,15891.5,15892,0.5,1398.340008
2026-05-18T17:25:00+00:00,15891.7,15893.15,15891.35,15893,15891.5,15891.9,15892.9,15893.4,15891.1,15891.6,15892.8,15893.2,0.4,668.4000034
2026-05-18T17:30:00+00:00,15893.1,15893.15,15891.85,15892.85,15892.9,15893.3,15892.9,15893.4,15891.7,15892,15892.6,15893.1,0.5,969.7700026
2026-05-18T17:35:00+00:00,15892.9,15894.05,15891,15891.45,15892.6,15893.2,15893.7,15894.4,15890.8,15891.2,15891.2,15891.7,0.5,810.2500066
2026-05-18T17:40:00+00:00,15891.45,15891.85,15889.2,15891.15,15891.2,15891.7,15891.6,15892.1,15889,15889.4,15891,15891.3,0.3,978.3800085
2026-05-18T17:45:00+00:00,15891.1,15891.6,15890.15,15891.6,15891,15891.2,15891.4,15891.8,15889.9,15890.4,15891.4,15891.8,0.4,695.2300112
2026-05-18T17:50:00+00:00,15891.65,15891.95,15889.45,15891.7,15891.4,15891.9,15891.7,15892.2,15889.3,15889.6,15891.5,15891.9,0.4,884.1100088
2026-05-18T17:55:00+00:00,15891.45,15891.95,15891.2,15891.65,15891.2,15891.7,15891.7,15892.2,15890.9,15891.5,15891.5,15891.8,0.3,543.7500062
2026-05-18T18:00:00+00:00,15891.5,15895.7,15891.45,15894.45,15891.2,15891.8,15895.5,15895.9,15891.2,15891.7,15894.3,15894.6,0.3,930.5700151
2026-05-18T18:05:00+00:00,15894.45,15895.35,15893.95,15895.25,15894.3,15894.6,15895.1,15895.6,15893.7,15894.2,15895.1,15895.4,0.3,777.3600122
2026-05-18T18:10:00+00:00,15895.2,15896.35,15894.35,15895.2,15895,15895.4,15896.2,15896.5,15894.2,15894.5,15895,15895.4,0.4,562.0500076
2026-05-18T18:15:00+00:00,15895.3,15897.55,15895.15,15896.75,15895.1,15895.5,15897.3,15897.8,15894.9,15895.4,15896.5,15897,0.5,680.6800082
2026-05-18T18:20:00+00:00,15896.9,15899.15,15896.85,15899.1,15896.7,15897.1,15899,15899.3,15896.6,15897.1,15898.9,15899.3,0.4,651.0100107
2026-05-18T18:25:00+00:00,15899.05,15903.65,15899,15900.5,15898.8,15899.3,15903.5,15903.8,15898.8,15899.2,15900.3,15900.7,0.4,1601.800019
2026-05-18T18:30:00+00:00,15900.35,15901.3,15899.5,15900.15,15900.1,15900.6,15901.1,15901.5,15899.2,15899.8,15899.9,15900.4,0.5,1324.250025
2026-05-18T18:35:00+00:00,15900.1,15901.9,15898.05,15901.5,15899.9,15900.3,15901.8,15902,15897.8,15898.3,15901.4,15901.6,0.2,817.3600152
2026-05-18T18:40:00+00:00,15901.55,15902.45,15900.8,15901.25,15901.4,15901.7,15902.3,15902.6,15900.7,15900.9,15901,15901.5,0.5,822.9000068
2026-05-18T18:45:00+00:00,15901.25,15902.9,15901.2,15902.75,15901,15901.5,15902.7,15903.1,15901,15901.4,15902.5,15903,0.5,718.2500037
2026-05-18T18:50:00+00:00,15902.75,15903.9,15902.55,15903.85,15902.5,15903,15903.6,15904.2,15902.3,15902.8,15903.6,15904.1,0.5,953.9700037
2026-05-18T18:55:00+00:00,15904.05,15907.85,15902.85,15907.7,15903.9,15904.2,15907.6,15908.1,15902.7,15903,15907.4,15908,0.6,1991.010021
2026-05-18T19:00:00+00:00,15907.6,15908.3,15881.05,15888.25,15907.3,15907.9,15908.1,15908.5,15880.8,15881.3,15888.1,15888.4,0.3,5433.500095
2026-05-18T19:05:00+00:00,15888.2,15893.3,15885.9,15889.6,15888.1,15888.3,15893,15893.6,15885.7,15886.1,15889.4,15889.8,0.4,3467.230047
2026-05-18T19:10:00+00:00,15889.55,15893.75,15888.35,15890.3,15889.3,15889.8,15893.6,15893.9,15888.2,15888.5,15890,15890.6,0.6,2279.150028
2026-05-18T19:15:00+00:00,15890.3,15892.9,15888.85,15889.7,15889.9,15890.7,15892.6,15893.2,15888.6,15889.1,15889.4,15890,0.6,1367.800017
2026-05-18T19:20:00+00:00,15889.4,15892.7,15886.95,15892.45,15889.2,15889.6,15892.4,15893,15886.7,15887.2,15892.2,15892.7,0.5,977.1100194
2026-05-18T19:25:00+00:00,15892.55,15894.2,15890.45,15890.65,15892.3,15892.8,15893.9,15894.5,15890.2,15890.7,15890.3,15891,0.7,1110.760019
2026-05-18T19:30:00+00:00,15890.6,15892.85,15887.25,15890.5,15890.4,15890.8,15892.7,15893,15887.1,15887.4,15890.2,15890.8,0.6,1512.200014
2026-05-18T19:35:00+00:00,15890.3,15890.35,15886.95,15887.1,15890.1,15890.5,15890.1,15890.6,15886.7,15887.2,15886.9,15887.3,0.4,1321.590009
2026-05-18T19:40:00+00:00,15887,15889.1,15885.6,15888,15886.8,15887.2,15888.9,15889.3,15885.4,15885.8,15887.8,15888.2,0.4,1257.380014
2026-05-18T19:45:00+00:00,15888.05,15888.2,15883.4,15883.85,15887.9,15888.2,15888,15888.4,15883.2,15883.6,15883.6,15884.1,0.5,1019.24002
2026-05-18T19:50:00+00:00,15883.8,15886.3,15883.35,15884.2,15883.5,15884.1,15886,15886.6,15883.1,15883.6,15884,15884.4,0.4,859.6300156
2026-05-18T19:55:00+00:00,15884.65,15889.1,15883.95,15888.7,15884.5,15884.8,15888.9,15889.3,15883.6,15884.3,15888.5,15888.9,0.4,910.9500116
2026-05-18T20:00:00+00:00,15888.55,15888.55,15884.05,15885.35,15888.4,15888.7,15888.4,15888.7,15883.8,15884.3,15885,15885.7,0.7,768.6000119
2026-05-18T20:05:00+00:00,15885.45,15885.7,15883,15885.35,15885.2,15885.7,15885.4,15886,15882.8,15883.2,15885.1,15885.6,0.5,1432.810017
2026-05-18T20:10:00+00:00,15885.4,15885.9,15883.9,15884.45,15885.1,15885.7,15885.7,15886.1,15883.6,15884.2,15884.2,15884.7,0.5,373.9500026
2026-05-18T20:15:00+00:00,15884.45,15884.45,15882.05,15882.8,15884.2,15884.7,15884.2,15884.7,15881.8,15882.3,15882.5,15883.1,0.6,522.930004
2026-05-18T20:20:00+00:00,15882.9,15883,15881.65,15882.8,15882.6,15883.2,15882.7,15883.3,15881.5,15881.8,15882.5,15883.1,0.6,463.0700085
2026-05-18T20:25:00+00:00,15882.9,15883.75,15880.2,15880.9,15882.7,15883.1,15883.5,15884,15879.9,15880.5,15880.5,15881.3,0.8,366.5600059
2026-05-18T20:30:00+00:00,15880.85,15884.6,15880.7,15884.55,15880.5,15881.2,15884.3,15884.9,15880.3,15881.1,15884.2,15884.9,0.7,551.320007
2026-05-18T20:35:00+00:00,15884.45,15885.8,15884.2,15885.75,15884.2,15884.7,15885.5,15886.1,15883.9,15884.5,15885.4,15886.1,0.7,243.0200057
2026-05-18T20:40:00+00:00,15885.7,15887,15874.4,15879.15,15885.4,15886,15886.7,15887.3,15874.1,15874.7,15878.9,15879.4,0.5,598.1200094
2026-05-18T20:45:00+00:00,15879.4,15883.2,15879.3,15882.9,15879.1,15879.7,15882.9,15883.5,15878.9,15879.7,15882.7,15883.1,0.4,597.080013
2026-05-18T20:50:00+00:00,15883.35,15884.85,15882.9,15884.7,15883,15883.7,15884.4,15885.3,15882.7,15883.1,15884.3,15885.1,0.8,564.3700106
2026-05-18T20:55:00+00:00,15884.55,15886.05,15881.45,15881.45,15884.1,15885,15885.4,15886.7,15878.4,15884.5,15878.4,15884.5,6.1,761.0100053
2026-05-18T21:00:00+00:00,15881.8,15885.05,15879.85,15880.25,15878.4,15885.2,15878.4,15891.7,15874.5,15885.2,15874.5,15886,11.5,13.19999994
2026-05-18T21:05:00+00:00,15880.3,15883.9,15879.95,15880,15874.6,15886,15877.3,15890.5,15874.2,15885.7,15874.2,15885.8,11.6,34.92000049
2026-05-18T21:10:00+00:00,15880.2,15882.05,15879.9,15881.2,15874.6,15885.8,15875.9,15888.2,15874.2,15885.6,15874.2,15888.2,14,16.59000011
2026-05-18T21:15:00+00:00,15881.15,15882.35,15878.4,15879.5,15874.3,15888,15876.7,15888,15874.3,15882.5,15876.5,15882.5,6,18.89999998
2026-05-18T21:20:00+00:00,15881.2,15882.9,15878.3,15880.6,15874.3,15888.1,15877.7,15888.1,15874.3,15882.3,15877.7,15883.5,5.8,20.10000002
2026-05-18T21:25:00+00:00,15880.5,15884.35,15880.25,15883.7,15877.6,15883.4,15879.9,15888.8,15877.1,15883.4,15878.6,15888.8,10.2,72.21000111
2026-05-18T21:30:00+00:00,15883.1,15883.1,15879.3,15880.05,15879.2,15887,15879.2,15887,15874.6,15884,15874.6,15885.5,10.9,179.7000057
2026-05-18T21:35:00+00:00,15880.7,15881.2,15879.4,15880.1,15875.3,15886.1,15876.3,15886.1,15874.7,15884.1,15876,15884.2,8.2,64.50000155
2026-05-18T21:40:00+00:00,15880.15,15880.6,15877.45,15879.7,15876.1,15884.2,15876.7,15884.5,15875.5,15879.4,15876.7,15882.7,6,173.5200053
2026-05-18T21:45:00+00:00,15879.95,15880.9,15878.35,15878.95,15877.6,15882.3,15878.6,15883.2,15876.1,15880.6,15876.5,15881.4,4.9,184.7400049
2026-05-18T21:50:00+00:00,15878.9,15879.4,15875.3,15877.4,15876.4,15881.4,15876.4,15882.4,15872.6,15878,15875,15879.8,4.8,111.7200016
2026-05-18T21:55:00+00:00,15877.2,15877.55,15876.25,15877.1,15874.6,15879.8,15874.6,15880.5,15873.3,15879.2,15873.7,15880.5,6.8,91.20000243
2026-05-18T22:00:00+00:00,15876.05,15879,15875.1,15877.15,15873.9,15878.2,15877.2,15880.8,15873.9,15876.3,15876.1,15878.2,2.1,636.2899912
2026-05-18T22:05:00+00:00,15877.05,15880.7,15876.75,15880.45,15876,15878.1,15880.2,15881.2,15875.7,15877.8,15880,15880.9,0.9,302.4000099
2026-05-18T22:10:00+00:00,15880.45,15880.95,15879.2,15880.5,15880,15880.9,15880.5,15881.4,15878.7,15879.7,15880.1,15880.9,0.8,133.8000031
2026-05-18T22:15:00+00:00,15880.55,15880.75,15880.35,15880.45,15880.2,15880.9,15880.4,15881.1,15879.9,15880.8,15880,15880.9,0.9,66.30000067
2026-05-18T22:20:00+00:00,15880.6,15880.8,15879.2,15879.3,15880.2,15881,15880.4,15881.2,15878.8,15879.6,15878.9,15879.7,0.8,85.20000207
2026-05-18T22:25:00+00:00,15879.35,15881.85,15879.25,15881.7,15878.9,15879.8,15881.4,15882.3,15878.9,15879.6,15881.3,15882.1,0.8,56.53000116
2026-05-18T22:30:00+00:00,15881.75,15882,15880.25,15880.5,15881.4,15882.1,15881.6,15882.4,15880,15880.5,15880.1,15880.9,0.8,124.5000029
2026-05-18T22:35:00+00:00,15880.7,15880.75,15879.5,15880.35,15880.3,15881.1,15880.3,15881.2,15879.1,15879.9,15879.9,15880.8,0.9,210.4300015
2026-05-18T22:40:00+00:00,15880.35,15881.8,15879.85,15881.8,15880,15880.7,15881.4,15882.2,15879.6,15880.1,15881.4,15882.2,0.8,157.4200039
2026-05-18T22:45:00+00:00,15881.9,15882.1,15880.95,15880.95,15881.5,15882.3,15881.7,15882.5,15880.7,15881.2,15880.7,15881.2,0.5,52.64000094
2026-05-18T22:50:00+00:00,15880.75,15883.55,15880.6,15883.2,15880.3,15881.2,15883.2,15883.9,15880.2,15881,15882.8,15883.6,0.8,133.0500022
2026-05-18T22:55:00+00:00,15882.95,15883.35,15882.7,15883.25,15882.6,15883.3,15882.9,15883.8,15882.3,15883.1,15882.7,15883.8,1.1,119.4000028
2026-05-18T23:00:00+00:00,15883.1,15884.45,15882.8,15883.05,15882.7,15883.5,15884,15884.9,15882.4,15883.2,15882.6,15883.5,0.9,351.7100079
2026-05-18T23:05:00+00:00,15883.1,15883.5,15882.85,15883.2,15882.7,15883.5,15883.1,15883.9,15882.5,15883.2,15882.8,15883.6,0.8,120.0600024
2026-05-18T23:10:00+00:00,15883.25,15883.45,15883.15,15883.2,15882.9,15883.6,15883.1,15883.8,15882.8,15883.5,15882.9,15883.5,0.6,162.5200026
2026-05-18T23:15:00+00:00,15883.05,15883.4,15881.9,15882.05,15882.8,15883.3,15883.1,15883.7,15881.6,15882.2,15881.7,15882.4,0.7,123.670002
2026-05-18T23:20:00+00:00,15882,15882.1,15880.7,15882.1,15881.6,15882.4,15881.8,15882.4,15880.4,15881,15881.8,15882.4,0.6,171.000001
2026-05-18T23:25:00+00:00,15882,15882,15880.55,15881.3,15881.7,15882.3,15881.7,15882.3,15880.3,15880.8,15880.9,15881.7,0.8,241.9400039
2026-05-18T23:30:00+00:00,15881.35,15883.3,15880.75,15881.85,15881,15881.7,15883,15883.6,15880.5,15881,15881.6,15882.1,0.5,127.8000029
2026-05-18T23:35:00+00:00,15881.8,15882.5,15881.5,15882.5,15881.5,15882.1,15882.2,15882.8,15881.3,15881.7,15882.2,15882.8,0.6,117.6000025
2026-05-18T23:40:00+00:00,15882.65,15883.1,15881.75,15882.7,15882.3,15883,15882.8,15883.4,15881.4,15882.1,15882.3,15883.1,0.8,227.9200035
2026-05-18T23:45:00+00:00,15882.7,15884.55,15882.7,15884.35,15882.3,15883.1,15884.1,15885,15882.3,15883.1,15883.9,15884.8,0.9,296.5300041
2026-05-18T23:50:00+00:00,15884.5,15884.85,15883,15884.35,15883.9,15885.1,15884.5,15885.2,15882.5,15883.5,15883.9,15884.8,0.9,181.2400042
2026-05-18T23:55:00+00:00,15884.55,15887.15,15884.55,15887.15,15884.2,15884.9,15886.8,15887.5,15884.2,15884.9,15886.8,15887.5,0.7,276.4800038
2026-05-19T00:00:00+00:00,15887.25,15889.5,15885.95,15888.25,15886.9,15887.6,15889.2,15889.8,15885.7,15886.2,15888,15888.5,0.5,1055.250012
2026-05-19T00:05:00+00:00,15888.15,15890.7,15888,15890.5,15887.8,15888.5,15890.4,15891,15887.6,15888.4,15890.1,15890.9,0.8,776.6800089
2026-05-19T00:10:00+00:00,15890.5,15891.15,15889.65,15890.6,15890.1,15890.9,15890.9,15891.4,15889.4,15889.9,15890.3,15890.9,0.6,498.7500075
2026-05-19T00:15:00+00:00,15890.7,15893.65,15890.7,15892.3,15890.4,15891,15893.5,15893.8,15890.4,15891,15892,15892.6,0.6,664.48001
2026-05-19T00:20:00+00:00,15892.35,15893.35,15890.95,15891.65,15892.1,15892.6,15893.1,15893.6,15890.7,15891.2,15891.4,15891.9,0.5,614.4700115
2026-05-19T00:25:00+00:00,15891.5,15894.2,15891.35,15893.2,15891.3,15891.7,15893.9,15894.5,15891.1,15891.6,15893,15893.4,0.4,262.8700079
2026-05-19T00:30:00+00:00,15893.15,15896.7,15892.7,15896.65,15892.9,15893.4,15896.5,15896.9,15892.4,15893,15896.4,15896.9,0.5,268.6500057
2026-05-19T00:35:00+00:00,15896.5,15898.15,15895.3,15897.8,15896.2,15896.8,15897.9,15898.4,15895.1,15895.5,15897.5,15898.1,0.6,624.220013
2026-05-19T00:40:00+00:00,15897.95,15898.9,15897,15897.2,15897.7,15898.2,15898.6,15899.2,15896.8,15897.2,15897,15897.4,0.4,267.950007
2026-05-19T00:45:00+00:00,15897.05,15897.4,15894.55,15895.8,15896.8,15897.3,15897.2,15897.6,15894.3,15894.8,15895.6,15896,0.4,377.7000082
2026-05-19T00:50:00+00:00,15895.75,15900.7,15894.7,15900.45,15895.5,15896,15900.5,15900.9,15894.5,15894.9,15900.2,15900.7,0.5,1172.510024
2026-05-19T00:55:00+00:00,15900.1,15902.1,15897.9,15901.25,15899.9,15900.3,15901.9,15902.3,15897.7,15898.1,15901,15901.5,0.5,1110.21002
2026-05-19T01:00:00+00:00,15901.35,15903,15897.9,15899.65,15901.1,15901.6,15902.8,15903.2,15897.7,15898.1,15899.4,15899.9,0.5,856.8200196
2026-05-19T01:05:00+00:00,15899.6,15901,15897.95,15898,15899.4,15899.8,15900.8,15901.2,15897.7,15898.2,15897.8,15898.2,0.4,777.5600131
2026-05-19T01:10:00+00:00,15897.9,15898.25,15896.5,15898.15,15897.7,15898.1,15898,15898.5,15896.4,15896.6,15897.9,15898.4,0.5,333.390007
2026-05-19T01:15:00+00:00,15898.1,15899.25,15895.9,15898.4,15897.8,15898.4,15899,15899.5,15895.7,15896.1,15898.2,15898.6,0.4,692.5200082
2026-05-19T01:20:00+00:00,15898.35,15899.55,15898.05,15899.25,15898.1,15898.6,15899.3,15899.8,15897.8,15898.3,15899.1,15899.4,0.3,483.7500099
2026-05-19T01:25:00+00:00,15899.25,15899.4,15897.05,15897.05,15899,15899.5,15899.2,15899.6,15896.8,15897.3,15896.8,15897.3,0.5,147.140003
2026-05-19T01:30:00+00:00,15897.1,15897.35,15895.65,15896.9,15896.9,15897.3,15897.1,15897.6,15895.5,15895.8,15896.7,15897.1,0.4,435.870008
2026-05-19T01:35:00+00:00,15896.95,15896.95,15894.15,15894.15,15896.7,15897.2,15896.7,15897.2,15893.9,15894.4,15893.9,15894.4,0.5,753.7900137
2026-05-19T01:40:00+00:00,15894.2,15894.45,15889.1,15889.4,15893.9,15894.5,15894.2,15894.7,15888.9,15889.3,15889.1,15889.7,0.6,808.6500078
2026-05-19T01:45:00+00:00,15889.3,15893.15,15889.3,15893.15,15889,15889.6,15892.9,15893.4,15889,15889.6,15892.9,15893.4,0.5,679.5800083
2026-05-19T01:50:00+00:00,15893.05,15893.6,15891.85,15893.2,15892.8,15893.3,15893.3,15893.9,15891.6,15892.1,15893,15893.4,0.4,534.9100078
2026-05-19T01:55:00+00:00,15893.15,15898.55,15893.15,15898.45,15893,15893.3,15898.3,15898.8,15893,15893.3,15898.2,15898.7,0.5,526.7700115
2026-05-19T02:00:00+00:00,15898.7,15899.95,15897.55,15898.75,15898.6,15898.8,15899.7,15900.2,15897.3,15897.8,15898.5,15899,0.5,950.5500171
2026-05-19T02:05:00+00:00,15898.85,15900.65,15898.85,15899.6,15898.6,15899.1,15900.4,15900.9,15898.6,15899.1,15899.3,15899.9,0.6,1211.020016
2026-05-19T02:10:00+00:00,15899.55,15899.6,15897.05,15899.4,15899.2,15899.9,15899.3,15899.9,15896.9,15897.2,15899.2,15899.6,0.4,593.040007
2026-05-19T02:15:00+00:00,15899.4,15900.75,15897.3,15897.4,15899.2,15899.6,15900.5,15901,15897.1,15897.5,15897.2,15897.6,0.4,619.0800078
2026-05-19T02:20:00+00:00,15897.3,15897.45,15895.4,15896.55,15897.1,15897.5,15897.2,15897.7,15895.1,15895.7,15896.3,15896.8,0.5,451.7900054
2026-05-19T02:25:00+00:00,15896.55,15898,15895.7,15897.95,15896.3,15896.8,15897.8,15898.2,15895.4,15896,15897.7,15898.2,0.5,301.0100044
2026-05-19T02:30:00+00:00,15898.15,15898.95,15895.3,15895.45,15898,15898.3,15898.7,15899.2,15895.1,15895.5,15895.3,15895.6,0.3,440.6200066
2026-05-19T02:35:00+00:00,15895.35,15897.65,15895.1,15896.45,15895.1,15895.6,15897.4,15897.9,15894.8,15895.4,15896.2,15896.7,0.5,244.9500048
2026-05-19T02:40:00+00:00,15896.6,15897.65,15895.55,15896.6,15896.4,15896.8,15897.4,15897.9,15895.3,15895.8,15896.4,15896.8,0.4,139.350003
2026-05-19T02:45:00+00:00,15896.65,15899.15,15895.5,15897.9,15896.4,15896.9,15898.9,15899.4,15895.3,15895.7,15897.6,15898.2,0.6,414.0300081
2026-05-19T02:50:00+00:00,15897.8,15897.95,15896.6,15897,15897.6,15898,15897.6,15898.3,15896.4,15896.8,15896.7,15897.3,0.6,300.3600063
2026-05-19T02:55:00+00:00,15896.95,15897.85,15895.85,15896.6,15896.7,15897.2,15897.5,15898.2,15895.6,15896.1,15896.3,15896.9,0.6,314.6100062
2026-05-19T03:00:00+00:00,15896.5,15898.95,15896.5,15897.95,15896.3,15896.7,15898.8,15899.1,15896.3,15896.7,15897.7,15898.2,0.5,594.30001
2026-05-19T03:05:00+00:00,15897.7,15899.15,15897.55,15898.3,15897.4,15898,15899,15899.3,15897.3,15897.8,15898,15898.6,0.6,487.6500055
2026-05-19T03:10:00+00:00,15898.35,15898.5,15895.55,15896.4,15898.1,15898.6,15898.1,15898.9,15895.3,15895.8,15896,15896.8,0.8,542.6100045
2026-05-19T03:15:00+00:00,15896.45,15896.8,15893.95,15894.45,15896.2,15896.7,15896.6,15897,15893.7,15894.2,15894.2,15894.7,0.5,406.6500045
2026-05-19T03:20:00+00:00,15894.4,15895.45,15894.1,15894.65,15894.2,15894.6,15895.1,15895.8,15893.8,15894.4,15894.4,15894.9,0.5,559.2100073
2026-05-19T03:25:00+00:00,15894.35,15895.35,15893.75,15894.85,15894.2,15894.5,15895.2,15895.5,15893.5,15894,15894.7,15895,0.3,318.7000043
2026-05-19T03:30:00+00:00,15894.85,15896.1,15894.1,15895.2,15894.7,15895,15895.8,15896.4,15894,15894.2,15895.1,15895.3,0.2,726.4600123
2026-05-19T03:35:00+00:00,15895.15,15895.15,15893.05,15894.25,15895,15895.3,15895,15895.3,15892.8,15893.3,15894,15894.5,0.5,425.2300043
2026-05-19T03:40:00+00:00,15894.25,15895.3,15894.1,15895.3,15894,15894.5,15895.2,15895.4,15893.8,15894.4,15895.2,15895.4,0.2,279.1500055
2026-05-19T03:45:00+00:00,15895.5,15897.5,15895.4,15896.65,15895.3,15895.7,15897.4,15897.6,15895.2,15895.6,15896.5,15896.8,0.3,525.3000124
2026-05-19T03:50:00+00:00,15896.7,15897.45,15895.75,15895.8,15896.5,15896.9,15897.2,15897.7,15895.5,15896,15895.6,15896,0.4,416.5300069
2026-05-19T03:55:00+00:00,15895.85,15896.65,15895.5,15895.9,15895.7,15896,15896.4,15896.9,15895.3,15895.7,15895.7,15896.1,0.4,276.1500055
2026-05-19T04:00:00+00:00,15895.75,15895.9,15892.85,15893.2,15895.5,15896,15895.7,15896.1,15892.6,15893.1,15893,15893.4,0.4,256.4200042
2026-05-19T04:05:00+00:00,15893.1,15893.3,15892.2,15892.7,15892.8,15893.4,15893.1,15893.5,15892,15892.4,15892.5,15892.9,0.4,237.520004
2026-05-19T04:10:00+00:00,15892.8,15894.35,15892.6,15893.15,15892.6,15893,15894.2,15894.5,15892.4,15892.8,15893,15893.3,0.3,188.1700029
2026-05-19T04:15:00+00:00,15893.2,15893.85,15892.8,15892.95,15893.1,15893.3,15893.7,15894,15892.5,15893.1,15892.7,15893.2,0.5,278.4000055
2026-05-19T04:20:00+00:00,15893,15895.35,15892.7,15894.35,15892.7,15893.3,15895.2,15895.5,15892.4,15893,15894.1,15894.6,0.5,418.6600066
2026-05-19T04:25:00+00:00,15894.45,15895.1,15894.1,15894.8,15894.2,15894.7,15894.9,15895.3,15893.9,15894.3,15894.6,15895,0.4,246.3000052
2026-05-19T04:30:00+00:00,15894.9,15895.4,15894.25,15895.4,15894.6,15895.2,15895.1,15895.7,15894,15894.5,15895.1,15895.7,0.6,290.2500041
2026-05-19T04:35:00+00:00,15895.25,15895.45,15893.5,15894.1,15895,15895.5,15895.3,15895.6,15893.2,15893.8,15893.8,15894.4,0.6,403.9500052
2026-05-19T04:40:00+00:00,15894.2,15898.6,15894.15,15897.95,15894,15894.4,15898.3,15898.9,15893.9,15894.4,15897.7,15898.2,0.5,259.3500054
2026-05-19T04:45:00+00:00,15897.9,15899.05,15897.75,15898.6,15897.6,15898.2,15898.8,15899.3,15897.5,15898,15898.4,15898.8,0.4,266.6900036
2026-05-19T04:50:00+00:00,15898.55,15898.6,15896.35,15897.85,15898.3,15898.8,15898.4,15898.8,15896.1,15896.6,15897.6,15898.1,0.5,217.2000053
2026-05-19T04:55:00+00:00,15898,15900.75,15898,15899.5,15897.7,15898.3,15900.5,15901,15897.7,15898.3,15899.3,15899.7,0.4,373.5000045
2026-05-19T05:00:00+00:00,15899.55,15900.75,15898.75,15899.05,15899.3,15899.8,15900.5,15901,15898.5,15899,15898.7,15899.4,0.7,539.5800084
2026-05-19T05:05:00+00:00,15899.1,15899.7,15896.3,15896.45,15898.8,15899.4,15899.5,15899.9,15896,15896.6,15896.2,15896.7,0.5,259.3400047
2026-05-19T05:10:00+00:00,15896.35,15897.9,15895.3,15897.65,15896.1,15896.6,15897.6,15898.2,15895,15895.6,15897.3,15898,0.7,329.9200047
2026-05-19T05:15:00+00:00,15897.7,15899.25,15897.15,15897.9,15897.4,15898,15899.1,15899.4,15896.9,15897.4,15897.7,15898.1,0.4,306.3800035
2026-05-19T05:20:00+00:00,15897.85,15900.6,15897.8,15898.95,15897.6,15898.1,15900.4,15900.8,15897.5,15898.1,15898.7,15899.2,0.5,400.3500087
2026-05-19T05:25:00+00:00,15899,15899.6,15898.45,15899.5,15898.7,15899.3,15899.4,15899.8,15898.2,15898.7,15899.3,15899.7,0.4,527.1300097
2026-05-19T05:30:00+00:00,15899.45,15902.2,15898.85,15901.9,15899.3,15899.6,15902,15902.4,15898.6,15899.1,15901.7,15902.1,0.4,594.5100104
2026-05-19T05:35:00+00:00,15902,15902.1,15898.8,15900.25,15901.8,15902.2,15901.8,15902.4,15898.6,15899,15900.1,15900.4,0.3,353.7000051
2026-05-19T05:40:00+00:00,15900.2,15901.45,15899.65,15899.95,15900,15900.4,15901.2,15901.7,15899.5,15899.8,15899.6,15900.3,0.7,331.0500054
2026-05-19T05:45:00+00:00,15900.1,15902.05,15899.3,15901,15899.9,15900.3,15901.9,15902.2,15899.1,15899.5,15900.8,15901.2,0.4,517.6500111
2026-05-19T05:50:00+00:00,15900.9,15901.95,15900.1,15901.4,15900.7,15901.1,15901.7,15902.2,15899.8,15900.4,15901.2,15901.6,0.4,669.4500126
2026-05-19T05:55:00+00:00,15901.5,15903.45,15900.45,15901,15901.3,15901.7,15903.2,15903.7,15900.2,15900.7,15900.7,15901.3,0.6,511.0200082
2026-05-19T06:00:00+00:00,15900.95,15904.95,15900.6,15903.7,15900.7,15901.2,15904.7,15905.2,15900.4,15900.8,15903.4,15904,0.6,1351.71002
2026-05-19T06:05:00+00:00,15903.65,15904.65,15902.7,15903.3,15903.4,15903.9,15904.5,15904.8,15902.5,15902.9,15903.1,15903.5,0.4,1182.930013
2026-05-19T06:10:00+00:00,15903.25,15903.5,15900.6,15903.3,15903,15903.5,15903.3,15903.7,15900.4,15900.8,15903.1,15903.5,0.4,1111.240013
2026-05-19T06:15:00+00:00,15903.25,15904.45,15901.2,15902.3,15903,15903.5,15904.2,15904.7,15901,15901.4,15902.1,15902.5,0.4,629.5000081
2026-05-19T06:20:00+00:00,15902.25,15902.7,15901.35,15902.1,15902.1,15902.4,15902.4,15903,15901.2,15901.5,15901.9,15902.3,0.4,634.2000099
2026-05-19T06:25:00+00:00,15902.05,15903.6,15901.8,15903.5,15901.9,15902.2,15903.4,15903.8,15901.5,15902.1,15903.3,15903.7,0.4,677.7000117
2026-05-19T06:30:00+00:00,15903.45,15905.6,15903.25,15904.35,15903.3,15903.6,15905.4,15905.8,15903,15903.5,15904.1,15904.6,0.5,1032.770021
2026-05-19T06:35:00+00:00,15904.45,15905.4,15903.1,15903.7,15904.2,15904.7,15905.2,15905.6,15902.9,15903.3,15903.5,15903.9,0.4,398.680009
2026-05-19T06:40:00+00:00,15903.65,15905.7,15903.4,15905.45,15903.6,15903.7,15905.5,15905.9,15903.3,15903.5,15905.2,15905.7,0.5,438.7200116
2026-05-19T06:45:00+00:00,15905.5,15911.35,15901.4,15906.75,15905.3,15905.7,15911.1,15911.6,15901.3,15901.5,15906.6,15906.9,0.3,1230.070025
2026-05-19T06:50:00+00:00,15906.6,15906.6,15902.3,15904,15906.3,15906.9,15906.3,15906.9,15902.1,15902.5,15903.8,15904.2,0.4,565.2000095
2026-05-19T06:55:00+00:00,15904.1,15907.8,15903,15907.4,15903.9,15904.3,15907.7,15907.9,15902.8,15903.2,15907.1,15907.7,0.6,637.2100168
2026-05-19T07:00:00+00:00,15907.5,15913.1,15907.5,15910.6,15907.4,15907.6,15912.9,15913.3,15907.4,15907.6,15910.3,15910.9,0.6,1219.20002
2026-05-19T07:05:00+00:00,15910.45,15911.15,15907.95,15911.05,15910.1,15910.8,15910.9,15911.4,15907.6,15908.3,15910.8,15911.3,0.5,614.990011
2026-05-19T07:10:00+00:00,15911.6,15914.3,15911.6,15913.1,15911.5,15911.7,15914.1,15914.5,15911.5,15911.7,15912.9,15913.3,0.4,875.6700164
2026-05-19T07:15:00+00:00,15913.15,15914.2,15912.05,15912.4,15913,15913.3,15914,15914.4,15911.8,15912.3,15912.1,15912.7,0.6,439.8900081
2026-05-19T07:20:00+00:00,15912.5,15913.9,15911.55,15912.15,15912.3,15912.7,15913.7,15914.1,15911.4,15911.7,15911.9,15912.4,0.5,504.93001
2026-05-19T07:25:00+00:00,15912.2,15912.3,15910.1,15910.65,15911.9,15912.5,15912.1,15912.5,15909.9,15910.3,15910.4,15910.9,0.5,292.9800055
2026-05-19T07:30:00+00:00,15910.7,15910.8,15907,15908.1,15910.5,15910.9,15910.6,15911,15906.7,15907.3,15907.9,15908.3,0.4,484.980008
2026-05-19T07:35:00+00:00,15908.15,15909.2,15903.2,15905.6,15908,15908.3,15909,15909.4,15903,15903.4,15905.4,15905.8,0.4,685.4700134
2026-05-19T07:40:00+00:00,15906.4,15908.3,15906.4,15908.05,15906.3,15906.5,15908.1,15908.5,15906.3,15906.5,15907.8,15908.3,0.5,600.3700109
2026-05-19T07:45:00+00:00,15908.15,15908.15,15900.7,15902.1,15907.9,15908.4,15907.9,15908.4,15900.4,15901,15901.8,15902.4,0.6,1055.520018
2026-05-19T07:50:00+00:00,15902,15904.6,15901.95,15903,15901.8,15902.2,15904.4,15904.8,15901.7,15902.2,15902.8,15903.2,0.4,812.6000118
2026-05-19T07:55:00+00:00,15902.85,15905.8,15900.45,15904.45,15902.6,15903.1,15905.5,15906.1,15900.2,15900.7,15904.3,15904.6,0.3,682.5300128
2026-05-19T08:00:00+00:00,15904.4,15905.5,15900.55,15901.9,15904.1,15904.7,15905.3,15905.7,15900.3,15900.8,15901.7,15902.1,0.4,801.0300128
2026-05-19T08:05:00+00:00,15901.8,15905.7,15901.75,15905.65,15901.5,15902.1,15905.5,15905.9,15901.5,15902,15905.4,15905.9,0.5,721.3800107
2026-05-19T08:10:00+00:00,15905.6,15909.55,15904.7,15906.1,15905.4,15905.8,15909.3,15909.8,15904.5,15904.9,15905.9,15906.3,0.4,950.2300142
2026-05-19T08:15:00+00:00,15905.95,15908.3,15905.7,15906.75,15905.7,15906.2,15908,15908.6,15905.4,15906,15906.4,15907.1,0.7,599.79001
2026-05-19T08:20:00+00:00,15906.9,15908.3,15906.65,15906.7,15906.7,15907.1,15908,15908.6,15906.5,15906.8,15906.5,15906.9,0.4,443.5500076
2026-05-19T08:25:00+00:00,15906.85,15908,15905.55,15907.65,15906.7,15907,15907.7,15908.3,15905.3,15905.8,15907.4,15907.9,0.5,774.7800093
2026-05-19T08:30:00+00:00,15907.85,15908.15,15904.85,15905.2,15907.6,15908.1,15907.9,15908.4,15904.6,15905.1,15905,15905.4,0.4,439.0000061
2026-05-19T08:35:00+00:00,15905.3,15908.1,15905,15907.8,15905,15905.6,15907.9,15908.3,15904.8,15905.2,15907.6,15908,0.4,761.8100165
2026-05-19T08:40:00+00:00,15907.85,15908.75,15906.75,15907.3,15907.7,15908,15908.5,15909,15906.5,15907,15907.1,15907.5,0.4,647.3600107
2026-05-19T08:45:00+00:00,15907.65,15908.55,15907.1,15907.7,15907.5,15907.8,15908.2,15908.9,15906.9,15907.3,15907.6,15907.8,0.2,430.5400089
2026-05-19T08:50:00+00:00,15907.75,15911.4,15907.55,15910.55,15907.6,15907.9,15911.2,15911.6,15907.4,15907.7,15910.4,15910.7,0.3,419.0100092
2026-05-19T08:55:00+00:00,15910.7,15914.6,15909.6,15914.05,15910.5,15910.9,15914.4,15914.8,15909.3,15909.9,15913.9,15914.2,0.3,585.1700108
2026-05-19T09:00:00+00:00,15913.9,15915.9,15912.8,15914.1,15913.7,15914.1,15915.7,15916.1,15912.7,15912.9,15913.8,15914.4,0.6,820.6200132
2026-05-19T09:05:00+00:00,15913.9,15914.55,15911.15,15911.7,15913.7,15914.1,15914.3,15914.8,15911,15911.3,15911.5,15911.9,0.4,510.9600075
2026-05-19T09:10:00+00:00,15911.8,15917,15911.7,15915.75,15911.6,15912,15916.7,15917.3,15911.5,15911.9,15915.4,15916.1,0.7,578.5500085
2026-05-19T09:15:00+00:00,15915.85,15917.4,15915.7,15916.45,15915.7,15916,15917.2,15917.6,15915.5,15915.9,15916.3,15916.6,0.3,474.1800069
2026-05-19T09:20:00+00:00,15916.3,15916.3,15910.55,15911.2,15916.1,15916.5,15916.1,15916.5,15910.3,15910.8,15910.9,15911.5,0.6,884.370011
2026-05-19T09:25:00+00:00,15911.3,15913.3,15910.65,15912.75,15911.1,15911.5,15913,15913.6,15910.4,15910.9,15912.6,15912.9,0.3,773.5900118
2026-05-19T09:30:00+00:00,15912.8,15915.45,15912.6,15915.1,15912.5,15913.1,15915.3,15915.6,15912.4,15912.8,15914.9,15915.3,0.4,399.2700068
2026-05-19T09:35:00+00:00,15915,15915,15912.2,15912.2,15914.8,15915.2,15914.8,15915.2,15912,15912.4,15912,15912.4,0.4,360.6100074
2026-05-19T09:40:00+00:00,15912.3,15913.35,15910.9,15912.2,15912.1,15912.5,15913.2,15913.5,15910.7,15911.1,15912,15912.4,0.4,384.5400071
2026-05-19T09:45:00+00:00,15912.3,15913.35,15911.8,15912.2,15912.1,15912.5,15913.2,15913.5,15911.7,15911.9,15912,15912.4,0.4,415.8300072
2026-05-19T09:50:00+00:00,15912.15,15913.2,15910.6,15911,15912,15912.3,15912.9,15913.5,15910.4,15910.8,15910.8,15911.2,0.4,474.2800081
2026-05-19T09:55:00+00:00,15911.1,15912.05,15906.95,15910.15,15910.9,15911.3,15911.9,15912.2,15906.7,15907.2,15909.9,15910.4,0.5,679.930012
2026-05-19T10:00:00+00:00,15910.2,15910.75,15908.5,15909.6,15910,15910.4,15910.4,15911.1,15908.2,15908.8,15909.4,15909.8,0.4,655.5700073
2026-05-19T10:05:00+00:00,15909.55,15909.55,15907.8,15907.85,15909.4,15909.7,15909.4,15909.7,15907.6,15908,15907.7,15908,0.3,368.7700039
2026-05-19T10:10:00+00:00,15907.8,15908.3,15906.6,15907.25,15907.6,15908,15908.1,15908.5,15906.4,15906.8,15907,15907.5,0.5,409.3200094
2026-05-19T10:15:00+00:00,15907.2,15909.45,15907.15,15908.7,15906.9,15907.5,15909.2,15909.7,15906.9,15907.4,15908.5,15908.9,0.4,410.5300064
2026-05-19T10:20:00+00:00,15908.55,15908.85,15906.35,15907.1,15908.4,15908.7,15908.6,15909.1,15906.1,15906.6,15906.9,15907.3,0.4,451.6200107
2026-05-19T10:25:00+00:00,15907.2,15908.3,15905.65,15907.95,15907,15907.4,15908,15908.6,15905.4,15905.9,15907.8,15908.1,0.3,336.3500054
2026-05-19T10:30:00+00:00,15907.9,15909.85,15907.8,15909.35,15907.7,15908.1,15909.6,15910.1,15907.6,15908,15909.1,15909.6,0.5,441.5000077
2026-05-19T10:35:00+00:00,15909.5,15913.85,15909.5,15911.85,15909.3,15909.7,15913.7,15914,15909.3,15909.7,15911.7,15912,0.3,746.9900136
2026-05-19T10:40:00+00:00,15911.8,15917.95,15911.8,15916.85,15911.6,15912,15917.7,15918.2,15911.6,15912,15916.6,15917.1,0.5,955.1900142
2026-05-19T10:45:00+00:00,15916.8,15917.95,15913.1,15913.1,15916.4,15917.2,15917.7,15918.2,15912.9,15913.3,15912.9,15913.3,0.4,1125.050018
2026-05-19T10:50:00+00:00,15913.25,15914.6,15911.95,15914.4,15913,15913.5,15914.4,15914.8,15911.8,15912.1,15914.2,15914.6,0.4,600.5000105
2026-05-19T10:55:00+00:00,15913.95,15913.95,15909.05,15909.35,15913.8,15914.1,15913.8,15914.1,15908.8,15909.3,15909.2,15909.5,0.3,1472.120031
2026-05-19T11:00:00+00:00,15909.3,15912.1,15907.65,15911.7,15909.1,15909.5,15911.8,15912.4,15907.5,15907.8,15911.5,15911.9,0.4,1396.420015
2026-05-19T11:05:00+00:00,15911.85,15913.4,15911.85,15912.2,15911.6,15912.1,15913.1,15913.7,15911.6,15912.1,15912,15912.4,0.4,1202.66001
2026-05-19T11:10:00+00:00,15912.35,15914.2,15910.65,15912.1,15912.2,15912.5,15914,15914.4,15910.5,15910.8,15911.9,15912.3,0.4,791.5900097
2026-05-19T11:15:00+00:00,15912.2,15913.15,15910.1,15911.2,15912,15912.4,15912.9,15913.4,15909.9,15910.3,15911,15911.4,0.4,524.5400082
2026-05-19T11:20:00+00:00,15911.35,15912.65,15910.55,15912.15,15911.2,15911.5,15912.4,15912.9,15910.3,15910.8,15912,15912.3,0.3,779.1200113
2026-05-19T11:25:00+00:00,15912.2,15913.2,15911.6,15912,15912,15912.4,15913,15913.4,15911.4,15911.8,15911.8,15912.2,0.4,891.7700045
2026-05-19T11:30:00+00:00,15911.9,15912,15910.35,15911.1,15911.6,15912.2,15911.8,15912.2,15910.1,15910.6,15910.8,15911.4,0.6,692.9800065
2026-05-19T11:35:00+00:00,15911.1,15911.65,15910,15911.6,15910.8,15911.4,15911.4,15911.9,15909.9,15910.1,15911.4,15911.8,0.4,800.2000083
2026-05-19T11:40:00+00:00,15911.55,15911.55,15910.35,15911.05,15911.3,15911.8,15911.3,15911.8,15910.1,15910.6,15910.8,15911.3,0.5,544.920007
2026-05-19T11:45:00+00:00,15911.15,15912.45,15910.15,15910.65,15910.9,15911.4,15912.3,15912.6,15909.9,15910.4,15910.5,15910.8,0.3,549.2400094
2026-05-19T11:50:00+00:00,15910.7,15912.2,15910.4,15910.7,15910.5,15910.9,15912.1,15912.3,15910.2,15910.6,15910.6,15910.8,0.2,630.0400125
2026-05-19T11:55:00+00:00,15910.6,15914.3,15910.4,15913.45,15910.4,15910.8,15914.1,15914.5,15910.2,15910.6,15913.3,15913.6,0.3,652.5000114
2026-05-19T12:00:00+00:00,15913.55,15914.25,15910.65,15911.6,15913.5,15913.6,15914,15914.5,15910.4,15910.9,15911.4,15911.8,0.4,848.0600181
2026-05-19T12:05:00+00:00,15911.45,15913,15909.6,15910.8,15911.3,15911.6,15912.8,15913.2,15909.4,15909.8,15910.6,15911,0.4,657.7700112
2026-05-19T12:10:00+00:00,15910.7,15911.8,15909.3,15910.35,15910.4,15911,15911.6,15912,15909.1,15909.5,15910,15910.7,0.7,680.6700104
2026-05-19T12:15:00+00:00,15910.6,15912.5,15910.1,15910.95,15910.3,15910.9,15912.3,15912.7,15909.8,15910.4,15910.7,15911.2,0.5,716.9500127
2026-05-19T12:20:00+00:00,15911.05,15913.25,15910.7,15911.05,15910.8,15911.3,15913,15913.5,15910.5,15910.9,15910.8,15911.3,0.5,909.1800126
2026-05-19T12:25:00+00:00,15910.9,15911.8,15909.65,15911.65,15910.6,15911.2,15911.6,15912,15909.4,15909.9,15911.5,15911.8,0.3,472.0800072
2026-05-19T12:30:00+00:00,15911.95,15912.55,15909.45,15911.75,15911.7,15912.2,15912.2,15912.9,15909.1,15909.8,15911.5,15912,0.5,855.2000116
2026-05-19T12:35:00+00:00,15911.65,15912.15,15910.3,15910.75,15911.4,15911.9,15911.9,15912.4,15910,15910.6,15910.5,15911,0.5,734.310008
2026-05-19T12:40:00+00:00,15910.65,15912.95,15865.1,15895.35,15910.4,15910.9,15912.7,15913.2,15865,15865.2,15895,15895.7,0.7,6206.22011
2026-05-19T12:45:00+00:00,15895.65,15904,15892.8,15902.1,15895.3,15896,15903.8,15904.2,15892.4,15893.2,15901.7,15902.5,0.8,2724.730041
2026-05-19T12:50:00+00:00,15901.95,15906.15,15900.55,15905,15901.7,15902.2,15905.8,15906.5,15900.2,15900.9,15904.6,15905.4,0.8,1120.72002
2026-05-19T12:55:00+00:00,15904.4,15906.8,15900.05,15906.7,15904.2,15904.6,15906.5,15907.1,15899.8,15900.3,15906.5,15906.9,0.4,1466.260024
2026-05-19T13:00:00+00:00,15906.7,15908.9,15904.4,15908.35,15906.4,15907,15908.6,15909.2,15904.2,15904.6,15908.1,15908.6,0.5,1701.350026
2026-05-19T13:05:00+00:00,15908.25,15916.25,15905.85,15913.55,15908.1,15908.4,15916,15916.5,15905.7,15906,15913.4,15913.7,0.3,2147.630033
2026-05-19T13:10:00+00:00,15913.6,15916.25,15910.95,15914.3,15913.4,15913.8,15916.1,15916.4,15910.7,15911.2,15914.1,15914.5,0.4,1287.500015
2026-05-19T13:15:00+00:00,15913.65,15919.35,15913.4,15918.95,15913.5,15913.8,15919.1,15919.6,15913.2,15913.6,15918.8,15919.1,0.3,1800.280017
2026-05-19T13:20:00+00:00,15918.9,15919.4,15916.6,15917.8,15918.7,15919.1,15919.1,15919.7,15916.4,15916.8,15917.5,15918.1,0.6,2245.300028
2026-05-19T13:25:00+00:00,15918,15919.25,15914.7,15918.55,15917.6,15918.4,15918.9,15919.6,15914.5,15914.9,15918.3,15918.8,0.5,1947.890029
2026-05-19T13:30:00+00:00,15918.45,15918.45,15910.5,15915.35,15918.2,15918.7,15918.2,15918.7,15910.2,15910.8,15915.2,15915.5,0.3,2852.890041
2026-05-19T13:35:00+00:00,15914.9,15915.95,15910.25,15910.9,15914.8,15915,15915.8,15916.1,15910.1,15910.4,15910.7,15911.1,0.4,1978.730036
2026-05-19T13:40:00+00:00,15910.85,15913.45,15908.45,15908.45,15910.7,15911,15913.2,15913.7,15908.2,15908.7,15908.2,15908.7,0.5,1751.040025
2026-05-19T13:45:00+00:00,15908.35,15911.1,15906.1,15909.55,15908.1,15908.6,15910.8,15911.4,15905.9,15906.3,15909.3,15909.8,0.5,1287.560024
2026-05-19T13:50:00+00:00,15909.5,15909.5,15892.4,15905.65,15909.3,15909.7,15909.3,15909.7,15892.1,15892.7,15905.5,15905.8,0.3,3162.030057
2026-05-19T13:55:00+00:00,15905.7,15907.8,15901.65,15905,15905.4,15906,15907.6,15908,15901.4,15901.9,15904.8,15905.2,0.4,2165.470038
2026-05-19T14:00:00+00:00,15904.95,15910.8,15903.45,15905.3,15904.7,15905.2,15910.6,15911,15903.3,15903.6,15905,15905.6,0.6,2395.010044
2026-05-19T14:05:00+00:00,15905.1,15913.15,15905.05,15911.9,15904.7,15905.5,15912.9,15913.4,15904.7,15905.4,15911.7,15912.1,0.4,2454.180041
2026-05-19T14:10:00+00:00,15911.95,15915.65,15910.2,15915.5,15911.8,15912.1,15915.4,15915.9,15909.9,15910.5,15915.1,15915.9,0.8,1635.110023
2026-05-19T14:15:00+00:00,15915.6,15916.85,15912.65,15914.4,15915.3,15915.9,15916.6,15917.1,15912.4,15912.9,15914.1,15914.7,0.6,1606.260023
2026-05-19T14:20:00+00:00,15914.35,15921.1,15914.3,15920.3,15914,15914.7,15920.9,15921.3,15914,15914.6,15920,15920.6,0.6,1924.960027
2026-05-19T14:25:00+00:00,15920.05,15925.3,15918.25,15919.35,15919.8,15920.3,15925.1,15925.5,15918.1,15918.4,15919.1,15919.6,0.5,2730.610041
2026-05-19T14:30:00+00:00,15919.3,15920.55,15916.1,15916.75,15919.1,15919.5,15920.4,15920.7,15915.9,15916.3,15916.5,15917,0.5,1278.14002
2026-05-19T14:35:00+00:00,15916.6,15918.35,15914.15,15915.65,15916.4,15916.8,15918.1,15918.6,15913.8,15914.5,15915.4,15915.9,0.5,1874.220023
2026-05-19T14:40:00+00:00,15915.55,15919.2,15914.4,15917,15915.3,15915.8,15919,15919.4,15914.1,15914.7,15916.8,15917.2,0.4,1807.450031
2026-05-19T14:45:00+00:00,15917.15,15918.35,15914.45,15917,15917,15917.3,15918.1,15918.6,15914.2,15914.7,15916.8,15917.2,0.4,1277.350026
2026-05-19T14:50:00+00:00,15916.85,15918.15,15913.55,15914.2,15916.6,15917.1,15917.9,15918.4,15913.4,15913.7,15913.9,15914.5,0.6,1601.000026
2026-05-19T14:55:00+00:00,15914.2,15915.45,15899.35,15906.9,15914.1,15914.3,15915.3,15915.6,15899.1,15899.6,15906.7,15907.1,0.4,4056.020066
2026-05-19T15:00:00+00:00,15906.85,15910.25,15904.8,15906.1,15906.6,15907.1,15910.1,15910.4,15904.5,15905.1,15905.8,15906.4,0.6,3057.810044
2026-05-19T15:05:00+00:00,15906.4,15909.85,15896.25,15907.4,15906.2,15906.6,15909.6,15910.1,15896,15896.5,15907.2,15907.6,0.4,2457.760039
2026-05-19T15:10:00+00:00,15907.2,15911.75,15906.7,15910.55,15907,15907.4,15911.4,15912.1,15906.5,15906.9,15910.4,15910.7,0.3,1078.440024
2026-05-19T15:15:00+00:00,15910.5,15910.75,15906.2,15909.25,15910.3,15910.7,15910.5,15911,15906,15906.4,15909,15909.5,0.5,1530.780023
2026-05-19T15:20:00+00:00,15909.25,15912.25,15908.1,15911.2,15909,15909.5,15912,15912.5,15907.9,15908.3,15910.9,15911.5,0.6,1405.620021
2026-05-19T15:25:00+00:00,15911.15,15915.15,15911.15,15914.85,15910.9,15911.4,15914.9,15915.4,15910.9,15911.4,15914.5,15915.2,0.7,1096.160014
2026-05-19T15:30:00+00:00,15915.15,15916.1,15912.35,15915.7,15914.9,15915.4,15915.9,15916.3,15912.1,15912.6,15915.4,15916,0.6,1467.880015
2026-05-19T15:35:00+00:00,15915.75,15917.35,15913.35,15914.4,15915.5,15916,15917.2,15917.5,15913.2,15913.5,15914.1,15914.7,0.6,1406.58002
2026-05-19T15:40:00+00:00,15914.45,15915.95,15912.85,15914.3,15914,15914.9,15915.7,15916.2,15912.6,15913.1,15914,15914.6,0.6,1100.650013
2026-05-19T15:45:00+00:00,15914.4,15914.8,15910.95,15912.2,15914.1,15914.7,15914.5,15915.1,15910.8,15911.1,15912,15912.4,0.4,744.7900116
2026-05-19T15:50:00+00:00,15912.15,15912.75,15911,15912.3,15911.9,15912.4,15912.6,15912.9,15910.9,15911.1,15912.1,15912.5,0.4,1231.460002
2026-05-19T15:55:00+00:00,15912.35,15912.95,15909.45,15911.85,15912.1,15912.6,15912.8,15913.1,15909.2,15909.7,15911.6,15912.1,0.5,2205.250013
2026-05-19T16:00:00+00:00,15911.75,15914.7,15910.65,15914.5,15911.5,15912,15914.5,15914.9,15910.4,15910.9,15914.3,15914.7,0.4,2119.910017
2026-05-19T16:05:00+00:00,15914.6,15917.65,15900.8,15909.3,15914.4,15914.8,15917.5,15917.8,15900.7,15900.9,15909.2,15909.4,0.2,2971.410018
2026-05-19T16:10:00+00:00,15909.45,15913.4,15879.25,15886.85,15909.2,15909.7,15913.2,15913.6,15879,15879.5,15886.5,15887.2,0.7,5355.570078
2026-05-19T16:15:00+00:00,15887.25,15901.25,15887.1,15897.9,15886.8,15887.7,15901.1,15901.4,15886.6,15887.6,15897.8,15898,0.2,2991.080042
2026-05-19T16:20:00+00:00,15897.7,15900.6,15889.85,15891.95,15897.4,15898,15900.3,15900.9,15889.6,15890.1,15891.7,15892.2,0.5,1376.350028
2026-05-19T16:25:00+00:00,15891.9,15893.25,15887.2,15889.5,15891.7,15892.1,15893,15893.5,15886.9,15887.5,15889.1,15889.9,0.8,1826.760036
2026-05-19T16:30:00+00:00,15889.65,15890.65,15884.9,15887.1,15889.3,15890,15890.4,15890.9,15884.6,15885.2,15886.8,15887.4,0.6,1936.150044
2026-05-19T16:35:00+00:00,15887,15890.4,15879.85,15882,15886.8,15887.2,15890.1,15890.7,15879.6,15880.1,15881.7,15882.3,0.6,2625.820041
2026-05-19T16:40:00+00:00,15881.8,15883.35,15878,15881.65,15881.5,15882.1,15883.1,15883.6,15877.7,15878.3,15881.4,15881.9,0.5,2648.800037
2026-05-19T16:45:00+00:00,15881.75,15883.75,15878.3,15883.65,15881.4,15882.1,15883.4,15884.1,15878,15878.6,15883.3,15884,0.7,1969.960023
2026-05-19T16:50:00+00:00,15883.85,15884.85,15881.75,15881.9,15883.5,15884.2,15884.6,15885.1,15881.5,15882,15881.7,15882.1,0.4,1132.610011
2026-05-19T16:55:00+00:00,15881.85,15883.4,15879.3,15882.5,15881.6,15882.1,15883.1,15883.7,15879.1,15879.5,15882.3,15882.7,0.4,1553.650022
2026-05-19T17:00:00+00:00,15882.45,15883.8,15879.35,15881.95,15882.3,15882.6,15883.5,15884.1,15879.1,15879.6,15881.8,15882.1,0.3,1292.390017
2026-05-19T17:05:00+00:00,15882.1,15885.05,15882.05,15884.25,15882,15882.2,15884.8,15885.3,15881.9,15882.2,15884,15884.5,0.5,1069.430017
2026-05-19T17:10:00+00:00,15884.2,15884.65,15881.7,15882.05,15883.9,15884.5,15884.4,15884.9,15881.5,15881.9,15881.9,15882.2,0.3,1784.480019
2026-05-19T17:15:00+00:00,15881.95,15883.3,15881.2,15881.75,15881.7,15882.2,15883,15883.6,15880.9,15881.5,15881.5,15882,0.5,517.2700056
2026-05-19T17:20:00+00:00,15881.7,15884.35,15881.1,15883.7,15881.4,15882,15884.1,15884.6,15880.9,15881.3,15883.5,15883.9,0.4,735.9500048
2026-05-19T17:25:00+00:00,15883.55,15885.65,15882.9,15883.5,15883.3,15883.8,15885.4,15885.9,15882.7,15883.1,15883.2,15883.8,0.6,1021.36001
2026-05-19T17:30:00+00:00,15883.45,15888.75,15882.05,15888.55,15883.2,15883.7,15888.6,15888.9,15881.8,15882.3,15888.4,15888.7,0.3,886.3500125
2026-05-19T17:35:00+00:00,15888.4,15888.55,15885.6,15885.9,15888.2,15888.6,15888.3,15888.8,15885.3,15885.9,15885.7,15886.1,0.4,642.7300098
2026-05-19T17:40:00+00:00,15885.85,15888.55,15879.55,15879.7,15885.6,15886.1,15888.2,15888.9,15879.3,15879.8,15879.4,15880,0.6,1152.070014
2026-05-19T17:45:00+00:00,15879.65,15883.15,15878.35,15880.05,15879.3,15880,15882.9,15883.4,15878,15878.7,15879.7,15880.4,0.7,1335.020015
2026-05-19T17:50:00+00:00,15880.1,15881.95,15879.5,15881.25,15879.9,15880.3,15881.6,15882.3,15879.2,15879.8,15881,15881.5,0.5,1133.830008
2026-05-19T17:55:00+00:00,15881.45,15887.1,15881.2,15886.4,15881.3,15881.6,15886.9,15887.3,15880.9,15881.5,15886.2,15886.6,0.4,1019.73001
2026-05-19T18:00:00+00:00,15886.2,15888.25,15885.9,15887.1,15885.9,15886.5,15888,15888.5,15885.7,15886.1,15886.8,15887.4,0.6,1021.580011
2026-05-19T18:05:00+00:00,15886.95,15888.65,15885.75,15888.45,15886.7,15887.2,15888.4,15888.9,15885.5,15886,15888.2,15888.7,0.5,1784.420018
2026-05-19T18:10:00+00:00,15888.55,15890.2,15886.85,15889.75,15888.3,15888.8,15890,15890.4,15886.6,15887.1,15889.6,15889.9,0.3,1075.360017
2026-05-19T18:15:00+00:00,15889.85,15893.7,15889.7,15893.4,15889.7,15890,15893.5,15893.9,15889.5,15889.9,15893.1,15893.7,0.6,571.5900086
2026-05-19T18:20:00+00:00,15893.4,15897.85,15892.9,15895.5,15893.1,15893.7,15897.8,15897.9,15892.7,15893.1,15895.3,15895.7,0.4,880.0700184
2026-05-19T18:25:00+00:00,15895.3,15900.75,15892,15900.75,15895,15895.6,15900.6,15900.9,15891.8,15892.2,15900.6,15900.9,0.3,1379.800023
2026-05-19T18:30:00+00:00,15900.8,15903.75,15899.35,15900.55,15900.7,15900.9,15903.6,15903.9,15899.1,15899.6,15900.3,15900.8,0.5,2111.240021
2026-05-19T18:35:00+00:00,15900.45,15903.05,15898.95,15900.85,15900.2,15900.7,15902.9,15903.2,15898.8,15899.1,15900.6,15901.1,0.5,1197.070011
2026-05-19T18:40:00+00:00,15900.9,15901.45,15897.2,15897.95,15900.7,15901.1,15901.2,15901.7,15897,15897.4,15897.6,15898.3,0.7,1098.020009
2026-05-19T18:45:00+00:00,15898,15904.7,15897.95,15904.6,15897.8,15898.2,15904.4,15905,15897.7,15898.2,15904.4,15904.8,0.4,1160.830008
2026-05-19T18:50:00+00:00,15904.65,15906.45,15904.3,15905.6,15904.4,15904.9,15906.2,15906.7,15904,15904.6,15905.4,15905.8,0.4,1466.050013
2026-05-19T18:55:00+00:00,15905.85,15909.05,15903.25,15904.5,15905.6,15906.1,15908.8,15909.3,15903.1,15903.4,15904.3,15904.7,0.4,1746.480019
2026-05-19T19:00:00+00:00,15904.45,15906.05,15902.9,15905.1,15904.2,15904.7,15905.9,15906.2,15902.7,15903.1,15904.9,15905.3,0.4,1000.120015
2026-05-19T19:05:00+00:00,15905.05,15908,15905.05,15906.35,15904.8,15905.3,15907.8,15908.2,15904.8,15905.3,15906.1,15906.6,0.5,531.4800075
2026-05-19T19:10:00+00:00,15906.25,15906.35,15902.25,15902.6,15906,15906.5,15906.1,15906.6,15902.1,15902.4,15902.4,15902.8,0.4,582.4900094
2026-05-19T19:15:00+00:00,15902.75,15904.45,15901.8,15904.1,15902.6,15902.9,15904.2,15904.7,15901.6,15902,15903.9,15904.3,0.4,561.2400106
2026-05-19T19:20:00+00:00,15903.95,15906.75,15903.55,15906.75,15903.7,15904.2,15906.5,15907,15903.3,15903.8,15906.5,15907,0.5,330.0000051
2026-05-19T19:25:00+00:00,15906.75,15907.45,15905,15905.4,15906.5,15907,15907.3,15907.6,15904.8,15905.2,15905.2,15905.6,0.4,358.8500073
2026-05-19T19:30:00+00:00,15905.35,15906.1,15904.35,15905.35,15905.1,15905.6,15906,15906.2,15904.1,15904.6,15905.1,15905.6,0.5,501.6600085
2026-05-19T19:35:00+00:00,15905.5,15905.65,15900.95,15901.65,15905.3,15905.7,15905.4,15905.9,15900.7,15901.2,15901.4,15901.9,0.5,562.2200074
2026-05-19T19:40:00+00:00,15901.75,15901.75,15899.6,15900.6,15901.5,15902,15901.5,15902,15899.3,15899.9,15900.4,15900.8,0.4,544.5300077
2026-05-19T19:45:00+00:00,15900.9,15901.65,15900.35,15900.75,15900.5,15901.3,15901.4,15901.9,15900.1,15900.6,15900.5,15901,0.5,327.2200029
2026-05-19T19:50:00+00:00,15901.1,15904.15,15900.7,15903.7,15901,15901.2,15903.9,15904.4,15900.4,15901,15903.5,15903.9,0.4,675.6600103
2026-05-19T19:55:00+00:00,15903.65,15906,15903.1,15905.6,15903.4,15903.9,15905.8,15906.2,15902.9,15903.3,15905.4,15905.8,0.4,979.6700134
2026-05-19T20:00:00+00:00,15905.65,15908.35,15904.55,15908.25,15905.3,15906,15908.1,15908.6,15904.3,15904.8,15908,15908.5,0.5,895.0500185
2026-05-19T20:05:00+00:00,15907.95,15908.4,15905.55,15908.35,15907.8,15908.1,15908.2,15908.6,15905.3,15905.8,15908.1,15908.6,0.5,229.3400043
2026-05-19T20:10:00+00:00,15908.45,15909.45,15907.7,15908.45,15908.2,15908.7,15909.2,15909.7,15907.4,15908,15908.2,15908.7,0.5,138.7200013
2026-05-19T20:15:00+00:00,15908.4,15908.85,15907.25,15908.85,15908.1,15908.7,15908.7,15909,15907,15907.5,15908.7,15909,0.3,114.9100013
2026-05-19T20:20:00+00:00,15909.15,15909.75,15908.6,15908.65,15909,15909.3,15909.5,15910,15908.3,15908.9,15908.4,15908.9,0.5,294.7300032
2026-05-19T20:25:00+00:00,15908.6,15909.3,15906.75,15908.4,15908.3,15908.9,15909,15909.6,15906.6,15906.9,15908.3,15908.5,0.2,454.7900028
2026-05-19T20:30:00+00:00,15908.3,15908.35,15907.2,15907.95,15908.1,15908.5,15908.1,15908.6,15907,15907.4,15907.8,15908.1,0.3,233.7000051
2026-05-19T20:35:00+00:00,15908,15908.2,15906.85,15907.2,15907.9,15908.1,15908,15908.4,15906.7,15907,15906.9,15907.5,0.6,136.9500035
2026-05-19T20:40:00+00:00,15907.3,15908.95,15907.05,15908.7,15907.1,15907.5,15908.7,15909.2,15906.8,15907.3,15908.5,15908.9,0.4,212.7000029
2026-05-19T20:45:00+00:00,15908.8,15910.55,15908.3,15908.6,15908.6,15909,15910.2,15910.9,15908,15908.6,15908.2,15909,0.8,454.5400077
2026-05-19T20:50:00+00:00,15908.6,15910.3,15908.5,15909.25,15908.3,15908.9,15909.9,15910.7,15908.1,15908.9,15908.8,15909.7,0.9,876.4200095
2026-05-19T20:55:00+00:00,15909.05,15909.9,15905.65,15906.75,15908.5,15909.6,15908.9,15910.9,15904.5,15906.8,15904.5,15909,4.5,487.2100051
2026-05-19T21:00:00+00:00,15906.9,15907.6,15904.4,15905.75,15904,15909.8,15904,15911.2,15899,15909.8,15901.6,15909.9,8.3,12.60000014
2026-05-19T21:05:00+00:00,15905.8,15906.1,15902.75,15903.05,15900.9,15910.7,15901.5,15910.7,15899.3,15906.2,15899.3,15906.8,7.5,30.60000086
2026-05-19T21:10:00+00:00,15903.25,15904.8,15902.8,15903.9,15899.6,15906.9,15899.6,15910,15898.7,15906.9,15898.7,15909.1,10.4,36.90000117
2026-05-19T21:15:00+00:00,15903.75,15905.85,15901.9,15903.9,15898.3,15909.2,15902.1,15909.6,15898.3,15905.5,15898.6,15909.2,10.6,28.95000017
2026-05-19T21:20:00+00:00,15903.4,15908.6,15902.65,15907.15,15898.7,15908.1,15906.3,15910.9,15898.7,15906.6,15905.1,15909.2,4.1,133.1700027
2026-05-19T21:25:00+00:00,15907.2,15907.7,15907.05,15907.2,15905.2,15909.2,15905.3,15910.1,15905,15909.1,15905.2,15909.2,4,43.98000133
2026-05-19T21:30:00+00:00,15907.35,15907.95,15907.1,15907.95,15905.2,15909.5,15906.3,15909.6,15905.1,15909.1,15906.3,15909.6,3.3,45.90000129
2026-05-19T21:35:00+00:00,15907.8,15908.05,15907.4,15907.65,15906.2,15909.4,15906.4,15909.7,15906,15908.8,15906.2,15909.1,2.9,60.00000191
2026-05-19T21:40:00+00:00,15907.5,15907.6,15907.5,15907.6,15906.2,15908.8,15906.2,15909,15906.2,15908.8,15906.2,15909,2.8,4.800000191
2026-05-19T21:45:00+00:00,15906.2,15906.2,15904.95,15905.5,15904.8,15907.6,15904.8,15907.6,15903.9,15906,15904.4,15906.6,2.2,28.50000095
2026-05-19T21:50:00+00:00,15905.75,15907.75,15905.55,15907.75,15904.4,15907.1,15906.2,15909.3,15904.3,15906.8,15906.2,15909.3,3.1,27.60000086
2026-05-19T21:55:00+00:00,15907.9,15907.9,15906.95,15907.4,15906.5,15909.3,15906.5,15909.3,15905.6,15908.3,15905.9,15908.9,3,26.40000057
2026-05-19T22:00:00+00:00,15907.45,15908.15,15906.1,15907,15906,15908.9,15907.4,15908.9,15905.4,15906.8,15906.2,15907.8,1.6,168.5999961
2026-05-19T22:05:00+00:00,15906.95,15907.4,15906,15906.65,15906.1,15907.8,15906.7,15908.1,15905.2,15906.8,15906,15907.3,1.3,237.4500073
2026-05-19T22:10:00+00:00,15906.7,15907,15906.25,15906.8,15906,15907.4,15906.4,15907.6,15905.8,15906.7,15906.1,15907.5,1.4,53.10000169
2026-05-19T22:15:00+00:00,15906.95,15908.9,15906.6,15908.65,15906.1,15907.8,15908.5,15909.3,15906.1,15907.1,15908.2,15909.1,0.9,137.6900022
2026-05-19T22:20:00+00:00,15908.7,15910.65,15908.65,15909.45,15908.3,15909.1,15910.2,15911.1,15908.2,15909.1,15909,15909.9,0.9,268.7600057
2026-05-19T22:25:00+00:00,15909.55,15909.85,15908.05,15908.9,15909,15910.1,15909.4,15910.3,15907.6,15908.5,15908.5,15909.3,0.8,92.54000199
2026-05-19T22:30:00+00:00,15908.75,15909.25,15907.3,15907.85,15908.4,15909.1,15908.9,15909.6,15906.9,15907.7,15907.4,15908.3,0.9,219.3600051
2026-05-19T22:35:00+00:00,15907.75,15908.15,15907.7,15908.05,15907.4,15908.1,15907.9,15908.4,15907.3,15908.1,15907.8,15908.3,0.5,62.24000108
2026-05-19T22:40:00+00:00,15907.95,15908.65,15907.9,15908.55,15907.6,15908.3,15908.3,15909,15907.5,15908.3,15908.1,15909,0.9,227.7100018
2026-05-19T22:45:00+00:00,15908.5,15909.75,15908.3,15909.7,15908.1,15908.9,15909.5,15910,15907.9,15908.7,15909.4,15910,0.6,87.15000045
2026-05-19T22:50:00+00:00,15909.65,15910.45,15907.25,15908,15909.3,15910,15910.2,15910.7,15906.9,15907.6,15907.7,15908.3,0.6,112.3300027
2026-05-19T22:55:00+00:00,15907.6,15908.2,15905.85,15907.2,15907.4,15907.8,15907.8,15908.6,15905.3,15906.4,15906.6,15907.8,1.2,240.0800028
2026-05-19T23:00:00+00:00,15907.1,15907.45,15903.2,15904.75,15906.6,15907.6,15907,15907.9,15902.9,15903.5,15904.5,15905,0.5,341.2800072
2026-05-19T23:05:00+00:00,15904.85,15906.15,15903.65,15905.05,15904.5,15905.2,15905.7,15906.6,15903.3,15904,15904.5,15905.6,1.1,347.3700038
2026-05-19T23:10:00+00:00,15905.2,15905.2,15904.3,15904.45,15904.8,15905.6,15904.8,15905.6,15904,15904.6,15904.2,15904.7,0.5,127.1100034
2026-05-19T23:15:00+00:00,15904.35,15904.6,15903.25,15904.6,15904.2,15904.5,15904.4,15904.8,15903,15903.5,15904.4,15904.8,0.4,184.4700034
2026-05-19T23:20:00+00:00,15904.7,15905.15,15903.55,15903.6,15904.4,15905,15904.8,15905.5,15903.3,15903.8,15903.4,15903.8,0.4,281.7700036
2026-05-19T23:25:00+00:00,15903.65,15903.8,15902.2,15903.45,15903.4,15903.9,15903.5,15904.1,15901.9,15902.5,15903.2,15903.7,0.5,194.0700021
2026-05-19T23:30:00+00:00,15903.5,15903.65,15899.65,15900.85,15903.2,15903.8,15903.3,15904,15899.2,15900.1,15900.5,15901.2,0.7,626.7500097
2026-05-19T23:35:00+00:00,15900.9,15902,15899.3,15900.75,15900.6,15901.2,15901.7,15902.3,15899.1,15899.5,15900.4,15901.1,0.7,725.4900124
2026-05-19T23:40:00+00:00,15900.8,15901.9,15900.4,15900.45,15900.5,15901.1,15901.6,15902.2,15900.1,15900.7,15900.1,15900.8,0.7,207.4300013
2026-05-19T23:45:00+00:00,15900.55,15902.1,15900.55,15901.55,15900.3,15900.8,15901.8,15902.4,15900.3,15900.8,15901.2,15901.9,0.7,364.140003
2026-05-19T23:50:00+00:00,15901.75,15902.3,15900.55,15902.05,15901.4,15902.1,15902.1,15902.5,15900.2,15900.9,15901.7,15902.4,0.7,433.6500084
2026-05-19T23:55:00+00:00,15902.1,15905.8,15901.8,15904.6,15901.7,15902.5,15905.6,15906,15901.5,15902.1,15904.3,15904.9,0.6,661.7000104
2026-05-20T00:00:00+00:00,15904.65,15907.25,15904.3,15906.15,15904.3,15905,15907,15907.5,15904,15904.6,15905.8,15906.5,0.7,1928.270018
2026-05-20T00:05:00+00:00,15906.25,15910.4,15906.25,15908,15906,15906.5,15910.1,15910.7,15906,15906.5,15907.7,15908.3,0.6,1182.970017
2026-05-20T00:10:00+00:00,15907.9,15909.6,15906.85,15908.85,15907.7,15908.1,15909.4,15909.8,15906.5,15907.2,15908.6,15909.1,0.5,1426.020019
2026-05-20T00:15:00+00:00,15908.8,15909.95,15907.4,15908.5,15908.5,15909.1,15909.7,15910.2,15907.1,15907.7,15908.2,15908.8,0.6,3066.000028
2026-05-20T00:20:00+00:00,15908.55,15909,15905.4,15905.7,15908.3,15908.8,15908.7,15909.3,15905.1,15905.7,15905.4,15906,0.6,1051.950012
2026-05-20T00:25:00+00:00,15905.65,15905.7,15902.1,15904.8,15905.4,15905.9,15905.4,15906,15901.8,15902.4,15904.5,15905.1,0.6,1249.410015
2026-05-20T00:30:00+00:00,15904.5,15906.2,15902.35,15906,15904.4,15904.6,15905.9,15906.5,15902.1,15902.6,15905.7,15906.3,0.6,689.4500141
2026-05-20T00:35:00+00:00,15905.95,15906.1,15902.45,15904.6,15905.7,15906.2,15905.8,15906.4,15902.2,15902.7,15904.4,15904.8,0.4,732.1900154
2026-05-20T00:40:00+00:00,15904.65,15906.1,15904.15,15904.8,15904.4,15904.9,15905.8,15906.4,15903.9,15904.4,15904.5,15905.1,0.6,721.2300128
2026-05-20T00:45:00+00:00,15904.85,15905.65,15902.1,15902.45,15904.6,15905.1,15905.5,15905.8,15901.8,15902.4,15902.2,15902.7,0.5,792.4000061
2026-05-20T00:50:00+00:00,15902.6,15905,15895.5,15899.15,15902.3,15902.9,15904.7,15905.3,15895.4,15895.6,15898.9,15899.4,0.5,2603.720034
2026-05-20T00:55:00+00:00,15898.8,15902.85,15898.1,15899.8,15898.7,15898.9,15902.6,15903.1,15897.9,15898.3,15899.5,15900.1,0.6,2088.260026
2026-05-20T01:00:00+00:00,15899.85,15904.45,15899.85,15901.95,15899.6,15900.1,15904.2,15904.7,15899.6,15900.1,15901.7,15902.2,0.5,2021.090023
2026-05-20T01:05:00+00:00,15902.1,15904.7,15901.05,15901.2,15901.8,15902.4,15904.4,15905,15900.8,15901.3,15901,15901.4,0.4,1038.000002
2026-05-20T01:10:00+00:00,15901.55,15904.75,15901.5,15904.65,15901.5,15901.6,15904.4,15905.1,15901.4,15901.6,15904.2,15905.1,0.9,1277.250018
2026-05-20T01:15:00+00:00,15904.55,15904.9,15903.25,15904.45,15904.3,15904.8,15904.6,15905.2,15903,15903.5,15904.2,15904.7,0.5,723.4800087
2026-05-20T01:20:00+00:00,15904.5,15905.8,15903.25,15903.25,15904.3,15904.7,15905.5,15906.1,15903,15903.5,15903,15903.5,0.5,313.090005
2026-05-20T01:25:00+00:00,15903.35,15908.6,15903.25,15907.7,15903.1,15903.6,15908.4,15908.8,15903,15903.5,15907.5,15907.9,0.4,625.6800078
2026-05-20T01:30:00+00:00,15907.65,15908.45,15904.4,15906.95,15907.4,15907.9,15908.1,15908.8,15904.2,15904.6,15906.7,15907.2,0.5,671.9500091
2026-05-20T01:35:00+00:00,15907.15,15909.3,15905.7,15905.9,15906.9,15907.4,15909,15909.6,15905.4,15906,15905.6,15906.2,0.6,1035.740018
2026-05-20T01:40:00+00:00,15905.95,15906.15,15903.05,15903.3,15905.6,15906.3,15905.9,15906.4,15902.9,15903.2,15903.1,15903.5,0.4,640.9100105
2026-05-20T01:45:00+00:00,15903.45,15903.95,15902.25,15903.2,15903.1,15903.8,15903.7,15904.2,15902,15902.5,15903,15903.4,0.4,486.12001
2026-05-20T01:50:00+00:00,15903.15,15905.1,15897.6,15904.75,15902.9,15903.4,15904.7,15905.5,15897.3,15897.9,15904.5,15905,0.5,2014.570033
2026-05-20T01:55:00+00:00,15904.65,15904.95,15903.45,15903.85,15904.5,15904.8,15904.7,15905.2,15903.2,15903.7,15903.6,15904.1,0.5,551.9200113
2026-05-20T02:00:00+00:00,15903.8,15904.55,15903.4,15903.55,15903.5,15904.1,15904.3,15904.8,15903.1,15903.7,15903.3,15903.8,0.5,723.1300114
2026-05-20T02:05:00+00:00,15903.35,15903.85,15901.15,15901.8,15903.1,15903.6,15903.6,15904.1,15901,15901.3,15901.5,15902.1,0.6,811.0500115
2026-05-20T02:10:00+00:00,15901.9,15903.2,15899.5,15900.55,15901.7,15902.1,15902.9,15903.5,15899.2,15899.8,15900.3,15900.8,0.5,392.2400039
2026-05-20T02:15:00+00:00,15900.5,15901.6,15898.95,15899,15900.1,15900.9,15901.3,15901.9,15898.7,15899.2,15898.7,15899.3,0.6,505.0200051
2026-05-20T02:20:00+00:00,15899.1,15899.15,15884,15894.75,15898.9,15899.3,15898.9,15899.4,15883.8,15884.2,15894.5,15895,0.5,2041.01003
2026-05-20T02:25:00+00:00,15894.7,15896.5,15892.95,15896.3,15894.4,15895,15896.2,15896.8,15892.6,15893.3,15896,15896.6,0.6,774.9000139
2026-05-20T02:30:00+00:00,15896.15,15900.05,15895.45,15896.85,15895.9,15896.4,15899.7,15900.4,15895.2,15895.7,15896.6,15897.1,0.5,1622.730024
2026-05-20T02:35:00+00:00,15896.9,15899.95,15893.75,15893.75,15896.6,15897.2,15899.8,15900.1,15893.5,15894,15893.5,15894,0.5,845.7600179
2026-05-20T02:40:00+00:00,15893.85,15893.85,15891.75,15892.85,15893.7,15894,15893.7,15894,15891.5,15892,15892.6,15893.1,0.5,1011.140011
2026-05-20T02:45:00+00:00,15892.95,15893.45,15889.75,15891.95,15892.7,15893.2,15893.2,15893.7,15889.5,15890,15891.7,15892.2,0.5,673.8500106
2026-05-20T02:50:00+00:00,15891.9,15893.25,15890.9,15892.2,15891.6,15892.2,15893,15893.5,15890.6,15891.2,15892,15892.4,0.4,829.9500121
2026-05-20T02:55:00+00:00,15891.95,15893.9,15890.9,15892.55,15891.8,15892.1,15893.6,15894.2,15890.7,15891.1,15892.2,15892.9,0.7,959.0000143
2026-05-20T03:00:00+00:00,15892.55,15893.45,15892.2,15892.8,15892.3,15892.8,15893.1,15893.8,15891.9,15892.5,15892.4,15893.2,0.8,954.6900102
2026-05-20T03:05:00+00:00,15892.6,15894.75,15892.1,15894.25,15892.3,15892.9,15894.5,15895,15891.8,15892.4,15893.9,15894.6,0.7,558.2200106
2026-05-20T03:10:00+00:00,15894.3,15895.2,15892.15,15893.55,15894,15894.6,15895,15895.4,15891.9,15892.4,15893.3,15893.8,0.5,472.4900099
2026-05-20T03:15:00+00:00,15893.35,15894.35,15890,15890.85,15893.1,15893.6,15894.2,15894.5,15889.8,15890.2,15890.6,15891.1,0.5,447.8200107
2026-05-20T03:20:00+00:00,15891.05,15891.85,15890.45,15890.7,15890.8,15891.3,15891.6,15892.1,15890.2,15890.7,15890.5,15890.9,0.4,373.2300062
2026-05-20T03:25:00+00:00,15890.7,15890.9,15887.15,15889.35,15890.5,15890.9,15890.6,15891.2,15886.9,15887.4,15889.2,15889.5,0.3,546.9900097
2026-05-20T03:30:00+00:00,15889.4,15890,15886.7,15888.1,15889.2,15889.6,15889.8,15890.2,15886.5,15886.9,15887.9,15888.3,0.4,837.8100165
2026-05-20T03:35:00+00:00,15888.05,15888.7,15886.7,15887,15887.9,15888.2,15888.4,15889,15886.5,15886.9,15886.6,15887.4,0.8,1754.730031
2026-05-20T03:40:00+00:00,15887.15,15887.95,15885.7,15886,15886.8,15887.5,15887.7,15888.2,15885.5,15885.9,15885.7,15886.3,0.6,1285.150018
2026-05-20T03:45:00+00:00,15885.95,15889.5,15885.9,15888.65,15885.7,15886.2,15889.3,15889.7,15885.7,15886.1,15888.4,15888.9,0.5,783.7100124
2026-05-20T03:50:00+00:00,15888.7,15890.8,15887.75,15887.75,15888.4,15889,15890.6,15891,15887.5,15888,15887.5,15888,0.5,433.6300079
2026-05-20T03:55:00+00:00,15887.65,15888.15,15885.9,15887.45,15887.4,15887.9,15888,15888.3,15885.7,15886.1,15887.1,15887.8,0.7,591.1500061
2026-05-20T04:00:00+00:00,15887.4,15887.4,15882.1,15884.3,15887.1,15887.7,15887.1,15887.7,15881.7,15882.5,15883.9,15884.7,0.8,1010.950011
2026-05-20T04:05:00+00:00,15884.35,15885.85,15883.35,15885.55,15884,15884.7,15885.6,15886.1,15883.1,15883.6,15885.2,15885.9,0.7,236.550005
2026-05-20T04:10:00+00:00,15885.6,15887.45,15884.85,15885.55,15885.4,15885.8,15887.2,15887.7,15884.6,15885.1,15885.3,15885.8,0.5,304.6800046
2026-05-20T04:15:00+00:00,15885.55,15888.75,15885.5,15888.5,15885.3,15885.8,15888.5,15889,15885.2,15885.8,15888.2,15888.8,0.6,569.1000051
2026-05-20T04:20:00+00:00,15888.45,15889.5,15888.15,15888.45,15888.2,15888.7,15889.3,15889.7,15887.9,15888.4,15888.1,15888.8,0.7,461.4000051
2026-05-20T04:25:00+00:00,15888.65,15890.95,15888.65,15889.65,15888.4,15888.9,15890.7,15891.2,15888.4,15888.9,15889.5,15889.8,0.3,279.1500038
2026-05-20T04:30:00+00:00,15889.7,15893.25,15889.7,15893.15,15889.5,15889.9,15892.9,15893.6,15889.5,15889.9,15892.8,15893.5,0.7,423.9000061
2026-05-20T04:35:00+00:00,15893.55,15896.25,15893.05,15896.05,15893.4,15893.7,15896,15896.5,15892.8,15893.3,15895.8,15896.3,0.5,625.7400093
2026-05-20T04:40:00+00:00,15896.15,15900.3,15895.95,15899.35,15895.9,15896.4,15900,15900.6,15895.7,15896.2,15899.1,15899.6,0.5,1076.280016
2026-05-20T04:45:00+00:00,15899.55,15899.85,15897.95,15899.1,15899.3,15899.8,15899.6,15900.1,15897.7,15898.2,15898.9,15899.3,0.4,1319.160012
2026-05-20T04:50:00+00:00,15899.2,15899.25,15896.55,15896.7,15898.9,15899.5,15899,15899.5,15896.3,15896.8,15896.5,15896.9,0.4,534.0800067
2026-05-20T04:55:00+00:00,15896.85,15899.25,15896.4,15898.15,15896.5,15897.2,15899,15899.5,15896.2,15896.6,15897.9,15898.4,0.5,798.060009
2026-05-20T05:00:00+00:00,15898.25,15898.75,15894.6,15898.35,15898.1,15898.4,15898.5,15899,15894.3,15894.9,15898.1,15898.6,0.5,1183.620016
2026-05-20T05:05:00+00:00,15898.5,15898.55,15896.1,15897.05,15898.2,15898.8,15898.3,15898.8,15895.8,15896.4,15896.8,15897.3,0.5,401.6600062
2026-05-20T05:10:00+00:00,15897.1,15897.2,15894.2,15895.95,15896.9,15897.3,15897,15897.4,15893.9,15894.5,15895.7,15896.2,0.5,675.0300086
2026-05-20T05:15:00+00:00,15895.9,15896.7,15893.9,15893.9,15895.6,15896.2,15896.4,15897,15893.6,15894.2,15893.6,15894.2,0.6,649.2500061
2026-05-20T05:20:00+00:00,15893.8,15894.75,15892.65,15894.2,15893.6,15894,15894.5,15895,15892.4,15892.9,15893.9,15894.5,0.6,766.5900078
2026-05-20T05:25:00+00:00,15894.1,15895.55,15892.8,15895.45,15893.8,15894.4,15895.3,15895.8,15892.5,15893.1,15895.2,15895.7,0.5,709.250008
2026-05-20T05:30:00+00:00,15895.5,15895.55,15891.75,15892.35,15895.1,15895.9,15895.2,15895.9,15891.5,15892,15892.1,15892.6,0.5,679.9100096
2026-05-20T05:35:00+00:00,15892.3,15894.75,15891.95,15893.85,15892,15892.6,15894.5,15895,15891.7,15892.2,15893.5,15894.2,0.7,572.7100054
2026-05-20T05:40:00+00:00,15893.8,15894.6,15893.25,15893.9,15893.5,15894.1,15894.4,15894.8,15893,15893.5,15893.6,15894.2,0.6,401.0500075
2026-05-20T05:45:00+00:00,15894.1,15896.75,15894.1,15896.1,15893.8,15894.4,15896.5,15897,15893.8,15894.4,15895.7,15896.5,0.8,417.5100068
2026-05-20T05:50:00+00:00,15896,15897,15894.4,15896.9,15895.7,15896.3,15896.7,15897.3,15894.2,15894.6,15896.6,15897.2,0.6,441.9400079
2026-05-20T05:55:00+00:00,15897.15,15899.45,15897.15,15897.35,15896.9,15897.4,15899.1,15899.8,15896.9,15897.4,15897.1,15897.6,0.5,395.4300071
2026-05-20T06:00:00+00:00,15897.4,15900.1,15896.35,15899.75,15897.2,15897.6,15899.8,15900.4,15896.2,15896.5,15899.5,15900,0.5,1313.300018
2026-05-20T06:05:00+00:00,15899.8,15900.25,15896.7,15898.1,15899.4,15900.2,15900,15900.5,15896.5,15896.9,15897.8,15898.4,0.6,1014.180012
2026-05-20T06:10:00+00:00,15898.05,15898.1,15894.1,15895.6,15897.8,15898.3,15897.8,15898.4,15893.8,15894.4,15895.3,15895.9,0.6,856.6500094
2026-05-20T06:15:00+00:00,15895.5,15895.5,15891.8,15892.4,15895.2,15895.8,15895.2,15895.8,15891.6,15892,15892.1,15892.7,0.6,1357.290025
2026-05-20T06:20:00+00:00,15892.3,15892.95,15889.45,15891.2,15892,15892.6,15892.8,15893.1,15889.2,15889.7,15890.9,15891.5,0.6,1235.090017
2026-05-20T06:25:00+00:00,15890.95,15891.3,15887.3,15889.1,15890.7,15891.2,15891.1,15891.5,15887.1,15887.5,15888.9,15889.3,0.4,1521.090022
2026-05-20T06:30:00+00:00,15888.75,15893.85,15888.4,15892.55,15888.6,15888.9,15893.6,15894.1,15888.1,15888.7,15892.3,15892.8,0.5,1269.410019
2026-05-20T06:35:00+00:00,15892.6,15896.25,15891.85,15895.8,15892.3,15892.9,15896,15896.5,15891.7,15892,15895.6,15896,0.4,821.4200164
2026-05-20T06:40:00+00:00,15895.75,15897.55,15894.25,15895.75,15895.5,15896,15897.3,15897.8,15894,15894.5,15895.5,15896,0.5,898.420014
2026-05-20T06:45:00+00:00,15895.45,15898.75,15895.15,15897.3,15895.3,15895.6,15898.5,15899,15894.9,15895.4,15897.1,15897.5,0.4,679.4400129
2026-05-20T06:50:00+00:00,15897.35,15900.3,15897.1,15899.4,15897.1,15897.6,15900.1,15900.5,15896.8,15897.4,15899.2,15899.6,0.4,886.4800105
2026-05-20T06:55:00+00:00,15899.45,15899.5,15896.65,15898,15899.3,15899.6,15899.3,15899.7,15896.4,15896.9,15897.7,15898.3,0.6,740.8200097
2026-05-20T07:00:00+00:00,15898.1,15899.35,15894.55,15895.8,15897.9,15898.3,15899.1,15899.6,15894.3,15894.8,15895.6,15896,0.4,1183.690013
2026-05-20T07:05:00+00:00,15895.75,15895.85,15892.95,15893.7,15895.6,15895.9,15895.7,15896,15892.7,15893.2,15893.4,15894,0.6,1037.720015
2026-05-20T07:10:00+00:00,15894.2,15896.75,15894.05,15896.05,15893.9,15894.5,15896.6,15896.9,15893.8,15894.3,15895.8,15896.3,0.5,841.3500116
2026-05-20T07:15:00+00:00,15896.1,15898.25,15896,15897.5,15895.9,15896.3,15898,15898.5,15895.8,15896.2,15897.3,15897.7,0.4,1014.000011
2026-05-20T07:20:00+00:00,15897.35,15898.5,15896.7,15897.95,15897.1,15897.6,15898.3,15898.7,15896.5,15896.9,15897.8,15898.1,0.3,924.3900063
2026-05-20T07:25:00+00:00,15897.7,15899.6,15896.25,15896.65,15897.5,15897.9,15899.4,15899.8,15896.1,15896.4,15896.3,15897,0.7,796.3600123
2026-05-20T07:30:00+00:00,15896.7,15899.2,15895.7,15898.9,15896.4,15897,15899,15899.4,15895.4,15896,15898.7,15899.1,0.4,1087.900014
2026-05-20T07:35:00+00:00,15898.85,15903.4,15898.55,15901.25,15898.6,15899.1,15903.2,15903.6,15898.4,15898.7,15901.1,15901.4,0.3,769.0400116
2026-05-20T07:40:00+00:00,15901.35,15903.55,15900.5,15903.55,15901,15901.7,15903.3,15903.8,15900.3,15900.7,15903.3,15903.8,0.5,878.8900099
2026-05-20T07:45:00+00:00,15903.4,15905.85,15903.2,15904,15903.2,15903.6,15905.6,15906.1,15902.9,15903.5,15903.8,15904.2,0.4,854.4800098
2026-05-20T07:50:00+00:00,15904.05,15905.65,15902.1,15902.75,15903.8,15904.3,15905.4,15905.9,15901.9,15902.3,15902.5,15903,0.5,1001.950014
2026-05-20T07:55:00+00:00,15902.85,15906.3,15902.7,15906.15,15902.6,15903.1,15906.1,15906.5,15902.5,15902.9,15906,15906.3,0.3,923.0100133
2026-05-20T08:00:00+00:00,15906.55,15907.25,15903.2,15904.15,15906.4,15906.7,15907,15907.5,15902.9,15903.5,15903.9,15904.4,0.5,994.8200165
2026-05-20T08:05:00+00:00,15904.25,15906.85,15903.55,15906.35,15904,15904.5,15906.7,15907,15903.4,15903.7,15906.1,15906.6,0.5,1388.820026
2026-05-20T08:10:00+00:00,15906.45,15909.6,15906.45,15907.95,15906.2,15906.7,15909.3,15909.9,15906.2,15906.7,15907.7,15908.2,0.5,991.0100127
2026-05-20T08:15:00+00:00,15908,15910.2,15907.75,15908.1,15907.8,15908.2,15910.1,15910.3,15907.5,15908,15907.9,15908.3,0.4,813.9200138
2026-05-20T08:20:00+00:00,15908.05,15910.15,15906.8,15907.45,15907.9,15908.2,15910,15910.3,15906.6,15907,15907.2,15907.7,0.5,488.9100087
2026-05-20T08:25:00+00:00,15907.55,15908.05,15905.75,15906.75,15907.2,15907.9,15907.8,15908.3,15905.4,15906.1,15906.5,15907,0.5,741.8100094
2026-05-20T08:30:00+00:00,15906.7,15906.85,15904.25,15906.8,15906.5,15906.9,15906.6,15907.1,15904,15904.5,15906.6,15907,0.4,971.4900147
2026-05-20T08:35:00+00:00,15906.75,15907.2,15903.5,15904.2,15906.5,15907,15907,15907.4,15903.3,15903.7,15903.9,15904.5,0.6,489.0900098
2026-05-20T08:40:00+00:00,15904.15,15905.35,15902,15903.1,15903.9,15904.4,15905.1,15905.6,15901.8,15902.2,15902.8,15903.4,0.6,549.260007
2026-05-20T08:45:00+00:00,15903,15907,15902,15906.85,15902.8,15903.2,15906.8,15907.2,15901.7,15902.3,15906.6,15907.1,0.5,770.3900121
2026-05-20T08:50:00+00:00,15906.6,15906.65,15901.95,15904.8,15906.3,15906.9,15906.4,15906.9,15901.7,15902.2,15904.6,15905,0.4,795.2200112
2026-05-20T08:55:00+00:00,15904.75,15906,15904.25,15904.4,15904.6,15904.9,15905.8,15906.2,15904.1,15904.4,15904.2,15904.6,0.4,565.2800103
2026-05-20T09:00:00+00:00,15904.45,15904.6,15901.7,15901.9,15904.3,15904.6,15904.4,15904.8,15901.5,15901.9,15901.6,15902.2,0.6,322.7000072
2026-05-20T09:05:00+00:00,15901.95,15902.3,15899.45,15901.65,15901.8,15902.1,15902.1,15902.5,15899.2,15899.7,15901.4,15901.9,0.5,697.1600116
2026-05-20T09:10:00+00:00,15901.4,15902.25,15899.4,15901.85,15901.2,15901.6,15902,15902.5,15899.2,15899.6,15901.7,15902,0.3,762.7000118
2026-05-20T09:15:00+00:00,15901.7,15905.05,15900.75,15903.05,15901.5,15901.9,15904.8,15905.3,15900.5,15901,15902.9,15903.2,0.3,685.5200094
2026-05-20T09:20:00+00:00,15902.9,15904.7,15901.75,15904.65,15902.6,15903.2,15904.5,15904.9,15901.5,15902,15904.4,15904.9,0.5,471.6000072
2026-05-20T09:25:00+00:00,15904.7,15907.4,15904.7,15906.35,15904.5,15904.9,15907.2,15907.6,15904.5,15904.9,15906.2,15906.5,0.3,321.8900037
2026-05-20T09:30:00+00:00,15906.5,15907.05,15904.4,15904.65,15906.3,15906.7,15906.8,15907.3,15904.2,15904.6,15904.5,15904.8,0.3,307.1700057
2026-05-20T09:35:00+00:00,15904.75,15906.9,15904.7,15905.6,15904.5,15905,15906.7,15907.1,15904.5,15904.9,15905.4,15905.8,0.4,193.2000035
2026-05-20T09:40:00+00:00,15904.85,15906.85,15904.65,15905.95,15904.8,15904.9,15906.7,15907,15904.5,15904.8,15905.7,15906.2,0.5,247.9500057
2026-05-20T09:45:00+00:00,15905.8,15907.9,15905.8,15907.05,15905.6,15906,15907.7,15908.1,15905.6,15906,15906.9,15907.2,0.3,526.7100101
2026-05-20T09:50:00+00:00,15906.9,15907.9,15905.45,15905.7,15906.7,15907.1,15907.7,15908.1,15905.2,15905.7,15905.5,15905.9,0.4,346.2700073
2026-05-20T09:55:00+00:00,15905.55,15907.2,15904.35,15907.05,15905.4,15905.7,15907,15907.4,15904.2,15904.5,15906.9,15907.2,0.3,460.3900084
2026-05-20T10:00:00+00:00,15907.1,15907.25,15905.3,15906.8,15907,15907.2,15907.1,15907.4,15905.1,15905.5,15906.6,15907,0.4,277.5000062
2026-05-20T10:05:00+00:00,15906.85,15906.9,15904.2,15905.2,15906.6,15907.1,15906.7,15907.1,15904.1,15904.3,15905,15905.4,0.4,349.8000062
2026-05-20T10:10:00+00:00,15905.3,15906.95,15904.1,15904.7,15905.1,15905.5,15906.8,15907.1,15903.9,15904.3,15904.4,15905,0.6,516.940011
2026-05-20T10:15:00+00:00,15904.7,15906.7,15904.35,15906,15904.4,15905,15906.5,15906.9,15904.1,15904.6,15905.7,15906.3,0.6,630.2100104
2026-05-20T10:20:00+00:00,15906.1,15906.1,15904.6,15905.1,15905.9,15906.3,15905.9,15906.3,15904.4,15904.8,15905,15905.2,0.2,287.7000053
2026-05-20T10:25:00+00:00,15905,15905.55,15903.5,15904.6,15904.9,15905.1,15905.4,15905.7,15903.4,15903.6,15904.5,15904.7,0.2,394.5000089
2026-05-20T10:30:00+00:00,15904.55,15904.95,15903.3,15903.6,15904.4,15904.7,15904.9,15905,15903.1,15903.5,15903.4,15903.8,0.4,292.2000046
2026-05-20T10:35:00+00:00,15903.4,15903.4,15897.7,15898.1,15903.2,15903.6,15903.2,15903.6,15897.5,15897.9,15897.9,15898.3,0.4,1102.480014
2026-05-20T10:40:00+00:00,15898.25,15900.9,15897.2,15900,15898.1,15898.4,15900.5,15901.3,15897.1,15897.3,15899.7,15900.3,0.6,554.0700096
2026-05-20T10:45:00+00:00,15899.9,15900.55,15896,15898.3,15899.7,15900.1,15900.3,15900.8,15895.8,15896.2,15898.1,15898.5,0.4,617.7300087
2026-05-20T10:50:00+00:00,15898.35,15899.8,15898.35,15898.95,15898.2,15898.5,15899.6,15900,15898.2,15898.5,15898.7,15899.2,0.5,315.1500051
2026-05-20T10:55:00+00:00,15899.05,15900.5,15898.85,15899.8,15898.9,15899.2,15900.3,15900.7,15898.6,15899.1,15899.6,15900,0.4,694.4200099
2026-05-20T11:00:00+00:00,15899.9,15903.5,15899.9,15903.35,15899.7,15900.1,15903.3,15903.7,15899.7,15900.1,15903.2,15903.5,0.3,441.7500079
2026-05-20T11:05:00+00:00,15903.3,15905.3,15903.1,15905.3,15903.2,15903.4,15905.1,15905.5,15902.9,15903.3,15905.1,15905.5,0.4,395.1000068
2026-05-20T11:10:00+00:00,15905.3,15905.3,15902,15903.55,15905.1,15905.5,15905.1,15905.5,15901.9,15902.1,15903.4,15903.7,0.3,510.7500105
2026-05-20T11:15:00+00:00,15903.55,15905.4,15902.6,15902.85,15903.4,15903.7,15905.2,15905.6,15902.4,15902.8,15902.7,15903,0.3,552.6700096
2026-05-20T11:20:00+00:00,15902.6,15902.9,15899.8,15901.7,15902.4,15902.8,15902.7,15903.1,15899.6,15900,15901.5,15901.9,0.4,472.8000106
2026-05-20T11:25:00+00:00,15901.8,15902.1,15899.55,15901.4,15901.5,15902.1,15901.9,15902.3,15899.4,15899.7,15901.1,15901.7,0.6,275.700006
2026-05-20T11:30:00+00:00,15901.2,15902.4,15900.45,15900.45,15901,15901.4,15902.2,15902.6,15900.3,15900.6,15900.3,15900.6,0.3,393.970009
2026-05-20T11:35:00+00:00,15900.4,15900.45,15897.85,15898,15900.3,15900.5,15900.3,15900.6,15897.6,15898.1,15897.7,15898.3,0.6,1840.810029
2026-05-20T11:40:00+00:00,15898.1,15901.5,15897.15,15900.4,15897.9,15898.3,15901.3,15901.7,15896.9,15897.4,15900.2,15900.6,0.4,978.8900155
2026-05-20T11:45:00+00:00,15900.5,15901.2,15897.85,15900.25,15900.3,15900.7,15901,15901.4,15897.7,15898,15900,15900.5,0.5,495.1200095
2026-05-20T11:50:00+00:00,15900.25,15904,15900.25,15903.6,15900,15900.5,15903.7,15904.3,15900,15900.5,15903.4,15903.8,0.4,935.1500152
2026-05-20T11:55:00+00:00,15903.55,15904.45,15903.15,15903.65,15903.4,15903.7,15904.3,15904.6,15902.9,15903.4,15903.5,15903.8,0.3,558.7700082
2026-05-20T12:00:00+00:00,15903.6,15904.4,15900.55,15904.3,15903.4,15903.8,15904.1,15904.7,15900.3,15900.8,15904.1,15904.5,0.4,815.8300142
2026-05-20T12:05:00+00:00,15904.25,15904.3,15902,15902.95,15904.1,15904.4,15904.1,15904.5,15901.8,15902.2,15902.8,15903.1,0.3,640.8000113
2026-05-20T12:10:00+00:00,15902.8,15903.3,15900.35,15901.75,15902.6,15903,15903,15903.6,15900,15900.7,15901.5,15902,0.5,542.9500086
2026-05-20T12:15:00+00:00,15901.9,15902.05,15900.6,15901.7,15901.7,15902.1,15901.8,15902.3,15900.5,15900.7,15901.4,15902,0.6,348.3000079
2026-05-20T12:20:00+00:00,15901.75,15904.25,15901.65,15902.25,15901.5,15902,15904,15904.5,15901.4,15901.9,15902,15902.5,0.5,729.1600108
2026-05-20T12:25:00+00:00,15902.3,15902.95,15899.8,15902,15902.1,15902.5,15902.7,15903.2,15899.5,15900.1,15901.8,15902.2,0.4,777.1900129
2026-05-20T12:30:00+00:00,15902.05,15902.05,15898.65,15899.4,15901.7,15902.4,15901.7,15902.4,15898.5,15898.8,15899.2,15899.6,0.4,583.6200118
2026-05-20T12:35:00+00:00,15899.5,15900.6,15898.8,15900.25,15899.2,15899.8,15900.4,15900.8,15898.6,15899,15900,15900.5,0.5,678.4100097
2026-05-20T12:40:00+00:00,15900.3,15902.35,15900.1,15900.9,15900.1,15900.5,15902.2,15902.5,15899.8,15900.4,15900.7,15901.1,0.4,891.6000109
2026-05-20T12:45:00+00:00,15900.95,15901.4,15900.15,15900.8,15900.7,15901.2,15901.2,15901.6,15899.9,15900.4,15900.6,15901,0.4,499.8400083
2026-05-20T12:50:00+00:00,15901,15902,15900.5,15902,15900.8,15901.2,15901.8,15902.2,15900.3,15900.7,15901.8,15902.2,0.4,308.7700057
2026-05-20T12:55:00+00:00,15902.15,15902.7,15900.25,15901.8,15902,15902.3,15902.5,15902.9,15900,15900.5,15901.6,15902,0.4,527.4200082
2026-05-20T13:00:00+00:00,15901.85,15903.85,15901.2,15903,15901.6,15902.1,15903.6,15904.1,15901,15901.4,15902.8,15903.2,0.4,895.8100117
2026-05-20T13:05:00+00:00,15902.9,15903.25,15900.8,15903.15,15902.7,15903.1,15903,15903.5,15900.6,15901,15902.9,15903.4,0.5,949.3900115
2026-05-20T13:10:00+00:00,15903.25,15904.3,15902.9,15903.2,15903,15903.5,15904.1,15904.5,15902.6,15903.2,15903,15903.4,0.4,464.5000061
2026-05-20T13:15:00+00:00,15902.95,15904.9,15902.85,15904.3,15902.8,15903.1,15904.7,15905.1,15902.6,15903.1,15904.1,15904.5,0.4,496.4200064
2026-05-20T13:20:00+00:00,15904.35,15905.35,15903.8,15905.15,15904.1,15904.6,15905.1,15905.6,15903.6,15904,15904.9,15905.4,0.5,743.6600099
2026-05-20T13:25:00+00:00,15905,15907.75,15904.3,15907.2,15904.8,15905.2,15907.4,15908.1,15904.1,15904.5,15906.9,15907.5,0.6,859.350013
2026-05-20T13:30:00+00:00,15907.2,15908.25,15903.75,15904,15907,15907.4,15908,15908.5,15903.5,15904,15903.7,15904.3,0.6,1584.920016
2026-05-20T13:35:00+00:00,15904.1,15906.75,15902.8,15906.65,15903.8,15904.4,15906.6,15906.9,15902.6,15903,15906.4,15906.9,0.5,1054.010013
2026-05-20T13:40:00+00:00,15906.6,15907.8,15904.7,15905.8,15906.4,15906.8,15907.5,15908.1,15904.5,15904.9,15905.5,15906.1,0.6,1372.630014
2026-05-20T13:45:00+00:00,15905.8,15906.75,15903.35,15906.2,15905.4,15906.2,15906.6,15906.9,15903.2,15903.5,15906,15906.4,0.4,2320.32003
2026-05-20T13:50:00+00:00,15906.25,15907.6,15906.1,15906.85,15906,15906.5,15907.4,15907.8,15905.9,15906.3,15906.4,15907.3,0.9,1006.38001
2026-05-20T13:55:00+00:00,15907.05,15911.4,15906.5,15910.5,15906.8,15907.3,15911.1,15911.7,15906.2,15906.8,15910.3,15910.7,0.4,1548.260013
2026-05-20T14:00:00+00:00,15910.45,15914.7,15910.2,15913.2,15910.2,15910.7,15914.5,15914.9,15909.9,15910.5,15913,15913.4,0.4,2231.520013
2026-05-20T14:05:00+00:00,15913.25,15916.55,15912.95,15916.55,15913,15913.5,15916.3,15916.8,15912.6,15913.3,15916.3,15916.8,0.5,1735.410012
2026-05-20T14:10:00+00:00,15916.75,15916.85,15908,15911.85,15916.6,15916.9,15916.6,15917.1,15907.8,15908.2,15911.7,15912,0.3,3185.600033
2026-05-20T14:15:00+00:00,15911.8,15911.95,15887,15894.05,15911.7,15911.9,15911.8,15912.1,15886.7,15887.3,15893.9,15894.2,0.3,7565.610123
2026-05-20T14:20:00+00:00,15894.15,15903.2,15891.6,15901.75,15894,15894.3,15903.1,15903.3,15891.4,15891.8,15901.6,15901.9,0.3,5422.160071
2026-05-20T14:25:00+00:00,15901.75,15902,15892.95,15894.1,15901.6,15901.9,15901.9,15902.1,15892.7,15893.2,15893.9,15894.3,0.4,3670.390039
2026-05-20T14:30:00+00:00,15894.2,15894.4,15887.35,15893.2,15893.9,15894.5,15894.2,15894.6,15887.1,15887.6,15893,15893.4,0.4,3785.310053
2026-05-20T14:35:00+00:00,15893.25,15895.35,15886.05,15886.9,15892.9,15893.6,15895.1,15895.6,15885.8,15886.3,15886.6,15887.2,0.6,3455.590046
2026-05-20T14:40:00+00:00,15886.85,15894.5,15886.85,15891.65,15886.6,15887.1,15894.3,15894.7,15886.6,15887.1,15891.4,15891.9,0.5,2972.140038
2026-05-20T14:45:00+00:00,15891.45,15892.35,15887.3,15888.45,15891.3,15891.6,15892.1,15892.6,15887.1,15887.5,15888.2,15888.7,0.5,2436.310034
2026-05-20T14:50:00+00:00,15888.4,15889.55,15878.95,15884.3,15888.2,15888.6,15889.3,15889.8,15878.7,15879.2,15884.1,15884.5,0.4,3444.380052
2026-05-20T14:55:00+00:00,15884.5,15887.2,15880.65,15887.2,15884.3,15884.7,15887,15887.4,15880.4,15880.9,15887,15887.4,0.4,3550.150045
2026-05-20T15:00:00+00:00,15887,15887.9,15877.15,15885.25,15886.7,15887.3,15887.7,15888.1,15876.8,15877.5,15885.1,15885.4,0.3,3488.880049
2026-05-20T15:05:00+00:00,15885.1,15891.5,15883.45,15891.05,15884.9,15885.3,15891.3,15891.7,15883.2,15883.7,15890.8,15891.3,0.5,3407.150051
2026-05-20T15:10:00+00:00,15890.95,15892.4,15888.25,15889.75,15890.7,15891.2,15892.1,15892.7,15888,15888.5,15889.6,15889.9,0.3,1293.240023
2026-05-20T15:15:00+00:00,15889.95,15890.25,15858.9,15872.1,15889.8,15890.1,15890,15890.5,15858.6,15859.2,15871.9,15872.3,0.4,6994.30014
2026-05-20T15:20:00+00:00,15871.85,15873.7,15868.4,15871.6,15871.6,15872.1,15873.5,15873.9,15868.2,15868.6,15871.4,15871.8,0.4,3521.900057
2026-05-20T15:25:00+00:00,15872.05,15882.25,15872.05,15880.7,15871.9,15872.2,15882,15882.5,15871.9,15872.2,15880.5,15880.9,0.4,2418.420036
2026-05-20T15:30:00+00:00,15880.65,15881.4,15870.35,15872,15880.3,15881,15881.2,15881.6,15870.2,15870.5,15871.8,15872.2,0.4,3032.500039
2026-05-20T15:35:00+00:00,15871.6,15872.25,15865.4,15869.2,15871.5,15871.7,15872,15872.5,15865.2,15865.6,15868.8,15869.6,0.8,2339.31004
2026-05-20T15:40:00+00:00,15869.15,15876.95,15866.2,15875.95,15868.9,15869.4,15876.6,15877.3,15866,15866.4,15875.7,15876.2,0.5,2458.220036
2026-05-20T15:45:00+00:00,15875.6,15877.2,15873.65,15874.2,15875.4,15875.8,15876.9,15877.5,15873.5,15873.8,15874,15874.4,0.4,1315.190019
2026-05-20T15:50:00+00:00,15873.95,15881.85,15873.25,15881.8,15873.9,15874,15881.6,15882.1,15873,15873.5,15881.6,15882,0.4,1747.350022
2026-05-20T15:55:00+00:00,15881.6,15885.2,15877.9,15884.55,15881.5,15881.7,15885,15885.4,15877.6,15878.2,15884.2,15884.9,0.7,2705.830043
2026-05-20T16:00:00+00:00,15884.65,15885.45,15880.45,15880.7,15884.3,15885,15885.1,15885.8,15880.2,15880.7,15880.5,15880.9,0.4,1801.840026
2026-05-20T16:05:00+00:00,15880.8,15881.7,15875.6,15879.55,15880.6,15881,15881.6,15881.8,15875.3,15875.9,15879.4,15879.7,0.3,1570.77002
2026-05-20T16:10:00+00:00,15879.4,15879.55,15875.35,15877.75,15879.3,15879.5,15879.4,15879.7,15875.1,15875.6,15877.6,15877.9,0.3,1233.750017
2026-05-20T16:15:00+00:00,15877.7,15879.65,15877.05,15879.05,15877.4,15878,15879.5,15879.8,15876.8,15877.3,15878.8,15879.3,0.5,1414.020024
2026-05-20T16:20:00+00:00,15879.1,15888.05,15878.9,15887.4,15878.9,15879.3,15887.8,15888.3,15878.7,15879.1,15887.2,15887.6,0.4,2498.490051
2026-05-20T16:25:00+00:00,15887.75,15890.7,15886.35,15888.15,15887.5,15888,15890.5,15890.9,15886.2,15886.5,15888,15888.3,0.3,1495.990023
2026-05-20T16:30:00+00:00,15888.05,15891.6,15887.8,15889.15,15887.9,15888.2,15891.4,15891.8,15887.6,15888,15888.9,15889.4,0.5,869.3100128
2026-05-20T16:35:00+00:00,15888.95,15889.1,15886.15,15887.9,15888.8,15889.1,15888.9,15889.3,15885.9,15886.4,15887.7,15888.1,0.4,1173.190016
2026-05-20T16:40:00+00:00,15888.05,15888.2,15882.55,15882.55,15887.8,15888.3,15888,15888.4,15882.3,15882.8,15882.3,15882.8,0.5,1749.350025
2026-05-20T16:45:00+00:00,15882.4,15884.3,15879.6,15881.75,15882.3,15882.5,15884.1,15884.5,15879.3,15879.9,15881.6,15881.9,0.3,1882.220026
2026-05-20T16:50:00+00:00,15881.7,15883,15878.75,15882.95,15881.5,15881.9,15882.8,15883.2,15878.6,15878.9,15882.8,15883.1,0.3,1195.860022
2026-05-20T16:55:00+00:00,15883.05,15885.9,15880.35,15883.7,15882.9,15883.2,15885.7,15886.1,15880.1,15880.6,15883.5,15883.9,0.4,1864.990033
2026-05-20T17:00:00+00:00,15883.6,15885.75,15882.9,15885.35,15883.5,15883.7,15885.6,15885.9,15882.7,15883.1,15885.1,15885.6,0.5,1553.390023
2026-05-20T17:05:00+00:00,15885.15,15888.35,15882.8,15888,15885,15885.3,15888.1,15888.6,15882.7,15882.9,15887.9,15888.1,0.2,1384.400022
2026-05-20T17:10:00+00:00,15888.05,15890.9,15881.7,15884.55,15887.9,15888.2,15890.6,15891.2,15881.6,15881.8,15884.3,15884.8,0.5,1573.510026
2026-05-20T17:15:00+00:00,15884.75,15885.85,15882.95,15885.05,15884.6,15884.9,15885.6,15886.1,15882.7,15883.2,15884.9,15885.2,0.3,1217.050018
2026-05-20T17:20:00+00:00,15885.1,15888.05,15883.4,15886.95,15884.9,15885.3,15887.8,15888.3,15883.2,15883.6,15886.8,15887.1,0.3,769.6900116
2026-05-20T17:25:00+00:00,15887,15888.95,15884.6,15885.55,15886.8,15887.2,15888.7,15889.2,15884.2,15885,15885.3,15885.8,0.5,1201.070018
2026-05-20T17:30:00+00:00,15885.35,15891.85,15884.15,15891.85,15885.1,15885.6,15891.6,15892.1,15883.9,15884.4,15891.6,15892.1,0.5,745.0400095
2026-05-20T17:35:00+00:00,15891.95,15892.5,15885,15889.35,15891.7,15892.2,15892.3,15892.7,15884.8,15885.2,15889.2,15889.5,0.3,2199.590038
2026-05-20T17:40:00+00:00,15889.4,15892.6,15889.4,15892,15889.2,15889.6,15892.5,15892.7,15889.2,15889.6,15891.8,15892.2,0.4,803.5500157
2026-05-20T17:45:00+00:00,15891.95,15892.9,15889.05,15891.5,15891.8,15892.1,15892.8,15893,15888.8,15889.3,15891.3,15891.7,0.4,1277.250023
2026-05-20T17:50:00+00:00,15891.45,15892.8,15890.15,15891.55,15891.3,15891.6,15892.6,15893,15889.9,15890.4,15891.4,15891.7,0.3,715.8600124
2026-05-20T17:55:00+00:00,15891.45,15893.65,15890.1,15892.35,15891.2,15891.7,15893.5,15893.8,15889.9,15890.3,15891.9,15892.8,0.9,589.2900108
2026-05-20T18:00:00+00:00,15892.2,15896.35,15891.25,15891.7,15891.9,15892.5,15896.1,15896.6,15891,15891.5,15891.5,15891.9,0.4,1268.570028
2026-05-20T18:05:00+00:00,15891.65,15892.9,15889,15890.4,15891.4,15891.9,15892.7,15893.1,15888.7,15889.3,15890.2,15890.6,0.4,800.9900132
2026-05-20T18:10:00+00:00,15890.35,15890.8,15889.55,15890.05,15890.1,15890.6,15890.5,15891.1,15889.3,15889.8,15889.7,15890.4,0.7,427.9500045
2026-05-20T18:15:00+00:00,15890.15,15890.25,15885,15885.5,15889.9,15890.4,15890,15890.5,15884.8,15885.2,15885.3,15885.7,0.4,1009.700011
2026-05-20T18:20:00+00:00,15885.85,15887.15,15882.75,15886.35,15885.8,15885.9,15887,15887.3,15882.6,15882.9,15886.2,15886.5,0.3,652.570011
2026-05-20T18:25:00+00:00,15886.4,15889,15884.2,15885.15,15886.1,15886.7,15888.8,15889.2,15884,15884.4,15884.8,15885.5,0.7,1705.16002
2026-05-20T18:30:00+00:00,15885.15,15885.35,15882.45,15882.8,15884.9,15885.4,15885.1,15885.6,15882.2,15882.7,15882.5,15883.1,0.6,1134.700009
2026-05-20T18:35:00+00:00,15882.65,15883.1,15880.75,15881.35,15882.5,15882.8,15882.9,15883.3,15880.6,15880.9,15881.2,15881.5,0.3,823.0000151
2026-05-20T18:40:00+00:00,15881.3,15886.85,15880.95,15886.75,15881.1,15881.5,15886.7,15887,15880.8,15881.1,15886.5,15887,0.5,888.6400124
2026-05-20T18:45:00+00:00,15886.55,15887,15881.6,15882.9,15886.3,15886.8,15886.8,15887.2,15881.3,15881.9,15882.7,15883.1,0.4,1223.200015
2026-05-20T18:50:00+00:00,15882.95,15884.7,15881.1,15882.3,15882.8,15883.1,15884.5,15884.9,15880.9,15881.3,15882,15882.6,0.6,1047.800012
2026-05-20T18:55:00+00:00,15882.1,15885.3,15879.7,15884.3,15881.9,15882.3,15885,15885.6,15879.4,15880,15884.2,15884.4,0.2,1062.830016
2026-05-20T19:00:00+00:00,15884.45,15885.4,15880.6,15884.2,15884.4,15884.5,15885.1,15885.7,15880.4,15880.8,15884,15884.4,0.4,970.4100186
2026-05-20T19:05:00+00:00,15884.1,15885.5,15882.6,15883.8,15883.9,15884.3,15885.2,15885.8,15882.3,15882.9,15883.6,15884,0.4,501.3800074
2026-05-20T19:10:00+00:00,15883.85,15884.35,15882.2,15882.7,15883.6,15884.1,15884.1,15884.6,15882.1,15882.3,15882.5,15882.9,0.4,414.1200085
2026-05-20T19:15:00+00:00,15882.65,15884.45,15882.5,15883.6,15882.4,15882.9,15884.2,15884.7,15882.3,15882.7,15883.4,15883.8,0.4,496.4200085
2026-05-20T19:20:00+00:00,15883.55,15884.2,15882.7,15883.55,15883.3,15883.8,15884,15884.4,15882.5,15882.9,15883.4,15883.7,0.3,532.3400139
2026-05-20T19:25:00+00:00,15883.6,15883.7,15881.65,15882.05,15883.4,15883.8,15883.5,15883.9,15881.5,15881.8,15881.8,15882.3,0.5,443.2000072
2026-05-20T19:30:00+00:00,15882.1,15883.75,15881.75,15883.15,15881.8,15882.4,15883.6,15883.9,15881.5,15882,15882.9,15883.4,0.5,499.3600115
2026-05-20T19:35:00+00:00,15883.2,15883.75,15877.95,15881.6,15883,15883.4,15883.6,15883.9,15877.8,15878.1,15881.4,15881.8,0.4,567.160013
2026-05-20T19:40:00+00:00,15881.65,15883.8,15881.2,15883.45,15881.5,15881.8,15883.6,15884,15881,15881.4,15883.2,15883.7,0.5,600.6400105
2026-05-20T19:45:00+00:00,15883.5,15885.5,15882.3,15885.2,15883.3,15883.7,15885.2,15885.8,15882.1,15882.5,15884.9,15885.5,0.6,351.4400069
2026-05-20T19:50:00+00:00,15885.3,15889.2,15884.55,15888.8,15885.1,15885.5,15888.9,15889.5,15884.3,15884.8,15888.5,15889.1,0.6,699.7500107
2026-05-20T19:55:00+00:00,15888.6,15889.75,15884.95,15885.85,15888.4,15888.8,15889.5,15890,15884.8,15885.1,15885.5,15886.2,0.7,1525.170022
2026-05-20T20:00:00+00:00,15885.8,15888.2,15884.85,15888.15,15885.5,15886.1,15887.9,15888.5,15884.6,15885.1,15887.9,15888.4,0.5,763.0500125
2026-05-20T20:05:00+00:00,15888.1,15889.05,15885.8,15887.75,15887.9,15888.3,15888.8,15889.3,15885.5,15886.1,15887.5,15888,0.5,318.5500082
2026-05-20T20:10:00+00:00,15887.6,15887.7,15885.65,15886.8,15887.4,15887.8,15887.5,15887.9,15885.4,15885.9,15886.6,15887,0.4,603.9700179
2026-05-20T20:15:00+00:00,15887.25,15889.05,15887,15887.3,15887.1,15887.4,15888.8,15889.3,15886.7,15887.3,15887,15887.6,0.6,400.5600119
2026-05-20T20:20:00+00:00,15887.6,15888.6,15886.9,15887.9,15887.3,15887.9,15888.3,15888.9,15886.6,15887.2,15887.7,15888.1,0.4,453.8900057
2026-05-20T20:25:00+00:00,15887.85,15888.6,15886.95,15888.25,15887.6,15888.1,15888.3,15888.9,15886.7,15887.2,15888,15888.5,0.5,440.1700054
2026-05-20T20:30:00+00:00,15888.1,15890.7,15888.1,15890.5,15887.8,15888.4,15890.5,15890.9,15887.8,15888.4,15890.2,15890.8,0.6,299.4000061
2026-05-20T20:35:00+00:00,15890.55,15890.8,15889.4,15889.45,15890.3,15890.8,15890.5,15891.1,15889.1,15889.7,15889.1,15889.8,0.7,303.740005
2026-05-20T20:40:00+00:00,15889.85,15891.25,15889.4,15890.8,15889.7,15890,15890.9,15891.6,15889.1,15889.7,15890.5,15891.1,0.6,247.7900053
2026-05-20T20:45:00+00:00,15890.7,15893.2,15890.6,15892.5,15890.3,15891.1,15892.9,15893.5,15890.3,15890.9,15892.2,15892.8,0.6,329.5400038
2026-05-20T20:50:00+00:00,15892.45,15893.5,15891.5,15891.5,15892.1,15892.8,15893.2,15893.8,15891.1,15891.9,15891.1,15891.9,0.8,550.5100136
2026-05-20T20:55:00+00:00,15891.65,15893.65,15890.95,15891.3,15891,15892.3,15893,15894.3,15889.9,15892,15889.9,15892.7,2.8,645.6200018
2026-05-20T21:00:00+00:00,15891.3,15892.5,15888.55,15889.8,15889.7,15892.9,15889.7,15895.3,15885.2,15891.9,15886.5,15893.1,6.6,21.89999974
2026-05-20T21:05:00+00:00,15889.8,15890.6,15885.3,15888.1,15886.1,15893.5,15887.4,15893.8,15881.3,15889.3,15882.8,15893.4,10.6,186.5999999
2026-05-20T21:10:00+00:00,15888.05,15889.65,15885.25,15887.35,15882.6,15893.5,15885.4,15893.9,15881.5,15889,15882.6,15892.1,9.5,168.1900052
2026-05-20T21:15:00+00:00,15887.2,15888.3,15885.7,15886.25,15882.6,15891.8,15884.5,15892.1,15882.6,15888.8,15883.7,15888.8,5.1,77.4800024
2026-05-20T21:20:00+00:00,15886.35,15888.8,15885.45,15887.1,15883.8,15888.9,15885.3,15892.3,15882,15888.9,15882,15892.2,10.2,36.0000006
2026-05-20T21:25:00+00:00,15887.05,15888.8,15885.6,15886.9,15881.9,15892.2,15885,15892.6,15881.9,15889.3,15884.5,15889.3,4.8,46.20000064
2026-05-20T21:30:00+00:00,15887.5,15889.2,15885.7,15888.65,15885.7,15889.3,15885.7,15892.7,15882.1,15889.3,15884.9,15892.4,7.5,52.26000059
2026-05-20T21:35:00+00:00,15888.35,15888.9,15886.65,15887.2,15884.3,15892.4,15885.2,15892.6,15884.3,15889,15885.1,15889.3,4.2,27.42000008
2026-05-20T21:40:00+00:00,15887.05,15888.2,15885.65,15885.85,15883.9,15890.2,15884.8,15891.6,15883.4,15887.9,15883.6,15888.1,4.5,57.30000174
2026-05-20T21:45:00+00:00,15885.75,15885.85,15885.75,15885.75,15883.5,15888,15883.6,15888.1,15883.5,15888,15883.5,15888,4.5,10.50000012
2026-05-20T21:50:00+00:00,15885.85,15886.5,15883.9,15885.8,15883.6,15888.1,15884.7,15888.3,15882.4,15885.4,15883.6,15888,4.4,121.1000031
2026-05-20T21:55:00+00:00,15885.85,15886.3,15884.6,15885.85,15883.7,15888,15884.4,15888.2,15883.1,15886.1,15884,15887.7,3.7,125.2800021
2026-05-20T22:00:00+00:00,15886,15888.6,15885.05,15886.3,15884.6,15887.4,15887.8,15889.4,15884.1,15886,15885.8,15886.8,1,255.2899948
2026-05-20T22:05:00+00:00,15886.25,15888.6,15885.15,15886.15,15885.6,15886.9,15887.9,15889.3,15884.7,15885.6,15885.7,15886.6,0.9,315.1800065
2026-05-20T22:10:00+00:00,15886.35,15887.5,15883.85,15883.95,15885.9,15886.8,15887.1,15887.9,15883.4,15884.3,15883.6,15884.3,0.7,220.6700059
2026-05-20T22:15:00+00:00,15884,15885.05,15884,15884.75,15883.7,15884.3,15884.6,15885.5,15883.7,15884.3,15884,15885.5,1.5,90.59000242
2026-05-20T22:20:00+00:00,15885.2,15885.8,15884.4,15885.65,15884.6,15885.8,15885.2,15886.4,15883.9,15884.9,15885.2,15886.1,0.9,101.0100029
2026-05-20T22:25:00+00:00,15885.95,15886.85,15885.45,15886.8,15885.5,15886.4,15886.4,15887.3,15885,15885.9,15886.4,15887.2,0.8,91.87000239
2026-05-20T22:30:00+00:00,15886.75,15886.85,15885.3,15885.5,15886.4,15887.1,15886.4,15887.3,15884.9,15885.7,15885.1,15885.9,0.8,71.94000125
2026-05-20T22:35:00+00:00,15885.4,15885.55,15884.7,15885.35,15885,15885.8,15885.1,15886,15884.3,15885.1,15884.9,15885.8,0.9,56.0200007
2026-05-20T22:40:00+00:00,15885.3,15885.3,15883.75,15884.1,15884.9,15885.7,15884.9,15885.7,15883.4,15884.1,15883.6,15884.6,1,96.00000167
2026-05-20T22:45:00+00:00,15884.2,15884.4,15884.1,15884.35,15883.8,15884.6,15884,15884.8,15883.7,15884.5,15883.9,15884.8,0.9,34.95000064
2026-05-20T22:50:00+00:00,15884.45,15885.5,15884.45,15885.3,15884,15884.9,15885.1,15885.9,15884,15884.9,15884.9,15885.7,0.8,96.92000115
2026-05-20T22:55:00+00:00,15885.15,15885.45,15884.25,15885.4,15884.8,15885.5,15885.1,15885.8,15883.9,15884.6,15885.1,15885.7,0.6,167.8500007
2026-05-20T23:00:00+00:00,15885.65,15885.8,15884.8,15885.1,15885.3,15886,15885.4,15886.2,15884.5,15885.1,15884.7,15885.5,0.8,115.1100028
2026-05-20T23:05:00+00:00,15885.15,15885.15,15882.6,15884.85,15884.9,15885.4,15884.9,15885.4,15882.3,15882.9,15884.5,15885.2,0.7,314.6900039
2026-05-20T23:10:00+00:00,15884.85,15885.3,15884.2,15885.15,15884.5,15885.2,15885,15885.6,15883.9,15884.5,15884.8,15885.5,0.7,106.6400009
2026-05-20T23:15:00+00:00,15885.2,15886.65,15884.9,15886.5,15884.8,15885.6,15886.4,15886.9,15884.7,15885.1,15886.2,15886.8,0.6,191.2500042
2026-05-20T23:20:00+00:00,15887.5,15889.35,15886.45,15888.8,15887.4,15887.6,15889,15889.7,15886.2,15886.7,15888.5,15889.1,0.6,185.4500034
2026-05-20T23:25:00+00:00,15888.85,15890.05,15888.85,15889.15,15888.6,15889.1,15889.7,15890.4,15888.6,15889.1,15888.8,15889.5,0.7,171.5900024
2026-05-20T23:30:00+00:00,15889.3,15891.35,15889.3,15890.45,15889.1,15889.5,15891,15891.7,15889.1,15889.5,15890.2,15890.7,0.5,337.4200053
2026-05-20T23:35:00+00:00,15890.5,15890.7,15889.9,15890.45,15890.2,15890.8,15890.5,15890.9,15889.7,15890.1,15890.1,15890.8,0.7,252.6000057
2026-05-20T23:40:00+00:00,15890.95,15892.45,15890.95,15891.95,15890.9,15891,15892.2,15892.7,15890.9,15891,15891.7,15892.2,0.5,238.700003
2026-05-20T23:45:00+00:00,15891.9,15891.9,15886,15886.4,15891.6,15892.2,15891.6,15892.2,15885.7,15886.3,15885.9,15886.9,1,355.7900054
2026-05-20T23:50:00+00:00,15886.35,15888.7,15886.15,15887.7,15885.9,15886.8,15888.4,15889,15885.6,15886.7,15887.4,15888,0.6,216.0500045
2026-05-20T23:55:00+00:00,15887.75,15889.65,15887.7,15889,15887.4,15888.1,15889.5,15889.8,15887.4,15888,15888.6,15889.4,0.8,348.4400021
2026-05-21T00:00:00+00:00,15889.05,15892.6,15889,15889.9,15888.7,15889.4,15892.2,15893,15888.7,15889.3,15889.6,15890.2,0.6,1590.660024
2026-05-21T00:05:00+00:00,15889.95,15891.4,15888.65,15889.8,15889.7,15890.2,15891.1,15891.7,15888.4,15888.9,15889.4,15890.2,0.8,824.6500083
2026-05-21T00:10:00+00:00,15889.85,15891.4,15888.7,15890.95,15889.6,15890.1,15891.2,15891.6,15888.4,15889,15890.6,15891.3,0.7,561.4300058
2026-05-21T00:15:00+00:00,15891,15892.75,15888.85,15890.25,15890.7,15891.3,15892.5,15893,15888.5,15889.2,15889.9,15890.6,0.7,923.6900225
2026-05-21T00:20:00+00:00,15890.15,15891.35,15888.7,15888.7,15889.8,15890.5,15891,15891.7,15888.4,15889,15888.4,15889,0.6,530.3700068
2026-05-21T00:25:00+00:00,15888.85,15890,15888.1,15888.6,15888.6,15889.1,15889.8,15890.2,15887.8,15888.4,15888.3,15888.9,0.6,575.5500091
2026-05-21T00:30:00+00:00,15888.7,15891.1,15886.35,15887.45,15888.4,15889,15890.8,15891.4,15886.1,15886.6,15887.2,15887.7,0.5,1103.060014
2026-05-21T00:35:00+00:00,15887.35,15889.45,15887.35,15887.75,15887.1,15887.6,15889.2,15889.7,15887.1,15887.6,15887.5,15888,0.5,569.1100118
2026-05-21T00:40:00+00:00,15887.9,15889.15,15886.7,15887.55,15887.6,15888.2,15888.9,15889.4,15886.5,15886.9,15887.3,15887.8,0.5,261.5400047
2026-05-21T00:45:00+00:00,15887.65,15888,15886.3,15886.4,15887.4,15887.9,15887.7,15888.3,15886,15886.6,15886,15886.8,0.8,407.2500038
2026-05-21T00:50:00+00:00,15886.25,15888.7,15885,15888,15886.1,15886.4,15888.5,15888.9,15884.8,15885.2,15887.8,15888.2,0.4,1311.170018
2026-05-21T00:55:00+00:00,15888.3,15888.85,15885.25,15886.7,15888.1,15888.5,15888.6,15889.1,15885,15885.5,15886.4,15887,0.6,947.7900121
2026-05-21T01:00:00+00:00,15886.5,15887.85,15885.3,15886.35,15886.3,15886.7,15887.6,15888.1,15885,15885.6,15886,15886.7,0.7,779.7500139
2026-05-21T01:05:00+00:00,15886.4,15886.4,15883.45,15883.95,15886.1,15886.7,15886.1,15886.7,15883.2,15883.7,15883.7,15884.2,0.5,410.7900054
2026-05-21T01:10:00+00:00,15883.85,15886.2,15883.75,15884.2,15883.6,15884.1,15886,15886.4,15883.5,15884,15883.9,15884.5,0.6,499.8700083
2026-05-21T01:15:00+00:00,15884.05,15885.4,15883.7,15884.35,15883.7,15884.4,15885.1,15885.7,15883.4,15884,15884,15884.7,0.7,524.7000097
2026-05-21T01:20:00+00:00,15884.3,15885.7,15884.05,15884.3,15884,15884.6,15885.4,15886,15883.8,15884.3,15884.1,15884.5,0.4,260.670005
2026-05-21T01:25:00+00:00,15884.45,15885.25,15883.95,15884.7,15884.2,15884.7,15885,15885.5,15883.7,15884.2,15884.4,15885,0.6,233.7700042
2026-05-21T01:30:00+00:00,15884.75,15886.6,15881.1,15883.6,15884.5,15885,15886.3,15886.9,15880.8,15881.4,15883.4,15883.8,0.4,2014.480031
2026-05-21T01:35:00+00:00,15883.75,15885.6,15882.75,15884.05,15883.5,15884,15885.3,15885.9,15882.5,15883,15883.8,15884.3,0.5,812.6200125
2026-05-21T01:40:00+00:00,15883.95,15886.8,15883.2,15886.7,15883.6,15884.3,15886.5,15887.1,15882.9,15883.5,15886.4,15887,0.6,594.9400048
2026-05-21T01:45:00+00:00,15886.45,15889.15,15886.1,15889.15,15886.2,15886.7,15888.9,15889.4,15886,15886.2,15888.9,15889.4,0.5,394.1200049
2026-05-21T01:50:00+00:00,15889.05,15890.1,15887.05,15889,15888.9,15889.2,15889.9,15890.3,15886.8,15887.3,15888.8,15889.2,0.4,995.7000163
2026-05-21T01:55:00+00:00,15889.1,15889.8,15886.85,15888.55,15888.8,15889.4,15889.4,15890.2,15886.6,15887.1,15888.4,15888.7,0.3,1093.030015
2026-05-21T02:00:00+00:00,15888.55,15888.7,15885.2,15885.95,15888.4,15888.7,15888.5,15888.9,15885,15885.4,15885.6,15886.3,0.7,558.2000103
2026-05-21T02:05:00+00:00,15886.05,15889.1,15885.05,15888.75,15885.7,15886.4,15888.9,15889.3,15884.9,15885.2,15888.5,15889,0.5,683.5300088
2026-05-21T02:10:00+00:00,15888.85,15889.25,15886.8,15889.1,15888.6,15889.1,15889,15889.5,15886.6,15887,15888.8,15889.4,0.6,423.4400065
2026-05-21T02:15:00+00:00,15889,15891.2,15888.2,15891.15,15888.8,15889.2,15890.9,15891.5,15887.9,15888.5,15890.8,15891.5,0.7,371.5400069
2026-05-21T02:20:00+00:00,15891.25,15891.65,15890,15891.2,15891,15891.5,15891.4,15891.9,15889.6,15890.4,15890.9,15891.5,0.6,342.4000071
2026-05-21T02:25:00+00:00,15891.25,15892.2,15890.45,15891.45,15891,15891.5,15892,15892.4,15890.3,15890.6,15891.2,15891.7,0.5,202.5100048
2026-05-21T02:30:00+00:00,15891.55,15892.75,15889.8,15890.35,15891.2,15891.9,15892.5,15893,15889.6,15890,15890.1,15890.6,0.5,506.7000093
2026-05-21T02:35:00+00:00,15890.3,15892.35,15889.75,15891.4,15890.1,15890.5,15892.1,15892.6,15889.5,15890,15891.1,15891.7,0.6,241.8000047
2026-05-21T02:40:00+00:00,15891.45,15893.15,15891.4,15891.95,15891.1,15891.8,15892.9,15893.4,15891.1,15891.7,15891.7,15892.2,0.5,337.7700068
2026-05-21T02:45:00+00:00,15892.05,15894.9,15892.05,15893.7,15891.7,15892.4,15894.6,15895.2,15891.7,15892.4,15893.3,15894.1,0.8,481.8000064
2026-05-21T02:50:00+00:00,15893.7,15896.6,15893.6,15895.65,15893.3,15894.1,15896.3,15896.9,15893.2,15894,15895.4,15895.9,0.5,584.3000062
2026-05-21T02:55:00+00:00,15895.7,15898,15894.9,15897.5,15895.4,15896,15897.7,15898.3,15894.6,15895.2,15897.2,15897.8,0.6,762.9700139
2026-05-21T03:00:00+00:00,15897.55,15898.5,15896,15896.35,15897.3,15897.8,15898.2,15898.8,15895.7,15896.3,15896.1,15896.6,0.5,483.5200084
2026-05-21T03:05:00+00:00,15896.2,15898.6,15896.15,15896.25,15896,15896.4,15898.4,15898.8,15895.9,15896.4,15895.9,15896.6,0.7,143.4300033
2026-05-21T03:10:00+00:00,15896.3,15897.65,15895.55,15896.8,15895.9,15896.7,15897.4,15897.9,15895.3,15895.8,15896.6,15897,0.4,325.6000062
2026-05-21T03:15:00+00:00,15896.85,15897.6,15895,15895.1,15896.7,15897,15897.3,15897.9,15894.7,15895.3,15894.9,15895.3,0.4,301.6300066
2026-05-21T03:20:00+00:00,15895.05,15895.1,15892.25,15894.05,15894.8,15895.3,15894.8,15895.4,15891.9,15892.6,15893.8,15894.3,0.5,275.5700047
2026-05-21T03:25:00+00:00,15893.95,15894.55,15893,15893.35,15893.7,15894.2,15894.2,15894.9,15892.8,15893.2,15893.2,15893.5,0.3,93.5700016
2026-05-21T03:30:00+00:00,15893.5,15894.95,15893.45,15894.3,15893.4,15893.6,15894.7,15895.2,15893.3,15893.6,15894.1,15894.5,0.4,213.8800049
2026-05-21T03:35:00+00:00,15894.25,15894.25,15893.35,15894.2,15894,15894.5,15894,15894.5,15893.2,15893.5,15894,15894.4,0.4,232.1200047
2026-05-21T03:40:00+00:00,15894.1,15894.95,15893.1,15893.6,15893.9,15894.3,15894.7,15895.2,15892.9,15893.3,15893.3,15893.9,0.6,365.9200039
2026-05-21T03:45:00+00:00,15893.55,15894.9,15892.35,15894.9,15893.4,15893.7,15894.8,15895,15892.2,15892.5,15894.8,15895,0.2,478.5600091
2026-05-21T03:50:00+00:00,15895,15898.05,15895,15897.9,15894.8,15895.2,15897.9,15898.2,15894.8,15895.2,15897.7,15898.1,0.4,215.6500039
2026-05-21T03:55:00+00:00,15898.1,15898.45,15896.7,15896.75,15897.9,15898.3,15898.2,15898.7,15896.5,15896.9,15896.5,15897,0.5,257.2100049
2026-05-21T04:00:00+00:00,15896.8,15898.1,15895.1,15895.1,15896.6,15897,15897.9,15898.3,15894.9,15895.3,15894.9,15895.3,0.4,251.6600046
2026-05-21T04:05:00+00:00,15895.1,15897.9,15894.85,15897.1,15894.9,15895.3,15897.7,15898.1,15894.6,15895.1,15896.9,15897.3,0.4,337.1900071
2026-05-21T04:10:00+00:00,15897.2,15897.35,15895.95,15896.15,15896.9,15897.5,15897.1,15897.6,15895.7,15896.2,15895.8,15896.5,0.7,307.5000061
2026-05-21T04:15:00+00:00,15896.25,15897.65,15896.15,15896.5,15896.1,15896.4,15897.4,15897.9,15895.9,15896.4,15896.1,15896.9,0.8,491.5000063
2026-05-21T04:20:00+00:00,15896.45,15897.75,15896.45,15896.85,15896.1,15896.8,15897.4,15898.1,15896.1,15896.8,15896.7,15897,0.3,533.8400059
2026-05-21T04:25:00+00:00,15896.75,15896.85,15895.5,15895.5,15896.6,15896.9,15896.6,15897.1,15895.3,15895.7,15895.3,15895.7,0.4,122.710003
2026-05-21T04:30:00+00:00,15895.55,15897.7,15895.55,15897.4,15895.4,15895.7,15897.5,15897.9,15895.4,15895.7,15897.1,15897.7,0.6,135.9000032
2026-05-21T04:35:00+00:00,15897.55,15897.9,15896.35,15897.9,15897.3,15897.8,15897.7,15898.1,15896.2,15896.5,15897.7,15898.1,0.4,190.9500041
2026-05-21T04:40:00+00:00,15898.4,15898.5,15897.3,15897.55,15898.2,15898.6,15898.3,15898.7,15897.1,15897.5,15897.3,15897.8,0.5,182.7000034
2026-05-21T04:45:00+00:00,15897.6,15899,15897.3,15898.9,15897.4,15897.8,15898.6,15899.4,15897.1,15897.5,15898.6,15899.2,0.6,181.8000038
2026-05-21T04:50:00+00:00,15898.85,15899.65,15897.7,15899.4,15898.5,15899.2,15899.5,15899.8,15897.4,15898,15899.2,15899.6,0.4,403.9300048
2026-05-21T04:55:00+00:00,15899.3,15900.35,15898.45,15899.85,15899.1,15899.5,15900.2,15900.5,15898.2,15898.7,15899.6,15900.1,0.5,574.4600085
2026-05-21T05:00:00+00:00,15899.95,15900.35,15897.75,15898.7,15899.7,15900.2,15900.1,15900.6,15897.5,15898,15898.5,15898.9,0.4,366.9600079
2026-05-21T05:05:00+00:00,15898.6,15900.05,15898.5,15899.15,15898.4,15898.8,15899.8,15900.3,15898.3,15898.7,15899,15899.3,0.3,342.300007
2026-05-21T05:10:00+00:00,15899.2,15900.5,15899.1,15900.3,15899,15899.4,15900.2,15900.8,15898.9,15899.3,15900,15900.6,0.6,274.5700051
2026-05-21T05:15:00+00:00,15900.4,15902.8,15900.35,15902.8,15900.2,15900.6,15902.6,15903,15900.1,15900.6,15902.6,15903,0.4,223.7700034
2026-05-21T05:20:00+00:00,15902.95,15904.05,15902.35,15902.65,15902.7,15903.2,15903.9,15904.2,15902.2,15902.5,15902.5,15902.8,0.3,213.3300052
2026-05-21T05:25:00+00:00,15902.7,15905.2,15902.5,15903.2,15902.5,15902.9,15905,15905.4,15902.3,15902.7,15903,15903.4,0.4,646.5100161
2026-05-21T05:30:00+00:00,15902.9,15903.85,15902.35,15902.85,15902.8,15903,15903.6,15904.1,15902.1,15902.6,15902.6,15903.1,0.5,329.7300078
2026-05-21T05:35:00+00:00,15902.9,15903.8,15899.05,15902.3,15902.7,15903.1,15903.6,15904,15898.8,15899.3,15902.1,15902.5,0.4,836.1900121
2026-05-21T05:40:00+00:00,15902.25,15902.6,15900.2,15900.8,15902,15902.5,15902.3,15902.9,15900,15900.4,15900.5,15901.1,0.6,908.9500109
2026-05-21T05:45:00+00:00,15900.7,15903.7,15900.35,15902.65,15900.5,15900.9,15903.5,15903.9,15900.2,15900.5,15902.5,15902.8,0.3,1060.230019
2026-05-21T05:50:00+00:00,15902.6,15902.65,15899.3,15899.3,15902.5,15902.7,15902.5,15902.8,15899.1,15899.5,15899.1,15899.5,0.4,563.9300109
2026-05-21T05:55:00+00:00,15899.45,15901.4,15899.4,15901.05,15899.2,15899.7,15901.2,15901.6,15899.2,15899.6,15900.7,15901.4,0.7,304.8800051
2026-05-21T06:00:00+00:00,15901.25,15903.05,15900.55,15902.75,15901,15901.5,15902.8,15903.3,15900.3,15900.8,15902.5,15903,0.5,702.8500117
2026-05-21T06:05:00+00:00,15902.45,15902.8,15899.2,15901.15,15902.4,15902.5,15902.5,15903.1,15898.8,15899.6,15900.9,15901.4,0.5,792.6200105
2026-05-21T06:10:00+00:00,15901.35,15902.75,15900.85,15901.25,15901.1,15901.6,15902.5,15903,15900.7,15901,15901,15901.5,0.5,398.6500072
2026-05-21T06:15:00+00:00,15901.45,15905.2,15900.65,15904.85,15901.2,15901.7,15905,15905.4,15900.5,15900.8,15904.5,15905.2,0.7,535.7800087
2026-05-21T06:20:00+00:00,15905,15905.9,15899.45,15902.75,15904.8,15905.2,15905.7,15906.1,15899.2,15899.7,15902.5,15903,0.5,988.8800201
2026-05-21T06:25:00+00:00,15902.6,15905.4,15902.55,15903.9,15902.4,15902.8,15905.2,15905.6,15902.4,15902.7,15903.6,15904.2,0.6,455.5100077
2026-05-21T06:30:00+00:00,15904,15904.5,15902.65,15903.7,15903.8,15904.2,15904.3,15904.7,15902.5,15902.8,15903.5,15903.9,0.4,398.3200099
2026-05-21T06:35:00+00:00,15903.75,15906.7,15903,15906.7,15903.5,15904,15906.5,15906.9,15902.8,15903.2,15906.5,15906.9,0.4,614.3400059
2026-05-21T06:40:00+00:00,15906.55,15907.25,15905.9,15905.95,15906.2,15906.9,15907.1,15907.4,15905.7,15906.1,15905.8,15906.1,0.3,519.3500092
2026-05-21T06:45:00+00:00,15906,15906.4,15905.3,15906,15905.8,15906.2,15906.2,15906.6,15905.1,15905.5,15905.8,15906.2,0.4,578.3200109
2026-05-21T06:50:00+00:00,15906.05,15907.45,15906,15906.55,15905.9,15906.2,15907.3,15907.6,15905.8,15906.2,15906.3,15906.8,0.5,586.6500057
2026-05-21T06:55:00+00:00,15906.65,15907.3,15905.5,15906.35,15906.4,15906.9,15907.1,15907.5,15905.3,15905.7,15906.1,15906.6,0.5,565.9400077
2026-05-21T07:00:00+00:00,15906.5,15908.65,15905.25,15907.6,15906.2,15906.8,15908.5,15908.8,15905,15905.5,15907.4,15907.8,0.4,1079.640016
2026-05-21T07:05:00+00:00,15907.55,15908.75,15906.05,15906.55,15907.4,15907.7,15908.5,15909,15905.8,15906.3,15906.3,15906.8,0.5,1277.240019
2026-05-21T07:10:00+00:00,15906.5,15907,15904.8,15905.4,15906.3,15906.7,15906.8,15907.2,15904.6,15905,15905.1,15905.7,0.6,626.3700103
2026-05-21T07:15:00+00:00,15905.5,15907.45,15904.05,15907.2,15905.2,15905.8,15907.1,15907.8,15903.7,15904.4,15906.9,15907.5,0.6,2195.390031
2026-05-21T07:20:00+00:00,15907.25,15907.5,15904.95,15905.15,15907,15907.5,15907.3,15907.7,15904.7,15905.2,15904.9,15905.4,0.5,1435.13002
2026-05-21T07:25:00+00:00,15905.2,15906.35,15903.9,15905.8,15905,15905.4,15906.1,15906.6,15903.6,15904.2,15905.5,15906.1,0.6,2216.180024
2026-05-21T07:30:00+00:00,15905.95,15907.05,15900,15902.3,15905.6,15906.3,15906.8,15907.3,15899.8,15900.2,15902.1,15902.5,0.4,1927.590028
2026-05-21T07:35:00+00:00,15902.3,15904.05,15901.2,15901.25,15902,15902.6,15903.9,15904.2,15901,15901.4,15901,15901.5,0.5,947.3900129
2026-05-21T07:40:00+00:00,15901.35,15902.6,15901.15,15902.5,15901,15901.7,15902.3,15902.9,15901,15901.3,15902.3,15902.7,0.4,797.3400112
2026-05-21T07:45:00+00:00,15902.6,15903.05,15900.75,15901.15,15902.4,15902.8,15902.9,15903.2,15900.6,15900.9,15901,15901.3,0.3,491.1800077
2026-05-21T07:50:00+00:00,15901.2,15904.2,15901.05,15904.05,15900.9,15901.5,15904,15904.4,15900.9,15901.2,15903.8,15904.3,0.5,991.5900126
2026-05-21T07:55:00+00:00,15904.15,15905.3,15902.15,15902.7,15904,15904.3,15905.2,15905.4,15901.9,15902.4,15902.4,15903,0.6,1096.240015
2026-05-21T08:00:00+00:00,15902.85,15903.3,15896.55,15897.6,15902.5,15903.2,15903.1,15903.5,15896.3,15896.8,15897.4,15897.8,0.4,1378.250019
2026-05-21T08:05:00+00:00,15897.4,15899.05,15896,15898.65,15897.3,15897.5,15898.9,15899.2,15895.9,15896.1,15898.4,15898.9,0.5,1582.000027
2026-05-21T08:10:00+00:00,15898.6,15898.7,15892.4,15892.75,15898.4,15898.8,15898.5,15898.9,15892.3,15892.5,15892.6,15892.9,0.3,1351.670024
2026-05-21T08:15:00+00:00,15892.7,15897.9,15890.4,15897.75,15892.6,15892.8,15897.7,15898.1,15890.2,15890.6,15897.5,15898,0.5,1505.490021
2026-05-21T08:20:00+00:00,15897.8,15898.95,15897.15,15897.85,15897.5,15898.1,15898.7,15899.2,15897,15897.3,15897.6,15898.1,0.5,874.8300146
2026-05-21T08:25:00+00:00,15898,15900.5,15894.5,15895.25,15897.8,15898.2,15900.2,15900.8,15894.3,15894.7,15895,15895.5,0.5,1431.95002
2026-05-21T08:30:00+00:00,15895.45,15899.2,15895.1,15898.25,15895.3,15895.6,15899,15899.4,15894.8,15895.4,15898,15898.5,0.5,1176.190017
2026-05-21T08:35:00+00:00,15898.05,15899.7,15897.4,15899.45,15897.8,15898.3,15899.5,15899.9,15897.2,15897.6,15899.2,15899.7,0.5,548.9500092
2026-05-21T08:40:00+00:00,15899.3,15901.35,15898.75,15900.85,15899.1,15899.5,15901.1,15901.6,15898.5,15899,15900.6,15901.1,0.5,537.080007
2026-05-21T08:45:00+00:00,15900.75,15901.3,15896.3,15898.25,15900.5,15901,15901.1,15901.5,15896.1,15896.5,15898,15898.5,0.5,1087.800018
2026-05-21T08:50:00+00:00,15898.25,15899.6,15892.4,15895.3,15898,15898.5,15899.4,15899.8,15892.1,15892.7,15895.1,15895.5,0.4,819.4100165
2026-05-21T08:55:00+00:00,15895.6,15898.85,15895.5,15898.15,15895.5,15895.7,15898.7,15899,15895.3,15895.7,15897.9,15898.4,0.5,624.6700124
2026-05-21T09:00:00+00:00,15898.35,15899.25,15896.65,15897.6,15898.1,15898.6,15899,15899.5,15896.4,15896.9,15897.4,15897.8,0.4,498.8100092
2026-05-21T09:05:00+00:00,15897.7,15898.7,15895.85,15897.3,15897.6,15897.8,15898.6,15898.8,15895.7,15896,15897.2,15897.4,0.2,991.250015
2026-05-21T09:10:00+00:00,15897.2,15897.35,15895.85,15896.85,15897.1,15897.3,15897.1,15897.6,15895.7,15896,15896.7,15897,0.3,434.1400086
2026-05-21T09:15:00+00:00,15896.95,15897.35,15895,15895.4,15896.8,15897.1,15897.2,15897.5,15894.8,15895.2,15895.2,15895.6,0.4,413.8400064
2026-05-21T09:20:00+00:00,15895.5,15895.8,15893.25,15894.1,15895.4,15895.6,15895.6,15896,15893,15893.5,15893.9,15894.3,0.4,417.4700072
2026-05-21T09:25:00+00:00,15894.05,15895.2,15892.05,15893,15893.9,15894.2,15895,15895.4,15891.9,15892.2,15892.8,15893.2,0.4,608.3800086
2026-05-21T09:30:00+00:00,15893.1,15894.5,15891.2,15893.8,15892.9,15893.3,15894.3,15894.7,15891,15891.4,15893.6,15894,0.4,440.8900079
2026-05-21T09:35:00+00:00,15893.85,15895.6,15892.3,15894.75,15893.6,15894.1,15895.4,15895.8,15892.1,15892.5,15894.6,15894.9,0.3,463.1300095
2026-05-21T09:40:00+00:00,15894.65,15895.95,15893.5,15894.95,15894.5,15894.8,15895.8,15896.1,15893.3,15893.7,15894.7,15895.2,0.5,449.8400078
2026-05-21T09:45:00+00:00,15894.85,15895.25,15893.1,15893.7,15894.6,15895.1,15895.1,15895.4,15892.9,15893.3,15893.5,15893.9,0.4,493.3500091
2026-05-21T09:50:00+00:00,15893.6,15897.15,15893.6,15897.05,15893.4,15893.8,15897,15897.3,15893.4,15893.8,15896.9,15897.2,0.3,338.5200056
2026-05-21T09:55:00+00:00,15897.15,15897.85,15896.9,15897.65,15897.1,15897.2,15897.7,15898,15896.8,15897,15897.4,15897.9,0.5,467.2400059
2026-05-21T10:00:00+00:00,15897.5,15899.9,15897.4,15898.3,15897.3,15897.7,15899.7,15900.1,15897.2,15897.6,15898.1,15898.5,0.4,576.9000108
2026-05-21T10:05:00+00:00,15898.35,15898.9,15897.45,15898.5,15898.2,15898.5,15898.7,15899.1,15897.3,15897.6,15898.4,15898.6,0.2,486.2500091
2026-05-21T10:10:00+00:00,15898.45,15899.4,15897.1,15897.6,15898.3,15898.6,15899.2,15899.6,15897,15897.2,15897.5,15897.7,0.2,205.780004
2026-05-21T10:15:00+00:00,15897.3,15898.85,15896.15,15898.7,15897.1,15897.5,15898.6,15899.1,15896,15896.3,15898.5,15898.9,0.4,443.4700071
2026-05-21T10:20:00+00:00,15899.05,15899.75,15898.7,15899.2,15899,15899.1,15899.6,15899.9,15898.5,15898.9,15899,15899.4,0.4,292.0500063
2026-05-21T10:25:00+00:00,15899.15,15907,15899.15,15905.25,15899,15899.3,15906.8,15907.2,15899,15899.3,15905.1,15905.4,0.3,4156.860065
2026-05-21T10:30:00+00:00,15905.2,15908.75,15905.2,15905.55,15905,15905.4,15908.5,15909,15905,15905.4,15905.3,15905.8,0.5,2151.90003
2026-05-21T10:35:00+00:00,15905.75,15910.55,15905.35,15908.9,15905.5,15906,15910.3,15910.8,15905.1,15905.6,15908.6,15909.2,0.6,1687.000023
2026-05-21T10:40:00+00:00,15908.9,15912.45,15907.35,15910.1,15908.5,15909.3,15912.2,15912.7,15907.1,15907.6,15909.8,15910.4,0.6,1772.680023
2026-05-21T10:45:00+00:00,15910.05,15913.7,15909.5,15912.35,15909.9,15910.2,15913.5,15913.9,15909.3,15909.7,15912,15912.7,0.7,1809.380024
2026-05-21T10:50:00+00:00,15912.4,15913.8,15910.95,15912.35,15912.2,15912.6,15913.6,15914,15910.6,15911.3,15912.1,15912.6,0.5,1703.48002
2026-05-21T10:55:00+00:00,15912.3,15913.55,15910.35,15912.75,15912.1,15912.5,15913.3,15913.8,15910.1,15910.6,15912.5,15913,0.5,916.8800126
2026-05-21T11:00:00+00:00,15912.85,15913.05,15907.55,15908.55,15912.6,15913.1,15912.7,15913.4,15907.3,15907.8,15908.3,15908.8,0.5,1479.900017
2026-05-21T11:05:00+00:00,15908.5,15909.2,15907.2,15907.35,15908.3,15908.7,15909,15909.4,15907,15907.4,15907.2,15907.5,0.3,1122.600015
2026-05-21T11:10:00+00:00,15907.3,15909.3,15906.8,15907.6,15907.1,15907.5,15909,15909.6,15906.6,15907,15907.3,15907.9,0.6,1299.560022
2026-05-21T11:15:00+00:00,15907.65,15908.8,15906.35,15907.7,15907.3,15908,15908.5,15909.1,15906.1,15906.6,15907.5,15907.9,0.4,909.5400121
2026-05-21T11:20:00+00:00,15907.65,15908.75,15904.4,15906.75,15907.5,15907.8,15908.6,15908.9,15904.2,15904.6,15906.5,15907,0.5,1515.620023
2026-05-21T11:25:00+00:00,15906.9,15907.8,15905.3,15906.25,15906.7,15907.1,15907.6,15908,15905.1,15905.5,15906.1,15906.4,0.3,862.9000142
2026-05-21T11:30:00+00:00,15906.3,15909,15905.5,15907.7,15906.2,15906.4,15908.8,15909.2,15905.3,15905.7,15907.6,15907.8,0.2,901.2600108
2026-05-21T11:35:00+00:00,15907.8,15912.35,15907.5,15911.35,15907.7,15907.9,15912.1,15912.6,15907.3,15907.7,15911,15911.7,0.7,762.0300112
2026-05-21T11:40:00+00:00,15911.4,15911.55,15909.8,15911.15,15911.2,15911.6,15911.4,15911.7,15909.6,15910,15910.9,15911.4,0.5,463.8900087
2026-05-21T11:45:00+00:00,15911.25,15912.9,15910.95,15912.85,15911.1,15911.4,15912.6,15913.2,15910.7,15911.2,15912.5,15913.2,0.7,442.4200088
2026-05-21T11:50:00+00:00,15913,15913.7,15911.8,15913.6,15912.7,15913.3,15913.5,15913.9,15911.6,15912,15913.3,15913.9,0.6,648.3900086
2026-05-21T11:55:00+00:00,15913.55,15916.85,15913.5,15915.7,15913.3,15913.8,15916.7,15917,15913.3,15913.7,15915.4,15916,0.6,1108.860013
2026-05-21T12:00:00+00:00,15915.75,15916.3,15912.15,15915.05,15915.5,15916,15916,15916.6,15912,15912.3,15914.8,15915.3,0.5,1051.930017
2026-05-21T12:05:00+00:00,15915,15916.45,15913.75,15914.6,15914.8,15915.2,15916.3,15916.6,15913.5,15914,15914.3,15914.9,0.6,508.9500108
2026-05-21T12:10:00+00:00,15914.5,15916.25,15914.25,15914.45,15914.2,15914.8,15916,15916.5,15914.1,15914.4,15914.3,15914.6,0.3,648.5100131
2026-05-21T12:15:00+00:00,15914.4,15917.65,15914.35,15915.8,15914.2,15914.6,15917.5,15917.8,15914.1,15914.6,15915.6,15916,0.4,667.5700115
2026-05-21T12:20:00+00:00,15915.6,15918.55,15915.45,15917.75,15915.4,15915.8,15918.3,15918.8,15915.2,15915.7,15917.5,15918,0.5,671.8900074
2026-05-21T12:25:00+00:00,15917.55,15918.4,15915.95,15918.1,15917.4,15917.7,15918,15918.8,15915.7,15916.2,15917.4,15918.8,1.4,786.3600135
2026-05-21T12:30:00+00:00,15918.25,15918.9,15911,15912.6,15917.7,15918.8,15918.5,15919.3,15910.8,15911.2,15912.4,15912.8,0.4,2204.810033
2026-05-21T12:35:00+00:00,15912.55,15914.15,15910.55,15910.85,15912.4,15912.7,15913.9,15914.4,15910.3,15910.8,15910.6,15911.1,0.5,2071.840029
2026-05-21T12:40:00+00:00,15910.8,15914.65,15910.65,15912.85,15910.6,15911,15914.4,15914.9,15910.4,15910.9,15912.6,15913.1,0.5,1347.220014
2026-05-21T12:45:00+00:00,15912.8,15913.55,15909.15,15912.7,15912.5,15913.1,15913.3,15913.8,15908.9,15909.4,15912.4,15913,0.6,1432.460019
2026-05-21T12:50:00+00:00,15912.75,15914.45,15911.35,15912.4,15912.5,15913,15914.2,15914.7,15911,15911.7,15912.1,15912.7,0.6,1022.240018
2026-05-21T12:55:00+00:00,15912.25,15916.25,15911.65,15916.25,15911.9,15912.6,15916,15916.5,15911.4,15911.9,15916,15916.5,0.5,1278.630021
2026-05-21T13:00:00+00:00,15916.35,15918.05,15913.75,15914,15916.1,15916.6,15917.9,15918.2,15913.5,15914,15913.8,15914.2,0.4,1638.160028
2026-05-21T13:05:00+00:00,15913.9,15919.9,15913.9,15919.55,15913.7,15914.1,15919.7,15920.1,15913.7,15914.1,15919.4,15919.7,0.3,1923.500031
2026-05-21T13:10:00+00:00,15919.6,15919.95,15918.3,15918.85,15919.5,15919.7,15919.7,15920.2,15918.2,15918.4,15918.7,15919,0.3,1064.920016
2026-05-21T13:15:00+00:00,15918.8,15925.1,15918.5,15924.55,15918.7,15918.9,15924.9,15925.3,15918.3,15918.7,15924.4,15924.7,0.3,1170.600021
2026-05-21T13:20:00+00:00,15924.65,15927.7,15920.75,15922.75,15924.5,15924.8,15927.5,15927.9,15920.5,15921,15922.6,15922.9,0.3,1694.900024
2026-05-21T13:25:00+00:00,15922.3,15924.45,15920.9,15920.9,15922.1,15922.5,15924.3,15924.6,15920.7,15921.1,15920.7,15921.1,0.4,891.1800127
2026-05-21T13:30:00+00:00,15920.75,15925.5,15920.1,15924.3,15920.6,15920.9,15925.3,15925.7,15919.9,15920.3,15924.1,15924.5,0.4,1403.690023
2026-05-21T13:35:00+00:00,15924.45,15926.5,15922.35,15926.35,15924.3,15924.6,15926.2,15926.8,15922.2,15922.5,15926.1,15926.6,0.5,1234.060021
2026-05-21T13:40:00+00:00,15926.45,15935.2,15925.2,15933.45,15926.2,15926.7,15935,15935.4,15925,15925.4,15932.9,15934,1.1,1828.520027
2026-05-21T13:45:00+00:00,15933.3,15933.75,15929.05,15930.2,15932.4,15934.2,15933.3,15934.2,15928.9,15929.2,15930,15930.4,0.4,1638.55002
2026-05-21T13:50:00+00:00,15930.25,15930.25,15912.1,15917.75,15930.1,15930.4,15930.1,15930.4,15911.9,15912.3,15917.5,15918,0.5,5249.730077
2026-05-21T13:55:00+00:00,15917.55,15922.85,15916.4,15920.2,15917.4,15917.7,15922.6,15923.1,15916.1,15916.7,15919.9,15920.5,0.6,3186.020041
2026-05-21T14:00:00+00:00,15920.15,15922.7,15918.15,15921.7,15919.9,15920.4,15922.6,15922.8,15917.9,15918.4,15921.4,15922,0.6,1902.680025
2026-05-21T14:05:00+00:00,15921.8,15926.4,15920.8,15925.35,15921.6,15922,15926.2,15926.6,15920.6,15921,15925.1,15925.6,0.5,1711.780021
2026-05-21T14:10:00+00:00,15925.45,15925.8,15921.05,15922,15925.2,15925.7,15925.6,15926,15920.8,15921.3,15921.9,15922.1,0.2,1561.120021
2026-05-21T14:15:00+00:00,15922.05,15928,15921.4,15923.4,15921.9,15922.2,15927.9,15928.1,15921.2,15921.6,15923.2,15923.6,0.4,1946.080028
2026-05-21T14:20:00+00:00,15923.65,15925.1,15921.75,15923.1,15923.6,15923.7,15924.9,15925.3,15921.5,15922,15922.9,15923.3,0.4,1842.210021
2026-05-21T14:25:00+00:00,15922.9,15923.3,15920.85,15920.95,15922.7,15923.1,15923.1,15923.5,15920.5,15921.2,15920.7,15921.2,0.5,1585.110023
2026-05-21T14:30:00+00:00,15921,15921.15,15917.8,15920.95,15920.8,15921.2,15920.9,15921.4,15917.6,15918,15920.7,15921.2,0.5,1599.080024
2026-05-21T14:35:00+00:00,15920.95,15920.95,15916.65,15917.55,15920.7,15921.2,15920.7,15921.2,15916.4,15916.9,15917.3,15917.8,0.5,962.0300184
2026-05-21T14:40:00+00:00,15917.7,15921.3,15917.5,15918.75,15917.5,15917.9,15921.1,15921.5,15917.3,15917.7,15918.5,15919,0.5,1366.580025
2026-05-21T14:45:00+00:00,15918.6,15919.55,15916.35,15916.65,15918.3,15918.9,15919.4,15919.7,15916.1,15916.6,15916.5,15916.8,0.3,1773.070021
2026-05-21T14:50:00+00:00,15916.5,15916.95,15912.2,15914.4,15916.3,15916.7,15916.7,15917.2,15912.1,15912.3,15914.2,15914.6,0.4,1595.640022
2026-05-21T14:55:00+00:00,15914.3,15917.5,15913.35,15916.65,15914.1,15914.5,15917.3,15917.7,15913.3,15913.4,15916.4,15916.9,0.5,1327.860022
2026-05-21T15:00:00+00:00,15916.45,15920.85,15915.55,15918.15,15916.2,15916.7,15920.7,15921,15915.3,15915.8,15918,15918.3,0.3,1459.740022
2026-05-21T15:05:00+00:00,15918.1,15925.75,15918.1,15924.3,15917.9,15918.3,15925.5,15926,15917.9,15918.3,15924,15924.6,0.6,2271.910037
2026-05-21T15:10:00+00:00,15924.25,15925.05,15915.25,15917.85,15924,15924.5,15924.8,15925.3,15914.9,15915.6,15917.6,15918.1,0.5,2447.700038
2026-05-21T15:15:00+00:00,15917.75,15919.2,15914.75,15914.9,15917.5,15918,15919,15919.4,15914.5,15915,15914.7,15915.1,0.4,1358.430023
2026-05-21T15:20:00+00:00,15914.95,15920.65,15914.95,15919.1,15914.7,15915.2,15920.4,15920.9,15914.7,15915.2,15918.9,15919.3,0.4,961.2800188
2026-05-21T15:25:00+00:00,15919.25,15920.65,15917.7,15919,15919,15919.5,15920.4,15920.9,15917.4,15918,15918.8,15919.2,0.4,1060.030018
2026-05-21T15:30:00+00:00,15919.05,15919.55,15916.4,15917.75,15918.8,15919.3,15919.3,15919.8,15916.3,15916.5,15917.5,15918,0.5,1187.800016
2026-05-21T15:35:00+00:00,15917.95,15918.75,15916.35,15916.75,15917.8,15918.1,15918.6,15918.9,15916.1,15916.6,15916.5,15917,0.5,898.8900117
2026-05-21T15:40:00+00:00,15916.65,15920.7,15916.5,15920.25,15916.4,15916.9,15920.4,15921,15916.4,15916.6,15920,15920.5,0.5,949.5700127
2026-05-21T15:45:00+00:00,15920.1,15921.6,15918,15921.35,15919.9,15920.3,15921.4,15921.8,15917.8,15918.2,15921,15921.7,0.7,948.1600183
2026-05-21T15:50:00+00:00,15921.3,15922.95,15920.65,15921.75,15921.1,15921.5,15922.7,15923.2,15920.4,15920.9,15921.5,15922,0.5,558.4500114
2026-05-21T15:55:00+00:00,15921.6,15922,15916.95,15917.05,15921.4,15921.8,15921.8,15922.2,15916.8,15917.1,15916.9,15917.2,0.3,667.0600132
2026-05-21T16:00:00+00:00,15916.8,15917.25,15912.05,15914.25,15916.6,15917,15917,15917.5,15911.8,15912.3,15914.1,15914.4,0.3,1535.630035
2026-05-21T16:05:00+00:00,15914.15,15914.95,15912.6,15914.15,15914,15914.3,15914.8,15915.1,15912.4,15912.8,15913.9,15914.4,0.5,1155.160024
2026-05-21T16:10:00+00:00,15914.25,15918.7,15913.85,15915.65,15914.1,15914.4,15918.6,15918.8,15913.7,15914,15915.3,15916,0.7,1275.550022
2026-05-21T16:15:00+00:00,15915.6,15918.1,15915.35,15915.35,15915.4,15915.8,15917.9,15918.3,15915.1,15915.6,15915.1,15915.6,0.5,771.1700121
2026-05-21T16:20:00+00:00,15915.4,15919.85,15914.9,15917.2,15915.2,15915.6,15919.6,15920.1,15914.7,15915.1,15917,15917.4,0.4,937.8700171
2026-05-21T16:25:00+00:00,15917,15918.3,15914.75,15915.15,15916.8,15917.2,15918.1,15918.5,15914.5,15915,15914.8,15915.5,0.7,733.5700099
2026-05-21T16:30:00+00:00,15915.35,15917.55,15914.15,15916.7,15915.1,15915.6,15917.3,15917.8,15913.9,15914.4,15916.4,15917,0.6,565.9300066
2026-05-21T16:35:00+00:00,15916.65,15917.75,15915.45,15915.65,15916.5,15916.8,15917.5,15918,15915.2,15915.7,15915.4,15915.9,0.5,639.8200117
2026-05-21T16:40:00+00:00,15915.6,15916.15,15913.4,15914.3,15915.4,15915.8,15915.9,15916.4,15913.2,15913.6,15914.1,15914.5,0.4,592.6000067
2026-05-21T16:45:00+00:00,15914.25,15915.65,15913.35,15915.6,15914,15914.5,15915.4,15915.9,15913.1,15913.6,15915.4,15915.8,0.4,607.1400084
2026-05-21T16:50:00+00:00,15915.5,15916.65,15914.1,15914.55,15915.3,15915.7,15916.5,15916.8,15913.8,15914.4,15914.3,15914.8,0.5,579.8200085
2026-05-21T16:55:00+00:00,15914.65,15916.65,15914.2,15914.35,15914.5,15914.8,15916.5,15916.8,15914,15914.4,15914.1,15914.6,0.5,928.5700113
2026-05-21T17:00:00+00:00,15914.5,15915.8,15913.1,15915.35,15914.3,15914.7,15915.6,15916,15912.9,15913.3,15915.2,15915.5,0.3,948.7200133
2026-05-21T17:05:00+00:00,15915.4,15917.5,15914.4,15916.5,15915.2,15915.6,15917.3,15917.7,15914.2,15914.6,15916.3,15916.7,0.4,598.570009
2026-05-21T17:10:00+00:00,15916.45,15916.8,15904.7,15907.8,15916.2,15916.7,15916.6,15917,15904.6,15904.8,15907.5,15908.1,0.6,4577.080074
2026-05-21T17:15:00+00:00,15907.55,15907.55,15892.4,15900.8,15907.3,15907.8,15907.3,15907.8,15892.3,15892.5,15900.6,15901,0.4,5039.900083
2026-05-21T17:20:00+00:00,15900.7,15900.75,15891.55,15896.95,15900.4,15901,15900.5,15901,15891.3,15891.8,15896.8,15897.1,0.3,3679.510063
2026-05-21T17:25:00+00:00,15896.85,15899.95,15893.85,15895.65,15896.6,15897.1,15899.7,15900.2,15893.6,15894.1,15895.4,15895.9,0.5,1791.860035
2026-05-21T17:30:00+00:00,15895.75,15900.8,15892.05,15898,15895.5,15896,15900.6,15901,15891.9,15892.2,15897.9,15898.1,0.2,2448.770046
2026-05-21T17:35:00+00:00,15897.6,15898.15,15893.65,15895.2,15897.4,15897.8,15898,15898.3,15893.5,15893.8,15895,15895.4,0.4,1388.190023
2026-05-21T17:40:00+00:00,15895.15,15895.55,15889.25,15889.25,15894.8,15895.5,15895.3,15895.8,15888.9,15889.6,15888.9,15889.6,0.7,1960.500037
2026-05-21T17:45:00+00:00,15889.35,15890.7,15885.3,15885.4,15889,15889.7,15890.5,15890.9,15885,15885.6,15885.2,15885.6,0.4,1646.720032
2026-05-21T17:50:00+00:00,15885.45,15886,15881.95,15883.8,15885.1,15885.8,15885.8,15886.2,15881.8,15882.1,15883.6,15884,0.4,2359.71004
2026-05-21T17:55:00+00:00,15883.65,15889.25,15883.05,15888.7,15883.3,15884,15889.1,15889.4,15882.9,15883.2,15888.6,15888.8,0.2,1540.210028
2026-05-21T18:00:00+00:00,15888.85,15896,15883.9,15895.65,15888.6,15889.1,15895.8,15896.2,15883.7,15884.1,15895.4,15895.9,0.5,2254.990041
2026-05-21T18:05:00+00:00,15895.75,15899.65,15893.65,15896.1,15895.5,15896,15899.4,15899.9,15893.5,15893.8,15895.8,15896.4,0.6,1788.79004
2026-05-21T18:10:00+00:00,15896.55,15900.6,15895.1,15895.45,15896.3,15896.8,15900.4,15900.8,15894.9,15895.3,15895.3,15895.6,0.3,1441.520028
2026-05-21T18:15:00+00:00,15895.4,15897.3,15892.05,15892.4,15895.1,15895.7,15897.1,15897.5,15891.9,15892.2,15892.1,15892.7,0.6,1155.460019
2026-05-21T18:20:00+00:00,15892.45,15893.9,15890.05,15890.05,15892.2,15892.7,15893.7,15894.1,15889.8,15890.3,15889.8,15890.3,0.5,1108.630019
2026-05-21T18:25:00+00:00,15889.9,15891.9,15888.85,15891.45,15889.7,15890.1,15891.8,15892,15888.5,15889.2,15891.3,15891.6,0.3,1224.630019
2026-05-21T18:30:00+00:00,15891.4,15895.3,15891.35,15892.55,15891.2,15891.6,15895.1,15895.5,15891.2,15891.5,15892.3,15892.8,0.5,896.9900129
2026-05-21T18:35:00+00:00,15892.7,15893.5,15890.35,15892.05,15892.5,15892.9,15893.3,15893.7,15890.2,15890.5,15891.8,15892.3,0.5,695.8100128
2026-05-21T18:40:00+00:00,15892,15892.1,15888.1,15891.1,15891.7,15892.3,15891.9,15892.3,15887.9,15888.3,15890.8,15891.4,0.6,802.1200093
2026-05-21T18:45:00+00:00,15890.8,15899.35,15889.65,15899.1,15890.7,15890.9,15899.1,15899.6,15889.4,15889.9,15898.9,15899.3,0.4,1376.890025
2026-05-21T18:50:00+00:00,15899,15909.1,15895.65,15908.9,15898.8,15899.2,15908.9,15909.3,15895.5,15895.8,15908.6,15909.2,0.6,3790.970054
2026-05-21T18:55:00+00:00,15908.6,15910.4,15906.45,15908,15908.4,15908.8,15910.2,15910.6,15906.2,15906.7,15907.7,15908.3,0.6,3605.380053
2026-05-21T19:00:00+00:00,15908.05,15909.55,15903.1,15904.1,15907.7,15908.4,15909.3,15909.8,15902.9,15903.3,15903.8,15904.4,0.6,2068.390031
2026-05-21T19:05:00+00:00,15904.05,15909.15,15903.65,15904.1,15903.8,15904.3,15908.9,15909.4,15903.4,15903.9,15903.8,15904.4,0.6,1866.620022
2026-05-21T19:10:00+00:00,15904,15906.45,15902.9,15903.4,15903.7,15904.3,15906.2,15906.7,15902.6,15903.2,15903.1,15903.7,0.6,1339.200017
2026-05-21T19:15:00+00:00,15903.35,15903.4,15900.1,15900.55,15903.1,15903.6,15903.1,15903.7,15899.8,15900.4,15900.3,15900.8,0.5,555.6800086
2026-05-21T19:20:00+00:00,15900.45,15900.75,15896.65,15898,15900.2,15900.7,15900.5,15901,15896.4,15896.9,15897.7,15898.3,0.6,801.8600141
2026-05-21T19:25:00+00:00,15897.95,15898.55,15896.45,15897.85,15897.7,15898.2,15898.3,15898.8,15896.2,15896.7,15897.6,15898.1,0.5,820.3800081
2026-05-21T19:30:00+00:00,15897.8,15897.85,15891.55,15892.95,15897.6,15898,15897.6,15898.1,15891.3,15891.8,15892.7,15893.2,0.5,1186.120013
2026-05-21T19:35:00+00:00,15893,15893,15888.85,15889.1,15892.8,15893.2,15892.8,15893.2,15888.6,15889.1,15888.8,15889.4,0.6,1032.120016
2026-05-21T19:40:00+00:00,15889.05,15895.5,15888.95,15895.5,15888.8,15889.3,15895.3,15895.7,15888.8,15889.1,15895.3,15895.7,0.4,1007.250021
2026-05-21T19:45:00+00:00,15895.45,15896.05,15893.25,15893.7,15895.3,15895.6,15895.9,15896.2,15893,15893.5,15893.5,15893.9,0.4,630.640011
2026-05-21T19:50:00+00:00,15893.45,15900.55,15891.8,15897.2,15893.3,15893.6,15900.3,15900.8,15891.6,15892,15897,15897.4,0.4,2155.850023
2026-05-21T19:55:00+00:00,15897.6,15898.65,15887.9,15892.3,15897.3,15897.9,15898.4,15898.9,15887.7,15888.1,15892,15892.6,0.6,3738.320064
2026-05-21T20:00:00+00:00,15892.35,15895.45,15888.8,15895.2,15892.1,15892.6,15895.1,15895.8,15888.7,15888.9,15894.9,15895.5,0.6,1307.390023
2026-05-21T20:05:00+00:00,15895.15,15897.6,15894.35,15896.65,15894.8,15895.5,15897.3,15897.9,15894.1,15894.6,15896.4,15896.9,0.5,404.7700058
2026-05-21T20:10:00+00:00,15896.6,15898.05,15896.55,15896.8,15896.3,15896.9,15897.8,15898.3,15896.3,15896.8,15896.5,15897.1,0.6,290.7700033
2026-05-21T20:15:00+00:00,15896.5,15898,15896.4,15897,15896.3,15896.7,15897.7,15898.3,15896.1,15896.7,15896.7,15897.3,0.6,209.9200029
2026-05-21T20:20:00+00:00,15896.9,15898.1,15896.65,15898.1,15896.6,15897.2,15897.8,15898.4,15896.4,15896.9,15897.8,15898.4,0.6,119.8500017
2026-05-21T20:25:00+00:00,15898,15898.3,15896.1,15897.6,15897.8,15898.2,15898.1,15898.5,15896,15896.2,15897.3,15897.9,0.6,224.2700026
2026-05-21T20:30:00+00:00,15897.55,15898.75,15897.25,15898.55,15897.2,15897.9,15898.4,15899.1,15897,15897.5,15898.3,15898.8,0.5,188.6800041
2026-05-21T20:35:00+00:00,15899.05,15899.4,15898.25,15899.15,15898.9,15899.2,15899.2,15899.6,15898.1,15898.4,15898.9,15899.4,0.5,328.3300083
2026-05-21T20:40:00+00:00,15899.2,15899.65,15898.15,15899.2,15899,15899.4,15899.3,15900,15897.9,15898.4,15898.9,15899.5,0.6,289.3500084
2026-05-21T20:45:00+00:00,15899.1,15900.75,15899.1,15900.3,15898.8,15899.4,15900.4,15901.1,15898.8,15899.4,15899.8,15900.8,1,400.6900071
2026-05-21T20:50:00+00:00,15900.4,15900.7,15898.1,15899.1,15899.9,15900.9,15900.4,15901,15897.7,15898.5,15898.7,15899.5,0.8,664.2700174
2026-05-21T20:55:00+00:00,15898.75,15901.25,15896.85,15897.7,15898.2,15899.3,15900.9,15901.6,15894.7,15899,15894.7,15900.7,6,457.0700015
2026-05-21T21:00:00+00:00,15897.9,15899.45,15891.35,15891.4,15894.7,15901.1,15894.7,15904.2,15885.3,15897.4,15885.3,15897.5,12.2,28.77999997
2026-05-21T21:05:00+00:00,15891.45,15894.35,15890.8,15893.6,15885.2,15897.7,15889.4,15899.3,15885.1,15896.5,15889.2,15898,8.8,165.459999
2026-05-21T21:10:00+00:00,15894.4,15895,15892.95,15893.25,15890.8,15898,15890.8,15899.2,15888.6,15897.3,15888.7,15897.8,9.1,198.9900026
2026-05-21T21:15:00+00:00,15892.2,15894.9,15890.85,15893.7,15886.6,15897.8,15891.7,15898.1,15886.6,15895.1,15890.8,15896.6,5.8,70.53000021
2026-05-21T21:20:00+00:00,15892.95,15895.25,15891.75,15893.45,15890.8,15895.1,15891.9,15898.6,15888.4,15895.1,15890.9,15896,5.1,48.5999999
2026-05-21T21:25:00+00:00,15893.45,15897.05,15892.2,15896.55,15889.2,15897.7,15895.1,15899,15888.8,15895.6,15894.5,15898.6,4.1,124.6500013
2026-05-21T21:30:00+00:00,15895.7,15897.6,15894.5,15895.75,15894.4,15897,15895.8,15899.4,15892.1,15896.9,15894.1,15897.4,3.3,102.6000022
2026-05-21T21:35:00+00:00,15895.5,15898.9,15895.45,15896.45,15894.1,15896.9,15897.6,15900.2,15894,15896.9,15894.9,15898,3.1,105.150003
2026-05-21T21:40:00+00:00,15896.4,15897.35,15896.05,15896.2,15894.9,15897.9,15895,15899.7,15894.3,15897.8,15894.6,15897.8,3.2,59.70000172
2026-05-21T21:45:00+00:00,15896.45,15897.35,15896.15,15896.4,15895.1,15897.8,15895.5,15899.2,15894.6,15897.7,15895.1,15897.7,2.6,40.50000155
2026-05-21T21:50:00+00:00,15896.1,15897.1,15896,15896,15894.5,15897.7,15895.1,15899.1,15894.3,15897.7,15894.3,15897.7,3.4,28.6200006
2026-05-21T21:55:00+00:00,15896.75,15896.85,15895.85,15896.05,15894.4,15899.1,15894.5,15899.2,15894.2,15897.5,15894.5,15897.6,3.1,38.10000002
2026-05-21T22:00:00+00:00,15896.1,15899.55,15895.95,15898.35,15894.6,15897.6,15898.9,15900.2,15894.5,15897.4,15897.8,15898.9,1.1,182.1599977
2026-05-21T22:05:00+00:00,15898.3,15899.8,15897.85,15899.5,15897.7,15898.9,15899.3,15900.3,15897.1,15898.6,15899.1,15899.9,0.8,246.8000073
2026-05-21T22:10:00+00:00,15899.55,15902.05,15899.5,15900.55,15899.2,15899.9,15901.6,15902.5,15899.1,15899.9,15900.2,15900.9,0.7,111.5100031
2026-05-21T22:15:00+00:00,15900.6,15902.05,15900.6,15901.9,15900.2,15901,15901.6,15902.5,15900.2,15901,15901.5,15902.3,0.8,88.95000231
2026-05-21T22:20:00+00:00,15901.8,15901.95,15901.5,15901.95,15901.4,15902.2,15901.5,15902.4,15901.1,15901.9,15901.5,15902.4,0.9,79.65000129
2026-05-21T22:25:00+00:00,15902,15902.3,15901.9,15902.3,15901.6,15902.4,15901.9,15902.7,15901.5,15902.3,15901.9,15902.7,0.8,63.5200007
2026-05-21T22:30:00+00:00,15902.25,15902.3,15900.8,15901.7,15901.9,15902.6,15901.9,15902.7,15900.4,15901.2,15901.3,15902.1,0.8,170.8300039
2026-05-21T22:35:00+00:00,15901.75,15901.75,15900.5,15900.5,15901.4,15902.1,15901.4,15902.1,15900.1,15900.9,15900.1,15900.9,0.8,175.6700032
2026-05-21T22:40:00+00:00,15900.4,15900.4,15898.3,15899.3,15900,15900.8,15900,15900.8,15898,15898.6,15898.9,15899.7,0.8,198.7100036
2026-05-21T22:45:00+00:00,15899.2,15899.4,15898.05,15899.2,15898.8,15899.6,15899,15899.8,15897.7,15898.4,15898.8,15899.6,0.8,216.8500029
2026-05-21T22:50:00+00:00,15899.1,15900.2,15898.35,15900.05,15898.7,15899.5,15899.8,15900.6,15898.1,15898.6,15899.7,15900.4,0.7,149.0200026
2026-05-21T22:55:00+00:00,15900.1,15900.7,15899.55,15900.55,15899.7,15900.5,15900.3,15901.1,15899.2,15899.9,15900.1,15901,0.9,343.6600039
2026-05-21T23:00:00+00:00,15900.45,15900.6,15899.25,15900.35,15900,15900.9,15900.3,15900.9,15898.9,15899.6,15900,15900.7,0.7,186.0500029
2026-05-21T23:05:00+00:00,15900.4,15903.05,15900.35,15902.75,15900,15900.8,15902.8,15903.3,15900,15900.7,15902.4,15903.1,0.7,110.7700024
2026-05-21T23:10:00+00:00,15902.65,15902.65,15900.6,15901.35,15902.3,15903,15902.3,15903,15900.3,15900.9,15901,15901.7,0.7,216.1500041
2026-05-21T23:15:00+00:00,15900.75,15900.85,15898.8,15900.3,15900.7,15900.8,15900.7,15901,15898.6,15899,15900,15900.6,0.6,304.330006
2026-05-21T23:20:00+00:00,15900.35,15900.6,15899.9,15900.35,15900,15900.7,15900.3,15900.9,15899.6,15900.2,15900,15900.7,0.7,222.420004
2026-05-21T23:25:00+00:00,15900.15,15900.55,15899.05,15899.75,15899.9,15900.4,15900.3,15900.8,15898.9,15899.2,15899.2,15900.3,1.1,139.5700026
2026-05-21T23:30:00+00:00,15899.8,15904.1,15899.2,15900.35,15899.2,15900.4,15903.6,15904.6,15898.9,15899.5,15900.1,15900.6,0.5,360.8100057
2026-05-21T23:35:00+00:00,15900.4,15901.8,15900.4,15901.25,15900.2,15900.6,15901.5,15902.1,15900.2,15900.6,15901,15901.5,0.5,126.4900023
2026-05-21T23:40:00+00:00,15901.3,15901.8,15901.3,15901.55,15901,15901.6,15901.5,15902.1,15901,15901.6,15901.2,15901.9,0.7,89.62000191
2026-05-21T23:45:00+00:00,15901.8,15903.15,15901.4,15901.6,15901.5,15902.1,15902.9,15903.4,15901.2,15901.6,15901.3,15901.9,0.6,272.4700043
2026-05-21T23:50:00+00:00,15901.5,15903.4,15900.4,15903.25,15901.3,15901.7,15903.2,15903.6,15900.1,15900.7,15903,15903.5,0.5,140.7700028
2026-05-21T23:55:00+00:00,15902.95,15904.2,15902.75,15902.75,15902.7,15903.2,15903.9,15904.5,15902.5,15903,15902.5,15903,0.5,192.9000034
2026-05-22T00:00:00+00:00,15902.85,15905.95,15902.85,15905.15,15902.6,15903.1,15905.6,15906.3,15902.6,15903.1,15904.9,15905.4,0.5,945.3500136
2026-05-22T00:05:00+00:00,15905.1,15906.2,15902.75,15904.25,15904.8,15905.4,15905.9,15906.5,15902.5,15903,15904,15904.5,0.5,1040.340012
2026-05-22T00:10:00+00:00,15904.25,15907.35,15904.25,15906.1,15904,15904.5,15907,15907.7,15904,15904.5,15905.8,15906.4,0.6,856.4400122
2026-05-22T00:15:00+00:00,15906.1,15907.35,15905.25,15907.25,15905.8,15906.4,15907.2,15907.5,15904.9,15905.6,15907,15907.5,0.5,609.6000134
2026-05-22T00:20:00+00:00,15907.1,15907.95,15905.75,15906.6,15906.9,15907.3,15907.7,15908.2,15905.5,15906,15906.2,15907,0.8,495.450007
2026-05-22T00:25:00+00:00,15906.65,15908.8,15906.45,15907.9,15906.3,15907,15908.5,15909.1,15906.1,15906.8,15907.6,15908.2,0.6,606.2800056
2026-05-22T00:30:00+00:00,15908,15909,15907.4,15909,15907.8,15908.2,15908.8,15909.2,15907.2,15907.6,15908.8,15909.2,0.4,355.0000064
2026-05-22T00:35:00+00:00,15909.2,15909.2,15907.45,15907.6,15909,15909.4,15909,15909.4,15907.1,15907.8,15907.4,15907.8,0.4,240.2600029
2026-05-22T00:40:00+00:00,15907.2,15907.3,15904.8,15904.8,15907.1,15907.3,15907.1,15907.5,15904.6,15905,15904.6,15905,0.4,500.630007
2026-05-22T00:45:00+00:00,15904.5,15906.05,15903.85,15905.1,15904.4,15904.6,15905.7,15906.4,15903.6,15904.1,15904.9,15905.3,0.4,284.9200046
2026-05-22T00:50:00+00:00,15905.15,15910.95,15902.6,15910.95,15905,15905.3,15910.7,15911.2,15902.4,15902.8,15910.7,15911.2,0.5,1278.750022
2026-05-22T00:55:00+00:00,15910.9,15912.55,15907,15909.35,15910.6,15911.2,15912.3,15912.8,15906.9,15907.1,15909.1,15909.6,0.5,1198.710014
2026-05-22T01:00:00+00:00,15909.75,15911.45,15908.5,15910.85,15909.7,15909.8,15911.3,15911.6,15908.3,15908.7,15910.6,15911.1,0.5,750.2200116
2026-05-22T01:05:00+00:00,15910.95,15912.1,15909.55,15911.6,15910.7,15911.2,15911.9,15912.3,15909.2,15909.9,15911.3,15911.9,0.6,458.5200087
2026-05-22T01:10:00+00:00,15911.75,15912,15909.9,15911.45,15911.4,15912.1,15911.7,15912.3,15909.6,15910.2,15911.1,15911.8,0.7,356.5400052
2026-05-22T01:15:00+00:00,15911.4,15912.55,15909.7,15910.1,15911.1,15911.7,15912.2,15912.9,15909.4,15910,15909.9,15910.3,0.4,483.6600078
2026-05-22T01:20:00+00:00,15910,15910.15,15908.95,15910,15909.8,15910.2,15909.9,15910.4,15908.7,15909.2,15909.9,15910.1,0.2,357.2200062
2026-05-22T01:25:00+00:00,15910,15910.25,15908.5,15909,15909.8,15910.2,15910,15910.5,15908.2,15908.8,15908.8,15909.2,0.4,203.550004
2026-05-22T01:30:00+00:00,15909.1,15909.25,15907.1,15907.5,15908.9,15909.3,15909,15909.5,15906.9,15907.3,15907.3,15907.7,0.4,113.1000025
2026-05-22T01:35:00+00:00,15907.65,15907.8,15906.4,15906.7,15907.4,15907.9,15907.6,15908,15906.2,15906.6,15906.5,15906.9,0.4,171.440003
2026-05-22T01:40:00+00:00,15906.75,15907.75,15906.75,15907.65,15906.5,15907,15907.6,15907.9,15906.5,15907,15907.4,15907.9,0.5,194.550005
2026-05-22T01:45:00+00:00,15907.6,15907.8,15907.45,15907.65,15907.4,15907.8,15907.6,15908,15907.2,15907.7,15907.6,15907.7,0.1,50.70000148
2026-05-22T01:50:00+00:00,15907.55,15907.55,15905.7,15907.05,15907.4,15907.7,15907.4,15907.7,15905.5,15905.9,15906.8,15907.3,0.5,204.0000037
2026-05-22T01:55:00+00:00,15907.15,15910.25,15907.15,15910.1,15906.9,15907.4,15910,15910.5,15906.9,15907.4,15909.9,15910.3,0.4,273.2600052
2026-05-22T02:00:00+00:00,15910.15,15910.6,15908.85,15909.1,15909.9,15910.4,15910.3,15910.9,15908.6,15909.1,15908.9,15909.3,0.4,226.4900045
2026-05-22T02:05:00+00:00,15909.05,15909.25,15908.8,15909,15908.9,15909.2,15909,15909.5,15908.5,15909.1,15908.8,15909.2,0.4,92.10000229
2026-05-22T02:10:00+00:00,15909.15,15909.55,15908.8,15909,15908.9,15909.4,15909.3,15909.8,15908.5,15909.1,15908.8,15909.2,0.4,127.870003
2026-05-22T02:15:00+00:00,15908.85,15908.95,15906.7,15907.8,15908.6,15909.1,15908.6,15909.3,15906.5,15906.9,15907.6,15908,0.4,179.7700036
2026-05-22T02:20:00+00:00,15907.95,15908.95,15907.45,15907.75,15907.7,15908.2,15908.6,15909.3,15907.1,15907.8,15907.6,15907.9,0.3,437.4000059
2026-05-22T02:25:00+00:00,15907.7,15907.8,15906.55,15907.65,15907.5,15907.9,15907.6,15908,15906.3,15906.8,15907.4,15907.9,0.5,151.8000029
2026-05-22T02:30:00+00:00,15907.7,15907.75,15906.6,15906.7,15907.5,15907.9,15907.5,15908,15906.3,15906.9,15906.5,15906.9,0.4,247.8300049
2026-05-22T02:35:00+00:00,15906.85,15906.85,15903.85,15905.2,15906.6,15907.1,15906.6,15907.1,15903.6,15904.1,15904.9,15905.5,0.6,306.6700041
2026-05-22T02:40:00+00:00,15904.95,15905.15,15903.35,15904.1,15904.7,15905.2,15904.9,15905.4,15903.2,15903.5,15903.9,15904.3,0.4,147.0000024
2026-05-22T02:45:00+00:00,15904.2,15904.3,15901.45,15901.6,15904,15904.4,15904.1,15904.5,15901.3,15901.6,15901.3,15901.9,0.6,192.6000034
2026-05-22T02:50:00+00:00,15901.6,15902.75,15900.2,15902.75,15901.3,15901.9,15902.5,15903,15900,15900.4,15902.5,15903,0.5,383.4700065
2026-05-22T02:55:00+00:00,15902.85,15905.95,15902.7,15903.5,15902.6,15903.1,15905.6,15906.3,15902.5,15902.9,15903.3,15903.7,0.4,421.5000067
2026-05-22T03:00:00+00:00,15903.25,15903.35,15900.9,15903.3,15903.1,15903.4,15903.2,15903.5,15900.6,15901.2,15903.1,15903.5,0.4,404.2900065
2026-05-22T03:05:00+00:00,15903.15,15904.65,15903.15,15903.9,15902.9,15903.4,15904.4,15904.9,15902.9,15903.4,15903.7,15904.1,0.4,189.2900039
2026-05-22T03:10:00+00:00,15904,15905.35,15903.9,15904.25,15903.8,15904.2,15905,15905.7,15903.7,15904.1,15903.9,15904.6,0.7,288.7400036
2026-05-22T03:15:00+00:00,15904.35,15905.3,15903.9,15904.8,15904.1,15904.6,15905.1,15905.5,15903.7,15904.1,15904.6,15905,0.4,374.7000046
2026-05-22T03:20:00+00:00,15904.7,15905.3,15904.15,15904.5,15904.5,15904.9,15905.1,15905.5,15904,15904.3,15904.3,15904.7,0.4,176.5500025
2026-05-22T03:25:00+00:00,15904.5,15905.25,15904.25,15904.55,15904.3,15904.7,15905,15905.5,15904,15904.5,15904.4,15904.7,0.3,221.850004
2026-05-22T03:30:00+00:00,15904.5,15905.4,15904.05,15904.45,15904.3,15904.7,15905.2,15905.6,15903.9,15904.2,15904.2,15904.7,0.5,189.9500033
2026-05-22T03:35:00+00:00,15904.3,15904.5,15904.05,15904.35,15904.1,15904.5,15904.3,15904.7,15903.9,15904.2,15904.1,15904.6,0.5,71.40000129
2026-05-22T03:40:00+00:00,15904.25,15904.3,15903.9,15904,15904,15904.5,15904,15904.6,15903.7,15904.1,15903.8,15904.2,0.4,97.18000102
2026-05-22T03:45:00+00:00,15903.55,15904.3,15903.1,15903.5,15903.4,15903.7,15904.1,15904.5,15902.9,15903.3,15903.3,15903.7,0.4,112.4400008
2026-05-22T03:50:00+00:00,15903.55,15904.4,15903.55,15903.95,15903.3,15903.8,15904.2,15904.6,15903.3,15903.8,15903.7,15904.2,0.5,112.8000021
2026-05-22T03:55:00+00:00,15904.05,15904.2,15903.3,15904,15903.8,15904.3,15904,15904.4,15903.1,15903.5,15903.8,15904.2,0.4,125.7000018
2026-05-22T04:00:00+00:00,15903.65,15904.1,15902.75,15902.85,15903.5,15903.8,15903.8,15904.4,15902.5,15903,15902.6,15903.1,0.5,257.5800037
2026-05-22T04:05:00+00:00,15902.8,15902.95,15901.55,15902.15,15902.4,15903.2,15902.7,15903.2,15901.3,15901.8,15901.9,15902.4,0.5,289.9500023
2026-05-22T04:10:00+00:00,15902,15902.75,15901.9,15902.05,15901.7,15902.3,15902.5,15903,15901.6,15902.2,15901.8,15902.3,0.5,100.950002
2026-05-22T04:15:00+00:00,15902.15,15902.55,15901.4,15902.05,15901.9,15902.4,15902.3,15902.8,15901.1,15901.7,15901.7,15902.4,0.7,87.45000148
2026-05-22T04:20:00+00:00,15902,15903.25,15901.65,15903.25,15901.8,15902.2,15902.9,15903.6,15901.4,15901.9,15902.9,15903.6,0.7,194.8500025
2026-05-22T04:25:00+00:00,15903.15,15904.4,15903.15,15904.35,15902.9,15903.4,15904.1,15904.7,15902.9,15903.4,15904.1,15904.6,0.5,74.41000152
2026-05-22T04:30:00+00:00,15904.4,15905.25,15904.3,15904.85,15904.2,15904.6,15905.1,15905.4,15904.1,15904.5,15904.7,15905,0.3,182.5600044
2026-05-22T04:35:00+00:00,15904.8,15905.3,15904.35,15904.85,15904.6,15905,15905.1,15905.5,15904.1,15904.6,15904.6,15905.1,0.5,395.300011
2026-05-22T04:40:00+00:00,15904.95,15905.15,15904.15,15904.7,15904.8,15905.1,15905,15905.3,15903.9,15904.4,15904.5,15904.9,0.4,237.3200039
2026-05-22T04:45:00+00:00,15904.65,15905.15,15904.25,15904.6,15904.4,15904.9,15905,15905.3,15904,15904.5,15904.4,15904.8,0.4,675.0700117
2026-05-22T04:50:00+00:00,15904.65,15906.15,15904.5,15905.95,15904.5,15904.8,15905.9,15906.4,15904.3,15904.7,15905.7,15906.2,0.5,249.2200077
2026-05-22T04:55:00+00:00,15905.9,15907.45,15905.35,15907,15905.7,15906.1,15907.2,15907.7,15905.1,15905.6,15906.6,15907.4,0.8,573.2100089
2026-05-22T05:00:00+00:00,15907.1,15908.45,15905.85,15906.8,15906.8,15907.4,15908.2,15908.7,15905.6,15906.1,15906.6,15907,0.4,550.5400101
2026-05-22T05:05:00+00:00,15906.75,15907.35,15905.9,15907.35,15906.5,15907,15907.1,15907.6,15905.6,15906.2,15907.1,15907.6,0.5,236.0400039
2026-05-22T05:10:00+00:00,15907.4,15908.35,15907,15907.65,15907.2,15907.6,15908,15908.7,15906.8,15907.2,15907.4,15907.9,0.5,311.1000054
2026-05-22T05:15:00+00:00,15907.8,15908.3,15907.65,15908.2,15907.6,15908,15908,15908.6,15907.4,15907.9,15907.9,15908.5,0.6,128.7000022
2026-05-22T05:20:00+00:00,15908.15,15909.3,15908,15909.05,15907.9,15908.4,15909,15909.6,15907.8,15908.2,15908.8,15909.3,0.5,149.8300023
2026-05-22T05:25:00+00:00,15909,15909.1,15908.25,15908.85,15908.8,15909.2,15908.9,15909.3,15908.1,15908.4,15908.6,15909.1,0.5,319.8000093
2026-05-22T05:30:00+00:00,15909,15909.05,15907.8,15908.85,15908.8,15909.2,15908.8,15909.3,15907.5,15908.1,15908.6,15909.1,0.5,237.3000064
2026-05-22T05:35:00+00:00,15909,15909.25,15908.3,15909.1,15908.8,15909.2,15909,15909.5,15908.1,15908.5,15908.9,15909.3,0.4,111.9000027
2026-05-22T05:40:00+00:00,15908.95,15910.1,15908.95,15909.65,15908.7,15909.2,15909.8,15910.4,15908.7,15909.2,15909.5,15909.8,0.3,298.6500033
2026-05-22T05:45:00+00:00,15909.7,15910,15908.85,15909.05,15909.5,15909.9,15909.7,15910.3,15908.6,15909.1,15908.8,15909.3,0.5,246.7500032
2026-05-22T05:50:00+00:00,15909.15,15909.7,15908.15,15908.8,15908.9,15909.4,15909.5,15909.9,15907.9,15908.4,15908.6,15909,0.4,300.6700042
2026-05-22T05:55:00+00:00,15908.9,15914,15908.9,15913.2,15908.7,15909.1,15913.8,15914.2,15908.7,15909.1,15912.9,15913.5,0.6,1477.310019
2026-05-22T06:00:00+00:00,15913.25,15914.3,15909.55,15911.5,15913,15913.5,15914.1,15914.5,15909.4,15909.7,15911.3,15911.7,0.4,1400.020015
2026-05-22T06:05:00+00:00,15911.45,15911.7,15909.3,15910.15,15911.2,15911.7,15911.5,15911.9,15909,15909.6,15909.9,15910.4,0.5,922.650013
2026-05-22T06:10:00+00:00,15910.25,15910.65,15908.35,15909.35,15910,15910.5,15910.4,15910.9,15908.1,15908.6,15909.1,15909.6,0.5,416.6800035
2026-05-22T06:15:00+00:00,15909.4,15910.15,15907.6,15907.8,15909.1,15909.7,15910,15910.3,15907.3,15907.9,15907.6,15908,0.4,669.8900092
2026-05-22T06:20:00+00:00,15907.7,15909.25,15906.6,15909.1,15907.4,15908,15908.9,15909.6,15906.4,15906.8,15908.7,15909.5,0.8,464.7000067
2026-05-22T06:25:00+00:00,15909.05,15910.3,15907.4,15907.65,15908.8,15909.3,15910,15910.6,15907.2,15907.6,15907.4,15907.9,0.5,523.8000101
2026-05-22T06:30:00+00:00,15907.4,15909.7,15907.1,15909.6,15907.1,15907.7,15909.5,15909.9,15906.8,15907.4,15909.4,15909.8,0.4,394.1400077
2026-05-22T06:35:00+00:00,15909.55,15911,15909.2,15910.5,15909.4,15909.7,15910.8,15911.2,15909,15909.4,15910.2,15910.8,0.6,351.9000062
2026-05-22T06:40:00+00:00,15910.55,15911.65,15909.2,15909.3,15910.3,15910.8,15911.4,15911.9,15909,15909.4,15909.1,15909.5,0.4,676.5600089
2026-05-22T06:45:00+00:00,15909.25,15912.65,15909.25,15912.25,15909,15909.5,15912.4,15912.9,15909,15909.5,15912,15912.5,0.5,515.020007
2026-05-22T06:50:00+00:00,15912.35,15913,15911.45,15912.1,15912.1,15912.6,15912.8,15913.2,15911.2,15911.7,15911.9,15912.3,0.4,382.2000061
2026-05-22T06:55:00+00:00,15912,15912.4,15910.15,15910.75,15911.8,15912.2,15912.2,15912.6,15910,15910.3,15910.6,15910.9,0.3,445.2000068
2026-05-22T07:00:00+00:00,15910.7,15913.05,15910.65,15911.6,15910.4,15911,15912.8,15913.3,15910.3,15911,15911.4,15911.8,0.4,692.06001
2026-05-22T07:05:00+00:00,15911.55,15913.95,15911.5,15912.25,15911.3,15911.8,15913.8,15914.1,15911.3,15911.7,15912,15912.5,0.5,333.8400064
2026-05-22T07:10:00+00:00,15912.25,15914.25,15912.05,15913.9,15912,15912.5,15914.1,15914.4,15911.8,15912.3,15913.6,15914.2,0.6,345.7300049
2026-05-22T07:15:00+00:00,15914,15914.2,15911.75,15912.95,15913.8,15914.2,15914,15914.4,15911.5,15912,15912.7,15913.2,0.5,409.2200065
2026-05-22T07:20:00+00:00,15912.9,15913.95,15911.65,15912.6,15912.7,15913.1,15913.7,15914.2,15911.5,15911.8,15912.4,15912.8,0.4,437.8700075
2026-05-22T07:25:00+00:00,15912.8,15913.05,15911.35,15912,15912.6,15913,15912.9,15913.2,15911.2,15911.5,15911.8,15912.2,0.4,276.5900053
2026-05-22T07:30:00+00:00,15912.15,15913.85,15911.6,15913,15911.9,15912.4,15913.7,15914,15911.4,15911.8,15912.8,15913.2,0.4,362.0000079
2026-05-22T07:35:00+00:00,15913.1,15913.75,15911.75,15913.3,15912.9,15913.3,15913.6,15913.9,15911.6,15911.9,15913.1,15913.5,0.4,334.5600058
2026-05-22T07:40:00+00:00,15913.35,15913.75,15912.7,15913.1,15913.2,15913.5,15913.6,15913.9,15912.5,15912.9,15912.9,15913.3,0.4,157.9900031
2026-05-22T07:45:00+00:00,15913.2,15913.3,15911.6,15912.2,15913,15913.4,15913.1,15913.5,15911.4,15911.8,15912,15912.4,0.4,171.2200027
2026-05-22T07:50:00+00:00,15912.3,15913.5,15912.2,15913,15912.1,15912.5,15913.3,15913.7,15912,15912.4,15912.8,15913.2,0.4,302.2200041
2026-05-22T07:55:00+00:00,15913.05,15914.4,15912.15,15913.1,15912.9,15913.2,15914.2,15914.6,15912,15912.3,15912.9,15913.3,0.4,537.140007
2026-05-22T08:00:00+00:00,15913.2,15913.65,15911.55,15912.8,15913,15913.4,15913.5,15913.8,15911.4,15911.7,15912.6,15913,0.4,771.780015
2026-05-22T08:05:00+00:00,15912.9,15913.3,15911.05,15911.75,15912.7,15913.1,15913,15913.6,15911,15911.1,15911.6,15911.9,0.3,724.8800088
2026-05-22T08:10:00+00:00,15911.95,15913.1,15910.3,15912.9,15911.7,15912.2,15912.9,15913.3,15910.1,15910.5,15912.7,15913.1,0.4,446.1000084
2026-05-22T08:15:00+00:00,15912.85,15912.85,15908.3,15908.35,15912.7,15913,15912.7,15913,15908.1,15908.5,15908.1,15908.6,0.5,852.4700147
2026-05-22T08:20:00+00:00,15908.3,15910.35,15905.7,15909.2,15908,15908.6,15910.1,15910.6,15905.4,15906,15909,15909.4,0.4,1325.470017
2026-05-22T08:25:00+00:00,15909.3,15910.7,15907.75,15908.9,15909.1,15909.5,15910.5,15910.9,15907.6,15907.9,15908.7,15909.1,0.4,370.7800058
2026-05-22T08:30:00+00:00,15908.75,15913.05,15908.75,15911.3,15908.6,15908.9,15912.9,15913.2,15908.6,15908.9,15911,15911.6,0.6,709.3200113
2026-05-22T08:35:00+00:00,15911.5,15913.05,15908.8,15909.6,15911.3,15911.7,15912.8,15913.3,15908.7,15908.9,15909.4,15909.8,0.4,1117.430017
2026-05-22T08:40:00+00:00,15909.7,15910.7,15908.35,15910.55,15909.5,15909.9,15910.5,15910.9,15908.2,15908.5,15910.4,15910.7,0.3,563.8000079
2026-05-22T08:45:00+00:00,15910.5,15910.5,15908.85,15910.05,15910.4,15910.6,15910.4,15910.6,15908.7,15909,15909.9,15910.2,0.3,287.2400051
2026-05-22T08:50:00+00:00,15910.1,15910.1,15906,15907.5,15909.9,15910.3,15909.9,15910.3,15905.9,15906.1,15907.4,15907.6,0.2,914.4100125
2026-05-22T08:55:00+00:00,15907.45,15910.1,15906.9,15909.2,15907.3,15907.6,15910,15910.2,15906.7,15907.1,15909,15909.4,0.4,871.0900154
2026-05-22T09:00:00+00:00,15909.1,15911.25,15908.4,15909.2,15909,15909.2,15911.1,15911.4,15908.3,15908.5,15908.9,15909.5,0.6,758.7500129
2026-05-22T09:05:00+00:00,15909.5,15910.2,15909,15909.45,15909.4,15909.6,15910.1,15910.3,15908.7,15909.3,15909.2,15909.7,0.5,1003.200013
2026-05-22T09:10:00+00:00,15909.35,15911.2,15909.2,15911.2,15909.1,15909.6,15911.1,15911.3,15909,15909.4,15911.1,15911.3,0.2,408.7400085
2026-05-22T09:15:00+00:00,15911.3,15914.65,15911.3,15913.9,15911.1,15911.5,15914.5,15914.8,15911.1,15911.5,15913.7,15914.1,0.4,589.7400107
2026-05-22T09:20:00+00:00,15913.8,15914.55,15912.85,15913.45,15913.5,15914.1,15914.4,15914.7,15912.7,15913,15913.2,15913.7,0.5,520.0500067
2026-05-22T09:25:00+00:00,15913.4,15914.05,15912.6,15913.85,15913.1,15913.7,15913.9,15914.2,15912.4,15912.8,15913.7,15914,0.3,349.0700054
2026-05-22T09:30:00+00:00,15913.8,15913.9,15911.6,15912.6,15913.7,15913.9,15913.7,15914.1,15911.4,15911.8,15912.4,15912.8,0.4,253.2800049
2026-05-22T09:35:00+00:00,15912.4,15912.65,15911.65,15911.7,15912.2,15912.6,15912.5,15912.8,15911.4,15911.9,15911.5,15911.9,0.4,207.2200041
2026-05-22T09:40:00+00:00,15911.75,15912.65,15911.65,15912.55,15911.5,15912,15912.5,15912.8,15911.5,15911.8,15912.3,15912.8,0.5,214.6500039
2026-05-22T09:45:00+00:00,15912.75,15912.75,15911.75,15912.25,15912.6,15912.9,15912.6,15912.9,15911.6,15911.9,15912,15912.5,0.5,441.6000048
2026-05-22T09:50:00+00:00,15912.25,15912.5,15910.5,15910.65,15912,15912.5,15912.3,15912.7,15910.3,15910.7,15910.4,15910.9,0.5,871.5800118
2026-05-22T09:55:00+00:00,15910.55,15912.1,15908.5,15910.4,15910.3,15910.8,15911.9,15912.3,15908.2,15908.8,15910.1,15910.7,0.6,590.6100079
2026-05-22T10:00:00+00:00,15910.4,15910.5,15908.95,15909.2,15910,15910.8,15910.2,15910.8,15908.7,15909.2,15909,15909.4,0.4,569.0000067
2026-05-22T10:05:00+00:00,15909.1,15909.25,15908.1,15908.7,15908.8,15909.4,15909,15909.5,15907.9,15908.3,15908.5,15908.9,0.4,548.670007
2026-05-22T10:10:00+00:00,15908.65,15910.05,15908,15910,15908.5,15908.8,15909.8,15910.3,15907.8,15908.2,15909.7,15910.3,0.6,576.7800064
2026-05-22T10:15:00+00:00,15910.2,15911.45,15909.3,15909.75,15910.1,15910.3,15911.2,15911.7,15909.1,15909.5,15909.6,15909.9,0.3,293.3100061
2026-05-22T10:20:00+00:00,15909.8,15911.35,15909.25,15909.9,15909.6,15910,15911.1,15911.6,15909,15909.5,15909.6,15910.2,0.6,391.1800051
2026-05-22T10:25:00+00:00,15910,15911.3,15909.9,15911.3,15909.7,15910.3,15911.1,15911.5,15909.7,15910.1,15911.1,15911.5,0.4,333.9100045
2026-05-22T10:30:00+00:00,15911.1,15913.35,15910.55,15913,15910.9,15911.3,15913.2,15913.5,15910.3,15910.8,15912.8,15913.2,0.4,691.3200086
2026-05-22T10:35:00+00:00,15912.85,15913.4,15911.45,15911.65,15912.5,15913.2,15913.2,15913.6,15911.2,15911.7,15911.4,15911.9,0.5,440.1900039
2026-05-22T10:40:00+00:00,15911.7,15912.55,15911.45,15912.3,15911.5,15911.9,15912.4,15912.7,15911.3,15911.6,15912.1,15912.5,0.4,269.9700036
2026-05-22T10:45:00+00:00,15912.25,15912.65,15911.7,15912.6,15912,15912.5,15912.4,15912.9,15911.5,15911.9,15912.4,15912.8,0.4,418.7700068
2026-05-22T10:50:00+00:00,15912.7,15912.95,15912.35,15912.55,15912.4,15913,15912.7,15913.2,15912.2,15912.5,15912.3,15912.8,0.5,106.5000018
2026-05-22T10:55:00+00:00,15912.6,15913.4,15912.4,15912.55,15912.4,15912.8,15913.3,15913.5,15912.1,15912.7,15912.3,15912.8,0.5,231.080003
2026-05-22T11:00:00+00:00,15912.5,15913.55,15912.4,15912.85,15912.3,15912.7,15913.3,15913.8,15912.2,15912.6,15912.7,15913,0.3,364.0800048
2026-05-22T11:05:00+00:00,15912.95,15913.75,15912.4,15913.55,15912.8,15913.1,15913.5,15914,15912.1,15912.7,15913.4,15913.7,0.3,449.4900044
2026-05-22T11:10:00+00:00,15913.95,15914.5,15913.7,15913.95,15913.8,15914.1,15914.3,15914.7,15913.5,15913.9,15913.8,15914.1,0.3,302.3300045
2026-05-22T11:15:00+00:00,15914,15914.45,15912.9,15913.6,15913.9,15914.1,15914.3,15914.6,15912.7,15913.1,15913.5,15913.7,0.2,221.2900035
2026-05-22T11:20:00+00:00,15913.65,15913.65,15912.85,15913,15913.5,15913.8,15913.5,15913.8,15912.7,15913,15912.9,15913.1,0.2,317.2700044
2026-05-22T11:25:00+00:00,15913.15,15913.95,15912.2,15913.6,15912.9,15913.4,15913.8,15914.1,15912,15912.4,15913.4,15913.8,0.4,257.3400044
2026-05-22T11:30:00+00:00,15913.55,15914.2,15912.95,15913.7,15913.4,15913.7,15914.1,15914.3,15912.8,15913.1,15913.5,15913.9,0.4,337.5000067
2026-05-22T11:35:00+00:00,15913.8,15914.25,15912,15914,15913.6,15914,15914,15914.5,15911.7,15912.3,15913.8,15914.2,0.4,523.2100065
2026-05-22T11:40:00+00:00,15914,15914.4,15912.6,15913.15,15913.8,15914.2,15914.2,15914.6,15912.4,15912.8,15913.1,15913.2,0.1,319.9500061
2026-05-22T11:45:00+00:00,15913.25,15914.25,15911.4,15913.4,15913.1,15913.4,15914,15914.5,15911.3,15911.5,15913.2,15913.6,0.4,844.8100175
2026-05-22T11:50:00+00:00,15913.35,15914,15913.1,15913.15,15913.2,15913.5,15913.8,15914.2,15912.9,15913.3,15912.9,15913.4,0.5,359.8700086
2026-05-22T11:55:00+00:00,15912.95,15914.2,15911.9,15913.95,15912.7,15913.2,15914.1,15914.3,15911.7,15912.1,15913.8,15914.1,0.3,1034.59002
2026-05-22T12:00:00+00:00,15913.85,15914.95,15912.75,15914.65,15913.6,15914.1,15914.8,15915.1,15912.5,15913,15914.5,15914.8,0.3,1023.570018
2026-05-22T12:05:00+00:00,15914.65,15914.9,15913.35,15914.2,15914.5,15914.8,15914.7,15915.1,15913.1,15913.6,15914.1,15914.3,0.2,448.7500103
2026-05-22T12:10:00+00:00,15914.15,15914.2,15906.1,15909.15,15913.9,15914.4,15914,15914.4,15906,15906.2,15908.9,15909.4,0.5,2321.720035
2026-05-22T12:15:00+00:00,15909.05,15911.3,15908.05,15908.95,15908.8,15909.3,15911.1,15911.5,15907.8,15908.3,15908.7,15909.2,0.5,1869.480032
2026-05-22T12:20:00+00:00,15909.05,15911.65,15909,15909.2,15908.9,15909.2,15911.5,15911.8,15908.8,15909.2,15908.9,15909.5,0.6,1158.790018
2026-05-22T12:25:00+00:00,15909.3,15912.65,15909.2,15911.7,15909,15909.6,15912.4,15912.9,15908.9,15909.5,15911.5,15911.9,0.4,994.120018
2026-05-22T12:30:00+00:00,15911.8,15912.55,15910.45,15911.35,15911.5,15912.1,15912.4,15912.7,15910.3,15910.6,15911.1,15911.6,0.5,620.8600106
2026-05-22T12:35:00+00:00,15911.45,15912.1,15910.3,15910.6,15911.2,15911.7,15912,15912.2,15910.1,15910.5,15910.4,15910.8,0.4,418.6500057
2026-05-22T12:40:00+00:00,15910.65,15912.25,15910.35,15911.5,15910.4,15910.9,15912,15912.5,15910.1,15910.6,15911.3,15911.7,0.4,440.7800077
2026-05-22T12:45:00+00:00,15911.4,15911.4,15909.2,15910.25,15911.2,15911.6,15911.2,15911.6,15909,15909.4,15910,15910.5,0.5,910.5300097
2026-05-22T12:50:00+00:00,15910.2,15910.75,15909.4,15910.15,15910,15910.4,15910.5,15911,15909.1,15909.7,15909.8,15910.5,0.7,557.3200063
2026-05-22T12:55:00+00:00,15910.15,15911.6,15907.35,15907.85,15909.8,15910.5,15911.4,15911.8,15907.2,15907.5,15907.7,15908,0.3,1119.620012
2026-05-22T13:00:00+00:00,15907.75,15910.2,15906.55,15909.1,15907.6,15907.9,15909.9,15910.5,15906.4,15906.7,15908.8,15909.4,0.6,2088.290026
2026-05-22T13:05:00+00:00,15909.05,15909.1,15901.7,15901.75,15908.8,15909.3,15908.9,15909.3,15901.4,15902,15901.5,15902,0.5,1236.040016
2026-05-22T13:10:00+00:00,15901.65,15904.65,15899.2,15903.35,15901.4,15901.9,15904.3,15905,15898.9,15899.5,15903.1,15903.6,0.5,4548.670052
2026-05-22T13:15:00+00:00,15903.4,15906.3,15902.7,15904.15,15903.2,15903.6,15906.1,15906.5,15902.4,15903,15903.9,15904.4,0.5,2494.390032
2026-05-22T13:20:00+00:00,15904.1,15908.9,15903.3,15907.8,15903.9,15904.3,15908.7,15909.1,15903.1,15903.5,15907.6,15908,0.4,1187.260018
2026-05-22T13:25:00+00:00,15907.75,15907.95,15904.95,15906.2,15907.6,15907.9,15907.8,15908.1,15904.7,15905.2,15905.9,15906.5,0.6,811.6800143
2026-05-22T13:30:00+00:00,15906.15,15908,15903.1,15905.85,15905.9,15906.4,15907.8,15908.2,15902.9,15903.3,15905.6,15906.1,0.5,1845.210032
2026-05-22T13:35:00+00:00,15905.75,15909,15903.25,15908.25,15905.5,15906,15908.8,15909.2,15903.1,15903.4,15908,15908.5,0.5,1279.670017
2026-05-22T13:40:00+00:00,15908.2,15912.7,15907,15909.35,15908,15908.4,15912.4,15913,15906.8,15907.2,15909.2,15909.5,0.3,1684.31003
2026-05-22T13:45:00+00:00,15909.45,15913.8,15908.95,15912.7,15909.2,15909.7,15913.7,15913.9,15908.8,15909.1,15912.4,15913,0.6,1447.890023
2026-05-22T13:50:00+00:00,15912.65,15913.9,15910.55,15910.55,15912.5,15912.8,15913.7,15914.1,15910.3,15910.8,15910.3,15910.8,0.5,1706.330026
2026-05-22T13:55:00+00:00,15910.6,15913.15,15909.15,15909.4,15910.4,15910.8,15913,15913.3,15908.7,15909.6,15908.8,15910,1.2,980.200016
2026-05-22T14:00:00+00:00,15909.2,15916.7,15907.2,15915.8,15908.4,15910,15916.5,15916.9,15906.6,15907.8,15915.6,15916,0.4,3067.710049
2026-05-22T14:05:00+00:00,15915.85,15917.5,15913.65,15913.9,15915.7,15916,15917.3,15917.7,15913.3,15914,15913.6,15914.2,0.6,1463.800019
2026-05-22T14:10:00+00:00,15913.9,15917.6,15913.05,15916.95,15913.6,15914.2,15917.4,15917.8,15912.8,15913.3,15916.7,15917.2,0.5,1240.450015
2026-05-22T14:15:00+00:00,15917,15917.85,15915.55,15916.55,15916.8,15917.2,15917.6,15918.1,15915.3,15915.8,15916.3,15916.8,0.5,1044.450018
2026-05-22T14:20:00+00:00,15916.2,15917.6,15915.75,15916.7,15916,15916.4,15917.4,15917.8,15915.5,15916,15916.4,15917,0.6,866.2800133
2026-05-22T14:25:00+00:00,15916.65,15916.8,15914,15915.65,15916.4,15916.9,15916.6,15917,15913.8,15914.2,15915.4,15915.9,0.5,801.2000135
2026-05-22T14:30:00+00:00,15915.75,15915.9,15913.05,15914.35,15915.5,15916,15915.7,15916.1,15912.8,15913.3,15914.1,15914.6,0.5,1560.090028
2026-05-22T14:35:00+00:00,15914.3,15915.45,15913.25,15915.1,15914.1,15914.5,15915.3,15915.6,15913.1,15913.4,15914.9,15915.3,0.4,739.2700129
2026-05-22T14:40:00+00:00,15915.15,15915.25,15913.6,15914,15914.9,15915.4,15915.1,15915.4,15913.4,15913.8,15913.8,15914.2,0.4,644.0300117
2026-05-22T14:45:00+00:00,15913.95,15915.5,15911.8,15914.6,15913.8,15914.1,15915.2,15915.8,15911.6,15912,15914.5,15914.7,0.2,1178.590016
2026-05-22T14:50:00+00:00,15914.65,15916.2,15911.8,15912.15,15914.5,15914.8,15916,15916.4,15911.5,15912.1,15911.8,15912.5,0.7,1428.870015
2026-05-22T14:55:00+00:00,15912.1,15913.7,15909.15,15910.35,15911.9,15912.3,15913.5,15913.9,15908.9,15909.4,15910.1,15910.6,0.5,2303.220027
2026-05-22T15:00:00+00:00,15910.25,15913.85,15909.65,15910.05,15910,15910.5,15913.7,15914,15909.5,15909.8,15909.9,15910.2,0.3,2131.930023
2026-05-22T15:05:00+00:00,15910.15,15912.5,15908.75,15911.45,15909.9,15910.4,15912.3,15912.7,15908.5,15909,15911.2,15911.7,0.5,1810.720022
2026-05-22T15:10:00+00:00,15911.45,15912.5,15910,15911.7,15911.3,15911.6,15912.3,15912.7,15909.8,15910.2,15911.5,15911.9,0.4,887.1800092
2026-05-22T15:15:00+00:00,15911.5,15912.4,15909.85,15911.6,15911.3,15911.7,15912.2,15912.6,15909.6,15910.1,15911.4,15911.8,0.4,651.0400112
2026-05-22T15:20:00+00:00,15911.75,15913.7,15911.55,15913.5,15911.6,15911.9,15913.5,15913.9,15911.4,15911.7,15913.2,15913.8,0.6,499.690008
2026-05-22T15:25:00+00:00,15913.6,15913.9,15911.5,15912.9,15913.4,15913.8,15913.7,15914.1,15911.3,15911.7,15912.7,15913.1,0.4,530.8300099
2026-05-22T15:30:00+00:00,15912.75,15916.5,15911.5,15916.3,15912.5,15913,15916.2,15916.8,15911.4,15911.6,15916.1,15916.5,0.4,1199.35002
2026-05-22T15:35:00+00:00,15916.35,15918.2,15915.5,15917.9,15916.2,15916.5,15918.1,15918.3,15915.4,15915.6,15917.7,15918.1,0.4,832.6200106
2026-05-22T15:40:00+00:00,15918,15919.85,15916.9,15919.4,15917.8,15918.2,15919.6,15920.1,15916.7,15917.1,15919.2,15919.6,0.4,858.2300129
2026-05-22T15:45:00+00:00,15919.5,15921.95,15917.45,15919.25,15919.4,15919.6,15921.8,15922.1,15917.1,15917.8,15919,15919.5,0.5,1116.600018
2026-05-22T15:50:00+00:00,15919.4,15922.15,15919,15921.2,15919.1,15919.7,15921.9,15922.4,15918.8,15919.2,15921,15921.4,0.4,786.7400132
2026-05-22T15:55:00+00:00,15921.05,15923.45,15919.8,15920.1,15920.8,15921.3,15923.2,15923.7,15919.6,15920,15919.9,15920.3,0.4,745.4200118
2026-05-22T16:00:00+00:00,15920.05,15923.25,15919.75,15922.25,15919.9,15920.2,15923,15923.5,15919.5,15920,15922,15922.5,0.5,1014.660018
2026-05-22T16:05:00+00:00,15922.4,15923.05,15921.55,15921.7,15922.2,15922.6,15922.9,15923.2,15921.3,15921.8,15921.4,15922,0.6,672.2800142
2026-05-22T16:10:00+00:00,15921.7,15921.75,15917.7,15919.15,15921.5,15921.9,15921.5,15922,15917.5,15917.9,15918.9,15919.4,0.5,618.8100091
2026-05-22T16:15:00+00:00,15919.25,15920.7,15918.75,15919.8,15919,15919.5,15920.6,15920.8,15918.5,15919,15919.6,15920,0.4,781.9400128
2026-05-22T16:20:00+00:00,15919.95,15919.95,15918.15,15918.7,15919.7,15920.2,15919.7,15920.2,15918,15918.3,15918.5,15918.9,0.4,438.6600076
2026-05-22T16:25:00+00:00,15918.8,15918.85,15916.45,15917.1,15918.6,15919,15918.6,15919.1,15916.2,15916.7,15916.8,15917.4,0.6,495.0400072
2026-05-22T16:30:00+00:00,15917.15,15919,15915.55,15917.7,15916.9,15917.4,15918.8,15919.2,15915.3,15915.8,15917.5,15917.9,0.4,500.1300082
2026-05-22T16:35:00+00:00,15917.55,15919.8,15917.5,15919.35,15917.3,15917.8,15919.6,15920,15917.3,15917.7,15919.1,15919.6,0.5,756.9000158
2026-05-22T16:40:00+00:00,15919.4,15921.15,15918.9,15920.05,15919.2,15919.6,15921,15921.3,15918.7,15919.1,15919.8,15920.3,0.5,438.6800067
2026-05-22T16:45:00+00:00,15920,15920,15917.75,15919.15,15919.8,15920.2,15919.8,15920.2,15917.5,15918,15918.9,15919.4,0.5,320.1100055
2026-05-22T16:50:00+00:00,15919.05,15920.05,15918.4,15919.1,15918.8,15919.3,15919.8,15920.3,15918.2,15918.6,15918.9,15919.3,0.4,349.2900053
2026-05-22T16:55:00+00:00,15918.95,15919.45,15917.35,15917.65,15918.7,15919.2,15919.3,15919.6,15917.1,15917.6,15917.4,15917.9,0.5,490.2200083
2026-05-22T17:00:00+00:00,15917.3,15917.4,15914.8,15915.7,15917.1,15917.5,15917.2,15917.6,15914.6,15915,15915.4,15916,0.6,473.9600091
2026-05-22T17:05:00+00:00,15915.6,15917.3,15914.85,15915.2,15915.4,15915.8,15917,15917.6,15914.6,15915.1,15914.9,15915.5,0.6,601.130013
2026-05-22T17:10:00+00:00,15915.3,15915.85,15913.8,15914.7,15915.1,15915.5,15915.6,15916.1,15913.6,15914,15914.5,15914.9,0.4,375.3300056
2026-05-22T17:15:00+00:00,15914.75,15917.15,15913.7,15916.7,15914.6,15914.9,15916.9,15917.4,15913.5,15913.9,15916.5,15916.9,0.4,445.2400051
2026-05-22T17:20:00+00:00,15916.95,15918.2,15915.6,15915.7,15916.8,15917.1,15918,15918.4,15915.4,15915.8,15915.6,15915.8,0.2,937.5800152
2026-05-22T17:25:00+00:00,15915.6,15916.55,15909.1,15909.9,15915.4,15915.8,15916.3,15916.8,15908.9,15909.3,15909.7,15910.1,0.4,2360.810034
2026-05-22T17:30:00+00:00,15909.8,15912.9,15906.4,15912.75,15909.5,15910.1,15912.6,15913.2,15906.2,15906.6,15912.5,15913,0.5,2008.290042
2026-05-22T17:35:00+00:00,15912.7,15912.95,15909.15,15910.3,15912.5,15912.9,15912.7,15913.2,15909,15909.3,15910,15910.6,0.6,1102.260026
2026-05-22T17:40:00+00:00,15910.35,15911.85,15908.8,15910.85,15910.2,15910.5,15911.7,15912,15908.6,15909,15910.6,15911.1,0.5,1018.39002
2026-05-22T17:45:00+00:00,15910.8,15913.3,15910.15,15913.2,15910.5,15911.1,15913.1,15913.5,15909.9,15910.4,15913,15913.4,0.4,551.1900111
2026-05-22T17:50:00+00:00,15913.1,15914.5,15912,15913.8,15912.9,15913.3,15914.2,15914.8,15911.7,15912.3,15913.6,15914,0.4,543.7800103
2026-05-22T17:55:00+00:00,15913.7,15914.25,15911.7,15913.1,15913.5,15913.9,15914,15914.5,15911.5,15911.9,15912.9,15913.3,0.4,444.1000053
2026-05-22T18:00:00+00:00,15913.15,15916.9,15911.7,15912.35,15912.9,15913.4,15916.6,15917.2,15911.5,15911.9,15912.1,15912.6,0.5,743.1500129
2026-05-22T18:05:00+00:00,15912.45,15914.6,15911.3,15913.75,15912.2,15912.7,15914.4,15914.8,15911.1,15911.5,15913.5,15914,0.5,769.5200152
2026-05-22T18:10:00+00:00,15913.9,15915.8,15913.9,15914.95,15913.7,15914.1,15915.6,15916,15913.7,15914.1,15914.7,15915.2,0.5,370.0700059
2026-05-22T18:15:00+00:00,15915.05,15915.45,15914.05,15915.3,15914.8,15915.3,15915.2,15915.7,15913.8,15914.3,15915.1,15915.5,0.4,352.9800036
2026-05-22T18:20:00+00:00,15915.4,15915.55,15913.25,15913.95,15915.2,15915.6,15915.4,15915.7,15913,15913.5,15913.7,15914.2,0.5,474.1900049
2026-05-22T18:25:00+00:00,15914,15915.55,15913.15,15915.45,15913.8,15914.2,15915.4,15915.7,15913,15913.3,15915.3,15915.6,0.3,809.7600112
2026-05-22T18:30:00+00:00,15915.35,15916.45,15915.2,15915.35,15915,15915.7,15916.2,15916.7,15914.9,15915.5,15915.1,15915.6,0.5,303.8300052
2026-05-22T18:35:00+00:00,15915.5,15915.75,15910.25,15914,15915.3,15915.7,15915.6,15915.9,15909.9,15910.6,15913.7,15914.3,0.6,558.6200063
2026-05-22T18:40:00+00:00,15914.1,15914.35,15912.75,15913.8,15913.8,15914.4,15914.1,15914.6,15912.5,15913,15913.6,15914,0.4,586.7100085
2026-05-22T18:45:00+00:00,15913.45,15915.05,15912.85,15913.85,15913.3,15913.6,15914.8,15915.3,15912.6,15913.1,15913.6,15914.1,0.5,336.6000061
2026-05-22T18:50:00+00:00,15913.75,15913.9,15912.55,15913.05,15913.5,15914,15913.7,15914.1,15912.3,15912.8,15912.9,15913.2,0.3,259.3500051
2026-05-22T18:55:00+00:00,15912.9,15913.9,15912.7,15913.5,15912.7,15913.1,15913.6,15914.2,15912.5,15912.9,15913.2,15913.8,0.6,515.5100098
2026-05-22T19:00:00+00:00,15913.55,15915.05,15910.25,15914.15,15913.3,15913.8,15914.9,15915.2,15909.9,15910.6,15913.9,15914.4,0.5,1476.43003
2026-05-22T19:05:00+00:00,15914.25,15914.6,15913.1,15913.75,15913.9,15914.6,15914.4,15914.8,15912.9,15913.3,15913.6,15913.9,0.3,424.9300057
2026-05-22T19:10:00+00:00,15913.8,15914.9,15913.45,15914.35,15913.6,15914,15914.7,15915.1,15913.2,15913.7,15914,15914.7,0.7,193.5100014
2026-05-22T19:15:00+00:00,15914.4,15914.45,15912.85,15912.95,15914.2,15914.6,15914.2,15914.7,15912.6,15913.1,15912.8,15913.1,0.3,220.5000048
2026-05-22T19:20:00+00:00,15912.9,15914.05,15912.85,15912.95,15912.8,15913,15913.9,15914.2,15912.7,15913,15912.8,15913.1,0.3,237.9000053
2026-05-22T19:25:00+00:00,15913.1,15914.75,15912.9,15914.3,15912.9,15913.3,15914.5,15915,15912.7,15913.1,15914.1,15914.5,0.4,223.8700033
2026-05-22T19:30:00+00:00,15914.15,15915.45,15914.15,15914.6,15913.9,15914.4,15915.2,15915.7,15913.9,15914.4,15914.4,15914.8,0.4,323.3300049
2026-05-22T19:35:00+00:00,15914.55,15915.3,15914.15,15915.2,15914.4,15914.7,15915.1,15915.5,15913.9,15914.4,15915,15915.4,0.4,192.1400036
2026-05-22T19:40:00+00:00,15915.15,15915.7,15914.45,15915.3,15915,15915.3,15915.5,15915.9,15914.2,15914.7,15915,15915.6,0.6,135.4500034
2026-05-22T19:45:00+00:00,15915.35,15916.35,15915.2,15915.4,15915.2,15915.5,15916.1,15916.6,15914.9,15915.5,15915.2,15915.6,0.4,332.4300057
2026-05-22T19:50:00+00:00,15915.45,15916.05,15915.05,15915.1,15915.2,15915.7,15915.9,15916.2,15914.9,15915.2,15914.9,15915.3,0.4,198.5400053
2026-05-22T19:55:00+00:00,15915.25,15917.15,15914.3,15916.75,15915,15915.5,15916.9,15917.4,15914,15914.6,15916.5,15917,0.5,730.3400177
2026-05-22T20:00:00+00:00,15916.9,15917.35,15915.65,15916.35,15916.8,15917,15917.2,15917.5,15915.4,15915.9,15916,15916.7,0.7,389.3800092
2026-05-22T20:05:00+00:00,15916.5,15916.85,15916.5,15916.65,15916.3,15916.7,15916.6,15917.1,15916.3,15916.7,15916.4,15916.9,0.5,152.4000039
2026-05-22T20:10:00+00:00,15916.8,15916.9,15915.2,15916.55,15916.6,15917,15916.7,15917.1,15914.9,15915.5,15916.3,15916.8,0.5,76.65000069
2026-05-22T20:15:00+00:00,15916.65,15917,15916.4,15916.65,15916.5,15916.8,15916.8,15917.2,15916.1,15916.7,15916.4,15916.9,0.5,62.85000157
2026-05-22T20:20:00+00:00,15916.7,15916.7,15916.7,15916.7,15916.4,15917,15916.4,15917,15916.4,15917,15916.4,15917,0.6,3
2026-05-22T20:25:00+00:00,15916.85,15918.1,15914.25,15916.65,15916.7,15917,15917.9,15918.3,15914.1,15914.4,15916.3,15917,0.7,342.6000051
2026-05-22T20:30:00+00:00,15916.9,15918.1,15916.15,15916.25,15916.7,15917.1,15917.9,15918.3,15915.9,15916.4,15915.9,15916.6,0.7,417.8100091
2026-05-22T20:35:00+00:00,15916.6,15916.7,15915.35,15915.75,15916.4,15916.8,15916.4,15917,15915.1,15915.6,15915.2,15916.3,1.1,502.2000116
2026-05-22T20:40:00+00:00,15916,15918.2,15915.95,15918,15915.7,15916.3,15917.9,15918.5,15915.6,15916.3,15917.8,15918.2,0.4,550.2000141
2026-05-22T20:45:00+00:00,15918.1,15919.9,15917.65,15918.8,15917.9,15918.3,15919.4,15920.4,15917.1,15918.2,15918.2,15919.4,1.2,737.8500121
2026-05-22T20:50:00+00:00,15918.85,15919.9,15918.3,15919.1,15918.2,15919.5,15919.2,15920.6,15917.6,15919,15918.1,15920.1,2,498.9000038
2026-05-22T20:55:00+00:00,15919.3,15921.7,15917.6,15919.25,15918.4,15920.2,15920.4,15923,15915.5,15919.7,15915.5,15923,7.5,952.8300093
2026-05-24T21:00:00+00:00,15883.2,15883.4,15881.95,15882.95,15878.6,15887.8,15878.9,15887.9,15876.9,15887,15878.9,15887,8.1,21.8999995
2026-05-24T21:05:00+00:00,15883.15,15883.3,15882.15,15882.2,15878.7,15887.6,15878.9,15887.7,15878,15886.3,15878.1,15886.3,8.2,55.78999919
2026-05-24T21:10:00+00:00,15882.6,15889.35,15881.75,15884,15878.5,15886.7,15885.8,15892.9,15877.2,15886.3,15877.9,15890.1,12.2,193.1
2026-05-24T21:15:00+00:00,15883.95,15888.8,15881.65,15883.1,15877.8,15890.1,15885.3,15892.3,15877.4,15885.9,15879.1,15887.1,8,165.3200011
2026-05-24T21:20:00+00:00,15883.45,15886.5,15882.2,15885.05,15878.9,15888,15879.4,15893.6,15877.9,15886.5,15877.9,15892.2,14.3,49.95000082
2026-05-24T21:25:00+00:00,15885.75,15886.2,15882.7,15885.15,15878.1,15893.4,15879,15893.4,15878.1,15887.3,15878.5,15891.8,13.3,77.83000076
2026-05-24T21:30:00+00:00,15884.95,15890.6,15883.35,15887,15878.1,15891.8,15888.4,15892.8,15878.1,15888.6,15882.1,15891.9,9.8,183.870002
2026-05-24T21:35:00+00:00,15885.5,15891.85,15880.85,15891.75,15881.7,15889.3,15889.6,15894.1,15877.3,15884.4,15889.6,15893.9,4.3,117.6400021
2026-05-24T21:40:00+00:00,15891.75,15891.75,15884.05,15884.7,15889.7,15893.8,15889.7,15893.8,15881.3,15886.8,15882.6,15886.8,4.2,126.8600011
2026-05-24T21:45:00+00:00,15884.35,15887.3,15884.05,15886.4,15881.9,15886.8,15881.9,15892.7,15881.3,15886.8,15881.4,15891.4,10,28.95000082
2026-05-24T21:50:00+00:00,15886.35,15886.7,15882.85,15884.35,15881.3,15891.4,15881.6,15891.8,15881.3,15884.4,15881.6,15887.1,5.5,54.03000146
2026-05-24T21:55:00+00:00,15886.55,15889.8,15884.3,15889.8,15881.6,15891.5,15886.9,15892.7,15881.6,15887,15886.9,15892.7,5.8,46.16000003
2026-05-24T22:00:00+00:00,15889.15,15898.05,15885.6,15887.55,15886.9,15891.4,15896.1,15900,15885,15886.2,15887,15888.1,1.1,1276.369985
2026-05-24T22:05:00+00:00,15886.9,15887.2,15882.7,15884.25,15886.5,15887.3,15886.7,15887.7,15882.3,15883.1,15883.9,15884.6,0.7,985.5700196
2026-05-24T22:10:00+00:00,15884.95,15889.3,15884.85,15888.1,15884.9,15885,15888.9,15889.7,15884.7,15885,15887.7,15888.5,0.8,578.1900175
2026-05-24T22:15:00+00:00,15888,15892.05,15886.2,15891.65,15887.5,15888.5,15891.7,15892.4,15885.9,15886.5,15891.3,15892,0.7,803.0000234
2026-05-24T22:20:00+00:00,15891.55,15891.9,15887.6,15890.25,15891.1,15892,15891.5,15892.3,15887.2,15888,15889.9,15890.6,0.7,478.040011
2026-05-24T22:25:00+00:00,15890.35,15890.35,15884.3,15886.45,15890,15890.7,15890,15890.7,15884,15884.6,15886.2,15886.7,0.5,506.0100142
2026-05-24T22:30:00+00:00,15886.4,15886.45,15882.6,15884.85,15886,15886.8,15886.1,15886.8,15882.2,15883,15884.4,15885.3,0.9,693.7600139
2026-05-24T22:35:00+00:00,15884.8,15885.8,15883,15884.45,15884.4,15885.2,15885.4,15886.2,15882.6,15883.4,15884.1,15884.8,0.7,569.8900156
2026-05-24T22:40:00+00:00,15884.75,15886.8,15884.35,15885.7,15884.6,15884.9,15886.5,15887.1,15884,15884.7,15885.3,15886.1,0.8,873.7500192
2026-05-24T22:45:00+00:00,15885.6,15886.85,15884.45,15885.7,15885.3,15885.9,15886.5,15887.2,15884.1,15884.8,15885.3,15886.1,0.8,436.3500109
2026-05-24T22:50:00+00:00,15885.8,15887.8,15885,15886.8,15885.4,15886.2,15887.4,15888.2,15884.7,15885.3,15886.4,15887.2,0.8,357.6000097
2026-05-24T22:55:00+00:00,15886.75,15888.25,15886.75,15888.2,15886.4,15887.1,15887.9,15888.6,15886.4,15887.1,15887.8,15888.6,0.8,258.0000056
2026-05-24T23:00:00+00:00,15888.1,15888.35,15885.45,15885.75,15887.7,15888.5,15887.8,15888.9,15885.1,15885.8,15885.2,15886.3,1.1,844.4900166
2026-05-24T23:05:00+00:00,15885.8,15887.15,15884.25,15885.45,15885.3,15886.3,15886.8,15887.5,15883.9,15884.6,15885,15885.9,0.9,702.530013
2026-05-24T23:10:00+00:00,15885.55,15887.8,15884.45,15887.05,15885.1,15886,15887.4,15888.2,15884,15884.9,15886.8,15887.3,0.5,401.7000052
2026-05-24T23:15:00+00:00,15886.8,15888.9,15886.35,15887.8,15886.6,15887,15888.6,15889.2,15886.1,15886.6,15887.4,15888.2,0.8,456.5300049
2026-05-24T23:20:00+00:00,15887.85,15888.05,15886.6,15886.75,15887.5,15888.2,15887.8,15888.3,15886.3,15886.9,15886.5,15887,0.5,165.2200028
2026-05-24T23:25:00+00:00,15887.65,15887.9,15886.7,15887.9,15887.6,15887.7,15887.7,15888.1,15886.4,15887,15887.7,15888.1,0.4,126.6000032
2026-05-24T23:30:00+00:00,15888.1,15888.8,15887.75,15888.45,15887.9,15888.3,15888.7,15888.9,15887.5,15888,15888.2,15888.7,0.5,155.5500031
2026-05-24T23:35:00+00:00,15888.55,15889.65,15888.2,15888.2,15888.3,15888.8,15889.4,15889.9,15887.9,15888.5,15887.9,15888.5,0.6,112.8000014
2026-05-24T23:40:00+00:00,15888.25,15891.4,15887.95,15890.85,15888,15888.5,15891.1,15891.7,15887.7,15888.2,15890.6,15891.1,0.5,243.1000048
2026-05-24T23:45:00+00:00,15891.1,15892.8,15890.95,15891.85,15890.9,15891.3,15892.6,15893,15890.7,15891.2,15891.6,15892.1,0.5,248.4000046
2026-05-24T23:50:00+00:00,15891.95,15894.3,15891.85,15894.2,15891.6,15892.3,15894,15894.6,15891.5,15892.2,15893.8,15894.6,0.8,321.0800042
2026-05-24T23:55:00+00:00,15894.1,15896.3,15893.8,15895.65,15893.8,15894.4,15896.1,15896.5,15893.5,15894.1,15895.4,15895.9,0.5,283.8000046
2026-05-25T00:00:00+00:00,15895.7,15896.35,15892.45,15895.45,15895.4,15896,15896.1,15896.6,15892.3,15892.6,15895.2,15895.7,0.5,484.1200081
2026-05-25T00:05:00+00:00,15895.55,15895.55,15891.5,15892.25,15895.3,15895.8,15895.3,15895.8,15891.3,15891.7,15892,15892.5,0.5,409.2600074
2026-05-25T00:10:00+00:00,15892.3,15892.55,15890.35,15891.5,15892,15892.6,15892.5,15892.6,15890.2,15890.5,15891.3,15891.7,0.4,333.3500044
2026-05-25T00:15:00+00:00,15891.65,15891.9,15889.1,15889.2,15891.3,15892,15891.5,15892.3,15888.8,15889.4,15889,15889.4,0.4,758.4400145
2026-05-25T00:20:00+00:00,15889.15,15890.45,15888.85,15889.5,15889,15889.3,15890.3,15890.6,15888.6,15889.1,15889.3,15889.7,0.4,358.5000088
2026-05-25T00:25:00+00:00,15889.6,15891.45,15889.1,15889.65,15889.4,15889.8,15891.2,15891.7,15888.9,15889.3,15889.4,15889.9,0.5,306.6000068
2026-05-25T00:30:00+00:00,15889.55,15891.4,15889.2,15890.5,15889.3,15889.8,15891.3,15891.5,15889,15889.4,15890.3,15890.7,0.4,218.040006
2026-05-25T00:35:00+00:00,15890.4,15893.6,15890.25,15891.7,15890.2,15890.6,15893.4,15893.8,15890,15890.5,15891.5,15891.9,0.4,297.670006
2026-05-25T00:40:00+00:00,15891.85,15892.5,15890.3,15890.55,15891.7,15892,15892.3,15892.7,15890.1,15890.5,15890.3,15890.8,0.5,250.6400042
2026-05-25T00:45:00+00:00,15890.4,15890.6,15884.6,15886.2,15890.2,15890.6,15890.4,15890.8,15884.5,15884.7,15885.9,15886.5,0.6,540.8800091
2026-05-25T00:50:00+00:00,15886.15,15887.8,15883.3,15887.25,15885.7,15886.6,15887.5,15888.1,15883.1,15883.5,15887,15887.5,0.5,1313.410017
2026-05-25T00:55:00+00:00,15887.2,15892.6,15884.7,15890,15887,15887.4,15892.3,15892.9,15884.5,15884.9,15889.7,15890.3,0.6,1862.480025
2026-05-25T01:00:00+00:00,15889.95,15890.15,15887.2,15887.85,15889.6,15890.3,15889.9,15890.4,15887,15887.4,15887.7,15888,0.3,788.5100133
2026-05-25T01:05:00+00:00,15888.05,15888.65,15885.85,15887.6,15887.8,15888.3,15888.4,15888.9,15885.7,15886,15887.4,15887.8,0.4,400.8700078
2026-05-25T01:10:00+00:00,15887.7,15889,15881.25,15881.5,15887.5,15887.9,15888.9,15889.1,15881,15881.5,15881.2,15881.8,0.6,537.4300097
2026-05-25T01:15:00+00:00,15881.45,15883.85,15879.8,15879.95,15881.1,15881.8,15883.6,15884.1,15879.5,15880.1,15879.6,15880.3,0.7,615.4300109
2026-05-25T01:20:00+00:00,15879.9,15881.85,15878.8,15880.25,15879.6,15880.2,15881.5,15882.2,15878.6,15879,15880,15880.5,0.5,346.4600075
2026-05-25T01:25:00+00:00,15880.2,15880.25,15875.9,15876.85,15879.9,15880.5,15880,15880.5,15875.6,15876.2,15876.6,15877.1,0.5,542.8300084
2026-05-25T01:30:00+00:00,15876.95,15881.15,15876.1,15880.95,15876.8,15877.1,15881,15881.3,15875.8,15876.4,15880.7,15881.2,0.5,597.1400113
2026-05-25T01:35:00+00:00,15881.1,15881.7,15879.05,15879.95,15880.9,15881.3,15881.4,15882,15878.9,15879.2,15879.8,15880.1,0.3,344.7000079
2026-05-25T01:40:00+00:00,15879.9,15883.35,15879,15883.25,15879.7,15880.1,15883.1,15883.6,15878.8,15879.2,15883,15883.5,0.5,262.9500049
2026-05-25T01:45:00+00:00,15882.95,15885.2,15882.4,15884.8,15882.8,15883.1,15885,15885.4,15882,15882.8,15884.6,15885,0.4,482.3900084
2026-05-25T01:50:00+00:00,15884.85,15886.2,15884.8,15886.2,15884.6,15885.1,15886.1,15886.3,15884.6,15885,15886.1,15886.3,0.2,386.1000066
2026-05-25T01:55:00+00:00,15886.15,15888.1,15885.3,15887.75,15885.9,15886.4,15888,15888.2,15885.1,15885.5,15887.5,15888,0.5,541.7800057
2026-05-25T02:00:00+00:00,15887.7,15887.95,15886.35,15887.75,15887.4,15888,15887.7,15888.2,15886.1,15886.6,15887.5,15888,0.5,205.4900053
2026-05-25T02:05:00+00:00,15887.65,15887.65,15883.65,15883.9,15887.5,15887.8,15887.5,15887.8,15883.4,15883.9,15883.7,15884.1,0.4,401.3100091
2026-05-25T02:10:00+00:00,15883.8,15886.2,15883.7,15885.9,15883.6,15884,15886,15886.4,15883.5,15883.9,15885.6,15886.2,0.6,191.6400039
2026-05-25T02:15:00+00:00,15885.95,15887.75,15884.8,15885.85,15885.8,15886.1,15887.5,15888,15884.6,15885,15885.6,15886.1,0.5,314.9300052
2026-05-25T02:20:00+00:00,15886,15887.05,15885.05,15885.15,15885.7,15886.3,15886.8,15887.3,15884.8,15885.3,15884.9,15885.4,0.5,289.4900042
2026-05-25T02:25:00+00:00,15885.25,15886.55,15884.8,15884.95,15885,15885.5,15886.2,15886.9,15884.5,15885.1,15884.7,15885.2,0.5,239.4600049
2026-05-25T02:30:00+00:00,15884.8,15886.2,15884.65,15885.45,15884.5,15885.1,15885.9,15886.5,15884.4,15884.9,15885.2,15885.7,0.5,167.8400036
2026-05-25T02:35:00+00:00,15885.6,15885.6,15883.85,15885.45,15885.3,15885.9,15885.3,15885.9,15883.6,15884.1,15885.2,15885.7,0.5,142.7800019
2026-05-25T02:40:00+00:00,15885.3,15885.85,15884.75,15884.85,15885,15885.6,15885.6,15886.1,15884.4,15885.1,15884.6,15885.1,0.5,89.85000217
2026-05-25T02:45:00+00:00,15884.75,15885.15,15883.75,15884.75,15884.5,15885,15884.9,15885.4,15883.5,15884,15884.5,15885,0.5,172.5700023
2026-05-25T02:50:00+00:00,15884.8,15884.9,15884.6,15884.8,15884.6,15885,15884.7,15885.1,15884.4,15884.8,15884.5,15885.1,0.6,43.20000076
2026-05-25T02:55:00+00:00,15885,15886.2,15884.9,15885.1,15884.9,15885.1,15885.9,15886.5,15884.7,15885.1,15884.8,15885.4,0.6,329.7000043
2026-05-25T03:00:00+00:00,15885.15,15886.15,15883.45,15886,15884.9,15885.4,15885.9,15886.4,15883.2,15883.7,15885.7,15886.3,0.6,496.1600037
2026-05-25T03:05:00+00:00,15885.85,15887.45,15885.45,15886.65,15885.5,15886.2,15887.1,15887.8,15885.2,15885.7,15886.2,15887.1,0.9,719.6200039
2026-05-25T03:10:00+00:00,15886.7,15887.3,15886.45,15886.9,15886.4,15887,15887,15887.6,15886.1,15886.8,15886.6,15887.2,0.6,277.1800029
2026-05-25T03:15:00+00:00,15886.95,15887.7,15886.35,15887.35,15886.7,15887.2,15887.6,15887.8,15886.1,15886.6,15887.1,15887.6,0.5,244.2400029
2026-05-25T03:20:00+00:00,15887.25,15888.35,15886.45,15887.35,15887,15887.5,15888.1,15888.6,15886.2,15886.7,15887,15887.7,0.7,276.9700056
2026-05-25T03:25:00+00:00,15887.15,15887.45,15885.55,15887.15,15886.9,15887.4,15887.2,15887.7,15885.3,15885.8,15886.9,15887.4,0.5,207.8300024
2026-05-25T03:30:00+00:00,15887.05,15887.3,15886.1,15887.15,15886.8,15887.3,15887,15887.6,15885.8,15886.4,15886.9,15887.4,0.5,150.5900016
2026-05-25T03:35:00+00:00,15887.05,15887.2,15884.95,15886.85,15886.8,15887.3,15887,15887.4,15884.7,15885.2,15886.6,15887.1,0.5,479.6900063
2026-05-25T03:40:00+00:00,15887.1,15887.7,15886.65,15887.45,15886.9,15887.3,15887.5,15887.9,15886.3,15887,15887.1,15887.8,0.7,217.5000024
2026-05-25T03:45:00+00:00,15887.4,15889.2,15887.4,15888.7,15887.1,15887.7,15889,15889.4,15887.1,15887.7,15888.3,15889.1,0.8,273.520004
2026-05-25T03:50:00+00:00,15888.75,15888.95,15887.55,15888.8,15888.4,15889.1,15888.7,15889.2,15887.3,15887.8,15888.5,15889.1,0.6,170.5400023
2026-05-25T03:55:00+00:00,15888.7,15889.15,15888.05,15888.6,15888.5,15888.9,15888.9,15889.4,15887.8,15888.3,15888.4,15888.8,0.4,240.3000045
2026-05-25T04:00:00+00:00,15888.85,15888.85,15887.4,15887.55,15888.6,15889.1,15888.6,15889.1,15887.1,15887.7,15887.3,15887.8,0.5,237.0700041
2026-05-25T04:05:00+00:00,15887.45,15890.2,15887.4,15889.95,15887.2,15887.7,15889.9,15890.5,15887.1,15887.7,15889.7,15890.2,0.5,156.6000035
2026-05-25T04:10:00+00:00,15889.85,15890.05,15888.85,15890.05,15889.6,15890.1,15889.8,15890.3,15888.6,15889.1,15889.8,15890.3,0.5,127.5000019
2026-05-25T04:15:00+00:00,15889.9,15891.2,15889.5,15891.2,15889.6,15890.2,15890.9,15891.5,15889.3,15889.7,15890.9,15891.5,0.6,119.1000023
2026-05-25T04:20:00+00:00,15891.25,15891.5,15890.7,15891.3,15891,15891.5,15891.2,15891.8,15890.4,15891,15891,15891.6,0.6,67.50000119
2026-05-25T04:25:00+00:00,15891.25,15891.5,15891.15,15891.2,15891,15891.5,15891.2,15891.8,15890.9,15891.4,15891,15891.4,0.4,38.40000057
2026-05-25T04:30:00+00:00,15891.1,15891.2,15888.85,15890.25,15890.9,15891.3,15890.9,15891.5,15888.6,15889.1,15889.9,15890.6,0.7,191.8900026
2026-05-25T04:35:00+00:00,15890.1,15890.1,15887.65,15888.8,15889.8,15890.4,15889.8,15890.4,15887.4,15887.9,15888.5,15889.1,0.6,130.6400026
2026-05-25T04:40:00+00:00,15888.9,15889.25,15888.45,15888.7,15888.6,15889.2,15889,15889.5,15888.2,15888.7,15888.5,15888.9,0.4,100.6500027
2026-05-25T04:45:00+00:00,15888.55,15888.55,15886.2,15886.7,15888.4,15888.7,15888.4,15888.7,15886,15886.4,15886.5,15886.9,0.4,89.62000132
2026-05-25T04:50:00+00:00,15886.75,15886.75,15884.75,15886.35,15886.5,15887,15886.5,15887,15884.5,15885,15886,15886.7,0.7,180.3000031
2026-05-25T04:55:00+00:00,15886.3,15886.45,15885.2,15886.2,15886,15886.6,15886.2,15886.7,15884.8,15885.6,15885.9,15886.5,0.6,199.1200033
2026-05-25T05:00:00+00:00,15886.35,15886.75,15885.85,15886.35,15886.1,15886.6,15886.5,15887,15885.7,15886,15886.1,15886.6,0.5,264.9600035
2026-05-25T05:05:00+00:00,15886.45,15886.65,15884.75,15885.05,15886.2,15886.7,15886.3,15887,15884.5,15885,15884.8,15885.3,0.5,219.1300023
2026-05-25T05:10:00+00:00,15885.1,15885.75,15884.6,15885.45,15884.9,15885.3,15885.6,15885.9,15884.3,15884.9,15885.2,15885.7,0.5,281.4700021
2026-05-25T05:15:00+00:00,15885.7,15887,15885.6,15886.25,15885.5,15885.9,15886.7,15887.3,15885.4,15885.8,15886,15886.5,0.5,309.1300037
2026-05-25T05:20:00+00:00,15886.3,15887.6,15886.1,15886.85,15886.1,15886.5,15887.4,15887.8,15885.9,15886.3,15886.6,15887.1,0.5,295.6400046
2026-05-25T05:25:00+00:00,15886.8,15887.4,15886.55,15886.85,15886.5,15887.1,15887.2,15887.6,15886.2,15886.9,15886.6,15887.1,0.5,200.8500035
2026-05-25T05:30:00+00:00,15887,15887.35,15886.25,15886.65,15886.7,15887.3,15887.1,15887.6,15886,15886.5,15886.3,15887,0.7,241.5000052
2026-05-25T05:35:00+00:00,15886.55,15886.6,15886.15,15886.25,15886.2,15886.9,15886.3,15886.9,15885.9,15886.4,15886.1,15886.4,0.3,69.52000165
2026-05-25T05:40:00+00:00,15886.35,15888.95,15886.3,15887.8,15886.2,15886.5,15888.8,15889.1,15886.2,15886.4,15887.5,15888.1,0.6,319.630007
2026-05-25T05:45:00+00:00,15887.75,15888.95,15887.35,15888.75,15887.5,15888,15888.7,15889.2,15887.1,15887.6,15888.5,15889,0.5,247.0500044
2026-05-25T05:50:00+00:00,15888.85,15889.1,15888.7,15888.85,15888.6,15889.1,15888.8,15889.4,15888.4,15889,15888.6,15889.1,0.5,264.9300034
2026-05-25T05:55:00+00:00,15888.9,15893.9,15888.9,15892.65,15888.7,15889.1,15893.6,15894.2,15888.7,15889.1,15892.4,15892.9,0.5,1276.370013
2026-05-25T06:00:00+00:00,15892.75,15893.85,15891.25,15891.6,15892.4,15893.1,15893.6,15894.1,15890.9,15891.6,15891.3,15891.9,0.6,1309.840014
2026-05-25T06:05:00+00:00,15891.75,15892.4,15890.15,15891.65,15891.5,15892,15892.1,15892.7,15889.8,15890.5,15891.4,15891.9,0.5,521.7600045
2026-05-25T06:10:00+00:00,15891.4,15892.45,15890.2,15891.45,15891.1,15891.7,15892.2,15892.7,15890,15890.4,15891.2,15891.7,0.5,483.1500061
2026-05-25T06:15:00+00:00,15891.4,15891.65,15890,15890.75,15891.2,15891.6,15891.4,15891.9,15889.7,15890.3,15890.5,15891,0.5,298.3300046
2026-05-25T06:20:00+00:00,15890.8,15892.15,15890.8,15891.4,15890.6,15891,15892,15892.3,15890.6,15891,15891.2,15891.6,0.4,401.6400032
2026-05-25T06:25:00+00:00,15891.35,15892.4,15890.35,15891.7,15891.1,15891.6,15892.3,15892.5,15890.1,15890.6,15891.4,15892,0.6,365.5400045
2026-05-25T06:30:00+00:00,15891.9,15892.45,15889.95,15889.95,15891.7,15892.1,15892.2,15892.7,15889.7,15890.2,15889.7,15890.2,0.5,600.4700055
2026-05-25T06:35:00+00:00,15889.85,15892.15,15889.2,15891.65,15889.6,15890.1,15891.9,15892.4,15889,15889.4,15891.4,15891.9,0.5,418.4400038
2026-05-25T06:40:00+00:00,15891.8,15892.75,15891.7,15892.65,15891.6,15892,15892.5,15893,15891.4,15892,15892.4,15892.9,0.5,325.2200022
2026-05-25T06:45:00+00:00,15892.65,15892.65,15890.1,15891.45,15892.4,15892.9,15892.4,15892.9,15889.8,15890.4,15891.1,15891.8,0.7,276.1100045
2026-05-25T06:50:00+00:00,15891.4,15892.5,15891.15,15891.45,15891.1,15891.7,15892.2,15892.8,15890.9,15891.4,15891.2,15891.7,0.5,435.2300071
2026-05-25T06:55:00+00:00,15891.4,15892.4,15890.2,15890.7,15891.1,15891.7,15892.1,15892.7,15889.9,15890.5,15890.4,15891,0.6,722.4200119
2026-05-25T07:00:00+00:00,15890.55,15893.2,15890.25,15893.2,15890.2,15890.9,15892.9,15893.5,15890,15890.5,15892.9,15893.5,0.6,801.7800066
2026-05-25T07:05:00+00:00,15893.55,15896.4,15893.55,15896.3,15893.4,15893.7,15896.2,15896.6,15893.4,15893.7,15896,15896.6,0.6,485.6700084
2026-05-25T07:10:00+00:00,15896.35,15899.15,15896.3,15898.95,15896.1,15896.6,15898.9,15899.4,15896,15896.6,15898.7,15899.2,0.5,592.6700066
2026-05-25T07:15:00+00:00,15899.3,15903.85,15897.4,15902.2,15899.1,15899.5,15903.6,15904.1,15897.1,15897.7,15901.9,15902.5,0.6,1512.560019
2026-05-25T07:20:00+00:00,15902.45,15904.2,15902.4,15902.55,15902.2,15902.7,15903.9,15904.5,15902.1,15902.7,15902.3,15902.8,0.5,952.5200126
2026-05-25T07:25:00+00:00,15902.65,15903.7,15901.6,15902.7,15902.4,15902.9,15903.4,15904,15901.3,15901.9,15902.4,15903,0.6,778.7400134
2026-05-25T07:30:00+00:00,15902.65,15902.75,15896.65,15900.65,15902.4,15902.9,15902.5,15903,15896.6,15896.7,15900.4,15900.9,0.5,1013.610016
2026-05-25T07:35:00+00:00,15900.25,15901.15,15899.55,15899.7,15900,15900.5,15900.9,15901.4,15899.3,15899.8,15899.4,15900,0.6,554.8300098
2026-05-25T07:40:00+00:00,15899.75,15899.9,15896.75,15897.4,15899.5,15900,15899.6,15900.2,15896.4,15897.1,15897.1,15897.7,0.6,429.2800077
2026-05-25T07:45:00+00:00,15897.35,15899.1,15897.3,15898.15,15897,15897.7,15898.8,15899.4,15897,15897.6,15897.9,15898.4,0.5,475.0300072
2026-05-25T07:50:00+00:00,15898.05,15898.35,15896.4,15897.7,15897.8,15898.3,15898.2,15898.5,15896,15896.8,15897.5,15897.9,0.4,453.2400054
2026-05-25T07:55:00+00:00,15897.65,15899.4,15897.25,15897.4,15897.4,15897.9,15899.1,15899.7,15897,15897.5,15897.1,15897.7,0.6,667.3600136
2026-05-25T08:00:00+00:00,15897.35,15899.25,15896.7,15898.35,15897.1,15897.6,15899,15899.5,15896.4,15897,15898.1,15898.6,0.5,661.830012
2026-05-25T08:05:00+00:00,15898.3,15898.85,15895.1,15895.1,15898,15898.6,15898.5,15899.2,15894.8,15895.4,15894.8,15895.4,0.6,487.0800067
2026-05-25T08:10:00+00:00,15895.05,15895.05,15892.35,15894,15894.8,15895.3,15894.8,15895.3,15892,15892.7,15893.8,15894.2,0.4,672.9600098
2026-05-25T08:15:00+00:00,15894.05,15895.65,15893.8,15895.45,15893.8,15894.3,15895.3,15896,15893.5,15894.1,15895.1,15895.8,0.7,441.3200065
2026-05-25T08:20:00+00:00,15895.3,15895.3,15893.9,15894.3,15895,15895.6,15895,15895.6,15893.6,15894.2,15894,15894.6,0.6,405.8100048
2026-05-25T08:25:00+00:00,15894.3,15894.3,15893.5,15893.75,15894,15894.6,15894,15894.6,15893.2,15893.8,15893.5,15894,0.5,458.0100045
2026-05-25T08:30:00+00:00,15893.7,15894.05,15892.5,15892.65,15893.4,15894,15893.8,15894.3,15892.2,15892.8,15892.4,15892.9,0.5,266.3200053
2026-05-25T08:35:00+00:00,15892.6,15894.85,15891.3,15894.35,15892.3,15892.9,15894.6,15895.1,15891,15891.6,15894.1,15894.6,0.5,879.1100143
2026-05-25T08:40:00+00:00,15894.3,15895.3,15893.8,15893.9,15893.9,15894.7,15895.1,15895.5,15893.5,15894.1,15893.6,15894.2,0.6,367.1800078
2026-05-25T08:45:00+00:00,15893.85,15893.85,15891.85,15891.9,15893.5,15894.2,15893.5,15894.2,15891.6,15892.1,15891.6,15892.2,0.6,616.6900051
2026-05-25T08:50:00+00:00,15891.95,15895.3,15891.5,15893.8,15891.7,15892.2,15895.1,15895.5,15891.3,15891.7,15893.5,15894.1,0.6,503.8900079
2026-05-25T08:55:00+00:00,15893.7,15894.05,15890.1,15891.95,15893.4,15894,15893.8,15894.3,15889.8,15890.4,15891.8,15892.1,0.3,1161.480016
2026-05-25T09:00:00+00:00,15891.7,15891.85,15889.7,15891.15,15891.4,15892,15891.5,15892.2,15889.6,15889.8,15890.8,15891.5,0.7,778.4000101
2026-05-25T09:05:00+00:00,15891.1,15891.7,15890.15,15891.25,15890.8,15891.4,15891.4,15892,15889.8,15890.5,15890.9,15891.6,0.7,757.4400052
2026-05-25T09:10:00+00:00,15891.35,15894.05,15890.8,15894,15891.1,15891.6,15893.7,15894.4,15890.5,15891.1,15893.7,15894.3,0.6,524.9500055
2026-05-25T09:15:00+00:00,15893.95,15894.15,15892.65,15893.05,15893.7,15894.2,15893.8,15894.5,15892.4,15892.9,15892.7,15893.4,0.7,231.9700049
2026-05-25T09:20:00+00:00,15893.1,15894.4,15893,15894.25,15892.8,15893.4,15894.1,15894.7,15892.7,15893.3,15893.9,15894.6,0.7,330.4100059
2026-05-25T09:25:00+00:00,15894.2,15894.3,15892.3,15893.35,15893.9,15894.5,15893.9,15894.7,15892,15892.6,15893.1,15893.6,0.5,290.3400047
2026-05-25T09:30:00+00:00,15893.3,15893.3,15891.65,15892.4,15893,15893.6,15893,15893.6,15891.4,15891.9,15892.1,15892.7,0.6,313.5700026
2026-05-25T09:35:00+00:00,15892.35,15893.55,15892.35,15892.6,15892.1,15892.6,15893.3,15893.8,15892.1,15892.6,15892.3,15892.9,0.6,317.7600037
2026-05-25T09:40:00+00:00,15892.35,15892.8,15891.65,15892.3,15892.2,15892.5,15892.6,15893,15891.3,15892,15891.9,15892.7,0.8,203.6700028
2026-05-25T09:45:00+00:00,15892.35,15892.9,15891.7,15892.7,15892,15892.7,15892.6,15893.2,15891.5,15891.9,15892.4,15893,0.6,275.3900034
2026-05-25T09:50:00+00:00,15892.6,15893.05,15892.6,15892.85,15892.3,15892.9,15892.8,15893.3,15892.3,15892.9,15892.6,15893.1,0.5,229.3500044
2026-05-25T09:55:00+00:00,15892.8,15893.9,15892.6,15892.75,15892.5,15893.1,15893.6,15894.2,15892.3,15892.9,15892.5,15893,0.5,334.1100034
2026-05-25T10:00:00+00:00,15892.7,15892.9,15892.2,15892.4,15892.4,15893,15892.6,15893.2,15891.9,15892.5,15892.1,15892.7,0.6,233.0900038
2026-05-25T10:05:00+00:00,15892.5,15893.8,15892.3,15892.5,15892.3,15892.7,15893.5,15894.1,15892,15892.6,15892.2,15892.8,0.6,351.0300043
2026-05-25T10:10:00+00:00,15892.2,15894.25,15892.05,15893.4,15892.1,15892.3,15893.9,15894.6,15891.8,15892.3,15893.1,15893.7,0.6,318.1700059
2026-05-25T10:15:00+00:00,15893.35,15894.2,15892.75,15893.05,15893.1,15893.6,15893.9,15894.5,15892.4,15893.1,15892.8,15893.3,0.5,193.4200025
2026-05-25T10:20:00+00:00,15893.1,15893.85,15892.9,15893.2,15892.8,15893.4,15893.5,15894.2,15892.6,15893.2,15893,15893.4,0.4,250.1200027
2026-05-25T10:25:00+00:00,15893.25,15893.9,15893.05,15893.7,15893,15893.5,15893.6,15894.2,15892.8,15893.3,15893.4,15894,0.6,347.8900052
2026-05-25T10:30:00+00:00,15893.65,15895.1,15893.1,15894.85,15893.4,15893.9,15894.9,15895.3,15892.8,15893.4,15894.6,15895.1,0.5,308.2500054
2026-05-25T10:35:00+00:00,15894.8,15895.25,15894.15,15894.2,15894.5,15895.1,15895,15895.5,15893.9,15894.4,15893.9,15894.5,0.6,251.6700026
2026-05-25T10:40:00+00:00,15894.25,15894.25,15893.2,15893.3,15894,15894.5,15894,15894.5,15892.9,15893.5,15892.9,15893.7,0.8,304.4800023
2026-05-25T10:45:00+00:00,15893.35,15894.25,15892.85,15893.8,15893.1,15893.6,15894,15894.5,15892.7,15893,15893.5,15894.1,0.6,342.970006
2026-05-25T10:50:00+00:00,15893.85,15895,15893.6,15894.15,15893.5,15894.2,15894.8,15895.2,15893.5,15893.7,15893.9,15894.4,0.5,428.2800076
2026-05-25T10:55:00+00:00,15894.25,15895,15894.15,15894.65,15894,15894.5,15894.7,15895.3,15893.8,15894.5,15894.4,15894.9,0.5,428.9300053
2026-05-25T11:00:00+00:00,15894.7,15895.5,15894.15,15895.25,15894.4,15895,15895.2,15895.8,15893.9,15894.4,15895,15895.5,0.5,344.3800046
2026-05-25T11:05:00+00:00,15895.3,15896.15,15894.5,15894.8,15895,15895.6,15895.8,15896.5,15894.2,15894.8,15894.5,15895.1,0.6,308.0900046
2026-05-25T11:10:00+00:00,15894.7,15894.8,15893.8,15894,15894.4,15895,15894.5,15895.1,15893.5,15894.1,15893.6,15894.4,0.8,185.0100026
2026-05-25T11:15:00+00:00,15894,15894.4,15893.3,15893.4,15893.7,15894.3,15894.2,15894.6,15893,15893.6,15893.1,15893.7,0.6,240.7800037
2026-05-25T11:20:00+00:00,15893.4,15894.1,15893.3,15893.9,15893.1,15893.7,15893.8,15894.4,15893,15893.6,15893.6,15894.2,0.6,324.9500033
2026-05-25T11:25:00+00:00,15893.85,15894.3,15893.75,15893.9,15893.5,15894.2,15894,15894.6,15893.5,15894,15893.6,15894.2,0.6,299.0000038
2026-05-25T11:30:00+00:00,15893.9,15893.95,15891.4,15892.95,15893.6,15894.2,15893.7,15894.2,15891.2,15891.6,15892.7,15893.2,0.5,417.3000073
2026-05-25T11:35:00+00:00,15892.95,15893.1,15890.25,15890.65,15892.7,15893.2,15892.8,15893.4,15890,15890.5,15890.4,15890.9,0.5,640.6400108
2026-05-25T11:40:00+00:00,15890.55,15891.15,15890.05,15890.25,15890.3,15890.8,15890.8,15891.5,15889.7,15890.4,15889.9,15890.6,0.7,993.2000105
2026-05-25T11:45:00+00:00,15890.25,15891.5,15889.25,15891.05,15889.9,15890.6,15891.3,15891.7,15889,15889.5,15890.8,15891.3,0.5,632.3700105
2026-05-25T11:50:00+00:00,15890.95,15891.9,15890.25,15890.85,15890.6,15891.3,15891.7,15892.1,15890,15890.5,15890.5,15891.2,0.7,337.7200047
2026-05-25T11:55:00+00:00,15890.8,15894.15,15890.8,15893.65,15890.5,15891.1,15893.9,15894.4,15890.5,15891.1,15893.3,15894,0.7,569.2500082
2026-05-25T12:00:00+00:00,15893.6,15894.1,15891.2,15891.65,15893.3,15893.9,15894,15894.2,15890.9,15891.5,15891.4,15891.9,0.5,556.4700109
2026-05-25T12:05:00+00:00,15891.8,15893.1,15891.6,15892.15,15891.5,15892.1,15892.8,15893.4,15891.3,15891.9,15891.8,15892.5,0.7,723.5800101
2026-05-25T12:10:00+00:00,15892.1,15892.6,15889.95,15890.35,15891.8,15892.4,15892.3,15892.9,15889.7,15890.2,15890.1,15890.6,0.5,607.3700072
2026-05-25T12:15:00+00:00,15890.3,15891.5,15889.75,15891.1,15890,15890.6,15891.2,15891.8,15889.5,15890,15890.8,15891.4,0.6,435.4300059
2026-05-25T12:20:00+00:00,15891.3,15892.55,15889.5,15890.35,15891.1,15891.5,15892.3,15892.8,15889.4,15889.6,15890.1,15890.6,0.5,908.3700116
2026-05-25T12:25:00+00:00,15890.4,15891.6,15890.1,15891.45,15890.1,15890.7,15891.3,15891.9,15889.9,15890.3,15891.2,15891.7,0.5,246.9000038
2026-05-25T12:30:00+00:00,15891.4,15892.35,15889.85,15890.2,15891.1,15891.7,15892.1,15892.6,15889.6,15890.1,15890,15890.4,0.4,581.2100105
2026-05-25T12:35:00+00:00,15890.25,15890.65,15889.8,15890.25,15890,15890.5,15890.5,15890.8,15889.5,15890.1,15890.1,15890.4,0.3,395.1700054
2026-05-25T12:40:00+00:00,15890.25,15890.3,15889.2,15889.6,15890.1,15890.4,15890.2,15890.4,15888.9,15889.5,15889.3,15889.9,0.6,540.6900113
2026-05-25T12:45:00+00:00,15889.5,15890.6,15888,15888.9,15889.3,15889.7,15890.5,15890.7,15887.8,15888.2,15888.7,15889.1,0.4,463.5200086
2026-05-25T12:50:00+00:00,15888.95,15890.15,15888.55,15890,15888.7,15889.2,15889.9,15890.4,15888.4,15888.7,15889.8,15890.2,0.4,598.23001
2026-05-25T12:55:00+00:00,15889.95,15891.05,15889.7,15890.3,15889.7,15890.2,15890.8,15891.3,15889.5,15889.9,15890,15890.6,0.6,297.420007
2026-05-25T13:00:00+00:00,15890.35,15890.9,15889.65,15890.3,15890,15890.7,15890.6,15891.2,15889.3,15890,15890,15890.6,0.6,769.4200031
2026-05-25T13:05:00+00:00,15890.2,15890.35,15889.3,15889.6,15889.9,15890.5,15890.1,15890.6,15889,15889.6,15889.3,15889.9,0.6,558.360003
2026-05-25T13:10:00+00:00,15889.6,15890.2,15888.7,15889.35,15889.2,15890,15889.9,15890.5,15888.5,15888.9,15889.1,15889.6,0.5,994.3900135
2026-05-25T13:15:00+00:00,15889.25,15891.2,15889.05,15890.7,15889,15889.5,15890.9,15891.5,15888.8,15889.3,15890.4,15891,0.6,669.1700069
2026-05-25T13:20:00+00:00,15890.65,15891.5,15890.1,15891.2,15890.4,15890.9,15891.2,15891.8,15889.8,15890.4,15890.9,15891.5,0.6,597.9800062
2026-05-25T13:25:00+00:00,15891.15,15891.75,15890.3,15891.4,15890.8,15891.5,15891.5,15892,15889.9,15890.7,15891.1,15891.7,0.6,678.1800082
2026-05-25T13:30:00+00:00,15891.35,15891.5,15889.95,15890.65,15891.1,15891.6,15891.2,15891.8,15889.7,15890.2,15890.3,15891,0.7,962.6800131
2026-05-25T13:35:00+00:00,15890.7,15891.4,15890.05,15891,15890.4,15891,15891.1,15891.7,15889.8,15890.3,15890.7,15891.3,0.6,649.3300102
2026-05-25T13:40:00+00:00,15891.05,15891.35,15890.2,15891.1,15890.8,15891.3,15891,15891.7,15889.9,15890.5,15890.8,15891.4,0.6,401.2300042
2026-05-25T13:45:00+00:00,15891.2,15892.35,15890.45,15891.85,15890.9,15891.5,15892.1,15892.6,15890.2,15890.7,15891.6,15892.1,0.5,357.9300069
2026-05-25T13:50:00+00:00,15891.8,15892.6,15891.35,15891.7,15891.5,15892.1,15892.2,15893,15891.1,15891.6,15891.4,15892,0.6,503.3400047
2026-05-25T13:55:00+00:00,15891.65,15892.5,15891.05,15891.9,15891.3,15892,15892.2,15892.8,15890.8,15891.3,15891.7,15892.1,0.4,479.9800059
2026-05-25T14:00:00+00:00,15892.25,15892.4,15890.55,15891.35,15892,15892.5,15892.2,15892.6,15890.3,15890.8,15891.1,15891.6,0.5,918.5600111
2026-05-25T14:05:00+00:00,15891.4,15891.9,15891,15891.1,15891,15891.8,15891.6,15892.2,15890.7,15891.3,15890.8,15891.4,0.6,263.4400032
2026-05-25T14:10:00+00:00,15891.15,15891.8,15891.05,15891.55,15890.9,15891.4,15891.6,15892,15890.8,15891.3,15891.3,15891.8,0.5,235.7900028
2026-05-25T14:15:00+00:00,15891.6,15891.65,15891.05,15891.3,15891.3,15891.9,15891.3,15892,15890.8,15891.3,15891,15891.6,0.6,162.740003
2026-05-25T14:20:00+00:00,15891.25,15891.35,15890.2,15890.55,15891,15891.5,15891,15891.7,15889.9,15890.5,15890.2,15890.9,0.7,485.5700076
2026-05-25T14:25:00+00:00,15890.6,15891.25,15890.5,15891.1,15890.3,15890.9,15891,15891.5,15890.2,15890.8,15890.8,15891.4,0.6,631.0400071
2026-05-25T14:30:00+00:00,15890.85,15891.5,15890.7,15891.4,15890.6,15891.1,15891.3,15891.7,15890.4,15891,15891.2,15891.6,0.4,574.2300071
2026-05-25T14:35:00+00:00,15891.45,15891.8,15891.25,15891.25,15891.1,15891.8,15891.6,15892,15890.9,15891.6,15890.9,15891.6,0.7,404.7
2026-05-25T14:40:00+00:00,15891.2,15891.25,15889,15890,15890.9,15891.5,15890.9,15891.6,15888.8,15889.2,15889.7,15890.3,0.6,478.1000006
2026-05-25T14:45:00+00:00,15890.05,15891.25,15889.65,15890.7,15889.8,15890.3,15891,15891.5,15889.4,15889.9,15890.5,15890.9,0.4,880.3400031
2026-05-25T14:50:00+00:00,15890.55,15891.9,15890.2,15891.75,15890.4,15890.7,15891.6,15892.2,15889.9,15890.5,15891.5,15892,0.5,824.7700018
2026-05-25T14:55:00+00:00,15891.65,15892.65,15890.25,15891.95,15891.4,15891.9,15892.5,15892.8,15890,15890.5,15891.7,15892.2,0.5,1218.770014
2026-05-25T15:00:00+00:00,15892.2,15893.85,15892.2,15892.6,15892,15892.4,15893.6,15894.1,15892,15892.4,15892.4,15892.8,0.4,754.5100107
2026-05-25T15:05:00+00:00,15892.75,15895.05,15892.6,15894.8,15892.6,15892.9,15894.8,15895.3,15892.3,15892.9,15894.5,15895.1,0.6,846.6500119
2026-05-25T15:10:00+00:00,15894.85,15894.85,15888.7,15892.6,15894.6,15895.1,15894.6,15895.1,15888.5,15888.9,15892.2,15893,0.8,2008.070032
2026-05-25T15:15:00+00:00,15892.55,15892.8,15890.15,15891.25,15892.3,15892.8,15892.5,15893.1,15889.9,15890.4,15890.9,15891.6,0.7,994.5100158
2026-05-25T15:20:00+00:00,15891.2,15891.75,15890.15,15891.4,15891,15891.4,15891.4,15892.1,15889.9,15890.4,15891.2,15891.6,0.4,543.3500096
2026-05-25T15:25:00+00:00,15891.45,15891.55,15889.4,15890.75,15891.2,15891.7,15891.2,15891.9,15889.1,15889.7,15890.5,15891,0.5,654.0200107
2026-05-25T15:30:00+00:00,15890.8,15891.2,15889.45,15890.15,15890.6,15891,15890.9,15891.5,15889.1,15889.8,15889.9,15890.4,0.5,260.2800047
2026-05-25T15:35:00+00:00,15890.1,15890.4,15889.4,15890.3,15889.8,15890.4,15890.1,15890.7,15889.1,15889.7,15890.1,15890.5,0.4,215.4400047
2026-05-25T15:40:00+00:00,15890.4,15891.5,15890.05,15890.2,15890.2,15890.6,15891.2,15891.8,15889.8,15890.3,15889.9,15890.5,0.6,232.5700052
2026-05-25T15:45:00+00:00,15890.25,15890.7,15889.2,15890.7,15890,15890.5,15890.4,15891,15888.9,15889.5,15890.4,15891,0.6,365.0000067
2026-05-25T15:50:00+00:00,15890.65,15891.3,15888.3,15889.1,15890.3,15891,15890.9,15891.7,15888,15888.6,15888.8,15889.4,0.6,272.0600033
2026-05-25T15:55:00+00:00,15889.15,15890.05,15888.9,15889.95,15888.8,15889.5,15889.7,15890.4,15888.6,15889.2,15889.7,15890.2,0.5,216.640004
2026-05-25T16:00:00+00:00,15889.85,15891.35,15889.45,15890.85,15889.5,15890.2,15891.1,15891.6,15889.2,15889.7,15890.6,15891.1,0.5,229.7800032
2026-05-25T16:05:00+00:00,15890.8,15891.7,15890.1,15890.55,15890.5,15891.1,15891.4,15892,15889.8,15890.4,15890.3,15890.8,0.5,126.6600031
2026-05-25T16:10:00+00:00,15890.65,15891.4,15890.15,15890.4,15890.4,15890.9,15891.1,15891.7,15889.8,15890.5,15890.1,15890.7,0.6,507.4700087
2026-05-25T16:15:00+00:00,15890.3,15891.55,15890.3,15891.5,15890,15890.6,15891.3,15891.8,15890,15890.6,15891.2,15891.8,0.6,285.7200038
2026-05-25T16:20:00+00:00,15891.55,15891.7,15890.65,15891.2,15891.3,15891.8,15891.5,15891.9,15890.3,15891,15890.8,15891.6,0.8,352.0400052
2026-05-25T16:25:00+00:00,15891.3,15892.2,15890.75,15891.6,15890.9,15891.7,15891.9,15892.5,15890.4,15891.1,15891.3,15891.9,0.6,94.6100018
2026-05-25T16:30:00+00:00,15891.65,15892.15,15891.4,15891.6,15891.3,15892,15891.9,15892.4,15891.1,15891.7,15891.3,15891.9,0.6,194.6500032
2026-05-25T16:35:00+00:00,15891.65,15891.8,15890.5,15891.75,15891.4,15891.9,15891.5,15892.1,15890.2,15890.8,15891.5,15892,0.5,204.8000042
2026-05-25T16:40:00+00:00,15891.7,15892.5,15891.1,15891.7,15891.4,15892,15892.2,15892.8,15890.9,15891.3,15891.4,15892,0.6,284.5700042
2026-05-25T16:45:00+00:00,15891.7,15891.7,15890.3,15890.85,15891.4,15892,15891.4,15892,15890,15890.6,15890.5,15891.2,0.7,257.0500027
2026-05-25T16:50:00+00:00,15890.8,15891.5,15889.9,15891.2,15890.5,15891.1,15891.3,15891.7,15889.6,15890.2,15890.8,15891.6,0.8,259.7000042
2026-05-25T16:55:00+00:00,15891,15891.1,15889.35,15889.8,15890.8,15891.2,15890.8,15891.4,15889,15889.7,15889.5,15890.1,0.6,293.8000057
2026-05-25T17:00:00+00:00,15889.75,15889.95,15889.4,15889.75,15889.4,15890.1,15889.6,15890.3,15889.1,15889.7,15889.5,15890,0.5,143.0200019
2026-05-25T17:05:00+00:00,15889.75,15890.3,15889.65,15889.65,15889.4,15890.1,15890,15890.6,15889.4,15889.9,15889.4,15889.9,0.5,208.6800051
2026-05-25T17:10:00+00:00,15889.75,15890.85,15889.1,15890.35,15889.4,15890.1,15890.7,15891,15888.8,15889.4,15890.1,15890.6,0.5,772.0500197
2026-05-25T17:15:00+00:00,15890.25,15890.25,15888.9,15889.2,15889.9,15890.6,15889.9,15890.6,15888.6,15889.2,15888.9,15889.5,0.6,98.99000192
2026-05-25T17:20:00+00:00,15889.35,15890.5,15889.3,15890.4,15889.1,15889.6,15890.2,15890.8,15889,15889.6,15890.1,15890.7,0.6,205.2000049
2026-05-25T17:25:00+00:00,15890.45,15890.45,15889.8,15889.95,15890.1,15890.8,15890.1,15890.8,15889.5,15890.1,15889.7,15890.2,0.5,96.00000119
2026-05-25T17:30:00+00:00,15889.9,15889.9,15889.05,15889.5,15889.5,15890.3,15889.5,15890.3,15888.8,15889.3,15889.2,15889.8,0.6,127.7100012
2026-05-25T17:35:00+00:00,15889.45,15890.45,15888.9,15889.15,15889.2,15889.7,15890.2,15890.7,15888.6,15889.2,15888.9,15889.4,0.5,82.07000101
2026-05-25T17:40:00+00:00,15889.2,15889.25,15889.05,15889.2,15888.9,15889.5,15888.9,15889.6,15888.7,15889.4,15888.9,15889.5,0.6,32.32000017
2026-05-25T17:45:00+00:00,15889.35,15890.4,15889.3,15890.15,15889.1,15889.6,15890.1,15890.7,15889,15889.6,15889.9,15890.4,0.5,81.00000167
2026-05-25T17:50:00+00:00,15890.1,15890.35,15889.2,15889.2,15889.9,15890.3,15890.1,15890.6,15888.9,15889.5,15888.9,15889.5,0.6,40.05000091
2026-05-25T17:55:00+00:00,15889.3,15889.85,15889.2,15889.8,15889,15889.6,15889.6,15890.1,15888.9,15889.5,15889.5,15890.1,0.6,41.10000086
2026-05-25T18:00:00+00:00,15889.75,15889.95,15889.55,15889.7,15889.5,15890,15889.6,15890.3,15889.2,15889.9,15889.4,15890,0.6,72.60000157
2026-05-25T18:05:00+00:00,15889.75,15889.85,15889.3,15889.3,15889.5,15890,15889.6,15890.1,15888.9,15889.7,15888.9,15889.7,0.8,36.49000049
2026-05-25T18:10:00+00:00,15889.35,15889.35,15889.3,15889.35,15889,15889.7,15889,15889.7,15889,15889.6,15889,15889.7,0.7,17.70000052
2026-05-25T18:15:00+00:00,15889.25,15889.5,15889,15889.45,15888.9,15889.6,15889.1,15889.9,15888.7,15889.3,15889,15889.9,0.9,120.0000026
2026-05-25T18:20:00+00:00,15889.45,15890.25,15889.15,15890.1,15889,15889.9,15890,15890.5,15888.8,15889.5,15889.8,15890.4,0.6,136.870001
2026-05-25T18:25:00+00:00,15890.1,15890.35,15889.85,15890.35,15889.8,15890.4,15890,15890.7,15889.5,15890.2,15890,15890.7,0.7,123.2700002
2026-05-25T18:30:00+00:00,15890.35,15890.6,15890.3,15890.5,15889.9,15890.8,15890.2,15891,15889.9,15890.7,15890.2,15890.8,0.6,74.46000111
2026-05-25T18:35:00+00:00,15890.5,15890.55,15890.3,15890.45,15890.2,15890.8,15890.2,15890.9,15890,15890.6,15890.1,15890.8,0.7,75.48000026
2026-05-25T18:40:00+00:00,15890.55,15890.7,15890.5,15890.7,15890.2,15890.9,15890.4,15891,15890.2,15890.8,15890.4,15891,0.6,57.49000037
2026-05-25T18:45:00+00:00,15890.65,15890.8,15890.4,15890.55,15890.3,15891,15890.5,15891.1,15890.1,15890.7,15890.1,15891,0.9,93.27000165
2026-05-25T18:50:00+00:00,15890.55,15890.6,15890.1,15890.55,15890.2,15890.9,15890.2,15891,15889.7,15890.5,15890.1,15891,0.9,32.1700002
2026-05-25T18:55:00+00:00,15890.45,15890.7,15890.45,15890.65,15890,15890.9,15890.3,15891.1,15890,15890.9,15890.3,15891,0.7,19.26000047
2026-05-25T19:00:00+00:00,15890.65,15890.65,15890.15,15890.4,15890.3,15891,15890.3,15891,15889.9,15890.4,15890.1,15890.7,0.6,37.05000079
2026-05-25T19:05:00+00:00,15890.3,15890.4,15889.5,15890.3,15890,15890.6,15890.1,15890.7,15889.2,15889.8,15890,15890.6,0.6,57.75000083
2026-05-25T19:10:00+00:00,15890.5,15890.65,15890.45,15890.45,15890.2,15890.8,15890.3,15891,15890.1,15890.8,15890.1,15890.8,0.7,33.60000038
2026-05-25T19:15:00+00:00,15890.55,15890.75,15890.3,15890.45,15890.2,15890.9,15890.4,15891.1,15890.1,15890.5,15890.1,15890.8,0.7,80.70000136
2026-05-25T19:20:00+00:00,15890.5,15890.7,15889.45,15889.55,15890.2,15890.8,15890.4,15891,15889.1,15889.8,15889.3,15889.8,0.5,125.4400038
2026-05-25T19:25:00+00:00,15889.65,15890.55,15889.35,15890.3,15889.3,15890,15890.2,15890.9,15889,15889.7,15890,15890.6,0.6,146.2200024
2026-05-25T19:30:00+00:00,15890.35,15891,15890.35,15890.8,15890,15890.7,15890.6,15891.4,15890,15890.7,15890.5,15891.1,0.6,120.960003
2026-05-25T19:35:00+00:00,15890.65,15890.75,15889.9,15890.2,15890.3,15891,15890.4,15891.1,15889.6,15890.2,15889.9,15890.5,0.6,59.05000162
2026-05-25T19:40:00+00:00,15890.1,15890.6,15890.05,15890.55,15889.8,15890.4,15890.3,15890.9,15889.7,15890.4,15890.2,15890.9,0.7,55.700001
2026-05-25T19:45:00+00:00,15890.6,15890.95,15890.55,15890.65,15890.3,15890.9,15890.7,15891.2,15890.2,15890.9,15890.3,15891,0.7,45.21000111
2026-05-25T19:50:00+00:00,15890.85,15892.15,15890.85,15891.85,15890.6,15891.1,15891.8,15892.5,15890.6,15891.1,15891.5,15892.2,0.7,74.06000113
2026-05-25T19:55:00+00:00,15892,15892.1,15891.35,15891.5,15891.7,15892.3,15891.8,15892.4,15891,15891.7,15891.2,15891.8,0.6,88.42000151
2026-05-25T20:00:00+00:00,15891.55,15891.6,15891.15,15891.45,15891.2,15891.9,15891.3,15891.9,15890.8,15891.5,15891.1,15891.8,0.7,87.48000157
2026-05-25T20:05:00+00:00,15891.55,15892.6,15891.5,15892.3,15891.2,15891.9,15892.4,15892.8,15891.2,15891.8,15892,15892.6,0.6,67.49000168
2026-05-25T20:10:00+00:00,15892.2,15892.2,15890.9,15891.3,15891.9,15892.5,15891.9,15892.5,15890.6,15891.2,15890.9,15891.7,0.8,121.180003
2026-05-25T20:15:00+00:00,15891.4,15891.6,15891.2,15891.5,15891.1,15891.7,15891.3,15891.9,15890.9,15891.5,15891.2,15891.8,0.6,26.40000105
2026-05-25T20:20:00+00:00,15891.7,15892.2,15891.6,15891.85,15891.4,15892,15891.9,15892.5,15891.3,15891.9,15891.5,15892.2,0.7,70.27000189
2026-05-25T20:25:00+00:00,15891.95,15892.7,15891.85,15892.2,15891.6,15892.3,15892.3,15893.1,15891.5,15892.2,15891.9,15892.5,0.6,168.2500024
2026-05-25T20:30:00+00:00,15892.4,15892.55,15892,15892.5,15892.1,15892.7,15892.2,15892.9,15891.6,15892.4,15892.2,15892.8,0.6,163.930003
2026-05-25T20:35:00+00:00,15892.6,15893.15,15892.25,15892.4,15892.3,15892.9,15892.8,15893.5,15892,15892.5,15892,15892.8,0.8,437.2600082
2026-05-25T20:40:00+00:00,15892.4,15894.25,15892.1,15893.25,15892,15892.8,15893.9,15894.6,15891.7,15892.5,15892.9,15893.6,0.7,239.1100059
2026-05-25T20:45:00+00:00,15893.45,15893.45,15892.65,15892.75,15893,15893.9,15893,15893.9,15892.3,15893,15892.4,15893.1,0.7,146.5000043
2026-05-25T20:50:00+00:00,15892.8,15892.9,15892.1,15892.4,15892.4,15893.2,15892.5,15893.3,15891.7,15892.5,15892.1,15892.7,0.6,151.2000051
2026-05-25T20:55:00+00:00,15892.3,15893.2,15890.4,15890.65,15891.8,15892.8,15892.5,15893.9,15888.7,15892.1,15888.7,15892.6,3.9,129.6699999
2026-05-25T21:00:00+00:00,15890.7,15894.35,15885.55,15890.7,15888.7,15892.7,15888.7,15900,15878.4,15892.7,15884.1,15897.3,13.2,26.28000009
2026-05-25T21:05:00+00:00,15891,15891.9,15888.7,15891,15883.8,15898.2,15884.9,15898.9,15881.3,15896.1,15884.9,15897.1,12.2,40.20000064
2026-05-25T21:10:00+00:00,15890.95,15891.65,15890.6,15891.35,15884.9,15897,15885,15898.3,15884.2,15897,15884.6,15898.1,13.5,54.00000167
2026-05-25T21:15:00+00:00,15890.95,15892.65,15889.3,15891.45,15884.1,15897.8,15887.4,15897.9,15883.8,15894.8,15886.8,15896.1,9.3,63.15000015
2026-05-25T21:20:00+00:00,15891.2,15893.8,15888.45,15890.5,15886.8,15895.6,15889.3,15898.3,15882.7,15894.2,15882.7,15898.3,15.6,46.94999921
2026-05-25T21:25:00+00:00,15891.8,15893.75,15888.9,15890.6,15889.3,15894.3,15889.3,15898.2,15884.1,15893.7,15884.1,15897.1,13,41.80000007
2026-05-25T21:30:00+00:00,15890.95,15893.55,15888.15,15892.05,15884.9,15897,15888.9,15898.2,15882.4,15893.9,15888.9,15895.2,6.3,69.60000002
2026-05-25T21:35:00+00:00,15892.15,15892.75,15890.35,15891.35,15888.9,15895.4,15889.3,15896.2,15886.8,15893.9,15886.8,15895.9,9.1,125.699999
2026-05-25T21:40:00+00:00,15892,15892.25,15887.05,15889.3,15888.9,15895.1,15888.9,15895.6,15884.9,15889.2,15887,15891.6,4.6,993.6000276
2026-05-25T21:45:00+00:00,15889.2,15890.25,15888.2,15889.35,15886.8,15891.6,15888.1,15892.4,15886.6,15889.8,15887.3,15891.4,4.1,218.8600048
2026-05-25T21:50:00+00:00,15889.4,15889.65,15887.95,15889,15887.4,15891.4,15887.8,15891.5,15886.4,15889.5,15887.5,15890.5,3,180.080007
2026-05-25T21:55:00+00:00,15889.1,15890,15888.25,15888.75,15887.6,15890.6,15888.5,15891.5,15886.9,15889.6,15887.4,15890.1,2.7,501.3600175
2026-05-25T22:00:00+00:00,15889.55,15896.4,15888.7,15896.3,15889,15890.1,15895.9,15896.9,15887.3,15890.1,15895.9,15896.7,0.8,284.6699936
2026-05-25T22:05:00+00:00,15895.55,15895.7,15892.5,15892.6,15895.4,15895.7,15895.4,15896,15892.1,15892.9,15892.2,15893,0.8,187.0500056
2026-05-25T22:10:00+00:00,15892.65,15892.75,15890.2,15891.9,15892.2,15893.1,15892.3,15893.2,15889.8,15890.6,15891.7,15892.1,0.4,137.1000034
2026-05-25T22:15:00+00:00,15891.85,15892.05,15890.1,15891.35,15891.7,15892,15891.7,15892.4,15889.7,15890.5,15891,15891.7,0.7,98.68000317
2026-05-25T22:20:00+00:00,15891.25,15891.6,15890.95,15891.3,15891,15891.5,15891.3,15891.9,15890.6,15891.3,15890.9,15891.7,0.8,89.10000229
2026-05-25T22:25:00+00:00,15891.35,15892.6,15891.2,15892.6,15891,15891.7,15892.2,15893,15890.8,15891.6,15892.2,15893,0.8,71.17000103
2026-05-25T22:30:00+00:00,15892.5,15894.55,15892.5,15893.9,15892.1,15892.9,15894.2,15894.9,15892.1,15892.9,15893.4,15894.4,1,164.8000032
2026-05-25T22:35:00+00:00,15893.95,15893.95,15892.45,15892.65,15893.6,15894.3,15893.6,15894.3,15892.1,15892.8,15892.4,15892.9,0.5,95.62000167
2026-05-25T22:40:00+00:00,15892.75,15893.15,15892.3,15892.6,15892.5,15893,15892.8,15893.5,15891.9,15892.7,15892.2,15893,0.8,89.77000105
2026-05-25T22:45:00+00:00,15892.7,15892.7,15892.15,15892.65,15892.3,15893.1,15892.3,15893.1,15891.7,15892.6,15892.3,15893,0.7,80.92000031
2026-05-25T22:50:00+00:00,15892.7,15892.7,15892.45,15892.5,15892.3,15893.1,15892.3,15893.1,15892,15892.9,15892.1,15892.9,0.8,44.70000029
2026-05-25T22:55:00+00:00,15892.55,15892.8,15892.4,15892.8,15892.1,15893,15892.4,15893.2,15892,15892.8,15892.4,15893.2,0.8,42.60000086
2026-05-25T23:00:00+00:00,15892.75,15892.95,15891.35,15892.75,15892.3,15893.2,15892.6,15893.3,15891.1,15891.6,15892.5,15893,0.5,94.65000236
2026-05-25T23:05:00+00:00,15892.65,15892.9,15892.3,15892.6,15892.4,15892.9,15892.4,15893.4,15891.9,15892.7,15892,15893.2,1.2,290.3200018
2026-05-25T23:10:00+00:00,15892.5,15892.8,15892.3,15892.5,15892,15893,15892.4,15893.2,15891.9,15892.7,15892.1,15892.9,0.8,70.20000052
2026-05-25T23:15:00+00:00,15892.2,15892.3,15891.2,15891.55,15891.8,15892.6,15891.8,15892.8,15890.9,15891.5,15891.3,15891.8,0.5,66.15000081
2026-05-25T23:20:00+00:00,15891.65,15895.25,15891.35,15894,15891.4,15891.9,15894.9,15895.6,15891.1,15891.6,15893.6,15894.4,0.8,140.2500011
2026-05-25T23:25:00+00:00,15893.95,15895.15,15892.6,15894.05,15893.7,15894.2,15894.8,15895.5,15892.3,15892.9,15893.7,15894.4,0.7,237.4500037
2026-05-25T23:30:00+00:00,15894.35,15896.5,15894.2,15895.4,15894.1,15894.6,15896.3,15896.7,15894,15894.4,15895.2,15895.6,0.4,195.9000051
2026-05-25T23:35:00+00:00,15895.45,15896.65,15895.35,15896.4,15895.3,15895.6,15896.4,15896.9,15895.1,15895.6,15896.1,15896.7,0.6,381.2100086
2026-05-25T23:40:00+00:00,15896.35,15896.4,15895.15,15895.2,15896.1,15896.6,15896.1,15896.7,15894.9,15895.4,15895,15895.4,0.4,393.2900078
2026-05-25T23:45:00+00:00,15895.15,15895.35,15893.55,15893.9,15894.9,15895.4,15895.1,15895.6,15893.2,15893.9,15893.6,15894.2,0.6,378.8200042
2026-05-25T23:50:00+00:00,15894.05,15895.15,15893.75,15893.8,15893.8,15894.3,15894.9,15895.4,15893.4,15894.1,15893.5,15894.1,0.6,236.770003
2026-05-25T23:55:00+00:00,15893.85,15895.9,15893.85,15895.85,15893.6,15894.1,15895.5,15896.3,15893.6,15894.1,15895.5,15896.2,0.7,147.2800025
2026-05-26T00:00:00+00:00,15895.55,15896.75,15893.55,15893.95,15895.2,15895.9,15896.4,15897.1,15893.4,15893.7,15893.6,15894.3,0.7,633.4200103
2026-05-26T00:05:00+00:00,15894.05,15896.45,15893.8,15895.4,15893.7,15894.4,15896.2,15896.7,15893.6,15894,15895.1,15895.7,0.6,409.8700063
2026-05-26T00:10:00+00:00,15895.3,15896.85,15895,15896.65,15895,15895.6,15896.6,15897.1,15894.8,15895.2,15896.4,15896.9,0.5,295.9400064
2026-05-26T00:15:00+00:00,15896.5,15898,15895.15,15897.8,15896.3,15896.7,15897.8,15898.2,15894.9,15895.4,15897.6,15898,0.4,730.220011
2026-05-26T00:20:00+00:00,15897.85,15899.35,15897.4,15898.15,15897.7,15898,15899.1,15899.6,15897.2,15897.6,15898,15898.3,0.3,791.7300154
2026-05-26T00:25:00+00:00,15898.2,15898.8,15896.7,15897.95,15898,15898.4,15898.6,15899,15896.6,15896.8,15897.8,15898.1,0.3,330.8200076
2026-05-26T00:30:00+00:00,15897.9,15897.9,15894.85,15895.85,15897.8,15898,15897.8,15898,15894.6,15895.1,15895.6,15896.1,0.5,505.4900091
2026-05-26T00:35:00+00:00,15895.95,15896.2,15895.15,15895.35,15895.7,15896.2,15895.9,15896.5,15894.9,15895.4,15895.1,15895.6,0.5,186.3300039
2026-05-26T00:40:00+00:00,15895.45,15896.55,15894.95,15895.4,15895.2,15895.7,15896.3,15896.8,15894.7,15895.2,15895.2,15895.6,0.4,182.7000034
2026-05-26T00:45:00+00:00,15895.3,15896.65,15894.75,15895.65,15895.1,15895.5,15896.4,15896.9,15894.5,15895,15895.3,15896,0.7,214.5700042
2026-05-26T00:50:00+00:00,15895.75,15899.1,15895.75,15898.9,15895.5,15896,15898.9,15899.3,15895.5,15896,15898.7,15899.1,0.4,681.6100128
2026-05-26T00:55:00+00:00,15898.55,15899.2,15896.2,15897.1,15898.4,15898.7,15899,15899.4,15896,15896.4,15896.8,15897.4,0.6,555.4700123
2026-05-26T01:00:00+00:00,15897.3,15900.5,15897.3,15900.2,15897.1,15897.5,15900.3,15900.7,15897.1,15897.5,15900,15900.4,0.4,601.2900116
2026-05-26T01:05:00+00:00,15900.1,15900.2,15898.35,15899.15,15899.9,15900.3,15900,15900.4,15898.1,15898.6,15898.9,15899.4,0.5,282.6800061
2026-05-26T01:10:00+00:00,15899.1,15899.1,15895.85,15896.55,15898.9,15899.3,15898.9,15899.3,15895.7,15896,15896.3,15896.8,0.5,368.3600069
2026-05-26T01:15:00+00:00,15896.45,15897.6,15894.65,15895.95,15896.1,15896.8,15897.4,15897.8,15894.4,15894.9,15895.7,15896.2,0.5,416.6200067
2026-05-26T01:20:00+00:00,15896.1,15897.4,15895.1,15896.15,15895.8,15896.4,15897.2,15897.6,15894.8,15895.4,15895.9,15896.4,0.5,883.6400093
2026-05-26T01:25:00+00:00,15896.25,15897.4,15895.15,15895.35,15896,15896.5,15897.1,15897.7,15894.9,15895.4,15895.1,15895.6,0.5,386.0900056
2026-05-26T01:30:00+00:00,15895.3,15896.15,15895.1,15895.6,15895.1,15895.5,15895.9,15896.4,15894.9,15895.3,15895.4,15895.8,0.4,605.1000065
2026-05-26T01:35:00+00:00,15895.65,15897.35,15895.25,15896.65,15895.4,15895.9,15897.1,15897.6,15895.1,15895.4,15896.4,15896.9,0.5,292.2000066
2026-05-26T01:40:00+00:00,15896.6,15898.1,15896.3,15896.6,15896.3,15896.9,15897.9,15898.3,15896.1,15896.5,15896.4,15896.8,0.4,561.9000099
2026-05-26T01:45:00+00:00,15896.5,15897.35,15895.65,15896.1,15896.3,15896.7,15897.1,15897.6,15895.4,15895.9,15896,15896.2,0.2,592.0500126
2026-05-26T01:50:00+00:00,15896,15896.6,15895.95,15896.1,15895.8,15896.2,15896.4,15896.8,15895.8,15896.1,15895.9,15896.3,0.4,92.12000155
2026-05-26T01:55:00+00:00,15896.15,15897.15,15895.3,15896.9,15896,15896.3,15897,15897.3,15895.1,15895.5,15896.7,15897.1,0.4,330.2300048
2026-05-26T02:00:00+00:00,15897.25,15897.25,15895.75,15896.1,15897.1,15897.4,15897.1,15897.4,15895.6,15895.9,15895.6,15896.6,1,288.0000041
2026-05-26T02:05:00+00:00,15896.2,15896.6,15895.3,15895.4,15895.9,15896.5,15896.4,15896.8,15895.1,15895.5,15895.2,15895.6,0.4,169.6500031
2026-05-26T02:10:00+00:00,15895.65,15896.8,15895.5,15895.6,15895.5,15895.8,15896.6,15897,15895.3,15895.7,15895.4,15895.8,0.4,180.290004
2026-05-26T02:15:00+00:00,15895.9,15896.25,15895.35,15895.55,15895.7,15896.1,15895.9,15896.6,15895,15895.7,15895.2,15895.9,0.7,292.6400045
2026-05-26T02:20:00+00:00,15895.45,15895.7,15894.2,15894.4,15895.2,15895.7,15895.4,15896,15894,15894.4,15894.2,15894.6,0.4,276.8200052
2026-05-26T02:25:00+00:00,15894.5,15895.3,15893.75,15894.9,15894.3,15894.7,15895.1,15895.5,15893.6,15893.9,15894.7,15895.1,0.4,225.7500042
2026-05-26T02:30:00+00:00,15894.8,15894.85,15893.85,15894.1,15894.6,15895,15894.7,15895,15893.7,15894,15893.7,15894.5,0.8,100.2000024
2026-05-26T02:35:00+00:00,15894.2,15896,15894.1,15895.55,15893.8,15894.6,15895.9,15896.1,15893.8,15894.4,15895.4,15895.7,0.3,315.300007
2026-05-26T02:40:00+00:00,15895.35,15897.3,15895.15,15897.3,15895.2,15895.5,15897.1,15897.5,15895,15895.3,15897.1,15897.5,0.4,170.1000047
2026-05-26T02:45:00+00:00,15897.4,15898.6,15896.2,15896.25,15897.2,15897.6,15898.4,15898.8,15896,15896.4,15896.1,15896.4,0.3,497.9000114
2026-05-26T02:50:00+00:00,15896.25,15896.4,15895.2,15895.6,15896.1,15896.4,15896.2,15896.6,15895,15895.4,15895.3,15895.9,0.6,92.40000224
2026-05-26T02:55:00+00:00,15895.3,15895.75,15894.05,15894.65,15895.1,15895.5,15895.6,15895.9,15893.8,15894.3,15894.5,15894.8,0.3,220.0500045
2026-05-26T03:00:00+00:00,15894.3,15894.35,15893.75,15894,15894.2,15894.4,15894.2,15894.5,15893.5,15894,15893.8,15894.2,0.4,151.6500027
2026-05-26T03:05:00+00:00,15893.95,15894,15892.4,15893.15,15893.8,15894.1,15893.8,15894.2,15892.2,15892.6,15892.9,15893.4,0.5,247.6200035
2026-05-26T03:10:00+00:00,15893.25,15893.3,15892.8,15892.85,15893,15893.5,15893,15893.6,15892.6,15893,15892.6,15893.1,0.5,88.95000064
2026-05-26T03:15:00+00:00,15892.95,15893.1,15891.35,15892.4,15892.7,15893.2,15892.8,15893.4,15891.1,15891.6,15892.2,15892.6,0.4,321.300006
2026-05-26T03:20:00+00:00,15892.3,15892.35,15891.4,15891.55,15892,15892.6,15892.1,15892.6,15891.1,15891.7,15891.2,15891.9,0.7,192.8500028
2026-05-26T03:25:00+00:00,15891.6,15893.05,15891.35,15893.05,15891.3,15891.9,15892.8,15893.3,15891,15891.7,15892.8,15893.3,0.5,151.7200021
2026-05-26T03:30:00+00:00,15893.05,15893.15,15891.8,15892.15,15892.7,15893.4,15892.8,15893.5,15891.5,15892.1,15891.8,15892.5,0.7,375.8800032
2026-05-26T03:35:00+00:00,15892.15,15894,15891.95,15893.15,15891.8,15892.5,15893.8,15894.2,15891.7,15892.2,15892.9,15893.4,0.5,478.9200044
2026-05-26T03:40:00+00:00,15893.1,15893.95,15892.9,15893.6,15892.9,15893.3,15893.7,15894.2,15892.6,15893.2,15893.3,15893.9,0.6,513.9700036
2026-05-26T03:45:00+00:00,15893.65,15893.65,15891.75,15892.9,15893.4,15893.9,15893.4,15893.9,15891.6,15891.9,15892.6,15893.2,0.6,295.9600024
2026-05-26T03:50:00+00:00,15892.8,15894.05,15892.75,15893.7,15892.6,15893,15893.8,15894.3,15892.5,15893,15893.5,15893.9,0.4,315.3000016
2026-05-26T03:55:00+00:00,15893.75,15894.25,15893.2,15894.1,15893.5,15894,15894.1,15894.4,15893,15893.4,15893.8,15894.4,0.6,275.410007
2026-05-26T04:00:00+00:00,15894.05,15894.3,15893.6,15894.25,15893.8,15894.3,15894.1,15894.5,15893.4,15893.8,15894,15894.5,0.5,318.0700054
2026-05-26T04:05:00+00:00,15894.35,15894.35,15893.95,15894.25,15894.1,15894.6,15894.1,15894.6,15893.7,15894.2,15894,15894.5,0.5,84.00000119
2026-05-26T04:10:00+00:00,15894.2,15894.25,15893.95,15894.15,15894,15894.4,15894,15894.5,15893.7,15894.2,15894,15894.3,0.3,90.90000224
2026-05-26T04:15:00+00:00,15894.2,15895.35,15894.2,15894.4,15894,15894.4,15895.1,15895.6,15894,15894.4,15894.2,15894.6,0.4,216.4400028
2026-05-26T04:20:00+00:00,15894.45,15895.15,15894.4,15894.45,15894.2,15894.7,15894.9,15895.4,15894.2,15894.6,15894.2,15894.7,0.5,156.0900016
2026-05-26T04:25:00+00:00,15894.85,15895.2,15893.35,15893.8,15894.8,15894.9,15894.9,15895.5,15893.2,15893.5,15893.6,15894,0.4,136.6500012
2026-05-26T04:30:00+00:00,15893.95,15894.5,15893.65,15893.7,15893.8,15894.1,15894.2,15894.8,15893.4,15893.9,15893.4,15894,0.6,286.6500046
2026-05-26T04:35:00+00:00,15893.7,15894.05,15893.65,15893.9,15893.4,15894,15893.7,15894.4,15893.3,15894,15893.6,15894.2,0.6,436.0500056
2026-05-26T04:40:00+00:00,15893.9,15895.15,15893.7,15894.9,15893.6,15894.2,15894.9,15895.4,15893.5,15893.9,15894.5,15895.3,0.8,251.3200032
2026-05-26T04:45:00+00:00,15894.9,15896.45,15894.85,15896.3,15894.6,15895.2,15896.2,15896.7,15894.6,15895.1,15895.9,15896.7,0.8,132.890002
2026-05-26T04:50:00+00:00,15896.25,15896.55,15895.4,15896,15896,15896.5,15896.3,15896.8,15895.2,15895.6,15895.7,15896.3,0.6,415.4800063
2026-05-26T04:55:00+00:00,15895.75,15901.55,15895.7,15900.35,15895.5,15896,15901.3,15901.8,15895.4,15896,15900,15900.7,0.7,773.1200131
2026-05-26T05:00:00+00:00,15900.5,15900.9,15897.45,15898.85,15900.4,15900.6,15900.7,15901.1,15897.3,15897.6,15898.6,15899.1,0.5,703.6900162
2026-05-26T05:05:00+00:00,15898.75,15900.75,15898.25,15899.8,15898.5,15899,15900.5,15901,15898,15898.5,15899.5,15900.1,0.6,371.1900076
2026-05-26T05:10:00+00:00,15900.05,15901.3,15899.8,15901.05,15899.9,15900.2,15901.1,15901.5,15899.6,15900,15900.8,15901.3,0.5,142.0500021
2026-05-26T05:15:00+00:00,15901.05,15901.35,15899.5,15900.8,15900.8,15901.3,15901.1,15901.6,15899.3,15899.7,15900.5,15901.1,0.6,346.7200077
2026-05-26T05:20:00+00:00,15900.6,15901.15,15899.85,15901.05,15900.3,15900.9,15900.8,15901.5,15899.6,15900.1,15900.8,15901.3,0.5,187.360003
2026-05-26T05:25:00+00:00,15900.95,15901.05,15899.95,15900.45,15900.7,15901.2,15900.8,15901.3,15899.7,15900.2,15900.2,15900.7,0.5,121.8000028
2026-05-26T05:30:00+00:00,15900.85,15901.1,15899.35,15900.25,15900.7,15901,15900.9,15901.3,15899.2,15899.5,15900,15900.5,0.5,618.9000126
2026-05-26T05:35:00+00:00,15900.2,15900.3,15899.3,15899.95,15900,15900.4,15900,15900.6,15899.1,15899.5,15899.7,15900.2,0.5,709.3500112
2026-05-26T05:40:00+00:00,15900,15900.45,15899.85,15900.2,15899.8,15900.2,15900.2,15900.7,15899.7,15900,15900,15900.4,0.4,215.5500042
2026-05-26T05:45:00+00:00,15900.2,15901.15,15900,15900.45,15900,15900.4,15900.9,15901.4,15899.7,15900.3,15900.2,15900.7,0.5,303.0700042
2026-05-26T05:50:00+00:00,15900.6,15902.5,15900.4,15902.45,15900.3,15900.9,15902.2,15902.8,15900.2,15900.6,15902.2,15902.7,0.5,375.830005
2026-05-26T05:55:00+00:00,15902.35,15903.45,15902.05,15902.85,15902.1,15902.6,15903.2,15903.7,15901.8,15902.3,15902.6,15903.1,0.5,361.380006
2026-05-26T06:00:00+00:00,15902.8,15904.9,15902.55,15903.75,15902.6,15903,15904.7,15905.1,15902.3,15902.8,15903.5,15904,0.5,708.9500114
2026-05-26T06:05:00+00:00,15903.8,15904.7,15902.9,15903.75,15903.6,15904,15904.4,15905,15902.7,15903.1,15903.5,15904,0.5,471.370007
2026-05-26T06:10:00+00:00,15903.8,15904.1,15902.05,15902.9,15903.5,15904.1,15903.8,15904.4,15901.9,15902.2,15902.6,15903.2,0.6,469.6800044
2026-05-26T06:15:00+00:00,15903,15906.45,15903,15905.85,15902.7,15903.3,15906.2,15906.7,15902.7,15903.3,15905.6,15906.1,0.5,492.5200043
2026-05-26T06:20:00+00:00,15906.2,15906.3,15903.6,15903.9,15906,15906.4,15906.1,15906.5,15903.5,15903.7,15903.7,15904.1,0.4,527.8800052
2026-05-26T06:25:00+00:00,15903.95,15906.7,15902.8,15906.65,15903.7,15904.2,15906.4,15907,15902.6,15903,15906.4,15906.9,0.5,936.2500105
2026-05-26T06:30:00+00:00,15906.7,15908.1,15905.25,15906.7,15906.4,15907,15907.8,15908.4,15905,15905.5,15906.4,15907,0.6,1104.850013
2026-05-26T06:35:00+00:00,15906.65,15908.3,15905.95,15908.1,15906.4,15906.9,15908.1,15908.5,15905.7,15906.2,15907.9,15908.3,0.4,405.3400049
2026-05-26T06:40:00+00:00,15908.05,15911.2,15908.05,15910.05,15907.8,15908.3,15911,15911.4,15907.8,15908.3,15909.7,15910.4,0.7,748.5800107
2026-05-26T06:45:00+00:00,15910.1,15912.05,15907.65,15908,15909.9,15910.3,15911.8,15912.3,15907.4,15907.9,15907.8,15908.2,0.4,838.3900119
2026-05-26T06:50:00+00:00,15908.1,15908.55,15907.5,15907.95,15907.9,15908.3,15908.3,15908.8,15907.2,15907.8,15907.7,15908.2,0.5,472.2800066
2026-05-26T06:55:00+00:00,15908.2,15911.3,15907.7,15909.65,15908,15908.4,15911,15911.6,15907.5,15907.9,15909.5,15909.8,0.3,619.4600103
2026-05-26T07:00:00+00:00,15909.75,15916.4,15909.7,15915.1,15909.5,15910,15916.3,15916.5,15909.4,15910,15914.9,15915.3,0.4,1144.180013
2026-05-26T07:05:00+00:00,15915.15,15918.3,15914.75,15917.85,15915,15915.3,15918.1,15918.5,15914.4,15915.1,15917.6,15918.1,0.5,1137.620015
2026-05-26T07:10:00+00:00,15917.8,15917.8,15914.55,15915.2,15917.5,15918.1,15917.5,15918.1,15914.3,15914.8,15915,15915.4,0.4,864.5000081
2026-05-26T07:15:00+00:00,15915.25,15917.35,15915.05,15916.05,15915,15915.5,15917.2,15917.5,15914.9,15915.2,15915.8,15916.3,0.5,715.8600128
2026-05-26T07:20:00+00:00,15916,15918.75,15916,15918.55,15915.7,15916.3,15918.5,15919,15915.7,15916.3,15918.4,15918.7,0.3,676.2900089
2026-05-26T07:25:00+00:00,15918.5,15919.05,15917.05,15917.15,15918.3,15918.7,15918.9,15919.2,15916.8,15917.3,15916.9,15917.4,0.5,667.4200072
2026-05-26T07:30:00+00:00,15916.95,15919.25,15914.85,15916.7,15916.6,15917.3,15919.2,15919.3,15914.6,15915.1,15916.5,15916.9,0.4,1094.620018
2026-05-26T07:35:00+00:00,15916.85,15917.5,15916.15,15917.3,15916.6,15917.1,15917.3,15917.7,15916,15916.3,15917.2,15917.4,0.2,540.2400117
2026-05-26T07:40:00+00:00,15917.35,15918.5,15916.75,15917.9,15917.2,15917.5,15918.3,15918.7,15916.5,15917,15917.7,15918.1,0.4,295.6500069
2026-05-26T07:45:00+00:00,15917.8,15919.2,15916.55,15916.9,15917.5,15918.1,15919,15919.4,15916.4,15916.7,15916.7,15917.1,0.4,389.6500075
2026-05-26T07:50:00+00:00,15916.95,15920.1,15916.9,15919.4,15916.7,15917.2,15919.9,15920.3,15916.6,15917.2,15919.2,15919.6,0.4,674.6700093
2026-05-26T07:55:00+00:00,15919.1,15920.2,15918.4,15919.9,15919,15919.2,15920,15920.4,15918.2,15918.6,15919.6,15920.2,0.6,475.3600075
2026-05-26T08:00:00+00:00,15919.75,15921.85,15919.55,15921.4,15919.5,15920,15921.7,15922,15919.4,15919.7,15921.2,15921.6,0.4,713.4800124
2026-05-26T08:05:00+00:00,15921.4,15922.55,15920.45,15922.55,15921.2,15921.6,15922.4,15922.7,15920.2,15920.7,15922.4,15922.7,0.3,473.9400066
2026-05-26T08:10:00+00:00,15922.6,15924.05,15921.2,15921.9,15922.4,15922.8,15923.8,15924.3,15921,15921.4,15921.7,15922.1,0.4,1151.570015
2026-05-26T08:15:00+00:00,15922,15922.2,15920.5,15921.7,15921.8,15922.2,15922,15922.4,15920.3,15920.7,15921.5,15921.9,0.4,460.0900069
2026-05-26T08:20:00+00:00,15921.65,15922.6,15921.55,15922.2,15921.5,15921.8,15922.4,15922.8,15921.3,15921.8,15922,15922.4,0.4,381.3200047
2026-05-26T08:25:00+00:00,15922.2,15923.65,15922.2,15922.5,15922,15922.4,15923.4,15923.9,15922,15922.4,15922.2,15922.8,0.6,379.8200057
2026-05-26T08:30:00+00:00,15922.65,15923.5,15922.4,15922.95,15922.4,15922.9,15923.3,15923.7,15922.2,15922.6,15922.7,15923.2,0.5,476.460005
2026-05-26T08:35:00+00:00,15923,15923.45,15922.25,15922.8,15922.8,15923.2,15923.2,15923.7,15922,15922.5,15922.5,15923.1,0.6,393.3900055
2026-05-26T08:40:00+00:00,15922.7,15923.5,15922.6,15922.75,15922.5,15922.9,15923.2,15923.8,15922.3,15922.9,15922.4,15923.1,0.7,439.2100047
2026-05-26T08:45:00+00:00,15922.7,15923,15919.95,15920.8,15922.4,15923,15922.9,15923.1,15919.6,15920.3,15920.6,15921,0.4,328.5900038
2026-05-26T08:50:00+00:00,15921,15921.1,15919.7,15920.6,15920.8,15921.2,15920.9,15921.3,15919.5,15919.9,15920.4,15920.8,0.4,336.2300051
2026-05-26T08:55:00+00:00,15920.45,15921.6,15920.35,15921.3,15920.3,15920.6,15921.3,15921.9,15920.1,15920.6,15921.1,15921.5,0.4,377.730005
2026-05-26T09:00:00+00:00,15921.15,15922.6,15919.8,15920,15920.9,15921.4,15922.4,15922.8,15919.6,15920,15919.8,15920.2,0.4,632.7200077
2026-05-26T09:05:00+00:00,15919.9,15920.85,15919.2,15919.95,15919.8,15920,15920.7,15921,15919,15919.4,15919.7,15920.2,0.5,468.8200047
2026-05-26T09:10:00+00:00,15920.05,15920.2,15918.55,15919.4,15919.8,15920.3,15919.9,15920.5,15918.3,15918.8,15919.1,15919.7,0.6,416.9000031
2026-05-26T09:15:00+00:00,15919.4,15919.55,15916.45,15917.5,15919.1,15919.7,15919.3,15919.8,15916.3,15916.6,15917.3,15917.7,0.4,714.9400078
2026-05-26T09:20:00+00:00,15917.55,15919.15,15917,15918.85,15917.3,15917.8,15918.9,15919.4,15916.7,15917.3,15918.7,15919,0.3,643.6500081
2026-05-26T09:25:00+00:00,15918.95,15919.75,15918.25,15918.25,15918.8,15919.1,15919.6,15919.9,15918,15918.5,15918,15918.5,0.5,319.3100067
2026-05-26T09:30:00+00:00,15918.15,15919.25,15918.1,15918.4,15917.9,15918.4,15919,15919.5,15917.9,15918.3,15918.1,15918.7,0.6,544.7600088
2026-05-26T09:35:00+00:00,15918.5,15919,15917.75,15918.7,15918.2,15918.8,15918.7,15919.3,15917.5,15918,15918.5,15918.9,0.4,394.1200022
2026-05-26T09:40:00+00:00,15918.65,15919.8,15918,15919.7,15918.4,15918.9,15919.6,15920,15917.8,15918.2,15919.4,15920,0.6,186.5200038
2026-05-26T09:45:00+00:00,15919.6,15919.8,15918.3,15918.5,15919.4,15919.8,15919.6,15920,15918.1,15918.5,15918.3,15918.7,0.4,297.4700035
2026-05-26T09:50:00+00:00,15918.55,15919.05,15917.8,15917.85,15918.3,15918.8,15918.8,15919.3,15917.6,15918,15917.6,15918.1,0.5,403.0500064
2026-05-26T09:55:00+00:00,15917.45,15917.45,15915.85,15915.95,15917.3,15917.6,15917.3,15917.6,15915.6,15916.1,15915.7,15916.2,0.5,680.2700053
2026-05-26T10:00:00+00:00,15916,15917.9,15915.8,15917.85,15915.8,15916.2,15917.6,15918.2,15915.6,15916,15917.5,15918.2,0.7,516.4000082
2026-05-26T10:05:00+00:00,15917.8,15918,15916,15916.4,15917.6,15918,15917.7,15918.3,15915.7,15916.3,15916.2,15916.6,0.4,425.9200069
2026-05-26T10:10:00+00:00,15916.45,15916.55,15914.45,15914.95,15916.3,15916.6,15916.3,15916.8,15914.1,15914.8,15914.6,15915.3,0.7,576.1500072
2026-05-26T10:15:00+00:00,15914.9,15915.45,15913.95,15914.5,15914.5,15915.3,15915.1,15915.8,15913.7,15914.2,15914.3,15914.7,0.4,587.7000068
2026-05-26T10:20:00+00:00,15914.45,15915.6,15914.1,15915.5,15914.2,15914.7,15915.4,15915.8,15913.8,15914.4,15915.3,15915.7,0.4,272.5000038
2026-05-26T10:25:00+00:00,15915.3,15915.45,15913.55,15913.65,15915.1,15915.5,15915.2,15915.7,15913.4,15913.7,15913.5,15913.8,0.3,202.4800029
2026-05-26T10:30:00+00:00,15913.6,15913.9,15911.05,15911.6,15913.5,15913.7,15913.7,15914.1,15910.7,15911.4,15911.3,15911.9,0.6,1150.980011
2026-05-26T10:35:00+00:00,15911.5,15913.85,15910.85,15913.75,15911.3,15911.7,15913.6,15914.1,15910.6,15911.1,15913.5,15914,0.5,742.5900049
2026-05-26T10:40:00+00:00,15913.7,15915,15913,15913.7,15913.5,15913.9,15914.7,15915.3,15912.8,15913.2,15913.5,15913.9,0.4,785.0000074
2026-05-26T10:45:00+00:00,15913.8,15915.2,15913.65,15914.8,15913.6,15914,15915,15915.4,15913.5,15913.8,15914.6,15915,0.4,260.7300056
2026-05-26T10:50:00+00:00,15914.6,15915.1,15913.65,15914.2,15914.4,15914.8,15914.8,15915.4,15913.4,15913.9,15914,15914.4,0.4,469.2400067
2026-05-26T10:55:00+00:00,15913.9,15914.7,15913.55,15914.7,15913.8,15914,15914.5,15914.9,15913.4,15913.7,15914.5,15914.9,0.4,433.4200068
2026-05-26T11:00:00+00:00,15914.55,15914.85,15913.75,15914,15914.5,15914.6,15914.6,15915.1,15913.5,15914,15913.8,15914.2,0.4,392.100006
2026-05-26T11:05:00+00:00,15913.9,15914.85,15913.9,15914.8,15913.7,15914.1,15914.7,15915,15913.7,15914.1,15914.6,15915,0.4,317.8500069
2026-05-26T11:10:00+00:00,15914.85,15915.05,15913.95,15914.95,15914.6,15915.1,15914.8,15915.3,15913.7,15914.2,15914.6,15915.3,0.7,186.6400027
2026-05-26T11:15:00+00:00,15914.85,15915.9,15913.85,15914.3,15914.6,15915.1,15915.7,15916.1,15913.6,15914.1,15914.1,15914.5,0.4,374.4000059
2026-05-26T11:20:00+00:00,15914.5,15914.95,15913.8,15914,15914.3,15914.7,15914.8,15915.1,15913.6,15914,15913.8,15914.2,0.4,379.0000046
2026-05-26T11:25:00+00:00,15914.05,15915.1,15913.95,15914.9,15913.8,15914.3,15914.9,15915.3,15913.7,15914.2,15914.7,15915.1,0.4,317.9600034
2026-05-26T11:30:00+00:00,15914.95,15917.1,15914.95,15916.35,15914.7,15915.2,15916.9,15917.3,15914.7,15915.2,15916.1,15916.6,0.5,549.5400062
2026-05-26T11:35:00+00:00,15916.1,15919.15,15916,15919.1,15915.9,15916.3,15919.1,15919.2,15915.7,15916.3,15919,15919.2,0.2,1195.460019
2026-05-26T11:40:00+00:00,15919.05,15920,15918.95,15919.3,15918.8,15919.3,15919.9,15920.1,15918.7,15919.2,15919.1,15919.5,0.4,670.4100089
2026-05-26T11:45:00+00:00,15919.4,15921.4,15919.3,15920.2,15919.2,15919.6,15921.2,15921.6,15919,15919.6,15919.9,15920.5,0.6,605.1400073
2026-05-26T11:50:00+00:00,15920.3,15920.35,15919.3,15919.75,15920,15920.6,15920.1,15920.6,15919.1,15919.5,15919.5,15920,0.5,314.7000055
2026-05-26T11:55:00+00:00,15919.6,15919.9,15918.8,15919.4,15919.4,15919.8,15919.6,15920.2,15918.6,15919,15919.2,15919.6,0.4,524.0800095
2026-05-26T12:00:00+00:00,15919.35,15920.2,15918.75,15919.9,15919.2,15919.5,15920,15920.4,15918.5,15919,15919.6,15920.2,0.6,699.9600108
2026-05-26T12:05:00+00:00,15919.8,15922.55,15919.4,15920.45,15919.6,15920,15922.4,15922.7,15919.2,15919.6,15920.2,15920.7,0.5,939.8400178
2026-05-26T12:10:00+00:00,15920.5,15922.2,15920.15,15921.25,15920.3,15920.7,15922,15922.4,15919.9,15920.4,15921,15921.5,0.5,592.6800088
2026-05-26T12:15:00+00:00,15921.15,15922.1,15920.65,15921.8,15921,15921.3,15921.9,15922.3,15920.4,15920.9,15921.6,15922,0.4,475.3600082
2026-05-26T12:20:00+00:00,15921.6,15922.2,15921.1,15922.1,15921.4,15921.8,15922,15922.4,15920.8,15921.4,15921.9,15922.3,0.4,414.6300066
2026-05-26T12:25:00+00:00,15922.15,15922.15,15921.15,15921.25,15921.9,15922.4,15921.9,15922.4,15920.9,15921.4,15920.9,15921.6,0.7,377.2000047
2026-05-26T12:30:00+00:00,15921.3,15921.75,15919.05,15919.6,15921,15921.6,15921.6,15921.9,15918.9,15919.2,15919.3,15919.9,0.6,277.5000041
2026-05-26T12:35:00+00:00,15919.65,15921.6,15919.6,15921.3,15919.4,15919.9,15921.3,15921.9,15919.3,15919.9,15921,15921.6,0.6,482.0400062
2026-05-26T12:40:00+00:00,15921.35,15921.35,15919.8,15920.85,15921.1,15921.6,15921.1,15921.6,15919.5,15920.1,15920.6,15921.1,0.5,411.1200083
2026-05-26T12:45:00+00:00,15920.9,15921.05,15919.85,15920.85,15920.7,15921.1,15920.8,15921.3,15919.6,15920.1,15920.6,15921.1,0.5,378.7500068
2026-05-26T12:50:00+00:00,15920.8,15921.15,15919.85,15921,15920.6,15921,15920.9,15921.4,15919.6,15920.1,15920.6,15921.4,0.8,473.8700069
2026-05-26T12:55:00+00:00,15920.95,15922.95,15920.5,15922.65,15920.7,15921.2,15922.8,15923.1,15920.4,15920.6,15922.4,15922.9,0.5,427.0700046
2026-05-26T13:00:00+00:00,15923.05,15925.95,15922.8,15925.25,15922.9,15923.2,15925.7,15926.2,15922.6,15923,15925.1,15925.4,0.3,1078.100014
2026-05-26T13:05:00+00:00,15925.3,15926,15923.85,15923.85,15925,15925.6,15925.8,15926.2,15923.6,15924.1,15923.6,15924.1,0.5,473.8000094
2026-05-26T13:10:00+00:00,15923.9,15926.2,15923.75,15925.05,15923.7,15924.1,15926,15926.4,15923.4,15924.1,15924.8,15925.3,0.5,550.2500064
2026-05-26T13:15:00+00:00,15925.15,15925.15,15924.1,15924.95,15924.9,15925.4,15924.9,15925.4,15923.9,15924.3,15924.6,15925.3,0.7,737.960008
2026-05-26T13:20:00+00:00,15925,15925.05,15923,15923.55,15924.8,15925.2,15924.8,15925.3,15922.8,15923.2,15923.3,15923.8,0.5,420.3200063
2026-05-26T13:25:00+00:00,15923.55,15926.05,15923.4,15926.05,15923.3,15923.8,15925.8,15926.3,15923.2,15923.6,15925.8,15926.3,0.5,218.2800028
2026-05-26T13:30:00+00:00,15926.05,15928.55,15925.55,15927.65,15925.8,15926.3,15928.4,15928.7,15925.3,15925.8,15927.4,15927.9,0.5,690.7600102
2026-05-26T13:35:00+00:00,15927.7,15928.2,15926.05,15926.4,15927.5,15927.9,15928.1,15928.3,15925.8,15926.3,15926.2,15926.6,0.4,586.7900069
2026-05-26T13:40:00+00:00,15926.5,15928.15,15926.1,15926.3,15926.2,15926.8,15927.9,15928.4,15925.9,15926.3,15926,15926.6,0.6,930.200011
2026-05-26T13:45:00+00:00,15926.2,15927.1,15924.6,15926.75,15926,15926.4,15927,15927.2,15924.4,15924.8,15926.5,15927,0.5,999.22001
2026-05-26T13:50:00+00:00,15926.65,15930.1,15926.6,15928.6,15926.4,15926.9,15929.9,15930.3,15926.4,15926.8,15928.4,15928.8,0.4,2687.900028
2026-05-26T13:55:00+00:00,15928.65,15928.65,15926.6,15927.85,15928.4,15928.9,15928.4,15928.9,15926.4,15926.8,15927.6,15928.1,0.5,706.3300092
2026-05-26T14:00:00+00:00,15927.8,15929.15,15926.4,15927.45,15927.5,15928.1,15928.9,15929.4,15926.1,15926.7,15927.2,15927.7,0.5,798.6400145
2026-05-26T14:05:00+00:00,15927.45,15928.1,15925.25,15926.8,15927.1,15927.8,15927.8,15928.4,15925,15925.5,15926.6,15927,0.4,1059.730011
2026-05-26T14:10:00+00:00,15926.75,15927.8,15925.85,15927.1,15926.6,15926.9,15927.6,15928,15925.7,15926,15927,15927.2,0.2,1162.620027
2026-05-26T14:15:00+00:00,15927.2,15927.9,15926.25,15927.7,15927,15927.4,15927.7,15928.1,15926.1,15926.4,15927.5,15927.9,0.4,720.2000183
2026-05-26T14:20:00+00:00,15927.8,15927.85,15926.1,15926.65,15927.5,15928.1,15927.6,15928.1,15925.9,15926.3,15926.5,15926.8,0.3,728.310016
2026-05-26T14:25:00+00:00,15926.6,15927.7,15925.85,15926.3,15926.4,15926.8,15927.5,15927.9,15925.7,15926,15926.1,15926.5,0.4,1193.850027
2026-05-26T14:30:00+00:00,15926.25,15926.45,15924.1,15925,15926.1,15926.4,15926.3,15926.6,15923.9,15924.3,15924.7,15925.3,0.6,862.9800183
2026-05-26T14:35:00+00:00,15925,15926.3,15922.85,15926.25,15924.7,15925.3,15926.1,15926.5,15922.6,15923.1,15926.1,15926.4,0.3,1021.610015
2026-05-26T14:40:00+00:00,15926.3,15926.3,15923.75,15925.2,15926.1,15926.5,15926.1,15926.5,15923.6,15923.9,15924.8,15925.6,0.8,594.9900101
2026-05-26T14:45:00+00:00,15925.25,15926.55,15924.3,15926.55,15924.9,15925.6,15926.4,15926.7,15924.1,15924.5,15926.4,15926.7,0.3,556.4200085
2026-05-26T14:50:00+00:00,15926.45,15928.65,15926.35,15928.45,15926.3,15926.6,15928.5,15928.8,15926.1,15926.6,15928.3,15928.6,0.3,574.990012
2026-05-26T14:55:00+00:00,15928.55,15932.6,15927.45,15932.2,15928.4,15928.7,15932.4,15932.8,15927.2,15927.7,15932,15932.4,0.4,1169.48002
2026-05-26T15:00:00+00:00,15932.2,15934.8,15932.2,15933,15932,15932.4,15934.6,15935,15932,15932.4,15932.8,15933.2,0.4,1287.800016
2026-05-26T15:05:00+00:00,15932.95,15933.4,15930.9,15933.3,15932.7,15933.2,15933.2,15933.6,15930.7,15931.1,15933.1,15933.5,0.4,890.7800161
2026-05-26T15:10:00+00:00,15933.35,15933.35,15930.25,15931.15,15933.2,15933.5,15933.2,15933.5,15930,15930.5,15930.9,15931.4,0.5,853.3100123
2026-05-26T15:15:00+00:00,15931.2,15934.8,15931.2,15934.3,15931,15931.4,15934.6,15935,15931,15931.4,15934.2,15934.4,0.2,544.7300116
2026-05-26T15:20:00+00:00,15934.25,15935.25,15934.25,15934.85,15934.1,15934.4,15935.1,15935.4,15934.1,15934.4,15934.6,15935.1,0.5,645.6000079
2026-05-26T15:25:00+00:00,15934.9,15935.2,15933.3,15934.4,15934.6,15935.2,15935,15935.4,15933.2,15933.4,15934.1,15934.7,0.6,992.8100187
2026-05-26T15:30:00+00:00,15934.35,15934.45,15932.85,15933.25,15934.1,15934.6,15934.3,15934.6,15932.6,15933.1,15933.1,15933.4,0.3,972.6900166
2026-05-26T15:35:00+00:00,15933.4,15938.05,15933.1,15936.35,15933.1,15933.7,15937.8,15938.3,15932.9,15933.3,15936.1,15936.6,0.5,1100.250018
2026-05-26T15:40:00+00:00,15936.55,15937.95,15935.6,15936.55,15936.4,15936.7,15937.8,15938.1,15935.4,15935.8,15936.3,15936.8,0.5,879.7000144
2026-05-26T15:45:00+00:00,15936.65,15937.25,15935.3,15935.8,15936.4,15936.9,15937,15937.5,15935.1,15935.5,15935.6,15936,0.4,624.7500075
2026-05-26T15:50:00+00:00,15936,15937.1,15935.5,15935.55,15935.9,15936.1,15936.9,15937.3,15935.2,15935.8,15935.3,15935.8,0.5,493.3800083
2026-05-26T15:55:00+00:00,15935.6,15936.8,15935.4,15936.4,15935.4,15935.8,15936.6,15937,15935.1,15935.7,15936.2,15936.6,0.4,331.2000041
2026-05-26T16:00:00+00:00,15936.35,15936.35,15933.75,15933.9,15936.2,15936.5,15936.2,15936.5,15933.5,15934,15933.6,15934.2,0.6,409.8700076
2026-05-26T16:05:00+00:00,15933.85,15933.85,15931.5,15931.75,15933.6,15934.1,15933.6,15934.1,15931.4,15931.6,15931.4,15932.1,0.7,360.2600051
2026-05-26T16:10:00+00:00,15931.9,15932.65,15930.05,15931.45,15931.7,15932.1,15932.4,15932.9,15929.9,15930.2,15931.2,15931.7,0.5,430.4400055
2026-05-26T16:15:00+00:00,15931.4,15931.45,15928.85,15928.95,15931.2,15931.6,15931.2,15931.7,15928.6,15929.1,15928.7,15929.2,0.5,445.2400075
2026-05-26T16:20:00+00:00,15928.9,15929.8,15928.6,15928.7,15928.7,15929.1,15929.5,15930.1,15928.3,15928.9,15928.5,15928.9,0.4,330.6700071
2026-05-26T16:25:00+00:00,15928.8,15931.65,15928.65,15931.4,15928.6,15929,15931.4,15931.9,15928.4,15928.9,15931.2,15931.6,0.4,552.1200075
2026-05-26T16:30:00+00:00,15931.45,15931.55,15928.55,15929.45,15931.2,15931.7,15931.3,15931.8,15928.2,15928.9,15929.2,15929.7,0.5,475.0900073
2026-05-26T16:35:00+00:00,15929.4,15931.5,15928.85,15931.3,15929.2,15929.6,15931.3,15931.7,15928.6,15929.1,15931.1,15931.5,0.4,521.3800076
2026-05-26T16:40:00+00:00,15931.2,15932.65,15930.35,15931.55,15931,15931.4,15932.4,15932.9,15930.2,15930.5,15931.4,15931.7,0.3,250.4800053
2026-05-26T16:45:00+00:00,15931.5,15933.85,15930.2,15933.75,15931.3,15931.7,15933.7,15934,15930,15930.4,15933.6,15933.9,0.3,386.4600065
2026-05-26T16:50:00+00:00,15933.8,15933.85,15931.55,15932.35,15933.6,15934,15933.6,15934.1,15931.4,15931.7,15932.1,15932.6,0.5,365.8300067
2026-05-26T16:55:00+00:00,15932.1,15932.1,15930.35,15930.85,15931.9,15932.3,15931.9,15932.3,15930.1,15930.6,15930.7,15931,0.3,434.7400085
2026-05-26T17:00:00+00:00,15930.95,15931.2,15928.8,15929.75,15930.8,15931.1,15931,15931.4,15928.6,15929,15929.5,15930,0.5,445.0900074
2026-05-26T17:05:00+00:00,15929.9,15930.3,15929.1,15929.2,15929.7,15930.1,15930.1,15930.5,15928.9,15929.3,15928.9,15929.5,0.6,320.7500036
2026-05-26T17:10:00+00:00,15929.05,15930.25,15928.7,15929.8,15928.8,15929.3,15930,15930.5,15928.5,15928.9,15929.5,15930.1,0.6,267.1900036
2026-05-26T17:15:00+00:00,15929.85,15930.65,15929.4,15930.25,15929.6,15930.1,15930.5,15930.8,15929.2,15929.6,15930,15930.5,0.5,191.1000042
2026-05-26T17:20:00+00:00,15930.2,15930.9,15930,15930.5,15930,15930.4,15930.7,15931.1,15929.7,15930.3,15930.3,15930.7,0.4,294.7500082
2026-05-26T17:25:00+00:00,15930.6,15932,15930.3,15931.85,15930.4,15930.8,15931.7,15932.3,15930.1,15930.5,15931.6,15932.1,0.5,397.2300074
2026-05-26T17:30:00+00:00,15931.95,15932.45,15931.25,15931.9,15931.7,15932.2,15932.2,15932.7,15931,15931.5,15931.7,15932.1,0.4,163.4300032
2026-05-26T17:35:00+00:00,15931.95,15934.25,15931.95,15933.3,15931.7,15932.2,15934,15934.5,15931.7,15932.2,15933.1,15933.5,0.4,318.1500056
2026-05-26T17:40:00+00:00,15933.35,15934.5,15933.15,15934.25,15933.2,15933.5,15934.2,15934.8,15932.9,15933.4,15934,15934.5,0.5,152.8300045
2026-05-26T17:45:00+00:00,15934.25,15935.8,15934.2,15935.2,15934,15934.5,15935.5,15936.1,15934,15934.4,15935,15935.4,0.4,248.5000038
2026-05-26T17:50:00+00:00,15935.15,15937.6,15935.15,15936.7,15934.9,15935.4,15937.5,15937.7,15934.9,15935.4,15936.5,15936.9,0.4,347.1700045
2026-05-26T17:55:00+00:00,15936.7,15938.05,15936.2,15936.35,15936.5,15936.9,15937.9,15938.2,15936,15936.4,15936.1,15936.6,0.5,847.0900059
2026-05-26T18:00:00+00:00,15936.25,15937.45,15935.5,15936.4,15936.1,15936.4,15937.3,15937.6,15935.3,15935.7,15936.3,15936.5,0.2,756.5200112
2026-05-26T18:05:00+00:00,15936.35,15936.95,15934.85,15935.1,15936.2,15936.5,15936.8,15937.1,15934.7,15935,15934.9,15935.3,0.4,523.050006
2026-05-26T18:10:00+00:00,15935.15,15935.15,15934,15934.9,15934.9,15935.4,15934.9,15935.4,15933.8,15934.2,15934.7,15935.1,0.4,220.0400045
2026-05-26T18:15:00+00:00,15934.65,15935.1,15934.1,15934.3,15934.5,15934.8,15935,15935.2,15933.9,15934.3,15934.1,15934.5,0.4,269.8500044
2026-05-26T18:20:00+00:00,15934.15,15935.05,15931.8,15933.75,15933.9,15934.4,15934.8,15935.3,15931.6,15932,15933.6,15933.9,0.3,542.7300076
2026-05-26T18:25:00+00:00,15933.85,15934.05,15932.35,15933.15,15933.7,15934,15933.9,15934.2,15932.2,15932.5,15932.9,15933.4,0.5,330.4800065
2026-05-26T18:30:00+00:00,15933.4,15934.1,15931.8,15933.9,15933.2,15933.6,15933.8,15934.4,15931.6,15932,15933.7,15934.1,0.4,389.3000047
2026-05-26T18:35:00+00:00,15934,15934.1,15932.1,15932.2,15933.8,15934.2,15933.9,15934.3,15931.9,15932.3,15932,15932.4,0.4,245.250005
2026-05-26T18:40:00+00:00,15932.3,15934.4,15931.95,15933.9,15932.1,15932.5,15934.2,15934.6,15931.8,15932.1,15933.7,15934.1,0.4,396.4900085
2026-05-26T18:45:00+00:00,15933.7,15933.7,15931.7,15933.1,15933.6,15933.8,15933.6,15933.8,15931.5,15931.9,15932.9,15933.3,0.4,207.7800032
2026-05-26T18:50:00+00:00,15933.05,15933.15,15930.2,15931.6,15932.8,15933.3,15932.9,15933.4,15930,15930.4,15931.4,15931.8,0.4,481.6100054
2026-05-26T18:55:00+00:00,15931.7,15933.5,15931.6,15933.4,15931.5,15931.9,15933.3,15933.7,15931.4,15931.8,15933.2,15933.6,0.4,431.5100074
2026-05-26T19:00:00+00:00,15933.6,15934.65,15931.6,15932.2,15933.4,15933.8,15934.4,15934.9,15931.4,15931.8,15932,15932.4,0.4,354.3900054
2026-05-26T19:05:00+00:00,15932.15,15934.35,15932.05,15933.2,15931.9,15932.4,15934.2,15934.5,15931.8,15932.3,15933,15933.4,0.4,218.1800046
2026-05-26T19:10:00+00:00,15933.25,15933.85,15932.75,15933.4,15933,15933.5,15933.6,15934.1,15932.5,15933,15933.3,15933.5,0.2,324.1500041
2026-05-26T19:15:00+00:00,15933.25,15933.25,15932,15932.9,15933.1,15933.4,15933.1,15933.4,15931.9,15932.1,15932.6,15933.2,0.6,153.1000035
2026-05-26T19:20:00+00:00,15932.8,15933.15,15931.75,15932.9,15932.7,15932.9,15932.8,15933.5,15931.4,15932.1,15932.7,15933.1,0.4,411.1800044
2026-05-26T19:25:00+00:00,15932.55,15933.35,15932.35,15933.25,15932.5,15932.6,15933.2,15933.5,15932.1,15932.6,15933,15933.5,0.5,187.1900024
2026-05-26T19:30:00+00:00,15933.15,15933.25,15931.4,15931.85,15932.9,15933.4,15933,15933.5,15931.2,15931.6,15931.6,15932.1,0.5,208.8900039
2026-05-26T19:35:00+00:00,15931.9,15932.05,15930.6,15931.8,15931.7,15932.1,15931.8,15932.3,15930.4,15930.8,15931.6,15932,0.4,189.7500032
2026-05-26T19:40:00+00:00,15931.75,15932.25,15931.55,15932,15931.4,15932.1,15931.9,15932.6,15931.3,15931.8,15931.8,15932.2,0.4,242.020004
2026-05-26T19:45:00+00:00,15932.15,15932.25,15931.6,15931.8,15932,15932.3,15932,15932.5,15931.4,15931.8,15931.6,15932,0.4,74.25000107
2026-05-26T19:50:00+00:00,15931.75,15931.85,15930.6,15930.85,15931.5,15932,15931.6,15932.1,15930.4,15930.8,15930.6,15931.1,0.5,90.60000181
2026-05-26T19:55:00+00:00,15931.05,15932.05,15930.25,15931.85,15930.9,15931.2,15931.8,15932.3,15929.9,15930.6,15931.6,15932.1,0.5,507.4800069
2026-05-26T20:00:00+00:00,15931.8,15932.15,15930.3,15930.6,15931.6,15932,15931.9,15932.4,15930,15930.6,15930.3,15930.9,0.6,263.8400052
2026-05-26T20:05:00+00:00,15930.55,15931.45,15930.5,15930.8,15930.2,15930.9,15931.3,15931.6,15930.2,15930.8,15930.5,15931.1,0.6,78.00000143
2026-05-26T20:10:00+00:00,15930.85,15931.35,15930.4,15930.7,15930.4,15931.3,15931,15931.7,15930.1,15930.7,15930.4,15931,0.6,97.02000189
2026-05-26T20:15:00+00:00,15930.75,15931.1,15930.7,15930.8,15930.5,15931,15930.8,15931.4,15930.4,15931,15930.4,15931.2,0.8,73.80000067
2026-05-26T20:20:00+00:00,15930.85,15932.1,15930.85,15932,15930.5,15931.2,15931.8,15932.4,15930.5,15931.2,15931.7,15932.3,0.6,78.10000134
2026-05-26T20:25:00+00:00,15931.95,15932.05,15930.15,15930.8,15931.7,15932.2,15931.9,15932.2,15930,15930.3,15930.5,15931.1,0.6,244.0700036
2026-05-26T20:30:00+00:00,15930.85,15932.25,15930.7,15932.1,15930.6,15931.1,15932,15932.5,15930.4,15931,15931.9,15932.3,0.4,235.0000044
2026-05-26T20:35:00+00:00,15932.05,15933.35,15931.75,15933.15,15931.9,15932.2,15933.1,15933.6,15931.5,15932,15932.9,15933.4,0.5,142.0600021
2026-05-26T20:40:00+00:00,15933.2,15933.4,15932.05,15932.15,15932.9,15933.5,15933.1,15933.7,15931.8,15932.3,15931.9,15932.4,0.5,635.7200079
2026-05-26T20:45:00+00:00,15932.35,15932.35,15931,15931.65,15932.1,15932.6,15932.1,15932.6,15930.7,15931.3,15931.3,15932,0.7,172.7000029
2026-05-26T20:50:00+00:00,15931.8,15932,15930.95,15931.8,15931.4,15932.2,15931.5,15932.5,15930.6,15931.3,15931.4,15932.2,0.8,807.9800136
2026-05-26T20:55:00+00:00,15931.7,15931.85,15929.5,15930.45,15931.2,15932.2,15931.4,15932.3,15928.6,15930.4,15928.6,15932.3,3.7,732.9700032
2026-05-26T21:00:00+00:00,15930.55,15932.4,15929.8,15932.35,15928.7,15932.4,15929.4,15935.4,15927.9,15931.7,15929.3,15935.4,6.1,12.89999974
2026-05-26T21:05:00+00:00,15932.55,15932.65,15931.8,15932,15929,15936.1,15929.1,15936.2,15928.8,15934.8,15929.1,15934.9,5.8,44.92000043
2026-05-26T21:10:00+00:00,15932.05,15932.65,15931.65,15931.75,15929.1,15935,15929.1,15936.2,15928.8,15934.5,15928.9,15934.6,5.7,32.68000019
2026-05-26T21:15:00+00:00,15930.75,15931.8,15930.55,15931.7,15928.8,15932.7,15929,15934.6,15928.8,15932.3,15928.8,15934.6,5.8,57.5999999
2026-05-26T21:20:00+00:00,15930.45,15932.15,15930.45,15932.05,15928.8,15932.1,15929.6,15934.7,15928.8,15932.1,15929.5,15934.6,5.1,32.69999969
2026-05-26T21:25:00+00:00,15931.75,15931.9,15930.8,15930.95,15928.9,15934.6,15929.1,15934.7,15928.8,15932.8,15929.1,15932.8,3.7,19.49999988
2026-05-26T21:30:00+00:00,15930.85,15931.85,15930.55,15930.7,15929.1,15932.6,15929.1,15934.6,15928.7,15932.4,15928.7,15932.7,4,39.59999931
2026-05-26T21:35:00+00:00,15930.75,15931.85,15930.45,15930.7,15928.7,15932.8,15929,15934.7,15928.6,15932.3,15928.9,15932.5,3.6,62.39999855
2026-05-26T21:40:00+00:00,15930.85,15931.8,15930.7,15930.9,15928.8,15932.9,15928.9,15934.7,15928.7,15932.7,15928.7,15933.1,4.4,73.4999994
2026-05-26T21:45:00+00:00,15930.9,15931.3,15930.35,15930.4,15928.7,15933.1,15928.9,15933.7,15928.5,15932.2,15928.6,15932.2,3.6,42.29999912
2026-05-26T21:50:00+00:00,15930.25,15931.1,15930.05,15931.05,15928.6,15931.9,15928.6,15933.6,15928.2,15931.9,15928.5,15933.6,5.1,24.59999979
2026-05-26T21:55:00+00:00,15930.55,15931.55,15927.2,15927.65,15928.5,15932.6,15929.5,15933.6,15925.4,15929,15925.5,15929.8,4.3,68.24999875
2026-05-26T22:00:00+00:00,15926.85,15929.75,15926.65,15928.95,15925.5,15928.2,15928.3,15931.2,15925.3,15928,15928,15929.9,1.9,497.2499923
2026-05-26T22:05:00+00:00,15928.9,15930.35,15928.15,15929.5,15927.9,15929.9,15929.8,15930.9,15927.5,15928.8,15929,15930,1,328.3500066
2026-05-26T22:10:00+00:00,15929.6,15930.75,15928.1,15929.45,15929.1,15930.1,15930.2,15931.3,15927.7,15928.5,15928.9,15930,1.1,222.6000055
2026-05-26T22:15:00+00:00,15929.4,15929.9,15929.15,15929.55,15928.7,15930.1,15929.2,15930.6,15928.7,15929.6,15929,15930.1,1.1,224.7000027
2026-05-26T22:20:00+00:00,15929.5,15930.3,15929.45,15930.05,15929,15930,15929.9,15930.7,15928.9,15930,15929.7,15930.4,0.7,204.7500036
2026-05-26T22:25:00+00:00,15930.25,15930.3,15928.9,15929.2,15930,15930.5,15930.1,15930.5,15928.5,15929.3,15928.8,15929.6,0.8,167.6200035
2026-05-26T22:30:00+00:00,15929.15,15930.3,15928.95,15929.25,15928.7,15929.6,15929.9,15930.7,15928.5,15929.4,15928.9,15929.6,0.7,104.1700021
2026-05-26T22:35:00+00:00,15929.35,15930.2,15928.85,15929,15929,15929.7,15929.8,15930.6,15928.5,15929.2,15928.6,15929.4,0.8,131.990002
2026-05-26T22:40:00+00:00,15929.1,15929.1,15928.7,15929,15928.7,15929.5,15928.7,15929.5,15928.3,15929.1,15928.6,15929.4,0.8,46.34000087
2026-05-26T22:45:00+00:00,15928.9,15929.05,15928.7,15928.75,15928.6,15929.2,15928.7,15929.4,15928.3,15929.1,15928.4,15929.1,0.7,39.60000014
2026-05-26T22:50:00+00:00,15928.7,15928.85,15927.25,15927.4,15928.3,15929.1,15928.5,15929.2,15927,15927.5,15927,15927.8,0.8,120.6000011
2026-05-26T22:55:00+00:00,15927.5,15927.7,15926,15926.2,15927.2,15927.8,15927.3,15928.1,15925.6,15926.4,15925.7,15926.7,1,188.4700009
2026-05-26T23:00:00+00:00,15926.15,15926.5,15925,15925.35,15925.6,15926.7,15926.2,15926.8,15924.7,15925.3,15925.1,15925.6,0.5,153.2500039
2026-05-26T23:05:00+00:00,15925.25,15927.7,15925.15,15927.6,15925,15925.5,15927.5,15927.9,15924.8,15925.5,15927.4,15927.8,0.4,235.100005
2026-05-26T23:10:00+00:00,15927.65,15927.75,15926.25,15926.25,15927.5,15927.8,15927.6,15927.9,15926,15926.5,15926,15926.5,0.5,102.9000021
2026-05-26T23:15:00+00:00,15926.2,15926.45,15926.15,15926.25,15925.9,15926.5,15926.2,15926.7,15925.9,15926.4,15925.9,15926.6,0.7,44.10000062
2026-05-26T23:20:00+00:00,15926.3,15926.3,15924.95,15925,15926.1,15926.5,15926.1,15926.5,15924.7,15925.2,15924.7,15925.3,0.6,77.60000217
2026-05-26T23:25:00+00:00,15924.95,15925.5,15923.6,15924.8,15924.7,15925.2,15925.3,15925.7,15923.3,15923.9,15924.6,15925,0.4,257.7000052
2026-05-26T23:30:00+00:00,15924.95,15925.15,15923.75,15923.85,15924.7,15925.2,15924.9,15925.4,15923.5,15924,15923.6,15924.1,0.5,129.4500021
2026-05-26T23:35:00+00:00,15924,15924,15923.75,15923.75,15923.8,15924.2,15923.8,15924.2,15923.6,15923.9,15923.6,15923.9,0.3,14.10000038
2026-05-26T23:40:00+00:00,15923.7,15923.7,15922.05,15922.15,15923.5,15923.9,15923.5,15923.9,15922,15922.1,15922,15922.3,0.3,64.12000155
2026-05-26T23:45:00+00:00,15922.05,15922.15,15920.3,15921.55,15922,15922.1,15922,15922.3,15920.1,15920.5,15921.3,15921.8,0.5,296.4000067
2026-05-26T23:50:00+00:00,15921.8,15923.35,15921.8,15923.1,15921.7,15921.9,15923.1,15923.6,15921.7,15921.9,15922.8,15923.4,0.6,84.60000169
2026-05-26T23:55:00+00:00,15923.15,15925.35,15923.15,15925.25,15922.9,15923.4,15925.1,15925.6,15922.9,15923.4,15925,15925.5,0.5,298.6500067
2026-05-27T00:00:00+00:00,15925.3,15925.4,15921.45,15922.7,15925.1,15925.5,15925.2,15925.6,15921.2,15921.7,15922.5,15922.9,0.4,783.7900145
2026-05-27T00:05:00+00:00,15922.75,15924.6,15921.7,15922.6,15922.5,15923,15924.5,15924.7,15921.5,15921.9,15922.3,15922.9,0.6,579.1600076
2026-05-27T00:10:00+00:00,15922.3,15922.4,15920.5,15922.35,15922,15922.6,15922.2,15922.6,15920.3,15920.7,15922.1,15922.6,0.5,616.6800073
2026-05-27T00:15:00+00:00,15922.65,15923,15919.95,15920.95,15922.6,15922.7,15922.8,15923.2,15919.7,15920.2,15920.7,15921.2,0.5,1149.400021
2026-05-27T00:20:00+00:00,15920.85,15920.9,15917.95,15918.3,15920.6,15921.1,15920.6,15921.2,15917.6,15918.3,15918,15918.6,0.6,603.9100094
2026-05-27T00:25:00+00:00,15918.25,15920.45,15917.75,15920.15,15918,15918.5,15920.3,15920.6,15917.5,15918,15919.9,15920.4,0.5,417.7500089
2026-05-27T00:30:00+00:00,15919.95,15923.1,15919.8,15922.95,15919.7,15920.2,15922.9,15923.3,15919.6,15920,15922.7,15923.2,0.5,527.0800102
2026-05-27T00:35:00+00:00,15922.85,15924,15921.15,15923.25,15922.6,15923.1,15923.8,15924.2,15920.9,15921.4,15923,15923.5,0.5,469.8800061
2026-05-27T00:40:00+00:00,15923.1,15923.25,15921.45,15922.5,15922.8,15923.4,15923,15923.5,15921.2,15921.7,15922.3,15922.7,0.4,269.7000052
2026-05-27T00:45:00+00:00,15922.25,15923.45,15920.65,15923.25,15922.1,15922.4,15923.2,15923.7,15920.4,15920.9,15923,15923.5,0.5,392.5600085
2026-05-27T00:50:00+00:00,15923.35,15931.2,15923.15,15929.15,15923.1,15923.6,15931,15931.4,15922.8,15923.5,15929,15929.3,0.3,2073.910038
2026-05-27T00:55:00+00:00,15929.25,15929.4,15925.65,15928.2,15928.9,15929.6,15929.1,15929.7,15925.5,15925.8,15927.9,15928.5,0.6,915.7500184
2026-05-27T01:00:00+00:00,15928,15929.65,15924.1,15924.1,15927.8,15928.2,15929.4,15929.9,15923.9,15924.3,15923.9,15924.3,0.4,1000.370016
2026-05-27T01:05:00+00:00,15924.05,15925.45,15922.9,15923.75,15923.7,15924.4,15925.2,15925.7,15922.7,15923.1,15923.5,15924,0.5,296.5500063
2026-05-27T01:10:00+00:00,15923.55,15924.3,15922.7,15923.9,15923.3,15923.8,15924.1,15924.5,15922.5,15922.9,15923.6,15924.2,0.6,263.0100034
2026-05-27T01:15:00+00:00,15923.85,15925.05,15922.75,15923.9,15923.5,15924.2,15924.7,15925.4,15922.5,15923,15923.5,15924.3,0.8,415.9200045
2026-05-27T01:20:00+00:00,15923.95,15924.15,15922.05,15922.65,15923.7,15924.2,15923.9,15924.4,15921.9,15922.2,15922.4,15922.9,0.5,522.4100083
2026-05-27T01:25:00+00:00,15922.6,15925.75,15921.8,15924.4,15922.4,15922.8,15925.5,15926,15921.6,15922,15924.2,15924.6,0.4,412.4900066
2026-05-27T01:30:00+00:00,15924.35,15927.2,15924.15,15926.5,15924.1,15924.6,15927,15927.4,15923.9,15924.4,15926.1,15926.9,0.8,832.3800106
2026-05-27T01:35:00+00:00,15926.45,15928.4,15925.8,15927.35,15926.2,15926.7,15928,15928.8,15925.6,15926,15927.1,15927.6,0.5,622.5000156
2026-05-27T01:40:00+00:00,15927.3,15928.05,15926.7,15927.05,15927.1,15927.5,15927.9,15928.2,15926.4,15927,15926.8,15927.3,0.5,461.5200082
2026-05-27T01:45:00+00:00,15927.15,15928.25,15926.45,15927.8,15926.9,15927.4,15928,15928.5,15926.2,15926.7,15927.6,15928,0.4,401.7000082
2026-05-27T01:50:00+00:00,15927.9,15929.55,15927.7,15929.15,15927.7,15928.1,15929.2,15929.9,15927.5,15927.9,15929,15929.3,0.3,365.4000069
2026-05-27T01:55:00+00:00,15929.3,15930.55,15928.85,15930.05,15929.1,15929.5,15930.2,15930.9,15928.6,15929.1,15929.8,15930.3,0.5,265.1100047
2026-05-27T02:00:00+00:00,15929.9,15930.35,15927.05,15927.6,15929.7,15930.1,15930.1,15930.6,15926.8,15927.3,15927.4,15927.8,0.4,1061.380022
2026-05-27T02:05:00+00:00,15927.35,15929.1,15926.65,15928.3,15927.2,15927.5,15928.9,15929.3,15926.4,15926.9,15928.1,15928.5,0.4,760.9200135
2026-05-27T02:10:00+00:00,15928.2,15928.9,15926.2,15926.3,15928.1,15928.3,15928.8,15929,15926,15926.4,15926.1,15926.5,0.4,493.3400135
2026-05-27T02:15:00+00:00,15926.35,15927.8,15924.9,15926.35,15926.1,15926.6,15927.6,15928,15924.7,15925.1,15926,15926.7,0.7,616.190008
2026-05-27T02:20:00+00:00,15926.45,15929,15926.15,15927.6,15926.2,15926.7,15928.8,15929.2,15925.8,15926.5,15927.4,15927.8,0.4,578.250008
2026-05-27T02:25:00+00:00,15927.5,15929.35,15927.35,15929.15,15927.3,15927.7,15929.2,15929.5,15927.1,15927.6,15929.1,15929.2,0.1,182.1000031
2026-05-27T02:30:00+00:00,15929.1,15929.15,15926.55,15926.8,15928.9,15929.3,15929,15929.3,15926.4,15926.7,15926.6,15927,0.4,402.90001
2026-05-27T02:35:00+00:00,15927.15,15927.35,15925.65,15927.35,15927,15927.3,15927.1,15927.6,15925.5,15925.8,15927.1,15927.6,0.5,306.7000054
2026-05-27T02:40:00+00:00,15927.2,15927.2,15925.85,15926.8,15927,15927.4,15927,15927.4,15925.7,15926,15926.6,15927,0.4,136.8000026
2026-05-27T02:45:00+00:00,15926.75,15926.8,15925,15925,15926.6,15926.9,15926.6,15927,15924.8,15925.2,15924.8,15925.2,0.4,145.6500019
2026-05-27T02:50:00+00:00,15924.95,15925.05,15922.85,15924,15924.8,15925.1,15924.8,15925.3,15922.7,15923,15923.8,15924.2,0.4,359.2500045
2026-05-27T02:55:00+00:00,15924.05,15924.15,15922.4,15922.6,15923.8,15924.3,15923.9,15924.4,15922.1,15922.7,15922.1,15923.1,1,682.5700068
2026-05-27T03:00:00+00:00,15922.65,15922.8,15919.25,15920.15,15922.4,15922.9,15922.5,15923.1,15919,15919.5,15919.9,15920.4,0.5,677.1800119
2026-05-27T03:05:00+00:00,15920.1,15921.4,15919.15,15920.35,15919.9,15920.3,15921.3,15921.5,15918.9,15919.4,15920.1,15920.6,0.5,614.4000095
2026-05-27T03:10:00+00:00,15920.4,15921.65,15920.2,15920.5,15920.3,15920.5,15921.3,15922,15919.9,15920.5,15920.2,15920.8,0.6,335.1000059
2026-05-27T03:15:00+00:00,15920.45,15921.45,15920,15920.65,15920.2,15920.7,15921.3,15921.6,15919.8,15920.2,15920.4,15920.9,0.5,283.5700057
2026-05-27T03:20:00+00:00,15920.75,15921,15919.15,15919.35,15920.5,15921,15920.8,15921.2,15919,15919.3,15919,15919.7,0.7,282.300004
2026-05-27T03:25:00+00:00,15919.35,15920.55,15918.95,15920,15919.1,15919.6,15920.3,15920.8,15918.6,15919.3,15919.8,15920.2,0.4,549.0000083
2026-05-27T03:30:00+00:00,15920.1,15920.8,15919.2,15920.8,15919.8,15920.4,15920.6,15921,15919,15919.4,15920.6,15921,0.4,272.7600042
2026-05-27T03:35:00+00:00,15920.95,15923.2,15920.65,15922.15,15920.7,15921.2,15923,15923.4,15920.4,15920.9,15922,15922.3,0.3,398.0200074
2026-05-27T03:40:00+00:00,15922.25,15922.75,15920.5,15921.3,15922.1,15922.4,15922.6,15922.9,15920.4,15920.6,15921.2,15921.4,0.2,374.8300054
2026-05-27T03:45:00+00:00,15921.45,15922.95,15921.4,15922.2,15921.3,15921.6,15922.8,15923.1,15921.2,15921.6,15922.1,15922.3,0.2,424.3200084
2026-05-27T03:50:00+00:00,15922.25,15922.6,15920.5,15921.15,15922.1,15922.4,15922.4,15922.8,15920.3,15920.7,15921,15921.3,0.3,199.950003
2026-05-27T03:55:00+00:00,15921.2,15921.9,15920.5,15920.5,15921,15921.4,15921.7,15922.1,15920.3,15920.7,15920.3,15920.7,0.4,327.0300047
2026-05-27T04:00:00+00:00,15920.65,15921.45,15920.25,15921.4,15920.4,15920.9,15921.2,15921.7,15920.1,15920.4,15921.1,15921.7,0.6,94.0500021
2026-05-27T04:05:00+00:00,15921,15921.9,15920.9,15921.5,15920.9,15921.1,15921.7,15922.1,15920.7,15921.1,15921.3,15921.7,0.4,121.6500015
2026-05-27T04:10:00+00:00,15921.35,15921.75,15921.05,15921.6,15921.3,15921.4,15921.5,15922,15920.9,15921.2,15921.4,15921.8,0.4,81.60000157
2026-05-27T04:15:00+00:00,15921.55,15921.75,15920.3,15921.6,15921.4,15921.7,15921.6,15921.9,15920.1,15920.5,15921.4,15921.8,0.4,58.95000112
2026-05-27T04:20:00+00:00,15921.5,15921.5,15919.9,15921,15921.3,15921.7,15921.3,15921.7,15919.7,15920.1,15920.8,15921.2,0.4,310.9500029
2026-05-27T04:25:00+00:00,15920.95,15922.3,15920.85,15922.3,15920.8,15921.1,15922.1,15922.5,15920.7,15921,15922.1,15922.5,0.4,301.5000043
2026-05-27T04:30:00+00:00,15922.25,15922.35,15921.5,15922.25,15922,15922.5,15922.1,15922.6,15921.3,15921.7,15922,15922.5,0.5,326.6000042
2026-05-27T04:35:00+00:00,15922.15,15924.6,15922.05,15924.1,15922,15922.3,15924.4,15924.8,15921.8,15922.3,15923.9,15924.3,0.4,336.4200046
2026-05-27T04:40:00+00:00,15924.2,15924.45,15922.85,15922.85,15924,15924.4,15924.3,15924.6,15922.7,15923,15922.7,15923,0.3,82.0500021
2026-05-27T04:45:00+00:00,15922.7,15924.45,15922.7,15923.2,15922.5,15922.9,15924.3,15924.6,15922.5,15922.9,15923,15923.4,0.4,154.2100029
2026-05-27T04:50:00+00:00,15923.3,15924.4,15922.7,15923.05,15923.1,15923.5,15924.2,15924.6,15922.5,15922.9,15922.9,15923.2,0.3,240.4300021
2026-05-27T04:55:00+00:00,15922.95,15924.8,15922.9,15924.45,15922.8,15923.1,15924.6,15925,15922.7,15923.1,15924.2,15924.7,0.5,404.300007
2026-05-27T05:00:00+00:00,15924.5,15924.75,15923.2,15924.1,15924.2,15924.8,15924.6,15924.9,15923,15923.4,15923.9,15924.3,0.4,250.7400051
2026-05-27T05:05:00+00:00,15924.2,15925.7,15924.1,15925.6,15924,15924.4,15925.5,15925.9,15923.9,15924.3,15925.4,15925.8,0.4,277.8200048
2026-05-27T05:10:00+00:00,15925.7,15927,15925.5,15925.7,15925.5,15925.9,15926.8,15927.2,15925.3,15925.7,15925.5,15925.9,0.4,83.55000246
2026-05-27T05:15:00+00:00,15925.85,15926.7,15925.45,15925.6,15925.7,15926,15926.5,15926.9,15925.3,15925.6,15925.4,15925.8,0.4,175.2100029
2026-05-27T05:20:00+00:00,15925.8,15927.75,15925.75,15926.8,15925.6,15926,15927.5,15928,15925.6,15925.9,15926.6,15927,0.4,156.5200043
2026-05-27T05:25:00+00:00,15926.85,15927.1,15925.8,15926.6,15926.7,15927,15926.8,15927.4,15925.7,15925.9,15926.4,15926.8,0.4,89.70000172
2026-05-27T05:30:00+00:00,15926.7,15928.9,15926.6,15928.5,15926.5,15926.9,15928.8,15929,15926.4,15926.8,15928.3,15928.7,0.4,378.6800057
2026-05-27T05:35:00+00:00,15928.55,15930.75,15928.2,15929.4,15928.3,15928.8,15930.5,15931,15928,15928.4,15929.1,15929.7,0.6,660.0600034
2026-05-27T05:40:00+00:00,15929.45,15930.8,15929,15930.55,15929,15929.9,15930.5,15931.1,15928.7,15929.3,15930.3,15930.8,0.5,465.2700047
2026-05-27T05:45:00+00:00,15930.6,15932.8,15930.25,15931.75,15930.4,15930.8,15932.5,15933.1,15930,15930.5,15931.6,15931.9,0.3,901.3000096
2026-05-27T05:50:00+00:00,15931.85,15932.85,15931.55,15932.65,15931.7,15932,15932.7,15933,15931.3,15931.8,15932.5,15932.8,0.3,897.4800053
2026-05-27T05:55:00+00:00,15932.65,15935.15,15932.55,15934.95,15932.5,15932.8,15934.9,15935.4,15932.3,15932.8,15934.7,15935.2,0.5,999.3500115
2026-05-27T06:00:00+00:00,15935,15937.95,15933.85,15936.65,15934.8,15935.2,15937.7,15938.2,15933.5,15934.2,15936.4,15936.9,0.5,1222.020015
2026-05-27T06:05:00+00:00,15936.6,15937.5,15933.8,15935.15,15936.4,15936.8,15937.3,15937.7,15933.6,15934,15934.9,15935.4,0.5,743.62001
2026-05-27T06:10:00+00:00,15935,15936.55,15933.95,15936.4,15934.7,15935.3,15936.3,15936.8,15933.7,15934.2,15936.1,15936.7,0.6,516.420006
2026-05-27T06:15:00+00:00,15936.35,15937.25,15936.1,15936.45,15936,15936.7,15937.1,15937.4,15935.8,15936.4,15936.3,15936.6,0.3,277.0500056
2026-05-27T06:20:00+00:00,15936.4,15937.4,15934.85,15935,15936.2,15936.6,15937.2,15937.6,15934.6,15935.1,15934.8,15935.2,0.4,408.5800068
2026-05-27T06:25:00+00:00,15935.15,15936.45,15933.65,15934.9,15935,15935.3,15936.2,15936.7,15933.4,15933.9,15934.7,15935.1,0.4,356.1000059
2026-05-27T06:30:00+00:00,15934.95,15936.4,15934.65,15934.85,15934.7,15935.2,15936.2,15936.6,15934.4,15934.9,15934.6,15935.1,0.5,521.0900095
2026-05-27T06:35:00+00:00,15934.85,15935.15,15932.75,15933.85,15934.5,15935.2,15934.9,15935.4,15932.5,15933,15933.7,15934,0.3,391.3900063
2026-05-27T06:40:00+00:00,15933.9,15935.05,15931.9,15932.3,15933.7,15934.1,15934.8,15935.3,15931.7,15932.1,15932.1,15932.5,0.4,352.6300049
2026-05-27T06:45:00+00:00,15932.25,15932.25,15929.8,15929.95,15932,15932.5,15932,15932.5,15929.5,15930.1,15929.7,15930.2,0.5,637.5000089
2026-05-27T06:50:00+00:00,15930.25,15934.1,15929.85,15934.1,15930.1,15930.4,15933.9,15934.3,15929.6,15930.1,15933.9,15934.3,0.4,403.120007
2026-05-27T06:55:00+00:00,15934.05,15936.2,15933.3,15935.5,15933.8,15934.3,15935.9,15936.5,15933.1,15933.5,15935.3,15935.7,0.4,438.6000055
2026-05-27T07:00:00+00:00,15935.4,15936.7,15934.25,15934.4,15935.1,15935.7,15936.5,15936.9,15934,15934.5,15934.1,15934.7,0.6,729.980011
2026-05-27T07:05:00+00:00,15934.5,15935.6,15934.15,15935.1,15934.3,15934.7,15935.4,15935.8,15933.9,15934.4,15934.9,15935.3,0.4,448.9500071
2026-05-27T07:10:00+00:00,15935.15,15935.5,15933.7,15934.6,15934.9,15935.4,15935.3,15935.7,15933.5,15933.9,15934.4,15934.8,0.4,393.2600077
2026-05-27T07:15:00+00:00,15934.65,15934.7,15932.85,15933.8,15934.4,15934.9,15934.5,15934.9,15932.6,15933.1,15933.6,15934,0.4,257.1400048
2026-05-27T07:20:00+00:00,15933.85,15935.55,15933.85,15934.4,15933.7,15934,15935.4,15935.7,15933.7,15934,15934.2,15934.6,0.4,299.1000068
2026-05-27T07:25:00+00:00,15934.45,15935.8,15934.05,15935,15934.3,15934.6,15935.6,15936,15933.9,15934.2,15934.8,15935.2,0.4,513.820008
2026-05-27T07:30:00+00:00,15934.95,15935.3,15930.75,15931.25,15934.8,15935.1,15935.1,15935.5,15930.6,15930.9,15931.1,15931.4,0.3,773.5300127
2026-05-27T07:35:00+00:00,15931.3,15933.8,15931.15,15932.6,15931.1,15931.5,15933.5,15934.1,15931,15931.3,15932.5,15932.7,0.2,779.180009
2026-05-27T07:40:00+00:00,15932.7,15933.4,15932.55,15933.15,15932.6,15932.8,15933.2,15933.6,15932.4,15932.7,15932.9,15933.4,0.5,701.2700077
2026-05-27T07:45:00+00:00,15933.25,15936.2,15933.25,15935.65,15933,15933.5,15936,15936.4,15933,15933.5,15935.5,15935.8,0.3,526.2400063
2026-05-27T07:50:00+00:00,15935.7,15935.95,15934,15934,15935.6,15935.8,15935.8,15936.1,15933.9,15934.1,15933.9,15934.1,0.2,847.7600082
2026-05-27T07:55:00+00:00,15934.05,15936.65,15932.9,15935.85,15933.9,15934.2,15936.4,15936.9,15932.7,15933.1,15935.8,15935.9,0.1,868.1500057
2026-05-27T08:00:00+00:00,15935.85,15936.3,15931.9,15933.2,15935.8,15935.9,15936.1,15936.5,15931.7,15932.1,15932.9,15933.5,0.6,1436.930011
2026-05-27T08:05:00+00:00,15933.25,15934.65,15932.4,15933.2,15933,15933.5,15934.4,15934.9,15932.2,15932.6,15932.9,15933.5,0.6,363.8200076
2026-05-27T08:10:00+00:00,15933.5,15937.55,15932.95,15937.35,15933.3,15933.7,15937.3,15937.8,15932.8,15933.1,15937.1,15937.6,0.5,595.5200095
2026-05-27T08:15:00+00:00,15936.95,15940.15,15936.4,15940.05,15936.8,15937.1,15940,15940.3,15936.2,15936.6,15940,15940.1,0.1,678.3400103
2026-05-27T08:20:00+00:00,15940.15,15944.3,15939.9,15943.4,15940.1,15940.2,15944.2,15944.4,15939.7,15940.1,15943.3,15943.5,0.2,1328.540018
2026-05-27T08:25:00+00:00,15943.45,15944.55,15941.5,15943.55,15943.3,15943.6,15944.4,15944.7,15941.4,15941.6,15943.4,15943.7,0.3,900.4900142
2026-05-27T08:30:00+00:00,15943.6,15944,15942.3,15942.45,15943.5,15943.7,15943.8,15944.2,15942.1,15942.5,15942.2,15942.7,0.5,388.590006
2026-05-27T08:35:00+00:00,15942.05,15942.5,15938.75,15938.75,15942,15942.1,15942.3,15942.7,15938.5,15939,15938.5,15939,0.5,629.6500123
2026-05-27T08:40:00+00:00,15938.9,15938.95,15937.25,15938.95,15938.7,15939.1,15938.7,15939.2,15936.9,15937.6,15938.7,15939.2,0.5,433.5000056
2026-05-27T08:45:00+00:00,15939,15940.1,15938.85,15939.25,15938.8,15939.2,15939.9,15940.3,15938.6,15939.1,15938.9,15939.6,0.7,703.2700074
2026-05-27T08:50:00+00:00,15939.2,15940.15,15938.35,15940.05,15938.8,15939.6,15940,15940.3,15938.2,15938.5,15939.9,15940.2,0.3,499.720006
2026-05-27T08:55:00+00:00,15940.2,15940.2,15938.5,15939.4,15940,15940.4,15940,15940.4,15938.3,15938.7,15939.2,15939.6,0.4,521.4000103
2026-05-27T09:00:00+00:00,15939.45,15939.95,15938.55,15938.95,15939.2,15939.7,15939.8,15940.1,15938.3,15938.8,15938.8,15939.1,0.3,367.410008
2026-05-27T09:05:00+00:00,15939,15939.45,15938.2,15938.35,15938.8,15939.2,15939.2,15939.7,15938,15938.4,15938.2,15938.5,0.3,214.9500049
2026-05-27T09:10:00+00:00,15937.95,15938.15,15933.9,15934.3,15937.9,15938,15937.9,15938.4,15933.7,15934.1,15934.1,15934.5,0.4,549.5500064
2026-05-27T09:15:00+00:00,15934.25,15935.3,15931.85,15932.8,15934,15934.5,15935.1,15935.5,15931.7,15932,15932.6,15933,0.4,444.7000074
2026-05-27T09:20:00+00:00,15932.85,15933.75,15932,15933.1,15932.6,15933.1,15933.5,15934,15931.8,15932.2,15932.9,15933.3,0.4,370.6900052
2026-05-27T09:25:00+00:00,15932.85,15934.6,15932.7,15933.65,15932.7,15933,15934.4,15934.8,15932.5,15932.9,15933.4,15933.9,0.5,372.500007
2026-05-27T09:30:00+00:00,15933.5,15935.45,15933.5,15934.1,15933.3,15933.7,15935.3,15935.6,15933.3,15933.7,15933.9,15934.3,0.4,257.2500051
2026-05-27T09:35:00+00:00,15934.35,15935.35,15934.15,15935.25,15934.2,15934.5,15935.1,15935.6,15933.9,15934.4,15935,15935.5,0.5,242.8500054
2026-05-27T09:40:00+00:00,15935.6,15935.75,15933.95,15934.95,15935.4,15935.8,15935.5,15936,15933.7,15934.2,15934.6,15935.3,0.7,268.2400053
2026-05-27T09:45:00+00:00,15934.9,15934.95,15934.1,15934.55,15934.7,15935.1,15934.7,15935.2,15933.9,15934.3,15934.3,15934.8,0.5,262.9100021
2026-05-27T09:50:00+00:00,15934.5,15935.55,15933.3,15933.3,15934.3,15934.7,15935.3,15935.8,15933.1,15933.5,15933.1,15933.5,0.4,256.7200036
2026-05-27T09:55:00+00:00,15933.35,15936.05,15932.15,15935.75,15933.2,15933.5,15935.8,15936.3,15931.9,15932.4,15935.5,15936,0.5,496.3700076
2026-05-27T10:00:00+00:00,15935.65,15936.9,15935.55,15936.65,15935.3,15936,15936.6,15937.2,15935.3,15935.8,15936.4,15936.9,0.5,681.5500108
2026-05-27T10:05:00+00:00,15936.6,15936.75,15935.3,15935.65,15936.4,15936.8,15936.5,15937,15935,15935.6,15935.4,15935.9,0.5,395.7900047
2026-05-27T10:10:00+00:00,15935.55,15935.85,15934.75,15935.15,15935.3,15935.8,15935.6,15936.1,15934.5,15935,15934.9,15935.4,0.5,259.6500041
2026-05-27T10:15:00+00:00,15935.25,15936.85,15934.95,15936.4,15935,15935.5,15936.7,15937,15934.8,15935.1,15936.2,15936.6,0.4,335.8000057
2026-05-27T10:20:00+00:00,15936.5,15938,15935.75,15937.95,15936.3,15936.7,15937.8,15938.2,15935.6,15935.9,15937.8,15938.1,0.3,513.6700062
2026-05-27T10:25:00+00:00,15938.05,15939.25,15937.65,15937.8,15938,15938.1,15939,15939.5,15937.5,15937.8,15937.6,15938,0.4,183.9400048
2026-05-27T10:30:00+00:00,15937.95,15938.95,15937.7,15938,15937.8,15938.1,15938.8,15939.1,15937.5,15937.9,15937.8,15938.2,0.4,277.3000039
2026-05-27T10:35:00+00:00,15937.95,15939.2,15936.45,15938.7,15937.6,15938.3,15939,15939.4,15936.2,15936.7,15938.5,15938.9,0.4,265.2000039
2026-05-27T10:40:00+00:00,15938.85,15938.95,15938.05,15938.3,15938.6,15939.1,15938.7,15939.2,15937.8,15938.3,15938.2,15938.4,0.2,233.5500031
2026-05-27T10:45:00+00:00,15938.15,15938.9,15937.9,15938.05,15937.9,15938.4,15938.8,15939,15937.7,15938.1,15937.8,15938.3,0.5,321.6000061
2026-05-27T10:50:00+00:00,15938.15,15939.1,15937.45,15938.35,15937.9,15938.4,15939,15939.2,15937.3,15937.6,15938.1,15938.6,0.5,290.1000036
2026-05-27T10:55:00+00:00,15938.25,15939.2,15938.25,15938.5,15938,15938.5,15939,15939.4,15938,15938.5,15938.3,15938.7,0.4,231.7500048
2026-05-27T11:00:00+00:00,15938.7,15939.25,15937.45,15938.1,15938.5,15938.9,15939,15939.5,15937.3,15937.6,15937.8,15938.4,0.6,308.4700038
2026-05-27T11:05:00+00:00,15938.15,15940.55,15938.15,15939.8,15938,15938.3,15940.3,15940.8,15938,15938.3,15939.7,15939.9,0.2,454.050007
2026-05-27T11:10:00+00:00,15939.85,15941.2,15938.9,15939,15939.7,15940,15941,15941.4,15938.7,15939.1,15938.8,15939.2,0.4,261.1900036
2026-05-27T11:15:00+00:00,15938.9,15940.4,15938.3,15940.3,15938.7,15939.1,15940.3,15940.5,15938.2,15938.4,15940.1,15940.5,0.4,244.6700071
2026-05-27T11:20:00+00:00,15940.25,15941.35,15939.85,15940.7,15940.1,15940.4,15941.1,15941.6,15939.7,15940,15940.5,15940.9,0.4,282.0000061
2026-05-27T11:25:00+00:00,15940.8,15942.1,15940.8,15942,15940.6,15941,15942,15942.2,15940.6,15941,15941.8,15942.2,0.4,248.3200048
2026-05-27T11:30:00+00:00,15942.1,15944.8,15942.1,15942.9,15941.9,15942.3,15944.6,15945,15941.9,15942.3,15942.7,15943.1,0.4,447.3900076
2026-05-27T11:35:00+00:00,15943.05,15943.15,15941,15942,15942.9,15943.2,15942.9,15943.4,15940.8,15941.2,15941.8,15942.2,0.4,382.6800042
2026-05-27T11:40:00+00:00,15941.95,15943.1,15941.75,15942.25,15941.7,15942.2,15942.9,15943.3,15941.6,15941.9,15941.9,15942.6,0.7,483.5000049
2026-05-27T11:45:00+00:00,15942.3,15943.55,15942.2,15943.35,15942,15942.6,15943.4,15943.7,15942,15942.4,15943.1,15943.6,0.5,552.9400028
2026-05-27T11:50:00+00:00,15943.45,15944.8,15943.15,15944.55,15943.1,15943.8,15944.7,15944.9,15942.9,15943.4,15944.4,15944.7,0.3,660.1400079
2026-05-27T11:55:00+00:00,15944.6,15944.95,15943.3,15943.35,15944.4,15944.8,15944.8,15945.1,15943.1,15943.5,15943.1,15943.6,0.5,1209.73002
2026-05-27T12:00:00+00:00,15943.15,15944.65,15942.1,15942.55,15943,15943.3,15944.5,15944.8,15941.9,15942.3,15942.3,15942.8,0.5,1175.94002
2026-05-27T12:05:00+00:00,15942.45,15942.7,15941.6,15942,15942.2,15942.7,15942.6,15942.8,15941.4,15941.8,15941.8,15942.2,0.4,457.7500072
2026-05-27T12:10:00+00:00,15942.05,15944.35,15941.45,15944.15,15941.9,15942.2,15944.2,15944.5,15941.3,15941.6,15943.9,15944.4,0.5,609.1100098
2026-05-27T12:15:00+00:00,15944.25,15944.85,15933.05,15940.85,15944,15944.5,15944.7,15945,15932.9,15933.2,15940.5,15941.2,0.7,2957.600047
2026-05-27T12:20:00+00:00,15941.15,15941.75,15924.7,15934.15,15941.1,15941.2,15941.5,15942,15924.5,15924.9,15933.9,15934.4,0.5,5200.270088
2026-05-27T12:25:00+00:00,15934.25,15934.55,15927.4,15933,15934,15934.5,15934.3,15934.8,15927.2,15927.6,15932.8,15933.2,0.4,2650.220046
2026-05-27T12:30:00+00:00,15933.1,15935.55,15929.6,15934.3,15933,15933.2,15935.3,15935.8,15929.4,15929.8,15934.1,15934.5,0.4,1811.740035
2026-05-27T12:35:00+00:00,15934.2,15935.75,15929.25,15934.3,15934,15934.4,15935.5,15936,15929,15929.5,15934.1,15934.5,0.4,1925.700035
2026-05-27T12:40:00+00:00,15934.2,15937.35,15933.7,15937.15,15934.1,15934.3,15937,15937.7,15933.5,15933.9,15936.8,15937.5,0.7,1278.370023
2026-05-27T12:45:00+00:00,15937.2,15939.65,15937.2,15937.55,15937,15937.4,15939.4,15939.9,15937,15937.4,15937.4,15937.7,0.3,1131.530021
2026-05-27T12:50:00+00:00,15937.65,15939.35,15936.95,15938.2,15937.5,15937.8,15939.2,15939.5,15936.8,15937.1,15938,15938.4,0.4,631.9100096
2026-05-27T12:55:00+00:00,15938.25,15942.35,15937.9,15941.8,15938.1,15938.4,15942.2,15942.5,15937.7,15938.1,15941.6,15942,0.4,781.6200128
2026-05-27T13:00:00+00:00,15941.8,15942.7,15939.3,15940.1,15941.6,15942,15942.5,15942.9,15939.2,15939.4,15939.9,15940.3,0.4,1301.740021
2026-05-27T13:05:00+00:00,15940.2,15942.8,15939.05,15941.95,15940,15940.4,15942.6,15943,15938.9,15939.2,15941.8,15942.1,0.3,1124.550018
2026-05-27T13:10:00+00:00,15942.05,15942.15,15940.6,15940.9,15941.8,15942.3,15941.9,15942.4,15940.4,15940.8,15940.7,15941.1,0.4,1034.490015
2026-05-27T13:15:00+00:00,15940.8,15941.8,15940.35,15940.9,15940.5,15941.1,15941.7,15941.9,15940.2,15940.5,15940.7,15941.1,0.4,558.1500096
2026-05-27T13:20:00+00:00,15941.05,15943,15940.7,15941.6,15940.9,15941.2,15942.8,15943.2,15940.5,15940.9,15941.4,15941.8,0.4,665.520012
2026-05-27T13:25:00+00:00,15941.4,15942.9,15940.25,15941.95,15941.3,15941.5,15942.6,15943.2,15940.1,15940.4,15941.8,15942.1,0.3,1247.750018
2026-05-27T13:30:00+00:00,15942.05,15942.55,15940.9,15941.35,15941.8,15942.3,15942.3,15942.8,15940.7,15941.1,15941.1,15941.6,0.5,677.4500128
2026-05-27T13:35:00+00:00,15941.2,15943.6,15941,15942.2,15941,15941.4,15943.4,15943.8,15940.7,15941.3,15942,15942.4,0.4,930.5200152
2026-05-27T13:40:00+00:00,15942.1,15942.5,15940.7,15941.15,15941.9,15942.3,15942.3,15942.7,15940.5,15940.9,15941,15941.3,0.3,759.1500138
2026-05-27T13:45:00+00:00,15941.2,15941.3,15938.55,15940.7,15941,15941.4,15941.1,15941.5,15938.3,15938.8,15940.5,15940.9,0.4,1614.250025
2026-05-27T13:50:00+00:00,15940.7,15941.85,15939.3,15940.1,15940.5,15940.9,15941.7,15942,15939.1,15939.5,15939.9,15940.3,0.4,1808.100036
2026-05-27T13:55:00+00:00,15940.05,15940.35,15938.5,15938.5,15939.9,15940.2,15940.1,15940.6,15938.3,15938.7,15938.3,15938.7,0.4,764.6000141
2026-05-27T14:00:00+00:00,15938.4,15940.95,15937.6,15939.7,15938.2,15938.6,15940.7,15941.2,15937.4,15937.8,15939.5,15939.9,0.4,765.3600143
2026-05-27T14:05:00+00:00,15939.75,15941.45,15939.5,15940.5,15939.4,15940.1,15941.2,15941.7,15939.3,15939.7,15940.2,15940.8,0.6,960.3300105
2026-05-27T14:10:00+00:00,15940.5,15940.7,15938.15,15938.3,15940.3,15940.7,15940.4,15941,15938,15938.3,15938.1,15938.5,0.4,841.7300105
2026-05-27T14:15:00+00:00,15938.35,15939.45,15937.05,15938.3,15938.2,15938.5,15939.2,15939.7,15936.9,15937.2,15938.1,15938.5,0.4,865.0300142
2026-05-27T14:20:00+00:00,15938.2,15941.1,15937.25,15940.4,15938,15938.4,15940.9,15941.3,15937.1,15937.4,15940.3,15940.5,0.2,1370.460022
2026-05-27T14:25:00+00:00,15940.35,15940.8,15939.4,15939.55,15940.2,15940.5,15940.7,15940.9,15939.2,15939.6,15939.4,15939.7,0.3,807.7600114
2026-05-27T14:30:00+00:00,15939.3,15945.1,15938.1,15943.2,15939.2,15939.4,15944.9,15945.3,15937.9,15938.3,15943,15943.4,0.4,2200.08003
2026-05-27T14:35:00+00:00,15943.25,15944.25,15941.65,15942.75,15943.1,15943.4,15944,15944.5,15941.4,15941.9,15942.6,15942.9,0.3,1371.220021
2026-05-27T14:40:00+00:00,15942.55,15944.35,15941.8,15941.8,15942.4,15942.7,15944.3,15944.4,15941.6,15942,15941.6,15942,0.4,887.8300145
2026-05-27T14:45:00+00:00,15941.8,15947.05,15940.35,15946.5,15941.5,15942.1,15946.8,15947.3,15940.1,15940.6,15946.4,15946.6,0.2,1701.44002
2026-05-27T14:50:00+00:00,15946.7,15950.2,15945.55,15948.9,15946.4,15947,15950.1,15950.3,15945.3,15945.8,15948.7,15949.1,0.4,3081.140033
2026-05-27T14:55:00+00:00,15948.95,15951.15,15947.75,15951,15948.8,15949.1,15950.9,15951.4,15947.4,15948.1,15950.7,15951.3,0.6,4420.450059
2026-05-27T15:00:00+00:00,15951.05,15953.7,15947,15948.9,15950.8,15951.3,15953.5,15953.9,15946.7,15947.3,15948.6,15949.2,0.6,3556.640038
2026-05-27T15:05:00+00:00,15948.8,15949,15945.9,15946.8,15948.7,15948.9,15948.8,15949.2,15945.6,15946.2,15946.6,15947,0.4,1249.480015
2026-05-27T15:10:00+00:00,15946.9,15948.2,15945.25,15945.8,15946.8,15947,15948,15948.4,15945.1,15945.4,15945.6,15946,0.4,797.7300129
2026-05-27T15:15:00+00:00,15945.9,15949.3,15945.9,15948.35,15945.7,15946.1,15949.2,15949.4,15945.7,15946.1,15948.2,15948.5,0.3,811.7500166
2026-05-27T15:20:00+00:00,15948.4,15949.15,15947.05,15948.35,15948.3,15948.5,15949,15949.3,15946.8,15947.3,15948.2,15948.5,0.3,998.0300156
2026-05-27T15:25:00+00:00,15948.4,15948.6,15945.95,15947.15,15948.2,15948.6,15948.4,15948.8,15945.8,15946.1,15946.9,15947.4,0.5,438.1100075
2026-05-27T15:30:00+00:00,15946.9,15947.5,15943.65,15944.2,15946.7,15947.1,15947.3,15947.7,15943.4,15943.9,15944,15944.4,0.4,1585.090026
2026-05-27T15:35:00+00:00,15944.3,15946.3,15944.05,15946.05,15944.1,15944.5,15946.1,15946.5,15943.8,15944.3,15945.9,15946.2,0.3,609.0700094
2026-05-27T15:40:00+00:00,15946,15949.3,15945.55,15948.4,15945.8,15946.2,15949.1,15949.5,15945.4,15945.7,15948.2,15948.6,0.4,672.6100142
2026-05-27T15:45:00+00:00,15948.5,15950.5,15945.9,15949.75,15948.1,15948.9,15950.3,15950.7,15945.6,15946.2,15949.6,15949.9,0.3,738.8200134
2026-05-27T15:50:00+00:00,15949.85,15950.4,15948.5,15949.1,15949.6,15950.1,15950.2,15950.6,15948.3,15948.7,15948.9,15949.3,0.4,472.1300095
2026-05-27T15:55:00+00:00,15949,15949.55,15947.3,15947.4,15948.8,15949.2,15949.4,15949.7,15947.1,15947.5,15947.2,15947.6,0.4,328.690006
2026-05-27T16:00:00+00:00,15947.1,15952.65,15946.95,15951.85,15946.9,15947.3,15952.5,15952.8,15946.8,15947.1,15951.7,15952,0.3,1197.480021
2026-05-27T16:05:00+00:00,15951.8,15952.2,15950.1,15951.85,15951.6,15952,15952,15952.4,15949.9,15950.3,15951.7,15952,0.3,465.3400093
2026-05-27T16:10:00+00:00,15952,15952,15951,15951.1,15951.8,15952.2,15951.8,15952.2,15950.8,15951.2,15950.9,15951.3,0.4,246.3200042
2026-05-27T16:15:00+00:00,15951.05,15951.7,15949.7,15949.8,15950.9,15951.2,15951.5,15951.9,15949.6,15949.8,15949.7,15949.9,0.2,343.0000055
2026-05-27T16:20:00+00:00,15949.75,15950,15949.2,15949.75,15949.6,15949.9,15949.8,15950.2,15949,15949.4,15949.6,15949.9,0.3,312.6000043
2026-05-27T16:25:00+00:00,15949.65,15950.65,15948.5,15950.5,15949.5,15949.8,15950.4,15950.9,15948.3,15948.7,15950.1,15950.9,0.8,269.6300039
2026-05-27T16:30:00+00:00,15950.45,15951.9,15950.2,15951.8,15950.2,15950.7,15951.7,15952.1,15950,15950.4,15951.6,15952,0.4,342.3900076
2026-05-27T16:35:00+00:00,15951.65,15951.95,15950.05,15950.15,15951.5,15951.8,15951.8,15952.1,15949.9,15950.2,15950,15950.3,0.3,228.3000045
2026-05-27T16:40:00+00:00,15950,15950.1,15948.5,15949.6,15949.8,15950.2,15949.9,15950.3,15948.3,15948.7,15949.4,15949.8,0.4,169.800004
2026-05-27T16:45:00+00:00,15949.65,15949.85,15949.25,15949.45,15949.5,15949.8,15949.7,15950,15949.1,15949.4,15949.3,15949.6,0.3,98.9200027
2026-05-27T16:50:00+00:00,15949.4,15949.8,15949.15,15949.75,15949.2,15949.6,15949.5,15950.1,15949,15949.3,15949.5,15950,0.5,179.1000026
2026-05-27T16:55:00+00:00,15949.8,15950.6,15949.55,15949.8,15949.5,15950.1,15950.4,15950.8,15949.4,15949.7,15949.6,15950,0.4,348.7600073
2026-05-27T17:00:00+00:00,15949.75,15951.4,15949.6,15950.7,15949.5,15950,15951.2,15951.6,15949.4,15949.8,15950.5,15950.9,0.4,477.6800091
2026-05-27T17:05:00+00:00,15950.6,15954.6,15950.45,15954.05,15950.4,15950.8,15954.4,15954.8,15950.3,15950.6,15953.9,15954.2,0.3,664.5600111
2026-05-27T17:10:00+00:00,15954.1,15954.95,15953.75,15954.5,15954,15954.2,15954.8,15955.1,15953.6,15953.9,15954.4,15954.6,0.2,561.7800093
2026-05-27T17:15:00+00:00,15954.4,15955.85,15954.15,15955.55,15954.3,15954.5,15955.6,15956.1,15954,15954.3,15955.4,15955.7,0.3,722.6400067
2026-05-27T17:20:00+00:00,15955.15,15957.7,15955.05,15957.45,15955,15955.3,15957.5,15957.9,15954.8,15955.3,15957.3,15957.6,0.3,237.610005
2026-05-27T17:25:00+00:00,15957.35,15957.95,15956.45,15957.05,15957.2,15957.5,15957.8,15958.1,15956.3,15956.6,15956.9,15957.2,0.3,221.4000045
2026-05-27T17:30:00+00:00,15957.1,15957.55,15955.75,15956.05,15957,15957.2,15957.5,15957.6,15955.6,15955.9,15956,15956.1,0.1,309.4500054
2026-05-27T17:35:00+00:00,15956.1,15956.1,15954.2,15955.05,15956,15956.2,15956,15956.2,15954.1,15954.3,15955,15955.1,0.1,363.9000078
2026-05-27T17:40:00+00:00,15955,15955.7,15952.85,15952.85,15954.9,15955.1,15955.6,15955.8,15952.7,15953,15952.7,15953,0.3,367.0500067
2026-05-27T17:45:00+00:00,15952.9,15953.35,15951.95,15953,15952.8,15953,15953.1,15953.6,15951.6,15952.3,15952.7,15953.3,0.6,439.80001
2026-05-27T17:50:00+00:00,15953.1,15953.2,15951.6,15952,15952.9,15953.3,15953,15953.4,15951.5,15951.7,15951.9,15952.1,0.2,276.3100053
2026-05-27T17:55:00+00:00,15951.85,15952.95,15951.75,15952.5,15951.8,15951.9,15952.9,15953,15951.6,15951.9,15952.3,15952.7,0.4,357.3100079
2026-05-27T18:00:00+00:00,15952.75,15954.6,15951.95,15954.55,15952.6,15952.9,15954.4,15954.8,15951.8,15952.1,15954.4,15954.7,0.3,280.7800066
2026-05-27T18:05:00+00:00,15954.45,15954.55,15953.8,15954.3,15954.3,15954.6,15954.3,15954.8,15953.7,15953.9,15954,15954.6,0.6,278.8500046
2026-05-27T18:10:00+00:00,15954.25,15954.8,15953.5,15954.7,15954,15954.5,15954.6,15955,15953.3,15953.7,15954.5,15954.9,0.4,157.4200032
2026-05-27T18:15:00+00:00,15954.55,15955.8,15954.5,15954.7,15954.4,15954.7,15955.7,15955.9,15954.3,15954.7,15954.5,15954.9,0.4,341.9400071
2026-05-27T18:20:00+00:00,15954.6,15954.9,15953.45,15954.45,15954.4,15954.8,15954.6,15955.2,15953.2,15953.7,15954.3,15954.6,0.3,203.5700028
2026-05-27T18:25:00+00:00,15954.4,15954.45,15952.35,15953.25,15954.2,15954.6,15954.2,15954.7,15952.2,15952.5,15953.1,15953.4,0.3,279.1900033
2026-05-27T18:30:00+00:00,15953.3,15954.35,15952.2,15954.35,15953.1,15953.5,15954.2,15954.5,15952,15952.4,15954.2,15954.5,0.3,311.8900067
2026-05-27T18:35:00+00:00,15954.15,15954.75,15953.5,15953.7,15954,15954.3,15954.5,15955,15953.3,15953.7,15953.5,15953.9,0.4,281.4000057
2026-05-27T18:40:00+00:00,15953.85,15953.85,15952.3,15952.4,15953.7,15954,15953.7,15954,15952.1,15952.5,15952.1,15952.7,0.6,169.8600037
2026-05-27T18:45:00+00:00,15952.7,15953.4,15951.9,15951.95,15952.6,15952.8,15953.1,15953.7,15951.7,15952.1,15951.8,15952.1,0.3,215.320004
2026-05-27T18:50:00+00:00,15952.05,15952.85,15951.2,15952.1,15951.9,15952.2,15952.7,15953,15951,15951.4,15951.8,15952.4,0.6,270.6700031
2026-05-27T18:55:00+00:00,15952.05,15952.05,15949.5,15950.55,15951.9,15952.2,15951.9,15952.2,15949.3,15949.7,15950.2,15950.9,0.7,380.4000058
2026-05-27T19:00:00+00:00,15950.7,15952,15950.2,15950.55,15950.5,15950.9,15951.7,15952.3,15950,15950.4,15950.4,15950.7,0.3,331.420004
2026-05-27T19:05:00+00:00,15950.65,15951,15950.25,15951,15950.4,15950.9,15950.8,15951.2,15950.1,15950.4,15950.8,15951.2,0.4,143.7000027
2026-05-27T19:10:00+00:00,15951.2,15953.25,15951.15,15952.45,15951.1,15951.3,15953.1,15953.4,15951,15951.3,15952.3,15952.6,0.3,183.3000032
2026-05-27T19:15:00+00:00,15952.4,15953.1,15951.8,15952.85,15952.2,15952.6,15952.9,15953.3,15951.6,15952,15952.7,15953,0.3,149.1000025
2026-05-27T19:20:00+00:00,15952.8,15953,15952.05,15952.2,15952.6,15953,15952.8,15953.2,15951.9,15952.2,15952,15952.4,0.4,177.6000035
2026-05-27T19:25:00+00:00,15952.3,15953,15952.1,15952.25,15952.1,15952.5,15952.8,15953.2,15951.9,15952.3,15952.1,15952.4,0.3,197.7000029
2026-05-27T19:30:00+00:00,15952.4,15953.15,15951.4,15951.7,15952.2,15952.6,15953,15953.3,15951.2,15951.6,15951.4,15952,0.6,203.9400043
2026-05-27T19:35:00+00:00,15951.65,15952.3,15950.85,15951.9,15951.5,15951.8,15952.1,15952.5,15950.7,15951,15951.7,15952.1,0.4,319.2000062
2026-05-27T19:40:00+00:00,15952,15953.4,15952,15953.05,15951.7,15952.3,15953.3,15953.5,15951.7,15952.3,15952.9,15953.2,0.3,180.7700026
2026-05-27T19:45:00+00:00,15953.15,15953.55,15952.95,15953.4,15953,15953.3,15953.4,15953.7,15952.8,15953.1,15953.3,15953.5,0.2,147.3000028
2026-05-27T19:50:00+00:00,15953.55,15955.25,15953.4,15954.65,15953.4,15953.7,15955,15955.5,15953.2,15953.6,15954.5,15954.8,0.3,193.0800041
2026-05-27T19:55:00+00:00,15954.5,15954.65,15953.5,15954.05,15954.3,15954.7,15954.5,15954.8,15953.3,15953.7,15953.9,15954.2,0.3,300.4500065
2026-05-27T20:00:00+00:00,15954.1,15954.2,15952.1,15952.15,15954,15954.2,15954,15954.4,15951.9,15952.3,15952,15952.3,0.3,536.7700076
2026-05-27T20:05:00+00:00,15952.35,15953.25,15951.4,15951.75,15952.3,15952.4,15953,15953.5,15951.1,15951.7,15951.6,15951.9,0.3,291.6000034
2026-05-27T20:10:00+00:00,15951.65,15952.55,15950.4,15951.65,15951.4,15951.9,15952.3,15952.8,15950.1,15950.7,15951.4,15951.9,0.5,251.2200038
2026-05-27T20:15:00+00:00,15951.6,15953.65,15951.55,15953.5,15951.4,15951.8,15953.4,15953.9,15951.3,15951.8,15953.3,15953.7,0.4,197.8500038
2026-05-27T20:20:00+00:00,15953.45,15953.75,15953.4,15953.6,15953.2,15953.7,15953.5,15954,15953.2,15953.6,15953.4,15953.8,0.4,113.1000023
2026-05-27T20:25:00+00:00,15953.55,15953.6,15952.25,15952.65,15953.3,15953.8,15953.4,15953.8,15952.1,15952.4,15952.3,15953,0.7,235.5400047
2026-05-27T20:30:00+00:00,15952.6,15953.55,15952.4,15953.15,15952.3,15952.9,15953.3,15953.8,15952.1,15952.7,15952.9,15953.4,0.5,237.0900038
2026-05-27T20:35:00+00:00,15953.1,15953.35,15952.2,15952.75,15952.8,15953.4,15953,15953.7,15951.9,15952.5,15952.4,15953.1,0.7,386.1500031
2026-05-27T20:40:00+00:00,15952.7,15953.55,15952.05,15952.5,15952.4,15953,15953.3,15953.8,15951.8,15952.3,15952.3,15952.7,0.4,180.3200028
2026-05-27T20:45:00+00:00,15952.65,15953.85,15952.5,15953.8,15952.4,15952.9,15953.5,15954.2,15952.2,15952.8,15953.5,15954.1,0.6,279.5300062
2026-05-27T20:50:00+00:00,15953.7,15954,15952.75,15953.45,15953.3,15954.1,15953.7,15954.3,15952.5,15953,15953.1,15953.8,0.7,601.5500124
2026-05-27T20:55:00+00:00,15953.3,15953.6,15951.55,15952.8,15952.8,15953.8,15952.9,15954.3,15950.7,15952.4,15951.3,15954.3,3,521.5100046
2026-05-27T21:00:00+00:00,15952.1,15953.15,15946.5,15946.85,15950.3,15953.9,15950.3,15956,15941.7,15951.3,15942.4,15951.3,8.9,13.79999971
2026-05-27T21:05:00+00:00,15946.75,15947.9,15946.7,15946.95,15941.9,15951.6,15943.3,15952.5,15941.9,15951.5,15942.3,15951.6,9.3,62.56000113
2026-05-27T21:10:00+00:00,15947.2,15949.4,15946.8,15947.85,15942.8,15951.6,15945.7,15953.1,15942,15951.6,15943.6,15952.1,8.5,61.2300005
2026-05-27T21:15:00+00:00,15949,15949,15946.15,15947.1,15945.9,15952.1,15945.9,15952.1,15942.1,15950.2,15942.1,15952.1,10,12.14999992
2026-05-27T21:20:00+00:00,15947.15,15948.7,15946.4,15947.55,15944.1,15950.2,15945.3,15952.1,15942.6,15950.2,15944.5,15950.6,6.1,37.20000076
2026-05-27T21:25:00+00:00,15947.9,15948.5,15947.35,15947.35,15945.2,15950.6,15945.9,15951.1,15944.4,15950.3,15944.4,15950.3,5.9,68.55000061
2026-05-27T21:30:00+00:00,15948.05,15948.5,15947.2,15947.9,15945.8,15950.3,15945.8,15951.2,15944.4,15950,15944.8,15951,6.2,107.1000036
2026-05-27T21:35:00+00:00,15947.8,15948.25,15945.65,15945.8,15944.7,15950.9,15945.6,15950.9,15943.8,15947.5,15944.1,15947.5,3.4,99.02000123
2026-05-27T21:40:00+00:00,15945.85,15946.9,15945.65,15946.3,15944.1,15947.6,15944.1,15949.7,15943.8,15947.5,15944.1,15948.5,4.4,37.38000047
2026-05-27T21:45:00+00:00,15945.8,15947.2,15944.95,15946.1,15944.1,15947.5,15944.8,15949.6,15942.4,15947.5,15944.7,15947.5,2.8,29.10000038
2026-05-27T21:50:00+00:00,15946.15,15947.2,15945.3,15946.8,15944.7,15947.6,15945.2,15949.2,15943.5,15947.1,15945.1,15948.5,3.4,114.6000004
2026-05-27T21:55:00+00:00,15946.55,15948.45,15945.7,15947.85,15944.5,15948.6,15947,15949.9,15944.1,15947.3,15946.7,15949,2.3,142.0500013
2026-05-27T22:00:00+00:00,15947.7,15950.95,15947,15949.25,15946.4,15949,15950.3,15951.6,15946.2,15947.8,15948.8,15949.7,0.9,275.3699946
2026-05-27T22:05:00+00:00,15949.35,15950.4,15947.75,15949.25,15948.9,15949.8,15950,15950.8,15947.4,15948.1,15948.8,15949.7,0.9,139.4200027
2026-05-27T22:10:00+00:00,15949.5,15951.15,15949.1,15949.2,15949.1,15949.9,15950.8,15951.5,15948.7,15949.5,15948.8,15949.6,0.8,141.0400025
2026-05-27T22:15:00+00:00,15949.3,15949.55,15948.15,15949.35,15948.9,15949.7,15949.2,15949.9,15947.7,15948.6,15949.2,15949.5,0.3,71.70000148
2026-05-27T22:20:00+00:00,15949.4,15949.4,15947.35,15948.05,15949.2,15949.6,15949.2,15949.6,15947,15947.7,15947.7,15948.4,0.7,135.970004
2026-05-27T22:25:00+00:00,15948.1,15949.55,15948,15949.5,15947.7,15948.5,15949.1,15950,15947.5,15948.5,15949,15950,1,77.25000107
2026-05-27T22:30:00+00:00,15949.35,15950.75,15949.3,15950.7,15949.1,15949.6,15950.4,15951.1,15949,15949.6,15950.4,15951,0.6,97.80000234
2026-05-27T22:35:00+00:00,15950.4,15951.1,15949.15,15949.35,15950.3,15950.5,15950.8,15951.4,15948.9,15949.4,15949,15949.7,0.7,122.0200034
2026-05-27T22:40:00+00:00,15949.4,15950.5,15948.35,15950.4,15949.1,15949.7,15950.1,15950.9,15948,15948.7,15950.1,15950.7,0.6,107.9200021
2026-05-27T22:45:00+00:00,15950.45,15951,15950.35,15950.75,15950.2,15950.7,15950.6,15951.4,15950,15950.7,15950.4,15951.1,0.7,90.75000179
2026-05-27T22:50:00+00:00,15950.8,15951.8,15950.7,15951.35,15950.4,15951.2,15951.5,15952.1,15950.3,15951.1,15950.9,15951.8,0.9,126.1500025
2026-05-27T22:55:00+00:00,15951.2,15951.45,15950.3,15950.4,15950.8,15951.6,15951.2,15951.7,15949.9,15950.7,15950,15950.8,0.8,81.38000178
2026-05-27T23:00:00+00:00,15950.7,15950.8,15950.45,15950.65,15950.3,15951.1,15950.5,15951.1,15950.2,15950.7,15950.3,15951,0.7,38.25000119
2026-05-27T23:05:00+00:00,15950.7,15951.25,15950.7,15950.75,15950.4,15951,15951,15951.5,15950.4,15951,15950.5,15951,0.5,21.60000086
2026-05-27T23:10:00+00:00,15950.65,15950.75,15949.65,15950.75,15950.4,15950.9,15950.5,15951,15949.3,15950,15950.5,15951,0.5,53.40000105
2026-05-27T23:15:00+00:00,15950.9,15951.35,15949.55,15950.6,15950.7,15951.1,15951.2,15951.5,15949.3,15949.8,15950.2,15951,0.8,100.2000021
2026-05-27T23:20:00+00:00,15950.75,15954.8,15950.75,15954.05,15950.5,15951,15954.5,15955.1,15950.5,15951,15953.8,15954.3,0.5,521.0900095
2026-05-27T23:25:00+00:00,15954.15,15954.75,15953.65,15954.35,15953.9,15954.4,15954.5,15955,15953.4,15953.9,15954.1,15954.6,0.5,137.7000029
2026-05-27T23:30:00+00:00,15954.8,15955.55,15952.5,15952.7,15954.6,15955,15955.3,15955.8,15952.1,15952.9,15952.3,15953.1,0.8,491.6600082
2026-05-27T23:35:00+00:00,15952.7,15954.7,15952.7,15954.25,15952.3,15953.1,15954.4,15955,15952.3,15953.1,15954,15954.5,0.5,177.900002
2026-05-27T23:40:00+00:00,15954.55,15955.95,15954.5,15954.65,15954.4,15954.7,15955.7,15956.2,15954.3,15954.7,15954.4,15954.9,0.5,155.1700027
2026-05-27T23:45:00+00:00,15954.8,15955.55,15954.4,15955.5,15954.6,15955,15955.2,15955.9,15954.1,15954.7,15955.2,15955.8,0.6,137.0200021
2026-05-27T23:50:00+00:00,15955.45,15957.8,15955.45,15956.6,15955,15955.9,15957.6,15958,15955,15955.9,15956.4,15956.8,0.4,291.8800063
2026-05-27T23:55:00+00:00,15956.75,15957.15,15955.85,15957.15,15956.6,15956.9,15956.9,15957.4,15955.7,15956,15956.9,15957.4,0.5,126.0000029
2026-05-28T00:00:00+00:00,15957.4,15958.35,15956.75,15957.4,15957.2,15957.6,15958.1,15958.6,15956.5,15957,15957.2,15957.6,0.4,595.0800083
2026-05-28T00:05:00+00:00,15957.25,15957.5,15955.35,15955.35,15957,15957.5,15957.4,15957.6,15955.1,15955.6,15955.1,15955.6,0.5,248.2200058
2026-05-28T00:10:00+00:00,15955.45,15957.35,15955.25,15956.75,15955.3,15955.6,15957.1,15957.6,15955,15955.5,15956.4,15957.1,0.7,392.3100065
2026-05-28T00:15:00+00:00,15956.75,15957.65,15955.8,15956.95,15956.4,15957.1,15957.3,15958,15955.6,15956,15956.7,15957.2,0.5,355.0600038
2026-05-28T00:20:00+00:00,15956.85,15957,15954.55,15955.75,15956.6,15957.1,15956.8,15957.2,15954.3,15954.8,15955.5,15956,0.5,296.7200078
2026-05-28T00:25:00+00:00,15955.7,15956.6,15955.05,15955.05,15955.5,15955.9,15956.4,15956.8,15954.7,15955.4,15954.7,15955.4,0.7,347.1900072
2026-05-28T00:30:00+00:00,15954.95,15957.25,15954.95,15956.85,15954.7,15955.2,15957,15957.5,15954.7,15955.2,15956.6,15957.1,0.5,517.8000096
2026-05-28T00:35:00+00:00,15956.9,15959.05,15956.05,15959.05,15956.6,15957.2,15958.8,15959.3,15955.8,15956.3,15958.8,15959.3,0.5,293.5500059
2026-05-28T00:40:00+00:00,15958.85,15959.45,15956.5,15957.75,15958.6,15959.1,15959.2,15959.7,15956.3,15956.7,15957.5,15958,0.5,383.1900067
2026-05-28T00:45:00+00:00,15957.65,15959.4,15957.35,15959.15,15957.4,15957.9,15959.2,15959.6,15957.1,15957.6,15958.8,15959.5,0.7,406.4100077
2026-05-28T00:50:00+00:00,15959.35,15960.2,15956.85,15959.15,15959.1,15959.6,15959.9,15960.5,15956.5,15957.2,15958.8,15959.5,0.7,1182.510013
2026-05-28T00:55:00+00:00,15959.2,15959.2,15955.5,15955.8,15958.9,15959.5,15958.9,15959.5,15955.2,15955.8,15955.5,15956.1,0.6,786.7100128
2026-05-28T01:00:00+00:00,15956,15957.85,15955.55,15957.75,15955.8,15956.2,15957.6,15958.1,15955.3,15955.8,15957.5,15958,0.5,538.5100069
2026-05-28T01:05:00+00:00,15957.85,15957.9,15955.6,15956.4,15957.5,15958.2,15957.6,15958.2,15955.4,15955.8,15956.2,15956.6,0.4,557.9600075
2026-05-28T01:10:00+00:00,15956.45,15956.45,15954.05,15955.15,15956.2,15956.7,15956.2,15956.7,15953.8,15954.3,15954.8,15955.5,0.7,514.7200074
2026-05-28T01:15:00+00:00,15955.05,15955.65,15953.95,15954.3,15954.7,15955.4,15955.4,15955.9,15953.7,15954.2,15954,15954.6,0.6,470.400007
2026-05-28T01:20:00+00:00,15954.2,15955.15,15954.15,15954.3,15954,15954.4,15954.9,15955.4,15953.9,15954.4,15954.1,15954.5,0.4,225.4500037
2026-05-28T01:25:00+00:00,15954.85,15955.75,15954.75,15955.4,15954.7,15955,15955.6,15955.9,15954.5,15955,15955.1,15955.7,0.6,209.4700024
2026-05-28T01:30:00+00:00,15955.25,15956.5,15953.95,15956.4,15955,15955.5,15956.3,15956.7,15953.7,15954.2,15956.2,15956.6,0.4,320.5300043
2026-05-28T01:35:00+00:00,15956.5,15956.9,15956.15,15956.15,15956.3,15956.7,15956.6,15957.2,15955.9,15956.4,15955.9,15956.4,0.5,78.45000207
2026-05-28T01:40:00+00:00,15956.25,15957.95,15956.25,15957.55,15956,15956.5,15957.7,15958.2,15956,15956.5,15957.4,15957.7,0.3,239.9700049
2026-05-28T01:45:00+00:00,15957.6,15959.05,15957.35,15957.85,15957.5,15957.7,15958.8,15959.3,15957.2,15957.5,15957.5,15958.2,0.7,280.0400053
2026-05-28T01:50:00+00:00,15957.95,15958.65,15957.35,15958.05,15957.7,15958.2,15958.6,15958.7,15957.2,15957.5,15957.8,15958.3,0.5,225.6000046
2026-05-28T01:55:00+00:00,15958.15,15959.2,15957.8,15958.95,15957.9,15958.4,15959,15959.4,15957.6,15958,15958.7,15959.2,0.5,290.7300037
2026-05-28T02:00:00+00:00,15958.85,15960.25,15957.85,15960.2,15958.5,15959.2,15960,15960.5,15957.6,15958.1,15959.9,15960.5,0.6,570.6000111
2026-05-28T02:05:00+00:00,15960.15,15960.3,15959.15,15959.2,15960.1,15960.2,15960.1,15960.5,15958.9,15959.4,15959,15959.4,0.4,146.4000016
2026-05-28T02:10:00+00:00,15959.3,15959.3,15957.05,15957.45,15959,15959.6,15959,15959.6,15956.9,15957.2,15957.2,15957.7,0.5,174.3600041
2026-05-28T02:15:00+00:00,15957.5,15957.5,15955.5,15955.5,15957.3,15957.7,15957.3,15957.7,15955.3,15955.7,15955.3,15955.7,0.4,115.1200025
2026-05-28T02:20:00+00:00,15955.4,15955.4,15953,15953.7,15955.2,15955.6,15955.2,15955.6,15952.8,15953.2,15953.5,15953.9,0.4,244.3500038
2026-05-28T02:25:00+00:00,15953.55,15953.9,15953.5,15953.9,15953.4,15953.7,15953.7,15954.1,15953.3,15953.7,15953.7,15954.1,0.4,53.25000119
2026-05-28T02:30:00+00:00,15953.75,15953.9,15952.45,15953,15953.6,15953.9,15953.7,15954.1,15952.4,15952.5,15952.8,15953.2,0.4,199.3500015
2026-05-28T02:35:00+00:00,15952.9,15955.6,15952.5,15953.9,15952.7,15953.1,15955.3,15955.9,15952.4,15952.6,15953.7,15954.1,0.4,166.0500034
2026-05-28T02:40:00+00:00,15954,15956.3,15954,15955.5,15953.8,15954.2,15956,15956.6,15953.8,15954.2,15955.3,15955.7,0.4,190.6500033
2026-05-28T02:45:00+00:00,15955.55,15956.75,15955.5,15956.5,15955.4,15955.7,15956.5,15957,15955.3,15955.7,15956.3,15956.7,0.4,364.6500089
2026-05-28T02:50:00+00:00,15956.4,15958.15,15956.25,15957.6,15956.2,15956.6,15958,15958.3,15956.1,15956.4,15957.4,15957.8,0.4,393.4500058
2026-05-28T02:55:00+00:00,15957.35,15957.35,15955.75,15955.85,15957.2,15957.5,15957.2,15957.5,15955.6,15955.9,15955.8,15955.9,0.1,217.4900049
2026-05-28T03:00:00+00:00,15955.8,15955.95,15954.15,15954.4,15955.7,15955.9,15955.9,15956,15954,15954.3,15954.2,15954.6,0.4,238.8700039
2026-05-28T03:05:00+00:00,15954.15,15955.5,15954,15955,15954,15954.3,15955.2,15955.8,15953.7,15954.3,15954.5,15955.5,1,773.6000093
2026-05-28T03:10:00+00:00,15954.75,15957.35,15954.75,15956.8,15954.4,15955.1,15957,15957.7,15954.4,15955.1,15956.6,15957,0.4,771.5600096
2026-05-28T03:15:00+00:00,15956.8,15958.7,15956.75,15957.9,15956.6,15957,15958.5,15958.9,15956.5,15957,15957.7,15958.1,0.4,362.2300068
2026-05-28T03:20:00+00:00,15957.8,15958.95,15957.7,15958.05,15957.6,15958,15958.7,15959.2,15957.5,15957.9,15957.8,15958.3,0.5,577.3700062
2026-05-28T03:25:00+00:00,15958.15,15958.75,15957.4,15958.6,15957.9,15958.4,15958.6,15958.9,15957.2,15957.6,15958.4,15958.8,0.4,235.6500057
2026-05-28T03:30:00+00:00,15958.55,15960.5,15958.5,15960.15,15958.4,15958.7,15960.3,15960.7,15958.3,15958.7,15960,15960.3,0.3,373.3500082
2026-05-28T03:35:00+00:00,15960.25,15963.2,15959.8,15961.8,15960.1,15960.4,15963,15963.4,15959.6,15960,15961.6,15962,0.4,786.4100146
2026-05-28T03:40:00+00:00,15961.6,15962.7,15960.8,15962.6,15961.4,15961.8,15962.4,15963,15960.5,15961.1,15962.3,15962.9,0.6,648.7300102
2026-05-28T03:45:00+00:00,15962.6,15964.9,15962.35,15964.2,15962.3,15962.9,15964.6,15965.2,15962.1,15962.6,15964,15964.4,0.4,668.8400091
2026-05-28T03:50:00+00:00,15964.1,15965.3,15963.9,15963.95,15963.8,15964.4,15965.1,15965.5,15963.6,15964.2,15963.7,15964.2,0.5,412.6000037
2026-05-28T03:55:00+00:00,15963.9,15964.4,15961.7,15961.8,15963.7,15964.1,15964.1,15964.7,15961.4,15962,15961.6,15962,0.4,561.1000074
2026-05-28T04:00:00+00:00,15961.9,15961.95,15959.45,15959.7,15961.8,15962,15961.8,15962.1,15959.2,15959.7,15959.4,15960,0.6,596.8400117
2026-05-28T04:05:00+00:00,15959.65,15961.45,15956.15,15956.35,15959.4,15959.9,15961.2,15961.7,15956,15956.3,15956,15956.7,0.7,683.0700078
2026-05-28T04:10:00+00:00,15956.4,15956.45,15953.35,15953.6,15956.1,15956.7,15956.2,15956.7,15953.2,15953.5,15953.3,15953.9,0.6,1012.500013
2026-05-28T04:15:00+00:00,15953.25,15957.7,15952.65,15956.95,15953.1,15953.4,15957.4,15958,15952.4,15952.9,15956.7,15957.2,0.5,858.4200127
2026-05-28T04:20:00+00:00,15956.8,15956.9,15955.8,15956.7,15956.5,15957.1,15956.6,15957.2,15955.6,15956,15956.4,15957,0.6,636.1500076
2026-05-28T04:25:00+00:00,15956.6,15956.9,15955.25,15956.5,15956.4,15956.8,15956.7,15957.1,15955,15955.5,15956.3,15956.7,0.4,405.6000085
2026-05-28T04:30:00+00:00,15956.4,15956.5,15954,15955.85,15956.2,15956.6,15956.4,15956.6,15953.8,15954.2,15955.5,15956.2,0.7,226.0500041
2026-05-28T04:35:00+00:00,15955.9,15958.35,15955.5,15957.9,15955.7,15956.1,15958.1,15958.6,15955.3,15955.7,15957.7,15958.1,0.4,221.7000035
2026-05-28T04:40:00+00:00,15957.75,15959,15957.7,15958.2,15957.5,15958,15958.8,15959.2,15957.5,15957.9,15957.8,15958.6,0.8,188.320002
2026-05-28T04:45:00+00:00,15958.1,15959.45,15957.85,15958.95,15957.8,15958.4,15959.2,15959.7,15957.6,15958.1,15958.7,15959.2,0.5,162.1400024
2026-05-28T04:50:00+00:00,15959,15959.55,15958.8,15959.1,15958.8,15959.2,15959.2,15959.9,15958.6,15959,15958.7,15959.5,0.8,252.450002
2026-05-28T04:55:00+00:00,15959.05,15959.45,15957.1,15957.8,15958.7,15959.4,15959.1,15959.8,15956.9,15957.3,15957.5,15958.1,0.6,324.1900055
2026-05-28T05:00:00+00:00,15957.75,15958.15,15956.45,15956.65,15957.5,15958,15957.9,15958.4,15956.2,15956.7,15956.3,15957,0.7,431.3400044
2026-05-28T05:05:00+00:00,15956.75,15957.5,15955.8,15956.45,15956.5,15957,15957.3,15957.7,15955.7,15955.9,15956.2,15956.7,0.5,325.9000055
2026-05-28T05:10:00+00:00,15956.55,15956.75,15955.05,15955.55,15956.3,15956.8,15956.6,15956.9,15954.8,15955.3,15955.3,15955.8,0.5,472.5500052
2026-05-28T05:15:00+00:00,15955.8,15955.9,15954.9,15955.45,15955.7,15955.9,15955.7,15956.1,15954.7,15955.1,15955.2,15955.7,0.5,155.7000036
2026-05-28T05:20:00+00:00,15955.55,15957.75,15955.35,15956.75,15955.3,15955.8,15957.5,15958,15955.1,15955.6,15956.5,15957,0.5,255.9500045
2026-05-28T05:25:00+00:00,15956.65,15957.2,15956.05,15956.75,15956.4,15956.9,15957.1,15957.3,15955.8,15956.3,15956.4,15957.1,0.7,183.0000026
2026-05-28T05:30:00+00:00,15956.65,15956.8,15955.15,15955.45,15956.4,15956.9,15956.6,15957,15955,15955.3,15955.2,15955.7,0.5,359.1000068
2026-05-28T05:35:00+00:00,15955.65,15956.25,15954.05,15954.1,15955.4,15955.9,15956.1,15956.4,15953.8,15954.3,15953.9,15954.3,0.4,285.6900032
2026-05-28T05:40:00+00:00,15954,15955,15953.85,15954.3,15953.8,15954.2,15954.9,15955.1,15953.6,15954.1,15954.1,15954.5,0.4,454.3100076
2026-05-28T05:45:00+00:00,15954.2,15954.45,15953.3,15954.35,15954,15954.4,15954.2,15954.7,15953.1,15953.5,15954.2,15954.5,0.3,145.0900025
2026-05-28T05:50:00+00:00,15954.45,15955.8,15954.3,15955.55,15954.2,15954.7,15955.6,15956,15954.1,15954.5,15955.3,15955.8,0.5,124.9500033
2026-05-28T05:55:00+00:00,15955.6,15956.75,15955.5,15955.8,15955.4,15955.8,15956.4,15957.1,15955.3,15955.7,15955.6,15956,0.4,280.0500073
2026-05-28T06:00:00+00:00,15955.6,15957.35,15954.05,15954.6,15955.4,15955.8,15957.1,15957.6,15953.9,15954.2,15954.4,15954.8,0.4,663.370012
2026-05-28T06:05:00+00:00,15954.4,15954.8,15953.15,15954.25,15954.2,15954.6,15954.5,15955.1,15952.9,15953.4,15954.1,15954.4,0.3,794.5500065
2026-05-28T06:10:00+00:00,15954.2,15954.6,15952.1,15952.2,15954,15954.4,15954.3,15954.9,15951.8,15952.4,15951.8,15952.6,0.8,590.9000074
2026-05-28T06:15:00+00:00,15952.2,15953.35,15951.5,15952.25,15951.9,15952.5,15953.2,15953.5,15951.2,15951.8,15952,15952.5,0.5,349.5000057
2026-05-28T06:20:00+00:00,15952.25,15952.3,15950.95,15951.75,15952,15952.5,15952.1,15952.5,15950.8,15951.1,15951.5,15952,0.5,552.3700082
2026-05-28T06:25:00+00:00,15951.75,15952.15,15950.7,15952.1,15951.5,15952,15952,15952.3,15950.5,15950.9,15951.9,15952.3,0.4,648.4500083
2026-05-28T06:30:00+00:00,15952.4,15953.4,15950.35,15952.1,15952.3,15952.5,15953.2,15953.6,15950.2,15950.5,15951.8,15952.4,0.6,562.0000052
2026-05-28T06:35:00+00:00,15952.05,15952.05,15947.35,15948.05,15951.8,15952.3,15951.8,15952.3,15947.1,15947.6,15947.8,15948.3,0.5,975.3700103
2026-05-28T06:40:00+00:00,15948.1,15949.85,15947.5,15947.7,15947.8,15948.4,15949.5,15950.2,15947.3,15947.7,15947.5,15947.9,0.4,633.8500091
2026-05-28T06:45:00+00:00,15947.8,15948.55,15947.2,15947.9,15947.5,15948.1,15948.3,15948.8,15946.9,15947.5,15947.7,15948.1,0.4,568.4900043
2026-05-28T06:50:00+00:00,15947.95,15949.45,15947.65,15948.85,15947.7,15948.2,15949.2,15949.7,15947.4,15947.9,15948.6,15949.1,0.5,635.5500062
2026-05-28T06:55:00+00:00,15948.85,15949.15,15947.3,15949.15,15948.6,15949.1,15948.9,15949.4,15947.1,15947.5,15948.9,15949.4,0.5,538.9400038
2026-05-28T07:00:00+00:00,15948.95,15949,15944.2,15948.25,15948.6,15949.3,15948.7,15949.3,15944,15944.4,15948.1,15948.4,0.3,1193.470013
2026-05-28T07:05:00+00:00,15948.3,15949.7,15947.95,15948.2,15948.1,15948.5,15949.5,15949.9,15947.7,15948.2,15947.9,15948.5,0.6,395.6700088
2026-05-28T07:10:00+00:00,15948.15,15949.6,15946.35,15946.65,15947.9,15948.4,15949.4,15949.8,15946.1,15946.6,15946.5,15946.8,0.3,597.7500068
2026-05-28T07:15:00+00:00,15946.85,15949.25,15946.85,15947.95,15946.7,15947,15949,15949.5,15946.7,15947,15947.8,15948.1,0.3,914.1400055
2026-05-28T07:20:00+00:00,15947.9,15948.3,15947.05,15947.6,15947.8,15948,15948,15948.6,15946.8,15947.3,15947.4,15947.8,0.4,970.5200053
2026-05-28T07:25:00+00:00,15947.55,15951.4,15946.75,15950.75,15947.3,15947.8,15951.3,15951.5,15946.5,15947,15950.6,15950.9,0.3,743.4700112
2026-05-28T07:30:00+00:00,15950.7,15952.2,15949.05,15952.2,15950.5,15950.9,15952,15952.4,15948.8,15949.3,15952,15952.4,0.4,700.8300092
2026-05-28T07:35:00+00:00,15952.15,15952.4,15950.7,15951.45,15952,15952.3,15952.2,15952.6,15950.5,15950.9,15951.2,15951.7,0.5,573.7000071
2026-05-28T07:40:00+00:00,15951.75,15951.95,15949.45,15949.5,15951.5,15952,15951.7,15952.2,15949.2,15949.7,15949.3,15949.7,0.4,419.6100075
2026-05-28T07:45:00+00:00,15949.35,15950.25,15948.3,15950.2,15949.2,15949.5,15950,15950.5,15948.1,15948.5,15949.9,15950.5,0.6,327.5400054
2026-05-28T07:50:00+00:00,15950.1,15951.3,15947.8,15947.9,15949.9,15950.3,15951.1,15951.5,15947.6,15948,15947.7,15948.1,0.4,448.1500064
2026-05-28T07:55:00+00:00,15947.95,15948.95,15947.15,15947.9,15947.8,15948.1,15948.8,15949.1,15947,15947.3,15947.7,15948.1,0.4,692.1600115
2026-05-28T08:00:00+00:00,15947.7,15947.7,15945.1,15946.65,15947.5,15947.9,15947.5,15947.9,15945,15945.2,15946.5,15946.8,0.3,962.8800128
2026-05-28T08:05:00+00:00,15946.7,15947.15,15945.15,15945.65,15946.5,15946.9,15947,15947.3,15945,15945.3,15945.4,15945.9,0.5,428.0600076
2026-05-28T08:10:00+00:00,15945.7,15949.8,15945.45,15949.4,15945.5,15945.9,15949.6,15950,15945.3,15945.6,15949.2,15949.6,0.4,549.7300102
2026-05-28T08:15:00+00:00,15949.45,15951.8,15949.45,15950.55,15949.2,15949.7,15951.5,15952.1,15949.2,15949.7,15950.3,15950.8,0.5,656.080007
2026-05-28T08:20:00+00:00,15950.3,15951.1,15948.55,15949.35,15950.1,15950.5,15950.9,15951.3,15948.3,15948.8,15949.2,15949.5,0.3,438.8800045
2026-05-28T08:25:00+00:00,15949.25,15952.65,15949.05,15950.3,15949,15949.5,15952.4,15952.9,15948.8,15949.3,15950.1,15950.5,0.4,798.4300072
2026-05-28T08:30:00+00:00,15950.35,15951.4,15948.95,15950.8,15950.1,15950.6,15951.2,15951.6,15948.7,15949.2,15950.6,15951,0.4,686.9400077
2026-05-28T08:35:00+00:00,15950.6,15950.6,15948.3,15948.3,15950.4,15950.8,15950.4,15950.8,15948,15948.6,15948,15948.6,0.6,604.1000075
2026-05-28T08:40:00+00:00,15948.4,15948.8,15947.15,15948,15948.1,15948.7,15948.6,15949,15946.9,15947.4,15947.8,15948.2,0.4,276.0400039
2026-05-28T08:45:00+00:00,15948.05,15949.15,15945.95,15946.35,15947.9,15948.2,15949,15949.3,15945.7,15946.2,15946.1,15946.6,0.5,388.4400078
2026-05-28T08:50:00+00:00,15946.4,15947.1,15945.45,15946.7,15946.2,15946.6,15946.9,15947.3,15945.3,15945.6,15946.5,15946.9,0.4,356.1700054
2026-05-28T08:55:00+00:00,15946.85,15947.05,15945.4,15945.8,15946.6,15947.1,15946.8,15947.3,15945.1,15945.7,15945.6,15946,0.4,228.7500033
2026-05-28T09:00:00+00:00,15945.75,15946.15,15945.4,15945.75,15945.6,15945.9,15945.9,15946.4,15945.2,15945.6,15945.6,15945.9,0.3,313.8400044
2026-05-28T09:05:00+00:00,15945.7,15945.8,15944.45,15945.5,15945.6,15945.8,15945.6,15946,15944.3,15944.6,15945.3,15945.7,0.4,555.9500066
2026-05-28T09:10:00+00:00,15945.55,15947,15942.05,15942.35,15945.3,15945.8,15946.8,15947.2,15941.8,15942.3,15942.1,15942.6,0.5,635.8900068
2026-05-28T09:15:00+00:00,15942.35,15943.15,15939.65,15940.35,15942.1,15942.6,15942.9,15943.4,15939.5,15939.8,15940.1,15940.6,0.5,631.790007
2026-05-28T09:20:00+00:00,15940.25,15940.5,15938.8,15939.15,15940,15940.5,15940.3,15940.7,15938.6,15939,15939,15939.3,0.3,369.1500081
2026-05-28T09:25:00+00:00,15939.2,15939.65,15938.3,15939.5,15939.1,15939.3,15939.5,15939.8,15938,15938.6,15939.3,15939.7,0.4,338.1100054
2026-05-28T09:30:00+00:00,15939.8,15942.75,15939.6,15942.3,15939.6,15940,15942.5,15943,15939.4,15939.8,15942.1,15942.5,0.4,416.5900048
2026-05-28T09:35:00+00:00,15942.1,15942.2,15940.3,15941.25,15941.8,15942.4,15942,15942.4,15940.1,15940.5,15941,15941.5,0.5,372.3100061
2026-05-28T09:40:00+00:00,15941.35,15941.35,15939.1,15939.3,15941.2,15941.5,15941.2,15941.5,15938.9,15939.3,15939,15939.6,0.6,525.3200073
2026-05-28T09:45:00+00:00,15939.4,15941.55,15939.4,15940.5,15939.2,15939.6,15941.3,15941.8,15939.2,15939.6,15940.3,15940.7,0.4,276.0500054
2026-05-28T09:50:00+00:00,15940.55,15940.6,15939.1,15940.3,15940.4,15940.7,15940.4,15940.8,15938.9,15939.3,15940.1,15940.5,0.4,409.4900073
2026-05-28T09:55:00+00:00,15940.75,15942,15940.75,15941.7,15940.6,15940.9,15941.8,15942.2,15940.6,15940.9,15941.5,15941.9,0.4,231.0000064
2026-05-28T10:00:00+00:00,15941.7,15942.2,15940.25,15941.4,15941.5,15941.9,15942.1,15942.3,15940.1,15940.4,15941.2,15941.6,0.4,235.6100043
2026-05-28T10:05:00+00:00,15941.3,15941.3,15938.9,15939.6,15941.1,15941.5,15941.1,15941.5,15938.7,15939.1,15939.4,15939.8,0.4,336.0400066
2026-05-28T10:10:00+00:00,15939.4,15939.85,15938.2,15938.3,15939.2,15939.6,15939.6,15940.1,15938,15938.4,15938.1,15938.5,0.4,199.4600047
2026-05-28T10:15:00+00:00,15938.05,15940.8,15938,15939.6,15937.9,15938.2,15940.6,15941,15937.8,15938.2,15939.4,15939.8,0.4,410.8200074
2026-05-28T10:20:00+00:00,15939.45,15940.65,15939.35,15939.85,15939.3,15939.6,15940.4,15940.9,15939.2,15939.5,15939.5,15940.2,0.7,387.3300074
2026-05-28T10:25:00+00:00,15939.85,15939.9,15939,15939.15,15939.6,15940.1,15939.6,15940.2,15938.9,15939.1,15939,15939.3,0.3,273.7900053
2026-05-28T10:30:00+00:00,15939.2,15940.1,15939.15,15939.6,15939,15939.4,15939.9,15940.3,15939,15939.3,15939.4,15939.8,0.4,125.4500022
2026-05-28T10:35:00+00:00,15939.4,15940.55,15939.4,15940.3,15939.2,15939.6,15940.3,15940.8,15939.2,15939.6,15940.1,15940.5,0.4,231.6800047
2026-05-28T10:40:00+00:00,15940.4,15945.7,15940.4,15945.4,15940.2,15940.6,15945.5,15945.9,15940.2,15940.6,15945.1,15945.7,0.6,468.3700066
2026-05-28T10:45:00+00:00,15945.35,15945.7,15941.4,15942.05,15945.2,15945.5,15945.5,15945.9,15941.2,15941.6,15941.9,15942.2,0.3,486.7200069
2026-05-28T10:50:00+00:00,15942.05,15946.3,15941.8,15943.25,15941.8,15942.3,15946.1,15946.5,15941.5,15942.1,15943,15943.5,0.5,1271.150024
2026-05-28T10:55:00+00:00,15943.2,15946.7,15942.7,15946.7,15943,15943.4,15946.5,15946.9,15942.5,15942.9,15946.5,15946.9,0.4,685.680012
2026-05-28T11:00:00+00:00,15946.8,15946.95,15942.25,15942.4,15946.6,15947,15946.7,15947.2,15942.1,15942.4,15942.2,15942.6,0.4,1230.200019
2026-05-28T11:05:00+00:00,15942.45,15944.95,15942.3,15943.9,15942.3,15942.6,15944.7,15945.2,15942.1,15942.5,15943.7,15944.1,0.4,629.020012
2026-05-28T11:10:00+00:00,15943.95,15945.75,15943.2,15944.25,15943.8,15944.1,15945.6,15945.9,15943,15943.4,15944.1,15944.4,0.3,720.0900142
2026-05-28T11:15:00+00:00,15944.15,15944.2,15942.8,15943,15943.9,15944.4,15944,15944.4,15942.6,15943,15942.8,15943.2,0.4,597.9000101
2026-05-28T11:20:00+00:00,15942.95,15945.2,15941.8,15944.3,15942.8,15943.1,15945,15945.4,15941.6,15942,15944.1,15944.5,0.4,404.0400075
2026-05-28T11:25:00+00:00,15944.1,15945.9,15944.05,15945.6,15943.9,15944.3,15945.8,15946,15943.9,15944.2,15945.4,15945.8,0.4,194.8700036
2026-05-28T11:30:00+00:00,15945.65,15946.25,15944.6,15945.05,15945.5,15945.8,15946.1,15946.4,15944.4,15944.8,15944.9,15945.2,0.3,157.1000029
2026-05-28T11:35:00+00:00,15944.9,15945.9,15944.7,15945.45,15944.7,15945.1,15945.8,15946,15944.5,15944.9,15945.3,15945.6,0.3,184.0600036
2026-05-28T11:40:00+00:00,15945.5,15945.8,15944.6,15945.25,15945.3,15945.7,15945.6,15946,15944.3,15944.9,15944.9,15945.6,0.7,482.4300065
2026-05-28T11:45:00+00:00,15945.2,15945.25,15944.2,15945.1,15944.9,15945.5,15945,15945.5,15944,15944.4,15944.9,15945.3,0.4,383.1100053
2026-05-28T11:50:00+00:00,15945.15,15946.9,15944.9,15946.1,15945,15945.3,15946.7,15947.1,15944.7,15945.1,15945.9,15946.3,0.4,306.3800074
2026-05-28T11:55:00+00:00,15946.3,15946.8,15944.65,15946.35,15946.1,15946.5,15946.6,15947,15944.5,15944.8,15946.3,15946.4,0.1,1244.160023
2026-05-28T12:00:00+00:00,15946.1,15946.2,15944.7,15945.3,15945.9,15946.3,15946,15946.4,15944.5,15944.9,15945.1,15945.5,0.4,919.2600158
2026-05-28T12:05:00+00:00,15945.35,15945.4,15943.65,15945.05,15945.1,15945.6,15945.1,15945.7,15943.4,15943.9,15944.8,15945.3,0.5,738.450011
2026-05-28T12:10:00+00:00,15944.9,15945.7,15942.1,15942.1,15944.7,15945.1,15945.5,15945.9,15941.9,15942.3,15941.9,15942.3,0.4,706.160012
2026-05-28T12:15:00+00:00,15942.3,15944.5,15941.7,15943.8,15942.1,15942.5,15944.2,15944.8,15941.5,15941.9,15943.6,15944,0.4,597.1800101
2026-05-28T12:20:00+00:00,15943.5,15944.2,15942,15942.95,15943.3,15943.7,15944,15944.4,15941.8,15942.2,15942.8,15943.1,0.3,442.6100069
2026-05-28T12:25:00+00:00,15942.9,15943.55,15940.85,15942.15,15942.7,15943.1,15943.3,15943.8,15940.6,15941.1,15941.5,15942.8,1.3,872.2000118
2026-05-28T12:30:00+00:00,15942.25,15942.45,15932.65,15937.75,15941.5,15943,15941.5,15943.4,15932.2,15933.1,15937.5,15938,0.5,2622.310045
2026-05-28T12:35:00+00:00,15937.55,15937.55,15934.55,15935.75,15937.3,15937.8,15937.3,15937.8,15934.3,15934.8,15935.5,15936,0.5,1316.410019
2026-05-28T12:40:00+00:00,15935.7,15936.7,15935.05,15935.25,15935.5,15935.9,15936.5,15936.9,15934.8,15935.3,15935,15935.5,0.5,1102.510013
2026-05-28T12:45:00+00:00,15935.35,15935.55,15933.55,15934.6,15935.1,15935.6,15935.4,15935.7,15933.3,15933.8,15934.4,15934.8,0.4,1036.270015
2026-05-28T12:50:00+00:00,15934.65,15934.75,15931.6,15933.05,15934.4,15934.9,15934.5,15935,15931.4,15931.8,15932.9,15933.2,0.3,892.6800121
2026-05-28T12:55:00+00:00,15933.1,15937.5,15932.65,15936.9,15932.9,15933.3,15937.3,15937.7,15932.4,15932.9,15936.7,15937.1,0.4,1027.940018
2026-05-28T13:00:00+00:00,15936.85,15936.85,15932.3,15934.05,15936.6,15937.1,15936.6,15937.1,15932.1,15932.5,15933.7,15934.4,0.7,1288.900021
2026-05-28T13:05:00+00:00,15933.95,15936.45,15932.65,15935.25,15933.7,15934.2,15936.2,15936.7,15932.4,15932.9,15935,15935.5,0.5,1120.160014
2026-05-28T13:10:00+00:00,15935.15,15938.9,15935.1,15938.45,15934.8,15935.5,15938.7,15939.1,15934.8,15935.4,15938.2,15938.7,0.5,785.4000115
2026-05-28T13:15:00+00:00,15938.4,15940.1,15938.2,15938.8,15938.1,15938.7,15939.9,15940.3,15938,15938.4,15938.6,15939,0.4,894.0200082
2026-05-28T13:20:00+00:00,15938.35,15939.65,15937.8,15939.05,15938.2,15938.5,15939.4,15939.9,15937.6,15938,15938.7,15939.4,0.7,723.9700102
2026-05-28T13:25:00+00:00,15939.05,15939.05,15937.45,15939,15938.8,15939.3,15938.8,15939.3,15937.2,15937.7,15938.8,15939.2,0.4,757.0900091
2026-05-28T13:30:00+00:00,15938.75,15941.35,15938.3,15940.4,15938.6,15938.9,15941.1,15941.6,15938.1,15938.5,15940.2,15940.6,0.4,1216.040014
2026-05-28T13:35:00+00:00,15940.65,15941.8,15940,15941.6,15940.5,15940.8,15941.6,15942,15939.8,15940.2,15941.4,15941.8,0.4,647.0700076
2026-05-28T13:40:00+00:00,15941.8,15943.55,15940.35,15941.7,15941.6,15942,15943.4,15943.7,15940.1,15940.6,15941.5,15941.9,0.4,971.2800133
2026-05-28T13:45:00+00:00,15941.85,15943.7,15940.25,15942.6,15941.7,15942,15943.4,15944,15940,15940.5,15942.4,15942.8,0.4,829.3300115
2026-05-28T13:50:00+00:00,15942.8,15944.15,15940.25,15944.1,15942.6,15943,15944,15944.3,15940.1,15940.4,15943.9,15944.3,0.4,715.8000107
2026-05-28T13:55:00+00:00,15944.05,15945.95,15943.55,15945.35,15943.9,15944.2,15945.8,15946.1,15943.4,15943.7,15944.9,15945.8,0.9,639.5500102
2026-05-28T14:00:00+00:00,15945.55,15949.3,15945.35,15947.7,15945.2,15945.9,15949.1,15949.5,15944.8,15945.9,15947.5,15947.9,0.4,929.4700129
2026-05-28T14:05:00+00:00,15947.55,15947.8,15945.75,15946.1,15947.4,15947.7,15947.6,15948,15945.6,15945.9,15945.9,15946.3,0.4,873.5600141
2026-05-28T14:10:00+00:00,15945.9,15947.85,15918.45,15928.9,15945.7,15946.1,15947.6,15948.1,15918,15918.9,15928.7,15929.1,0.4,4243.420074
2026-05-28T14:15:00+00:00,15928.85,15935.5,15921.5,15926.5,15928.6,15929.1,15935.3,15935.7,15921.3,15921.7,15926.2,15926.8,0.6,3818.020069
2026-05-28T14:20:00+00:00,15926.45,15933.65,15925,15929.2,15926.2,15926.7,15933.5,15933.8,15924.8,15925.2,15928.9,15929.5,0.6,2175.980042
2026-05-28T14:25:00+00:00,15929.15,15929.25,15923.45,15924.25,15928.9,15929.4,15929,15929.5,15923.2,15923.7,15924,15924.5,0.5,2160.400029
2026-05-28T14:30:00+00:00,15924.4,15929.5,15921.65,15928.85,15924.1,15924.7,15929.3,15929.7,15921.3,15922,15928.7,15929,0.3,3576.670051
2026-05-28T14:35:00+00:00,15928.8,15934.1,15928.6,15929.9,15928.6,15929,15933.8,15934.4,15928.4,15928.8,15929.7,15930.1,0.4,3169.420045
2026-05-28T14:40:00+00:00,15929.75,15929.8,15920.45,15923.55,15929.5,15930,15929.6,15930,15920.3,15920.6,15923.4,15923.7,0.3,2463.00003
2026-05-28T14:45:00+00:00,15923.5,15930.1,15920.35,15927.5,15923.3,15923.7,15930,15930.2,15920.1,15920.6,15927.3,15927.7,0.4,3827.880055
2026-05-28T14:50:00+00:00,15927.1,15929.4,15924.1,15926.75,15926.9,15927.3,15929.2,15929.6,15923.9,15924.3,15926.5,15927,0.5,2725.360033
2026-05-28T14:55:00+00:00,15926.4,15926.6,15922.5,15922.6,15926.2,15926.6,15926.3,15926.9,15922.3,15922.7,15922.4,15922.8,0.4,2674.110029
2026-05-28T15:00:00+00:00,15922.5,15923.1,15919.9,15921.45,15922.3,15922.7,15922.9,15923.3,15919.8,15920,15921.3,15921.6,0.3,2145.690034
2026-05-28T15:05:00+00:00,15921.25,15924,15918.8,15920.25,15921.1,15921.4,15923.7,15924.3,15918.6,15919,15920.1,15920.4,0.3,1449.170021
2026-05-28T15:10:00+00:00,15920.15,15921.8,15918.5,15920.75,15920,15920.3,15921.5,15922.1,15918.3,15918.7,15920.6,15920.9,0.3,967.7500157
2026-05-28T15:15:00+00:00,15920.6,15922.4,15918.4,15922.3,15920.4,15920.8,15922.2,15922.6,15918.2,15918.6,15922.1,15922.5,0.4,833.9900125
2026-05-28T15:20:00+00:00,15922.15,15924.15,15920.55,15921.8,15922,15922.3,15924,15924.3,15920.4,15920.7,15921.6,15922,0.4,727.1400113
2026-05-28T15:25:00+00:00,15921.7,15922.5,15920.2,15921.05,15921.5,15921.9,15922.3,15922.7,15920,15920.4,15920.9,15921.2,0.3,755.0500118
2026-05-28T15:30:00+00:00,15920.85,15924.2,15919.9,15922.65,15920.7,15921,15924,15924.4,15919.7,15920.1,15922.5,15922.8,0.3,927.2800176
2026-05-28T15:35:00+00:00,15922.75,15926.85,15922.45,15926.8,15922.6,15922.9,15926.6,15927.1,15922.3,15922.6,15926.5,15927.1,0.6,803.130015
2026-05-28T15:40:00+00:00,15926.85,15929.65,15926.65,15927.65,15926.7,15927,15929.5,15929.8,15926.5,15926.8,15927.5,15927.8,0.3,590.3000114
2026-05-28T15:45:00+00:00,15927.75,15929,15926.6,15928.8,15927.5,15928,15928.8,15929.2,15926.4,15926.8,15928.6,15929,0.4,475.1200106
2026-05-28T15:50:00+00:00,15928.7,15929.35,15926.85,15928.2,15928.5,15928.9,15929.2,15929.5,15926.7,15927,15928.1,15928.3,0.2,613.9500118
2026-05-28T15:55:00+00:00,15928.25,15929.45,15927.25,15929.3,15928.1,15928.4,15929.3,15929.6,15927.1,15927.4,15929.1,15929.5,0.4,665.8700111
2026-05-28T16:00:00+00:00,15929.25,15933.9,15928.8,15931.8,15929.1,15929.4,15933.7,15934.1,15928.6,15929,15931.6,15932,0.4,830.3400137
2026-05-28T16:05:00+00:00,15931.75,15931.75,15928.65,15928.8,15931.6,15931.9,15931.6,15931.9,15928.3,15929,15928.5,15929.1,0.6,712.2500138
2026-05-28T16:10:00+00:00,15928.75,15929.25,15927.35,15927.75,15928.4,15929.1,15929.1,15929.4,15927.2,15927.5,15927.6,15927.9,0.3,1050.920017
2026-05-28T16:15:00+00:00,15927.6,15930.6,15923.75,15923.75,15927.5,15927.7,15930.4,15930.8,15923.6,15923.9,15923.6,15923.9,0.3,1888.610033
2026-05-28T16:20:00+00:00,15923.85,15924.2,15911.4,15915.2,15923.7,15924,15924.1,15924.3,15911.3,15911.5,15915,15915.4,0.4,1423.690029
2026-05-28T16:25:00+00:00,15915.1,15917.35,15913.75,15917.3,15914.9,15915.3,15917.2,15917.5,15913.5,15914,15917.2,15917.4,0.2,1345.01002
2026-05-28T16:30:00+00:00,15917.4,15921.4,15917.4,15920.05,15917.3,15917.5,15921.2,15921.6,15917.3,15917.5,15919.8,15920.3,0.5,1744.370036
2026-05-28T16:35:00+00:00,15919.95,15921.7,15919,15921.65,15919.8,15920.1,15921.5,15921.9,15918.8,15919.2,15921.4,15921.9,0.5,876.3000119
2026-05-28T16:40:00+00:00,15921.6,15921.65,15917.7,15918.65,15921.4,15921.8,15921.4,15921.9,15917.5,15917.9,15918.4,15918.9,0.5,799.8800149
2026-05-28T16:45:00+00:00,15918.55,15918.7,15916.3,15918.6,15918.3,15918.8,15918.5,15918.9,15916.1,15916.5,15918.4,15918.8,0.4,606.1400149
2026-05-28T16:50:00+00:00,15918.65,15918.8,15916.4,15917.8,15918.4,15918.9,15918.6,15919,15916.2,15916.6,15917.7,15917.9,0.2,1103.370022
2026-05-28T16:55:00+00:00,15917.65,15917.7,15915.15,15916.55,15917.4,15917.9,15917.5,15917.9,15914.9,15915.4,15916.4,15916.7,0.3,890.0700125
2026-05-28T17:00:00+00:00,15916.45,15916.75,15914.85,15916.3,15916.2,15916.7,15916.5,15917,15914.6,15915.1,15916.1,15916.5,0.4,879.9600096
2026-05-28T17:05:00+00:00,15916.35,15919.9,15916.3,15916.75,15916.1,15916.6,15919.6,15920.2,15916.1,15916.5,15916.6,15916.9,0.3,547.9300081
2026-05-28T17:10:00+00:00,15916.7,15920.05,15916.25,15919.95,15916.5,15916.9,15919.9,15920.2,15916,15916.5,15919.8,15920.1,0.3,370.200008
2026-05-28T17:15:00+00:00,15919.85,15920.65,15919.1,15920.2,15919.6,15920.1,15920.5,15920.8,15918.9,15919.3,15920,15920.4,0.4,338.8500068
2026-05-28T17:20:00+00:00,15920.15,15921,15918.75,15920,15919.9,15920.4,15920.8,15921.2,15918.5,15919,15919.9,15920.1,0.2,320.0200062
2026-05-28T17:25:00+00:00,15920.25,15924.1,15920.15,15924,15920.1,15920.4,15923.9,15924.3,15920,15920.3,15923.7,15924.3,0.6,272.7000054
2026-05-28T17:30:00+00:00,15923.9,15923.9,15920.1,15920.25,15923.7,15924.1,15923.7,15924.1,15919.9,15920.3,15920.1,15920.4,0.3,279.3000076
2026-05-28T17:35:00+00:00,15920.3,15921.35,15919.95,15920.15,15920.2,15920.4,15921.2,15921.5,15919.8,15920.1,15919.9,15920.4,0.5,272.8500068
2026-05-28T17:40:00+00:00,15919.95,15921.2,15919.75,15921.2,15919.8,15920.1,15921,15921.4,15919.5,15920,15921,15921.4,0.4,165.0000038
2026-05-28T17:45:00+00:00,15921.05,15921.3,15919.1,15921.1,15920.9,15921.2,15921.1,15921.5,15919,15919.2,15920.9,15921.3,0.4,387.0700073
2026-05-28T17:50:00+00:00,15921.25,15923.65,15921.1,15922.3,15921.1,15921.4,15923.5,15923.8,15920.8,15921.4,15922,15922.6,0.6,505.9500083
2026-05-28T17:55:00+00:00,15922.35,15922.5,15919.85,15920.05,15922.2,15922.5,15922.3,15922.7,15919.7,15920,15919.9,15920.2,0.3,411.8300096
2026-05-28T18:00:00+00:00,15919.9,15921.65,15918.55,15920.05,15919.7,15920.1,15921.5,15921.8,15918.3,15918.8,15920,15920.1,0.1,716.1600139
2026-05-28T18:05:00+00:00,15919.95,15920.2,15918.75,15919.8,15919.7,15920.2,15920.1,15920.3,15918.6,15918.9,15919.5,15920.1,0.6,439.1700097
2026-05-28T18:10:00+00:00,15919.9,15923.2,15919.9,15920.35,15919.7,15920.1,15923.1,15923.3,15919.7,15920.1,15920.3,15920.4,0.1,438.3200122
2026-05-28T18:15:00+00:00,15920.4,15922.85,15917.5,15920,15920.3,15920.5,15922.7,15923,15917.3,15917.7,15919.9,15920.1,0.2,1298.730031
2026-05-28T18:20:00+00:00,15919.9,15924.4,15919.6,15922.95,15919.6,15920.2,15924.3,15924.5,15919.4,15919.8,15922.8,15923.1,0.3,903.36002
2026-05-28T18:25:00+00:00,15922.9,15925.55,15922.85,15925,15922.8,15923,15925.5,15925.6,15922.7,15923,15924.8,15925.2,0.4,1185.610008
2026-05-28T18:30:00+00:00,15925.1,15927.7,15925.05,15927.6,15924.9,15925.3,15927.5,15927.9,15924.9,15925.2,15927.4,15927.8,0.4,1011.530015
2026-05-28T18:35:00+00:00,15927.55,15928.3,15927.25,15928.2,15927.4,15927.7,15928.2,15928.4,15927,15927.5,15928,15928.4,0.4,364.4100071
2026-05-28T18:40:00+00:00,15928.05,15928.45,15926.45,15927.5,15927.9,15928.2,15928.3,15928.6,15926.2,15926.7,15927.3,15927.7,0.4,536.9500054
2026-05-28T18:45:00+00:00,15927.6,15927.6,15926.3,15926.65,15927.5,15927.7,15927.5,15927.7,15926.1,15926.5,15926.5,15926.8,0.3,695.010008
2026-05-28T18:50:00+00:00,15926.75,15927.25,15924.75,15925.2,15926.7,15926.8,15927,15927.5,15924.5,15925,15925.1,15925.3,0.2,725.1600096
2026-05-28T18:55:00+00:00,15925.55,15926.45,15924.9,15925.9,15925.5,15925.6,15926.3,15926.6,15924.7,15925.1,15925.7,15926.1,0.4,1350.440009
2026-05-28T19:00:00+00:00,15926,15927.75,15925.7,15927.45,15925.8,15926.2,15927.6,15927.9,15925.5,15925.9,15927.3,15927.6,0.3,656.6200109
2026-05-28T19:05:00+00:00,15927.55,15928.55,15927.3,15928.45,15927.3,15927.8,15928.3,15928.8,15927.1,15927.5,15928.2,15928.7,0.5,314.7400069
2026-05-28T19:10:00+00:00,15928.2,15928.85,15927.2,15927.8,15928,15928.4,15928.6,15929.1,15927,15927.4,15927.7,15927.9,0.2,378.3000057
2026-05-28T19:15:00+00:00,15927.7,15927.95,15926.35,15926.5,15927.5,15927.9,15927.8,15928.1,15926.2,15926.5,15926.3,15926.7,0.4,346.8000082
2026-05-28T19:20:00+00:00,15926.4,15926.5,15926.05,15926.3,15926.2,15926.6,15926.4,15926.6,15925.8,15926.3,15926.1,15926.5,0.4,74.40000176
2026-05-28T19:25:00+00:00,15926.2,15926.4,15925.3,15925.35,15926.1,15926.3,15926.2,15926.6,15925.2,15925.4,15925.2,15925.5,0.3,192.6300055
2026-05-28T19:30:00+00:00,15925.4,15925.55,15923.05,15923.65,15925.2,15925.6,15925.3,15925.8,15922.9,15923.2,15923.4,15923.9,0.5,718.0700171
2026-05-28T19:35:00+00:00,15923.7,15923.7,15921.25,15921.25,15923.5,15923.9,15923.5,15923.9,15921.1,15921.4,15921.1,15921.4,0.3,337.3500088
2026-05-28T19:40:00+00:00,15921.3,15922.65,15920.95,15920.95,15921.2,15921.4,15922.5,15922.8,15920.7,15921.2,15920.7,15921.2,0.5,199.3400048
2026-05-28T19:45:00+00:00,15921.2,15922.3,15921.1,15921.4,15921.1,15921.3,15922.1,15922.5,15920.9,15921.3,15921.2,15921.6,0.4,584.0700142
2026-05-28T19:50:00+00:00,15921.55,15923.55,15921.55,15922.25,15921.4,15921.7,15923.4,15923.7,15921.4,15921.7,15922,15922.5,0.5,399.1500107
2026-05-28T19:55:00+00:00,15922.35,15925.2,15922.35,15924.9,15922.2,15922.5,15925.1,15925.3,15922.2,15922.5,15924.7,15925.1,0.4,547.9500096
2026-05-28T20:00:00+00:00,15924.75,15925.65,15924,15925.2,15924.5,15925,15925.4,15925.9,15923.8,15924.2,15924.9,15925.5,0.6,573.8700091
2026-05-28T20:05:00+00:00,15925.25,15926.4,15924,15924.85,15925,15925.5,15926.1,15926.7,15923.7,15924.3,15924.6,15925.1,0.5,162.9700027
2026-05-28T20:10:00+00:00,15924.9,15926.25,15924.9,15924.95,15924.7,15925.1,15926,15926.5,15924.7,15925.1,15924.7,15925.2,0.5,446.0100091
2026-05-28T20:15:00+00:00,15924.9,15925.8,15923.8,15925.8,15924.6,15925.2,15925.5,15926.1,15923.5,15924.1,15925.5,15926.1,0.6,154.9500026
2026-05-28T20:20:00+00:00,15925.55,15926.5,15925.05,15926.35,15925.3,15925.8,15926.2,15926.8,15924.8,15925.3,15925.9,15926.8,0.9,159.1500026
2026-05-28T20:25:00+00:00,15926.4,15927.2,15925.9,15926.25,15926,15926.8,15926.9,15927.5,15925.6,15926.2,15925.9,15926.6,0.7,119.4700017
2026-05-28T20:30:00+00:00,15926.3,15926.5,15925,15926.2,15926,15926.6,15926.2,15926.8,15924.7,15925.3,15925.8,15926.6,0.8,96.18000221
2026-05-28T20:35:00+00:00,15926.3,15927.5,15926.15,15926.45,15926,15926.6,15927.2,15927.8,15925.8,15926.5,15926.1,15926.8,0.7,155.8500024
2026-05-28T20:40:00+00:00,15926.25,15926.7,15925.85,15926.1,15925.9,15926.6,15926.4,15927,15925.6,15926.1,15925.8,15926.4,0.6,221.3700026
2026-05-28T20:45:00+00:00,15926.05,15926.5,15925,15926.25,15925.8,15926.3,15926.1,15926.9,15924.7,15925.3,15925.9,15926.6,0.7,344.4300065
2026-05-28T20:50:00+00:00,15926.2,15926.25,15924.95,15925.25,15925.8,15926.6,15925.9,15926.6,15924.6,15925.3,15924.9,15925.6,0.7,175.3300039
2026-05-28T20:55:00+00:00,15925.3,15926.3,15923.35,15924.05,15924.9,15925.7,15925.7,15926.9,15922.2,15924.5,15922.7,15925.4,2.7,393.5700029
2026-05-28T21:00:00+00:00,15924.1,15924.5,15921.25,15921.25,15922.7,15925.5,15922.7,15926.3,15919,15923.5,15919,15923.5,4.5,12.44999975
2026-05-28T21:05:00+00:00,15921.25,15921.55,15920.75,15921.05,15918.7,15923.8,15918.7,15924.4,15917.9,15923.6,15918.4,15923.7,5.3,25.80000091
2026-05-28T21:10:00+00:00,15921.2,15921.45,15920.75,15921.25,15918.7,15923.7,15918.8,15924.1,15918.4,15923.1,15918.4,15924.1,5.7,28.80000114
2026-05-28T21:15:00+00:00,15921.45,15921.65,15921.05,15921.25,15919,15923.9,15919.1,15924.2,15918.4,15923.7,15918.6,15923.9,5.3,31.80000114
2026-05-28T21:20:00+00:00,15921,15921.2,15920.6,15921.15,15918.6,15923.4,15918.8,15923.6,15918.1,15923.1,15918.8,15923.5,4.7,38.40000153
2026-05-28T21:25:00+00:00,15921.3,15921.7,15920.55,15921.25,15919.1,15923.5,15919.4,15924,15918,15923.1,15918.8,15923.7,4.9,31.20000124
2026-05-28T21:30:00+00:00,15921.7,15922.35,15921.1,15921.95,15919.7,15923.7,15920.6,15924.1,15918.9,15923.3,15920.6,15923.3,2.7,275.2500018
2026-05-28T21:35:00+00:00,15922.15,15926.05,15921.85,15925.4,15920.3,15924,15923.3,15928.8,15920.1,15923.6,15923,15927.8,4.8,463.500015
2026-05-28T21:40:00+00:00,15925.15,15925.8,15923.7,15924.15,15923,15927.3,15923.2,15928.4,15921.1,15926.3,15922,15926.3,4.3,458.4000154
2026-05-28T21:45:00+00:00,15924.1,15924.5,15923.45,15924.35,15922,15926.2,15922.5,15926.5,15920.8,15926.1,15922.5,15926.2,3.7,49.80000091
2026-05-28T21:50:00+00:00,15924.5,15925.1,15923.1,15924.2,15922.5,15926.5,15922.5,15927.7,15921,15925.2,15922.1,15926.3,4.2,106.5000036
2026-05-28T21:55:00+00:00,15924.15,15925.7,15923.25,15925.35,15922,15926.3,15923.2,15928.2,15921.1,15925.4,15922.6,15928.1,5.5,93.45000154
2026-05-28T22:00:00+00:00,15925.2,15926.85,15922.15,15925.6,15922.5,15927.9,15925.8,15927.9,15921.1,15923.2,15925.2,15926,0.8,356.8899933
2026-05-28T22:05:00+00:00,15924.45,15925.3,15922.5,15924.1,15924.4,15924.5,15924.8,15925.8,15922.3,15922.7,15923.8,15924.4,0.6,344.7600076
2026-05-28T22:10:00+00:00,15924.05,15924.35,15922.45,15922.65,15923.7,15924.4,15923.9,15924.8,15922,15922.9,15922.3,15923,0.7,177.2600048
2026-05-28T22:15:00+00:00,15922.7,15924.6,15922.7,15924.6,15922.3,15923.1,15924.2,15925,15922.3,15923.1,15924.2,15925,0.8,120.6500022
2026-05-28T22:20:00+00:00,15924.4,15924.75,15923.85,15924.3,15924,15924.8,15924.3,15925.2,15923.6,15924.1,15923.9,15924.7,0.8,137.3500036
2026-05-28T22:25:00+00:00,15924.5,15925.65,15924,15925.3,15924.1,15924.9,15925.3,15926,15923.8,15924.2,15925,15925.6,0.6,132.9700019
2026-05-28T22:30:00+00:00,15925.3,15928,15925.3,15926.65,15925,15925.6,15927.7,15928.3,15925,15925.6,15926.4,15926.9,0.5,190.6200031
2026-05-28T22:35:00+00:00,15926.7,15927.8,15926.6,15926.65,15926.4,15927,15927.4,15928.2,15926.3,15926.9,15926.4,15926.9,0.5,72.37000084
2026-05-28T22:40:00+00:00,15926.65,15926.7,15925.2,15925.35,15926.4,15926.9,15926.4,15927,15924.9,15925.5,15925,15925.7,0.7,124.7100019
2026-05-28T22:45:00+00:00,15925.3,15927.85,15924.5,15925,15925,15925.6,15927.5,15928.2,15924.1,15924.9,15924.6,15925.4,0.8,218.9600022
2026-05-28T22:50:00+00:00,15925.1,15925.3,15923.9,15925,15924.7,15925.5,15924.9,15925.7,15923.5,15924.3,15924.6,15925.4,0.8,236.3600032
2026-05-28T22:55:00+00:00,15924.95,15926.7,15924.1,15926.6,15924.6,15925.3,15926.3,15927.1,15923.7,15924.5,15926.2,15927,0.8,115.4700023
2026-05-28T23:00:00+00:00,15926.6,15926.8,15923.7,15925.25,15926.2,15927,15926.5,15927.1,15923.5,15923.9,15925,15925.5,0.5,348.2500094
2026-05-28T23:05:00+00:00,15925.15,15926.45,15925.1,15925.35,15924.9,15925.4,15926.2,15926.7,15924.8,15925.4,15925.1,15925.6,0.5,140.2600027
2026-05-28T23:10:00+00:00,15925.3,15925.6,15925,15925.4,15925,15925.6,15925.3,15925.9,15924.8,15925.2,15925.2,15925.6,0.4,59.10000134
2026-05-28T23:15:00+00:00,15925.35,15925.65,15924.25,15925.35,15925.1,15925.6,15925.4,15925.9,15924,15924.5,15925.1,15925.6,0.5,173.5400031
2026-05-28T23:20:00+00:00,15925.35,15925.4,15923.65,15923.95,15925,15925.7,15925.1,15925.7,15923.4,15923.9,15923.7,15924.2,0.5,208.0500027
2026-05-28T23:25:00+00:00,15923.65,15924.25,15923.5,15924.05,15923.5,15923.8,15923.9,15924.6,15923.2,15923.8,15923.5,15924.6,1.1,78.96000123
2026-05-28T23:30:00+00:00,15924.1,15928.15,15922.65,15922.65,15923.5,15924.7,15927.5,15928.8,15922.3,15923,15922.3,15923,0.7,353.9400041
2026-05-28T23:35:00+00:00,15922.7,15927.45,15922.7,15926.65,15922.4,15923,15927.1,15927.8,15922.4,15923,15926.4,15926.9,0.5,411.0700047
2026-05-28T23:40:00+00:00,15926.6,15926.85,15925.45,15926.7,15926.4,15926.8,15926.6,15927.1,15925.1,15925.8,15926.5,15926.9,0.4,165.3600014
2026-05-28T23:45:00+00:00,15926.8,15927.8,15925.25,15926.45,15926.4,15927.2,15927.5,15928.1,15925,15925.5,15926,15926.9,0.9,273.8900032
2026-05-28T23:50:00+00:00,15926.4,15926.45,15922.35,15925.5,15926,15926.8,15926.1,15926.8,15922,15922.7,15925.2,15925.8,0.6,359.6000075
2026-05-28T23:55:00+00:00,15925.55,15927.8,15925.4,15927.45,15925.3,15925.8,15927.4,15928.2,15925.1,15925.7,15927.2,15927.7,0.5,361.6700057
2026-05-29T00:00:00+00:00,15927.05,15930.25,15926.25,15928.95,15927,15927.1,15930.1,15930.4,15926,15926.5,15928.7,15929.2,0.5,1050.500015
2026-05-29T00:05:00+00:00,15929,15930.8,15927.75,15930.7,15928.9,15929.1,15930.7,15930.9,15927.5,15928,15930.5,15930.9,0.4,719.2300091
2026-05-29T00:10:00+00:00,15931.15,15931.3,15929.1,15929.15,15931,15931.3,15931.1,15931.5,15929,15929.2,15929,15929.3,0.3,350.6600053
2026-05-29T00:15:00+00:00,15929.25,15929.7,15926.45,15926.65,15929,15929.5,15929.4,15930,15926.2,15926.7,15926.5,15926.8,0.3,510.6900088
2026-05-29T00:20:00+00:00,15926.6,15927.45,15924.85,15927.45,15926.5,15926.7,15927.3,15927.6,15924.6,15925.1,15927.3,15927.6,0.3,419.6900039
2026-05-29T00:25:00+00:00,15927.4,15928.85,15925.55,15927.7,15927.1,15927.7,15928.6,15929.1,15925.3,15925.8,15927.5,15927.9,0.4,830.4800113
2026-05-29T00:30:00+00:00,15927.75,15930.35,15927.75,15930.3,15927.5,15928,15930.2,15930.5,15927.5,15928,15930.1,15930.5,0.4,574.950006
2026-05-29T00:35:00+00:00,15930.2,15930.3,15928.85,15929.25,15930.1,15930.3,15930.1,15930.5,15928.6,15929.1,15929,15929.5,0.5,396.6800064
2026-05-29T00:40:00+00:00,15929.05,15929.35,15926.7,15927.55,15929,15929.1,15929.1,15929.6,15926.5,15926.9,15927.3,15927.8,0.5,374.0000076
2026-05-29T00:45:00+00:00,15927.55,15929.3,15927.45,15928.55,15927.4,15927.7,15929.1,15929.5,15927.3,15927.6,15928.3,15928.8,0.5,328.0900077
2026-05-29T00:50:00+00:00,15928.6,15931.5,15927.4,15930.65,15928.3,15928.9,15931.2,15931.8,15927.2,15927.6,15930.6,15930.7,0.1,1129.570024
2026-05-29T00:55:00+00:00,15930.4,15932.65,15929.1,15929.3,15930.2,15930.6,15932.5,15932.8,15929,15929.2,15929.1,15929.5,0.4,1001.000022
2026-05-29T01:00:00+00:00,15929.25,15931.9,15927.75,15930,15929.1,15929.4,15931.7,15932.1,15927.6,15927.9,15929.8,15930.2,0.4,589.3500134
2026-05-29T01:05:00+00:00,15930.15,15930.9,15926.35,15927.8,15929.9,15930.4,15930.7,15931.1,15925.9,15926.8,15927.5,15928.1,0.6,543.8900083
2026-05-29T01:10:00+00:00,15927.8,15928.85,15925.45,15926.35,15927.5,15928.1,15928.5,15929.2,15925.1,15925.8,15926,15926.7,0.7,688.4400116
2026-05-29T01:15:00+00:00,15926.3,15927.4,15925.5,15926,15925.9,15926.7,15927.1,15927.7,15925.2,15925.8,15925.8,15926.2,0.4,545.2100067
2026-05-29T01:20:00+00:00,15926.05,15928,15925.55,15927.7,15925.8,15926.3,15927.8,15928.2,15925.4,15925.7,15927.4,15928,0.6,459.7800072
2026-05-29T01:25:00+00:00,15927.6,15927.75,15926.2,15927.55,15927.3,15927.9,15927.5,15928,15926,15926.4,15927.2,15927.9,0.7,510.4600061
2026-05-29T01:30:00+00:00,15927.65,15928.5,15927.25,15928.2,15927.4,15927.9,15928.2,15928.8,15927,15927.5,15928,15928.4,0.4,373.6100039
2026-05-29T01:35:00+00:00,15928,15928.7,15927.25,15927.7,15927.8,15928.2,15928.4,15929,15927,15927.5,15927.6,15927.8,0.2,331.4100046
2026-05-29T01:40:00+00:00,15927.65,15929.4,15927.45,15928.85,15927.5,15927.8,15929.1,15929.7,15927.3,15927.6,15928.6,15929.1,0.5,280.5000041
2026-05-29T01:45:00+00:00,15928.95,15932.9,15928.95,15932.4,15928.7,15929.2,15932.7,15933.1,15928.7,15929.2,15932.1,15932.7,0.6,487.940006
2026-05-29T01:50:00+00:00,15932.5,15932.65,15931.3,15931.85,15932.3,15932.7,15932.4,15932.9,15931.1,15931.5,15931.4,15932.3,0.9,460.9400063
2026-05-29T01:55:00+00:00,15931.8,15932.85,15931.3,15931.6,15931.3,15932.3,15932.7,15933,15931,15931.6,15931.5,15931.7,0.2,400.4200064
2026-05-29T02:00:00+00:00,15931.8,15932.3,15930,15930.3,15931.7,15931.9,15932,15932.6,15929.8,15930.2,15930.1,15930.5,0.4,316.4500064
2026-05-29T02:05:00+00:00,15930.4,15931.4,15929.9,15931,15930.2,15930.6,15931.1,15931.7,15929.6,15930.2,15930.7,15931.3,0.6,482.7700056
2026-05-29T02:10:00+00:00,15931.05,15931.05,15929.65,15929.8,15930.7,15931.4,15930.7,15931.4,15929.3,15930,15929.6,15930,0.4,283.2000036
2026-05-29T02:15:00+00:00,15929.85,15931.15,15929.7,15931.1,15929.5,15930.2,15930.9,15931.4,15929.4,15930,15930.9,15931.3,0.4,174.5000032
2026-05-29T02:20:00+00:00,15930.95,15931.1,15929.85,15931.05,15930.6,15931.3,15930.9,15931.3,15929.7,15930,15930.9,15931.2,0.3,405.3000065
2026-05-29T02:25:00+00:00,15931.25,15931.35,15929.7,15929.9,15931.1,15931.4,15931.2,15931.5,15929.5,15929.9,15929.7,15930.1,0.4,426.7500099
2026-05-29T02:30:00+00:00,15930.2,15931.05,15929.8,15929.8,15930.1,15930.3,15930.9,15931.2,15929.7,15929.9,15929.7,15929.9,0.2,246.3000047
2026-05-29T02:35:00+00:00,15929.75,15930.45,15929.5,15929.6,15929.6,15929.9,15930.3,15930.6,15929.3,15929.7,15929.4,15929.8,0.4,164.100004
2026-05-29T02:40:00+00:00,15929.5,15929.7,15927.7,15928.75,15929.3,15929.7,15929.5,15929.9,15927.5,15927.9,15928.5,15929,0.5,139.5000039
2026-05-29T02:45:00+00:00,15928.2,15928.6,15927.45,15928.05,15928.1,15928.3,15928.3,15928.9,15927.3,15927.6,15927.9,15928.2,0.3,103.0500022
2026-05-29T02:50:00+00:00,15928.25,15929.4,15927.8,15928.8,15928.2,15928.3,15929.2,15929.6,15927.6,15928,15928.7,15928.9,0.2,182.7000045
2026-05-29T02:55:00+00:00,15929,15931.45,15928.6,15931.4,15928.9,15929.1,15931.3,15931.6,15928.3,15928.9,15931.2,15931.6,0.4,240.2000065
2026-05-29T03:00:00+00:00,15931.5,15934,15931.3,15932.75,15931.3,15931.7,15933.8,15934.2,15931.1,15931.5,15932.6,15932.9,0.3,365.6700097
2026-05-29T03:05:00+00:00,15932.8,15933.5,15931.2,15932.8,15932.6,15933,15933.2,15933.8,15931,15931.4,15932.5,15933.1,0.6,282.7100056
2026-05-29T03:10:00+00:00,15932.9,15934,15932.35,15933.2,15932.7,15933.1,15933.7,15934.3,15932.1,15932.6,15932.9,15933.5,0.6,387.8900054
2026-05-29T03:15:00+00:00,15933.15,15934.1,15932.55,15933.7,15932.7,15933.6,15933.8,15934.4,15932.3,15932.8,15933.3,15934.1,0.8,303.9500065
2026-05-29T03:20:00+00:00,15933.8,15935.1,15933.5,15934.8,15933.6,15934,15934.9,15935.3,15933.2,15933.8,15934.5,15935.1,0.6,323.8200065
2026-05-29T03:25:00+00:00,15934.75,15935.55,15933.45,15933.65,15934.5,15935,15935.4,15935.7,15933.1,15933.8,15933.4,15933.9,0.5,572.7700101
2026-05-29T03:30:00+00:00,15933.6,15934,15932.35,15933.05,15933.3,15933.9,15933.9,15934.1,15932.1,15932.6,15932.8,15933.3,0.5,382.5600075
2026-05-29T03:35:00+00:00,15933.35,15934.9,15932.7,15934,15933.2,15933.5,15934.7,15935.1,15932.4,15933,15933.8,15934.2,0.4,375.8000038
2026-05-29T03:40:00+00:00,15934.15,15935.2,15934,15934.3,15934,15934.3,15935,15935.4,15933.8,15934.2,15934.1,15934.5,0.4,159.0500036
2026-05-29T03:45:00+00:00,15934.2,15935.6,15934.15,15935.5,15934,15934.4,15935.4,15935.8,15934,15934.3,15935.2,15935.8,0.6,134.6100028
2026-05-29T03:50:00+00:00,15935.4,15936.5,15934.8,15936.3,15935.1,15935.7,15936.2,15936.8,15934.5,15935.1,15936.1,15936.5,0.4,262.320003
2026-05-29T03:55:00+00:00,15936.15,15936.85,15935.1,15936.1,15936,15936.3,15936.7,15937,15934.8,15935.4,15935.9,15936.3,0.4,376.8000077
2026-05-29T04:00:00+00:00,15936.1,15937.85,15934.35,15937.25,15935.9,15936.3,15937.7,15938,15934.2,15934.5,15937,15937.5,0.5,365.070007
2026-05-29T04:05:00+00:00,15937.3,15937.8,15935.45,15935.55,15937.1,15937.5,15937.6,15938,15935.3,15935.6,15935.4,15935.7,0.3,236.0200057
2026-05-29T04:10:00+00:00,15935.5,15935.5,15934.65,15935.1,15935.3,15935.7,15935.3,15935.7,15934.5,15934.8,15934.9,15935.3,0.4,204.6000032
2026-05-29T04:15:00+00:00,15934.95,15935.55,15933.75,15934.75,15934.8,15935.1,15935.4,15935.7,15933.5,15934,15934.5,15935,0.5,301.6500043
2026-05-29T04:20:00+00:00,15934.85,15935.3,15934.25,15934.4,15934.5,15935.2,15935.1,15935.5,15934.1,15934.4,15934.2,15934.6,0.4,301.3500051
2026-05-29T04:25:00+00:00,15934.55,15935.45,15933.8,15933.9,15934.4,15934.7,15935.2,15935.7,15933.6,15934,15933.7,15934.1,0.4,400.5000087
2026-05-29T04:30:00+00:00,15934.05,15935.8,15933.8,15935.75,15933.8,15934.3,15935.6,15936,15933.6,15934,15935.6,15935.9,0.3,273.9700037
2026-05-29T04:35:00+00:00,15935.7,15935.75,15933.9,15933.9,15935.5,15935.9,15935.5,15936,15933.7,15934.1,15933.7,15934.1,0.4,320.1000056
2026-05-29T04:40:00+00:00,15933.95,15934,15931.85,15932.15,15933.7,15934.2,15933.7,15934.3,15931.6,15932.1,15931.9,15932.4,0.5,254.2500033
2026-05-29T04:45:00+00:00,15932.15,15932.65,15931.6,15932.25,15932,15932.3,15932.4,15932.9,15931.4,15931.8,15932,15932.5,0.5,192.9000022
2026-05-29T04:50:00+00:00,15932.35,15932.4,15930.9,15931.05,15932.2,15932.5,15932.2,15932.6,15930.6,15931.2,15930.9,15931.2,0.3,185.090003
2026-05-29T04:55:00+00:00,15931,15931.2,15930.15,15930.25,15930.8,15931.2,15931,15931.4,15930,15930.3,15930,15930.5,0.5,274.8000059
2026-05-29T05:00:00+00:00,15930.2,15931.5,15929.7,15931.5,15930,15930.4,15931.3,15931.7,15929.5,15929.9,15931.3,15931.7,0.4,169.650004
2026-05-29T05:05:00+00:00,15931.55,15932.75,15930.55,15930.65,15931.4,15931.7,15932.6,15932.9,15930.3,15930.8,15930.5,15930.8,0.3,231.1500038
2026-05-29T05:10:00+00:00,15930.75,15930.8,15928.55,15928.6,15930.6,15930.9,15930.6,15931,15928.4,15928.7,15928.4,15928.8,0.4,228.0000052
2026-05-29T05:15:00+00:00,15928.75,15930.55,15928.75,15929.85,15928.5,15929,15930.2,15930.9,15928.5,15929,15929.7,15930,0.3,569.920007
2026-05-29T05:20:00+00:00,15929.9,15930.6,15929.6,15930.25,15929.8,15930,15930.4,15930.8,15929.4,15929.8,15930.1,15930.4,0.3,99.00000286
2026-05-29T05:25:00+00:00,15930.05,15930.6,15928.85,15930.2,15929.9,15930.2,15930.4,15930.8,15928.7,15929,15930,15930.4,0.4,156.3000042
2026-05-29T05:30:00+00:00,15930.1,15930.65,15929.7,15930.5,15929.9,15930.3,15930.4,15930.9,15929.5,15929.9,15930.3,15930.7,0.4,234.510003
2026-05-29T05:35:00+00:00,15930.3,15931.35,15930.2,15930.55,15930.1,15930.5,15931.2,15931.5,15930.1,15930.3,15930.4,15930.7,0.3,145.5900029
2026-05-29T05:40:00+00:00,15930.6,15930.75,15928.95,15928.95,15930.5,15930.7,15930.5,15931,15928.8,15929.1,15928.8,15929.1,0.3,357.5500052
2026-05-29T05:45:00+00:00,15929,15929.9,15928.95,15929.85,15928.9,15929.1,15929.7,15930.1,15928.8,15929.1,15929.6,15930.1,0.5,247.3500048
2026-05-29T05:50:00+00:00,15929.9,15930.8,15929.8,15930.7,15929.8,15930,15930.6,15931,15929.7,15929.9,15930.5,15930.9,0.4,266.7900043
2026-05-29T05:55:00+00:00,15931.1,15933.4,15930.75,15931.3,15931,15931.2,15933.1,15933.7,15930.5,15931,15931.1,15931.5,0.4,507.0000081
2026-05-29T06:00:00+00:00,15931.05,15932.1,15930.55,15930.6,15930.8,15931.3,15931.9,15932.3,15930.4,15930.7,15930.4,15930.8,0.4,780.3000118
2026-05-29T06:05:00+00:00,15930.65,15933.2,15930.6,15932.8,15930.4,15930.9,15933,15933.4,15930.4,15930.8,15932.6,15933,0.4,420.450006
2026-05-29T06:10:00+00:00,15932.7,15932.8,15930.1,15930.25,15932.5,15932.9,15932.6,15933,15929.9,15930.3,15930.1,15930.4,0.3,230.2500056
2026-05-29T06:15:00+00:00,15930.3,15932.4,15930.3,15931.7,15930.1,15930.5,15932.1,15932.7,15930.1,15930.5,15931.5,15931.9,0.4,298.0400058
2026-05-29T06:20:00+00:00,15931.5,15932.15,15929.45,15930.15,15931.3,15931.7,15931.9,15932.4,15929.3,15929.6,15929.9,15930.4,0.5,240.3700056
2026-05-29T06:25:00+00:00,15930.05,15930.9,15929.65,15930.65,15929.8,15930.3,15930.7,15931.1,15929.5,15929.8,15930.5,15930.8,0.3,302.2500058
2026-05-29T06:30:00+00:00,15930.7,15930.8,15928.75,15929.75,15930.5,15930.9,15930.6,15931,15928.5,15929,15929.5,15930,0.5,496.6500095
2026-05-29T06:35:00+00:00,15929.3,15930.2,15927.7,15927.8,15929.1,15929.5,15929.9,15930.5,15927.5,15927.9,15927.6,15928,0.4,571.6500082
2026-05-29T06:40:00+00:00,15927.95,15928.6,15924.75,15924.9,15927.7,15928.2,15928.4,15928.8,15924.5,15925,15924.7,15925.1,0.4,662.0100091
2026-05-29T06:45:00+00:00,15924.85,15926.8,15924.75,15926.55,15924.6,15925.1,15926.6,15927,15924.6,15924.9,15926.3,15926.8,0.5,525.6800061
2026-05-29T06:50:00+00:00,15926.45,15927.5,15922.4,15922.55,15926.3,15926.6,15927.3,15927.7,15922.2,15922.6,15922.3,15922.8,0.5,337.7400063
2026-05-29T06:55:00+00:00,15922.65,15922.75,15920.05,15921.4,15922.4,15922.9,15922.6,15922.9,15919.9,15920.2,15921.2,15921.6,0.4,915.1200194
2026-05-29T07:00:00+00:00,15921.6,15925.9,15921.05,15922.3,15921.4,15921.8,15925.7,15926.1,15920.8,15921.3,15922.1,15922.5,0.4,1265.830019
2026-05-29T07:05:00+00:00,15922.35,15924.25,15920.55,15924.1,15922.2,15922.5,15924,15924.5,15920.2,15920.9,15923.9,15924.3,0.4,872.190019
2026-05-29T07:10:00+00:00,15924,15924.1,15921,15922.35,15923.8,15924.2,15923.9,15924.3,15920.8,15921.2,15922.1,15922.6,0.5,793.6400144
2026-05-29T07:15:00+00:00,15922.5,15924.35,15920.95,15921.7,15922.3,15922.7,15924.1,15924.6,15920.8,15921.1,15921.5,15921.9,0.4,519.4800074
2026-05-29T07:20:00+00:00,15921.7,15926.4,15921.4,15926.35,15921.5,15921.9,15926.1,15926.7,15921.2,15921.6,15926.1,15926.6,0.5,655.9300092
2026-05-29T07:25:00+00:00,15926.45,15928.1,15926.35,15927.6,15926.2,15926.7,15927.9,15928.3,15926.2,15926.5,15927.4,15927.8,0.4,432.6000074
2026-05-29T07:30:00+00:00,15927.8,15930.85,15927.8,15928.85,15927.6,15928,15930.7,15931,15927.6,15928,15928.7,15929,0.3,516.220009
2026-05-29T07:35:00+00:00,15928.95,15930.25,15928.55,15930.1,15928.7,15929.2,15930.1,15930.4,15928.3,15928.8,15930,15930.2,0.2,558.9500098
2026-05-29T07:40:00+00:00,15930.05,15931.75,15928.9,15929.1,15929.9,15930.2,15931.6,15931.9,15928.7,15929.1,15928.9,15929.3,0.4,555.0600107
2026-05-29T07:45:00+00:00,15929,15930,15926.5,15929.4,15928.8,15929.2,15929.8,15930.2,15926.2,15926.8,15929.2,15929.6,0.4,551.4400089
2026-05-29T07:50:00+00:00,15929.35,15929.6,15928.15,15928.7,15929.2,15929.5,15929.4,15929.8,15928,15928.3,15928.5,15928.9,0.4,291.3000033
2026-05-29T07:55:00+00:00,15928.65,15930.15,15926.1,15926.35,15928.4,15928.9,15930,15930.3,15925.9,15926.3,15926.2,15926.5,0.3,504.3300101
2026-05-29T08:00:00+00:00,15926.55,15927.7,15924.65,15925.55,15926.3,15926.8,15927.5,15927.9,15924.4,15924.9,15925.3,15925.8,0.5,1081.420019
2026-05-29T08:05:00+00:00,15925.5,15925.5,15921.15,15922.25,15925.3,15925.7,15925.3,15925.7,15920.9,15921.4,15922.1,15922.4,0.3,493.7900083
2026-05-29T08:10:00+00:00,15922.6,15923.2,15922,15923.15,15922.4,15922.8,15923,15923.4,15921.8,15922.2,15922.9,15923.4,0.5,580.9900076
2026-05-29T08:15:00+00:00,15923,15925.3,15923,15924.75,15922.8,15923.2,15925.1,15925.5,15922.8,15923.2,15924.5,15925,0.5,332.2000039
2026-05-29T08:20:00+00:00,15924.75,15927.25,15924.65,15927.2,15924.5,15925,15927,15927.5,15924.4,15924.9,15927,15927.4,0.4,359.8900058
2026-05-29T08:25:00+00:00,15927.15,15928.1,15926.25,15927.7,15926.9,15927.4,15927.9,15928.3,15926,15926.5,15927.4,15928,0.6,344.5100058
2026-05-29T08:30:00+00:00,15927.75,15929.1,15926.35,15928.25,15927.5,15928,15928.8,15929.4,15926.1,15926.6,15928.1,15928.4,0.3,683.5500077
2026-05-29T08:35:00+00:00,15928.35,15930.25,15927.8,15928.65,15928.1,15928.6,15930,15930.5,15927.6,15928,15928.5,15928.8,0.3,580.3700107
2026-05-29T08:40:00+00:00,15928.6,15929.05,15926.3,15926.95,15928.5,15928.7,15928.8,15929.3,15926.1,15926.5,15926.7,15927.2,0.5,484.4400083
2026-05-29T08:45:00+00:00,15927.2,15928.75,15927.2,15928.75,15926.9,15927.5,15928.5,15929,15926.9,15927.5,15928.5,15929,0.5,252.5200038
2026-05-29T08:50:00+00:00,15928.7,15931.8,15928.6,15929.8,15928.5,15928.9,15931.6,15932,15928.4,15928.8,15929.5,15930.1,0.6,480.0200089
2026-05-29T08:55:00+00:00,15930.05,15931.4,15928.8,15929.65,15929.8,15930.3,15931.2,15931.6,15928.6,15929,15929.4,15929.9,0.5,830.6700135
2026-05-29T09:00:00+00:00,15929.55,15930.05,15926.75,15928.8,15929.3,15929.8,15929.8,15930.3,15926.5,15927,15928.6,15929,0.4,777.7800113
2026-05-29T09:05:00+00:00,15928.75,15929.3,15927.75,15929.2,15928.5,15929,15929.1,15929.5,15927.5,15928,15929,15929.4,0.4,341.7700045
2026-05-29T09:10:00+00:00,15929.05,15930.1,15927.7,15927.7,15928.8,15929.3,15929.9,15930.3,15927.5,15927.9,15927.5,15927.9,0.4,380.8200054
2026-05-29T09:15:00+00:00,15927.85,15928.65,15924.95,15925.3,15927.5,15928.2,15928.4,15928.9,15924.7,15925.2,15925,15925.6,0.6,697.76001
2026-05-29T09:20:00+00:00,15925.4,15928.75,15925.4,15928.75,15925.2,15925.6,15928.6,15928.9,15925.2,15925.6,15928.6,15928.9,0.3,478.8600056
2026-05-29T09:25:00+00:00,15928.7,15929.05,15923.85,15925.05,15928.5,15928.9,15928.8,15929.3,15923.5,15924.2,15924.8,15925.3,0.5,835.0700079
2026-05-29T09:30:00+00:00,15924.85,15927.05,15923.85,15926.8,15924.6,15925.1,15926.9,15927.2,15923.6,15924.1,15926.5,15927.1,0.6,900.630007
2026-05-29T09:35:00+00:00,15926.8,15927.75,15926.65,15927.55,15926.5,15927.1,15927.5,15928,15926.4,15926.9,15927.4,15927.7,0.3,367.2000049
2026-05-29T09:40:00+00:00,15927.65,15928.75,15926.65,15927.05,15927.3,15928,15928.5,15929,15926.4,15926.9,15926.8,15927.3,0.5,460.5200057
2026-05-29T09:45:00+00:00,15927.2,15928.1,15926.1,15928.1,15926.9,15927.5,15927.9,15928.3,15925.8,15926.4,15927.9,15928.3,0.4,533.4200068
2026-05-29T09:50:00+00:00,15928.15,15928.75,15927.45,15928.25,15928,15928.3,15928.6,15928.9,15927.2,15927.7,15928.1,15928.4,0.3,345.6700051
2026-05-29T09:55:00+00:00,15928.1,15930.05,15927.8,15929.9,15927.9,15928.3,15929.8,15930.3,15927.6,15928,15929.7,15930.1,0.4,762.5700113
2026-05-29T10:00:00+00:00,15929.8,15932.2,15929.3,15931.3,15929.6,15930,15932,15932.4,15929.1,15929.5,15931,15931.6,0.6,1139.110013
2026-05-29T10:05:00+00:00,15931.35,15931.5,15929.1,15929.8,15931.1,15931.6,15931.2,15931.8,15928.8,15929.4,15929.6,15930,0.4,621.1900073
2026-05-29T10:10:00+00:00,15929.9,15929.9,15927.25,15927.7,15929.7,15930.1,15929.7,15930.1,15927,15927.5,15927.5,15927.9,0.4,246.8900042
2026-05-29T10:15:00+00:00,15927.6,15930,15927,15929.1,15927.4,15927.8,15929.8,15930.2,15926.8,15927.2,15928.8,15929.4,0.6,236.7000037
2026-05-29T10:20:00+00:00,15929,15929.15,15927.55,15928.55,15928.8,15929.2,15928.9,15929.4,15927.3,15927.8,15928.2,15928.9,0.7,307.090005
2026-05-29T10:25:00+00:00,15928.5,15930,15927.6,15927.75,15928.2,15928.8,15929.8,15930.2,15927.4,15927.8,15927.5,15928,0.5,276.3400049
2026-05-29T10:30:00+00:00,15927.7,15928.65,15927.25,15927.6,15927.5,15927.9,15928.4,15928.9,15927,15927.5,15927.4,15927.8,0.4,261.3000044
2026-05-29T10:35:00+00:00,15927.75,15927.85,15926.75,15927.2,15927.5,15928,15927.7,15928,15926.5,15927,15927,15927.4,0.4,286.5000061
2026-05-29T10:40:00+00:00,15927.25,15929,15927.2,15927.5,15927.1,15927.4,15928.7,15929.3,15927,15927.4,15927.3,15927.7,0.4,212.7000041
2026-05-29T10:45:00+00:00,15927.35,15927.7,15926.4,15927.65,15927.1,15927.6,15927.5,15927.9,15926.2,15926.6,15927.5,15927.8,0.3,313.9200053
2026-05-29T10:50:00+00:00,15927.6,15928.8,15927.2,15928.75,15927.4,15927.8,15928.6,15929,15927,15927.4,15928.5,15929,0.5,707.4000145
2026-05-29T10:55:00+00:00,15928.65,15929.25,15928.45,15928.75,15928.5,15928.8,15929.1,15929.4,15928.4,15928.5,15928.5,15929,0.5,139.9500023
2026-05-29T11:00:00+00:00,15928.85,15929.15,15927.65,15928.7,15928.7,15929,15929,15929.3,15927.4,15927.9,15928.4,15929,0.6,272.6200036
2026-05-29T11:05:00+00:00,15928.6,15929.3,15928.2,15929,15928.4,15928.8,15929,15929.6,15928,15928.4,15928.8,15929.2,0.4,389.8200055
2026-05-29T11:10:00+00:00,15929.15,15930.2,15928.7,15928.7,15928.9,15929.4,15930,15930.4,15928.5,15928.9,15928.5,15928.9,0.4,271.5700052
2026-05-29T11:15:00+00:00,15928.6,15928.95,15927.5,15927.75,15928.3,15928.9,15928.8,15929.1,15927.3,15927.7,15927.6,15927.9,0.3,241.5700041
2026-05-29T11:20:00+00:00,15927.6,15927.7,15926.95,15927.35,15927.4,15927.8,15927.4,15928,15926.8,15927.1,15927.2,15927.5,0.3,195.0000038
2026-05-29T11:25:00+00:00,15927.3,15928.7,15926.9,15928.25,15927.1,15927.5,15928.5,15928.9,15926.8,15927,15928.1,15928.4,0.3,379.6900088
2026-05-29T11:30:00+00:00,15928.35,15929.85,15928.35,15929.7,15928.2,15928.5,15929.7,15930,15928.2,15928.5,15929.4,15930,0.6,245.7000067
2026-05-29T11:35:00+00:00,15929.8,15929.85,15927.4,15927.65,15929.7,15929.9,15929.7,15930,15927.2,15927.6,15927.4,15927.9,0.5,608.3200095
2026-05-29T11:40:00+00:00,15927.55,15927.8,15926.5,15927.4,15927.4,15927.7,15927.7,15927.9,15926.2,15926.8,15927.1,15927.7,0.6,585.5600106
2026-05-29T11:45:00+00:00,15927.25,15927.3,15925.9,15926.7,15927.1,15927.4,15927.1,15927.5,15925.7,15926.1,15926.5,15926.9,0.4,292.9500052
2026-05-29T11:50:00+00:00,15926.8,15929.45,15926,15927.65,15926.5,15927.1,15929.3,15929.6,15925.9,15926.1,15927.4,15927.9,0.5,1042.100016
2026-05-29T11:55:00+00:00,15927.6,15927.6,15925,15925.2,15927.5,15927.7,15927.5,15927.7,15924.8,15925.2,15925,15925.4,0.4,666.7100084
2026-05-29T12:00:00+00:00,15925.25,15928.45,15925.1,15926.75,15925.1,15925.4,15928.3,15928.6,15924.8,15925.4,15926.5,15927,0.5,685.7900089
2026-05-29T12:05:00+00:00,15927,15927.7,15925.45,15926.35,15926.8,15927.2,15927.5,15927.9,15925.2,15925.7,15926.2,15926.5,0.3,793.3900104
2026-05-29T12:10:00+00:00,15926.4,15927.65,15925.35,15926.65,15926.2,15926.6,15927.4,15927.9,15925.1,15925.6,15926.5,15926.8,0.3,1053.150015
2026-05-29T12:15:00+00:00,15926.7,15927.2,15925.55,15926.1,15926.5,15926.9,15927,15927.4,15925.3,15925.8,15925.9,15926.3,0.4,744.9000089
2026-05-29T12:20:00+00:00,15926.05,15927.45,15925.75,15926.7,15925.9,15926.2,15927.2,15927.7,15925.5,15926,15926.4,15927,0.6,616.070008
2026-05-29T12:25:00+00:00,15926.95,15927.75,15926.25,15927.5,15926.8,15927.1,15927.5,15928,15926.1,15926.4,15927.1,15927.9,0.8,445.8100058
2026-05-29T12:30:00+00:00,15927.4,15930.65,15926.75,15928.75,15927,15927.8,15930.5,15930.8,15926.5,15927,15928.5,15929,0.5,1285.710015
2026-05-29T12:35:00+00:00,15928.75,15930.75,15928.35,15929.75,15928.5,15929,15930.5,15931,15928.1,15928.6,15929.5,15930,0.5,825.3100092
2026-05-29T12:40:00+00:00,15929.75,15930,15928.05,15928.65,15929.5,15930,15929.8,15930.2,15927.9,15928.2,15928.4,15928.9,0.5,407.710007
2026-05-29T12:45:00+00:00,15928.7,15928.95,15927.2,15928.1,15928.5,15928.9,15928.7,15929.2,15927,15927.4,15927.8,15928.4,0.6,548.9200063
2026-05-29T12:50:00+00:00,15928.05,15928.25,15926.3,15926.9,15927.8,15928.3,15928.1,15928.4,15926,15926.6,15926.7,15927.1,0.4,588.9700106
2026-05-29T12:55:00+00:00,15927.1,15927.7,15925.75,15926.1,15926.9,15927.3,15927.4,15928,15925.5,15926,15925.9,15926.3,0.4,403.8600063
2026-05-29T13:00:00+00:00,15925.95,15926.55,15924.3,15925.3,15925.6,15926.3,15926.3,15926.8,15924.1,15924.5,15925.1,15925.5,0.4,1009.330018
2026-05-29T13:05:00+00:00,15925.25,15927.55,15924.9,15927.35,15925.1,15925.4,15927.3,15927.8,15924.7,15925.1,15927.2,15927.5,0.3,497.8000087
2026-05-29T13:10:00+00:00,15927.3,15928.45,15926.1,15928.4,15927.1,15927.5,15928.2,15928.7,15925.9,15926.3,15928.2,15928.6,0.4,585.7200056
2026-05-29T13:15:00+00:00,15928.4,15928.6,15926.25,15927.25,15928.2,15928.6,15928.4,15928.8,15926.1,15926.4,15927.1,15927.4,0.3,879.2500136
2026-05-29T13:20:00+00:00,15927.2,15928.2,15925.9,15927.75,15927,15927.4,15928,15928.4,15925.7,15926.1,15927.6,15927.9,0.3,579.3700104
2026-05-29T13:25:00+00:00,15927.95,15928.5,15926.25,15927.1,15927.8,15928.1,15928.3,15928.7,15926,15926.5,15926.9,15927.3,0.4,487.950008
2026-05-29T13:30:00+00:00,15927.15,15929.2,15927.15,15928.4,15927,15927.3,15928.9,15929.5,15927,15927.3,15928.2,15928.6,0.4,491.9400088
2026-05-29T13:35:00+00:00,15928.5,15930.2,15928.4,15929.65,15928.3,15928.7,15930.1,15930.3,15928.2,15928.6,15929.5,15929.8,0.3,551.5200057
2026-05-29T13:40:00+00:00,15929.6,15930.45,15926.5,15927.1,15929.4,15929.8,15930.4,15930.5,15926.2,15926.8,15926.8,15927.4,0.6,721.6800119
2026-05-29T13:45:00+00:00,15927.05,15928.7,15926.15,15927.85,15926.8,15927.3,15928.5,15928.9,15925.9,15926.4,15927.7,15928,0.3,710.6300118
2026-05-29T13:50:00+00:00,15927.8,15930.15,15927.7,15928.9,15927.6,15928,15929.9,15930.4,15927.5,15927.9,15928.7,15929.1,0.4,700.5700109
2026-05-29T13:55:00+00:00,15929,15931.05,15928.6,15930.25,15928.9,15929.1,15930.9,15931.2,15928.4,15928.8,15930.1,15930.4,0.3,472.0700086
2026-05-29T14:00:00+00:00,15930.2,15931.3,15927.2,15928.55,15930,15930.4,15931.1,15931.5,15926.9,15927.5,15928.4,15928.7,0.3,1130.190018
2026-05-29T14:05:00+00:00,15928.45,15928.8,15927.7,15927.75,15928.4,15928.5,15928.6,15929,15927.5,15927.9,15927.6,15927.9,0.3,574.8500112
2026-05-29T14:10:00+00:00,15927.7,15932.95,15927.7,15932.95,15927.5,15927.9,15932.8,15933.1,15927.5,15927.9,15932.8,15933.1,0.3,1286.130019
2026-05-29T14:15:00+00:00,15932.8,15935.1,15932.8,15934.55,15932.6,15933,15934.9,15935.3,15932.6,15933,15934.4,15934.7,0.3,770.7700115
2026-05-29T14:20:00+00:00,15934.5,15935.4,15932.55,15935.15,15934.3,15934.7,15935.2,15935.6,15932.4,15932.7,15935,15935.3,0.3,668.3400097
2026-05-29T14:25:00+00:00,15935.3,15935.7,15933.9,15935.45,15935.1,15935.5,15935.5,15935.9,15933.7,15934.1,15935.3,15935.6,0.3,774.0000117
2026-05-29T14:30:00+00:00,15935.35,15935.45,15932.2,15932.35,15935.3,15935.4,15935.3,15935.6,15932,15932.4,15932.2,15932.5,0.3,835.670018
2026-05-29T14:35:00+00:00,15932.4,15935.6,15931.75,15934.4,15932.2,15932.6,15935.4,15935.8,15931.5,15932,15934.2,15934.6,0.4,843.650012
2026-05-29T14:40:00+00:00,15934.3,15934.3,15931.7,15931.8,15934.1,15934.5,15934.1,15934.5,15931.5,15931.9,15931.6,15932,0.4,692.9100128
2026-05-29T14:45:00+00:00,15931.85,15933.1,15929.75,15930.4,15931.7,15932,15932.9,15933.3,15929.5,15930,15930.1,15930.7,0.6,1174.900017
2026-05-29T14:50:00+00:00,15930.3,15930.8,15918.35,15920.65,15930.1,15930.5,15930.5,15931.1,15918.1,15918.6,15920.4,15920.9,0.5,4108.060076
2026-05-29T14:55:00+00:00,15920.7,15923,15916.25,15919.05,15920.4,15921,15922.7,15923.3,15916.1,15916.4,15918.8,15919.3,0.5,4101.450076
2026-05-29T15:00:00+00:00,15918.9,15920.8,15912.4,15917.95,15918.8,15919,15920.5,15921.1,15912.2,15912.6,15917.7,15918.2,0.5,3311.220048
2026-05-29T15:05:00+00:00,15918,15919.5,15910.1,15911.85,15917.7,15918.3,15919.2,15919.8,15909.9,15910.3,15911.6,15912.1,0.5,2159.280027
2026-05-29T15:10:00+00:00,15912.05,15915.35,15909.9,15915.35,15911.8,15912.3,15915.1,15915.6,15909.5,15910.3,15915.1,15915.6,0.5,1564.770025
2026-05-29T15:15:00+00:00,15915.3,15919.05,15915.2,15919.05,15915.1,15915.5,15918.8,15919.3,15914.9,15915.5,15918.8,15919.3,0.5,1137.040021
2026-05-29T15:20:00+00:00,15918.9,15919.8,15913.8,15916,15918.6,15919.2,15919.5,15920.1,15913.4,15914.2,15915.7,15916.3,0.6,1590.570027
2026-05-29T15:25:00+00:00,15916,15919.15,15916,15918.15,15915.7,15916.3,15918.9,15919.4,15915.7,15916.3,15917.9,15918.4,0.5,1058.52002
2026-05-29T15:30:00+00:00,15917.9,15918.2,15914.35,15917.8,15917.7,15918.1,15918,15918.4,15914.1,15914.6,15917.5,15918.1,0.6,1268.880025
2026-05-29T15:35:00+00:00,15917.9,15920.8,15915.2,15918.95,15917.6,15918.2,15920.5,15921.1,15914.9,15915.5,15918.7,15919.2,0.5,1467.680031
2026-05-29T15:40:00+00:00,15919,15924.3,15917.8,15922,15918.7,15919.3,15924,15924.6,15917.5,15918.1,15921.7,15922.3,0.6,2088.680045
2026-05-29T15:45:00+00:00,15922.2,15924.75,15920.2,15922.35,15921.9,15922.5,15924.5,15925,15919.9,15920.5,15922,15922.7,0.7,1182.630026
2026-05-29T15:50:00+00:00,15922.55,15924.05,15921.9,15923.05,15922.3,15922.8,15923.8,15924.3,15921.6,15922.2,15922.8,15923.3,0.5,787.4800155
2026-05-29T15:55:00+00:00,15923.1,15924.45,15922.8,15923.3,15922.9,15923.3,15924.2,15924.7,15922.6,15923,15923,15923.6,0.6,660.6400138
2026-05-29T16:00:00+00:00,15923.2,15923.45,15920.15,15922.3,15923,15923.4,15923.3,15923.6,15919.8,15920.5,15922.1,15922.5,0.4,750.2600204
2026-05-29T16:05:00+00:00,15922.4,15924.5,15922.2,15923.7,15922.2,15922.6,15924.3,15924.7,15922,15922.4,15923.4,15924,0.6,521.7700135
2026-05-29T16:10:00+00:00,15923.55,15925.05,15922.55,15924.05,15923.3,15923.8,15924.9,15925.2,15922.3,15922.8,15923.8,15924.3,0.5,412.7100116
2026-05-29T16:15:00+00:00,15924.2,15925,15922.3,15925,15924,15924.4,15924.8,15925.2,15922.1,15922.5,15924.8,15925.2,0.4,411.4900094
2026-05-29T16:20:00+00:00,15925.1,15925.25,15922.1,15923.85,15924.9,15925.3,15925,15925.5,15921.9,15922.3,15923.6,15924.1,0.5,451.6900119
2026-05-29T16:25:00+00:00,15924,15924.5,15923.35,15923.45,15923.7,15924.3,15924.3,15924.7,15923.1,15923.6,15923.2,15923.7,0.5,212.7200062
2026-05-29T16:30:00+00:00,15923.55,15924.8,15920,15921.35,15923.3,15923.8,15924.4,15925.2,15919.8,15920.2,15921.1,15921.6,0.5,989.5600188
2026-05-29T16:35:00+00:00,15921.3,15921.7,15918.85,15919.6,15921.1,15921.5,15921.5,15921.9,15918.6,15919.1,15919.4,15919.8,0.4,416.2700125
2026-05-29T16:40:00+00:00,15919.35,15920.2,15918.3,15918.45,15919.2,15919.5,15920,15920.4,15918.1,15918.5,15918.2,15918.7,0.5,353.2900106
2026-05-29T16:45:00+00:00,15918.6,15921.25,15918.4,15921.1,15918.4,15918.8,15921,15921.5,15918.2,15918.6,15920.9,15921.3,0.4,350.9400098
2026-05-29T16:50:00+00:00,15921.2,15922.75,15921.1,15921.2,15921,15921.4,15922.5,15923,15920.9,15921.3,15921,15921.4,0.4,181.500006
2026-05-29T16:55:00+00:00,15920.85,15921.35,15919.05,15919.95,15920.6,15921.1,15921.1,15921.6,15918.6,15919.5,15919.7,15920.2,0.5,351.3700079
2026-05-29T17:00:00+00:00,15919.9,15921,15919.4,15920.9,15919.6,15920.2,15920.8,15921.2,15919.2,15919.6,15920.7,15921.1,0.4,562.7500124
2026-05-29T17:05:00+00:00,15920.65,15920.9,15918.55,15920.75,15920.5,15920.8,15920.7,15921.1,15918.3,15918.8,15920.4,15921.1,0.7,202.9900059
2026-05-29T17:10:00+00:00,15920.5,15923.2,15920.1,15923.2,15920.3,15920.7,15923,15923.4,15919.9,15920.3,15923,15923.4,0.4,362.1200095
2026-05-29T17:15:00+00:00,15923.1,15923.1,15922.2,15922.8,15922.9,15923.3,15922.9,15923.3,15922,15922.4,15922.6,15923,0.4,187.0500057
2026-05-29T17:20:00+00:00,15922.7,15925.75,15922.25,15923.75,15922.5,15922.9,15925.5,15926,15922,15922.5,15923.6,15923.9,0.3,525.2200146
2026-05-29T17:25:00+00:00,15923.7,15924.4,15923.45,15923.8,15923.6,15923.8,15924.2,15924.6,15923.2,15923.7,15923.5,15924.1,0.6,175.6500055
2026-05-29T17:30:00+00:00,15923.6,15924.5,15923,15923.3,15923.3,15923.9,15924.2,15924.8,15922.8,15923.2,15923.1,15923.5,0.4,190.6200054
2026-05-29T17:35:00+00:00,15923.4,15924.85,15922.7,15924.8,15923.2,15923.6,15924.5,15925.2,15922.5,15922.9,15924.5,15925.1,0.6,248.1600066
2026-05-29T17:40:00+00:00,15924.7,15925.65,15923.9,15924.6,15924.3,15925.1,15925.5,15925.8,15923.7,15924.1,15924.4,15924.8,0.4,197.4000067
2026-05-29T17:45:00+00:00,15924.5,15925.05,15923.7,15924,15924.3,15924.7,15924.8,15925.3,15923.5,15923.9,15923.8,15924.2,0.4,341.9200115
2026-05-29T17:50:00+00:00,15923.95,15926.95,15923.4,15926.2,15923.8,15924.1,15926.8,15927.1,15923.1,15923.7,15926,15926.4,0.4,288.970009
2026-05-29T17:55:00+00:00,15926.4,15928.7,15926.1,15928.45,15926.2,15926.6,15928.5,15928.9,15925.9,15926.3,15928.3,15928.6,0.3,376.9400103
2026-05-29T18:00:00+00:00,15928.55,15929.7,15927.35,15928.25,15928.4,15928.7,15929.5,15929.9,15927.2,15927.5,15928,15928.5,0.5,476.5800126
2026-05-29T18:05:00+00:00,15928.1,15929.05,15927.75,15928.4,15927.9,15928.3,15928.8,15929.3,15927.5,15928,15928.2,15928.6,0.4,246.9100058
2026-05-29T18:10:00+00:00,15928.55,15928.6,15926.2,15926.7,15928.3,15928.8,15928.4,15928.8,15926,15926.4,15926.4,15927,0.6,332.1700087
2026-05-29T18:15:00+00:00,15926.85,15930.65,15926.2,15927.6,15926.7,15927,15930.4,15930.9,15926,15926.4,15927.4,15927.8,0.4,364.59001
2026-05-29T18:20:00+00:00,15927.5,15930.1,15926.55,15929.2,15927.3,15927.7,15929.9,15930.3,15926.3,15926.8,15929,15929.4,0.4,454.8200113
2026-05-29T18:25:00+00:00,15929.3,15929.3,15926.65,15927.05,15929.1,15929.5,15929.1,15929.5,15926.4,15926.9,15926.8,15927.3,0.5,376.3100101
2026-05-29T18:30:00+00:00,15926.8,15926.8,15924.6,15924.8,15926.7,15926.9,15926.7,15926.9,15924.4,15924.8,15924.6,15925,0.4,300.1900079
2026-05-29T18:35:00+00:00,15924.85,15925.2,15923.3,15923.7,15924.6,15925.1,15924.9,15925.5,15923.1,15923.5,15923.5,15923.9,0.4,526.3800143
2026-05-29T18:40:00+00:00,15923.5,15925.7,15923.25,15924.9,15923.3,15923.7,15925.5,15925.9,15923,15923.5,15924.7,15925.1,0.4,239.0900075
2026-05-29T18:45:00+00:00,15925.1,15930.3,15924.75,15925.75,15924.9,15925.3,15930,15930.6,15924.5,15925,15925.5,15926,0.5,1562.970044
2026-05-29T18:50:00+00:00,15925.8,15925.95,15923.65,15923.7,15925.5,15926.1,15925.6,15926.3,15923.4,15923.9,15923.4,15924,0.6,456.6500096
2026-05-29T18:55:00+00:00,15923.55,15926.65,15922.4,15926.4,15923.3,15923.8,15926.4,15926.9,15922.1,15922.7,15926.1,15926.7,0.6,510.2300143
2026-05-29T19:00:00+00:00,15926.35,15926.4,15923.2,15924.35,15926.1,15926.6,15926.1,15926.7,15923,15923.4,15924.1,15924.6,0.5,487.3100153
2026-05-29T19:05:00+00:00,15924.2,15924.3,15922,15922,15923.9,15924.5,15924,15924.6,15921.8,15922.2,15921.8,15922.2,0.4,195.1500052
2026-05-29T19:10:00+00:00,15921.9,15924.4,15921.8,15923.7,15921.8,15922,15924.2,15924.6,15921.6,15922,15923.4,15924,0.6,241.9800068
2026-05-29T19:15:00+00:00,15923.85,15925.3,15922.4,15925.2,15923.6,15924.1,15924.9,15925.7,15922.2,15922.6,15924.8,15925.6,0.8,279.9000071
2026-05-29T19:20:00+00:00,15925.15,15926.1,15923.85,15926.1,15924.7,15925.6,15925.9,15926.3,15923.5,15924.2,15925.9,15926.3,0.4,485.3200088
2026-05-29T19:25:00+00:00,15926.5,15927.4,15925.9,15926.3,15926.3,15926.7,15927.2,15927.6,15925.6,15926.2,15926.1,15926.5,0.4,691.0900124
2026-05-29T19:30:00+00:00,15926.05,15926.6,15924.85,15925.55,15925.9,15926.2,15926.4,15926.8,15924.6,15925.1,15925.3,15925.8,0.5,293.5700079
2026-05-29T19:35:00+00:00,15925.4,15926.8,15925.05,15926.2,15925.2,15925.6,15926.6,15927,15924.8,15925.3,15925.9,15926.5,0.6,171.460005
2026-05-29T19:40:00+00:00,15926.2,15926.85,15925.55,15926.15,15926,15926.4,15926.6,15927.1,15925.3,15925.8,15925.9,15926.4,0.5,518.4900147
2026-05-29T19:45:00+00:00,15926,15927.35,15925.45,15925.85,15925.8,15926.2,15927.2,15927.5,15925.2,15925.7,15925.6,15926.1,0.5,529.8700169
2026-05-29T19:50:00+00:00,15926.1,15926.15,15924.8,15925.5,15925.9,15926.3,15925.9,15926.4,15924.6,15925,15925.3,15925.7,0.4,372.9500097
2026-05-29T19:55:00+00:00,15925.25,15926.5,15924.25,15926.4,15925,15925.5,15926.2,15926.8,15924,15924.5,15926,15926.8,0.8,486.7400131
2026-05-29T20:00:00+00:00,15926.45,15927.25,15926,15926.15,15925.9,15927,15926.9,15927.6,15925.7,15926.3,15925.8,15926.5,0.7,845.2500207
2026-05-29T20:05:00+00:00,15926.1,15926.7,15925.2,15926.4,15925.7,15926.5,15926.4,15927,15924.8,15925.6,15926.1,15926.7,0.6,826.5000204
2026-05-29T20:10:00+00:00,15926.4,15927.35,15926.4,15926.6,15926.1,15926.7,15927,15927.7,15926.1,15926.7,15926.3,15926.9,0.6,279.1500049
2026-05-29T20:15:00+00:00,15926.7,15927.85,15926.7,15927.75,15926.4,15927,15927.5,15928.2,15926.4,15927,15927.3,15928.2,0.9,99.95000088
2026-05-29T20:20:00+00:00,15927.7,15927.9,15927.1,15927.7,15927.3,15928.1,15927.5,15928.3,15926.5,15927.7,15927.3,15928.1,0.8,211.1400032
2026-05-29T20:25:00+00:00,15927.65,15929.2,15927.55,15927.8,15927.3,15928,15928.8,15929.6,15927.2,15927.9,15927.4,15928.2,0.8,258.7500017
2026-05-29T20:30:00+00:00,15928,15928.15,15926.6,15926.7,15927.6,15928.4,15927.7,15928.6,15926.2,15927,15926.2,15927.2,1,131.2500035
2026-05-29T20:35:00+00:00,15927.1,15927.95,15926.5,15927.95,15926.9,15927.3,15927.4,15928.5,15926.1,15926.9,15927.4,15928.5,1.1,419.0500101
2026-05-29T20:40:00+00:00,15927.85,15928.2,15926.15,15926.3,15927.3,15928.4,15927.7,15928.7,15925.4,15926.9,15925.6,15927,1.4,389.3500071
2026-05-29T20:45:00+00:00,15926.65,15927.3,15925.6,15926.4,15926.3,15927,15926.5,15928.1,15924.8,15926.4,15925.6,15927.2,1.6,1027.870005
2026-05-29T20:50:00+00:00,15926.35,15927.25,15925.85,15926.35,15925.6,15927.1,15926.5,15928,15925.2,15926.5,15925.6,15927.1,1.5,493.3499995
2026-05-29T20:55:00+00:00,15926.35,15928.75,15925.05,15927.65,15925.5,15927.2,15926.8,15930.7,15924.1,15926,15924.9,15930.4,5.5,562.1200062
2026-05-31T21:00:00+00:00,15937.4,15937.85,15936.4,15936.8,15934.4,15940.4,15935.2,15940.5,15934.4,15938.4,15935.2,15938.4,3.2,4.499999881
2026-05-31T21:05:00+00:00,15935.95,15936.95,15935.85,15936.5,15933.3,15938.6,15934.9,15939,15933.3,15938.4,15934.6,15938.4,3.8,26.10000014
2026-05-31T21:10:00+00:00,15936.6,15936.95,15936.5,15936.95,15934.7,15938.5,15935.2,15938.7,15934.6,15938.4,15935.2,15938.7,3.5,14.70000017
2026-05-31T21:15:00+00:00,15936.75,15937.1,15936.7,15936.95,15935.1,15938.4,15935.4,15938.8,15935,15938.4,15935.3,15938.6,3.3,19.20000076
2026-05-31T21:20:00+00:00,15937.15,15937.4,15936.65,15936.9,15935.6,15938.7,15935.6,15939.2,15934.6,15938.7,15934.6,15939.2,4.6,4.800000191
2026-05-31T21:25:00+00:00,15936.8,15936.8,15936.8,15936.8,15934.3,15939.3,15934.3,15939.3,15934.3,15939.3,15934.3,15939.3,5,5.100000024
2026-05-31T21:30:00+00:00,15937.05,15937.4,15936.4,15936.75,15935.1,15939,15935.2,15939.6,15933.9,15938.9,15933.9,15939.6,5.7,13.20000029
2026-05-31T21:35:00+00:00,15936.95,15937.25,15933.9,15934.25,15934.7,15939.2,15935.3,15939.2,15932.3,15935.5,15932.4,15936.1,3.7,36.00000095
2026-05-31T21:40:00+00:00,15934.05,15934.05,15933.7,15933.75,15932.5,15935.6,15932.5,15935.6,15932.2,15935.2,15932.3,15935.2,2.9,9.600000381
2026-05-31T21:45:00+00:00,15934.35,15936.55,15934.35,15936.45,15932.7,15936,15934.2,15938.9,15932.7,15936,15934.1,15938.8,4.7,14.10000026
2026-05-31T21:50:00+00:00,15936.45,15936.9,15936.2,15936.6,15934,15938.9,15934.2,15939.6,15933.6,15938.8,15933.6,15939.6,6,20.40000057
2026-05-31T21:55:00+00:00,15936.55,15936.95,15935.25,15935.3,15933.5,15939.6,15934.3,15939.6,15933.5,15937,15933.6,15937,3.4,29.40000081
2026-05-31T22:00:00+00:00,15935.25,15941.4,15933.4,15939,15933.6,15936.9,15940.2,15942.6,15931.9,15934.9,15938.2,15939.8,1.6,645.9299921
2026-05-31T22:05:00+00:00,15939.1,15942.2,15937.8,15939.15,15938.2,15940,15941.4,15943,15937.1,15938.5,15938.4,15939.9,1.5,777.1400153
2026-05-31T22:10:00+00:00,15939.25,15940.3,15937.8,15937.95,15938.6,15939.9,15939.3,15941.3,15937.1,15938.5,15937.3,15938.6,1.3,578.2500166
2026-05-31T22:15:00+00:00,15937.9,15939.8,15937.5,15939.45,15937.1,15938.7,15939.1,15940.5,15936.8,15938.2,15938.9,15940,1.1,383.7000108
2026-05-31T22:20:00+00:00,15939.4,15939.65,15938.15,15938.7,15938.9,15939.9,15938.9,15940.4,15937.6,15938.7,15938.3,15939.1,0.8,359.9000099
2026-05-31T22:25:00+00:00,15938.9,15941.4,15938.9,15941.05,15938.5,15939.3,15941.1,15941.7,15938.5,15939.3,15940.5,15941.6,1.1,223.2000062
2026-05-31T22:30:00+00:00,15941.05,15943.45,15940.25,15941.8,15940.5,15941.6,15943.1,15943.8,15939.7,15940.8,15941.4,15942.2,0.8,650.7000167
2026-05-31T22:35:00+00:00,15942.1,15942.6,15940.9,15941.45,15941.8,15942.4,15942.3,15942.9,15940.5,15941.3,15941.1,15941.8,0.7,418.3500111
2026-05-31T22:40:00+00:00,15941.6,15942.55,15940.7,15941.1,15941.2,15942,15942.2,15942.9,15940.3,15941.1,15940.7,15941.5,0.8,367.9000077
2026-05-31T22:45:00+00:00,15941,15941.8,15940.9,15941.25,15940.6,15941.4,15941.6,15942,15940.5,15941.3,15940.9,15941.6,0.7,153.6500047
2026-05-31T22:50:00+00:00,15941.15,15941.15,15938.6,15938.9,15940.7,15941.6,15940.7,15941.6,15938.2,15939,15938.5,15939.3,0.8,317.5500077
2026-05-31T22:55:00+00:00,15938.7,15939.25,15937.4,15939.15,15938.3,15939.1,15938.7,15939.8,15937.1,15937.7,15938.6,15939.7,1.1,2412.800056
