timestamp,open,high,low,close,open_bid,open_ask,high_bid,high_ask,low_bid,low_ask,close_bid,close_ask,spread,volume
2026-05-25T23:00:00+00:00,15892.75,15893,15891.35,15892.6,15892.3,15893.2,15892.6,15893.4,15891.1,15891.6,15892,15893.2,1.2,384.9700042
2026-05-25T23:10:00+00:00,15892.5,15892.8,15891.2,15891.55,15892,15893,15892.4,15893.2,15890.9,15891.5,15891.3,15891.8,0.5,136.3500013
2026-05-25T23:20:00+00:00,15891.65,15895.25,15891.35,15894.05,15891.4,15891.9,15894.9,15895.6,15891.1,15891.6,15893.7,15894.4,0.7,377.7000048
2026-05-25T23:30:00+00:00,15894.35,15896.65,15894.2,15896.4,15894.1,15894.6,15896.4,15896.9,15894,15894.4,15896.1,15896.7,0.6,577.1100137
2026-05-25T23:40:00+00:00,15896.35,15896.4,15893.55,15893.9,15896.1,15896.6,15896.1,15896.7,15893.2,15893.9,15893.6,15894.2,0.6,772.1100121
2026-05-25T23:50:00+00:00,15894.05,15895.9,15893.75,15895.85,15893.8,15894.3,15895.5,15896.3,15893.4,15894.1,15895.5,15896.2,0.7,384.0500054
2026-05-26T00:00:00+00:00,15895.55,15896.75,15893.55,15895.4,15895.2,15895.9,15896.4,15897.1,15893.4,15893.7,15895.1,15895.7,0.6,1043.290017
2026-05-26T00:10:00+00:00,15895.3,15898,15895,15897.8,15895,15895.6,15897.8,15898.2,15894.8,15895.2,15897.6,15898,0.4,1026.160017
2026-05-26T00:20:00+00:00,15897.85,15899.35,15896.7,15897.95,15897.7,15898,15899.1,15899.6,15896.6,15896.8,15897.8,15898.1,0.3,1122.550023
2026-05-26T00:30:00+00:00,15897.9,15897.9,15894.85,15895.35,15897.8,15898,15897.8,15898,15894.6,15895.1,15895.1,15895.6,0.5,691.8200129
2026-05-26T00:40:00+00:00,15895.45,15896.65,15894.75,15895.65,15895.2,15895.7,15896.4,15896.9,15894.5,15895,15895.3,15896,0.7,397.2700076
2026-05-26T00:50:00+00:00,15895.75,15899.2,15895.75,15897.1,15895.5,15896,15899,15899.4,15895.5,15896,15896.8,15897.4,0.6,1237.080025
2026-05-26T01:00:00+00:00,15897.3,15900.5,15897.3,15899.15,15897.1,15897.5,15900.3,15900.7,15897.1,15897.5,15898.9,15899.4,0.5,883.9700178
2026-05-26T01:10:00+00:00,15899.1,15899.1,15894.65,15895.95,15898.9,15899.3,15898.9,15899.3,15894.4,15894.9,15895.7,15896.2,0.5,784.9800136
2026-05-26T01:20:00+00:00,15896.1,15897.45,15895.1,15895.35,15895.8,15896.4,15897.2,15897.7,15894.8,15895.4,15895.1,15895.6,0.5,1269.730015
2026-05-26T01:30:00+00:00,15895.3,15897.35,15895.1,15896.65,15895.1,15895.5,15897.1,15897.6,15894.9,15895.3,15896.4,15896.9,0.5,897.3000131
2026-05-26T01:40:00+00:00,15896.6,15898.1,15895.65,15896.1,15896.3,15896.9,15897.9,15898.3,15895.4,15895.9,15896,15896.2,0.2,1153.950022
2026-05-26T01:50:00+00:00,15896,15897.15,15895.3,15896.9,15895.8,15896.2,15897,15897.3,15895.1,15895.5,15896.7,15897.1,0.4,422.3500063
2026-05-26T02:00:00+00:00,15897.25,15897.25,15895.3,15895.4,15897.1,15897.4,15897.1,15897.4,15895.1,15895.5,15895.2,15895.6,0.4,457.6500071
2026-05-26T02:10:00+00:00,15895.65,15896.8,15895.35,15895.55,15895.5,15895.8,15896.6,15897,15895,15895.7,15895.2,15895.9,0.7,472.9300085
2026-05-26T02:20:00+00:00,15895.45,15895.7,15893.75,15894.9,15895.2,15895.7,15895.4,15896,15893.6,15893.9,15894.7,15895.1,0.4,502.5700094
2026-05-26T02:30:00+00:00,15894.8,15896,15893.85,15895.55,15894.6,15895,15895.9,15896.1,15893.7,15894,15895.4,15895.7,0.3,415.5000094
2026-05-26T02:40:00+00:00,15895.35,15898.6,15895.15,15896.25,15895.2,15895.5,15898.4,15898.8,15895,15895.3,15896.1,15896.4,0.3,668.0000161
2026-05-26T02:50:00+00:00,15896.25,15896.4,15894.05,15894.65,15896.1,15896.4,15896.2,15896.6,15893.8,15894.3,15894.5,15894.8,0.3,312.4500067
2026-05-26T03:00:00+00:00,15894.3,15894.35,15892.4,15893.15,15894.2,15894.4,15894.2,15894.5,15892.2,15892.6,15892.9,15893.4,0.5,399.2700062
2026-05-26T03:10:00+00:00,15893.25,15893.3,15891.35,15892.4,15893,15893.5,15893,15893.6,15891.1,15891.6,15892.2,15892.6,0.4,410.2500067
2026-05-26T03:20:00+00:00,15892.3,15893.05,15891.35,15893.05,15892,15892.6,15892.8,15893.3,15891,15891.7,15892.8,15893.3,0.5,344.5700048
2026-05-26T03:30:00+00:00,15893.05,15894,15891.8,15893.15,15892.7,15893.4,15893.8,15894.2,15891.5,15892.1,15892.9,15893.4,0.5,854.8000076
2026-05-26T03:40:00+00:00,15893.1,15893.95,15891.75,15892.9,15892.9,15893.3,15893.7,15894.2,15891.6,15891.9,15892.6,15893.2,0.6,809.930006
2026-05-26T03:50:00+00:00,15892.8,15894.25,15892.75,15894.1,15892.6,15893,15894.1,15894.4,15892.5,15893,15893.8,15894.4,0.6,590.7100086
2026-05-26T04:00:00+00:00,15894.05,15894.35,15893.6,15894.25,15893.8,15894.3,15894.1,15894.6,15893.4,15893.8,15894,15894.5,0.5,402.0700066
2026-05-26T04:10:00+00:00,15894.2,15895.35,15893.95,15894.4,15894,15894.4,15895.1,15895.6,15893.7,15894.2,15894.2,15894.6,0.4,307.340005
2026-05-26T04:20:00+00:00,15894.45,15895.2,15893.35,15893.8,15894.2,15894.7,15894.9,15895.5,15893.2,15893.5,15893.6,15894,0.4,292.7400028
2026-05-26T04:30:00+00:00,15893.95,15894.5,15893.6,15893.9,15893.8,15894.1,15894.2,15894.8,15893.3,15893.9,15893.6,15894.2,0.6,722.7000102
2026-05-26T04:40:00+00:00,15893.9,15896.45,15893.7,15896.3,15893.6,15894.2,15896.2,15896.7,15893.5,15893.9,15895.9,15896.7,0.8,384.2100052
2026-05-26T04:50:00+00:00,15896.25,15901.55,15895.4,15900.35,15896,15896.5,15901.3,15901.8,15895.2,15895.6,15900,15900.7,0.7,1188.600019
2026-05-26T05:00:00+00:00,15900.5,15900.9,15897.45,15899.8,15900.4,15900.6,15900.7,15901.1,15897.3,15897.6,15899.5,15900.1,0.6,1074.880024
2026-05-26T05:10:00+00:00,15900.05,15901.35,15899.5,15900.8,15899.9,15900.2,15901.1,15901.6,15899.3,15899.7,15900.5,15901.1,0.6,488.7700098
2026-05-26T05:20:00+00:00,15900.6,15901.15,15899.85,15900.45,15900.3,15900.9,15900.8,15901.5,15899.6,15900.1,15900.2,15900.7,0.5,309.1600058
2026-05-26T05:30:00+00:00,15900.85,15901.1,15899.3,15899.95,15900.7,15901,15900.9,15901.3,15899.1,15899.5,15899.7,15900.2,0.5,1328.250024
2026-05-26T05:40:00+00:00,15900,15901.15,15899.85,15900.45,15899.8,15900.2,15900.9,15901.4,15899.7,15900,15900.2,15900.7,0.5,518.6200085
2026-05-26T05:50:00+00:00,15900.6,15903.45,15900.4,15902.85,15900.3,15900.9,15903.2,15903.7,15900.2,15900.6,15902.6,15903.1,0.5,737.210011
2026-05-26T06:00:00+00:00,15902.8,15904.9,15902.55,15903.75,15902.6,15903,15904.7,15905.1,15902.3,15902.8,15903.5,15904,0.5,1180.320018
2026-05-26T06:10:00+00:00,15903.8,15906.45,15902.05,15905.85,15903.5,15904.1,15906.2,15906.7,15901.9,15902.2,15905.6,15906.1,0.5,962.2000086
2026-05-26T06:20:00+00:00,15906.2,15906.7,15902.8,15906.65,15906,15906.4,15906.4,15907,15902.6,15903,15906.4,15906.9,0.5,1464.130016
2026-05-26T06:30:00+00:00,15906.7,15908.3,15905.25,15908.1,15906.4,15907,15908.1,15908.5,15905,15905.5,15907.9,15908.3,0.4,1510.190018
2026-05-26T06:40:00+00:00,15908.05,15912.05,15907.65,15908,15907.8,15908.3,15911.8,15912.3,15907.4,15907.9,15907.8,15908.2,0.4,1586.970023
2026-05-26T06:50:00+00:00,15908.1,15911.3,15907.5,15909.65,15907.9,15908.3,15911,15911.6,15907.2,15907.8,15909.5,15909.8,0.3,1091.740017
2026-05-26T07:00:00+00:00,15909.75,15918.3,15909.7,15917.85,15909.5,15910,15918.1,15918.5,15909.4,15910,15917.6,15918.1,0.5,2281.800027
2026-05-26T07:10:00+00:00,15917.8,15917.8,15914.55,15916.05,15917.5,15918.1,15917.5,15918.1,15914.3,15914.8,15915.8,15916.3,0.5,1580.360021
2026-05-26T07:20:00+00:00,15916,15919.05,15916,15917.15,15915.7,15916.3,15918.9,15919.2,15915.7,15916.3,15916.9,15917.4,0.5,1343.710016
2026-05-26T07:30:00+00:00,15916.95,15919.25,15914.85,15917.3,15916.6,15917.3,15919.2,15919.3,15914.6,15915.1,15917.2,15917.4,0.2,1634.86003
2026-05-26T07:40:00+00:00,15917.35,15919.2,15916.55,15916.9,15917.2,15917.5,15919,15919.4,15916.4,15916.7,15916.7,15917.1,0.4,685.3000144
2026-05-26T07:50:00+00:00,15916.95,15920.2,15916.9,15919.9,15916.7,15917.2,15920,15920.4,15916.6,15917.2,15919.6,15920.2,0.6,1150.030017
2026-05-26T08:00:00+00:00,15919.75,15922.55,15919.55,15922.55,15919.5,15920,15922.4,15922.7,15919.4,15919.7,15922.4,15922.7,0.3,1187.420019
2026-05-26T08:10:00+00:00,15922.6,15924.05,15920.5,15921.7,15922.4,15922.8,15923.8,15924.3,15920.3,15920.7,15921.5,15921.9,0.4,1611.660022
2026-05-26T08:20:00+00:00,15921.65,15923.65,15921.55,15922.5,15921.5,15921.8,15923.4,15923.9,15921.3,15921.8,15922.2,15922.8,0.6,761.1400104
2026-05-26T08:30:00+00:00,15922.65,15923.5,15922.25,15922.8,15922.4,15922.9,15923.3,15923.7,15922,15922.5,15922.5,15923.1,0.6,869.8500105
2026-05-26T08:40:00+00:00,15922.7,15923.5,15919.95,15920.8,15922.5,15922.9,15923.2,15923.8,15919.6,15920.3,15920.6,15921,0.4,767.8000085
2026-05-26T08:50:00+00:00,15921,15921.6,15919.7,15921.3,15920.8,15921.2,15921.3,15921.9,15919.5,15919.9,15921.1,15921.5,0.4,713.9600102
2026-05-26T09:00:00+00:00,15921.15,15922.6,15919.2,15919.95,15920.9,15921.4,15922.4,15922.8,15919,15919.4,15919.7,15920.2,0.5,1101.540012
2026-05-26T09:10:00+00:00,15920.05,15920.2,15916.45,15917.5,15919.8,15920.3,15919.9,15920.5,15916.3,15916.6,15917.3,15917.7,0.4,1131.840011
2026-05-26T09:20:00+00:00,15917.55,15919.75,15917,15918.25,15917.3,15917.8,15919.6,15919.9,15916.7,15917.3,15918,15918.5,0.5,962.9600148
2026-05-26T09:30:00+00:00,15918.15,15919.25,15917.75,15918.7,15917.9,15918.4,15919,15919.5,15917.5,15918,15918.5,15918.9,0.4,938.880011
2026-05-26T09:40:00+00:00,15918.65,15919.8,15918,15918.5,15918.4,15918.9,15919.6,15920,15917.8,15918.2,15918.3,15918.7,0.4,483.9900073
2026-05-26T09:50:00+00:00,15918.55,15919.05,15915.85,15915.95,15918.3,15918.8,15918.8,15919.3,15915.6,15916.1,15915.7,15916.2,0.5,1083.320012
2026-05-26T10:00:00+00:00,15916,15918,15915.8,15916.4,15915.8,15916.2,15917.7,15918.3,15915.6,15916,15916.2,15916.6,0.4,942.3200151
2026-05-26T10:10:00+00:00,15916.45,15916.55,15913.95,15914.5,15916.3,15916.6,15916.3,15916.8,15913.7,15914.2,15914.3,15914.7,0.4,1163.850014
2026-05-26T10:20:00+00:00,15914.45,15915.6,15913.55,15913.65,15914.2,15914.7,15915.4,15915.8,15913.4,15913.7,15913.5,15913.8,0.3,474.9800067
2026-05-26T10:30:00+00:00,15913.6,15913.9,15910.85,15913.75,15913.5,15913.7,15913.7,15914.1,15910.6,15911.1,15913.5,15914,0.5,1893.570016
2026-05-26T10:40:00+00:00,15913.7,15915.2,15913,15914.8,15913.5,15913.9,15915,15915.4,15912.8,15913.2,15914.6,15915,0.4,1045.730013
2026-05-26T10:50:00+00:00,15914.6,15915.1,15913.55,15914.7,15914.4,15914.8,15914.8,15915.4,15913.4,15913.7,15914.5,15914.9,0.4,902.6600134
2026-05-26T11:00:00+00:00,15914.55,15914.9,15913.75,15914.8,15914.5,15914.6,15914.7,15915.1,15913.5,15914,15914.6,15915,0.4,709.9500129
2026-05-26T11:10:00+00:00,15914.85,15915.9,15913.85,15914.3,15914.6,15915.1,15915.7,15916.1,15913.6,15914.1,15914.1,15914.5,0.4,561.0400087
2026-05-26T11:20:00+00:00,15914.5,15915.1,15913.8,15914.9,15914.3,15914.7,15914.9,15915.3,15913.6,15914,15914.7,15915.1,0.4,696.960008
2026-05-26T11:30:00+00:00,15914.95,15919.15,15914.95,15919.1,15914.7,15915.2,15919.1,15919.2,15914.7,15915.2,15919,15919.2,0.2,1745.000025
2026-05-26T11:40:00+00:00,15919.05,15921.4,15918.95,15920.2,15918.8,15919.3,15921.2,15921.6,15918.7,15919.2,15919.9,15920.5,0.6,1275.550016
2026-05-26T11:50:00+00:00,15920.3,15920.35,15918.8,15919.4,15920,15920.6,15920.1,15920.6,15918.6,15919,15919.2,15919.6,0.4,838.780015
2026-05-26T12:00:00+00:00,15919.35,15922.55,15918.75,15920.45,15919.2,15919.5,15922.4,15922.7,15918.5,15919,15920.2,15920.7,0.5,1639.800029
2026-05-26T12:10:00+00:00,15920.5,15922.2,15920.15,15921.8,15920.3,15920.7,15922,15922.4,15919.9,15920.4,15921.6,15922,0.4,1068.040017
2026-05-26T12:20:00+00:00,15921.6,15922.2,15921.1,15921.25,15921.4,15921.8,15922,15922.4,15920.8,15921.4,15920.9,15921.6,0.7,791.8300112
2026-05-26T12:30:00+00:00,15921.3,15921.75,15919.05,15921.3,15921,15921.6,15921.6,15921.9,15918.9,15919.2,15921,15921.6,0.6,759.5400102
2026-05-26T12:40:00+00:00,15921.35,15921.35,15919.8,15920.85,15921.1,15921.6,15921.1,15921.6,15919.5,15920.1,15920.6,15921.1,0.5,789.8700151
2026-05-26T12:50:00+00:00,15920.8,15922.95,15919.85,15922.65,15920.6,15921,15922.8,15923.1,15919.6,15920.1,15922.4,15922.9,0.5,900.9400115
2026-05-26T13:00:00+00:00,15923.05,15926,15922.8,15923.85,15922.9,15923.2,15925.8,15926.2,15922.6,15923,15923.6,15924.1,0.5,1551.900024
2026-05-26T13:10:00+00:00,15923.9,15926.2,15923.75,15924.95,15923.7,15924.1,15926,15926.4,15923.4,15924.1,15924.6,15925.3,0.7,1288.210014
2026-05-26T13:20:00+00:00,15925,15926.05,15923,15926.05,15924.8,15925.2,15925.8,15926.3,15922.8,15923.2,15925.8,15926.3,0.5,638.6000091
2026-05-26T13:30:00+00:00,15926.05,15928.55,15925.55,15926.4,15925.8,15926.3,15928.4,15928.7,15925.3,15925.8,15926.2,15926.6,0.4,1277.550017
2026-05-26T13:40:00+00:00,15926.5,15928.15,15924.6,15926.75,15926.2,15926.8,15927.9,15928.4,15924.4,15924.8,15926.5,15927,0.5,1929.420021
2026-05-26T13:50:00+00:00,15926.65,15930.1,15926.6,15927.85,15926.4,15926.9,15929.9,15930.3,15926.4,15926.8,15927.6,15928.1,0.5,3394.230037
2026-05-26T14:00:00+00:00,15927.8,15929.15,15925.25,15926.8,15927.5,15928.1,15928.9,15929.4,15925,15925.5,15926.6,15927,0.4,1858.370026
2026-05-26T14:10:00+00:00,15926.75,15927.9,15925.85,15927.7,15926.6,15926.9,15927.7,15928.1,15925.7,15926,15927.5,15927.9,0.4,1882.820045
2026-05-26T14:20:00+00:00,15927.8,15927.85,15925.85,15926.3,15927.5,15928.1,15927.6,15928.1,15925.7,15926,15926.1,15926.5,0.4,1922.160043
2026-05-26T14:30:00+00:00,15926.25,15926.45,15922.85,15926.25,15926.1,15926.4,15926.3,15926.6,15922.6,15923.1,15926.1,15926.4,0.3,1884.590034
2026-05-26T14:40:00+00:00,15926.3,15926.55,15923.75,15926.55,15926.1,15926.5,15926.4,15926.7,15923.6,15923.9,15926.4,15926.7,0.3,1151.410019
2026-05-26T14:50:00+00:00,15926.45,15932.6,15926.35,15932.2,15926.3,15926.6,15932.4,15932.8,15926.1,15926.6,15932,15932.4,0.4,1744.470032
2026-05-26T15:00:00+00:00,15932.2,15934.8,15930.9,15933.3,15932,15932.4,15934.6,15935,15930.7,15931.1,15933.1,15933.5,0.4,2178.580032
2026-05-26T15:10:00+00:00,15933.35,15934.8,15930.25,15934.3,15933.2,15933.5,15934.6,15935,15930,15930.5,15934.2,15934.4,0.2,1398.040024
2026-05-26T15:20:00+00:00,15934.25,15935.25,15933.3,15934.4,15934.1,15934.4,15935.1,15935.4,15933.2,15933.4,15934.1,15934.7,0.6,1638.410027
2026-05-26T15:30:00+00:00,15934.35,15938.05,15932.85,15936.35,15934.1,15934.6,15937.8,15938.3,15932.6,15933.1,15936.1,15936.6,0.5,2072.940034
2026-05-26T15:40:00+00:00,15936.55,15937.95,15935.3,15935.8,15936.4,15936.7,15937.8,15938.1,15935.1,15935.5,15935.6,15936,0.4,1504.450022
2026-05-26T15:50:00+00:00,15936,15937.1,15935.4,15936.4,15935.9,15936.1,15936.9,15937.3,15935.1,15935.7,15936.2,15936.6,0.4,824.5800124
2026-05-26T16:00:00+00:00,15936.35,15936.35,15931.5,15931.75,15936.2,15936.5,15936.2,15936.5,15931.4,15931.6,15931.4,15932.1,0.7,770.1300128
2026-05-26T16:10:00+00:00,15931.9,15932.65,15928.85,15928.95,15931.7,15932.1,15932.4,15932.9,15928.6,15929.1,15928.7,15929.2,0.5,875.6800131
2026-05-26T16:20:00+00:00,15928.9,15931.65,15928.6,15931.4,15928.7,15929.1,15931.4,15931.9,15928.3,15928.9,15931.2,15931.6,0.4,882.7900146
2026-05-26T16:30:00+00:00,15931.45,15931.55,15928.55,15931.3,15931.2,15931.7,15931.3,15931.8,15928.2,15928.9,15931.1,15931.5,0.4,996.4700149
2026-05-26T16:40:00+00:00,15931.2,15933.85,15930.2,15933.75,15931,15931.4,15933.7,15934,15930,15930.4,15933.6,15933.9,0.3,636.9400117
2026-05-26T16:50:00+00:00,15933.8,15933.85,15930.35,15930.85,15933.6,15934,15933.6,15934.1,15930.1,15930.6,15930.7,15931,0.3,800.5700152
2026-05-26T17:00:00+00:00,15930.95,15931.2,15928.8,15929.2,15930.8,15931.1,15931,15931.4,15928.6,15929,15928.9,15929.5,0.6,765.840011
2026-05-26T17:10:00+00:00,15929.05,15930.65,15928.7,15930.25,15928.8,15929.3,15930.5,15930.8,15928.5,15928.9,15930,15930.5,0.5,458.2900078
2026-05-26T17:20:00+00:00,15930.2,15932,15930,15931.85,15930,15930.4,15931.7,15932.3,15929.7,15930.3,15931.6,15932.1,0.5,691.9800156
2026-05-26T17:30:00+00:00,15931.95,15934.25,15931.25,15933.3,15931.7,15932.2,15934,15934.5,15931,15931.5,15933.1,15933.5,0.4,481.5800087
2026-05-26T17:40:00+00:00,15933.35,15935.8,15933.15,15935.2,15933.2,15933.5,15935.5,15936.1,15932.9,15933.4,15935,15935.4,0.4,401.3300083
2026-05-26T17:50:00+00:00,15935.15,15938.05,15935.15,15936.35,15934.9,15935.4,15937.9,15938.2,15934.9,15935.4,15936.1,15936.6,0.5,1194.26001
2026-05-26T18:00:00+00:00,15936.25,15937.45,15934.85,15935.1,15936.1,15936.4,15937.3,15937.6,15934.7,15935,15934.9,15935.3,0.4,1279.570017
2026-05-26T18:10:00+00:00,15935.15,15935.2,15934,15934.3,15934.9,15935.4,15935,15935.4,15933.8,15934.2,15934.1,15934.5,0.4,489.8900089
2026-05-26T18:20:00+00:00,15934.15,15935.05,15931.8,15933.15,15933.9,15934.4,15934.8,15935.3,15931.6,15932,15932.9,15933.4,0.5,873.2100141
2026-05-26T18:30:00+00:00,15933.4,15934.15,15931.8,15932.2,15933.2,15933.6,15933.9,15934.4,15931.6,15932,15932,15932.4,0.4,634.5500097
2026-05-26T18:40:00+00:00,15932.3,15934.4,15931.7,15933.1,15932.1,15932.5,15934.2,15934.6,15931.5,15931.9,15932.9,15933.3,0.4,604.2700117
2026-05-26T18:50:00+00:00,15933.05,15933.5,15930.2,15933.4,15932.8,15933.3,15933.3,15933.7,15930,15930.4,15933.2,15933.6,0.4,913.1200128
2026-05-26T19:00:00+00:00,15933.6,15934.65,15931.6,15933.2,15933.4,15933.8,15934.4,15934.9,15931.4,15931.8,15933,15933.4,0.4,572.5700099
2026-05-26T19:10:00+00:00,15933.25,15933.85,15932,15932.9,15933,15933.5,15933.6,15934.1,15931.9,15932.1,15932.6,15933.2,0.6,477.2500076
2026-05-26T19:20:00+00:00,15932.8,15933.35,15931.75,15933.25,15932.7,15932.9,15933.2,15933.5,15931.4,15932.1,15933,15933.5,0.5,598.3700068
2026-05-26T19:30:00+00:00,15933.15,15933.25,15930.6,15931.8,15932.9,15933.4,15933,15933.5,15930.4,15930.8,15931.6,15932,0.4,398.6400071
2026-05-26T19:40:00+00:00,15931.75,15932.3,15931.55,15931.8,15931.4,15932.1,15932,15932.6,15931.3,15931.8,15931.6,15932,0.4,316.2700051
2026-05-26T19:50:00+00:00,15931.75,15932.05,15930.25,15931.85,15931.5,15932,15931.8,15932.3,15929.9,15930.6,15931.6,15932.1,0.5,598.0800087
2026-05-26T20:00:00+00:00,15931.8,15932.15,15930.3,15930.8,15931.6,15932,15931.9,15932.4,15930,15930.6,15930.5,15931.1,0.6,341.8400066
2026-05-26T20:10:00+00:00,15930.85,15931.35,15930.4,15930.8,15930.4,15931.3,15931,15931.7,15930.1,15930.7,15930.4,15931.2,0.8,170.8200026
2026-05-26T20:20:00+00:00,15930.85,15932.15,15930.15,15930.8,15930.5,15931.2,15931.9,15932.4,15930,15930.3,15930.5,15931.1,0.6,322.170005
2026-05-26T20:30:00+00:00,15930.85,15933.35,15930.7,15933.15,15930.6,15931.1,15933.1,15933.6,15930.4,15931,15932.9,15933.4,0.5,377.0600065
2026-05-26T20:40:00+00:00,15933.2,15933.4,15931,15931.65,15932.9,15933.5,15933.1,15933.7,15930.7,15931.3,15931.3,15932,0.7,808.4200108
2026-05-26T20:50:00+00:00,15931.8,15932,15929.5,15930.45,15931.4,15932.2,15931.5,15932.5,15928.6,15930.4,15928.6,15932.3,3.7,1540.950017
2026-05-26T21:00:00+00:00,15930.55,15932.8,15929.8,15932,15928.7,15932.4,15929.4,15936.2,15927.9,15931.7,15929.1,15934.9,5.8,57.82000017
2026-05-26T21:10:00+00:00,15932.05,15932.65,15930.55,15931.7,15929.1,15935,15929.1,15936.2,15928.8,15932.3,15928.8,15934.6,5.8,90.28000009
2026-05-26T21:20:00+00:00,15930.45,15932.15,15930.45,15930.95,15928.8,15932.1,15929.6,15934.7,15928.8,15932.1,15929.1,15932.8,3.7,52.19999957
2026-05-26T21:30:00+00:00,15930.85,15931.9,15930.45,15930.7,15929.1,15932.6,15929.1,15934.7,15928.6,15932.3,15928.9,15932.5,3.6,101.9999979
2026-05-26T21:40:00+00:00,15930.85,15931.8,15930.35,15930.4,15928.8,15932.9,15928.9,15934.7,15928.5,15932.2,15928.6,15932.2,3.6,115.7999985
2026-05-26T21:50:00+00:00,15930.25,15931.55,15927.2,15927.65,15928.6,15931.9,15929.5,15933.6,15925.4,15929,15925.5,15929.8,4.3,92.84999853
2026-05-26T22:00:00+00:00,15926.85,15930.5,15926.65,15929.5,15925.5,15928.2,15929.8,15931.2,15925.3,15928,15929,15930,1,825.5999988
2026-05-26T22:10:00+00:00,15929.6,15930.75,15928.1,15929.55,15929.1,15930.1,15930.2,15931.3,15927.7,15928.5,15929,15930.1,1.1,447.3000082
2026-05-26T22:20:00+00:00,15929.5,15930.4,15928.9,15929.2,15929,15930,15930.1,15930.7,15928.5,15929.3,15928.8,15929.6,0.8,372.370007
2026-05-26T22:30:00+00:00,15929.15,15930.3,15928.85,15929,15928.7,15929.6,15929.9,15930.7,15928.5,15929.2,15928.6,15929.4,0.8,236.1600041
2026-05-26T22:40:00+00:00,15929.1,15929.1,15928.7,15928.75,15928.7,15929.5,15928.7,15929.5,15928.3,15929.1,15928.4,15929.1,0.7,85.94000101
2026-05-26T22:50:00+00:00,15928.7,15928.85,15926,15926.2,15928.3,15929.1,15928.5,15929.2,15925.6,15926.4,15925.7,15926.7,1,309.070002
2026-05-26T23:00:00+00:00,15926.15,15927.7,15925,15927.6,15925.6,15926.7,15927.5,15927.9,15924.7,15925.3,15927.4,15927.8,0.4,388.350009
2026-05-26T23:10:00+00:00,15927.65,15927.75,15926.15,15926.25,15927.5,15927.8,15927.6,15927.9,15925.9,15926.4,15925.9,15926.6,0.7,147.0000027
2026-05-26T23:20:00+00:00,15926.3,15926.3,15923.6,15924.8,15926.1,15926.5,15926.1,15926.5,15923.3,15923.9,15924.6,15925,0.4,335.3000073
2026-05-26T23:30:00+00:00,15924.95,15925.15,15923.7,15923.75,15924.7,15925.2,15924.9,15925.4,15923.5,15923.9,15923.6,15923.9,0.3,143.5500025
2026-05-26T23:40:00+00:00,15923.7,15923.7,15920.3,15921.55,15923.5,15923.9,15923.5,15923.9,15920.1,15920.5,15921.3,15921.8,0.5,360.5200082
2026-05-26T23:50:00+00:00,15921.8,15925.35,15921.8,15925.25,15921.7,15921.9,15925.1,15925.6,15921.7,15921.9,15925,15925.5,0.5,383.2500083
2026-05-27T00:00:00+00:00,15925.3,15925.4,15921.45,15922.6,15925.1,15925.5,15925.2,15925.6,15921.2,15921.7,15922.3,15922.9,0.6,1362.950022
2026-05-27T00:10:00+00:00,15922.3,15923,15919.95,15920.95,15922,15922.6,15922.8,15923.2,15919.7,15920.2,15920.7,15921.2,0.5,1766.080029
2026-05-27T00:20:00+00:00,15920.85,15920.9,15917.75,15920.15,15920.6,15921.1,15920.6,15921.2,15917.5,15918,15919.9,15920.4,0.5,1021.660018
2026-05-27T00:30:00+00:00,15919.95,15924,15919.8,15923.25,15919.7,15920.2,15923.8,15924.2,15919.6,15920,15923,15923.5,0.5,996.9600163
2026-05-27T00:40:00+00:00,15923.1,15923.45,15920.65,15923.25,15922.8,15923.4,15923.2,15923.7,15920.4,15920.9,15923,15923.5,0.5,662.2600137
2026-05-27T00:50:00+00:00,15923.35,15931.2,15923.15,15928.2,15923.1,15923.6,15931,15931.4,15922.8,15923.5,15927.9,15928.5,0.6,2989.660057
2026-05-27T01:00:00+00:00,15928,15929.65,15922.9,15923.75,15927.8,15928.2,15929.4,15929.9,15922.7,15923.1,15923.5,15924,0.5,1296.920022
2026-05-27T01:10:00+00:00,15923.55,15925.05,15922.7,15923.9,15923.3,15923.8,15924.7,15925.4,15922.5,15922.9,15923.5,15924.3,0.8,678.9300079
2026-05-27T01:20:00+00:00,15923.95,15925.75,15921.8,15924.4,15923.7,15924.2,15925.5,15926,15921.6,15922,15924.2,15924.6,0.4,934.9000149
2026-05-27T01:30:00+00:00,15924.35,15928.4,15924.15,15927.35,15924.1,15924.6,15928,15928.8,15923.9,15924.4,15927.1,15927.6,0.5,1454.880026
2026-05-27T01:40:00+00:00,15927.3,15928.25,15926.45,15927.8,15927.1,15927.5,15928,15928.5,15926.2,15926.7,15927.6,15928,0.4,863.2200164
2026-05-27T01:50:00+00:00,15927.9,15930.55,15927.7,15930.05,15927.7,15928.1,15930.2,15930.9,15927.5,15927.9,15929.8,15930.3,0.5,630.5100116
2026-05-27T02:00:00+00:00,15929.9,15930.35,15926.65,15928.3,15929.7,15930.1,15930.1,15930.6,15926.4,15926.9,15928.1,15928.5,0.4,1822.300035
2026-05-27T02:10:00+00:00,15928.2,15928.9,15924.9,15926.35,15928.1,15928.3,15928.8,15929,15924.7,15925.1,15926,15926.7,0.7,1109.530022
2026-05-27T02:20:00+00:00,15926.45,15929.35,15926.15,15929.15,15926.2,15926.7,15929.2,15929.5,15925.8,15926.5,15929.1,15929.2,0.1,760.3500111
2026-05-27T02:30:00+00:00,15929.1,15929.15,15925.65,15927.35,15928.9,15929.3,15929,15929.3,15925.5,15925.8,15927.1,15927.6,0.5,709.6000154
2026-05-27T02:40:00+00:00,15927.2,15927.2,15925,15925,15927,15927.4,15927,15927.4,15924.8,15925.2,15924.8,15925.2,0.4,282.4500045
2026-05-27T02:50:00+00:00,15924.95,15925.05,15922.4,15922.6,15924.8,15925.1,15924.8,15925.3,15922.1,15922.7,15922.1,15923.1,1,1041.820011
2026-05-27T03:00:00+00:00,15922.65,15922.8,15919.15,15920.35,15922.4,15922.9,15922.5,15923.1,15918.9,15919.4,15920.1,15920.6,0.5,1291.580021
2026-05-27T03:10:00+00:00,15920.4,15921.65,15920,15920.65,15920.3,15920.5,15921.3,15922,15919.8,15920.2,15920.4,15920.9,0.5,618.6700115
2026-05-27T03:20:00+00:00,15920.75,15921,15918.95,15920,15920.5,15921,15920.8,15921.2,15918.6,15919.3,15919.8,15920.2,0.4,831.3000124
2026-05-27T03:30:00+00:00,15920.1,15923.2,15919.2,15922.15,15919.8,15920.4,15923,15923.4,15919,15919.4,15922,15922.3,0.3,670.7800115
2026-05-27T03:40:00+00:00,15922.25,15922.95,15920.5,15922.2,15922.1,15922.4,15922.8,15923.1,15920.4,15920.6,15922.1,15922.3,0.2,799.1500138
2026-05-27T03:50:00+00:00,15922.25,15922.6,15920.5,15920.5,15922.1,15922.4,15922.4,15922.8,15920.3,15920.7,15920.3,15920.7,0.4,526.9800078
2026-05-27T04:00:00+00:00,15920.65,15921.9,15920.25,15921.5,15920.4,15920.9,15921.7,15922.1,15920.1,15920.4,15921.3,15921.7,0.4,215.7000036
2026-05-27T04:10:00+00:00,15921.35,15921.8,15920.3,15921.6,15921.3,15921.4,15921.6,15922,15920.1,15920.5,15921.4,15921.8,0.4,140.5500027
2026-05-27T04:20:00+00:00,15921.5,15922.3,15919.9,15922.3,15921.3,15921.7,15922.1,15922.5,15919.7,15920.1,15922.1,15922.5,0.4,612.4500072
2026-05-27T04:30:00+00:00,15922.25,15924.6,15921.5,15924.1,15922,15922.5,15924.4,15924.8,15921.3,15921.7,15923.9,15924.3,0.4,663.0200088
2026-05-27T04:40:00+00:00,15924.2,15924.45,15922.7,15923.2,15924,15924.4,15924.3,15924.6,15922.5,15922.9,15923,15923.4,0.4,236.260005
2026-05-27T04:50:00+00:00,15923.3,15924.8,15922.7,15924.45,15923.1,15923.5,15924.6,15925,15922.5,15922.9,15924.2,15924.7,0.5,644.7300091
2026-05-27T05:00:00+00:00,15924.5,15925.7,15923.2,15925.6,15924.2,15924.8,15925.5,15925.9,15923,15923.4,15925.4,15925.8,0.4,528.56001
2026-05-27T05:10:00+00:00,15925.7,15927,15925.45,15925.6,15925.5,15925.9,15926.8,15927.2,15925.3,15925.6,15925.4,15925.8,0.4,258.7600054
2026-05-27T05:20:00+00:00,15925.8,15927.75,15925.75,15926.6,15925.6,15926,15927.5,15928,15925.6,15925.9,15926.4,15926.8,0.4,246.220006
2026-05-27T05:30:00+00:00,15926.7,15930.75,15926.6,15929.4,15926.5,15926.9,15930.5,15931,15926.4,15926.8,15929.1,15929.7,0.6,1038.740009
2026-05-27T05:40:00+00:00,15929.45,15932.8,15929,15931.75,15929,15929.9,15932.5,15933.1,15928.7,15929.3,15931.6,15931.9,0.3,1366.570014
2026-05-27T05:50:00+00:00,15931.85,15935.15,15931.55,15934.95,15931.7,15932,15934.9,15935.4,15931.3,15931.8,15934.7,15935.2,0.5,1896.830017
2026-05-27T06:00:00+00:00,15935,15937.95,15933.75,15935.15,15934.8,15935.2,15937.7,15938.2,15933.5,15934,15934.9,15935.4,0.5,1965.640025
2026-05-27T06:10:00+00:00,15935,15937.25,15933.95,15936.45,15934.7,15935.3,15937.1,15937.4,15933.7,15934.2,15936.3,15936.6,0.3,793.4700116
2026-05-27T06:20:00+00:00,15936.4,15937.4,15933.65,15934.9,15936.2,15936.6,15937.2,15937.6,15933.4,15933.9,15934.7,15935.1,0.4,764.6800127
2026-05-27T06:30:00+00:00,15934.95,15936.4,15932.75,15933.85,15934.7,15935.2,15936.2,15936.6,15932.5,15933,15933.7,15934,0.3,912.4800158
2026-05-27T06:40:00+00:00,15933.9,15935.05,15929.8,15929.95,15933.7,15934.1,15934.8,15935.3,15929.5,15930.1,15929.7,15930.2,0.5,990.1300138
2026-05-27T06:50:00+00:00,15930.25,15936.2,15929.85,15935.5,15930.1,15930.4,15935.9,15936.5,15929.6,15930.1,15935.3,15935.7,0.4,841.7200125
2026-05-27T07:00:00+00:00,15935.4,15936.7,15934.15,15935.1,15935.1,15935.7,15936.5,15936.9,15933.9,15934.4,15934.9,15935.3,0.4,1178.930018
2026-05-27T07:10:00+00:00,15935.15,15935.5,15932.85,15933.8,15934.9,15935.4,15935.3,15935.7,15932.6,15933.1,15933.6,15934,0.4,650.4000125
2026-05-27T07:20:00+00:00,15933.85,15935.8,15933.85,15935,15933.7,15934,15935.6,15936,15933.7,15934,15934.8,15935.2,0.4,812.9200149
2026-05-27T07:30:00+00:00,15934.95,15935.3,15930.75,15932.6,15934.8,15935.1,15935.1,15935.5,15930.6,15930.9,15932.5,15932.7,0.2,1552.710022
2026-05-27T07:40:00+00:00,15932.7,15936.2,15932.55,15935.65,15932.6,15932.8,15936,15936.4,15932.4,15932.7,15935.5,15935.8,0.3,1227.510014
2026-05-27T07:50:00+00:00,15935.7,15936.65,15932.9,15935.85,15935.6,15935.8,15936.4,15936.9,15932.7,15933.1,15935.8,15935.9,0.1,1715.910014
2026-05-27T08:00:00+00:00,15935.85,15936.3,15931.9,15933.2,15935.8,15935.9,15936.1,15936.5,15931.7,15932.1,15932.9,15933.5,0.6,1800.750019
2026-05-27T08:10:00+00:00,15933.5,15940.15,15932.95,15940.05,15933.3,15933.7,15940,15940.3,15932.8,15933.1,15940,15940.1,0.1,1273.86002
2026-05-27T08:20:00+00:00,15940.15,15944.55,15939.9,15943.55,15940.1,15940.2,15944.4,15944.7,15939.7,15940.1,15943.4,15943.7,0.3,2229.030032
2026-05-27T08:30:00+00:00,15943.6,15944,15938.75,15938.75,15943.5,15943.7,15943.8,15944.2,15938.5,15939,15938.5,15939,0.5,1018.240018
2026-05-27T08:40:00+00:00,15938.9,15940.1,15937.25,15939.25,15938.7,15939.1,15939.9,15940.3,15936.9,15937.6,15938.9,15939.6,0.7,1136.770013
2026-05-27T08:50:00+00:00,15939.2,15940.2,15938.35,15939.4,15938.8,15939.6,15940,15940.4,15938.2,15938.5,15939.2,15939.6,0.4,1021.120016
2026-05-27T09:00:00+00:00,15939.45,15939.95,15938.2,15938.35,15939.2,15939.7,15939.8,15940.1,15938,15938.4,15938.2,15938.5,0.3,582.3600129
2026-05-27T09:10:00+00:00,15937.95,15938.15,15931.85,15932.8,15937.9,15938,15937.9,15938.4,15931.7,15932,15932.6,15933,0.4,994.2500138
2026-05-27T09:20:00+00:00,15932.85,15934.6,15932,15933.65,15932.6,15933.1,15934.4,15934.8,15931.8,15932.2,15933.4,15933.9,0.5,743.1900122
2026-05-27T09:30:00+00:00,15933.5,15935.45,15933.5,15935.25,15933.3,15933.7,15935.3,15935.6,15933.3,15933.7,15935,15935.5,0.5,500.1000105
2026-05-27T09:40:00+00:00,15935.6,15935.75,15933.95,15934.55,15935.4,15935.8,15935.5,15936,15933.7,15934.2,15934.3,15934.8,0.5,531.1500074
2026-05-27T09:50:00+00:00,15934.5,15936.05,15932.15,15935.75,15934.3,15934.7,15935.8,15936.3,15931.9,15932.4,15935.5,15936,0.5,753.0900112
2026-05-27T10:00:00+00:00,15935.65,15936.9,15935.3,15935.65,15935.3,15936,15936.6,15937.2,15935,15935.6,15935.4,15935.9,0.5,1077.340016
2026-05-27T10:10:00+00:00,15935.55,15936.85,15934.75,15936.4,15935.3,15935.8,15936.7,15937,15934.5,15935,15936.2,15936.6,0.4,595.4500098
2026-05-27T10:20:00+00:00,15936.5,15939.25,15935.75,15937.8,15936.3,15936.7,15939,15939.5,15935.6,15935.9,15937.6,15938,0.4,697.610011
2026-05-27T10:30:00+00:00,15937.95,15939.2,15936.45,15938.7,15937.8,15938.1,15939,15939.4,15936.2,15936.7,15938.5,15938.9,0.4,542.5000077
2026-05-27T10:40:00+00:00,15938.85,15939,15937.9,15938.05,15938.6,15939.1,15938.8,15939.2,15937.7,15938.1,15937.8,15938.3,0.5,555.1500092
2026-05-27T10:50:00+00:00,15938.15,15939.2,15937.45,15938.5,15937.9,15938.4,15939,15939.4,15937.3,15937.6,15938.3,15938.7,0.4,521.8500084
2026-05-27T11:00:00+00:00,15938.7,15940.55,15937.45,15939.8,15938.5,15938.9,15940.3,15940.8,15937.3,15937.6,15939.7,15939.9,0.2,762.5200108
2026-05-27T11:10:00+00:00,15939.85,15941.2,15938.3,15940.3,15939.7,15940,15941,15941.4,15938.2,15938.4,15940.1,15940.5,0.4,505.8600107
2026-05-27T11:20:00+00:00,15940.25,15942.1,15939.85,15942,15940.1,15940.4,15942,15942.2,15939.7,15940,15941.8,15942.2,0.4,530.3200109
2026-05-27T11:30:00+00:00,15942.1,15944.8,15941,15942,15941.9,15942.3,15944.6,15945,15940.8,15941.2,15941.8,15942.2,0.4,830.0700119
2026-05-27T11:40:00+00:00,15941.95,15943.55,15941.75,15943.35,15941.7,15942.2,15943.4,15943.7,15941.6,15941.9,15943.1,15943.6,0.5,1036.440008
2026-05-27T11:50:00+00:00,15943.45,15944.95,15943.15,15943.35,15943.1,15943.8,15944.8,15945.1,15942.9,15943.4,15943.1,15943.6,0.5,1869.870027
2026-05-27T12:00:00+00:00,15943.15,15944.65,15941.6,15942,15943,15943.3,15944.5,15944.8,15941.4,15941.8,15941.8,15942.2,0.4,1633.690027
2026-05-27T12:10:00+00:00,15942.05,15944.85,15933.05,15940.85,15941.9,15942.2,15944.7,15945,15932.9,15933.2,15940.5,15941.2,0.7,3566.710057
2026-05-27T12:20:00+00:00,15941.15,15941.75,15924.7,15933,15941.1,15941.2,15941.5,15942,15924.5,15924.9,15932.8,15933.2,0.4,7850.490134
2026-05-27T12:30:00+00:00,15933.1,15935.75,15929.25,15934.3,15933,15933.2,15935.5,15936,15929,15929.5,15934.1,15934.5,0.4,3737.440069
2026-05-27T12:40:00+00:00,15934.2,15939.65,15933.7,15937.55,15934.1,15934.3,15939.4,15939.9,15933.5,15933.9,15937.4,15937.7,0.3,2409.900045
2026-05-27T12:50:00+00:00,15937.65,15942.35,15936.95,15941.8,15937.5,15937.8,15942.2,15942.5,15936.8,15937.1,15941.6,15942,0.4,1413.530022
2026-05-27T13:00:00+00:00,15941.8,15942.8,15939.05,15941.95,15941.6,15942,15942.6,15943,15938.9,15939.2,15941.8,15942.1,0.3,2426.290039
2026-05-27T13:10:00+00:00,15942.05,15942.15,15940.35,15940.9,15941.8,15942.3,15941.9,15942.4,15940.2,15940.5,15940.7,15941.1,0.4,1592.640025
2026-05-27T13:20:00+00:00,15941.05,15943,15940.25,15941.95,15940.9,15941.2,15942.8,15943.2,15940.1,15940.4,15941.8,15942.1,0.3,1913.27003
2026-05-27T13:30:00+00:00,15942.05,15943.6,15940.9,15942.2,15941.8,15942.3,15943.4,15943.8,15940.7,15941.1,15942,15942.4,0.4,1607.970028
2026-05-27T13:40:00+00:00,15942.1,15942.5,15938.55,15940.7,15941.9,15942.3,15942.3,15942.7,15938.3,15938.8,15940.5,15940.9,0.4,2373.400039
2026-05-27T13:50:00+00:00,15940.7,15941.85,15938.5,15938.5,15940.5,15940.9,15941.7,15942,15938.3,15938.7,15938.3,15938.7,0.4,2572.70005
2026-05-27T14:00:00+00:00,15938.4,15941.45,15937.6,15940.5,15938.2,15938.6,15941.2,15941.7,15937.4,15937.8,15940.2,15940.8,0.6,1725.690025
2026-05-27T14:10:00+00:00,15940.5,15940.7,15937.05,15938.3,15940.3,15940.7,15940.4,15941,15936.9,15937.2,15938.1,15938.5,0.4,1706.760025
2026-05-27T14:20:00+00:00,15938.2,15941.1,15937.25,15939.55,15938,15938.4,15940.9,15941.3,15937.1,15937.4,15939.4,15939.7,0.3,2178.220034
2026-05-27T14:30:00+00:00,15939.3,15945.1,15938.1,15942.75,15939.2,15939.4,15944.9,15945.3,15937.9,15938.3,15942.6,15942.9,0.3,3571.300051
2026-05-27T14:40:00+00:00,15942.55,15947.05,15940.35,15946.5,15942.4,15942.7,15946.8,15947.3,15940.1,15940.6,15946.4,15946.6,0.2,2589.270034
2026-05-27T14:50:00+00:00,15946.7,15951.15,15945.55,15951,15946.4,15947,15950.9,15951.4,15945.3,15945.8,15950.7,15951.3,0.6,7501.590093
2026-05-27T15:00:00+00:00,15951.05,15953.7,15945.9,15946.8,15950.8,15951.3,15953.5,15953.9,15945.6,15946.2,15946.6,15947,0.4,4806.120053
2026-05-27T15:10:00+00:00,15946.9,15949.3,15945.25,15948.35,15946.8,15947,15949.2,15949.4,15945.1,15945.4,15948.2,15948.5,0.3,1609.480029
2026-05-27T15:20:00+00:00,15948.4,15949.15,15945.95,15947.15,15948.3,15948.5,15949,15949.3,15945.8,15946.1,15946.9,15947.4,0.5,1436.140023
2026-05-27T15:30:00+00:00,15946.9,15947.5,15943.65,15946.05,15946.7,15947.1,15947.3,15947.7,15943.4,15943.9,15945.9,15946.2,0.3,2194.160035
2026-05-27T15:40:00+00:00,15946,15950.5,15945.55,15949.75,15945.8,15946.2,15950.3,15950.7,15945.4,15945.7,15949.6,15949.9,0.3,1411.430028
2026-05-27T15:50:00+00:00,15949.85,15950.4,15947.3,15947.4,15949.6,15950.1,15950.2,15950.6,15947.1,15947.5,15947.2,15947.6,0.4,800.8200155
2026-05-27T16:00:00+00:00,15947.1,15952.65,15946.95,15951.85,15946.9,15947.3,15952.5,15952.8,15946.8,15947.1,15951.7,15952,0.3,1662.82003
2026-05-27T16:10:00+00:00,15952,15952,15949.7,15949.8,15951.8,15952.2,15951.8,15952.2,15949.6,15949.8,15949.7,15949.9,0.2,589.3200097
2026-05-27T16:20:00+00:00,15949.75,15950.65,15948.5,15950.5,15949.6,15949.9,15950.4,15950.9,15948.3,15948.7,15950.1,15950.9,0.8,582.2300082
2026-05-27T16:30:00+00:00,15950.45,15951.95,15950.05,15950.15,15950.2,15950.7,15951.8,15952.1,15949.9,15950.2,15950,15950.3,0.3,570.6900121
2026-05-27T16:40:00+00:00,15950,15950.1,15948.5,15949.45,15949.8,15950.2,15949.9,15950.3,15948.3,15948.7,15949.3,15949.6,0.3,268.7200067
2026-05-27T16:50:00+00:00,15949.4,15950.6,15949.15,15949.8,15949.2,15949.6,15950.4,15950.8,15949,15949.3,15949.6,15950,0.4,527.8600099
2026-05-27T17:00:00+00:00,15949.75,15954.6,15949.6,15954.05,15949.5,15950,15954.4,15954.8,15949.4,15949.8,15953.9,15954.2,0.3,1142.24002
2026-05-27T17:10:00+00:00,15954.1,15955.85,15953.75,15955.55,15954,15954.2,15955.6,15956.1,15953.6,15953.9,15955.4,15955.7,0.3,1284.420016
2026-05-27T17:20:00+00:00,15955.15,15957.95,15955.05,15957.05,15955,15955.3,15957.8,15958.1,15954.8,15955.3,15956.9,15957.2,0.3,459.0100095
2026-05-27T17:30:00+00:00,15957.1,15957.55,15954.2,15955.05,15957,15957.2,15957.5,15957.6,15954.1,15954.3,15955,15955.1,0.1,673.3500133
2026-05-27T17:40:00+00:00,15955,15955.7,15951.95,15953,15954.9,15955.1,15955.6,15955.8,15951.6,15952.3,15952.7,15953.3,0.6,806.8500167
2026-05-27T17:50:00+00:00,15953.1,15953.2,15951.6,15952.5,15952.9,15953.3,15953,15953.4,15951.5,15951.7,15952.3,15952.7,0.4,633.6200132
2026-05-27T18:00:00+00:00,15952.75,15954.6,15951.95,15954.3,15952.6,15952.9,15954.4,15954.8,15951.8,15952.1,15954,15954.6,0.6,559.6300112
2026-05-27T18:10:00+00:00,15954.25,15955.8,15953.5,15954.7,15954,15954.5,15955.7,15955.9,15953.3,15953.7,15954.5,15954.9,0.4,499.3600103
2026-05-27T18:20:00+00:00,15954.6,15954.9,15952.35,15953.25,15954.4,15954.8,15954.6,15955.2,15952.2,15952.5,15953.1,15953.4,0.3,482.7600061
2026-05-27T18:30:00+00:00,15953.3,15954.75,15952.2,15953.7,15953.1,15953.5,15954.5,15955,15952,15952.4,15953.5,15953.9,0.4,593.2900124
2026-05-27T18:40:00+00:00,15953.85,15953.85,15951.9,15951.95,15953.7,15954,15953.7,15954,15951.7,15952.1,15951.8,15952.1,0.3,385.1800077
2026-05-27T18:50:00+00:00,15952.05,15952.85,15949.5,15950.55,15951.9,15952.2,15952.7,15953,15949.3,15949.7,15950.2,15950.9,0.7,651.0700089
2026-05-27T19:00:00+00:00,15950.7,15952,15950.2,15951,15950.5,15950.9,15951.7,15952.3,15950,15950.4,15950.8,15951.2,0.4,475.1200067
2026-05-27T19:10:00+00:00,15951.2,15953.25,15951.15,15952.85,15951.1,15951.3,15953.1,15953.4,15951,15951.3,15952.7,15953,0.3,332.4000057
2026-05-27T19:20:00+00:00,15952.8,15953,15952.05,15952.25,15952.6,15953,15952.8,15953.2,15951.9,15952.2,15952.1,15952.4,0.3,375.3000064
2026-05-27T19:30:00+00:00,15952.4,15953.15,15950.85,15951.9,15952.2,15952.6,15953,15953.3,15950.7,15951,15951.7,15952.1,0.4,523.1400106
2026-05-27T19:40:00+00:00,15952,15953.55,15952,15953.4,15951.7,15952.3,15953.4,15953.7,15951.7,15952.3,15953.3,15953.5,0.2,328.0700054
2026-05-27T19:50:00+00:00,15953.55,15955.25,15953.4,15954.05,15953.4,15953.7,15955,15955.5,15953.2,15953.6,15953.9,15954.2,0.3,493.5300106
2026-05-27T20:00:00+00:00,15954.1,15954.2,15951.4,15951.75,15954,15954.2,15954,15954.4,15951.1,15951.7,15951.6,15951.9,0.3,828.370011
2026-05-27T20:10:00+00:00,15951.65,15953.65,15950.4,15953.5,15951.4,15951.9,15953.4,15953.9,15950.1,15950.7,15953.3,15953.7,0.4,449.0700077
2026-05-27T20:20:00+00:00,15953.45,15953.75,15952.25,15952.65,15953.2,15953.7,15953.5,15954,15952.1,15952.4,15952.3,15953,0.7,348.640007
2026-05-27T20:30:00+00:00,15952.6,15953.55,15952.2,15952.75,15952.3,15952.9,15953.3,15953.8,15951.9,15952.5,15952.4,15953.1,0.7,623.2400069
2026-05-27T20:40:00+00:00,15952.7,15953.85,15952.05,15953.8,15952.4,15953,15953.5,15954.2,15951.8,15952.3,15953.5,15954.1,0.6,459.850009
2026-05-27T20:50:00+00:00,15953.7,15954,15951.55,15952.8,15953.3,15954.1,15953.7,15954.3,15950.7,15952.4,15951.3,15954.3,3,1123.060017
2026-05-27T21:00:00+00:00,15952.1,15953.15,15946.5,15946.95,15950.3,15953.9,15950.3,15956,15941.7,15951.3,15942.3,15951.6,9.3,76.36000085
2026-05-27T21:10:00+00:00,15947.2,15949.5,15946.1,15947.1,15942.8,15951.6,15945.9,15953.1,15942,15950.2,15942.1,15952.1,10,73.38000041
2026-05-27T21:20:00+00:00,15947.15,15949,15946.4,15947.35,15944.1,15950.2,15945.9,15952.1,15942.6,15950.2,15944.4,15950.3,5.9,105.7500014
2026-05-27T21:30:00+00:00,15948.05,15948.5,15945.65,15945.8,15945.8,15950.3,15945.8,15951.2,15943.8,15947.5,15944.1,15947.5,3.4,206.1200048
2026-05-27T21:40:00+00:00,15945.85,15947.25,15944.95,15946.1,15944.1,15947.6,15944.8,15949.7,15942.4,15947.5,15944.7,15947.5,2.8,66.48000085
2026-05-27T21:50:00+00:00,15946.15,15948.45,15945.3,15947.85,15944.7,15947.6,15947,15949.9,15943.5,15947.1,15946.7,15949,2.3,256.6500017
2026-05-27T22:00:00+00:00,15947.7,15950.95,15947,15949.25,15946.4,15949,15950.3,15951.6,15946.2,15947.8,15948.8,15949.7,0.9,414.7899973
2026-05-27T22:10:00+00:00,15949.5,15951.15,15948.15,15949.35,15949.1,15949.9,15950.8,15951.5,15947.7,15948.6,15949.2,15949.5,0.3,212.7400039
2026-05-27T22:20:00+00:00,15949.4,15949.6,15947.35,15949.5,15949.2,15949.6,15949.2,15950,15947,15947.7,15949,15950,1,213.220005
2026-05-27T22:30:00+00:00,15949.35,15951.1,15949.15,15949.35,15949.1,15949.6,15950.8,15951.4,15948.9,15949.4,15949,15949.7,0.7,219.8200058
2026-05-27T22:40:00+00:00,15949.4,15951,15948.35,15950.75,15949.1,15949.7,15950.6,15951.4,15948,15948.7,15950.4,15951.1,0.7,198.6700039
2026-05-27T22:50:00+00:00,15950.8,15951.8,15950.3,15950.4,15950.4,15951.2,15951.5,15952.1,15949.9,15950.7,15950,15950.8,0.8,207.5300043
2026-05-27T23:00:00+00:00,15950.7,15951.25,15950.45,15950.75,15950.3,15951.1,15951,15951.5,15950.2,15950.7,15950.5,15951,0.5,59.85000205
2026-05-27T23:10:00+00:00,15950.65,15951.35,15949.55,15950.6,15950.4,15950.9,15951.2,15951.5,15949.3,15949.8,15950.2,15951,0.8,153.6000031
2026-05-27T23:20:00+00:00,15950.75,15954.8,15950.75,15954.35,15950.5,15951,15954.5,15955.1,15950.5,15951,15954.1,15954.6,0.5,658.7900124
2026-05-27T23:30:00+00:00,15954.8,15955.55,15952.5,15954.25,15954.6,15955,15955.3,15955.8,15952.1,15952.9,15954,15954.5,0.5,669.5600102
2026-05-27T23:40:00+00:00,15954.55,15955.95,15954.4,15955.5,15954.4,15954.7,15955.7,15956.2,15954.1,15954.7,15955.2,15955.8,0.6,292.1900048
2026-05-27T23:50:00+00:00,15955.45,15957.8,15955.45,15957.15,15955,15955.9,15957.6,15958,15955,15955.9,15956.9,15957.4,0.5,417.8800092
2026-05-28T00:00:00+00:00,15957.4,15958.35,15955.35,15955.35,15957.2,15957.6,15958.1,15958.6,15955.1,15955.6,15955.1,15955.6,0.5,843.300014
2026-05-28T00:10:00+00:00,15955.45,15957.65,15955.25,15956.95,15955.3,15955.6,15957.3,15958,15955,15955.5,15956.7,15957.2,0.5,747.3700103
2026-05-28T00:20:00+00:00,15956.85,15957,15954.55,15955.05,15956.6,15957.1,15956.8,15957.2,15954.3,15954.8,15954.7,15955.4,0.7,643.910015
2026-05-28T00:30:00+00:00,15954.95,15959.05,15954.95,15959.05,15954.7,15955.2,15958.8,15959.3,15954.7,15955.2,15958.8,15959.3,0.5,811.3500155
2026-05-28T00:40:00+00:00,15958.85,15959.45,15956.5,15959.15,15958.6,15959.1,15959.2,15959.7,15956.3,15956.7,15958.8,15959.5,0.7,789.6000144
2026-05-28T00:50:00+00:00,15959.35,15960.2,15955.5,15955.8,15959.1,15959.6,15959.9,15960.5,15955.2,15955.8,15955.5,15956.1,0.6,1969.220026
2026-05-28T01:00:00+00:00,15956,15957.9,15955.55,15956.4,15955.8,15956.2,15957.6,15958.2,15955.3,15955.8,15956.2,15956.6,0.4,1096.470014
2026-05-28T01:10:00+00:00,15956.45,15956.45,15953.95,15954.3,15956.2,15956.7,15956.2,15956.7,15953.7,15954.2,15954,15954.6,0.6,985.1200144
2026-05-28T01:20:00+00:00,15954.2,15955.75,15954.15,15955.4,15954,15954.4,15955.6,15955.9,15953.9,15954.4,15955.1,15955.7,0.6,434.9200062
2026-05-28T01:30:00+00:00,15955.25,15956.9,15953.95,15956.15,15955,15955.5,15956.6,15957.2,15953.7,15954.2,15955.9,15956.4,0.5,398.9800063
2026-05-28T01:40:00+00:00,15956.25,15959.05,15956.25,15957.85,15956,15956.5,15958.8,15959.3,15956,15956.5,15957.5,15958.2,0.7,520.0100102
2026-05-28T01:50:00+00:00,15957.95,15959.2,15957.35,15958.95,15957.7,15958.2,15959,15959.4,15957.2,15957.5,15958.7,15959.2,0.5,516.3300083
2026-05-28T02:00:00+00:00,15958.85,15960.3,15957.85,15959.2,15958.5,15959.2,15960.1,15960.5,15957.6,15958.1,15959,15959.4,0.4,717.0000128
2026-05-28T02:10:00+00:00,15959.3,15959.3,15955.5,15955.5,15959,15959.6,15959,15959.6,15955.3,15955.7,15955.3,15955.7,0.4,289.4800066
2026-05-28T02:20:00+00:00,15955.4,15955.4,15953,15953.9,15955.2,15955.6,15955.2,15955.6,15952.8,15953.2,15953.7,15954.1,0.4,297.600005
2026-05-28T02:30:00+00:00,15953.75,15955.6,15952.45,15953.9,15953.6,15953.9,15955.3,15955.9,15952.4,15952.5,15953.7,15954.1,0.4,365.4000049
2026-05-28T02:40:00+00:00,15954,15956.75,15954,15956.5,15953.8,15954.2,15956.5,15957,15953.8,15954.2,15956.3,15956.7,0.4,555.3000122
2026-05-28T02:50:00+00:00,15956.4,15958.15,15955.75,15955.85,15956.2,15956.6,15958,15958.3,15955.6,15955.9,15955.8,15955.9,0.1,610.9400107
2026-05-28T03:00:00+00:00,15955.8,15955.95,15954,15955,15955.7,15955.9,15955.9,15956,15953.7,15954.3,15954.5,15955.5,1,1012.470013
2026-05-28T03:10:00+00:00,15954.75,15958.7,15954.75,15957.9,15954.4,15955.1,15958.5,15958.9,15954.4,15955.1,15957.7,15958.1,0.4,1133.790016
2026-05-28T03:20:00+00:00,15957.8,15958.95,15957.4,15958.6,15957.6,15958,15958.7,15959.2,15957.2,15957.6,15958.4,15958.8,0.4,813.0200119
2026-05-28T03:30:00+00:00,15958.55,15963.2,15958.5,15961.8,15958.4,15958.7,15963,15963.4,15958.3,15958.7,15961.6,15962,0.4,1159.760023
2026-05-28T03:40:00+00:00,15961.6,15964.9,15960.8,15964.2,15961.4,15961.8,15964.6,15965.2,15960.5,15961.1,15964,15964.4,0.4,1317.570019
2026-05-28T03:50:00+00:00,15964.1,15965.3,15961.7,15961.8,15963.8,15964.4,15965.1,15965.5,15961.4,15962,15961.6,15962,0.4,973.7000111
2026-05-28T04:00:00+00:00,15961.9,15961.95,15956.15,15956.35,15961.8,15962,15961.8,15962.1,15956,15956.3,15956,15956.7,0.7,1279.91002
2026-05-28T04:10:00+00:00,15956.4,15957.7,15952.65,15956.95,15956.1,15956.7,15957.4,15958,15952.4,15952.9,15956.7,15957.2,0.5,1870.920026
2026-05-28T04:20:00+00:00,15956.8,15956.95,15955.25,15956.5,15956.5,15957.1,15956.7,15957.2,15955,15955.5,15956.3,15956.7,0.4,1041.750016
2026-05-28T04:30:00+00:00,15956.4,15958.35,15954,15957.9,15956.2,15956.6,15958.1,15958.6,15953.8,15954.2,15957.7,15958.1,0.4,447.7500076
2026-05-28T04:40:00+00:00,15957.75,15959.45,15957.7,15958.95,15957.5,15958,15959.2,15959.7,15957.5,15957.9,15958.7,15959.2,0.5,350.4600043
2026-05-28T04:50:00+00:00,15959,15959.55,15957.1,15957.8,15958.8,15959.2,15959.2,15959.9,15956.9,15957.3,15957.5,15958.1,0.6,576.6400075
2026-05-28T05:00:00+00:00,15957.75,15958.15,15955.8,15956.45,15957.5,15958,15957.9,15958.4,15955.7,15955.9,15956.2,15956.7,0.5,757.2400099
2026-05-28T05:10:00+00:00,15956.55,15956.75,15954.9,15955.45,15956.3,15956.8,15956.6,15956.9,15954.7,15955.1,15955.2,15955.7,0.5,628.2500088
2026-05-28T05:20:00+00:00,15955.55,15957.75,15955.35,15956.75,15955.3,15955.8,15957.5,15958,15955.1,15955.6,15956.4,15957.1,0.7,438.9500071
2026-05-28T05:30:00+00:00,15956.65,15956.8,15954.05,15954.1,15956.4,15956.9,15956.6,15957,15953.8,15954.3,15953.9,15954.3,0.4,644.79001
2026-05-28T05:40:00+00:00,15954,15955,15953.3,15954.35,15953.8,15954.2,15954.9,15955.1,15953.1,15953.5,15954.2,15954.5,0.3,599.4000101
2026-05-28T05:50:00+00:00,15954.45,15956.75,15954.3,15955.8,15954.2,15954.7,15956.4,15957.1,15954.1,15954.5,15955.6,15956,0.4,405.0000106
2026-05-28T06:00:00+00:00,15955.6,15957.35,15953.15,15954.25,15955.4,15955.8,15957.1,15957.6,15952.9,15953.4,15954.1,15954.4,0.3,1457.920019
2026-05-28T06:10:00+00:00,15954.2,15954.6,15951.5,15952.25,15954,15954.4,15954.3,15954.9,15951.2,15951.8,15952,15952.5,0.5,940.4000131
2026-05-28T06:20:00+00:00,15952.25,15952.3,15950.7,15952.1,15952,15952.5,15952.1,15952.5,15950.5,15950.9,15951.9,15952.3,0.4,1200.820017
2026-05-28T06:30:00+00:00,15952.4,15953.4,15947.35,15948.05,15952.3,15952.5,15953.2,15953.6,15947.1,15947.6,15947.8,15948.3,0.5,1537.370016
2026-05-28T06:40:00+00:00,15948.1,15949.85,15947.2,15947.9,15947.8,15948.4,15949.5,15950.2,15946.9,15947.5,15947.7,15948.1,0.4,1202.340013
2026-05-28T06:50:00+00:00,15947.95,15949.45,15947.3,15949.15,15947.7,15948.2,15949.2,15949.7,15947.1,15947.5,15948.9,15949.4,0.5,1174.49001
2026-05-28T07:00:00+00:00,15948.95,15949.7,15944.2,15948.2,15948.6,15949.3,15949.5,15949.9,15944,15944.4,15947.9,15948.5,0.6,1589.140022
2026-05-28T07:10:00+00:00,15948.15,15949.6,15946.35,15947.95,15947.9,15948.4,15949.4,15949.8,15946.1,15946.6,15947.8,15948.1,0.3,1511.890012
2026-05-28T07:20:00+00:00,15947.9,15951.4,15946.75,15950.75,15947.8,15948,15951.3,15951.5,15946.5,15947,15950.6,15950.9,0.3,1713.990017
2026-05-28T07:30:00+00:00,15950.7,15952.4,15949.05,15951.45,15950.5,15950.9,15952.2,15952.6,15948.8,15949.3,15951.2,15951.7,0.5,1274.530016
2026-05-28T07:40:00+00:00,15951.75,15951.95,15948.3,15950.2,15951.5,15952,15951.7,15952.2,15948.1,15948.5,15949.9,15950.5,0.6,747.150013
2026-05-28T07:50:00+00:00,15950.1,15951.3,15947.15,15947.9,15949.9,15950.3,15951.1,15951.5,15947,15947.3,15947.7,15948.1,0.4,1140.310018
2026-05-28T08:00:00+00:00,15947.7,15947.7,15945.1,15945.65,15947.5,15947.9,15947.5,15947.9,15945,15945.2,15945.4,15945.9,0.5,1390.94002
2026-05-28T08:10:00+00:00,15945.7,15951.8,15945.45,15950.55,15945.5,15945.9,15951.5,15952.1,15945.3,15945.6,15950.3,15950.8,0.5,1205.810017
2026-05-28T08:20:00+00:00,15950.3,15952.65,15948.55,15950.3,15950.1,15950.5,15952.4,15952.9,15948.3,15948.8,15950.1,15950.5,0.4,1237.310012
2026-05-28T08:30:00+00:00,15950.35,15951.4,15948.3,15948.3,15950.1,15950.6,15951.2,15951.6,15948,15948.6,15948,15948.6,0.6,1291.040015
2026-05-28T08:40:00+00:00,15948.4,15949.15,15945.95,15946.35,15948.1,15948.7,15949,15949.3,15945.7,15946.2,15946.1,15946.6,0.5,664.4800117
2026-05-28T08:50:00+00:00,15946.4,15947.1,15945.35,15945.8,15946.2,15946.6,15946.9,15947.3,15945.1,15945.6,15945.6,15946,0.4,584.9200088
2026-05-28T09:00:00+00:00,15945.75,15946.15,15944.45,15945.5,15945.6,15945.9,15945.9,15946.4,15944.3,15944.6,15945.3,15945.7,0.4,869.790011
2026-05-28T09:10:00+00:00,15945.55,15947,15939.65,15940.35,15945.3,15945.8,15946.8,15947.2,15939.5,15939.8,15940.1,15940.6,0.5,1267.680014
2026-05-28T09:20:00+00:00,15940.25,15940.5,15938.3,15939.5,15940,15940.5,15940.3,15940.7,15938,15938.6,15939.3,15939.7,0.4,707.2600135
2026-05-28T09:30:00+00:00,15939.8,15942.75,15939.6,15941.25,15939.6,15940,15942.5,15943,15939.4,15939.8,15941,15941.5,0.5,788.9000109
2026-05-28T09:40:00+00:00,15941.35,15941.55,15939.1,15940.5,15941.2,15941.5,15941.3,15941.8,15938.9,15939.3,15940.3,15940.7,0.4,801.3700128
2026-05-28T09:50:00+00:00,15940.55,15942,15939.1,15941.7,15940.4,15940.7,15941.8,15942.2,15938.9,15939.3,15941.5,15941.9,0.4,640.4900137
2026-05-28T10:00:00+00:00,15941.7,15942.2,15938.9,15939.6,15941.5,15941.9,15942.1,15942.3,15938.7,15939.1,15939.4,15939.8,0.4,571.6500109
2026-05-28T10:10:00+00:00,15939.4,15940.8,15938,15939.6,15939.2,15939.6,15940.6,15941,15937.8,15938.2,15939.4,15939.8,0.4,610.2800121
2026-05-28T10:20:00+00:00,15939.45,15940.65,15939,15939.15,15939.3,15939.6,15940.4,15940.9,15938.9,15939.1,15939,15939.3,0.3,661.1200128
2026-05-28T10:30:00+00:00,15939.2,15940.55,15939.15,15940.3,15939,15939.4,15940.3,15940.8,15939,15939.3,15940.1,15940.5,0.4,357.1300069
2026-05-28T10:40:00+00:00,15940.4,15945.7,15940.4,15942.05,15940.2,15940.6,15945.5,15945.9,15940.2,15940.6,15941.9,15942.2,0.3,955.0900135
2026-05-28T10:50:00+00:00,15942.05,15946.7,15941.8,15946.7,15941.8,15942.3,15946.5,15946.9,15941.5,15942.1,15946.5,15946.9,0.4,1956.830036
2026-05-28T11:00:00+00:00,15946.8,15946.95,15942.25,15943.9,15946.6,15947,15946.7,15947.2,15942.1,15942.4,15943.7,15944.1,0.4,1859.220031
2026-05-28T11:10:00+00:00,15943.95,15945.75,15942.8,15943,15943.8,15944.1,15945.6,15945.9,15942.6,15943,15942.8,15943.2,0.4,1317.990024
2026-05-28T11:20:00+00:00,15942.95,15945.9,15941.8,15945.6,15942.8,15943.1,15945.8,15946,15941.6,15942,15945.4,15945.8,0.4,598.9100111
2026-05-28T11:30:00+00:00,15945.65,15946.25,15944.6,15945.45,15945.5,15945.8,15946.1,15946.4,15944.4,15944.8,15945.3,15945.6,0.3,341.1600065
2026-05-28T11:40:00+00:00,15945.5,15945.8,15944.2,15945.1,15945.3,15945.7,15945.6,15946,15944,15944.4,15944.9,15945.3,0.4,865.5400118
2026-05-28T11:50:00+00:00,15945.15,15946.9,15944.65,15946.35,15945,15945.3,15946.7,15947.1,15944.5,15944.8,15946.3,15946.4,0.1,1550.54003
2026-05-28T12:00:00+00:00,15946.1,15946.2,15943.65,15945.05,15945.9,15946.3,15946,15946.4,15943.4,15943.9,15944.8,15945.3,0.5,1657.710027
2026-05-28T12:10:00+00:00,15944.9,15945.7,15941.7,15943.8,15944.7,15945.1,15945.5,15945.9,15941.5,15941.9,15943.6,15944,0.4,1303.340022
2026-05-28T12:20:00+00:00,15943.5,15944.2,15940.85,15942.15,15943.3,15943.7,15944,15944.4,15940.6,15941.1,15941.5,15942.8,1.3,1314.810019
2026-05-28T12:30:00+00:00,15942.25,15942.45,15932.65,15935.75,15941.5,15943,15941.5,15943.4,15932.2,15933.1,15935.5,15936,0.5,3938.720063
2026-05-28T12:40:00+00:00,15935.7,15936.7,15933.55,15934.6,15935.5,15935.9,15936.5,15936.9,15933.3,15933.8,15934.4,15934.8,0.4,2138.780028
2026-05-28T12:50:00+00:00,15934.65,15937.5,15931.6,15936.9,15934.4,15934.9,15937.3,15937.7,15931.4,15931.8,15936.7,15937.1,0.4,1920.62003
2026-05-28T13:00:00+00:00,15936.85,15936.85,15932.3,15935.25,15936.6,15937.1,15936.6,15937.1,15932.1,15932.5,15935,15935.5,0.5,2409.060035
2026-05-28T13:10:00+00:00,15935.15,15940.1,15935.1,15938.8,15934.8,15935.5,15939.9,15940.3,15934.8,15935.4,15938.6,15939,0.4,1679.42002
2026-05-28T13:20:00+00:00,15938.35,15939.65,15937.45,15939,15938.2,15938.5,15939.4,15939.9,15937.2,15937.7,15938.8,15939.2,0.4,1481.060019
2026-05-28T13:30:00+00:00,15938.75,15941.8,15938.3,15941.6,15938.6,15938.9,15941.6,15942,15938.1,15938.5,15941.4,15941.8,0.4,1863.110021
2026-05-28T13:40:00+00:00,15941.8,15943.7,15940.25,15942.6,15941.6,15942,15943.4,15944,15940,15940.5,15942.4,15942.8,0.4,1800.610025
2026-05-28T13:50:00+00:00,15942.8,15945.95,15940.25,15945.35,15942.6,15943,15945.8,15946.1,15940.1,15940.4,15944.9,15945.8,0.9,1355.350021
2026-05-28T14:00:00+00:00,15945.55,15949.3,15945.35,15946.1,15945.2,15945.9,15949.1,15949.5,15944.8,15945.9,15945.9,15946.3,0.4,1803.030027
2026-05-28T14:10:00+00:00,15945.9,15947.85,15918.45,15926.5,15945.7,15946.1,15947.6,15948.1,15918,15918.9,15926.2,15926.8,0.6,8061.440144
2026-05-28T14:20:00+00:00,15926.45,15933.65,15923.45,15924.25,15926.2,15926.7,15933.5,15933.8,15923.2,15923.7,15924,15924.5,0.5,4336.38007
2026-05-28T14:30:00+00:00,15924.4,15934.1,15921.65,15929.9,15924.1,15924.7,15933.8,15934.4,15921.3,15922,15929.7,15930.1,0.4,6746.090096
2026-05-28T14:40:00+00:00,15929.75,15930.1,15920.35,15927.5,15929.5,15930,15930,15930.2,15920.1,15920.6,15927.3,15927.7,0.4,6290.880086
2026-05-28T14:50:00+00:00,15927.1,15929.4,15922.5,15922.6,15926.9,15927.3,15929.2,15929.6,15922.3,15922.7,15922.4,15922.8,0.4,5399.470062
2026-05-28T15:00:00+00:00,15922.5,15924,15918.8,15920.25,15922.3,15922.7,15923.7,15924.3,15918.6,15919,15920.1,15920.4,0.3,3594.860055
2026-05-28T15:10:00+00:00,15920.15,15922.4,15918.4,15922.3,15920,15920.3,15922.2,15922.6,15918.2,15918.6,15922.1,15922.5,0.4,1801.740028
2026-05-28T15:20:00+00:00,15922.15,15924.15,15920.2,15921.05,15922,15922.3,15924,15924.3,15920,15920.4,15920.9,15921.2,0.3,1482.190023
2026-05-28T15:30:00+00:00,15920.85,15926.85,15919.9,15926.8,15920.7,15921,15926.6,15927.1,15919.7,15920.1,15926.5,15927.1,0.6,1730.410033
2026-05-28T15:40:00+00:00,15926.85,15929.65,15926.6,15928.8,15926.7,15927,15929.5,15929.8,15926.4,15926.8,15928.6,15929,0.4,1065.420022
2026-05-28T15:50:00+00:00,15928.7,15929.45,15926.85,15929.3,15928.5,15928.9,15929.3,15929.6,15926.7,15927,15929.1,15929.5,0.4,1279.820023
2026-05-28T16:00:00+00:00,15929.25,15933.9,15928.65,15928.8,15929.1,15929.4,15933.7,15934.1,15928.3,15929,15928.5,15929.1,0.6,1542.590028
2026-05-28T16:10:00+00:00,15928.75,15930.6,15923.75,15923.75,15928.4,15929.1,15930.4,15930.8,15923.6,15923.9,15923.6,15923.9,0.3,2939.530051
2026-05-28T16:20:00+00:00,15923.85,15924.2,15911.4,15917.3,15923.7,15924,15924.1,15924.3,15911.3,15911.5,15917.2,15917.4,0.2,2768.700049
2026-05-28T16:30:00+00:00,15917.4,15921.7,15917.4,15921.65,15917.3,15917.5,15921.5,15921.9,15917.3,15917.5,15921.4,15921.9,0.5,2620.670048
2026-05-28T16:40:00+00:00,15921.6,15921.65,15916.3,15918.6,15921.4,15921.8,15921.4,15921.9,15916.1,15916.5,15918.4,15918.8,0.4,1406.02003
2026-05-28T16:50:00+00:00,15918.65,15918.8,15915.15,15916.55,15918.4,15918.9,15918.6,15919,15914.9,15915.4,15916.4,15916.7,0.3,1993.440035
2026-05-28T17:00:00+00:00,15916.45,15919.9,15914.85,15916.75,15916.2,15916.7,15919.6,15920.2,15914.6,15915.1,15916.6,15916.9,0.3,1427.890018
2026-05-28T17:10:00+00:00,15916.7,15920.65,15916.25,15920.2,15916.5,15916.9,15920.5,15920.8,15916,15916.5,15920,15920.4,0.4,709.0500149
2026-05-28T17:20:00+00:00,15920.15,15924.1,15918.75,15924,15919.9,15920.4,15923.9,15924.3,15918.5,15919,15923.7,15924.3,0.6,592.7200116
2026-05-28T17:30:00+00:00,15923.9,15923.9,15919.95,15920.15,15923.7,15924.1,15923.7,15924.1,15919.8,15920.1,15919.9,15920.4,0.5,552.1500144
2026-05-28T17:40:00+00:00,15919.95,15921.3,15919.1,15921.1,15919.8,15920.1,15921.1,15921.5,15919,15919.2,15920.9,15921.3,0.4,552.0700111
2026-05-28T17:50:00+00:00,15921.25,15923.65,15919.85,15920.05,15921.1,15921.4,15923.5,15923.8,15919.7,15920,15919.9,15920.2,0.3,917.7800179
2026-05-28T18:00:00+00:00,15919.9,15921.65,15918.55,15919.8,15919.7,15920.1,15921.5,15921.8,15918.3,15918.8,15919.5,15920.1,0.6,1155.330024
2026-05-28T18:10:00+00:00,15919.9,15923.2,15917.5,15920,15919.7,15920.1,15923.1,15923.3,15917.3,15917.7,15919.9,15920.1,0.2,1737.050043
2026-05-28T18:20:00+00:00,15919.9,15925.55,15919.6,15925,15919.6,15920.2,15925.5,15925.6,15919.4,15919.8,15924.8,15925.2,0.4,2088.970028
2026-05-28T18:30:00+00:00,15925.1,15928.3,15925.05,15928.2,15924.9,15925.3,15928.2,15928.4,15924.9,15925.2,15928,15928.4,0.4,1375.940022
2026-05-28T18:40:00+00:00,15928.05,15928.45,15926.3,15926.65,15927.9,15928.2,15928.3,15928.6,15926.1,15926.5,15926.5,15926.8,0.3,1231.960013
2026-05-28T18:50:00+00:00,15926.75,15927.25,15924.75,15925.9,15926.7,15926.8,15927,15927.5,15924.5,15925,15925.7,15926.1,0.4,2075.600018
2026-05-28T19:00:00+00:00,15926,15928.55,15925.7,15928.45,15925.8,15926.2,15928.3,15928.8,15925.5,15925.9,15928.2,15928.7,0.5,971.3600178
2026-05-28T19:10:00+00:00,15928.2,15928.85,15926.35,15926.5,15928,15928.4,15928.6,15929.1,15926.2,15926.5,15926.3,15926.7,0.4,725.1000139
2026-05-28T19:20:00+00:00,15926.4,15926.5,15925.3,15925.35,15926.2,15926.6,15926.4,15926.6,15925.2,15925.4,15925.2,15925.5,0.3,267.0300072
2026-05-28T19:30:00+00:00,15925.4,15925.55,15921.25,15921.25,15925.2,15925.6,15925.3,15925.8,15921.1,15921.4,15921.1,15921.4,0.3,1055.420026
2026-05-28T19:40:00+00:00,15921.3,15922.65,15920.95,15921.4,15921.2,15921.4,15922.5,15922.8,15920.7,15921.2,15921.2,15921.6,0.4,783.410019
2026-05-28T19:50:00+00:00,15921.55,15925.2,15921.55,15924.9,15921.4,15921.7,15925.1,15925.3,15921.4,15921.7,15924.7,15925.1,0.4,947.1000203
2026-05-28T20:00:00+00:00,15924.75,15926.4,15923.95,15924.85,15924.5,15925,15926.1,15926.7,15923.7,15924.2,15924.6,15925.1,0.5,736.8400117
2026-05-28T20:10:00+00:00,15924.9,15926.25,15923.8,15925.8,15924.7,15925.1,15926,15926.5,15923.5,15924.1,15925.5,15926.1,0.6,600.9600116
2026-05-28T20:20:00+00:00,15925.55,15927.2,15925.05,15926.25,15925.3,15925.8,15926.9,15927.5,15924.8,15925.3,15925.9,15926.6,0.7,278.6200043
2026-05-28T20:30:00+00:00,15926.3,15927.5,15925,15926.45,15926,15926.6,15927.2,15927.8,15924.7,15925.3,15926.1,15926.8,0.7,252.0300046
2026-05-28T20:40:00+00:00,15926.25,15926.7,15925,15926.25,15925.9,15926.6,15926.4,15927,15924.7,15925.3,15925.9,15926.6,0.7,565.8000091
2026-05-28T20:50:00+00:00,15926.2,15926.4,15923.35,15924.05,15925.8,15926.6,15925.9,15926.9,15922.2,15924.5,15922.7,15925.4,2.7,568.9000067
2026-05-28T21:00:00+00:00,15924.1,15924.5,15920.7,15921.05,15922.7,15925.5,15922.7,15926.3,15917.9,15923.5,15918.4,15923.7,5.3,38.25000066
2026-05-28T21:10:00+00:00,15921.2,15921.65,15920.75,15921.25,15918.7,15923.7,15919.1,15924.2,15918.4,15923.1,15918.6,15923.9,5.3,60.60000229
2026-05-28T21:20:00+00:00,15921,15921.7,15920.55,15921.25,15918.6,15923.4,15919.4,15924,15918,15923.1,15918.8,15923.7,4.9,69.60000277
2026-05-28T21:30:00+00:00,15921.7,15926.05,15921.1,15925.4,15919.7,15923.7,15923.3,15928.8,15918.9,15923.3,15923,15927.8,4.8,738.7500168
2026-05-28T21:40:00+00:00,15925.15,15925.8,15923.45,15924.35,15923,15927.3,15923.2,15928.4,15920.8,15926.1,15922.5,15926.2,3.7,508.2000163
2026-05-28T21:50:00+00:00,15924.5,15925.7,15923.1,15925.35,15922.5,15926.5,15923.2,15928.2,15921,15925.2,15922.6,15928.1,5.5,199.9500051
2026-05-28T22:00:00+00:00,15925.2,15926.85,15921.9,15924.1,15922.5,15927.9,15925.8,15927.9,15921.1,15922.7,15923.8,15924.4,0.6,701.6500009
2026-05-28T22:10:00+00:00,15924.05,15924.6,15922.45,15924.6,15923.7,15924.4,15924.2,15925,15922,15922.9,15924.2,15925,0.8,297.910007
2026-05-28T22:20:00+00:00,15924.4,15925.65,15923.85,15925.3,15924,15924.8,15925.3,15926,15923.6,15924.1,15925,15925.6,0.6,270.3200055
2026-05-28T22:30:00+00:00,15925.3,15928,15925.3,15926.65,15925,15925.6,15927.7,15928.3,15925,15925.6,15926.4,15926.9,0.5,262.9900039
2026-05-28T22:40:00+00:00,15926.65,15927.85,15924.5,15925,15926.4,15926.9,15927.5,15928.2,15924.1,15924.9,15924.6,15925.4,0.8,343.6700041
2026-05-28T22:50:00+00:00,15925.1,15926.7,15923.9,15926.6,15924.7,15925.5,15926.3,15927.1,15923.5,15924.3,15926.2,15927,0.8,351.8300055
2026-05-28T23:00:00+00:00,15926.6,15926.8,15923.7,15925.35,15926.2,15927,15926.5,15927.1,15923.5,15923.9,15925.1,15925.6,0.5,488.5100121
2026-05-28T23:10:00+00:00,15925.3,15925.65,15924.25,15925.35,15925,15925.6,15925.4,15925.9,15924,15924.5,15925.1,15925.6,0.5,232.6400044
2026-05-28T23:20:00+00:00,15925.35,15925.4,15923.5,15924.05,15925,15925.7,15925.1,15925.7,15923.2,15923.8,15923.5,15924.6,1.1,287.0100039
2026-05-28T23:30:00+00:00,15924.1,15928.15,15922.65,15926.65,15923.5,15924.7,15927.5,15928.8,15922.3,15923,15926.4,15926.9,0.5,765.0100088
2026-05-28T23:40:00+00:00,15926.6,15927.8,15925.25,15926.45,15926.4,15926.8,15927.5,15928.1,15925,15925.5,15926,15926.9,0.9,439.2500046
2026-05-28T23:50:00+00:00,15926.4,15927.8,15922.35,15927.45,15926,15926.8,15927.4,15928.2,15922,15922.7,15927.2,15927.7,0.5,721.2700132
2026-05-29T00:00:00+00:00,15927.05,15930.8,15926.25,15930.7,15927,15927.1,15930.7,15930.9,15926,15926.5,15930.5,15930.9,0.4,1769.730024
2026-05-29T00:10:00+00:00,15931.15,15931.3,15926.45,15926.65,15931,15931.3,15931.1,15931.5,15926.2,15926.7,15926.5,15926.8,0.3,861.3500141
2026-05-29T00:20:00+00:00,15926.6,15928.85,15924.85,15927.7,15926.5,15926.7,15928.6,15929.1,15924.6,15925.1,15927.5,15927.9,0.4,1250.170015
2026-05-29T00:30:00+00:00,15927.75,15930.35,15927.75,15929.25,15927.5,15928,15930.2,15930.5,15927.5,15928,15929,15929.5,0.5,971.6300124
2026-05-29T00:40:00+00:00,15929.05,15929.35,15926.7,15928.55,15929,15929.1,15929.1,15929.6,15926.5,15926.9,15928.3,15928.8,0.5,702.0900153
2026-05-29T00:50:00+00:00,15928.6,15932.65,15927.4,15929.3,15928.3,15928.9,15932.5,15932.8,15927.2,15927.6,15929.1,15929.5,0.4,2130.570046
2026-05-29T01:00:00+00:00,15929.25,15931.9,15926.35,15927.8,15929.1,15929.4,15931.7,15932.1,15925.9,15926.8,15927.5,15928.1,0.6,1133.240022
2026-05-29T01:10:00+00:00,15927.8,15928.85,15925.45,15926,15927.5,15928.1,15928.5,15929.2,15925.1,15925.8,15925.8,15926.2,0.4,1233.650018
2026-05-29T01:20:00+00:00,15926.05,15928,15925.55,15927.55,15925.8,15926.3,15927.8,15928.2,15925.4,15925.7,15927.2,15927.9,0.7,970.2400134
2026-05-29T01:30:00+00:00,15927.65,15928.7,15927.25,15927.7,15927.4,15927.9,15928.4,15929,15927,15927.5,15927.6,15927.8,0.2,705.0200086
2026-05-29T01:40:00+00:00,15927.65,15932.9,15927.45,15932.4,15927.5,15927.8,15932.7,15933.1,15927.3,15927.6,15932.1,15932.7,0.6,768.4400101
2026-05-29T01:50:00+00:00,15932.5,15932.85,15931.25,15931.6,15932.3,15932.7,15932.7,15933,15931,15931.5,15931.5,15931.7,0.2,861.3600127
2026-05-29T02:00:00+00:00,15931.8,15932.3,15929.9,15931,15931.7,15931.9,15932,15932.6,15929.6,15930.2,15930.7,15931.3,0.6,799.2200119
2026-05-29T02:10:00+00:00,15931.05,15931.15,15929.65,15931.1,15930.7,15931.4,15930.9,15931.4,15929.3,15930,15930.9,15931.3,0.4,457.7000068
2026-05-29T02:20:00+00:00,15930.95,15931.35,15929.7,15929.9,15930.6,15931.3,15931.2,15931.5,15929.5,15929.9,15929.7,15930.1,0.4,832.0500164
2026-05-29T02:30:00+00:00,15930.2,15931.05,15929.5,15929.6,15930.1,15930.3,15930.9,15931.2,15929.3,15929.7,15929.4,15929.8,0.4,410.4000087
2026-05-29T02:40:00+00:00,15929.5,15929.7,15927.45,15928.05,15929.3,15929.7,15929.5,15929.9,15927.3,15927.6,15927.9,15928.2,0.3,242.5500062
2026-05-29T02:50:00+00:00,15928.25,15931.45,15927.8,15931.4,15928.2,15928.3,15931.3,15931.6,15927.6,15928,15931.2,15931.6,0.4,422.9000109
2026-05-29T03:00:00+00:00,15931.5,15934,15931.2,15932.8,15931.3,15931.7,15933.8,15934.2,15931,15931.4,15932.5,15933.1,0.6,648.3800154
2026-05-29T03:10:00+00:00,15932.9,15934.1,15932.35,15933.7,15932.7,15933.1,15933.8,15934.4,15932.1,15932.6,15933.3,15934.1,0.8,691.8400118
2026-05-29T03:20:00+00:00,15933.8,15935.55,15933.45,15933.65,15933.6,15934,15935.4,15935.7,15933.1,15933.8,15933.4,15933.9,0.5,896.5900166
2026-05-29T03:30:00+00:00,15933.6,15934.9,15932.35,15934,15933.3,15933.9,15934.7,15935.1,15932.1,15932.6,15933.8,15934.2,0.4,758.3600112
2026-05-29T03:40:00+00:00,15934.15,15935.6,15934,15935.5,15934,15934.3,15935.4,15935.8,15933.8,15934.2,15935.2,15935.8,0.6,293.6600064
2026-05-29T03:50:00+00:00,15935.4,15936.85,15934.8,15936.1,15935.1,15935.7,15936.7,15937,15934.5,15935.1,15935.9,15936.3,0.4,639.1200107
2026-05-29T04:00:00+00:00,15936.1,15937.85,15934.35,15935.55,15935.9,15936.3,15937.7,15938,15934.2,15934.5,15935.4,15935.7,0.3,601.0900127
2026-05-29T04:10:00+00:00,15935.5,15935.55,15933.75,15934.75,15935.3,15935.7,15935.4,15935.7,15933.5,15934,15934.5,15935,0.5,506.2500075
2026-05-29T04:20:00+00:00,15934.85,15935.45,15933.8,15933.9,15934.5,15935.2,15935.2,15935.7,15933.6,15934,15933.7,15934.1,0.4,701.8500139
2026-05-29T04:30:00+00:00,15934.05,15935.8,15933.8,15933.9,15933.8,15934.3,15935.6,15936,15933.6,15934,15933.7,15934.1,0.4,594.0700094
2026-05-29T04:40:00+00:00,15933.95,15934,15931.6,15932.25,15933.7,15934.2,15933.7,15934.3,15931.4,15931.8,15932,15932.5,0.5,447.1500056
2026-05-29T04:50:00+00:00,15932.35,15932.4,15930.15,15930.25,15932.2,15932.5,15932.2,15932.6,15930,15930.3,15930,15930.5,0.5,459.8900089
2026-05-29T05:00:00+00:00,15930.2,15932.75,15929.7,15930.65,15930,15930.4,15932.6,15932.9,15929.5,15929.9,15930.5,15930.8,0.3,400.8000078
2026-05-29T05:10:00+00:00,15930.75,15930.8,15928.55,15929.85,15930.6,15930.9,15930.6,15931,15928.4,15928.7,15929.7,15930,0.3,797.9200122
2026-05-29T05:20:00+00:00,15929.9,15930.6,15928.85,15930.2,15929.8,15930,15930.4,15930.8,15928.7,15929,15930,15930.4,0.4,255.3000071
2026-05-29T05:30:00+00:00,15930.1,15931.35,15929.7,15930.55,15929.9,15930.3,15931.2,15931.5,15929.5,15929.9,15930.4,15930.7,0.3,380.1000059
2026-05-29T05:40:00+00:00,15930.6,15930.75,15928.95,15929.85,15930.5,15930.7,15930.5,15931,15928.8,15929.1,15929.6,15930.1,0.5,604.90001
2026-05-29T05:50:00+00:00,15929.9,15933.4,15929.8,15931.3,15929.8,15930,15933.1,15933.7,15929.7,15929.9,15931.1,15931.5,0.4,773.7900124
2026-05-29T06:00:00+00:00,15931.05,15933.2,15930.55,15932.8,15930.8,15931.3,15933,15933.4,15930.4,15930.7,15932.6,15933,0.4,1200.750018
2026-05-29T06:10:00+00:00,15932.7,15932.8,15930.1,15931.7,15932.5,15932.9,15932.6,15933,15929.9,15930.3,15931.5,15931.9,0.4,528.2900114
2026-05-29T06:20:00+00:00,15931.5,15932.15,15929.45,15930.65,15931.3,15931.7,15931.9,15932.4,15929.3,15929.6,15930.5,15930.8,0.3,542.6200114
2026-05-29T06:30:00+00:00,15930.7,15930.8,15927.7,15927.8,15930.5,15930.9,15930.6,15931,15927.5,15927.9,15927.6,15928,0.4,1068.300018
2026-05-29T06:40:00+00:00,15927.95,15928.6,15924.7,15926.55,15927.7,15928.2,15928.4,15928.8,15924.5,15924.9,15926.3,15926.8,0.5,1187.690015
2026-05-29T06:50:00+00:00,15926.45,15927.5,15920.05,15921.4,15926.3,15926.6,15927.3,15927.7,15919.9,15920.2,15921.2,15921.6,0.4,1252.860026
2026-05-29T07:00:00+00:00,15921.6,15925.9,15920.55,15924.1,15921.4,15921.8,15925.7,15926.1,15920.2,15920.9,15923.9,15924.3,0.4,2138.020038
2026-05-29T07:10:00+00:00,15924,15924.35,15920.95,15921.7,15923.8,15924.2,15924.1,15924.6,15920.8,15921.1,15921.5,15921.9,0.4,1313.120022
2026-05-29T07:20:00+00:00,15921.7,15928.1,15921.4,15927.6,15921.5,15921.9,15927.9,15928.3,15921.2,15921.6,15927.4,15927.8,0.4,1088.530017
2026-05-29T07:30:00+00:00,15927.8,15930.85,15927.8,15930.1,15927.6,15928,15930.7,15931,15927.6,15928,15930,15930.2,0.2,1075.170019
2026-05-29T07:40:00+00:00,15930.05,15931.75,15926.5,15929.4,15929.9,15930.2,15931.6,15931.9,15926.2,15926.8,15929.2,15929.6,0.4,1106.50002
2026-05-29T07:50:00+00:00,15929.35,15930.15,15926.1,15926.35,15929.2,15929.5,15930,15930.3,15925.9,15926.3,15926.2,15926.5,0.3,795.6300133
2026-05-29T08:00:00+00:00,15926.55,15927.7,15921.15,15922.25,15926.3,15926.8,15927.5,15927.9,15920.9,15921.4,15922.1,15922.4,0.3,1575.210028
2026-05-29T08:10:00+00:00,15922.6,15925.3,15922,15924.75,15922.4,15922.8,15925.1,15925.5,15921.8,15922.2,15924.5,15925,0.5,913.1900115
2026-05-29T08:20:00+00:00,15924.75,15928.1,15924.65,15927.7,15924.5,15925,15927.9,15928.3,15924.4,15924.9,15927.4,15928,0.6,704.4000117
2026-05-29T08:30:00+00:00,15927.75,15930.25,15926.35,15928.65,15927.5,15928,15930,15930.5,15926.1,15926.6,15928.5,15928.8,0.3,1263.920018
2026-05-29T08:40:00+00:00,15928.6,15929.05,15926.3,15928.75,15928.5,15928.7,15928.8,15929.3,15926.1,15926.5,15928.5,15929,0.5,736.9600121
2026-05-29T08:50:00+00:00,15928.7,15931.8,15928.6,15929.65,15928.5,15928.9,15931.6,15932,15928.4,15928.8,15929.4,15929.9,0.5,1310.690022
2026-05-29T09:00:00+00:00,15929.55,15930.05,15926.75,15929.2,15929.3,15929.8,15929.8,15930.3,15926.5,15927,15929,15929.4,0.4,1119.550016
2026-05-29T09:10:00+00:00,15929.05,15930.1,15924.95,15925.3,15928.8,15929.3,15929.9,15930.3,15924.7,15925.2,15925,15925.6,0.6,1078.580015
2026-05-29T09:20:00+00:00,15925.4,15929.05,15923.85,15925.05,15925.2,15925.6,15928.8,15929.3,15923.5,15924.2,15924.8,15925.3,0.5,1313.930014
2026-05-29T09:30:00+00:00,15924.85,15927.75,15923.85,15927.55,15924.6,15925.1,15927.5,15928,15923.6,15924.1,15927.4,15927.7,0.3,1267.830012
2026-05-29T09:40:00+00:00,15927.65,15928.75,15926.1,15928.1,15927.3,15928,15928.5,15929,15925.8,15926.4,15927.9,15928.3,0.4,993.9400125
2026-05-29T09:50:00+00:00,15928.15,15930.05,15927.45,15929.9,15928,15928.3,15929.8,15930.3,15927.2,15927.7,15929.7,15930.1,0.4,1108.240016
2026-05-29T10:00:00+00:00,15929.8,15932.2,15929.1,15929.8,15929.6,15930,15932,15932.4,15928.8,15929.4,15929.6,15930,0.4,1760.300021
2026-05-29T10:10:00+00:00,15929.9,15930,15927,15929.1,15929.7,15930.1,15929.8,15930.2,15926.8,15927.2,15928.8,15929.4,0.6,483.5900079
2026-05-29T10:20:00+00:00,15929,15930,15927.55,15927.75,15928.8,15929.2,15929.8,15930.2,15927.3,15927.8,15927.5,15928,0.5,583.43001
2026-05-29T10:30:00+00:00,15927.7,15928.65,15926.75,15927.2,15927.5,15927.9,15928.4,15928.9,15926.5,15927,15927,15927.4,0.4,547.8000104
2026-05-29T10:40:00+00:00,15927.25,15929,15926.4,15927.65,15927.1,15927.4,15928.7,15929.3,15926.2,15926.6,15927.5,15927.8,0.3,526.6200094
2026-05-29T10:50:00+00:00,15927.6,15929.25,15927.2,15928.75,15927.4,15927.8,15929.1,15929.4,15927,15927.4,15928.5,15929,0.5,847.3500168
2026-05-29T11:00:00+00:00,15928.85,15929.3,15927.65,15929,15928.7,15929,15929,15929.6,15927.4,15927.9,15928.8,15929.2,0.4,662.4400091
2026-05-29T11:10:00+00:00,15929.15,15930.2,15927.5,15927.75,15928.9,15929.4,15930,15930.4,15927.3,15927.7,15927.6,15927.9,0.3,513.1400093
2026-05-29T11:20:00+00:00,15927.6,15928.7,15926.9,15928.25,15927.4,15927.8,15928.5,15928.9,15926.8,15927,15928.1,15928.4,0.3,574.6900126
2026-05-29T11:30:00+00:00,15928.35,15929.85,15927.4,15927.65,15928.2,15928.5,15929.7,15930,15927.2,15927.6,15927.4,15927.9,0.5,854.0200162
2026-05-29T11:40:00+00:00,15927.55,15927.8,15925.9,15926.7,15927.4,15927.7,15927.7,15927.9,15925.7,15926.1,15926.5,15926.9,0.4,878.5100157
2026-05-29T11:50:00+00:00,15926.8,15929.45,15925,15925.2,15926.5,15927.1,15929.3,15929.6,15924.8,15925.2,15925,15925.4,0.4,1708.810024
2026-05-29T12:00:00+00:00,15925.25,15928.45,15925.1,15926.35,15925.1,15925.4,15928.3,15928.6,15924.8,15925.4,15926.2,15926.5,0.3,1479.180019
2026-05-29T12:10:00+00:00,15926.4,15927.65,15925.35,15926.1,15926.2,15926.6,15927.4,15927.9,15925.1,15925.6,15925.9,15926.3,0.4,1798.050024
2026-05-29T12:20:00+00:00,15926.05,15927.75,15925.75,15927.5,15925.9,15926.2,15927.5,15928,15925.5,15926,15927.1,15927.9,0.8,1061.880014
2026-05-29T12:30:00+00:00,15927.4,15930.75,15926.75,15929.75,15927,15927.8,15930.5,15931,15926.5,15927,15929.5,15930,0.5,2111.020024
2026-05-29T12:40:00+00:00,15929.75,15930,15927.2,15928.1,15929.5,15930,15929.8,15930.2,15927,15927.4,15927.8,15928.4,0.6,956.6300132
2026-05-29T12:50:00+00:00,15928.05,15928.25,15925.75,15926.1,15927.8,15928.3,15928.1,15928.4,15925.5,15926,15925.9,15926.3,0.4,992.830017
2026-05-29T13:00:00+00:00,15925.95,15927.55,15924.3,15927.35,15925.6,15926.3,15927.3,15927.8,15924.1,15924.5,15927.2,15927.5,0.3,1507.130026
2026-05-29T13:10:00+00:00,15927.3,15928.6,15926.1,15927.25,15927.1,15927.5,15928.4,15928.8,15925.9,15926.3,15927.1,15927.4,0.3,1464.970019
2026-05-29T13:20:00+00:00,15927.2,15928.5,15925.9,15927.1,15927,15927.4,15928.3,15928.7,15925.7,15926.1,15926.9,15927.3,0.4,1067.320018
2026-05-29T13:30:00+00:00,15927.15,15930.2,15927.15,15929.65,15927,15927.3,15930.1,15930.3,15927,15927.3,15929.5,15929.8,0.3,1043.460014
2026-05-29T13:40:00+00:00,15929.6,15930.45,15926.15,15927.85,15929.4,15929.8,15930.4,15930.5,15925.9,15926.4,15927.7,15928,0.3,1432.310024
2026-05-29T13:50:00+00:00,15927.8,15931.05,15927.7,15930.25,15927.6,15928,15930.9,15931.2,15927.5,15927.9,15930.1,15930.4,0.3,1172.64002
2026-05-29T14:00:00+00:00,15930.2,15931.3,15927.2,15927.75,15930,15930.4,15931.1,15931.5,15926.9,15927.5,15927.6,15927.9,0.3,1705.040029
2026-05-29T14:10:00+00:00,15927.7,15935.1,15927.7,15934.55,15927.5,15927.9,15934.9,15935.3,15927.5,15927.9,15934.4,15934.7,0.3,2056.90003
2026-05-29T14:20:00+00:00,15934.5,15935.7,15932.55,15935.45,15934.3,15934.7,15935.5,15935.9,15932.4,15932.7,15935.3,15935.6,0.3,1442.340021
2026-05-29T14:30:00+00:00,15935.35,15935.6,15931.75,15934.4,15935.3,15935.4,15935.4,15935.8,15931.5,15932,15934.2,15934.6,0.4,1679.32003
2026-05-29T14:40:00+00:00,15934.3,15934.3,15929.75,15930.4,15934.1,15934.5,15934.1,15934.5,15929.5,15930,15930.1,15930.7,0.6,1867.81003
2026-05-29T14:50:00+00:00,15930.3,15930.8,15916.25,15919.05,15930.1,15930.5,15930.5,15931.1,15916.1,15916.4,15918.8,15919.3,0.5,8209.510152
2026-05-29T15:00:00+00:00,15918.9,15920.8,15910.1,15911.85,15918.8,15919,15920.5,15921.1,15909.9,15910.3,15911.6,15912.1,0.5,5470.500075
2026-05-29T15:10:00+00:00,15912.05,15919.05,15909.9,15919.05,15911.8,15912.3,15918.8,15919.3,15909.5,15910.3,15918.8,15919.3,0.5,2701.810046
2026-05-29T15:20:00+00:00,15918.9,15919.8,15913.8,15918.15,15918.6,15919.2,15919.5,15920.1,15913.4,15914.2,15917.9,15918.4,0.5,2649.090046
2026-05-29T15:30:00+00:00,15917.9,15920.8,15914.35,15918.95,15917.7,15918.1,15920.5,15921.1,15914.1,15914.6,15918.7,15919.2,0.5,2736.560056
2026-05-29T15:40:00+00:00,15919,15924.75,15917.8,15922.35,15918.7,15919.3,15924.5,15925,15917.5,15918.1,15922,15922.7,0.7,3271.310071
2026-05-29T15:50:00+00:00,15922.55,15924.45,15921.9,15923.3,15922.3,15922.8,15924.2,15924.7,15921.6,15922.2,15923,15923.6,0.6,1448.120029
2026-05-29T16:00:00+00:00,15923.2,15924.5,15920.15,15923.7,15923,15923.4,15924.3,15924.7,15919.8,15920.5,15923.4,15924,0.6,1272.030034
2026-05-29T16:10:00+00:00,15923.55,15925.05,15922.3,15925,15923.3,15923.8,15924.9,15925.2,15922.1,15922.5,15924.8,15925.2,0.4,824.200021
2026-05-29T16:20:00+00:00,15925.1,15925.25,15922.1,15923.45,15924.9,15925.3,15925,15925.5,15921.9,15922.3,15923.2,15923.7,0.5,664.4100181
2026-05-29T16:30:00+00:00,15923.55,15924.8,15918.85,15919.6,15923.3,15923.8,15924.4,15925.2,15918.6,15919.1,15919.4,15919.8,0.4,1405.830031
2026-05-29T16:40:00+00:00,15919.35,15921.25,15918.3,15921.1,15919.2,15919.5,15921,15921.5,15918.1,15918.5,15920.9,15921.3,0.4,704.2300204
2026-05-29T16:50:00+00:00,15921.2,15922.75,15919.05,15919.95,15921,15921.4,15922.5,15923,15918.6,15919.5,15919.7,15920.2,0.5,532.8700138
2026-05-29T17:00:00+00:00,15919.9,15921,15918.55,15920.75,15919.6,15920.2,15920.8,15921.2,15918.3,15918.8,15920.4,15921.1,0.7,765.7400182
2026-05-29T17:10:00+00:00,15920.5,15923.2,15920.1,15922.8,15920.3,15920.7,15923,15923.4,15919.9,15920.3,15922.6,15923,0.4,549.1700152
2026-05-29T17:20:00+00:00,15922.7,15925.75,15922.25,15923.8,15922.5,15922.9,15925.5,15926,15922,15922.5,15923.5,15924.1,0.6,700.87002
2026-05-29T17:30:00+00:00,15923.6,15924.85,15922.7,15924.8,15923.3,15923.9,15924.5,15925.2,15922.5,15922.9,15924.5,15925.1,0.6,438.780012
2026-05-29T17:40:00+00:00,15924.7,15925.65,15923.7,15924,15924.3,15925.1,15925.5,15925.8,15923.5,15923.9,15923.8,15924.2,0.4,539.3200182
2026-05-29T17:50:00+00:00,15923.95,15928.7,15923.4,15928.45,15923.8,15924.1,15928.5,15928.9,15923.1,15923.7,15928.3,15928.6,0.3,665.9100193
2026-05-29T18:00:00+00:00,15928.55,15929.7,15927.35,15928.4,15928.4,15928.7,15929.5,15929.9,15927.2,15927.5,15928.2,15928.6,0.4,723.4900184
2026-05-29T18:10:00+00:00,15928.55,15930.65,15926.2,15927.6,15928.3,15928.8,15930.4,15930.9,15926,15926.4,15927.4,15927.8,0.4,696.7600187
2026-05-29T18:20:00+00:00,15927.5,15930.1,15926.55,15927.05,15927.3,15927.7,15929.9,15930.3,15926.3,15926.8,15926.8,15927.3,0.5,831.1300213
2026-05-29T18:30:00+00:00,15926.8,15926.8,15923.3,15923.7,15926.7,15926.9,15926.7,15926.9,15923.1,15923.5,15923.5,15923.9,0.4,826.5700222
2026-05-29T18:40:00+00:00,15923.5,15930.3,15923.25,15925.75,15923.3,15923.7,15930,15930.6,15923,15923.5,15925.5,15926,0.5,1802.060051
2026-05-29T18:50:00+00:00,15925.8,15926.65,15922.4,15926.4,15925.5,15926.1,15926.4,15926.9,15922.1,15922.7,15926.1,15926.7,0.6,966.880024
2026-05-29T19:00:00+00:00,15926.35,15926.4,15922,15922,15926.1,15926.6,15926.1,15926.7,15921.8,15922.2,15921.8,15922.2,0.4,682.4600205
2026-05-29T19:10:00+00:00,15921.9,15925.3,15921.8,15925.2,15921.8,15922,15924.9,15925.7,15921.6,15922,15924.8,15925.6,0.8,521.8800139
2026-05-29T19:20:00+00:00,15925.15,15927.4,15923.85,15926.3,15924.7,15925.6,15927.2,15927.6,15923.5,15924.2,15926.1,15926.5,0.4,1176.410021
2026-05-29T19:30:00+00:00,15926.05,15926.8,15924.85,15926.2,15925.9,15926.2,15926.6,15927,15924.6,15925.1,15925.9,15926.5,0.6,465.030013
2026-05-29T19:40:00+00:00,15926.2,15927.35,15925.45,15925.85,15926,15926.4,15927.2,15927.5,15925.2,15925.7,15925.6,15926.1,0.5,1048.360032
2026-05-29T19:50:00+00:00,15926.1,15926.5,15924.25,15926.4,15925.9,15926.3,15926.2,15926.8,15924,15924.5,15926,15926.8,0.8,859.6900228
2026-05-29T20:00:00+00:00,15926.45,15927.25,15925.2,15926.4,15925.9,15927,15926.9,15927.6,15924.8,15925.6,15926.1,15926.7,0.6,1671.750041
2026-05-29T20:10:00+00:00,15926.4,15927.85,15926.4,15927.75,15926.1,15926.7,15927.5,15928.2,15926.1,15926.7,15927.3,15928.2,0.9,379.1000057
2026-05-29T20:20:00+00:00,15927.7,15929.2,15927.1,15927.8,15927.3,15928.1,15928.8,15929.6,15926.5,15927.7,15927.4,15928.2,0.8,469.8900049
2026-05-29T20:30:00+00:00,15928,15928.15,15926.5,15927.95,15927.6,15928.4,15927.7,15928.6,15926.1,15926.9,15927.4,15928.5,1.1,550.3000135
2026-05-29T20:40:00+00:00,15927.85,15928.2,15925.6,15926.4,15927.3,15928.4,15927.7,15928.7,15924.8,15926.4,15925.6,15927.2,1.6,1417.220012
2026-05-29T20:50:00+00:00,15926.35,15928.75,15925.05,15927.65,15925.6,15927.1,15926.8,15930.7,15924.1,15926,15924.9,15930.4,5.5,1055.470006
2026-05-31T21:00:00+00:00,15937.4,15937.85,15935.85,15936.5,15934.4,15940.4,15935.2,15940.5,15933.3,15938.4,15934.6,15938.4,3.8,30.60000002
2026-05-31T21:10:00+00:00,15936.6,15937.1,15936.5,15936.95,15934.7,15938.5,15935.4,15938.8,15934.6,15938.4,15935.3,15938.6,3.3,33.90000093
2026-05-31T21:20:00+00:00,15937.15,15937.45,15936.5,15936.8,15935.6,15938.7,15935.6,15939.3,15934.3,15938.7,15934.3,15939.3,5,9.900000215
2026-05-31T21:30:00+00:00,15937.05,15937.45,15933.9,15934.25,15935.1,15939,15935.3,15939.6,15932.3,15935.5,15932.4,15936.1,3.7,49.20000124
2026-05-31T21:40:00+00:00,15934.05,15936.55,15933.7,15936.45,15932.5,15935.6,15934.2,15938.9,15932.2,15935.2,15934.1,15938.8,4.7,23.70000064
2026-05-31T21:50:00+00:00,15936.45,15936.95,15935.25,15935.3,15934,15938.9,15934.3,15939.6,15933.5,15937,15933.6,15937,3.4,49.80000138
2026-05-31T22:00:00+00:00,15935.25,15942.2,15933.4,15939.15,15933.6,15936.9,15941.4,15943,15931.9,15934.9,15938.4,15939.9,1.5,1423.070007
2026-05-31T22:10:00+00:00,15939.25,15940.3,15937.5,15939.45,15938.6,15939.9,15939.3,15941.3,15936.8,15938.2,15938.9,15940,1.1,961.9500273
2026-05-31T22:20:00+00:00,15939.4,15941.4,15938.15,15941.05,15938.9,15939.9,15941.1,15941.7,15937.6,15938.7,15940.5,15941.6,1.1,583.1000161
2026-05-31T22:30:00+00:00,15941.05,15943.45,15940.25,15941.45,15940.5,15941.6,15943.1,15943.8,15939.7,15940.8,15941.1,15941.8,0.7,1069.050028
2026-05-31T22:40:00+00:00,15941.6,15942.55,15940.7,15941.25,15941.2,15942,15942.2,15942.9,15940.3,15941.1,15940.9,15941.6,0.7,521.5500125
2026-05-31T22:50:00+00:00,15941.15,15941.15,15937.4,15939.15,15940.7,15941.6,15940.7,15941.6,15937.1,15937.7,15938.6,15939.7,1.1,2730.350064
2026-05-31T23:00:00+00:00,15939.05,15939.95,15937.35,15937.65,15938.5,15939.6,15939.6,15940.3,15936.9,15937.8,15937.3,15938,0.7,1990.030042
2026-05-31T23:10:00+00:00,15937.7,15939.05,15937.5,15938.8,15937.3,15938.1,15938.7,15939.4,15937.2,15937.8,15938.5,15939.1,0.6,1084.250029
2026-05-31T23:20:00+00:00,15938.75,15939.3,15936.95,15937.7,15938.5,15939,15938.9,15939.7,15936.7,15937.2,15937.4,15938,0.6,269.0700036
2026-05-31T23:30:00+00:00,15937.6,15938.15,15936.8,15937.9,15937.3,15937.9,15937.8,15938.5,15936.6,15937,15937.6,15938.2,0.6,135.7000027
2026-05-31T23:40:00+00:00,15937.55,15937.8,15930,15932.8,15937.3,15937.8,15937.5,15938.1,15929.7,15930.3,15932.6,15933,0.4,985.3200177
2026-05-31T23:50:00+00:00,15932.9,15936.5,15932.55,15936.15,15932.8,15933,15936.3,15936.7,15932.3,15932.8,15935.9,15936.4,0.5,613.8500086
2026-06-01T00:00:00+00:00,15936.2,15941.4,15936.2,15940.35,15936,15936.4,15941.1,15941.7,15936,15936.4,15940.1,15940.6,0.5,2638.520038
2026-06-01T00:10:00+00:00,15940.3,15943.55,15940.3,15941.8,15940,15940.6,15943.4,15943.7,15940,15940.6,15941.6,15942,0.4,1333.280023
2026-06-01T00:20:00+00:00,15941.9,15944.15,15941.75,15943.2,15941.6,15942.2,15943.9,15944.4,15941.5,15942,15942.7,15943.7,1,2254.340038
2026-06-01T00:30:00+00:00,15943.15,15945.85,15942.65,15944.6,15942.6,15943.7,15945.6,15946.1,15942.4,15942.9,15944.3,15944.9,0.6,1198.670022
2026-06-01T00:40:00+00:00,15944.75,15945.2,15942.6,15944.1,15944.5,15945,15944.9,15945.5,15942.3,15942.9,15943.9,15944.3,0.4,1181.350018
2026-06-01T00:50:00+00:00,15943.8,15946.95,15943.6,15945.6,15943.6,15944,15946.8,15947.1,15943.3,15943.9,15945.4,15945.8,0.4,3839.85006
2026-06-01T01:00:00+00:00,15945.65,15948.2,15945.1,15947,15945.4,15945.9,15948,15948.4,15945,15945.2,15946.8,15947.2,0.4,2390.650041
2026-06-01T01:10:00+00:00,15947.15,15948.7,15947,15948.6,15947,15947.3,15948.5,15948.9,15946.8,15947.2,15948.4,15948.8,0.4,1055.200021
2026-06-01T01:20:00+00:00,15948.3,15949.75,15946.25,15948.9,15948.1,15948.5,15949.5,15950,15946.1,15946.4,15948.6,15949.2,0.6,1502.42002
2026-06-01T01:30:00+00:00,15948.85,15949.75,15946.85,15948.6,15948.5,15949.2,15949.5,15950,15946.7,15947,15948.4,15948.8,0.4,1552.300028
2026-06-01T01:40:00+00:00,15948.7,15949.25,15946.45,15948.85,15948.5,15948.9,15949.1,15949.4,15946.3,15946.6,15948.7,15949,0.3,958.2600166
2026-06-01T01:50:00+00:00,15948.8,15949.7,15948.4,15948.75,15948.6,15949,15949.5,15949.9,15948.1,15948.7,15948.6,15948.9,0.3,460.7000079
2026-06-01T02:00:00+00:00,15948.65,15949.8,15948.65,15949,15948.5,15948.8,15949.7,15949.9,15948.5,15948.8,15948.7,15949.3,0.6,548.24001
2026-06-01T02:10:00+00:00,15948.9,15949.2,15947.2,15948.9,15948.6,15949.2,15949,15949.4,15946.9,15947.5,15948.6,15949.2,0.6,371.020004
2026-06-01T02:20:00+00:00,15949.1,15949.5,15946.95,15947.35,15948.9,15949.3,15949.3,15949.7,15946.8,15947.1,15947.2,15947.5,0.3,237.3000054
2026-06-01T02:30:00+00:00,15947.4,15947.9,15946.1,15946.75,15947.2,15947.6,15947.7,15948.1,15945.9,15946.3,15946.5,15947,0.5,418.7000065
2026-06-01T02:40:00+00:00,15946.85,15948,15946.5,15947.15,15946.6,15947.1,15947.7,15948.3,15946.3,15946.7,15946.9,15947.4,0.5,451.4500096
2026-06-01T02:50:00+00:00,15947.15,15947.25,15945.2,15946.45,15946.9,15947.4,15946.9,15947.6,15945,15945.4,15946.3,15946.6,0.3,471.6000087
2026-06-01T03:00:00+00:00,15946.3,15946.9,15944.15,15945.5,15946.2,15946.4,15946.7,15947.1,15944,15944.3,15945.2,15945.8,0.6,391.0200082
2026-06-01T03:10:00+00:00,15945.7,15948.4,15945.65,15947.2,15945.5,15945.9,15948.3,15948.5,15945.5,15945.8,15947,15947.4,0.4,402.6500092
2026-06-01T03:20:00+00:00,15947.1,15948.65,15946.5,15946.9,15946.9,15947.3,15948.4,15948.9,15946.3,15946.7,15946.7,15947.1,0.4,552.3300097
2026-06-01T03:30:00+00:00,15946.85,15947.3,15944.1,15947.25,15946.6,15947.1,15947.2,15947.4,15943.9,15944.3,15947.2,15947.3,0.1,398.7500081
2026-06-01T03:40:00+00:00,15947.15,15948,15946.6,15947.4,15947,15947.3,15947.8,15948.2,15946.4,15946.8,15947.2,15947.6,0.4,417.700008
2026-06-01T03:50:00+00:00,15947.35,15948.2,15947.25,15948,15947.2,15947.5,15948,15948.4,15947,15947.5,15947.8,15948.2,0.4,229.3500057
2026-06-01T04:00:00+00:00,15947.9,15948.2,15947.45,15948.05,15947.7,15948.1,15948,15948.4,15947.2,15947.7,15947.9,15948.2,0.3,709.3600122
2026-06-01T04:10:00+00:00,15948,15948.3,15946.8,15946.9,15947.8,15948.2,15948,15948.6,15946.6,15947,15946.6,15947.2,0.6,438.6000082
2026-06-01T04:20:00+00:00,15946.85,15947.7,15946.5,15946.95,15946.5,15947.2,15947.6,15947.8,15946.2,15946.8,15946.6,15947.3,0.7,455.9100081
2026-06-01T04:30:00+00:00,15946.9,15947.65,15946.45,15946.7,15946.6,15947.2,15947.6,15947.7,15946.2,15946.7,15946.5,15946.9,0.4,431.0300055
2026-06-01T04:40:00+00:00,15946.75,15947.2,15945.7,15947,15946.5,15947,15947,15947.4,15945.5,15945.9,15946.8,15947.2,0.4,536.7900075
2026-06-01T04:50:00+00:00,15947.05,15947.7,15945.85,15945.95,15946.9,15947.2,15947.5,15947.9,15945.7,15946,15945.8,15946.1,0.3,882.7100136
2026-06-01T05:00:00+00:00,15946,15946.6,15944.3,15944.4,15945.9,15946.1,15946.4,15946.8,15944.1,15944.5,15944.1,15944.7,0.6,918.8400128
2026-06-01T05:10:00+00:00,15944.65,15945.05,15943.8,15944.75,15944.5,15944.8,15944.8,15945.3,15943.6,15944,15944.6,15944.9,0.3,341.8800068
2026-06-01T05:20:00+00:00,15944.45,15944.8,15944.15,15944.7,15944.3,15944.6,15944.6,15945,15943.8,15944.5,15944.5,15944.9,0.4,368.3000041
2026-06-01T05:30:00+00:00,15944.65,15947.2,15944.6,15947,15944.4,15944.9,15947,15947.4,15944.4,15944.8,15946.8,15947.2,0.4,575.7700099
2026-06-01T05:40:00+00:00,15946.9,15947.4,15946.25,15947.3,15946.7,15947.1,15947.1,15947.7,15946.1,15946.4,15947.1,15947.5,0.4,255.4200059
2026-06-01T05:50:00+00:00,15947.35,15948.1,15945.5,15946.1,15947.2,15947.5,15947.9,15948.3,15945.2,15945.8,15945.9,15946.3,0.4,1313.650014
2026-06-01T06:00:00+00:00,15946.05,15946.05,15942.95,15945.45,15945.9,15946.2,15945.9,15946.2,15942.7,15943.2,15945.3,15945.6,0.3,1514.040022
2026-06-01T06:10:00+00:00,15945.5,15948.8,15945.2,15947.7,15945.2,15945.8,15948.6,15949,15945,15945.4,15947.6,15947.8,0.2,1511.770025
2026-06-01T06:20:00+00:00,15947.8,15949.45,15947.75,15949.15,15947.6,15948,15949.2,15949.7,15947.6,15947.9,15948.9,15949.4,0.5,1527.45002
2026-06-01T06:30:00+00:00,15948.95,15950.05,15947.85,15949.05,15948.7,15949.2,15949.8,15950.3,15947.7,15948,15948.8,15949.3,0.5,1298.500015
2026-06-01T06:40:00+00:00,15948.95,15948.95,15947.15,15947.65,15948.8,15949.1,15948.8,15949.1,15946.9,15947.4,15947.5,15947.8,0.3,1020.660016
2026-06-01T06:50:00+00:00,15947.7,15948.1,15941.4,15942.7,15947.6,15947.8,15947.9,15948.3,15941.1,15941.7,15942.4,15943,0.6,1604.460026
2026-06-01T07:00:00+00:00,15942.75,15946.75,15941,15945.15,15942.6,15942.9,15946.5,15947,15940.8,15941.2,15944.8,15945.5,0.7,2233.260032
2026-06-01T07:10:00+00:00,15945.05,15945.25,15942.35,15942.95,15944.8,15945.3,15945.1,15945.4,15942.1,15942.6,15942.7,15943.2,0.5,2153.610024
2026-06-01T07:20:00+00:00,15943.15,15946.8,15942.7,15945.55,15943,15943.3,15946.7,15946.9,15942.4,15943,15945.4,15945.7,0.3,1646.980022
2026-06-01T07:30:00+00:00,15945.6,15946.8,15944.5,15944.95,15945.4,15945.8,15946.5,15947.1,15944.3,15944.7,15944.7,15945.2,0.5,969.7500154
2026-06-01T07:40:00+00:00,15945.2,15948.2,15945.1,15947.25,15945,15945.4,15948,15948.4,15944.9,15945.3,15946.9,15947.6,0.7,874.6700132
2026-06-01T07:50:00+00:00,15947.35,15948.6,15946.5,15946.7,15947.1,15947.6,15948.4,15948.8,15946.3,15946.7,15946.5,15946.9,0.4,1077.800014
2026-06-01T08:00:00+00:00,15946.6,15947.55,15945.6,15945.85,15946.4,15946.8,15947.3,15947.8,15945.4,15945.8,15945.7,15946,0.3,1207.050014
2026-06-01T08:10:00+00:00,15945.8,15945.85,15944,15945.8,15945.7,15945.9,15945.7,15946,15943.8,15944.2,15945.6,15946,0.4,998.2100154
2026-06-01T08:20:00+00:00,15945.9,15946.65,15944.4,15944.9,15945.7,15946.1,15946.5,15946.8,15944.1,15944.7,15944.7,15945.1,0.4,749.7700133
2026-06-01T08:30:00+00:00,15944.9,15945.8,15944.45,15945.3,15944.7,15945.1,15945.6,15946,15944.3,15944.6,15945,15945.6,0.6,539.7000079
2026-06-01T08:40:00+00:00,15945.35,15946.4,15944.2,15945.35,15945.2,15945.5,15946.2,15946.6,15944,15944.4,15945.1,15945.6,0.5,856.5000125
2026-06-01T08:50:00+00:00,15945.3,15946.5,15944.75,15945.2,15945.1,15945.5,15946.3,15946.7,15944.5,15945,15945,15945.4,0.4,849.6700172
2026-06-01T09:00:00+00:00,15945.3,15946.9,15944.6,15946.65,15945.1,15945.5,15946.7,15947.1,15944.4,15944.8,15946.5,15946.8,0.3,747.6000116
2026-06-01T09:10:00+00:00,15946.9,15948,15945.6,15945.7,15946.7,15947.1,15947.8,15948.2,15945.4,15945.8,15945.5,15945.9,0.4,836.4000123
2026-06-01T09:20:00+00:00,15945.75,15948.35,15945.7,15947.05,15945.6,15945.9,15948.1,15948.6,15945.5,15945.9,15947,15947.1,0.1,1534.950016
2026-06-01T09:30:00+00:00,15947.2,15948.3,15946.75,15946.9,15947.1,15947.3,15947.9,15948.7,15946.6,15946.9,15946.8,15947,0.2,605.0200113
2026-06-01T09:40:00+00:00,15946.7,15947.05,15945.9,15946.55,15946.5,15946.9,15946.8,15947.3,15945.7,15946.1,15946.4,15946.7,0.3,1336.710017
2026-06-01T09:50:00+00:00,15946.7,15947,15945.75,15945.8,15946.5,15946.9,15946.8,15947.2,15945.6,15945.9,15945.6,15946,0.4,362.5500084
2026-06-01T10:00:00+00:00,15945.75,15946.8,15945.7,15946.5,15945.6,15945.9,15946.6,15947,15945.5,15945.9,15946.2,15946.8,0.6,326.7000065
2026-06-01T10:10:00+00:00,15946.6,15947.9,15945.65,15947.65,15946.4,15946.8,15947.7,15948.1,15945.4,15945.9,15947.5,15947.8,0.3,1007.550014
2026-06-01T10:20:00+00:00,15947.4,15947.85,15945.7,15946.5,15947.2,15947.6,15947.7,15948,15945.5,15945.9,15946.3,15946.7,0.4,1105.950014
2026-06-01T10:30:00+00:00,15946.2,15946.75,15945.8,15946.35,15946.1,15946.3,15946.5,15947,15945.6,15946,15946.2,15946.5,0.3,627.090009
2026-06-01T10:40:00+00:00,15946.25,15946.5,15944.1,15944.1,15946.2,15946.3,15946.3,15946.7,15943.9,15944.3,15943.9,15944.3,0.4,577.2700104
2026-06-01T10:50:00+00:00,15944.3,15945.75,15944.1,15945.25,15944.1,15944.5,15945.5,15946,15943.9,15944.3,15945,15945.5,0.5,831.0000142
2026-06-01T11:00:00+00:00,15945.25,15947.05,15944.6,15946.7,15945,15945.5,15946.9,15947.2,15944.4,15944.8,15946.5,15946.9,0.4,532.7200074
2026-06-01T11:10:00+00:00,15946.8,15947.65,15945.85,15946.55,15946.6,15947,15947.4,15947.9,15945.6,15946.1,15946.3,15946.8,0.5,790.6700097
2026-06-01T11:20:00+00:00,15946.5,15946.75,15945.75,15946.15,15946.3,15946.7,15946.5,15947,15945.5,15946,15945.9,15946.4,0.5,655.5200083
2026-06-01T11:30:00+00:00,15946.25,15947.9,15946.25,15947,15946,15946.5,15947.7,15948.1,15946,15946.5,15946.8,15947.2,0.4,700.3500078
2026-06-01T11:40:00+00:00,15946.8,15948.5,15946.8,15948.15,15946.6,15947,15948.3,15948.7,15946.6,15947,15948,15948.3,0.3,555.7900068
2026-06-01T11:50:00+00:00,15948.1,15949.45,15947.4,15948.9,15947.9,15948.3,15949.2,15949.7,15947.1,15947.7,15948.7,15949.1,0.4,631.0100094
2026-06-01T12:00:00+00:00,15948.65,15949.45,15947.6,15948.9,15948.5,15948.8,15949.2,15949.7,15947.3,15947.9,15948.8,15949,0.2,1648.160023
2026-06-01T12:10:00+00:00,15948.95,15949.4,15947.95,15948,15948.8,15949.1,15949.3,15949.5,15947.8,15948.1,15947.8,15948.2,0.4,748.3900129
2026-06-01T12:20:00+00:00,15948.1,15948.8,15946.25,15946.75,15947.9,15948.3,15948.6,15949,15946.1,15946.4,15946.5,15947,0.5,900.0700134
2026-06-01T12:30:00+00:00,15946.75,15947.5,15945.6,15946.6,15946.5,15947,15947.3,15947.7,15945.4,15945.8,15946.5,15946.7,0.2,1148.730011
2026-06-01T12:40:00+00:00,15946.65,15948.35,15943.7,15946.6,15946.4,15946.9,15948.1,15948.6,15943.5,15943.9,15946.4,15946.8,0.4,2560.820038
2026-06-01T12:50:00+00:00,15946.6,15949.3,15945.65,15948.65,15946.4,15946.8,15949.1,15949.5,15945.4,15945.9,15948.5,15948.8,0.3,3233.260029
2026-06-01T13:00:00+00:00,15948.6,15957.1,15948.5,15954.85,15948.4,15948.8,15956.8,15957.4,15948.3,15948.7,15954.6,15955.1,0.5,3154.320036
2026-06-01T13:10:00+00:00,15954.8,15966.25,15954.3,15964.55,15954.6,15955,15966,15966.5,15954.1,15954.5,15964.4,15964.7,0.3,8837.990118
2026-06-01T13:20:00+00:00,15965,15969.75,15964,15969.3,15964.8,15965.2,15969.5,15970,15963.8,15964.2,15969.1,15969.5,0.4,5285.950075
2026-06-01T13:30:00+00:00,15969.15,15973.3,15966.4,15967.6,15968.9,15969.4,15973.1,15973.5,15966.1,15966.7,15967.4,15967.8,0.4,5798.980071
2026-06-01T13:40:00+00:00,15967.5,15972.25,15966.45,15971.15,15967.4,15967.6,15972,15972.5,15966.3,15966.6,15970.8,15971.5,0.7,3835.81004
2026-06-01T13:50:00+00:00,15971.1,15974.3,15968.55,15974,15970.8,15971.4,15974,15974.6,15968.4,15968.7,15973.4,15974.6,1.2,5058.630063
2026-06-01T14:00:00+00:00,15974.55,15976.45,15968.85,15969.35,15974.3,15974.8,15976.1,15976.8,15968.6,15969.1,15969.2,15969.5,0.3,5027.44006
2026-06-01T14:10:00+00:00,15969.4,15972.8,15965.65,15971.5,15969.2,15969.6,15972.6,15973,15965.4,15965.9,15971.3,15971.7,0.4,4006.910058
2026-06-01T14:20:00+00:00,15971.65,15972.3,15969.35,15970.55,15971.4,15971.9,15972.1,15972.5,15969.1,15969.6,15970.3,15970.8,0.5,2485.140038
2026-06-01T14:30:00+00:00,15970.65,15972.65,15969.6,15969.75,15970.4,15970.9,15972.5,15972.8,15969.4,15969.8,15969.6,15969.9,0.3,1960.200029
2026-06-01T14:40:00+00:00,15969.55,15971.4,15966.95,15971.3,15969.4,15969.7,15971.3,15971.5,15966.7,15967.2,15971.1,15971.5,0.4,2223.400039
2026-06-01T14:50:00+00:00,15971.2,15974.75,15969.6,15972.25,15971,15971.4,15974.6,15974.9,15969.5,15969.7,15972.1,15972.4,0.3,3412.340057
2026-06-01T15:00:00+00:00,15972.3,15973.6,15965.45,15968.25,15972.1,15972.5,15973.4,15973.8,15965.3,15965.6,15968.1,15968.4,0.3,4190.320057
2026-06-01T15:10:00+00:00,15968.2,15968.2,15964.8,15964.8,15968,15968.4,15968,15968.4,15964.5,15965.1,15964.5,15965.1,0.6,2474.240032
2026-06-01T15:20:00+00:00,15964.75,15967.5,15963.15,15965.4,15964.5,15965,15967.3,15967.7,15963,15963.3,15965.2,15965.6,0.4,3123.760048
2026-06-01T15:30:00+00:00,15965.5,15965.7,15958.2,15964.35,15965.2,15965.8,15965.5,15965.9,15958,15958.4,15964.2,15964.5,0.3,5890.820082
2026-06-01T15:40:00+00:00,15964.3,15967.3,15963.2,15967.05,15964.1,15964.5,15967.1,15967.5,15962.9,15963.5,15966.8,15967.3,0.5,1930.870018
2026-06-01T15:50:00+00:00,15967.15,15968.25,15965.2,15966,15966.9,15967.4,15968,15968.5,15965,15965.4,15965.7,15966.3,0.6,2020.630015
2026-06-01T16:00:00+00:00,15965.9,15968,15962.25,15967.85,15965.7,15966.1,15967.8,15968.2,15962,15962.5,15967.6,15968.1,0.5,2611.270018
2026-06-01T16:10:00+00:00,15968,15971.25,15967.9,15969.3,15967.8,15968.2,15971.1,15971.4,15967.6,15968.2,15969.1,15969.5,0.4,3211.650024
2026-06-01T16:20:00+00:00,15969.35,15970.2,15967.95,15968.25,15969.1,15969.6,15970,15970.4,15967.8,15968.1,15968.1,15968.4,0.3,2416.800028
2026-06-01T16:30:00+00:00,15968.3,15968.85,15965.3,15966.25,15968.2,15968.4,15968.7,15969,15965.1,15965.5,15966.1,15966.4,0.3,3963.45006
2026-06-01T16:40:00+00:00,15966.15,15967.05,15963.65,15964.65,15965.9,15966.4,15966.8,15967.3,15963.4,15963.9,15964.4,15964.9,0.5,1777.930031
2026-06-01T16:50:00+00:00,15964.65,15964.7,15956.9,15960.3,15964.4,15964.9,15964.5,15964.9,15956.8,15957,15960.2,15960.4,0.2,3528.980059
2026-06-01T17:00:00+00:00,15960.35,15963.75,15959.35,15963.65,15960.2,15960.5,15963.5,15964,15959.1,15959.6,15963.4,15963.9,0.5,2458.55003
2026-06-01T17:10:00+00:00,15963.4,15965.15,15962.9,15964.95,15963.2,15963.6,15964.9,15965.4,15962.7,15963.1,15964.8,15965.1,0.3,1114.410016
2026-06-01T17:20:00+00:00,15965,15968.35,15959.55,15959.55,15964.8,15965.2,15968.2,15968.5,15959.3,15959.8,15959.3,15959.8,0.5,1797.290019
2026-06-01T17:30:00+00:00,15959.6,15964.6,15957.9,15964.5,15959.4,15959.8,15964.4,15964.8,15957.8,15958,15964.3,15964.7,0.4,3013.640043
2026-06-01T17:40:00+00:00,15964.55,15964.9,15957,15962.85,15964.3,15964.8,15964.7,15965.1,15956.6,15957.4,15962.7,15963,0.3,4508.430045
2026-06-01T17:50:00+00:00,15962.9,15964.8,15961.65,15963.4,15962.8,15963,15964.5,15965.1,15961.4,15961.9,15963.1,15963.7,0.6,2349.080024
2026-06-01T18:00:00+00:00,15963.45,15964.65,15962,15962.1,15963.2,15963.7,15964.4,15964.9,15961.8,15962.2,15961.9,15962.3,0.4,1326.300012
2026-06-01T18:10:00+00:00,15962.65,15964.7,15962.25,15963.2,15962.5,15962.8,15964.5,15964.9,15962,15962.5,15963,15963.4,0.4,403.9500055
2026-06-01T18:20:00+00:00,15963.25,15964.7,15961.95,15964.65,15963,15963.5,15964.4,15965,15961.7,15962.2,15964.3,15965,0.7,370.3500057
2026-06-01T18:30:00+00:00,15964.55,15965.65,15963.45,15963.8,15964.4,15964.7,15965.5,15965.8,15963.3,15963.6,15963.6,15964,0.4,500.3300083
2026-06-01T18:40:00+00:00,15963.75,15968.8,15963.7,15967.95,15963.4,15964.1,15968.6,15969,15963.4,15964,15967.8,15968.1,0.3,1637.240019
2026-06-01T18:50:00+00:00,15967.8,15976.3,15967.6,15976.05,15967.4,15968.2,15976.2,15976.4,15967.4,15967.8,15975.9,15976.2,0.3,4259.510047
2026-06-01T19:00:00+00:00,15975.85,15975.85,15967.85,15969.1,15975.7,15976,15975.7,15976,15967.6,15968.1,15968.9,15969.3,0.4,1931.330021
2026-06-01T19:10:00+00:00,15969.25,15970.1,15967.7,15968,15969.1,15969.4,15969.8,15970.4,15967.5,15967.9,15967.9,15968.1,0.2,1187.420028
2026-06-01T19:20:00+00:00,15968.05,15968.1,15966.7,15967.75,15967.8,15968.3,15967.9,15968.3,15966.5,15966.9,15967.5,15968,0.5,2412.640036
2026-06-01T19:30:00+00:00,15967.7,15968,15965.15,15967.95,15967.4,15968,15967.8,15968.2,15964.9,15965.4,15967.8,15968.1,0.3,1061.800019
2026-06-01T19:40:00+00:00,15967.85,15968.3,15966.55,15967.75,15967.8,15967.9,15968.2,15968.4,15966.4,15966.7,15967.6,15967.9,0.3,937.800014
2026-06-01T19:50:00+00:00,15967.65,15971.85,15967.6,15969.35,15967.4,15967.9,15971.6,15972.1,15967.4,15967.8,15969.1,15969.6,0.5,1691.100029
2026-06-01T20:00:00+00:00,15969.45,15970.7,15966.6,15968,15969.1,15969.8,15970.5,15970.9,15966.3,15966.9,15967.8,15968.2,0.4,959.540012
2026-06-01T20:10:00+00:00,15967.95,15968.7,15967,15968.4,15967.8,15968.1,15968.5,15968.9,15966.7,15967.3,15968.1,15968.7,0.6,578.8100063
2026-06-01T20:20:00+00:00,15968.45,15969.65,15966.6,15968.05,15968.2,15968.7,15969.3,15970,15966.2,15967,15967.8,15968.3,0.5,713.3800088
2026-06-01T20:30:00+00:00,15968.1,15968.3,15966.6,15966.6,15967.8,15968.4,15968,15968.6,15966.3,15966.9,15966.3,15966.9,0.6,542.6800086
2026-06-01T20:40:00+00:00,15966.65,15968.05,15965.7,15966.75,15966.4,15966.9,15967.7,15968.4,15965.5,15965.9,15966.3,15967.2,0.9,1137.810014
2026-06-01T20:50:00+00:00,15966.75,15968.35,15965.5,15965.65,15966.4,15967.1,15967.9,15968.8,15964.1,15966.9,15964.1,15967.2,3.1,1371.540017
2026-06-01T21:00:00+00:00,15966.05,15970.3,15960.4,15962.3,15963.7,15968.4,15963.7,15976.9,15957.1,15963.7,15958.1,15966.5,8.4,145.8800037
2026-06-01T21:10:00+00:00,15962.55,15964.4,15962,15963.1,15958.3,15966.8,15960.8,15968,15957.6,15966.4,15958.2,15968,9.8,100.8000028
2026-06-01T21:20:00+00:00,15963.65,15964.85,15961.65,15962.1,15960.9,15966.4,15961.9,15967.8,15958.6,15964.7,15959.1,15965.1,6,112.5000026
2026-06-01T21:30:00+00:00,15962.25,15964.05,15961.8,15962.1,15959.4,15965.1,15962.9,15965.2,15959,15964.6,15959.1,15965.1,6,260.1000086
2026-06-01T21:40:00+00:00,15962.15,15964,15960.4,15961.4,15959.2,15965.1,15962.9,15965.1,15958.7,15962.1,15960.2,15962.6,2.4,649.3500147
2026-06-01T21:50:00+00:00,15961.35,15969.95,15959.45,15964,15960,15962.7,15967.4,15972.5,15957.7,15961.2,15961.7,15966.3,4.6,1240.350033
2026-06-01T22:00:00+00:00,15963.8,15967.8,15961.75,15965.4,15961.5,15966.1,15966.6,15969,15961,15962.5,15965,15965.8,0.8,519.2899915
2026-06-01T22:10:00+00:00,15965.35,15965.45,15963.95,15964,15964.9,15965.8,15965.1,15965.8,15963.5,15964.4,15963.6,15964.4,0.8,167.3200052
2026-06-01T22:20:00+00:00,15964.1,15966,15963.05,15966,15963.7,15964.5,15965.6,15966.4,15962.6,15963.5,15965.6,15966.4,0.8,262.4600044
2026-06-01T22:30:00+00:00,15965.9,15966.05,15964.5,15965.45,15965.5,15966.3,15965.6,15966.5,15964.1,15964.9,15965,15965.9,0.9,1281.50002
2026-06-01T22:40:00+00:00,15965.25,15965.65,15964.25,15964.4,15964.8,15965.7,15965.3,15966,15963.9,15964.6,15963.9,15964.9,1,486.070008
2026-06-01T22:50:00+00:00,15964.4,15966.4,15964,15966.25,15964,15964.8,15966.1,15966.7,15963.6,15964.4,15965.8,15966.7,0.9,679.9700024
2026-06-01T23:00:00+00:00,15966.2,15966.25,15964.25,15966,15965.8,15966.6,15965.9,15966.6,15963.8,15964.7,15965.7,15966.3,0.6,1917.860028
2026-06-01T23:10:00+00:00,15965.9,15966,15964.25,15964.7,15965.7,15966.1,15965.7,15966.3,15964,15964.5,15964.5,15964.9,0.4,839.7200158
2026-06-01T23:20:00+00:00,15964.85,15965.45,15964.5,15964.85,15964.5,15965.2,15965.2,15965.7,15964.2,15964.8,15964.6,15965.1,0.5,249.0000025
2026-06-01T23:30:00+00:00,15964.45,15965.7,15962.15,15962.9,15964.4,15964.5,15965.5,15965.9,15961.9,15962.4,15962.6,15963.2,0.6,578.6400106
2026-06-01T23:40:00+00:00,15962.95,15963.85,15962,15963.6,15962.7,15963.2,15963.6,15964.1,15961.9,15962.1,15963.4,15963.8,0.4,738.4700171
2026-06-01T23:50:00+00:00,15963.5,15965.7,15963.3,15964.75,15963.3,15963.7,15965.3,15966.1,15963.1,15963.5,15964.5,15965,0.5,793.3400134
2026-06-02T00:00:00+00:00,15964.65,15967.35,15963.8,15967.15,15964.4,15964.9,15967.1,15967.6,15963.6,15964,15966.9,15967.4,0.5,1765.610025
2026-06-02T00:10:00+00:00,15967,15967.55,15965.55,15967.15,15966.7,15967.3,15967.4,15967.7,15965.1,15966,15966.9,15967.4,0.5,1162.640013
2026-06-02T00:20:00+00:00,15967.3,15968.6,15966.85,15968.15,15967,15967.6,15968.3,15968.9,15966.6,15967.1,15967.9,15968.4,0.5,1253.450013
2026-06-02T00:30:00+00:00,15968.15,15969.75,15967.15,15969.5,15967.9,15968.4,15969.5,15970,15967,15967.3,15969.3,15969.7,0.4,804.6500105
2026-06-02T00:40:00+00:00,15969.45,15971.15,15968.05,15969.85,15969.3,15969.6,15970.9,15971.4,15967.8,15968.3,15969.6,15970.1,0.5,1476.450018
2026-06-02T00:50:00+00:00,15969.9,15972.5,15966.6,15966.6,15969.7,15970.1,15972.3,15972.7,15966.4,15966.8,15966.4,15966.8,0.4,4211.720063
2026-06-02T01:00:00+00:00,15966.45,15968.75,15965.35,15967.3,15966.2,15966.7,15968.5,15969,15965.2,15965.5,15967,15967.6,0.6,3394.500051
2026-06-02T01:10:00+00:00,15967.25,15967.45,15963.8,15966,15966.9,15967.6,15967.2,15967.7,15963.5,15964.1,15965.8,15966.2,0.4,1770.480033
2026-06-02T01:20:00+00:00,15966.2,15968.65,15965.9,15967.35,15966,15966.4,15968.5,15968.8,15965.7,15966.1,15967.1,15967.6,0.5,773.2300153
2026-06-02T01:30:00+00:00,15967.3,15968.2,15965.95,15968.05,15967.1,15967.5,15968,15968.4,15965.7,15966.2,15967.8,15968.3,0.5,744.310011
2026-06-02T01:40:00+00:00,15968.3,15971.8,15966.6,15971,15968,15968.6,15971.6,15972,15966.5,15966.7,15970.7,15971.3,0.6,1025.230019
2026-06-02T01:50:00+00:00,15970.95,15972.35,15970.2,15970.75,15970.7,15971.2,15972.1,15972.6,15969.9,15970.5,15970.5,15971,0.5,1255.250019
2026-06-02T02:00:00+00:00,15970.75,15971,15969.3,15970.65,15970.5,15971,15970.8,15971.2,15969.1,15969.5,15970.5,15970.8,0.3,987.1500186
2026-06-02T02:10:00+00:00,15970.6,15970.85,15969.25,15969.65,15970.4,15970.8,15970.6,15971.1,15969.1,15969.4,15969.5,15969.8,0.3,539.7400081
2026-06-02T02:20:00+00:00,15969.55,15970.35,15968.65,15969.35,15969.4,15969.7,15970.2,15970.5,15968.5,15968.8,15969,15969.7,0.7,534.9000102
2026-06-02T02:30:00+00:00,15969.2,15970.8,15968.2,15970.55,15968.9,15969.5,15970.5,15971.1,15968,15968.4,15970.4,15970.7,0.3,1074.370019
2026-06-02T02:40:00+00:00,15970.9,15972.2,15970.7,15971,15970.7,15971.1,15971.9,15972.5,15970.5,15970.9,15970.8,15971.2,0.4,538.8000083
2026-06-02T02:50:00+00:00,15970.95,15971.75,15970.75,15971.55,15970.8,15971.1,15971.6,15971.9,15970.6,15970.9,15971.4,15971.7,0.3,409.9500074
2026-06-02T03:00:00+00:00,15971.5,15971.9,15969.7,15970.55,15971.3,15971.7,15971.8,15972,15969.5,15969.9,15970.3,15970.8,0.5,639.0000142
2026-06-02T03:10:00+00:00,15970.45,15971,15969.25,15970.85,15970,15970.9,15970.8,15971.2,15969,15969.5,15970.6,15971.1,0.5,894.3000119
2026-06-02T03:20:00+00:00,15970.95,15972.05,15970.95,15971.05,15970.8,15971.1,15971.8,15972.3,15970.8,15971.1,15970.8,15971.3,0.5,1396.350011
2026-06-02T03:30:00+00:00,15971.15,15971.15,15969.25,15970.4,15970.9,15971.4,15970.9,15971.4,15969.1,15969.4,15970.1,15970.7,0.6,540.22001
2026-06-02T03:40:00+00:00,15970.4,15971.65,15969.55,15971.05,15970.2,15970.6,15971.5,15971.8,15969.3,15969.8,15970.8,15971.3,0.5,799.6500121
2026-06-02T03:50:00+00:00,15971.05,15972.35,15970.95,15972.1,15970.8,15971.3,15972.2,15972.5,15970.7,15971.2,15971.9,15972.3,0.4,445.6500089
2026-06-02T04:00:00+00:00,15972.05,15972.1,15971.1,15971.8,15971.8,15972.3,15971.9,15972.3,15970.9,15971.3,15971.6,15972,0.4,565.5000042
2026-06-02T04:10:00+00:00,15971.75,15972.2,15971.45,15971.85,15971.6,15971.9,15972,15972.4,15971.2,15971.7,15971.7,15972,0.3,498.9700069
2026-06-02T04:20:00+00:00,15971.8,15972.75,15971.6,15972.3,15971.5,15972.1,15972.5,15973,15971.3,15971.9,15972,15972.6,0.6,521.8500106
2026-06-02T04:30:00+00:00,15972.3,15972.9,15971.4,15971.95,15972,15972.6,15972.6,15973.2,15971.1,15971.7,15971.6,15972.3,0.7,805.340013
2026-06-02T04:40:00+00:00,15971.8,15972.15,15971.35,15971.55,15971.5,15972.1,15971.9,15972.4,15971.1,15971.6,15971.3,15971.8,0.5,504.3000094
2026-06-02T04:50:00+00:00,15971.6,15972.95,15971.35,15972.95,15971.4,15971.8,15972.7,15973.2,15971.1,15971.6,15972.7,15973.2,0.5,412.2000036
2026-06-02T05:00:00+00:00,15972.8,15972.95,15971.5,15971.85,15972.5,15973.1,15972.7,15973.2,15971.2,15971.8,15971.5,15972.2,0.7,1042.830014
2026-06-02T05:10:00+00:00,15971.9,15973,15971.7,15972.55,15971.6,15972.2,15972.7,15973.3,15971.4,15972,15972.3,15972.8,0.5,1092.440008
2026-06-02T05:20:00+00:00,15972.25,15972.95,15971.95,15972.9,15972.1,15972.4,15972.7,15973.2,15971.8,15972.1,15972.6,15973.2,0.6,620.7700088
2026-06-02T05:30:00+00:00,15972.95,15973.65,15972.55,15973.2,15972.7,15973.2,15973.5,15973.8,15972.3,15972.8,15973,15973.4,0.4,341.4000056
2026-06-02T05:40:00+00:00,15973.25,15973.95,15972.65,15973.4,15973,15973.5,15973.7,15974.2,15972.5,15972.8,15973.2,15973.6,0.4,418.2700051
2026-06-02T05:50:00+00:00,15973.25,15974.3,15973.25,15974.15,15973,15973.5,15974.1,15974.5,15973,15973.5,15973.8,15974.5,0.7,287.8500057
2026-06-02T06:00:00+00:00,15974.1,15974.25,15972.1,15972.85,15973.8,15974.4,15974,15974.5,15971.9,15972.3,15972.6,15973.1,0.5,1518.670018
2026-06-02T06:10:00+00:00,15972.95,15973.1,15970.2,15971.1,15972.7,15973.2,15972.8,15973.4,15969.9,15970.5,15970.9,15971.3,0.4,1204.090017
2026-06-02T06:20:00+00:00,15971.05,15971.9,15968.85,15970.45,15970.9,15971.2,15971.7,15972.1,15968.6,15969.1,15970.2,15970.7,0.5,1097.150019
2026-06-02T06:30:00+00:00,15970.4,15972.4,15969.15,15972,15970.2,15970.6,15972.1,15972.7,15968.9,15969.4,15971.7,15972.3,0.6,2384.70003
2026-06-02T06:40:00+00:00,15972.05,15974.65,15971.05,15972.35,15971.8,15972.3,15974.4,15974.9,15970.8,15971.3,15972.1,15972.6,0.5,2132.240024
2026-06-02T06:50:00+00:00,15972.5,15973.1,15969.65,15970.7,15972.3,15972.7,15972.9,15973.3,15969.4,15969.9,15970.5,15970.9,0.4,1288.57002
2026-06-02T07:00:00+00:00,15970.65,15972.5,15970,15971.65,15970.4,15970.9,15972.2,15972.8,15969.8,15970.2,15971.4,15971.9,0.5,1890.280025
2026-06-02T07:10:00+00:00,15971.7,15972.1,15970.1,15971.85,15971.5,15971.9,15971.8,15972.4,15969.9,15970.3,15971.6,15972.1,0.5,1525.460019
2026-06-02T07:20:00+00:00,15971.8,15972.2,15970.25,15971.8,15971.6,15972,15972,15972.4,15970,15970.5,15971.6,15972,0.4,1541.350017
2026-06-02T07:30:00+00:00,15971.75,15972.8,15970.55,15972.45,15971.5,15972,15972.5,15973.1,15970.3,15970.8,15972.2,15972.7,0.5,824.8500102
2026-06-02T07:40:00+00:00,15972.35,15972.8,15970.5,15970.8,15972.1,15972.6,15972.6,15973,15970.3,15970.7,15970.5,15971.1,0.6,532.7500061
2026-06-02T07:50:00+00:00,15970.85,15972.25,15969.45,15969.45,15970.6,15971.1,15972.1,15972.4,15969.3,15969.6,15969.3,15969.6,0.3,1662.960014
2026-06-02T08:00:00+00:00,15969.4,15969.95,15965.7,15968.65,15969.3,15969.5,15969.8,15970.1,15965.5,15965.9,15968.4,15968.9,0.5,2664.510033
2026-06-02T08:10:00+00:00,15968.7,15969.85,15967.8,15968.6,15968.5,15968.9,15969.5,15970.2,15967.6,15968,15968.4,15968.8,0.4,1372.960019
2026-06-02T08:20:00+00:00,15968.55,15972.85,15968,15972.85,15968.4,15968.7,15972.6,15973.1,15967.8,15968.2,15972.6,15973.1,0.5,1376.150025
2026-06-02T08:30:00+00:00,15972.75,15973.8,15970.65,15972.1,15972.5,15973,15973.6,15974,15970.5,15970.8,15972,15972.2,0.2,932.1200181
2026-06-02T08:40:00+00:00,15972.25,15973.6,15972,15972.1,15972.1,15972.4,15973.3,15973.9,15971.8,15972.2,15971.8,15972.4,0.6,1651.950013
2026-06-02T08:50:00+00:00,15972.15,15974.5,15972.15,15974.25,15971.9,15972.4,15974.2,15974.8,15971.9,15972.4,15973.9,15974.6,0.7,746.8700086
2026-06-02T09:00:00+00:00,15974.3,15975.05,15973.65,15973.75,15974.1,15974.5,15974.9,15975.2,15973.3,15974,15973.4,15974.1,0.7,342.9000032
2026-06-02T09:10:00+00:00,15973.8,15974.35,15971.6,15972.3,15973.4,15974.2,15974.1,15974.6,15971.3,15971.9,15972.1,15972.5,0.4,880.7500089
2026-06-02T09:20:00+00:00,15972.25,15974.25,15970.5,15970.6,15972,15972.5,15974,15974.5,15970.3,15970.7,15970.5,15970.7,0.2,620.2500101
2026-06-02T09:30:00+00:00,15970.65,15972,15969.75,15971.65,15970.5,15970.8,15971.8,15972.2,15969.6,15969.9,15971.5,15971.8,0.3,1034.480011
2026-06-02T09:40:00+00:00,15971.45,15972.15,15971.3,15971.9,15971.3,15971.6,15971.9,15972.4,15971.1,15971.5,15971.7,15972.1,0.4,710.400008
2026-06-02T09:50:00+00:00,15971.75,15974.95,15971.7,15974.05,15971.6,15971.9,15974.8,15975.1,15971.5,15971.9,15973.9,15974.2,0.3,490.8000096
2026-06-02T10:00:00+00:00,15974.15,15975.35,15972.3,15973.2,15974,15974.3,15975.2,15975.5,15972.2,15972.4,15973,15973.4,0.4,681.0700105
2026-06-02T10:10:00+00:00,15973.35,15973.95,15972.1,15973,15973.2,15973.5,15973.8,15974.1,15971.9,15972.3,15972.8,15973.2,0.4,467.1000047
2026-06-02T10:20:00+00:00,15972.9,15974.15,15972.25,15972.9,15972.7,15973.1,15974,15974.3,15972,15972.5,15972.5,15973.3,0.8,841.2000091
2026-06-02T10:30:00+00:00,15972.85,15973.3,15972.2,15972.4,15972.5,15973.2,15973.1,15973.5,15972,15972.4,15972.2,15972.6,0.4,532.3500056
2026-06-02T10:40:00+00:00,15972.4,15973.3,15971.9,15972.5,15972.2,15972.6,15973.2,15973.4,15971.7,15972.1,15972.3,15972.7,0.4,780.5400119
2026-06-02T10:50:00+00:00,15972.4,15973.35,15970.9,15973,15972.2,15972.6,15973.1,15973.6,15970.6,15971.2,15972.8,15973.2,0.4,776.7000093
2026-06-02T11:00:00+00:00,15972.95,15973.4,15971.95,15972.4,15972.7,15973.2,15973.2,15973.6,15971.7,15972.2,15972.1,15972.7,0.6,966.5900103
2026-06-02T11:10:00+00:00,15972.35,15972.9,15971.9,15972.35,15972.1,15972.6,15972.7,15973.1,15971.7,15972.1,15972.2,15972.5,0.3,865.9900119
2026-06-02T11:20:00+00:00,15972.3,15973.55,15971.8,15973.45,15972.1,15972.5,15973.4,15973.7,15971.6,15972,15973.3,15973.6,0.3,475.8000091
2026-06-02T11:30:00+00:00,15973.4,15974.15,15973,15973.6,15973.2,15973.6,15974,15974.3,15972.8,15973.2,15973.3,15973.9,0.6,538.5800085
2026-06-02T11:40:00+00:00,15973.75,15974.1,15972.95,15973.25,15973.5,15974,15973.9,15974.3,15972.8,15973.1,15973,15973.5,0.5,610.3500086
2026-06-02T11:50:00+00:00,15973.5,15975.15,15973,15974.5,15973.2,15973.8,15974.9,15975.4,15972.8,15973.2,15974.2,15974.8,0.6,1239.050015
2026-06-02T12:00:00+00:00,15974.45,15974.85,15973.55,15974.65,15974,15974.9,15974.7,15975,15973.4,15973.7,15974.5,15974.8,0.3,1798.570018
2026-06-02T12:10:00+00:00,15974.55,15975.85,15974.1,15975.4,15974.3,15974.8,15975.7,15976,15973.9,15974.3,15975.2,15975.6,0.4,1345.550021
2026-06-02T12:20:00+00:00,15975.2,15977.15,15975.1,15975.55,15975,15975.4,15977,15977.3,15974.9,15975.3,15975.4,15975.7,0.3,1459.070019
2026-06-02T12:30:00+00:00,15975.65,15977.9,15975.35,15976.7,15975.4,15975.9,15977.7,15978.1,15975.2,15975.5,15976.5,15976.9,0.4,1472.27002
2026-06-02T12:40:00+00:00,15976.6,15978.15,15975.9,15977.7,15976.4,15976.8,15978,15978.3,15975.7,15976.1,15977.4,15978,0.6,1355.250023
2026-06-02T12:50:00+00:00,15977.75,15978.5,15977.35,15978.2,15977.5,15978,15978.4,15978.6,15977.2,15977.5,15978.1,15978.3,0.2,771.9000142
2026-06-02T13:00:00+00:00,15978.15,15979,15976.8,15978.25,15978,15978.3,15978.8,15979.2,15976.6,15977,15978.1,15978.4,0.3,1440.530026
2026-06-02T13:10:00+00:00,15978.45,15979,15976.65,15978.25,15978.3,15978.6,15978.7,15979.3,15976.4,15976.9,15978.1,15978.4,0.3,1488.830022
2026-06-02T13:20:00+00:00,15977.95,15980,15977.9,15979.8,15977.8,15978.1,15979.8,15980.2,15977.7,15978.1,15979.5,15980.1,0.6,1617.150014
2026-06-02T13:30:00+00:00,15979.65,15979.9,15978.7,15979.1,15979.5,15979.8,15979.7,15980.1,15978.6,15978.8,15979,15979.2,0.2,1414.370023
2026-06-02T13:40:00+00:00,15979.4,15981.4,15978.65,15980.4,15979.3,15979.5,15981.1,15981.7,15978.5,15978.8,15980.1,15980.7,0.6,2746.400027
2026-06-02T13:50:00+00:00,15980.4,15983.65,15979.4,15981.05,15980.1,15980.7,15983.5,15983.8,15979.2,15979.6,15980.4,15981.7,1.3,1602.200021
2026-06-02T14:00:00+00:00,15980.9,15986.3,15980.85,15984.65,15980.2,15981.6,15986,15986.6,15980.1,15981.6,15984.4,15984.9,0.5,4887.910051
2026-06-02T14:10:00+00:00,15984.5,15986.4,15983.15,15986,15984.3,15984.7,15986.2,15986.6,15983.1,15983.2,15985.8,15986.2,0.4,1381.200019
2026-06-02T14:20:00+00:00,15985.9,15987.45,15984.4,15986.9,15985.8,15986,15987.4,15987.5,15984.2,15984.6,15986.6,15987.2,0.6,1264.120018
2026-06-02T14:30:00+00:00,15986.8,15986.9,15982.6,15983.35,15986.6,15987,15986.7,15987.1,15982.4,15982.8,15983.2,15983.5,0.3,979.8900107
2026-06-02T14:40:00+00:00,15983.3,15985.5,15981.05,15984.1,15983.1,15983.5,15985.2,15985.8,15981,15981.1,15983.8,15984.4,0.6,1193.250018
2026-06-02T14:50:00+00:00,15984.3,15987.45,15984.3,15986.5,15984.1,15984.5,15987.3,15987.6,15984.1,15984.5,15986.3,15986.7,0.4,1653.490026
2026-06-02T15:00:00+00:00,15986.55,15988.2,15985.8,15986.9,15986.4,15986.7,15988,15988.4,15985.6,15986,15986.7,15987.1,0.4,1894.930027
2026-06-02T15:10:00+00:00,15986.95,15988.95,15986.75,15988,15986.7,15987.2,15988.7,15989.2,15986.5,15987,15987.9,15988.1,0.2,712.350011
2026-06-02T15:20:00+00:00,15987.95,15989.6,15986.6,15989.3,15987.7,15988.2,15989.5,15989.7,15986.5,15986.7,15989.2,15989.4,0.2,1185.600019
2026-06-02T15:30:00+00:00,15989.45,15990.1,15986.85,15987.65,15989.4,15989.5,15990,15990.2,15986.7,15987,15987.5,15987.8,0.3,1162.630018
2026-06-02T15:40:00+00:00,15987.6,15989.7,15987.6,15989,15987.4,15987.8,15989.5,15989.9,15987.4,15987.8,15988.8,15989.2,0.4,1447.490024
2026-06-02T15:50:00+00:00,15989.15,15989.45,15987.55,15987.85,15989,15989.3,15989.3,15989.6,15987.4,15987.7,15987.7,15988,0.3,1048.960013
2026-06-02T16:00:00+00:00,15987.65,15989.8,15986.7,15989.25,15987.5,15987.8,15989.6,15990,15986.5,15986.9,15989.1,15989.4,0.3,1097.440021
2026-06-02T16:10:00+00:00,15989.35,15989.55,15987.85,15989.5,15989.2,15989.5,15989.4,15989.7,15987.7,15988,15989.4,15989.6,0.2,852.0800108
2026-06-02T16:20:00+00:00,15989.45,15992.55,15988.85,15992.55,15989.3,15989.6,15992.4,15992.7,15988.7,15989,15992.4,15992.7,0.3,1244.850016
2026-06-02T16:30:00+00:00,15992.55,15994.6,15991.65,15994.6,15992.4,15992.7,15994.3,15994.9,15991.5,15991.8,15994.3,15994.9,0.6,838.5100117
2026-06-02T16:40:00+00:00,15994.55,15994.7,15992.8,15993.05,15994.2,15994.9,15994.5,15994.9,15992.6,15993,15992.9,15993.2,0.3,751.2000079
2026-06-02T16:50:00+00:00,15993.1,15993.15,15990.6,15990.85,15992.8,15993.4,15992.9,15993.4,15990.3,15990.9,15990.7,15991,0.3,611.4000108
2026-06-02T17:00:00+00:00,15990.9,15992.15,15988.95,15992.15,15990.7,15991.1,15991.9,15992.4,15988.8,15989.1,15991.9,15992.4,0.5,1033.990013
2026-06-02T17:10:00+00:00,15992.2,15994.4,15992.2,15993.85,15992,15992.4,15994.3,15994.5,15992,15992.4,15993.7,15994,0.3,1363.270012
2026-06-02T17:20:00+00:00,15993.8,15994.85,15993.7,15993.9,15993.6,15994,15994.7,15995,15993.5,15993.9,15993.7,15994.1,0.4,794.100014
2026-06-02T17:30:00+00:00,15993.85,15995.25,15992.95,15995.25,15993.5,15994.2,15995.1,15995.4,15992.8,15993.1,15995.1,15995.4,0.3,535.9600117
2026-06-02T17:40:00+00:00,15995.1,15996.35,15995.05,15995.35,15994.9,15995.3,15996.1,15996.6,15994.9,15995.2,15995.1,15995.6,0.5,1115.880008
2026-06-02T17:50:00+00:00,15995.3,15997.05,15995.25,15996.35,15995,15995.6,15996.9,15997.2,15995,15995.5,15996.2,15996.5,0.3,557.550011
2026-06-02T18:00:00+00:00,15996.3,15997.55,15995.95,15997.35,15996.1,15996.5,15997.4,15997.7,15995.9,15996,15997.2,15997.5,0.3,447.5500081
2026-06-02T18:10:00+00:00,15997.4,15998.3,15996.55,15997.85,15997.3,15997.5,15998.1,15998.5,15996.4,15996.7,15997.7,15998,0.3,602.6200116
2026-06-02T18:20:00+00:00,15998.05,15998.85,15994.9,15996.4,15997.9,15998.2,15998.7,15999,15994.7,15995.1,15996.2,15996.6,0.4,1126.860018
2026-06-02T18:30:00+00:00,15996.25,15996.65,15994.1,15994.45,15996,15996.5,15996.5,15996.8,15994,15994.2,15994.4,15994.5,0.1,1535.980027
2026-06-02T18:40:00+00:00,15994.4,15994.45,15990.4,15990.5,15994.3,15994.5,15994.3,15994.6,15990.2,15990.6,15990.4,15990.6,0.2,709.0500147
2026-06-02T18:50:00+00:00,15990.55,15991.8,15990.25,15990.65,15990.4,15990.7,15991.6,15992,15990,15990.5,15990.4,15990.9,0.5,1736.67002
2026-06-02T19:00:00+00:00,15990.6,15992.95,15990.25,15990.5,15990.4,15990.8,15992.7,15993.2,15990.1,15990.4,15990.3,15990.7,0.4,447.1400064
2026-06-02T19:10:00+00:00,15990.45,15991.4,15989,15990.95,15990.3,15990.6,15991,15991.8,15988.8,15989.2,15990.7,15991.2,0.5,706.6500051
2026-06-02T19:20:00+00:00,15990.95,15992.05,15990.8,15991.85,15990.7,15991.2,15991.9,15992.2,15990.6,15991,15991.7,15992,0.3,1077.820014
2026-06-02T19:30:00+00:00,15991.8,15992,15990.6,15991.75,15991.7,15991.9,15991.8,15992.2,15990.4,15990.8,15991.6,15991.9,0.3,556.3500053
2026-06-02T19:40:00+00:00,15991.85,15992.1,15990.7,15991.95,15991.7,15992,15991.9,15992.3,15990.5,15990.9,15991.8,15992.1,0.3,374.1000065
2026-06-02T19:50:00+00:00,15992.2,15995.45,15991.95,15992.9,15992.1,15992.3,15995.3,15995.6,15991.8,15992.1,15992.6,15993.2,0.6,1420.320029
2026-06-02T20:00:00+00:00,15992.8,15994,15992.1,15992.25,15992.6,15993,15993.8,15994.2,15991.8,15992.4,15992,15992.5,0.5,458.9100085
2026-06-02T20:10:00+00:00,15992.3,15992.6,15992.15,15992.45,15992,15992.6,15992.3,15992.9,15991.9,15992.4,15992.1,15992.8,0.7,123.9100009
2026-06-02T20:20:00+00:00,15992.6,15993.9,15992.4,15993.15,15992.4,15992.8,15993.6,15994.2,15992.2,15992.6,15992.9,15993.4,0.5,630.0900109
2026-06-02T20:30:00+00:00,15993.25,15995,15992.4,15992.75,15992.9,15993.6,15994.7,15995.3,15992.1,15992.7,15992.4,15993.1,0.7,653.4300101
2026-06-02T20:40:00+00:00,15992.65,15993.95,15992.3,15993.75,15992.5,15992.8,15993.6,15994.3,15992,15992.6,15993.4,15994.1,0.7,863.2500106
2026-06-02T20:50:00+00:00,15993.4,15994.05,15989.95,15990.5,15993.3,15993.5,15993.6,15994.5,15987.4,15992.5,15987.6,15993.4,5.8,1829.790021
2026-06-02T21:00:00+00:00,15990.65,15991.55,15988.6,15990.45,15987.5,15993.8,15988.3,15994.8,15984.2,15993,15986.9,15994,7.1,127.0499985
2026-06-02T21:10:00+00:00,15990.4,15991.55,15986.35,15990.8,15986.9,15993.9,15988.8,15994.3,15983.3,15989.4,15988.8,15992.8,4,276.16
2026-06-02T21:20:00+00:00,15990.25,15991.85,15989.45,15990.95,15986.9,15993.6,15990,15993.7,15986.9,15992,15988.9,15993,4.1,210.9000016
2026-06-02T21:30:00+00:00,15991,15991.4,15987.9,15989.8,15988.9,15993.1,15989.7,15993.1,15986,15989.8,15988.1,15991.5,3.4,294.1500084
2026-06-02T21:40:00+00:00,15989.95,15990.05,15988.3,15989.5,15988.1,15991.8,15988.1,15992,15986.4,15990.2,15987.5,15991.5,4,317.4000099
2026-06-02T21:50:00+00:00,15989.75,15992.95,15987.85,15991.8,15987.5,15992,15991.4,15994.5,15986.5,15989.2,15990.3,15993.3,3,402.7500052
2026-06-02T22:00:00+00:00,15991.45,15993.7,15989.55,15991.1,15990,15992.9,15993.1,15994.3,15988.3,15990.8,15990.7,15991.5,0.8,669.1299946
2026-06-02T22:10:00+00:00,15991.05,15995,15990.9,15993.35,15990.6,15991.5,15994.6,15995.4,15990.6,15991.2,15992.9,15993.8,0.9,229.7200077
2026-06-02T22:20:00+00:00,15993.5,15993.55,15992.05,15992.25,15993.1,15993.9,15993.1,15994,15991.7,15992.4,15991.9,15992.6,0.7,112.8700027
2026-06-02T22:30:00+00:00,15992.4,15994.2,15992.3,15994.05,15992.1,15992.7,15993.7,15994.7,15991.9,15992.7,15993.6,15994.5,0.9,326.3400043
2026-06-02T22:40:00+00:00,15993.8,15994.55,15993.35,15993.75,15993.5,15994.1,15994.4,15994.7,15993,15993.7,15993.4,15994.1,0.7,212.6100024
2026-06-02T22:50:00+00:00,15993.85,15996.25,15993.7,15995.75,15993.4,15994.3,15995.8,15996.7,15993.4,15994,15995.4,15996.1,0.7,528.5200087
2026-06-02T23:00:00+00:00,15995.7,15997.65,15995.2,15997.15,15995.4,15996,15997.4,15997.9,15994.9,15995.5,15996.9,15997.4,0.5,379.400007
2026-06-02T23:10:00+00:00,15997.1,15999.05,15997.05,15998.35,15996.8,15997.4,15998.9,15999.2,15996.8,15997.3,15998.1,15998.6,0.5,661.4000105
2026-06-02T23:20:00+00:00,15998.3,15999.15,15997.8,15997.95,15998.1,15998.5,15998.9,15999.4,15997.6,15998,15997.7,15998.2,0.5,542.9200082
2026-06-02T23:30:00+00:00,15997.9,15999.5,15997.3,15998.85,15997.6,15998.2,15999.2,15999.8,15997,15997.6,15998.6,15999.1,0.5,876.750015
2026-06-02T23:40:00+00:00,15998.75,15999.8,15997.8,15998.05,15998.5,15999,15999.6,16000,15997.6,15998,15997.7,15998.4,0.7,745.3100138
2026-06-02T23:50:00+00:00,15998,15998.75,15997.2,15998.35,15997.7,15998.3,15998.5,15999,15996.9,15997.5,15998,15998.7,0.7,994.130012
2026-06-03T00:00:00+00:00,15998.5,15998.6,15995.9,15996.85,15998.2,15998.8,15998.3,15998.9,15995.6,15996.2,15996.6,15997.1,0.5,1973.89002
2026-06-03T00:10:00+00:00,15997,15997.1,15995,15995.4,15996.7,15997.3,15996.8,15997.4,15994.8,15995.2,15995.2,15995.6,0.4,932.2500128
2026-06-03T00:20:00+00:00,15995.65,15995.65,15991.25,15991.4,15995.5,15995.8,15995.5,15995.8,15991.1,15991.4,15991.2,15991.6,0.4,840.6700122
2026-06-03T00:30:00+00:00,15991.35,15991.4,15989.55,15990.8,15991.2,15991.5,15991.2,15991.6,15989.4,15989.7,15990.6,15991,0.4,448.8000089
2026-06-03T00:40:00+00:00,15990.65,15993.5,15989.7,15992.5,15990.5,15990.8,15993.3,15993.7,15989.5,15989.9,15992.3,15992.7,0.4,870.5200118
2026-06-03T00:50:00+00:00,15992.85,15996.45,15991.55,15994.05,15992.7,15993,15996.2,15996.7,15991.3,15991.8,15993.8,15994.3,0.5,1879.740028
2026-06-03T01:00:00+00:00,15994,15994.5,15992.2,15992.55,15993.8,15994.2,15994.3,15994.7,15992,15992.4,15992.2,15992.9,0.7,1286.60002
2026-06-03T01:10:00+00:00,15992.5,15992.55,15990.4,15991.6,15992.3,15992.7,15992.3,15992.8,15990.1,15990.7,15991.4,15991.8,0.4,1044.140013
2026-06-03T01:20:00+00:00,15991.65,15992.6,15987.45,15988.2,15991.5,15991.8,15992.4,15992.8,15987.2,15987.7,15988,15988.4,0.4,349.6500081
2026-06-03T01:30:00+00:00,15988.1,15991.1,15985,15986.45,15987.9,15988.3,15990.9,15991.3,15984.8,15985.2,15986.3,15986.6,0.3,1025.720019
2026-06-03T01:40:00+00:00,15986.7,15986.95,15981.7,15982.2,15986.6,15986.8,15986.7,15987.2,15981.5,15981.9,15982,15982.4,0.4,934.0400171
2026-06-03T01:50:00+00:00,15982.25,15987.85,15982.25,15986.05,15982,15982.5,15987.6,15988.1,15982,15982.5,15985.9,15986.2,0.3,694.650012
2026-06-03T02:00:00+00:00,15986.1,15986.5,15983.6,15984.6,15986,15986.2,15986.3,15986.7,15983.4,15983.8,15984.4,15984.8,0.4,510.4300113
2026-06-03T02:10:00+00:00,15984.7,15985,15984.2,15984.5,15984.5,15984.9,15984.8,15985.2,15984,15984.4,15984.3,15984.7,0.4,659.1600096
2026-06-03T02:20:00+00:00,15984.4,15986.4,15984.35,15986.1,15984.2,15984.6,15986.2,15986.6,15984.1,15984.6,15985.9,15986.3,0.4,649.9500104
2026-06-03T02:30:00+00:00,15985.9,15986.4,15984.75,15985.5,15985.7,15986.1,15986.2,15986.6,15984.5,15985,15985.3,15985.7,0.4,421.2000071
2026-06-03T02:40:00+00:00,15985.55,15987.8,15984.85,15986.8,15985.4,15985.7,15987.6,15988,15984.6,15985.1,15986.6,15987,0.4,689.4000092
2026-06-03T02:50:00+00:00,15987.1,15988,15986.05,15987.3,15987,15987.2,15987.9,15988.1,15985.8,15986.3,15987.2,15987.4,0.2,505.0500079
2026-06-03T03:00:00+00:00,15987.25,15988.45,15987,15987.75,15987.2,15987.3,15988.3,15988.6,15986.8,15987.2,15987.5,15988,0.5,363.6000049
2026-06-03T03:10:00+00:00,15987.65,15988.6,15987.25,15988.5,15987.4,15987.9,15988.4,15988.8,15987,15987.5,15988.2,15988.8,0.6,721.870008
2026-06-03T03:20:00+00:00,15988.35,15990.15,15988.2,15989.75,15988.1,15988.6,15989.9,15990.4,15988,15988.4,15989.5,15990,0.5,1081.360012
2026-06-03T03:30:00+00:00,15989.75,15990.25,15989.4,15989.75,15989.5,15990,15990,15990.5,15989.1,15989.7,15989.5,15990,0.5,918.9000038
2026-06-03T03:40:00+00:00,15989.95,15990.15,15988.3,15988.55,15989.7,15990.2,15989.9,15990.4,15988.2,15988.4,15988.3,15988.8,0.5,1002.15001
2026-06-03T03:50:00+00:00,15988.55,15989.25,15988.35,15988.65,15988.3,15988.8,15989.1,15989.4,15988.1,15988.6,15988.3,15989,0.7,610.3500056
2026-06-03T04:00:00+00:00,15988.75,15988.9,15987.55,15988.55,15988.5,15989,15988.6,15989.2,15987.3,15987.8,15988.3,15988.8,0.5,782.5500075
2026-06-03T04:10:00+00:00,15988.65,15989.65,15987.25,15987.95,15988.4,15988.9,15989.4,15989.9,15987.1,15987.4,15987.7,15988.2,0.5,956.8600041
2026-06-03T04:20:00+00:00,15987.8,15989.45,15986.75,15989.1,15987.6,15988,15989.2,15989.7,15986.5,15987,15988.9,15989.3,0.4,785.39001
2026-06-03T04:30:00+00:00,15989.2,15989.8,15988,15988.05,15989,15989.4,15989.5,15990.1,15987.8,15988.2,15987.9,15988.2,0.3,782.0200098
2026-06-03T04:40:00+00:00,15988.1,15989.1,15987.3,15988.8,15987.9,15988.3,15988.9,15989.3,15987.1,15987.5,15988.5,15989.1,0.6,464.5500083
2026-06-03T04:50:00+00:00,15988.85,15989.75,15988.5,15988.85,15988.6,15989.1,15989.5,15990,15988.2,15988.8,15988.6,15989.1,0.5,537.820006
2026-06-03T05:00:00+00:00,15989,15989.6,15987.4,15988.55,15988.7,15989.3,15989.4,15989.8,15987.1,15987.7,15988.3,15988.8,0.5,633.9800094
2026-06-03T05:10:00+00:00,15988.55,15988.95,15987.2,15988.25,15988.3,15988.8,15988.7,15989.2,15986.9,15987.5,15988,15988.5,0.5,463.350005
2026-06-03T05:20:00+00:00,15988.3,15990.85,15987.95,15990.65,15988,15988.6,15990.5,15991.2,15987.7,15988.2,15990.4,15990.9,0.5,522.1500077
2026-06-03T05:30:00+00:00,15990.75,15991.45,15989.15,15990.65,15990.5,15991,15991.2,15991.7,15988.9,15989.4,15990.4,15990.9,0.5,859.400009
2026-06-03T05:40:00+00:00,15990.6,15991.55,15990.3,15990.95,15990.3,15990.9,15991.3,15991.8,15990,15990.6,15990.7,15991.2,0.5,431.1000071
2026-06-03T05:50:00+00:00,15990.95,15993.25,15990.85,15992.75,15990.7,15991.2,15993,15993.5,15990.5,15991.2,15992.5,15993,0.5,1141.310014
2026-06-03T06:00:00+00:00,15992.9,15993.1,15990.7,15993,15992.7,15993.1,15992.9,15993.3,15990.5,15990.9,15992.7,15993.3,0.6,1685.400017
2026-06-03T06:10:00+00:00,15993.05,15996,15992.2,15993,15992.9,15993.2,15995.8,15996.2,15992.1,15992.3,15992.8,15993.2,0.4,1439.100019
2026-06-03T06:20:00+00:00,15992.95,15995.4,15992.85,15993.9,15992.7,15993.2,15995.2,15995.6,15992.7,15993,15993.6,15994.2,0.6,1897.190019
2026-06-03T06:30:00+00:00,15993.9,15994.95,15992.75,15993.9,15993.7,15994.1,15994.8,15995.1,15992.6,15992.9,15993.7,15994.1,0.4,1214.320018
2026-06-03T06:40:00+00:00,15993.95,15995,15993.15,15994.45,15993.7,15994.2,15994.9,15995.1,15993,15993.3,15994.3,15994.6,0.3,1204.950018
2026-06-03T06:50:00+00:00,15994.5,15998.6,15994.4,15997.8,15994.4,15994.6,15998.4,15998.8,15994.2,15994.6,15997.6,15998,0.4,869.2400166
2026-06-03T07:00:00+00:00,15997.5,15999.65,15994,15995.15,15997.4,15997.6,15999.5,15999.8,15993.9,15994.1,15995,15995.3,0.3,2412.110034
2026-06-03T07:10:00+00:00,15995.05,15995.65,15990.75,15994.5,15994.8,15995.3,15995.4,15995.9,15990.6,15990.9,15994.3,15994.7,0.4,3240.600047
2026-06-03T07:20:00+00:00,15994.65,15996.45,15994.1,15996,15994.4,15994.9,15996.3,15996.6,15993.9,15994.3,15995.7,15996.3,0.6,889.5300186
2026-06-03T07:30:00+00:00,15996.05,15996.95,15955.4,15977.45,15995.9,15996.2,15996.7,15997.2,15955,15955.8,15977.1,15977.8,0.7,7239.370121
2026-06-03T07:40:00+00:00,15977.5,15979.4,15964.65,15967.85,15977.2,15977.8,15979.1,15979.7,15964.4,15964.9,15967.6,15968.1,0.5,5088.550065
2026-06-03T07:50:00+00:00,15967.6,15970.45,15957.9,15970.25,15967.5,15967.7,15970.2,15970.7,15957.7,15958.1,15970,15970.5,0.5,5006.510062
2026-06-03T08:00:00+00:00,15970.05,15970.65,15963.9,15966.9,15969.8,15970.3,15970.4,15970.9,15963.6,15964.2,15966.6,15967.2,0.6,3635.63005
2026-06-03T08:10:00+00:00,15966.3,15975.15,15966.1,15972.9,15966.2,15966.4,15974.9,15975.4,15965.9,15966.3,15972.7,15973.1,0.4,2836.060054
2026-06-03T08:20:00+00:00,15973,15974.4,15967.55,15968.95,15972.8,15973.2,15974.2,15974.6,15967.4,15967.7,15968.7,15969.2,0.5,2176.700034
2026-06-03T08:30:00+00:00,15968.75,15979.4,15936.8,15970.6,15968.5,15969,15979,15979.8,15936.5,15937.1,15970.3,15970.9,0.6,8365.700138
2026-06-03T08:40:00+00:00,15970.35,15981.75,15969.3,15973.45,15970.2,15970.5,15981.5,15982,15968.9,15969.7,15973.1,15973.8,0.7,3583.860045
2026-06-03T08:50:00+00:00,15973.25,15978.25,15972.65,15975.7,15973,15973.5,15978,15978.5,15972.4,15972.9,15975.5,15975.9,0.4,2062.86003
2026-06-03T09:00:00+00:00,15975.6,15984.65,15975.6,15981.65,15975.3,15975.9,15984.5,15984.8,15975.3,15975.9,15981.4,15981.9,0.5,1360.150024
2026-06-03T09:10:00+00:00,15981.8,15982.25,15978.8,15979.6,15981.6,15982,15982.1,15982.4,15978.6,15979,15979.4,15979.8,0.4,788.9100152
2026-06-03T09:20:00+00:00,15979.65,15986.75,15977.9,15986.7,15979.4,15979.9,15986.6,15986.9,15977.7,15978.1,15986.5,15986.9,0.4,996.9900174
2026-06-03T09:30:00+00:00,15986.8,15988.3,15983.05,15983.05,15986.6,15987,15988.1,15988.5,15982.8,15983.3,15982.8,15983.3,0.5,906.8300164
2026-06-03T09:40:00+00:00,15982.9,15985.05,15982.7,15983.3,15982.7,15983.1,15984.9,15985.2,15982.5,15982.9,15983.2,15983.4,0.2,757.4400142
2026-06-03T09:50:00+00:00,15983.35,15983.75,15978.95,15979.1,15983.2,15983.5,15983.6,15983.9,15978.8,15979.1,15978.9,15979.3,0.4,737.6800171
2026-06-03T10:00:00+00:00,15979.05,15979.45,15966.8,15976.1,15978.9,15979.2,15979.2,15979.7,15966.6,15967,15975.9,15976.3,0.4,3521.090066
2026-06-03T10:10:00+00:00,15976.15,15980.3,15974.35,15979.2,15976,15976.3,15979.9,15980.7,15974.1,15974.6,15978.9,15979.5,0.6,1787.330023
2026-06-03T10:20:00+00:00,15979.2,15983.7,15978.3,15982.7,15978.9,15979.5,15983.5,15983.9,15978.1,15978.5,15982.4,15983,0.6,1350.760024
2026-06-03T10:30:00+00:00,15982.8,15983.95,15981.25,15983.5,15982.5,15983.1,15983.7,15984.2,15981,15981.5,15983.2,15983.8,0.6,1097.230019
2026-06-03T10:40:00+00:00,15983.45,15985.55,15982.7,15984.3,15983.3,15983.6,15985.3,15985.8,15982.5,15982.9,15983.9,15984.7,0.8,868.4400126
2026-06-03T10:50:00+00:00,15984.15,15984.15,15979.05,15979.5,15983.9,15984.4,15983.9,15984.4,15978.8,15979.3,15979.1,15979.9,0.8,1994.220025
2026-06-03T11:00:00+00:00,15979.45,15980.75,15978.95,15979.6,15979,15979.9,15980.4,15981.1,15978.6,15979.3,15979.3,15979.9,0.6,1688.850017
2026-06-03T11:10:00+00:00,15979.65,15980.85,15979,15979.5,15979.3,15980,15980.6,15981.1,15978.8,15979.2,15979.1,15979.9,0.8,1311.110023
2026-06-03T11:20:00+00:00,15979.5,15979.8,15978.3,15979.7,15979.1,15979.9,15979.5,15980.1,15978.1,15978.5,15979.5,15979.9,0.4,454.1300086
2026-06-03T11:30:00+00:00,15979.6,15980.8,15979,15980.25,15979.4,15979.8,15980.6,15981,15978.8,15979.2,15980.1,15980.4,0.3,701.4000103
2026-06-03T11:40:00+00:00,15980.3,15983.5,15980.2,15982.55,15980.2,15980.4,15983.3,15983.7,15980,15980.4,15982.4,15982.7,0.3,827.7000127
2026-06-03T11:50:00+00:00,15982.45,15983.9,15979.95,15983.9,15982.3,15982.6,15983.7,15984.1,15979.7,15980.2,15983.7,15984.1,0.4,976.2100158
2026-06-03T12:00:00+00:00,15984.1,15986.15,15983.05,15985.7,15984,15984.2,15986,15986.3,15982.8,15983.3,15985.5,15985.9,0.4,1735.610034
2026-06-03T12:10:00+00:00,15985.45,15985.7,15980.65,15985.35,15985.3,15985.6,15985.5,15985.9,15979.9,15981.4,15985.2,15985.5,0.3,1607.930022
2026-06-03T12:20:00+00:00,15985.65,15986.7,15985.1,15986.35,15985.4,15985.9,15986.5,15986.9,15984.9,15985.3,15986.2,15986.5,0.3,1028.420015
2026-06-03T12:30:00+00:00,15986.45,15992.4,15986.05,15990.65,15986.3,15986.6,15992.2,15992.6,15985.9,15986.2,15990.5,15990.8,0.3,1611.780024
2026-06-03T12:40:00+00:00,15990.35,15991.5,15986.3,15989.2,15990.2,15990.5,15991.3,15991.7,15986.1,15986.5,15989,15989.4,0.4,2434.220038
2026-06-03T12:50:00+00:00,15989.25,15993.25,15987.85,15991.9,15989.1,15989.4,15993,15993.5,15987.7,15988,15991.6,15992.2,0.6,2067.140033
2026-06-03T13:00:00+00:00,15991.55,15992.8,15989.4,15991.7,15991.4,15991.7,15992.6,15993,15989.1,15989.7,15991.5,15991.9,0.4,1840.220026
2026-06-03T13:10:00+00:00,15991.75,15994.1,15990.65,15993.35,15991.5,15992,15993.9,15994.3,15990.4,15990.9,15993.1,15993.6,0.5,1321.270017
2026-06-03T13:20:00+00:00,15993.7,15995.7,15991.9,15994.35,15993.5,15993.9,15995.5,15995.9,15991.7,15992.1,15994.2,15994.5,0.3,1724.950023
2026-06-03T13:30:00+00:00,15994.05,15995.4,15992.55,15994.05,15993.9,15994.2,15995.2,15995.6,15992.3,15992.8,15993.9,15994.2,0.3,1955.400022
2026-06-03T13:40:00+00:00,15994.15,15996.9,15993.4,15996.8,15993.9,15994.4,15996.7,15997.1,15993.2,15993.6,15996.6,15997,0.4,2181.180031
2026-06-03T13:50:00+00:00,15996.7,15998.35,15996.1,15997.9,15996.5,15996.9,15998.3,15998.4,15995.9,15996.3,15997.4,15998.4,1,2145.690033
2026-06-03T14:00:00+00:00,15997.3,15999.15,15996.3,15998.15,15996.5,15998.1,15998.9,15999.4,15996,15996.6,15997.9,15998.4,0.5,2217.500037
2026-06-03T14:10:00+00:00,15997.85,15999.6,15989.8,15997.5,15997.7,15998,15999.5,15999.7,15989.7,15989.9,15997.4,15997.6,0.2,4195.970062
2026-06-03T14:20:00+00:00,15997.45,15998.3,15993.9,15997.6,15997.3,15997.6,15998.1,15998.5,15993.7,15994.1,15997.4,15997.8,0.4,3120.260041
2026-06-03T14:30:00+00:00,15997.5,15998.65,15995.8,15997.6,15997.3,15997.7,15998.6,15998.7,15995.6,15996,15997.4,15997.8,0.4,1928.260028
2026-06-03T14:40:00+00:00,15997.7,15999.25,15997.65,15998.7,15997.4,15998,15999.1,15999.4,15997.4,15997.9,15998.5,15998.9,0.4,2160.530021
2026-06-03T14:50:00+00:00,15998.75,15999,15991.75,15994.7,15998.6,15998.9,15998.8,15999.2,15991.6,15991.9,15994.5,15994.9,0.4,4791.130051
2026-06-03T15:00:00+00:00,15994.65,15999.55,15993.75,15998.7,15994.4,15994.9,15999.3,15999.8,15993.5,15994,15998.6,15998.8,0.2,2352.130033
2026-06-03T15:10:00+00:00,15998.7,15999.5,15994.65,15998.05,15998.6,15998.8,15999.4,15999.6,15994.5,15994.8,15997.8,15998.3,0.5,1674.370025
2026-06-03T15:20:00+00:00,15998.1,15998.95,15996.2,15997.3,15998,15998.2,15998.8,15999.1,15996,15996.4,15997.2,15997.4,0.2,1088.990016
2026-06-03T15:30:00+00:00,15997.2,15999.55,15996,15998.65,15997,15997.4,15999.4,15999.7,15995.8,15996.2,15998.5,15998.8,0.3,1470.980025
2026-06-03T15:40:00+00:00,15998.6,15999.65,15997.95,15999.15,15998.4,15998.8,15999.5,15999.8,15997.8,15998.1,15999,15999.3,0.3,741.0000138
2026-06-03T15:50:00+00:00,15999.1,16000.65,15997.25,15997.35,15998.9,15999.3,16000.5,16000.8,15997.1,15997.4,15997.2,15997.5,0.3,1163.640017
2026-06-03T16:00:00+00:00,15997.2,16004.35,15995.25,16002,15997.1,15997.3,16004.2,16004.5,15995.1,15995.4,16001.8,16002.2,0.4,3556.040063
2026-06-03T16:10:00+00:00,16002.1,16004.85,16000.95,16004.5,16001.8,16002.4,16004.8,16004.9,16000.8,16001.1,16004.3,16004.7,0.4,1737.920028
2026-06-03T16:20:00+00:00,16004.6,16004.7,16000.7,16001.35,16004.4,16004.8,16004.5,16004.9,16000.5,16000.9,16001.1,16001.6,0.5,1991.710027
2026-06-03T16:30:00+00:00,16001.4,16002.95,16000.2,16002.6,16001.2,16001.6,16002.8,16003.1,16000.1,16000.3,16002.4,16002.8,0.4,1142.720019
2026-06-03T16:40:00+00:00,16002.7,16003.6,16000.2,16001.1,16002.5,16002.9,16003.4,16003.8,16000,16000.4,16000.9,16001.3,0.4,1112.11002
2026-06-03T16:50:00+00:00,16001.2,16001.85,15998.3,15998.6,16001,16001.4,16001.7,16002,15998.1,15998.5,15998.5,15998.7,0.2,1456.520019
2026-06-03T17:00:00+00:00,15998.45,15999.5,15995.15,15996,15998.3,15998.6,15999.3,15999.7,15994.9,15995.4,15995.8,15996.2,0.4,922.8400108
2026-06-03T17:10:00+00:00,15995.8,16002.95,15995.6,16002.7,15995.6,15996,16002.8,16003.1,15995.4,15995.8,16002.5,16002.9,0.4,773.480015
2026-06-03T17:20:00+00:00,16002.6,16003.4,16002.15,16002.2,16002.4,16002.8,16003.2,16003.6,16001.9,16002.4,16001.9,16002.5,0.6,372.6000065
2026-06-03T17:30:00+00:00,16002.35,16003.6,16002.2,16003.35,16002,16002.7,16003.5,16003.7,16002,16002.4,16003.3,16003.4,0.1,882.4500127
2026-06-03T17:40:00+00:00,16003.3,16004.95,16002.7,16003.95,16003.2,16003.4,16004.7,16005.2,16002.5,16002.9,16003.8,16004.1,0.3,847.2000169
2026-06-03T17:50:00+00:00,16004,16005.1,16002.45,16004.85,16003.8,16004.2,16004.9,16005.3,16002.2,16002.7,16004.6,16005.1,0.5,888.6300173
2026-06-03T18:00:00+00:00,16004.8,16005.2,16003.3,16004.9,16004.5,16005.1,16004.9,16005.5,16003.1,16003.5,16004.6,16005.2,0.6,883.2700099
2026-06-03T18:10:00+00:00,16004.9,16005.05,16003.55,16004.15,16004.6,16005.2,16004.8,16005.3,16003.3,16003.8,16004,16004.3,0.3,1577.560008
2026-06-03T18:20:00+00:00,16004.1,16005.3,16002.7,16003.5,16003.9,16004.3,16005,16005.6,16002.6,16002.8,16003.3,16003.7,0.4,672.6900096
2026-06-03T18:30:00+00:00,16003.4,16006,16003.2,16004.55,16003.2,16003.6,16005.8,16006.2,16003.1,16003.3,16004.4,16004.7,0.3,472.6500067
2026-06-03T18:40:00+00:00,16004.45,16005.15,16001.95,16002.3,16004.3,16004.6,16005,16005.3,16001.8,16002.1,16002.1,16002.5,0.4,370.7800053
2026-06-03T18:50:00+00:00,16002.45,16003.4,16002,16003.1,16002.3,16002.6,16003.2,16003.6,16001.8,16002.2,16002.9,16003.3,0.4,956.4200099
2026-06-03T19:00:00+00:00,16003.05,16003.55,16001.3,16002.2,16002.8,16003.3,16003.3,16003.8,16001.1,16001.5,16002,16002.4,0.4,706.4700124
2026-06-03T19:10:00+00:00,16002.1,16002.95,16000.45,16001.35,16001.9,16002.3,16002.8,16003.1,16000.3,16000.6,16001.1,16001.6,0.5,1191.820022
2026-06-03T19:20:00+00:00,16001.2,16003.75,16001.1,16003.45,16001.1,16001.3,16003.5,16004,16000.9,16001.3,16003.3,16003.6,0.3,590.9900103
2026-06-03T19:30:00+00:00,16003.5,16004.8,16002.85,16004.7,16003.3,16003.7,16004.6,16005,16002.6,16003.1,16004.5,16004.9,0.4,588.4500086
2026-06-03T19:40:00+00:00,16004.75,16006.05,16004.1,16005.8,16004.5,16005,16005.9,16006.2,16003.9,16004.3,16005.7,16005.9,0.2,729.1400144
2026-06-03T19:50:00+00:00,16005.95,16008.05,16005.75,16007.7,16005.9,16006,16007.9,16008.2,16005.6,16005.9,16007.5,16007.9,0.4,1443.220015
2026-06-03T20:00:00+00:00,16007.55,16008.35,16006.65,16007.55,16007.5,16007.6,16008.2,16008.5,16006.4,16006.9,16007.3,16007.8,0.5,900.4400145
2026-06-03T20:10:00+00:00,16007.4,16008,16005.5,16006.65,16007.2,16007.6,16007.8,16008.2,16005.2,16005.8,16006.4,16006.9,0.5,1316.720013
2026-06-03T20:20:00+00:00,16006.7,16008.65,16006.5,16007.6,16006.5,16006.9,16008.5,16008.8,16006.4,16006.6,16007.4,16007.8,0.4,666.1300118
2026-06-03T20:30:00+00:00,16007.65,16008.1,16006.5,16007.95,16007.5,16007.8,16007.8,16008.4,16006.2,16006.8,16007.8,16008.1,0.3,572.7700082
2026-06-03T20:40:00+00:00,16007.85,16008.8,16007.7,16008.55,16007.6,16008.1,16008.5,16009.1,16007.5,16007.9,16008.3,16008.8,0.5,571.9400156
2026-06-03T20:50:00+00:00,16008.6,16009.6,16005.35,16006.05,16008.4,16008.8,16009.1,16010.1,16002.4,16008.3,16002.4,16009.7,7.3,845.2300092
2026-06-03T21:00:00+00:00,16006,16006.9,16001.1,16005.75,16002.4,16009.6,16004.1,16009.7,15996.2,16006,16004,16007.5,3.5,71.30999953
2026-06-03T21:10:00+00:00,16005.6,16006.3,16004.35,16004.9,16004,16007.2,16005.3,16007.3,16002.8,16005.9,16003.8,16006,2.2,85.95000094
2026-06-03T21:20:00+00:00,16005.35,16005.65,16004.65,16005.3,16003.8,16006.9,16004.4,16006.9,16003.8,16005.5,16003.9,16006.7,2.8,167.4000039
2026-06-03T21:30:00+00:00,16004.8,16006.15,16004.15,16005.45,16003.9,16005.7,16005.5,16006.8,16003.8,16004.5,16004.5,16006.4,1.9,261.3000083
2026-06-03T21:40:00+00:00,16005.4,16005.75,16000.45,16002,16003.9,16006.9,16004.5,16007,15998.6,16002.3,15999.9,16004.1,4.2,217.0500059
2026-06-03T21:50:00+00:00,16002,16003.85,16000.05,16001.4,15999.3,16004.7,16002.3,16005.4,15997.3,16002.8,15999,16003.8,4.8,470.2500097
2026-06-03T22:00:00+00:00,16001.6,16008.1,16001.15,16006.25,15999.4,16003.8,16007.4,16008.8,15999.4,16002.9,16005.8,16006.7,0.9,481.6900006
2026-06-03T22:10:00+00:00,16006.15,16006.8,16003.55,16004.65,16005.7,16006.6,16006.5,16007.1,16003.1,16004,16004.3,16005,0.7,463.1600102
2026-06-03T22:20:00+00:00,16004.7,16004.9,16002.95,16003.1,16004.4,16005,16004.6,16005.2,16002.5,16003.4,16002.6,16003.6,1,272.6000074
2026-06-03T22:30:00+00:00,16003.25,16003.3,15999.8,16000.6,16002.8,16003.7,16002.8,16003.8,15999.4,16000.2,16000.2,16001,0.8,918.3900104
2026-06-03T22:40:00+00:00,16000.65,16001.6,16000.5,16001.3,16000.2,16001.1,16001.2,16002,16000.1,16000.9,16000.9,16001.7,0.8,669.7700063
2026-06-03T22:50:00+00:00,16001.25,16001.45,15983.25,15992,16000.9,16001.6,16001.1,16001.8,15982.9,15983.6,15991.6,15992.4,0.8,3109.05004
2026-06-03T23:00:00+00:00,15992,15995.25,15989.3,15994.75,15991.7,15992.3,15994.8,15995.7,15989,15989.6,15994.4,15995.1,0.7,2853.370049
2026-06-03T23:10:00+00:00,15994.8,15998.1,15994.15,15994.6,15994.5,15995.1,15997.9,15998.3,15993.9,15994.4,15994.4,15994.8,0.4,1424.790026
2026-06-03T23:20:00+00:00,15994.55,15996.25,15992.95,15995,15994.3,15994.8,15995.9,15996.6,15992.7,15993.2,15994.7,15995.3,0.6,649.0400108
2026-06-03T23:30:00+00:00,15995.05,15997.85,15992.5,15994.65,15994.7,15995.4,15997.6,15998.1,15992.2,15992.8,15994.5,15994.8,0.3,1067.410009
2026-06-03T23:40:00+00:00,15994.6,15994.65,15992.1,15992.2,15994.4,15994.8,15994.4,15994.9,15991.8,15992.4,15991.9,15992.5,0.6,856.120014
2026-06-03T23:50:00+00:00,15992.25,15995.3,15991.95,15994.95,15992,15992.5,15995,15995.6,15991.7,15992.2,15994.8,15995.1,0.3,1072.790017
2026-06-04T00:00:00+00:00,15994.95,15996.5,15992.75,15994.75,15994.7,15995.2,15996.3,15996.7,15992.6,15992.9,15994.4,15995.1,0.7,2513.490028
2026-06-04T00:10:00+00:00,15994.7,15995.25,15990.85,15992.35,15994.4,15995,15995,15995.5,15990.6,15991.1,15992.1,15992.6,0.5,1536.640019
2026-06-04T00:20:00+00:00,15992.25,15994.85,15991.85,15994.05,15992.1,15992.4,15994.6,15995.1,15991.6,15992.1,15993.7,15994.4,0.7,685.9500142
2026-06-04T00:30:00+00:00,15994.1,15994.4,15991.75,15992.2,15993.8,15994.4,15994.2,15994.6,15991.6,15991.9,15992.1,15992.3,0.2,904.1900188
2026-06-04T00:40:00+00:00,15992.25,15992.9,15988.75,15989.05,15992.1,15992.4,15992.8,15993,15988.5,15989,15988.9,15989.2,0.3,888.7300175
2026-06-04T00:50:00+00:00,15989.2,15993,15989,15991,15989,15989.4,15992.8,15993.2,15988.7,15989.3,15990.9,15991.1,0.2,1283.130028
2026-06-04T01:00:00+00:00,15990.85,15992.85,15990.6,15992.15,15990.7,15991,15992.7,15993,15990.3,15990.9,15991.9,15992.4,0.5,845.2500169
2026-06-04T01:10:00+00:00,15992.05,15993.05,15990,15991.2,15991.9,15992.2,15992.8,15993.3,15989.8,15990.2,15991,15991.4,0.4,905.9200178
2026-06-04T01:20:00+00:00,15991.1,15991.1,15987.3,15989.3,15990.9,15991.3,15990.9,15991.3,15987.1,15987.5,15989.1,15989.5,0.4,1092.900019
2026-06-04T01:30:00+00:00,15989.15,15990.4,15988.05,15988.85,15989,15989.3,15990.3,15990.5,15987.9,15988.2,15988.7,15989,0.3,966.1400198
2026-06-04T01:40:00+00:00,15988.85,15990.1,15987.35,15987.7,15988.6,15989.1,15989.9,15990.3,15987.2,15987.5,15987.5,15987.9,0.4,1007.25002
2026-06-04T01:50:00+00:00,15987.75,15988.9,15987.6,15988.6,15987.5,15988,15988.6,15989.2,15987.3,15987.9,15988.3,15988.9,0.6,2129.480033
2026-06-04T02:00:00+00:00,15988.45,15989.8,15987.6,15988.7,15988.2,15988.7,15989.6,15990,15987.4,15987.8,15988.5,15988.9,0.4,836.2900165
2026-06-04T02:10:00+00:00,15988.75,15991.3,15988.2,15990.7,15988.6,15988.9,15991.1,15991.5,15988,15988.4,15990.5,15990.9,0.4,690.4500133
2026-06-04T02:20:00+00:00,15990.4,15990.8,15989.15,15989.65,15990.3,15990.5,15990.5,15991.1,15989,15989.3,15989.5,15989.8,0.3,881.5500108
2026-06-04T02:30:00+00:00,15989.55,15991.05,15989.25,15989.9,15989.2,15989.9,15990.8,15991.3,15989.1,15989.4,15989.5,15990.3,0.8,848.5500125
2026-06-04T02:40:00+00:00,15989.85,15990.6,15988.65,15989.35,15989.5,15990.2,15990.4,15990.8,15988.4,15988.9,15989.2,15989.5,0.3,434.910008
2026-06-04T02:50:00+00:00,15989.6,15990.35,15989.4,15989.65,15989.5,15989.7,15990.2,15990.5,15989.1,15989.7,15989.4,15989.9,0.5,842.900008
2026-06-04T03:00:00+00:00,15989.7,15992.35,15989.65,15992.3,15989.5,15989.9,15992.2,15992.5,15989.4,15989.9,15992.1,15992.5,0.4,379.8000069
2026-06-04T03:10:00+00:00,15992.2,15994.65,15991.9,15994.15,15992,15992.4,15994.4,15994.9,15991.7,15992.1,15994,15994.3,0.3,332.2500072
2026-06-04T03:20:00+00:00,15994.3,15996.55,15994.3,15996.4,15994.1,15994.5,15996.3,15996.8,15994.1,15994.5,15996.2,15996.6,0.4,648.7500076
2026-06-04T03:30:00+00:00,15996.45,15998.3,15996.2,15998.2,15996.2,15996.7,15998.1,15998.5,15996,15996.4,15998.1,15998.3,0.2,433.0500064
2026-06-04T03:40:00+00:00,15998.25,15998.95,15998.1,15998.1,15998.2,15998.3,15998.8,15999.1,15998,15998.2,15998,15998.2,0.2,309.6000073
2026-06-04T03:50:00+00:00,15998.05,15998.25,15996.15,15997.15,15997.9,15998.2,15998.1,15998.4,15996,15996.3,15997,15997.3,0.3,362.4000096
2026-06-04T04:00:00+00:00,15997.25,15998.25,15996.3,15996.9,15997.2,15997.3,15998.1,15998.4,15996.1,15996.5,15996.7,15997.1,0.4,604.5000095
2026-06-04T04:10:00+00:00,15996.8,15998.4,15996.35,15998.3,15996.6,15997,15998.2,15998.6,15996.2,15996.5,15998.1,15998.5,0.4,205.6500034
2026-06-04T04:20:00+00:00,15998.1,15999.2,15997.45,15997.85,15997.9,15998.3,15999,15999.4,15997.3,15997.6,15997.6,15998.1,0.5,384.870005
2026-06-04T04:30:00+00:00,15997.85,15997.85,15960.1,15986.55,15997.6,15998.1,15997.6,15998.1,15959.8,15960.4,15986.3,15986.8,0.5,5522.280094
2026-06-04T04:40:00+00:00,15986.9,15987.35,15979.95,15984.7,15986.6,15987.2,15987,15987.7,15979.7,15980.2,15984.5,15984.9,0.4,1887.440027
2026-06-04T04:50:00+00:00,15984.75,15987.35,15984.75,15987,15984.5,15985,15987.1,15987.6,15984.5,15985,15986.7,15987.3,0.6,934.1100149
2026-06-04T05:00:00+00:00,15987.1,15990.4,15985.9,15988.55,15986.9,15987.3,15990.2,15990.6,15985.7,15986.1,15988.3,15988.8,0.5,1250.100022
2026-06-04T05:10:00+00:00,15988.6,15991.75,15988.5,15991.55,15988.4,15988.8,15991.6,15991.9,15988.3,15988.7,15991.4,15991.7,0.3,611.2500135
2026-06-04T05:20:00+00:00,15991.8,15993.4,15991.15,15992.35,15991.7,15991.9,15993,15993.8,15990.9,15991.4,15992,15992.7,0.7,613.7600102
2026-06-04T05:30:00+00:00,15992.4,15993.2,15990.45,15991.1,15992,15992.8,15992.9,15993.5,15990.2,15990.7,15990.9,15991.3,0.4,697.1100147
2026-06-04T05:40:00+00:00,15991.2,15991.4,15988.1,15988.5,15990.9,15991.5,15991.2,15991.6,15987.9,15988.3,15988.3,15988.7,0.4,576.2200155
2026-06-04T05:50:00+00:00,15988.6,15990,15986.15,15988.6,15988.3,15988.9,15989.8,15990.2,15985.9,15986.4,15988.4,15988.8,0.4,881.5000192
2026-06-04T06:00:00+00:00,15988.65,15989.2,15984,15987.9,15988.5,15988.8,15989.1,15989.3,15983.8,15984.2,15987.7,15988.1,0.4,2080.550042
2026-06-04T06:10:00+00:00,15987.8,15991.1,15986.8,15990.85,15987.6,15988,15991,15991.2,15986.6,15987,15990.7,15991,0.3,942.5100193
2026-06-04T06:20:00+00:00,15991,15992.05,15985.45,15986.95,15990.9,15991.1,15992,15992.1,15985.3,15985.6,15986.8,15987.1,0.3,1125.470025
2026-06-04T06:30:00+00:00,15987.05,15988.5,15982.6,15983.95,15986.9,15987.2,15988.3,15988.7,15982.5,15982.7,15983.7,15984.2,0.5,1653.230026
2026-06-04T06:40:00+00:00,15983.75,15989.65,15983.05,15988.6,15983.6,15983.9,15989.5,15989.8,15982.9,15983.2,15988.4,15988.8,0.4,1484.130025
2026-06-04T06:50:00+00:00,15988.65,15990.85,15986.2,15990.35,15988.4,15988.9,15990.6,15991.1,15986,15986.4,15990.2,15990.5,0.3,1506.330019
2026-06-04T07:00:00+00:00,15990.1,15990.85,15988.1,15988.55,15989.9,15990.3,15990.7,15991,15987.8,15988.4,15988.3,15988.8,0.5,1925.68002
2026-06-04T07:10:00+00:00,15988.55,15989.25,15987.35,15988.2,15988.3,15988.8,15989,15989.5,15987.2,15987.5,15988,15988.4,0.4,1291.190019
2026-06-04T07:20:00+00:00,15988.25,15991.05,15988.25,15989.2,15987.9,15988.6,15990.9,15991.2,15987.9,15988.6,15989,15989.4,0.4,1763.26002
2026-06-04T07:30:00+00:00,15989.25,15991.4,15986.55,15991.25,15989,15989.5,15991.2,15991.6,15986.3,15986.8,15990.9,15991.6,0.7,1648.480024
2026-06-04T07:40:00+00:00,15991.45,15992.9,15987.9,15988.35,15991.2,15991.7,15992.7,15993.1,15987.7,15988.1,15988.1,15988.6,0.5,1555.620021
2026-06-04T07:50:00+00:00,15988.4,15991.65,15987.85,15990.45,15988.1,15988.7,15991.5,15991.8,15987.6,15988.1,15990.2,15990.7,0.5,1571.010023
2026-06-04T08:00:00+00:00,15990.5,15992.05,15988.35,15989.65,15990.3,15990.7,15991.8,15992.3,15988.1,15988.6,15989.5,15989.8,0.3,1572.570028
2026-06-04T08:10:00+00:00,15989.65,15990.7,15988.35,15989.1,15989.5,15989.8,15990.5,15990.9,15988.2,15988.5,15988.8,15989.4,0.6,1322.890023
2026-06-04T08:20:00+00:00,15989.05,15989.9,15987,15987.3,15988.9,15989.2,15989.7,15990.1,15986.8,15987.2,15987.1,15987.5,0.4,909.960013
2026-06-04T08:30:00+00:00,15987.2,15989.65,15984.45,15989.45,15987,15987.4,15989.5,15989.8,15984.3,15984.6,15989.2,15989.7,0.5,1568.940021
2026-06-04T08:40:00+00:00,15989.5,15990.2,15988.3,15988.75,15989.3,15989.7,15990.1,15990.3,15988,15988.6,15988.6,15988.9,0.3,672.1500105
2026-06-04T08:50:00+00:00,15988.75,15989.75,15986.95,15987.7,15988.5,15989,15989.6,15989.9,15986.7,15987.2,15987.5,15987.9,0.4,825.5700115
2026-06-04T09:00:00+00:00,15987.65,15988.75,15984.4,15985.85,15987.4,15987.9,15988.5,15989,15984.3,15984.5,15985.7,15986,0.3,1521.100029
2026-06-04T09:10:00+00:00,15985.8,15986.9,15985.35,15986.15,15985.6,15986,15986.8,15987,15985.2,15985.5,15986.1,15986.2,0.1,1341.240023
2026-06-04T09:20:00+00:00,15986.1,15989.8,15985.1,15988.75,15986,15986.2,15989.6,15990,15985,15985.2,15988.6,15988.9,0.3,1137.750025
2026-06-04T09:30:00+00:00,15988.65,15989.55,15985.05,15985.5,15988.5,15988.8,15989.4,15989.7,15984.8,15985.3,15985.3,15985.7,0.4,1145.330018
2026-06-04T09:40:00+00:00,15985.25,15986.25,15984.45,15985.4,15985.1,15985.4,15986.1,15986.4,15984.3,15984.6,15985.2,15985.6,0.4,1130.290014
2026-06-04T09:50:00+00:00,15985.55,15986.8,15984.75,15985.85,15985.4,15985.7,15986.6,15987,15984.5,15985,15985.7,15986,0.3,1131.500018
2026-06-04T10:00:00+00:00,15985.95,15988.9,15985.7,15987.55,15985.8,15986.1,15988.6,15989.2,15985.5,15985.9,15987.3,15987.8,0.5,1018.580019
2026-06-04T10:10:00+00:00,15987.55,15989.2,15985.7,15987.2,15987.2,15987.9,15989,15989.4,15985.5,15985.9,15986.9,15987.5,0.6,1412.940022
2026-06-04T10:20:00+00:00,15987.1,15988.65,15986.9,15988.05,15986.8,15987.4,15988.5,15988.8,15986.7,15987.1,15987.9,15988.2,0.3,818.2500123
2026-06-04T10:30:00+00:00,15988,15988.4,15986.35,15987.05,15987.9,15988.1,15988.2,15988.6,15986.1,15986.6,15986.8,15987.3,0.5,1289.250018
2026-06-04T10:40:00+00:00,15987,15988.5,15986.95,15988.05,15986.8,15987.2,15988.3,15988.7,15986.7,15987.2,15987.9,15988.2,0.3,1843.800029
2026-06-04T10:50:00+00:00,15988.2,15989.85,15987.2,15987.8,15988,15988.4,15989.7,15990,15987,15987.4,15987.6,15988,0.4,1186.050018
2026-06-04T11:00:00+00:00,15987.6,15987.7,15983.8,15984.45,15987.5,15987.7,15987.6,15987.8,15983.7,15983.9,15984.2,15984.7,0.5,2062.940031
2026-06-04T11:10:00+00:00,15984.5,15985.3,15979.75,15982.3,15984.3,15984.7,15985.1,15985.5,15979.5,15980,15982.1,15982.5,0.4,1985.880025
2026-06-04T11:20:00+00:00,15982.15,15983.65,15981.05,15982.2,15981.9,15982.4,15983.5,15983.8,15980.9,15981.2,15982,15982.4,0.4,2020.590032
2026-06-04T11:30:00+00:00,15982.1,15985.95,15981.1,15981.2,15981.9,15982.3,15985.8,15986.1,15980.9,15981.3,15980.9,15981.5,0.6,3343.540037
2026-06-04T11:40:00+00:00,15981.2,15982.15,15975.6,15976.65,15981,15981.4,15981.8,15982.5,15975.5,15975.7,15976.5,15976.8,0.3,2345.85003
2026-06-04T11:50:00+00:00,15976.6,15978.7,15975.15,15976.85,15976.5,15976.7,15978.5,15978.9,15975,15975.3,15976.7,15977,0.3,1675.320023
2026-06-04T12:00:00+00:00,15976.8,15982.4,15975.75,15980.85,15976.7,15976.9,15982.2,15982.6,15975.6,15975.9,15980.7,15981,0.3,2581.460038
2026-06-04T12:10:00+00:00,15980.85,15987.75,15979.8,15984.35,15980.7,15981,15987.6,15987.9,15979.7,15979.9,15984.2,15984.5,0.3,3750.890049
2026-06-04T12:20:00+00:00,15984.45,15985.05,15982.25,15982.95,15984.3,15984.6,15984.9,15985.2,15982.1,15982.4,15982.2,15983.7,1.5,1414.930029
2026-06-04T12:30:00+00:00,15982.6,15985,15979.05,15983.85,15981.8,15983.4,15984.8,15985.2,15978.7,15979.4,15983.6,15984.1,0.5,1806.230024
2026-06-04T12:40:00+00:00,15983.8,15985.8,15983.05,15985.3,15983.6,15984,15985.6,15986,15982.9,15983.2,15985.1,15985.5,0.4,1435.740024
2026-06-04T12:50:00+00:00,15985.45,15986.65,15982.15,15986.55,15985.3,15985.6,15986.4,15986.9,15982,15982.3,15986.4,15986.7,0.3,1549.970029
2026-06-04T13:00:00+00:00,15986.6,15989.2,15986.05,15987.6,15986.5,15986.7,15988.9,15989.5,15985.8,15986.3,15987.4,15987.8,0.4,1818.630025
2026-06-04T13:10:00+00:00,15987.8,15989.4,15985.4,15986.45,15987.5,15988.1,15989.2,15989.6,15985.2,15985.6,15986.2,15986.7,0.5,1967.670023
2026-06-04T13:20:00+00:00,15986.55,15989.2,15984.35,15987.3,15986.4,15986.7,15989,15989.4,15984.1,15984.6,15987.1,15987.5,0.4,1500.540019
2026-06-04T13:30:00+00:00,15987.25,15987.6,15984.85,15986.25,15987.1,15987.4,15987.4,15987.8,15984.7,15985,15986,15986.5,0.5,2063.820021
2026-06-04T13:40:00+00:00,15986.1,15989.3,15985.8,15988.45,15985.9,15986.3,15989,15989.6,15985.5,15986.1,15988.2,15988.7,0.5,1916.66002
2026-06-04T13:50:00+00:00,15988.5,15992.05,15988.5,15991.8,15988.3,15988.7,15991.9,15992.2,15988.3,15988.7,15991.7,15991.9,0.2,2111.650026
2026-06-04T14:00:00+00:00,15991.8,15992.15,15987.95,15991.75,15991.6,15992,15991.9,15992.4,15987.8,15988.1,15991.5,15992,0.5,2184.360031
2026-06-04T14:10:00+00:00,15991.7,15992.8,15991.4,15992.25,15991.3,15992.1,15992.6,15993,15991.1,15991.7,15992.1,15992.4,0.3,1541.30002
2026-06-04T14:20:00+00:00,15992.4,15995.25,15991.55,15994.55,15992.2,15992.6,15995.1,15995.4,15991.3,15991.8,15994.3,15994.8,0.5,1907.410022
2026-06-04T14:30:00+00:00,15994.6,15998.15,15994.55,15997.4,15994.4,15994.8,15998,15998.3,15994.3,15994.8,15997.1,15997.7,0.6,1679.830022
2026-06-04T14:40:00+00:00,15997.4,15998.1,15995.85,15996.95,15997.2,15997.6,15997.9,15998.3,15995.7,15996,15996.8,15997.1,0.3,1291.520012
2026-06-04T14:50:00+00:00,15997,16000.35,15996.2,15998.6,15996.8,15997.2,16000.2,16000.5,15996,15996.4,15998.5,15998.7,0.2,2924.650039
2026-06-04T15:00:00+00:00,15998.65,16002.95,15998.5,16001.95,15998.5,15998.8,16002.8,16003.1,15998.3,15998.7,16001.8,16002.1,0.3,3603.180042
2026-06-04T15:10:00+00:00,16001.8,16002.5,15998,15999.55,16001.6,16002,16002.2,16002.8,15997.7,15998.3,15999.4,15999.7,0.3,1431.18002
2026-06-04T15:20:00+00:00,15999.6,16000.75,15999.05,15999.45,15999.4,15999.8,16000.4,16001.1,15998.8,15999.3,15999.3,15999.6,0.3,1006.670017
2026-06-04T15:30:00+00:00,15999.4,16000,15996.85,15998.2,15999.3,15999.5,15999.8,16000.2,15996.6,15997.1,15998,15998.4,0.4,1305.840016
2026-06-04T15:40:00+00:00,15998.1,16000.25,15997.3,15998.2,15997.9,15998.3,16000.1,16000.4,15997.1,15997.5,15998,15998.4,0.4,1147.480017
2026-06-04T15:50:00+00:00,15998.15,15998.5,15995.9,15997.2,15997.9,15998.4,15998.3,15998.7,15995.7,15996.1,15997,15997.4,0.4,1023.810018
2026-06-04T16:00:00+00:00,15997.35,15998.4,15995.5,15995.6,15997.2,15997.5,15998.2,15998.6,15995.2,15995.8,15995.4,15995.8,0.4,644.5800102
2026-06-04T16:10:00+00:00,15995.25,15996.7,15994.05,15995.5,15995.1,15995.4,15996.5,15996.9,15993.9,15994.2,15995.3,15995.7,0.4,497.4000082
2026-06-04T16:20:00+00:00,15995.65,15997.25,15995.35,15995.95,15995.5,15995.8,15997,15997.5,15995.2,15995.5,15995.7,15996.2,0.5,253.6700041
2026-06-04T16:30:00+00:00,15995.8,15998.45,15994.75,15998.4,15995.6,15996,15998.2,15998.7,15994.6,15994.9,15998.2,15998.6,0.4,731.7500165
2026-06-04T16:40:00+00:00,15998.35,15999.35,15997.9,15998.15,15998.2,15998.5,15999.2,15999.5,15997.7,15998.1,15998,15998.3,0.3,672.1500149
2026-06-04T16:50:00+00:00,15998.2,15998.35,15995.95,15997.05,15998,15998.4,15998.2,15998.5,15995.8,15996.1,15996.7,15997.4,0.7,721.8000139
2026-06-04T17:00:00+00:00,15997,15999.55,15997,15999.2,15996.7,15997.3,15999.3,15999.8,15996.7,15997.3,15999,15999.4,0.4,1977.830029
2026-06-04T17:10:00+00:00,15999.15,15999.7,15998.45,15999.55,15999,15999.3,15999.5,15999.9,15998.2,15998.7,15999.4,15999.7,0.3,645.300006
2026-06-04T17:20:00+00:00,15999.6,16000.2,15999.25,15999.55,15999.5,15999.7,16000.1,16000.3,15999.1,15999.4,15999.4,15999.7,0.3,394.8000071
2026-06-04T17:30:00+00:00,15999.5,15999.55,15997.1,15998.8,15999.4,15999.6,15999.4,15999.7,15996.9,15997.3,15998.6,15999,0.4,485.0300074
2026-06-04T17:40:00+00:00,15998.75,15998.9,15997.9,15998.1,15998.6,15998.9,15998.7,15999.1,15997.7,15998.1,15997.9,15998.3,0.4,141.1500032
2026-06-04T17:50:00+00:00,15998.15,15999.45,15997.9,15999.45,15997.9,15998.4,15999.3,15999.6,15997.7,15998.1,15999.3,15999.6,0.3,414.9000067
2026-06-04T18:00:00+00:00,15999.5,15999.8,15997.45,15998.15,15999.4,15999.6,15999.7,15999.9,15997.3,15997.6,15998,15998.3,0.3,501.260011
2026-06-04T18:10:00+00:00,15998.05,15999,15997,15998.05,15997.9,15998.2,15998.8,15999.2,15996.8,15997.2,15997.9,15998.2,0.3,347.5500069
2026-06-04T18:20:00+00:00,15998.1,15999.8,15998,15999.55,15997.9,15998.3,15999.6,16000,15997.8,15998.2,15999.3,15999.8,0.5,495.6000065
2026-06-04T18:30:00+00:00,15999.75,16003.1,15999.75,16001.6,15999.6,15999.9,16002.8,16003.4,15999.6,15999.9,16001.4,16001.8,0.4,1127.96002
2026-06-04T18:40:00+00:00,16001.65,16002.2,16000.8,16001.95,16001.5,16001.8,16001.9,16002.5,16000.6,16001,16001.8,16002.1,0.3,903.6900127
2026-06-04T18:50:00+00:00,16001.9,16003.4,16001.9,16002.85,16001.7,16002.1,16003.2,16003.6,16001.7,16002.1,16002.6,16003.1,0.5,1823.580024
2026-06-04T19:00:00+00:00,16002.9,16003.3,16001.9,16002.55,16002.7,16003.1,16003.1,16003.5,16001.7,16002.1,16002.3,16002.8,0.5,1252.700013
2026-06-04T19:10:00+00:00,16002.6,16003.1,16001.95,16002.45,16002.3,16002.9,16002.9,16003.3,16001.7,16002.2,16002.2,16002.7,0.5,549.4600065
2026-06-04T19:20:00+00:00,16002.5,16003,16001.95,16002.75,16002.2,16002.8,16002.8,16003.2,16001.7,16002.2,16002.5,16003,0.5,759.9800091
2026-06-04T19:30:00+00:00,16002.7,16002.95,16000.8,16002,16002.5,16002.9,16002.6,16003.3,16000.6,16001,16001.7,16002.3,0.6,793.2900128
2026-06-04T19:40:00+00:00,16002.1,16002.35,16001.7,16001.7,16001.7,16002.5,16002.1,16002.6,16001.5,16001.9,16001.5,16001.9,0.4,479.7000076
2026-06-04T19:50:00+00:00,16001.65,16002.25,16000.7,16001.55,16001.4,16001.9,16002,16002.5,16000.5,16000.9,16001.3,16001.8,0.5,1292.470019
2026-06-04T20:00:00+00:00,16001.6,16002.4,16000.8,16002.4,16001.3,16001.9,16002.1,16002.7,16000.6,16001,16002.1,16002.7,0.6,1165.200014
2026-06-04T20:10:00+00:00,16002.3,16003,16002.1,16002.65,16002,16002.6,16002.7,16003.3,16001.8,16002.4,16002.4,16002.9,0.5,311.860007
2026-06-04T20:20:00+00:00,16002.7,16004.3,16002.7,16004.05,16002.4,16003,16004.1,16004.5,16002.4,16003,16003.8,16004.3,0.5,270.6100041
2026-06-04T20:30:00+00:00,16004.15,16004.4,16002.8,16002.8,16003.9,16004.4,16004.1,16004.7,16002.5,16003.1,16002.5,16003.1,0.6,266.3200046
2026-06-04T20:40:00+00:00,16002.7,16004.2,16002.7,16003.85,16002.4,16003,16003.9,16004.5,16002.4,16003,16003.6,16004.1,0.5,852.3800106
2026-06-04T20:50:00+00:00,16003.75,16003.75,16001.9,16002.45,16003.5,16004,16003.5,16004,16001.4,16002.4,16001.4,16003.5,2.1,693.4400074
2026-06-04T21:00:00+00:00,16002.4,16005.1,16001.55,16003.15,16001.3,16003.5,16001.4,16008.8,15999.6,16003.5,16001.1,16005.2,4.1,69.09999956
2026-06-04T21:10:00+00:00,16003.15,16003.15,16002.45,16002.5,16001.2,16005.1,16001.2,16005.1,16001.1,16003.8,16001.2,16003.8,2.6,24.5999999
2026-06-04T21:20:00+00:00,16002.65,16002.7,16002.2,16002.2,16001.2,16004.1,16001.2,16004.2,16000.7,16003.7,16000.7,16003.7,3,100.5000037
2026-06-04T21:30:00+00:00,16002.25,16002.3,16001.55,16001.75,16000.8,16003.7,16000.9,16003.7,16000,16003.1,16000.3,16003.2,2.9,255.0000067
2026-06-04T21:40:00+00:00,16002.05,16002.25,15995.8,15998.4,16001,16003.1,16001,16003.5,15993.2,15998.4,15996.7,16000.1,3.4,544.7200106
2026-06-04T21:50:00+00:00,15998.6,15999.7,15996.3,15998.4,15996.8,16000.4,15996.8,16002.6,15994.1,15998.5,15996.7,16000.1,3.4,309.7500067
2026-06-04T22:00:00+00:00,15997.7,16000.4,15996.75,15999.85,15995.4,16000,15999.6,16001.2,15995.4,15998.1,15999.4,16000.3,0.9,341.9900009
2026-06-04T22:10:00+00:00,15999.95,16001.5,15999.55,15999.8,15999.5,16000.4,16001.1,16001.9,15999.2,15999.9,15999.4,16000.2,0.8,203.830004
2026-06-04T22:20:00+00:00,16000,16001,15998.4,15998.5,15999.6,16000.4,16000.6,16001.4,15998,15998.8,15998.1,15998.9,0.8,152.6200041
2026-06-04T22:30:00+00:00,15998.75,16000.1,15998.4,16000.1,15998.4,15999.1,15999.7,16000.5,15998,15998.8,15999.7,16000.5,0.8,244.1700035
2026-06-04T22:40:00+00:00,16000,16002.5,15999.95,16000.95,15999.6,16000.4,16002.2,16002.8,15999.5,16000.4,16000.6,16001.3,0.7,268.9300042
2026-06-04T22:50:00+00:00,16000.7,16001.05,15999.75,16000.2,16000.5,16000.9,16000.7,16001.4,15999.3,16000.2,15999.7,16000.7,1,618.880008
2026-06-04T23:00:00+00:00,16000.55,16001.3,15999.95,16000.75,16000.3,16000.8,16000.9,16001.7,15999.6,16000.3,16000.4,16001.1,0.7,836.8400148
2026-06-04T23:10:00+00:00,16000.7,16000.85,15998.25,15998.25,16000.4,16001,16000.6,16001.1,15997.9,15998.6,15997.9,15998.6,0.7,607.7300079
2026-06-04T23:20:00+00:00,15998,15998.8,15997.35,15998.05,15997.7,15998.3,15998.5,15999.1,15997.1,15997.6,15997.7,15998.4,0.7,393.4000047
2026-06-04T23:30:00+00:00,15998,16000.65,15997.9,15999.75,15997.6,15998.4,16000.4,16000.9,15997.6,15998.2,15999.5,16000,0.5,333.7400051
2026-06-04T23:40:00+00:00,15999.8,16000.3,15998.45,15998.55,15999.5,16000.1,16000.1,16000.5,15998.2,15998.7,15998.3,15998.8,0.5,327.3600044
2026-06-04T23:50:00+00:00,15998.6,15999.8,15998.2,15999.7,15998.3,15998.9,15999.6,16000,15998,15998.4,15999.5,15999.9,0.4,517.2700064
2026-06-05T00:00:00+00:00,15999.55,16000.8,15997.15,15999.3,15999.3,15999.8,16000.6,16001,15996.9,15997.4,15999,15999.6,0.6,1721.390025
2026-06-05T00:10:00+00:00,15998.7,16000.05,15998.15,15999,15998.5,15998.9,15999.8,16000.3,15997.9,15998.4,15998.8,15999.2,0.4,1567.330026
2026-06-05T00:20:00+00:00,15999.05,15999.35,15997.35,15997.8,15998.9,15999.2,15999.2,15999.5,15997.2,15997.5,15997.6,15998,0.4,571.200011
2026-06-05T00:30:00+00:00,15998.2,15998.35,15996.05,15996.35,15998,15998.4,15998.2,15998.5,15995.9,15996.2,15996.2,15996.5,0.3,493.570008
2026-06-05T00:40:00+00:00,15996.5,15997.8,15994.5,15994.5,15996.3,15996.7,15997.6,15998,15994.3,15994.7,15994.3,15994.7,0.4,402.9000092
2026-06-05T00:50:00+00:00,15994.6,15997.65,15994.55,15996.05,15994.2,15995,15997.5,15997.8,15994.2,15994.9,15995.9,15996.2,0.3,1532.460031
2026-06-05T01:00:00+00:00,15996,15997.25,15989.95,15992.45,15995.8,15996.2,15997.1,15997.4,15989.8,15990.1,15992.2,15992.7,0.5,1465.27002
2026-06-05T01:10:00+00:00,15992.45,15993.8,15992.1,15992.8,15992.2,15992.7,15993.6,15994,15991.8,15992.4,15992.6,15993,0.4,1509.520023
2026-06-05T01:20:00+00:00,15992.7,15996.45,15992.7,15995.5,15992.5,15992.9,15996.2,15996.7,15992.5,15992.9,15995.2,15995.8,0.6,1788.600022
2026-06-05T01:30:00+00:00,15995.45,15995.8,15993.35,15994.9,15995.2,15995.7,15995.6,15996,15993.1,15993.6,15994.6,15995.2,0.6,1681.420019
2026-06-05T01:40:00+00:00,15994.9,15995.85,15994.4,15995.4,15994.5,15995.3,15995.6,15996.1,15994.1,15994.7,15995.1,15995.7,0.6,2626.950024
2026-06-05T01:50:00+00:00,15995.35,15996.6,15994.9,15996.2,15995.1,15995.6,15996.3,15996.9,15994.6,15995.2,15995.8,15996.6,0.8,1047.000012
2026-06-05T02:00:00+00:00,15996.1,15996.9,15994.35,15994.65,15995.8,15996.4,15996.6,15997.2,15994.1,15994.6,15994.4,15994.9,0.5,777.1500138
2026-06-05T02:10:00+00:00,15994.55,15997.3,15993.95,15996.35,15994.4,15994.7,15997.1,15997.5,15993.7,15994.2,15996.1,15996.6,0.5,368.7000061
2026-06-05T02:20:00+00:00,15996.3,15996.85,15995.55,15996.75,15996,15996.6,15996.6,15997.1,15995.3,15995.8,15996.5,15997,0.5,331.5000048
2026-06-05T02:30:00+00:00,15996.8,15997.65,15995.8,15996.05,15996.6,15997,15997.5,15997.8,15995.5,15996.1,15995.8,15996.3,0.5,368.1000056
2026-06-05T02:40:00+00:00,15996.2,15997.3,15995.85,15996.35,15996.1,15996.3,15997.1,15997.5,15995.6,15996.1,15996,15996.7,0.7,419.4000084
2026-06-05T02:50:00+00:00,15996.25,15997.6,15995.3,15997.5,15995.9,15996.6,15997.4,15997.8,15995.1,15995.5,15997.2,15997.8,0.6,568.3500096
2026-06-05T03:00:00+00:00,15997.65,15999.3,15997.25,15997.95,15997.3,15998,15999.1,15999.5,15997.1,15997.4,15997.7,15998.2,0.5,1015.800017
2026-06-05T03:10:00+00:00,15998.1,15998.45,15996.95,15997.9,15997.9,15998.3,15998.3,15998.6,15996.8,15997.1,15997.7,15998.1,0.4,763.2000141
2026-06-05T03:20:00+00:00,15997.95,15998.75,15996.65,15996.95,15997.8,15998.1,15998.5,15999,15996.5,15996.8,15996.7,15997.2,0.5,395.8500072
2026-06-05T03:30:00+00:00,15997.25,15997.35,15995.45,15995.6,15996.9,15997.6,15997.1,15997.6,15995.3,15995.6,15995.5,15995.7,0.2,252.7500025
2026-06-05T03:40:00+00:00,15995.55,15996.2,15994.55,15995.4,15995.4,15995.7,15996,15996.4,15994.3,15994.8,15995.1,15995.7,0.6,543.9000089
2026-06-05T03:50:00+00:00,15995.45,15996.65,15995.25,15995.85,15995.3,15995.6,15996.5,15996.8,15995.1,15995.4,15995.6,15996.1,0.5,462.4500051
2026-06-05T04:00:00+00:00,15995.75,15996.05,15994.5,15995.55,15995.5,15996,15995.8,15996.3,15994.2,15994.8,15995.3,15995.8,0.5,538.9400113
2026-06-05T04:10:00+00:00,15995.35,15996,15994.4,15995.95,15995.1,15995.6,15995.8,15996.2,15994.2,15994.6,15995.7,15996.2,0.5,550.2000097
2026-06-05T04:20:00+00:00,15996,15996.25,15995.85,15996.25,15995.8,15996.2,15996,15996.5,15995.7,15996,15996,15996.5,0.5,126.0000038
2026-06-05T04:30:00+00:00,15996.15,15997.05,15995.8,15996.4,15995.9,15996.4,15996.8,15997.3,15995.5,15996.1,15996.1,15996.7,0.6,466.6500069
2026-06-05T04:40:00+00:00,15996.15,15996.65,15995.9,15996.05,15995.9,15996.4,15996.4,15996.9,15995.7,15996.1,15995.9,15996.2,0.3,412.570006
2026-06-05T04:50:00+00:00,15996.1,15996.35,15995.6,15996.2,15996,15996.2,15996.1,15996.6,15995.3,15995.9,15995.9,15996.5,0.6,555.3000063
2026-06-05T05:00:00+00:00,15996.3,15997.1,15995.7,15996.2,15996,15996.6,15996.9,15997.3,15995.5,15995.9,15995.9,15996.5,0.6,831.6000133
2026-06-05T05:10:00+00:00,15996.25,15997.05,15994.95,15995.7,15996,15996.5,15996.8,15997.3,15994.9,15995,15995.5,15995.9,0.4,349.5000041
2026-06-05T05:20:00+00:00,15995.45,15995.8,15992.15,15993.35,15995.2,15995.7,15995.7,15995.9,15992,15992.3,15993.1,15993.6,0.5,718.860015
2026-06-05T05:30:00+00:00,15993.5,15993.9,15991.9,15993.65,15993.3,15993.7,15993.7,15994.1,15991.7,15992.1,15993.4,15993.9,0.5,552.7500139
2026-06-05T05:40:00+00:00,15993.6,15994.9,15993.4,15993.75,15993.3,15993.9,15994.8,15995,15993.3,15993.5,15993.6,15993.9,0.3,273.1500069
2026-06-05T05:50:00+00:00,15993.9,15996.4,15993.85,15996.35,15993.7,15994.1,15996.2,15996.6,15993.7,15994,15996.2,15996.5,0.3,404.4000069
2026-06-05T06:00:00+00:00,15996.45,15997,15994.65,15996.1,15996.3,15996.6,15996.8,15997.2,15994.4,15994.9,15995.9,15996.3,0.4,1253.470016
2026-06-05T06:10:00+00:00,15996.2,15997.35,15995.6,15996,15996,15996.4,15997.2,15997.5,15995.4,15995.8,15995.9,15996.1,0.2,552.8200105
2026-06-05T06:20:00+00:00,15996.1,15996.45,15994.65,15994.85,15995.9,15996.3,15996.2,15996.7,15994.5,15994.8,15994.8,15994.9,0.1,638.2500089
2026-06-05T06:30:00+00:00,15994.9,15996.45,15994.4,15995.8,15994.8,15995,15996.2,15996.7,15994.2,15994.6,15995.6,15996,0.4,1348.180022
2026-06-05T06:40:00+00:00,15995.7,15995.8,15994,15994.6,15995.5,15995.9,15995.6,15996,15993.8,15994.2,15994.4,15994.8,0.4,1541.04002
2026-06-05T06:50:00+00:00,15994.35,15995.1,15992.65,15994,15994.3,15994.4,15995,15995.2,15992.4,15992.9,15993.8,15994.2,0.4,853.6000127
2026-06-05T07:00:00+00:00,15994.1,15994.5,15992.75,15993.5,15993.9,15994.3,15994.3,15994.7,15992.6,15992.9,15993.3,15993.7,0.4,952.3800119
2026-06-05T07:10:00+00:00,15993.35,15994.05,15992.8,15993.1,15993.2,15993.5,15993.9,15994.2,15992.6,15993,15992.9,15993.3,0.4,1081.800013
2026-06-05T07:20:00+00:00,15993.2,15993.9,15991.2,15991.65,15993.1,15993.3,15993.7,15994.1,15991,15991.4,15991.5,15991.8,0.3,1759.120034
2026-06-05T07:30:00+00:00,15991.75,15992.25,15991,15991.45,15991.6,15991.9,15992.1,15992.4,15990.8,15991.2,15991.3,15991.6,0.3,1384.680012
2026-06-05T07:40:00+00:00,15991.5,15993,15991.05,15992.1,15991.4,15991.6,15992.8,15993.2,15990.9,15991.2,15991.9,15992.3,0.4,1653.450029
2026-06-05T07:50:00+00:00,15992.15,15995.35,15991.35,15995.15,15991.9,15992.4,15995.2,15995.5,15991.2,15991.5,15995,15995.3,0.3,2379.970034
2026-06-05T08:00:00+00:00,15995.2,15995.25,15992.6,15993.6,15994.9,15995.5,15995,15995.5,15992.4,15992.8,15993.5,15993.7,0.2,1200.33002
2026-06-05T08:10:00+00:00,15993.55,15993.85,15992.4,15993.4,15993.5,15993.6,15993.7,15994,15992.3,15992.5,15993.2,15993.6,0.4,444.1500084
2026-06-05T08:20:00+00:00,15993.45,15994.1,15992.7,15993.2,15993.3,15993.6,15993.9,15994.3,15992.5,15992.9,15993,15993.4,0.4,730.090009
2026-06-05T08:30:00+00:00,15993.25,15994.05,15992.5,15993.25,15993.1,15993.4,15993.9,15994.2,15992.2,15992.8,15993.1,15993.4,0.3,770.8100109
2026-06-05T08:40:00+00:00,15993.2,15993.8,15992.5,15993.35,15993,15993.4,15993.5,15994.1,15992.3,15992.7,15993.2,15993.5,0.3,428.6600075
2026-06-05T08:50:00+00:00,15993.45,15995.35,15993.35,15994.8,15993.3,15993.6,15995.2,15995.5,15993.2,15993.5,15994.5,15995.1,0.6,532.5600095
2026-06-05T09:00:00+00:00,15994.9,15995.9,15993.95,15994.3,15994.7,15995.1,15995.7,15996.1,15993.8,15994.1,15994,15994.6,0.6,676.8700103
2026-06-05T09:10:00+00:00,15994.2,15994.8,15989.5,15990.2,15994,15994.4,15994.7,15994.9,15989.3,15989.7,15990,15990.4,0.4,3634.080038
2026-06-05T09:20:00+00:00,15990.15,15993.05,15990.05,15992.7,15990,15990.3,15992.9,15993.2,15989.8,15990.3,15992.5,15992.9,0.4,1442.660021
2026-06-05T09:30:00+00:00,15992.7,15992.7,15990.55,15992.05,15992.5,15992.9,15992.5,15992.9,15990.4,15990.7,15991.9,15992.2,0.3,605.9200096
2026-06-05T09:40:00+00:00,15991.85,15995.1,15991.7,15994.3,15991.8,15991.9,15994.9,15995.3,15991.6,15991.8,15994.1,15994.5,0.4,529.6500103
2026-06-05T09:50:00+00:00,15994.3,15995,15993.6,15994.35,15994.1,15994.5,15994.8,15995.2,15993.5,15993.7,15994.2,15994.5,0.3,633.5300112
2026-06-05T10:00:00+00:00,15994.3,15995.1,15993.8,15994.65,15994.2,15994.4,15994.9,15995.3,15993.6,15994,15994.5,15994.8,0.3,307.8800055
2026-06-05T10:10:00+00:00,15994.55,15994.7,15992.55,15992.7,15994.5,15994.6,15994.5,15994.9,15992.3,15992.8,15992.6,15992.8,0.2,372.6000057
2026-06-05T10:20:00+00:00,15992.85,15992.9,15991.3,15991.45,15992.7,15993,15992.7,15993.1,15991.2,15991.4,15991.3,15991.6,0.3,537.0000113
2026-06-05T10:30:00+00:00,15991.5,15992.3,15990.65,15992.2,15991.3,15991.7,15992.2,15992.4,15990.5,15990.8,15992,15992.4,0.4,585.3000114
2026-06-05T10:40:00+00:00,15992.25,15993.3,15992.1,15993.2,15992.1,15992.4,15993.1,15993.5,15991.9,15992.3,15993,15993.4,0.4,431.7100078
2026-06-05T10:50:00+00:00,15993.3,15993.55,15990.6,15991.1,15993.1,15993.5,15993.4,15993.7,15990.4,15990.8,15990.9,15991.3,0.4,583.810009
2026-06-05T11:00:00+00:00,15991.25,15992,15989.65,15990.4,15991.1,15991.4,15991.8,15992.2,15989.5,15989.8,15990.2,15990.6,0.4,1552.330018
2026-06-05T11:10:00+00:00,15990.45,15992.25,15990.35,15991.65,15990.3,15990.6,15992,15992.5,15990.2,15990.5,15991.5,15991.8,0.3,1736.56002
2026-06-05T11:20:00+00:00,15991.7,15993,15989.55,15990.15,15991.5,15991.9,15992.9,15993.1,15989.4,15989.7,15990,15990.3,0.3,1724.690019
2026-06-05T11:30:00+00:00,15990.25,15991.75,15988.3,15989.35,15990.1,15990.4,15991.6,15991.9,15988.1,15988.5,15989.2,15989.5,0.3,1106.740018
2026-06-05T11:40:00+00:00,15989.3,15989.45,15985.6,15985.7,15989.2,15989.4,15989.2,15989.7,15985.5,15985.7,15985.6,15985.8,0.2,2361.230007
2026-06-05T11:50:00+00:00,15985.75,15986,15983.25,15984.65,15985.6,15985.9,15985.7,15986.3,15983,15983.5,15984.4,15984.9,0.5,2449.420022
2026-06-05T12:00:00+00:00,15984.6,15987.25,15983.7,15985.75,15984.4,15984.8,15987,15987.5,15983.4,15984,15985.6,15985.9,0.3,3179.880036
2026-06-05T12:10:00+00:00,15985.65,15990.15,15984.8,15988.45,15985.5,15985.8,15989.9,15990.4,15984.6,15985,15988.2,15988.7,0.5,3356.610038
2026-06-05T12:20:00+00:00,15988.6,15990.35,15988.05,15989.75,15988.4,15988.8,15989.9,15990.8,15987.8,15988.3,15988.7,15990.8,2.1,1523.960019
2026-06-05T12:30:00+00:00,15989.85,16004.4,15989.15,15999.3,15988.7,15991,16004.2,16004.6,15988.5,15989.8,15999,15999.6,0.6,8732.260145
2026-06-05T12:40:00+00:00,15999.4,16004.9,15998.7,16004.9,15999.2,15999.6,16004.7,16005.1,15998.4,15999,16004.7,16005.1,0.4,5547.820064
2026-06-05T12:50:00+00:00,16004.8,16022.15,16004.75,16021.4,16004.6,16005,16021.9,16022.4,16004.6,16004.9,16021.2,16021.6,0.4,7186.540094
2026-06-05T13:00:00+00:00,16021.65,16026.45,15972.9,16001.2,16021.6,16021.7,16026.2,16026.7,15972.6,15973.2,16000.8,16001.6,0.8,14491.31021
2026-06-05T13:10:00+00:00,16001.25,16008.5,15998.35,16007.4,16000.9,16001.6,16008.2,16008.8,15998.1,15998.6,16007.1,16007.7,0.6,6751.750093
2026-06-05T13:20:00+00:00,16007.55,16017.25,16005.5,16016.3,16007.3,16007.8,16017,16017.5,16005.3,16005.7,16016,16016.6,0.6,6545.360092
2026-06-05T13:30:00+00:00,16016.35,16017.65,16013.9,16016.6,16016.1,16016.6,16017.3,16018,16013.6,16014.2,16016.2,16017,0.8,6739.230092
2026-06-05T13:40:00+00:00,16016.55,16018.05,15994.4,16008.9,16016.2,16016.9,16017.9,16018.2,15994.1,15994.7,16008.7,16009.1,0.4,7330.860102
2026-06-05T13:50:00+00:00,16009,16015,16008.65,16014.7,16008.7,16009.3,16014.8,16015.2,16008.4,16008.9,16014.5,16014.9,0.4,7290.700119
2026-06-05T14:00:00+00:00,16014.8,16017.9,16006.25,16014.8,16014.6,16015,16017.7,16018.1,16006,16006.5,16014.5,16015.1,0.6,8420.890139
2026-06-05T14:10:00+00:00,16014.9,16022.75,16013.6,16021.4,16014.6,16015.2,16022.5,16023,16013.3,16013.9,16021.2,16021.6,0.4,4555.860061
2026-06-05T14:20:00+00:00,16021.2,16023.75,16018.05,16019.1,16021,16021.4,16023.5,16024,16017.9,16018.2,16018.9,16019.3,0.4,4132.500058
2026-06-05T14:30:00+00:00,16019,16024.05,16016.65,16023.5,16018.8,16019.2,16023.9,16024.2,16016.5,16016.8,16023.3,16023.7,0.4,2604.910039
2026-06-05T14:40:00+00:00,16023.6,16028,16018.35,16021.7,16023.4,16023.8,16027.8,16028.2,16018.2,16018.5,16021.4,16022,0.6,3329.450045
2026-06-05T14:50:00+00:00,16021.8,16027.45,16021.55,16027.1,16021.6,16022,16027.3,16027.6,16021.3,16021.8,16026.9,16027.3,0.4,3672.180054
2026-06-05T15:00:00+00:00,16027.15,16028.95,16025.2,16027.9,16027,16027.3,16028.8,16029.1,16025,16025.4,16027.6,16028.2,0.6,2751.310039
2026-06-05T15:10:00+00:00,16028.05,16029,16023.1,16027.3,16027.8,16028.3,16028.7,16029.3,16022.9,16023.3,16027.1,16027.5,0.4,4667.870055
2026-06-05T15:20:00+00:00,16027.25,16029.05,16025.15,16026,16027,16027.5,16028.8,16029.3,16025.1,16025.2,16025.7,16026.3,0.6,4909.410058
2026-06-05T15:30:00+00:00,16026,16029.8,16025.1,16029.6,16025.7,16026.3,16029.6,16030,16025,16025.2,16029.4,16029.8,0.4,2388.50004
2026-06-05T15:40:00+00:00,16029.9,16030,16026.8,16026.95,16029.6,16030.2,16029.8,16030.2,16026.6,16027,16026.8,16027.1,0.3,1425.750027
2026-06-05T15:50:00+00:00,16026.9,16028.5,16021.2,16026.45,16026.7,16027.1,16028.3,16028.7,16021.1,16021.3,16026.3,16026.6,0.3,1573.250035
2026-06-05T16:00:00+00:00,16026.5,16028.05,16024.3,16026.6,16026.3,16026.7,16027.8,16028.3,16024.1,16024.5,16026.3,16026.9,0.6,2600.910038
2026-06-05T16:10:00+00:00,16026.65,16032.65,16025.85,16030.55,16026.3,16027,16032.4,16032.9,16025.6,16026.1,16030.3,16030.8,0.5,2487.720043
2026-06-05T16:20:00+00:00,16030.4,16031.35,16027.2,16029.55,16030.2,16030.6,16031.2,16031.5,16027,16027.4,16029.4,16029.7,0.3,2279.820043
2026-06-05T16:30:00+00:00,16029.6,16032.4,16029.3,16031.85,16029.4,16029.8,16032.1,16032.7,16029.1,16029.5,16031.6,16032.1,0.5,1290.300027
2026-06-05T16:40:00+00:00,16031.8,16034.35,16030.35,16030.85,16031.6,16032,16034.2,16034.5,16030.1,16030.6,16030.6,16031.1,0.5,1895.320029
2026-06-05T16:50:00+00:00,16030.8,16031,16024.8,16027.95,16030.6,16031,16030.8,16031.2,16024.6,16025,16027.8,16028.1,0.3,1526.240025
2026-06-05T17:00:00+00:00,16027.8,16029.65,16027.1,16029.35,16027.7,16027.9,16029.5,16029.8,16027,16027.2,16029.2,16029.5,0.3,1407.070029
2026-06-05T17:10:00+00:00,16029.3,16031.85,16029.15,16030.5,16029.1,16029.5,16031.8,16031.9,16029,16029.3,16030.3,16030.7,0.4,845.690015
2026-06-05T17:20:00+00:00,16030.45,16031.8,16029.3,16031,16030.3,16030.6,16031.6,16032,16029.1,16029.5,16030.8,16031.2,0.4,1156.320024
2026-06-05T17:30:00+00:00,16031.4,16033.45,16030.95,16033,16031.3,16031.5,16033.2,16033.7,16030.8,16031.1,16032.8,16033.2,0.4,702.7200149
2026-06-05T17:40:00+00:00,16032.9,16034.15,16031.6,16033.3,16032.8,16033,16034,16034.3,16031.4,16031.8,16033.1,16033.5,0.4,696.6500127
2026-06-05T17:50:00+00:00,16033.35,16033.4,16031.25,16032.1,16033.1,16033.6,16033.2,16033.6,16031,16031.5,16031.9,16032.3,0.4,914.4000105
2026-06-05T18:00:00+00:00,16031.95,16034.05,16031.25,16032.7,16031.8,16032.1,16033.9,16034.2,16031.1,16031.4,16032.5,16032.9,0.4,1121.600015
2026-06-05T18:10:00+00:00,16032.8,16033.45,16026.95,16026.95,16032.6,16033,16033.3,16033.6,16026.8,16027.1,16026.8,16027.1,0.3,1084.030024
2026-06-05T18:20:00+00:00,16027.1,16027.95,16020.5,16024.15,16027,16027.2,16027.8,16028.1,16020.3,16020.7,16024,16024.3,0.3,2135.710035
2026-06-05T18:30:00+00:00,16024.3,16024.4,16009.1,16014.8,16024.1,16024.5,16024.2,16024.6,16008.9,16009.3,16014.6,16015,0.4,1656.170034
2026-06-05T18:40:00+00:00,16014.65,16018.8,16012.2,16013.6,16014.5,16014.8,16018.6,16019,16012.1,16012.3,16013.3,16013.9,0.6,1765.460032
2026-06-05T18:50:00+00:00,16013.85,16017.6,16011.25,16016.55,16013.6,16014.1,16017.4,16017.8,16011.1,16011.4,16016.3,16016.8,0.5,2016.770038
2026-06-05T19:00:00+00:00,16016.6,16018.15,16011.8,16016.15,16016.3,16016.9,16018,16018.3,16011.6,16012,16016,16016.3,0.3,1577.180031
2026-06-05T19:10:00+00:00,16016.2,16019.15,16015.3,16017.95,16016.1,16016.3,16018.9,16019.4,16015.2,16015.4,16017.8,16018.1,0.3,1657.98003
2026-06-05T19:20:00+00:00,16017.9,16019.45,16015.25,16019,16017.7,16018.1,16019.2,16019.7,16015.1,16015.4,16018.9,16019.1,0.2,1183.820019
2026-06-05T19:30:00+00:00,16018.85,16019.5,16017.95,16018.5,16018.7,16019,16019.3,16019.7,16017.7,16018.2,16018.3,16018.7,0.4,614.4500144
2026-06-05T19:40:00+00:00,16018.55,16020.35,16017.75,16018.95,16018.3,16018.8,16020.2,16020.5,16017.6,16017.9,16018.8,16019.1,0.3,831.4400167
2026-06-05T19:50:00+00:00,16018.9,16020.9,16018.05,16018.5,16018.7,16019.1,16020.7,16021.1,16017.8,16018.3,16018.3,16018.7,0.4,828.2700163
2026-06-05T20:00:00+00:00,16018.5,16024.5,16017.85,16022.95,16018.4,16018.6,16024.2,16024.8,16017.7,16018,16022.6,16023.3,0.7,1417.600026
2026-06-05T20:10:00+00:00,16023.05,16024.15,16020.45,16021.85,16022.8,16023.3,16023.9,16024.4,16020.1,16020.8,16021.6,16022.1,0.5,422.9700102
2026-06-05T20:20:00+00:00,16021.75,16022.1,16019.85,16020.35,16021.5,16022,16021.8,16022.4,16019.6,16020.1,16020.1,16020.6,0.5,739.0400164
2026-06-05T20:30:00+00:00,16020.4,16021.3,16019.25,16021.2,16020.2,16020.6,16021,16021.6,16019.1,16019.4,16020.9,16021.5,0.6,711.2500192
2026-06-05T20:40:00+00:00,16021.35,16024.7,16021.3,16023,16021.1,16021.6,16024.2,16025.2,16021,16021.6,16022.5,16023.5,1,1145.00002
2026-06-05T20:50:00+00:00,16022.9,16033.7,16021.15,16030.55,16022.4,16023.4,16032.7,16034.7,16020.6,16021.7,16028,16033.1,5.1,2579.780041
2026-06-07T21:00:00+00:00,16028.85,16030.7,16024.35,16026.85,16021.1,16036.6,16024.6,16036.8,16016.3,16032.4,16020.9,16032.8,11.9,284.090004
2026-06-07T21:10:00+00:00,16026.65,16029.4,16024.5,16028.85,16020.8,16032.5,16023.4,16035.4,16018.6,16030.4,16022.6,16035.1,12.5,587.9700085
2026-06-07T21:20:00+00:00,16029.05,16030.55,16024.7,16025.5,16023,16035.1,16024.7,16036.4,16017.8,16031.6,16017.8,16033.2,15.4,320.7300075
2026-06-07T21:30:00+00:00,16025.4,16025.9,16022.45,16022.75,16017.8,16033,16018.8,16033,16017.3,16027.6,16017.5,16028,10.5,468.2900059
2026-06-07T21:40:00+00:00,16022.75,16024.1,16020.6,16023,16017.5,16028,16018.4,16029.8,16016.9,16024.3,16017.7,16028.3,10.6,339.2600041
2026-06-07T21:50:00+00:00,16022.95,16030.05,16022.95,16027.85,16017.7,16028.2,16025,16035.1,16017.7,16028.2,16022.5,16033.2,10.7,230.650001
2026-06-07T22:00:00+00:00,16028.9,16035.35,16026.4,16034.4,16024.6,16033.2,16035,16035.7,16024.4,16028.4,16034.1,16034.7,0.6,663.6899988
2026-06-07T22:10:00+00:00,16034.45,16034.75,16031.45,16033.35,16034.1,16034.8,16034.4,16035.1,16031.1,16031.8,16032.9,16033.8,0.9,798.6000223
2026-06-07T22:20:00+00:00,16033.45,16035.8,16032.35,16034.4,16033.1,16033.8,16035.4,16036.2,16032,16032.7,16034.1,16034.7,0.6,524.7600085
2026-06-07T22:30:00+00:00,16034.1,16034.75,16032.6,16033.35,16033.8,16034.4,16034.4,16035.1,16032.3,16032.9,16033,16033.7,0.7,697.230014
2026-06-07T22:40:00+00:00,16033.4,16034.55,16031,16033.3,16033.1,16033.7,16034.3,16034.8,16030.7,16031.3,16033,16033.6,0.6,1079.010019
2026-06-07T22:50:00+00:00,16033.25,16034.9,16032.35,16033.4,16032.9,16033.6,16034.6,16035.2,16032,16032.7,16033,16033.8,0.8,806.0300099
2026-06-07T23:00:00+00:00,16033.5,16033.8,16030.65,16030.75,16033.1,16033.9,16033.5,16034.1,16030.3,16031,16030.4,16031.1,0.7,582.9400082
2026-06-07T23:10:00+00:00,16030.8,16032.2,16025.05,16025.5,16030.5,16031.1,16031.9,16032.5,16024.9,16025.2,16025.3,16025.7,0.4,748.5700133
2026-06-07T23:20:00+00:00,16025.45,16028.3,16024.1,16027.45,16025.2,16025.7,16028.1,16028.5,16023.9,16024.3,16027.2,16027.7,0.5,1000.25002
2026-06-07T23:30:00+00:00,16027.35,16029.85,16026.25,16029.5,16027,16027.7,16029.6,16030.1,16026,16026.5,16029.3,16029.7,0.4,813.6700149
2026-06-07T23:40:00+00:00,16029.45,16032.75,16029.2,16030.35,16029.3,16029.6,16032.5,16033,16028.9,16029.5,16030.1,16030.6,0.5,460.1400105
2026-06-07T23:50:00+00:00,16030.45,16034.45,16030.1,16033.8,16030.2,16030.7,16034.1,16034.8,16029.7,16030.5,16033.5,16034.1,0.6,1039.960014
2026-06-08T00:00:00+00:00,16033.9,16034.15,16025.6,16029.6,16033.7,16034.1,16033.9,16034.4,16025.3,16025.9,16029.4,16029.8,0.4,2573.580042
2026-06-08T00:10:00+00:00,16029.5,16032.35,16029.1,16029.3,16029.3,16029.7,16032.1,16032.6,16028.8,16029.4,16029.1,16029.5,0.4,660.8800142
2026-06-08T00:20:00+00:00,16029.55,16032.55,16028.3,16030.5,16029.4,16029.7,16032.3,16032.8,16028.1,16028.5,16030.3,16030.7,0.4,1824.730034
2026-06-08T00:30:00+00:00,16030.4,16032.35,16028.8,16030.85,16030.2,16030.6,16032,16032.7,16028.6,16029,16030.5,16031.2,0.7,1565.620023
2026-06-08T00:40:00+00:00,16030.8,16031.35,16024.2,16024.95,16030.6,16031,16031.1,16031.6,16024,16024.4,16024.7,16025.2,0.5,2352.670044
2026-06-08T00:50:00+00:00,16025,16034.6,16024.4,16032.4,16024.8,16025.2,16034.3,16034.9,16024.1,16024.7,16032.2,16032.6,0.4,3253.300054
2026-06-08T01:00:00+00:00,16032.3,16034.05,16029.65,16030.5,16032,16032.6,16033.8,16034.3,16029.4,16029.9,16030.2,16030.8,0.6,1435.540025
2026-06-08T01:10:00+00:00,16030.4,16033.15,16026.65,16028.55,16030.2,16030.6,16032.9,16033.4,16026.4,16026.9,16028.3,16028.8,0.5,3660.570047
2026-06-08T01:20:00+00:00,16028.45,16033.45,16027.85,16032.3,16028.2,16028.7,16033.1,16033.8,16027.6,16028.1,16032.1,16032.5,0.4,2741.640051
2026-06-08T01:30:00+00:00,16032.15,16035.25,16031.75,16034,16032,16032.3,16035,16035.5,16031.6,16031.9,16033.8,16034.2,0.4,2687.350047
2026-06-08T01:40:00+00:00,16033.9,16034,16030.3,16032.5,16033.7,16034.1,16033.8,16034.2,16030.1,16030.5,16032.3,16032.7,0.4,1373.85002
2026-06-08T01:50:00+00:00,16032.6,16034.05,16032.1,16033.4,16032.4,16032.8,16033.9,16034.2,16031.9,16032.3,16033.2,16033.6,0.4,906.3000131
2026-06-08T02:00:00+00:00,16033.3,16035.55,16032.7,16035.45,16033.1,16033.5,16035.4,16035.7,16032.5,16032.9,16035.3,16035.6,0.3,1168.050012
2026-06-08T02:10:00+00:00,16035.55,16036.2,16034.15,16034.65,16035.3,16035.8,16036,16036.4,16034,16034.3,16034.5,16034.8,0.3,751.950011
2026-06-08T02:20:00+00:00,16034.75,16035.75,16034,16035.2,16034.6,16034.9,16035.6,16035.9,16033.8,16034.2,16035,16035.4,0.4,1435.070028
2026-06-08T02:30:00+00:00,16035,16036.2,16034.4,16035.15,16034.9,16035.1,16036,16036.4,16034.2,16034.6,16034.9,16035.4,0.5,843.2900177
2026-06-08T02:40:00+00:00,16035.1,16037.9,16035.1,16037.8,16034.9,16035.3,16037.7,16038.1,16034.9,16035.3,16037.6,16038,0.4,583.87001
2026-06-08T02:50:00+00:00,16037.7,16037.85,16036.45,16037.6,16037.5,16037.9,16037.7,16038,16036.3,16036.6,16037.3,16037.9,0.6,832.8000166
2026-06-08T03:00:00+00:00,16037.65,16039.25,16037.55,16038.2,16037.5,16037.8,16039.1,16039.4,16037.3,16037.8,16038,16038.4,0.4,568.6500101
2026-06-08T03:10:00+00:00,16038.35,16039.4,16038.05,16038.25,16038.2,16038.5,16039.2,16039.6,16037.8,16038.3,16038.1,16038.4,0.3,198.3000047
2026-06-08T03:20:00+00:00,16038.3,16039.2,16037.05,16037.35,16038.1,16038.5,16039,16039.4,16036.9,16037.2,16037.2,16037.5,0.3,332.3600079
2026-06-08T03:30:00+00:00,16037.25,16038.55,16035.75,16035.95,16037.1,16037.4,16038.2,16038.9,16035.6,16035.9,16035.8,16036.1,0.3,276.7500069
2026-06-08T03:40:00+00:00,16035.9,16035.95,16034.1,16034.1,16035.8,16036,16035.8,16036.1,16033.9,16034.3,16033.9,16034.3,0.4,243.600005
2026-06-08T03:50:00+00:00,16034.25,16034.7,16033.95,16034,16034.1,16034.4,16034.5,16034.9,16033.7,16034.2,16033.7,16034.3,0.6,149.7000024
2026-06-08T04:00:00+00:00,16033.9,16034.8,16032.8,16033,16033.7,16034.1,16034.5,16035.1,16032.6,16033,16032.7,16033.3,0.6,581.1000061
2026-06-08T04:10:00+00:00,16033.05,16033.1,16028.95,16030.8,16032.8,16033.3,16032.8,16033.4,16028.7,16029.2,16030.6,16031,0.4,918.660013
2026-06-08T04:20:00+00:00,16030.9,16032.45,16030.65,16032.1,16030.6,16031.2,16032.2,16032.7,16030.3,16031,16032,16032.2,0.2,805.1900082
2026-06-08T04:30:00+00:00,16032.15,16033.85,16031.4,16032.35,16032,16032.3,16033.6,16034.1,16031.2,16031.6,16032,16032.7,0.7,1346.400016
2026-06-08T04:40:00+00:00,16032.25,16034.65,16032.25,16033.85,16032,16032.5,16034.4,16034.9,16032,16032.5,16033.5,16034.2,0.7,312.1500041
2026-06-08T04:50:00+00:00,16034.05,16035.5,16033.55,16034.35,16033.8,16034.3,16035.3,16035.7,16033.3,16033.8,16034.1,16034.6,0.5,573.3700103
2026-06-08T05:00:00+00:00,16034.3,16034.65,16032.1,16033.05,16034.1,16034.5,16034.3,16035,16031.8,16032.4,16032.8,16033.3,0.5,1892.92002
2026-06-08T05:10:00+00:00,16032.9,16034.65,16031.45,16031.75,16032.7,16033.1,16034.3,16035,16031.2,16031.7,16031.5,16032,0.5,1043.170014
2026-06-08T05:20:00+00:00,16031.85,16031.85,16029.3,16030.55,16031.6,16032.1,16031.6,16032.1,16029.1,16029.5,16030.4,16030.7,0.3,858.4400136
2026-06-08T05:30:00+00:00,16030.5,16033.1,16029.75,16031.85,16030.3,16030.7,16032.8,16033.4,16029.5,16030,16031.6,16032.1,0.5,1861.200017
2026-06-08T05:40:00+00:00,16031.9,16033.25,16029.9,16031,16031.7,16032.1,16033,16033.5,16029.6,16030.2,16030.7,16031.3,0.6,1037.470016
2026-06-08T05:50:00+00:00,16030.95,16031,16020.65,16026.3,16030.7,16031.2,16030.7,16031.3,16020.5,16020.8,16026,16026.6,0.6,2932.470047
2026-06-08T06:00:00+00:00,16026.2,16030.35,16025.3,16028.3,16025.9,16026.5,16030.2,16030.5,16025,16025.6,16028.1,16028.5,0.4,2179.64003
2026-06-08T06:10:00+00:00,16028.45,16028.45,16023.05,16024.2,16028.2,16028.7,16028.2,16028.7,16022.8,16023.3,16024,16024.4,0.4,2021.320032
2026-06-08T06:20:00+00:00,16024.1,16034.35,16022.95,16032.45,16023.9,16024.3,16034.2,16034.5,16022.7,16023.2,16032.3,16032.6,0.3,3746.110056
2026-06-08T06:30:00+00:00,16032.35,16032.35,16028.55,16028.95,16032.2,16032.5,16032.2,16032.5,16028.4,16028.7,16028.7,16029.2,0.5,3023.640032
2026-06-08T06:40:00+00:00,16029.1,16029.65,16025.4,16026.55,16029,16029.2,16029.4,16029.9,16025.2,16025.6,16026.4,16026.7,0.3,1501.520025
2026-06-08T06:50:00+00:00,16026.9,16028.55,16026.15,16026.4,16026.8,16027,16028.4,16028.7,16026,16026.3,16026.1,16026.7,0.6,1281.920017
2026-06-08T07:00:00+00:00,16026.35,16026.55,16022.5,16023.15,16026.2,16026.5,16026.3,16026.8,16022.3,16022.7,16022.9,16023.4,0.5,2850.080027
2026-06-08T07:10:00+00:00,16023.1,16023.8,16015.1,16019.85,16022.9,16023.3,16023.5,16024.1,16014.9,16015.3,16019.6,16020.1,0.5,3393.350047
2026-06-08T07:20:00+00:00,16019.95,16023.45,16018.95,16020.65,16019.7,16020.2,16023.3,16023.6,16018.7,16019.2,16020.4,16020.9,0.5,3940.110051
2026-06-08T07:30:00+00:00,16020.55,16022.15,16018,16021.5,16020.4,16020.7,16021.9,16022.4,16017.8,16018.2,16021.3,16021.7,0.4,4935.02004
2026-06-08T07:40:00+00:00,16021.65,16021.8,16017.6,16017.7,16021.5,16021.8,16021.6,16022,16017.4,16017.8,16017.4,16018,0.6,1953.810023
2026-06-08T07:50:00+00:00,16017.65,16022.95,16017.5,16022.9,16017.4,16017.9,16022.7,16023.2,16017.3,16017.7,16022.7,16023.1,0.4,2074.760021
2026-06-08T08:00:00+00:00,16022.85,16023.05,16017.95,16018.3,16022.6,16023.1,16022.8,16023.3,16017.7,16018.2,16018,16018.6,0.6,2057.570027
2026-06-08T08:10:00+00:00,16018.2,16022.3,16017.6,16021.65,16018,16018.4,16022.1,16022.5,16017.4,16017.8,16021.4,16021.9,0.5,3083.020034
2026-06-08T08:20:00+00:00,16021.75,16024.2,16013.45,16015,16021.5,16022,16024,16024.4,16013.3,16013.6,16014.7,16015.3,0.6,2695.960033
2026-06-08T08:30:00+00:00,16014.95,16019.8,16011.55,16019.05,16014.6,16015.3,16019.6,16020,16011.4,16011.7,16018.9,16019.2,0.3,2876.550041
2026-06-08T08:40:00+00:00,16019.1,16021.6,16018.35,16020.6,16018.9,16019.3,16021.4,16021.8,16018.2,16018.5,16020.4,16020.8,0.4,1668.850026
2026-06-08T08:50:00+00:00,16020.35,16020.8,15985.1,16002.55,16020.2,16020.5,16020.6,16021,15984.9,15985.3,16002.4,16002.7,0.3,5061.820101
2026-06-08T09:00:00+00:00,16002.5,16007.55,16002.25,16004.35,16002.4,16002.6,16007.3,16007.8,16002.1,16002.4,16004.2,16004.5,0.3,3560.230061
2026-06-08T09:10:00+00:00,16004.25,16006.8,16001.5,16001.5,16004.1,16004.4,16006.6,16007,16001.3,16001.7,16001.3,16001.7,0.4,4360.340052
2026-06-08T09:20:00+00:00,16001.45,16003.5,15998.5,16001.35,16001.3,16001.6,16003.3,16003.7,15998.3,15998.7,16001.2,16001.5,0.3,2808.50004
2026-06-08T09:30:00+00:00,16001.4,16004.35,15998.3,16000.35,16001.2,16001.6,16004.1,16004.6,15998.1,15998.5,16000,16000.7,0.7,3119.450058
2026-06-08T09:40:00+00:00,16000.4,16001.6,15998.5,16000.15,16000.1,16000.7,16001.3,16001.9,15998.3,15998.7,16000,16000.3,0.3,3997.540043
2026-06-08T09:50:00+00:00,16000.2,16002.6,15999.4,16000.9,16000,16000.4,16002.4,16002.8,15999.2,15999.6,16000.6,16001.2,0.6,2248.590016
2026-06-08T10:00:00+00:00,16001,16003,15998.7,16000.2,16000.8,16001.2,16002.8,16003.2,15998.5,15998.9,16000,16000.4,0.4,1766.300027
2026-06-08T10:10:00+00:00,16000.1,16001.9,15999.8,16001.8,15999.9,16000.3,16001.7,16002.1,15999.6,16000,16001.6,16002,0.4,1232.290015
2026-06-08T10:20:00+00:00,16001.75,16008.3,16001.6,16004.1,16001.5,16002,16008.2,16008.4,16001.4,16001.8,16003.8,16004.4,0.6,1891.340028
2026-06-08T10:30:00+00:00,16004.05,16005.45,15992.95,15999.35,16003.9,16004.2,16005.2,16005.7,15992.8,15993.1,15999.2,15999.5,0.3,4549.820065
2026-06-08T10:40:00+00:00,15999.5,15999.95,15997.3,15998.3,15999.3,15999.7,15999.8,16000.1,15997,15997.6,15998.1,15998.5,0.4,1287.210018
2026-06-08T10:50:00+00:00,15998.4,16001.45,15995.7,16000.65,15998.2,15998.6,16001.3,16001.6,15995.5,15995.9,16000.5,16000.8,0.3,1553.280028
2026-06-08T11:00:00+00:00,16000.15,16001.3,15998.15,15998.9,16000,16000.3,16001.1,16001.5,15997.9,15998.4,15998.7,15999.1,0.4,1070.50002
2026-06-08T11:10:00+00:00,15999,15999.85,15994.5,15994.5,15998.8,15999.2,15999.6,16000.1,15994.3,15994.7,15994.3,15994.7,0.4,7093.800086
2026-06-08T11:20:00+00:00,15994.4,15997.65,15988.65,15995.75,15994.2,15994.6,15997.5,15997.8,15988.4,15988.9,15995.5,15996,0.5,4670.030065
2026-06-08T11:30:00+00:00,15995.35,15998.55,15992.15,15996.95,15995.3,15995.4,15998.4,15998.7,15992,15992.3,15996.8,15997.1,0.3,1656.86003
2026-06-08T11:40:00+00:00,15996.8,15998.4,15994.95,15996.25,15996.6,15997,15998.2,15998.6,15994.8,15995.1,15996.1,15996.4,0.3,2473.270041
2026-06-08T11:50:00+00:00,15996.2,15997.65,15995.85,15997.1,15996.1,15996.3,15997.5,15997.8,15995.7,15996,15996.9,15997.3,0.4,877.6000149
2026-06-08T12:00:00+00:00,15997.05,15997.65,15994.1,15997.05,15996.8,15997.3,15997.5,15997.8,15993.9,15994.3,15996.8,15997.3,0.5,2153.150034
2026-06-08T12:10:00+00:00,15997.15,15998.5,15995.75,15997.65,15996.8,15997.5,15998.3,15998.7,15995.6,15995.9,15997.5,15997.8,0.3,1438.340026
2026-06-08T12:20:00+00:00,15997.7,15998.3,15994.6,15995.75,15997.5,15997.9,15998.1,15998.5,15994.4,15994.8,15995.7,15995.8,0.1,2541.280031
2026-06-08T12:30:00+00:00,15995.85,15997.4,15994.7,15996.8,15995.7,15996,15997.2,15997.6,15994.5,15994.9,15996.7,15996.9,0.2,1464.360018
2026-06-08T12:40:00+00:00,15996.8,15996.8,15991.7,15994.7,15996.6,15997,15996.6,15997,15991.5,15991.9,15994.4,15995,0.6,1922.910033
2026-06-08T12:50:00+00:00,15994.65,15997.1,15994.15,15996,15994.4,15994.9,15997,15997.2,15993.9,15994.4,15995.8,15996.2,0.4,2142.390028
2026-06-08T13:00:00+00:00,15995.95,15997.8,15993.9,15997.75,15995.7,15996.2,15997.7,15997.9,15993.6,15994.2,15997.6,15997.9,0.3,1839.490022
2026-06-08T13:10:00+00:00,15997.8,15999.4,15997.15,15998.35,15997.7,15997.9,15999.2,15999.6,15996.9,15997.4,15998.1,15998.6,0.5,2234.900029
2026-06-08T13:20:00+00:00,15998.3,15998.4,15994.4,15996.35,15998.1,15998.5,15998.2,15998.6,15994.2,15994.6,15996.1,15996.6,0.5,3123.140036
2026-06-08T13:30:00+00:00,15996.25,15997.6,15994.7,15997.15,15996.1,15996.4,15997.4,15997.8,15994.5,15994.9,15997,15997.3,0.3,3149.600045
2026-06-08T13:40:00+00:00,15997.05,16001.75,15996.5,16001.2,15996.9,15997.2,16001.5,16002,15996.4,15996.6,16001,16001.4,0.4,3107.92004
2026-06-08T13:50:00+00:00,16001.2,16003.9,16000.3,16003.5,16001,16001.4,16003.7,16004.1,16000.2,16000.4,16003.3,16003.7,0.4,1851.490024
2026-06-08T14:00:00+00:00,16003.6,16008.75,16003.1,16008.35,16003.4,16003.8,16008.6,16008.9,16002.9,16003.3,16008.1,16008.6,0.5,1546.930022
2026-06-08T14:10:00+00:00,16008.4,16016.35,16007.5,16015,16008.1,16008.7,16016.1,16016.6,16007.4,16007.6,16014.8,16015.2,0.4,2055.130028
2026-06-08T14:20:00+00:00,16015,16020.35,16013.5,16013.9,16014.8,16015.2,16020.2,16020.5,16013.2,16013.8,16013.8,16014,0.2,2905.270039
2026-06-08T14:30:00+00:00,16014.15,16017.1,16010.65,16014.95,16014.1,16014.2,16016.9,16017.3,16010.4,16010.9,16014.8,16015.1,0.3,3176.760058
2026-06-08T14:40:00+00:00,16015.1,16016.35,16012.1,16015.15,16014.9,16015.3,16016.2,16016.5,16011.9,16012.3,16015,16015.3,0.3,1909.570032
2026-06-08T14:50:00+00:00,16015.15,16016.1,16006.85,16007.4,16015,16015.3,16015.9,16016.3,16006.7,16007,16007.2,16007.6,0.4,2417.050037
2026-06-08T15:00:00+00:00,16007.35,16011.65,16005.65,16011.45,16007.2,16007.5,16011.5,16011.8,16005.5,16005.8,16011.3,16011.6,0.3,2817.900039
2026-06-08T15:10:00+00:00,16011.45,16012.1,16005.65,16006.55,16011.3,16011.6,16011.9,16012.3,16005.5,16005.8,16006.4,16006.7,0.3,2259.210037
2026-06-08T15:20:00+00:00,16006.4,16010.9,16004.05,16010.9,16006.2,16006.6,16010.8,16011,16003.8,16004.3,16010.8,16011,0.2,2318.390027
2026-06-08T15:30:00+00:00,16010.65,16014.25,16009.9,16012.2,16010.6,16010.7,16013.9,16014.6,16009.8,16010,16012,16012.4,0.4,2124.700032
2026-06-08T15:40:00+00:00,16012.2,16013.55,16010.45,16012.5,16012,16012.4,16013.3,16013.8,16010.3,16010.6,16012.3,16012.7,0.4,1100.620015
2026-06-08T15:50:00+00:00,16012.45,16012.45,16009.55,16012,16012.3,16012.6,16012.3,16012.6,16009.4,16009.7,16011.8,16012.2,0.4,1072.800013
2026-06-08T16:00:00+00:00,16012.1,16012.2,16008.35,16010.1,16011.8,16012.4,16012,16012.4,16008.3,16008.4,16009.9,16010.3,0.4,1119.100017
2026-06-08T16:10:00+00:00,16010.2,16011.5,16009.6,16010.7,16010,16010.4,16011.3,16011.7,16009.5,16009.7,16010.5,16010.9,0.4,1101.800022
2026-06-08T16:20:00+00:00,16010.65,16012.25,16010.3,16012.15,16010.5,16010.8,16012.1,16012.4,16010.2,16010.4,16012,16012.3,0.3,769.830007
2026-06-08T16:30:00+00:00,16012.1,16012.1,16010.1,16011.9,16011.9,16012.3,16011.9,16012.3,16009.9,16010.3,16011.7,16012.1,0.4,1158.200014
2026-06-08T16:40:00+00:00,16012,16017.05,16011.75,16015,16011.8,16012.2,16016.9,16017.2,16011.5,16012,16014.8,16015.2,0.4,715.1800126
2026-06-08T16:50:00+00:00,16015.05,16016.25,16014.1,16016.15,16014.9,16015.2,16016.1,16016.4,16013.9,16014.3,16016,16016.3,0.3,1829.650031
2026-06-08T17:00:00+00:00,16016.1,16017.7,16014.6,16017.45,16016,16016.2,16017.6,16017.8,16014.4,16014.8,16017.2,16017.7,0.5,2584.150012
2026-06-08T17:10:00+00:00,16017.4,16017.75,16012.35,16014.7,16017.2,16017.6,16017.6,16017.9,16012.2,16012.5,16014.5,16014.9,0.4,1888.52004
2026-06-08T17:20:00+00:00,16014.95,16019.3,16014.7,16017.75,16014.7,16015.2,16019.1,16019.5,16014.5,16014.9,16017.5,16018,0.5,1796.530031
2026-06-08T17:30:00+00:00,16017.6,16020.55,16017.55,16018.75,16017.3,16017.9,16020.4,16020.7,16017.3,16017.8,16018.6,16018.9,0.3,780.6700134
2026-06-08T17:40:00+00:00,16018.8,16018.85,16013.85,16016.1,16018.7,16018.9,16018.7,16019,16013.6,16014.1,16015.9,16016.3,0.4,748.0500124
2026-06-08T17:50:00+00:00,16016,16017.4,16014.95,16016.7,16015.7,16016.3,16017.2,16017.6,16014.7,16015.2,16016.5,16016.9,0.4,788.0200111
2026-06-08T18:00:00+00:00,16016.5,16017.2,16014.15,16015.2,16016.3,16016.7,16016.9,16017.5,16013.9,16014.4,16015,16015.4,0.4,688.9200106
2026-06-08T18:10:00+00:00,16015.2,16016.95,16014.9,16016,16015,16015.4,16016.7,16017.2,16014.7,16015.1,16015.8,16016.2,0.4,600.6500068
2026-06-08T18:20:00+00:00,16016.05,16017,16014.7,16015.65,16015.9,16016.2,16016.8,16017.2,16014.4,16015,16015.4,16015.9,0.5,859.5700123
2026-06-08T18:30:00+00:00,16015.7,16017.05,16014.9,16017,16015.5,16015.9,16016.9,16017.2,16014.7,16015.1,16016.8,16017.2,0.4,347.9000045
2026-06-08T18:40:00+00:00,16016.9,16021.05,16016.85,16021.05,16016.7,16017.1,16020.8,16021.3,16016.6,16017.1,16020.8,16021.3,0.5,297.810003
2026-06-08T18:50:00+00:00,16021.3,16026.95,16021.15,16025.8,16021.1,16021.5,16026.7,16027.2,16021,16021.3,16025.7,16025.9,0.2,1341.090019
2026-06-08T19:00:00+00:00,16026.15,16026.9,16022,16024.65,16026.1,16026.2,16026.7,16027.1,16021.8,16022.2,16024.5,16024.8,0.3,1143.730019
2026-06-08T19:10:00+00:00,16024.7,16024.8,16022.65,16023.35,16024.5,16024.9,16024.6,16025,16022.5,16022.8,16023.1,16023.6,0.5,591.4500116
2026-06-08T19:20:00+00:00,16023.45,16024.85,16023.35,16023.6,16023.4,16023.5,16024.7,16025,16023.2,16023.5,16023.5,16023.7,0.2,609.7500101
2026-06-08T19:30:00+00:00,16023.4,16023.4,16020.9,16022.35,16023.1,16023.7,16023.1,16023.7,16020.6,16021.2,16022.2,16022.5,0.3,1291.950021
2026-06-08T19:40:00+00:00,16022.15,16023.95,16022.1,16022.55,16022,16022.3,16023.8,16024.1,16021.9,16022.3,16022.4,16022.7,0.3,1272.280024
2026-06-08T19:50:00+00:00,16022.25,16024.75,16020.9,16021.5,16022.1,16022.4,16024.6,16024.9,16020.7,16021.1,16021.3,16021.7,0.4,1630.500026
2026-06-08T20:00:00+00:00,16021.45,16022.45,16018.7,16022.05,16021.3,16021.6,16022.2,16022.7,16018.6,16018.8,16021.8,16022.3,0.5,2039.030026
2026-06-08T20:10:00+00:00,16021.95,16022.1,16019.9,16021.05,16021.7,16022.2,16021.8,16022.4,16019.7,16020.1,16020.8,16021.3,0.5,678.8900069
2026-06-08T20:20:00+00:00,16021.1,16021.2,16016.55,16017.3,16020.8,16021.4,16020.9,16021.5,16016.3,16016.8,16017.1,16017.5,0.4,757.84001
2026-06-08T20:30:00+00:00,16017.25,16018.85,16017.15,16018.6,16017,16017.5,16018.6,16019.1,16016.8,16017.5,16018.4,16018.8,0.4,316.5000095
2026-06-08T20:40:00+00:00,16018.55,16018.85,16017.8,16018.1,16018.3,16018.8,16018.5,16019.2,16017.5,16018.1,16017.8,16018.4,0.6,446.5500078
2026-06-08T20:50:00+00:00,16018.2,16019.55,16013.85,16014.35,16017.9,16018.5,16018.9,16020.2,16009.7,16018,16009.9,16018.8,8.9,1236.340011
2026-06-08T21:00:00+00:00,16015.3,16016.55,16013,16015.1,16009.8,16020.8,16011.9,16021.2,16008.5,16017.5,16011.9,16018.3,6.4,63.40000039
2026-06-08T21:10:00+00:00,16015.05,16015.95,16013.95,16014.4,16012,16018.1,16013.5,16018.4,16012,16015.9,16012.9,16015.9,3,97.04999989
2026-06-08T21:20:00+00:00,16015,16015.2,16014.4,16014.4,16013,16017,16013.4,16017,16012.7,16016.1,16012.7,16016.1,3.4,160.650002
2026-06-08T21:30:00+00:00,16014.75,16015.3,16014.2,16015.2,16013.3,16016.2,16013.9,16016.7,16012.4,16016,16013.8,16016.6,2.8,219.9000056
2026-06-08T21:40:00+00:00,16015,16015.45,16014.4,16015.4,16013.8,16016.2,16014.2,16016.7,16012.9,16015.9,16014.2,16016.6,2.4,274.2000102
2026-06-08T21:50:00+00:00,16015.35,16019.1,16013.8,16013.9,16014.1,16016.6,16016.8,16021.4,16012.5,16015.1,16012.7,16015.1,2.4,268.2000058
2026-06-08T22:00:00+00:00,16014,16016.45,16013.4,16013.75,16012.8,16015.2,16015.8,16017.1,16012.8,16014,16013.5,16014,0.5,216.2900001
2026-06-08T22:10:00+00:00,16013.8,16018.55,16013.6,16017.35,16013.6,16014,16018.2,16018.9,16013.3,16013.9,16016.9,16017.8,0.9,652.6000129
2026-06-08T22:20:00+00:00,16017.35,16017.8,16015.2,16016.25,16016.9,16017.8,16017.3,16018.3,16014.8,16015.6,16015.9,16016.6,0.7,451.1400092
2026-06-08T22:30:00+00:00,16016.45,16018.8,16016,16017.75,16015.8,16017.1,16018.4,16019.2,16015.6,16016.4,16017.3,16018.2,0.9,702.9700066
2026-06-08T22:40:00+00:00,16017.7,16018.9,16016.75,16017.5,16017.3,16018.1,16018.6,16019.2,16016.3,16017.2,16017.1,16017.9,0.8,414.6100061
2026-06-08T22:50:00+00:00,16017.55,16018.15,16016.95,16017.75,16017.1,16018,16017.7,16018.6,16016.6,16017.3,16017.4,16018.1,0.7,591.080012
2026-06-08T23:00:00+00:00,16017.7,16018.05,16016.3,16017.65,16017.2,16018.2,16017.6,16018.5,16015.9,16016.7,16017.4,16017.9,0.5,715.1200081
2026-06-08T23:10:00+00:00,16017.3,16019.2,16017.25,16018,16017.1,16017.5,16018.9,16019.5,16017,16017.5,16017.8,16018.2,0.4,459.710008
2026-06-08T23:20:00+00:00,16017.9,16020.1,16017.75,16020.05,16017.7,16018.1,16019.8,16020.4,16017.5,16018,16019.8,16020.3,0.5,609.8000036
2026-06-08T23:30:00+00:00,16020.15,16022.6,16020.05,16021.4,16019.9,16020.4,16022.3,16022.9,16019.8,16020.3,16021.1,16021.7,0.6,755.4400078
2026-06-08T23:40:00+00:00,16021.4,16022.9,16018.6,16019.85,16021.1,16021.7,16022.6,16023.2,16018.3,16018.9,16019.6,16020.1,0.5,686.6600093
2026-06-08T23:50:00+00:00,16020,16020,16017.65,16018.2,16019.8,16020.2,16019.8,16020.2,16017.4,16017.9,16018,16018.4,0.4,305.9200063
2026-06-09T00:00:00+00:00,16018.5,16020.25,16014.8,16015.8,16018.3,16018.7,16020,16020.5,16014.6,16015,16015.6,16016,0.4,2962.480023
2026-06-09T00:10:00+00:00,16016.1,16017.5,16013.55,16015.2,16016,16016.2,16017.3,16017.7,16013.3,16013.8,16015.1,16015.3,0.2,1275.220018
2026-06-09T00:20:00+00:00,16015.15,16016.5,16013.85,16016.25,16015,16015.3,16016.2,16016.8,16013.6,16014.1,16015.9,16016.6,0.7,1493.550017
2026-06-09T00:30:00+00:00,16016.25,16018.2,16015.4,16016.4,16015.9,16016.6,16017.9,16018.5,16015.1,16015.7,16016.2,16016.6,0.4,2040.020028
2026-06-09T00:40:00+00:00,16016.45,16020.05,16016.2,16019.5,16016.2,16016.7,16019.8,16020.3,16015.9,16016.5,16019.2,16019.8,0.6,1005.790018
2026-06-09T00:50:00+00:00,16019.45,16028,16019.35,16023.75,16019.2,16019.7,16027.8,16028.2,16019,16019.7,16023.5,16024,0.5,5616.770082
2026-06-09T01:00:00+00:00,16023.7,16024.5,16020.4,16022.75,16023.4,16024,16024.2,16024.8,16020.2,16020.6,16022.5,16023,0.5,3245.090037
2026-06-09T01:10:00+00:00,16022.7,16024.4,16020.55,16024.25,16022.4,16023,16024.2,16024.6,16020.3,16020.8,16024.1,16024.4,0.3,1573.800021
2026-06-09T01:20:00+00:00,16024.3,16025.25,16022.3,16022.3,16024.2,16024.4,16025.1,16025.4,16022.1,16022.5,16022.1,16022.5,0.4,2061.700037
2026-06-09T01:30:00+00:00,16022,16022.75,16019.9,16020.2,16021.8,16022.2,16022.5,16023,16019.7,16020.1,16020,16020.4,0.4,997.0500157
2026-06-09T01:40:00+00:00,16020.2,16020.35,16017.7,16019.3,16020,16020.4,16020.2,16020.5,16017.5,16017.9,16019.1,16019.5,0.4,1363.65002
2026-06-09T01:50:00+00:00,16019.5,16020.2,16018.9,16019.4,16019.3,16019.7,16020,16020.4,16018.7,16019.1,16019.1,16019.7,0.6,647.7000123
2026-06-09T02:00:00+00:00,16019.25,16019.9,16018.8,16019.1,16019.1,16019.4,16019.7,16020.1,16018.6,16019,16018.9,16019.3,0.4,538.2000102
2026-06-09T02:10:00+00:00,16019,16022.15,16018.85,16022.05,16018.8,16019.2,16022,16022.3,16018.6,16019.1,16021.9,16022.2,0.3,813.8100139
2026-06-09T02:20:00+00:00,16022.05,16022.2,16018.8,16019.3,16021.9,16022.2,16022.1,16022.3,16018.5,16019.1,16019.1,16019.5,0.4,1276.200019
2026-06-09T02:30:00+00:00,16019.2,16020.6,16019.05,16019.45,16019.1,16019.3,16020.4,16020.8,16018.9,16019.2,16019.1,16019.8,0.7,361.0500076
2026-06-09T02:40:00+00:00,16019.6,16021.4,16018.8,16019.55,16019.3,16019.9,16021.3,16021.5,16018.6,16019,16019.4,16019.7,0.3,833.1000179
2026-06-09T02:50:00+00:00,16019.35,16022.45,16019.35,16022.15,16019.2,16019.5,16022.2,16022.7,16019.2,16019.5,16021.8,16022.5,0.7,574.2600101
2026-06-09T03:00:00+00:00,16022.05,16023.45,16021.2,16021.3,16021.7,16022.4,16023.3,16023.6,16021,16021.4,16021,16021.6,0.6,1116.450017
2026-06-09T03:10:00+00:00,16021.1,16021.9,16020.5,16021.85,16021,16021.2,16021.7,16022.1,16020.2,16020.8,16021.7,16022,0.3,670.650012
2026-06-09T03:20:00+00:00,16021.8,16023.6,16021.55,16022.95,16021.7,16021.9,16023.4,16023.8,16021.3,16021.8,16022.8,16023.1,0.3,819.6000136
2026-06-09T03:30:00+00:00,16022.85,16024.1,16022.45,16022.5,16022.7,16023,16023.9,16024.3,16022.3,16022.6,16022.3,16022.7,0.4,978.15001
2026-06-09T03:40:00+00:00,16022.6,16022.7,16021.3,16022.35,16022.3,16022.9,16022.4,16023,16021.1,16021.5,16022.1,16022.6,0.5,677.1700076
2026-06-09T03:50:00+00:00,16022.4,16025.7,16022.25,16025.55,16022.2,16022.6,16025.4,16026,16022.1,16022.4,16025.2,16025.9,0.7,709.040011
2026-06-09T04:00:00+00:00,16025.6,16025.6,16023.95,16024.05,16025.3,16025.9,16025.3,16025.9,16023.7,16024.2,16023.9,16024.2,0.3,1201.860016
2026-06-09T04:10:00+00:00,16024.1,16024.1,16023.2,16023.65,16023.9,16024.3,16023.9,16024.3,16023,16023.4,16023.5,16023.8,0.3,388.8000056
2026-06-09T04:20:00+00:00,16023.55,16025,16022.2,16022.95,16023.4,16023.7,16024.8,16025.2,16021.9,16022.5,16022.7,16023.2,0.5,846.6200098
2026-06-09T04:30:00+00:00,16022.85,16023.2,16018.75,16018.9,16022.5,16023.2,16023,16023.4,16018.5,16019,16018.6,16019.2,0.6,2620.120016
2026-06-09T04:40:00+00:00,16018.85,16020,16018.65,16018.95,16018.6,16019.1,16019.8,16020.2,16018.5,16018.8,16018.8,16019.1,0.3,1266.770016
2026-06-09T04:50:00+00:00,16019,16020.25,16018.7,16019.35,16018.9,16019.1,16020,16020.5,16018.5,16018.9,16019.1,16019.6,0.5,410.8500037
2026-06-09T05:00:00+00:00,16019.3,16020.7,16018.9,16020.15,16019.1,16019.5,16020.5,16020.9,16018.6,16019.2,16019.9,16020.4,0.5,1281.590014
2026-06-09T05:10:00+00:00,16020.3,16020.85,16019.25,16019.4,16020.1,16020.5,16020.7,16021,16019,16019.5,16019.1,16019.7,0.6,1206.300008
2026-06-09T05:20:00+00:00,16019.25,16019.4,16016.45,16016.7,16019,16019.5,16019.1,16019.7,16016.2,16016.7,16016.4,16017,0.6,1210.870013
2026-06-09T05:30:00+00:00,16016.65,16017.95,16012.55,16014.4,16016.4,16016.9,16017.8,16018.1,16012.3,16012.8,16014.1,16014.7,0.6,3399.860049
2026-06-09T05:40:00+00:00,16014.35,16015.4,16012.8,16012.9,16014.1,16014.6,16015.2,16015.6,16012.6,16013,16012.7,16013.1,0.4,2146.700011
2026-06-09T05:50:00+00:00,16012.95,16015.5,16011,16015.3,16012.8,16013.1,16015.2,16015.8,16010.8,16011.2,16015,16015.6,0.6,1978.950034
2026-06-09T06:00:00+00:00,16015.5,16015.5,16008.75,16012.15,16015.2,16015.8,16015.2,16015.8,16008.5,16009,16011.9,16012.4,0.5,3438.980044
2026-06-09T06:10:00+00:00,16011.85,16012.7,16006,16006.35,16011.7,16012,16012.4,16013,16005.8,16006.2,16006.1,16006.6,0.5,2904.720035
2026-06-09T06:20:00+00:00,16006.3,16014.8,16005.4,16011.4,16006.1,16006.5,16014.5,16015.1,16005.2,16005.6,16011.2,16011.6,0.4,2813.010022
2026-06-09T06:30:00+00:00,16011.45,16014.9,16011.2,16012.45,16011.2,16011.7,16014.8,16015,16011,16011.4,16012.2,16012.7,0.5,3762.200041
2026-06-09T06:40:00+00:00,16012.55,16016.15,16012.55,16013.9,16012.3,16012.8,16015.9,16016.4,16012.3,16012.8,16013.7,16014.1,0.4,2587.520034
2026-06-09T06:50:00+00:00,16014,16018.05,16013.7,16016.8,16013.8,16014.2,16017.8,16018.3,16013.5,16013.9,16016.6,16017,0.4,3562.570049
2026-06-09T07:00:00+00:00,16016.9,16019.25,16015.55,16018.45,16016.8,16017,16019,16019.5,16015.3,16015.8,16018.3,16018.6,0.3,4322.830041
2026-06-09T07:10:00+00:00,16018.45,16021.6,16018.1,16020.45,16018.3,16018.6,16021.4,16021.8,16017.9,16018.3,16020.3,16020.6,0.3,2347.350029
2026-06-09T07:20:00+00:00,16020.2,16020.65,16017.15,16017.45,16020,16020.4,16020.5,16020.8,16016.9,16017.4,16017.2,16017.7,0.5,3829.080028
2026-06-09T07:30:00+00:00,16017.45,16020.15,16017.4,16019.6,16017.2,16017.7,16020,16020.3,16017.1,16017.7,16019.3,16019.9,0.6,1900.520017
2026-06-09T07:40:00+00:00,16019.4,16019.5,16016.15,16016.95,16019.2,16019.6,16019.4,16019.6,16015.9,16016.4,16016.7,16017.2,0.5,1118.390013
2026-06-09T07:50:00+00:00,16017.05,16020.45,16015.5,16019.95,16016.9,16017.2,16020.2,16020.7,16015.3,16015.7,16019.8,16020.1,0.3,1422.900014
2026-06-09T08:00:00+00:00,16019.85,16022.35,16019.65,16021.2,16019.7,16020,16022.2,16022.5,16019.4,16019.9,16021,16021.4,0.4,1896.390023
2026-06-09T08:10:00+00:00,16021.1,16021.25,16017.6,16020,16020.8,16021.4,16021.1,16021.4,16017.4,16017.8,16019.8,16020.2,0.4,1721.460017
2026-06-09T08:20:00+00:00,16020.05,16020.3,16018.6,16019.4,16019.8,16020.3,16020.1,16020.5,16018.3,16018.9,16019.2,16019.6,0.4,950.0300142
2026-06-09T08:30:00+00:00,16019.3,16021.1,16018.45,16019.95,16019.1,16019.5,16020.9,16021.3,16018.2,16018.7,16019.7,16020.2,0.5,1190.290017
2026-06-09T08:40:00+00:00,16020,16021.25,16019.9,16021.15,16019.8,16020.2,16021.1,16021.4,16019.6,16020.2,16021,16021.3,0.3,930.600013
2026-06-09T08:50:00+00:00,16021.25,16022.4,16017,16017.75,16021,16021.5,16022.1,16022.7,16016.7,16017.3,16017.5,16018,0.5,1232.910017
2026-06-09T09:00:00+00:00,16017.7,16019.05,16016.3,16016.45,16017.5,16017.9,16018.9,16019.2,16016.1,16016.5,16016.2,16016.7,0.5,1151.450013
2026-06-09T09:10:00+00:00,16016.5,16018.6,16015.8,16017.4,16016.3,16016.7,16018.4,16018.8,16015.6,16016,16017.2,16017.6,0.4,1188.370017
2026-06-09T09:20:00+00:00,16017.25,16017.25,16014.7,16016,16017,16017.5,16017,16017.5,16014.5,16014.9,16015.8,16016.2,0.4,1954.450019
2026-06-09T09:30:00+00:00,16016.05,16016.55,16015.25,16016.05,16015.8,16016.3,16016.3,16016.8,16015,16015.5,16015.8,16016.3,0.5,897.8300065
2026-06-09T09:40:00+00:00,16015.95,16016.4,16014.5,16016.1,16015.6,16016.3,16016.2,16016.6,16014.2,16014.8,16015.9,16016.3,0.4,871.2600075
2026-06-09T09:50:00+00:00,16016.05,16020.05,16015.6,16019.15,16015.8,16016.3,16019.9,16020.2,16015.4,16015.8,16019,16019.3,0.3,827.8200096
2026-06-09T10:00:00+00:00,16019.25,16021.5,16018.3,16021.1,16019.1,16019.4,16021.3,16021.7,16018.1,16018.5,16020.9,16021.3,0.4,1135.430022
2026-06-09T10:10:00+00:00,16021.2,16021.2,16018.15,16018.6,16021,16021.4,16021,16021.4,16018,16018.3,16018.4,16018.8,0.4,810.7400105
2026-06-09T10:20:00+00:00,16018.4,16018.7,16016.15,16016.95,16018.2,16018.6,16018.5,16018.9,16016,16016.3,16016.8,16017.1,0.3,499.0200051
2026-06-09T10:30:00+00:00,16017,16017.6,16016.45,16017.4,16016.8,16017.2,16017.3,16017.9,16016.2,16016.7,16017.2,16017.6,0.4,631.8000076
2026-06-09T10:40:00+00:00,16017.45,16017.55,16015.7,16017.25,16017.2,16017.7,16017.3,16017.8,16015.5,16015.9,16017,16017.5,0.5,663.6600071
2026-06-09T10:50:00+00:00,16017.05,16017.4,16014.7,16016.85,16016.9,16017.2,16017.1,16017.7,16014.6,16014.8,16016.6,16017.1,0.5,915.5400095
2026-06-09T11:00:00+00:00,16016.95,16017.25,16014.55,16015.2,16016.7,16017.2,16017,16017.5,16014.4,16014.7,16015,16015.4,0.4,892.1200113
2026-06-09T11:10:00+00:00,16015.15,16017.1,16014.9,16016.2,16015,16015.3,16016.9,16017.3,16014.7,16015.1,16016,16016.4,0.4,890.2200145
2026-06-09T11:20:00+00:00,16016.35,16017.05,16014.95,16015.3,16016.1,16016.6,16016.8,16017.3,16014.8,16015.1,16015.1,16015.5,0.4,1041.870016
2026-06-09T11:30:00+00:00,16015.15,16017.6,16014.6,16017.2,16015,16015.3,16017.4,16017.8,16014.4,16014.8,16017.1,16017.3,0.2,1072.020011
2026-06-09T11:40:00+00:00,16017.1,16018.05,16016.2,16017.05,16017,16017.2,16017.9,16018.2,16016,16016.4,16016.8,16017.3,0.5,874.3500082
2026-06-09T11:50:00+00:00,16017.05,16017.1,16015.55,16016.05,16016.8,16017.3,16016.9,16017.3,16015.3,16015.8,16015.8,16016.3,0.5,911.7700108
2026-06-09T12:00:00+00:00,16016.05,16016.95,16014.85,16016.15,16015.8,16016.3,16016.8,16017.1,16014.6,16015.1,16015.9,16016.4,0.5,1797.520023
2026-06-09T12:10:00+00:00,16016.1,16018,16015.75,16017.5,16015.9,16016.3,16017.8,16018.2,16015.6,16015.9,16017.3,16017.7,0.4,1614.610013
2026-06-09T12:20:00+00:00,16017.7,16018.9,16017.1,16018.6,16017.5,16017.9,16018.7,16019.1,16016.9,16017.3,16018.3,16018.9,0.6,2190.260024
2026-06-09T12:30:00+00:00,16018.55,16018.75,16016.6,16017.95,16018.3,16018.8,16018.4,16019.1,16016.4,16016.8,16017.8,16018.1,0.3,1132.130015
2026-06-09T12:40:00+00:00,16017.9,16018.65,16017.35,16018.4,16017.8,16018,16018.4,16018.9,16017.1,16017.6,16018.2,16018.6,0.4,2140.250025
2026-06-09T12:50:00+00:00,16018.1,16019.75,16017.75,16018.95,16018,16018.2,16019.6,16019.9,16017.5,16018,16018.7,16019.2,0.5,1706.610022
2026-06-09T13:00:00+00:00,16018.8,16020.3,16017.75,16018.8,16018.6,16019,16020.2,16020.4,16017.6,16017.9,16018.6,16019,0.4,1749.920027
2026-06-09T13:10:00+00:00,16018.85,16020.1,16018.25,16019.05,16018.6,16019.1,16019.9,16020.3,16018.1,16018.4,16018.9,16019.2,0.3,903.050016
2026-06-09T13:20:00+00:00,16019,16019.7,16018.55,16019.65,16018.8,16019.2,16019.5,16019.9,16018.4,16018.7,16019.5,16019.8,0.3,540.4500113
2026-06-09T13:30:00+00:00,16019.75,16022.65,16018.65,16021.25,16019.6,16019.9,16022.4,16022.9,16018.4,16018.9,16021,16021.5,0.5,1967.850026
2026-06-09T13:40:00+00:00,16021.3,16022.35,16014.9,16017.6,16021.1,16021.5,16022.1,16022.6,16014.7,16015.1,16017.3,16017.9,0.6,4197.88004
2026-06-09T13:50:00+00:00,16017.55,16021.7,16017.25,16020,16017.2,16017.9,16021.5,16021.9,16017,16017.5,16019.7,16020.3,0.6,3674.440043
2026-06-09T14:00:00+00:00,16020.05,16021.4,16015,16017.05,16019.6,16020.5,16021.2,16021.6,16014.8,16015.2,16016.8,16017.3,0.5,2953.060031
2026-06-09T14:10:00+00:00,16017.1,16021.6,16017.1,16020.85,16016.9,16017.3,16021.4,16021.8,16016.9,16017.3,16020.6,16021.1,0.5,5521.280053
2026-06-09T14:20:00+00:00,16020.9,16021.9,16018.1,16018.6,16020.6,16021.2,16021.7,16022.1,16018,16018.2,16018.5,16018.7,0.2,3743.230028
2026-06-09T14:30:00+00:00,16018.75,16020.05,16018.1,16019.4,16018.6,16018.9,16019.8,16020.3,16017.9,16018.3,16019.2,16019.6,0.4,2703.620029
2026-06-09T14:40:00+00:00,16019.35,16023.1,16018.45,16022.8,16019.1,16019.6,16022.8,16023.4,16018.2,16018.7,16022.6,16023,0.4,3983.43003
2026-06-09T14:50:00+00:00,16022.9,16026.05,16020.75,16025.35,16022.8,16023,16025.8,16026.3,16020.5,16021,16025.1,16025.6,0.5,4420.490031
2026-06-09T15:00:00+00:00,16025.3,16025.85,16023.8,16025.1,16025.1,16025.5,16025.6,16026.1,16023.7,16023.9,16024.9,16025.3,0.4,2977.330038
2026-06-09T15:10:00+00:00,16025,16026.35,16023.65,16024.75,16024.7,16025.3,16026.1,16026.6,16023.4,16023.9,16024.6,16024.9,0.3,2287.32003
2026-06-09T15:20:00+00:00,16024.8,16026.9,16024.15,16026.7,16024.6,16025,16026.6,16027.2,16024,16024.3,16026.5,16026.9,0.4,1314.070017
2026-06-09T15:30:00+00:00,16026.8,16030.4,16025.3,16027.5,16026.6,16027,16030.2,16030.6,16025.1,16025.5,16027.3,16027.7,0.4,4245.390053
2026-06-09T15:40:00+00:00,16027.55,16029.7,16025.85,16028.25,16027.3,16027.8,16029.5,16029.9,16025.6,16026.1,16028,16028.5,0.5,2583.470031
2026-06-09T15:50:00+00:00,16028.15,16028.8,16021.7,16022.9,16027.9,16028.4,16028.7,16028.9,16021.5,16021.9,16022.7,16023.1,0.4,2227.980031
2026-06-09T16:00:00+00:00,16022.85,16028.1,16021.6,16028.1,16022.7,16023,16027.9,16028.3,16021.3,16021.9,16027.9,16028.3,0.4,2599.470042
2026-06-09T16:10:00+00:00,16028.15,16033.3,16026.6,16033.25,16028,16028.3,16033,16033.6,16026.3,16026.9,16033,16033.5,0.5,2240.970033
2026-06-09T16:20:00+00:00,16033.3,16035.6,16031.9,16034.7,16033.1,16033.5,16035.4,16035.8,16031.6,16032.2,16034.4,16035,0.6,2062.910025
2026-06-09T16:30:00+00:00,16034.7,16043.55,16034.35,16041.65,16034.4,16035,16043.4,16043.7,16034.1,16034.6,16041.4,16041.9,0.5,4113.860062
2026-06-09T16:40:00+00:00,16041.6,16044.55,16039.35,16041.9,16041.3,16041.9,16044.3,16044.8,16039.1,16039.6,16041.7,16042.1,0.4,4431.960071
2026-06-09T16:50:00+00:00,16041.85,16044.55,16039.85,16040.15,16041.5,16042.2,16044.3,16044.8,16039.7,16040,16039.9,16040.4,0.5,2892.820044
2026-06-09T17:00:00+00:00,16040,16040.55,16033.6,16035.75,16039.8,16040.2,16040.4,16040.7,16033.4,16033.8,16035.6,16035.9,0.3,2957.770043
2026-06-09T17:10:00+00:00,16035.8,16039.95,16034.25,16034.3,16035.6,16036,16039.8,16040.1,16034.1,16034.4,16034.1,16034.5,0.4,3480.470056
2026-06-09T17:20:00+00:00,16034.25,16034.6,16028.55,16030.75,16034,16034.5,16034.4,16034.8,16028.4,16028.7,16030.6,16030.9,0.3,2987.100052
2026-06-09T17:30:00+00:00,16030.65,16032.1,16030.35,16031.35,16030.5,16030.8,16031.9,16032.3,16030.2,16030.5,16031.2,16031.5,0.3,1400.53002
2026-06-09T17:40:00+00:00,16031.2,16032.6,16029.25,16032,16031,16031.4,16032.5,16032.7,16029,16029.5,16031.9,16032.1,0.2,1160.970018
2026-06-09T17:50:00+00:00,16031.95,16035.95,16031.7,16035.55,16031.8,16032.1,16035.8,16036.1,16031.5,16031.9,16035.4,16035.7,0.3,968.5700188
2026-06-09T18:00:00+00:00,16035.65,16037.75,16034.15,16036.15,16035.4,16035.9,16037.6,16037.9,16034,16034.3,16036,16036.3,0.3,737.2400155
2026-06-09T18:10:00+00:00,16036,16037.45,16033.35,16034.05,16035.8,16036.2,16037.2,16037.7,16033.2,16033.5,16033.9,16034.2,0.3,931.9000183
2026-06-09T18:20:00+00:00,16033.95,16036.6,16033.35,16035.5,16033.8,16034.1,16036.4,16036.8,16033.2,16033.5,16035.3,16035.7,0.4,632.9000127
2026-06-09T18:30:00+00:00,16035.6,16037.55,16034.55,16036.35,16035.4,16035.8,16037.4,16037.7,16034.4,16034.7,16036.2,16036.5,0.3,846.6400158
2026-06-09T18:40:00+00:00,16036.45,16037.55,16036.25,16036.35,16036.3,16036.6,16037.4,16037.7,16036.1,16036.4,16036.2,16036.5,0.3,569.3200105
2026-06-09T18:50:00+00:00,16036.4,16036.9,16034.4,16035.95,16036.3,16036.5,16036.8,16037,16034.2,16034.6,16035.8,16036.1,0.3,664.3500117
2026-06-09T19:00:00+00:00,16036,16038.1,16035.85,16037.95,16035.9,16036.1,16038,16038.2,16035.7,16036,16037.8,16038.1,0.3,661.8700135
2026-06-09T19:10:00+00:00,16037.95,16040.05,16037.95,16039.85,16037.8,16038.1,16039.9,16040.2,16037.8,16038.1,16039.7,16040,0.3,511.2000091
2026-06-09T19:20:00+00:00,16039.6,16041.35,16039.6,16041.1,16039.4,16039.8,16041.2,16041.5,16039.4,16039.8,16041,16041.2,0.2,347.3900056
2026-06-09T19:30:00+00:00,16041.25,16041.65,16038.35,16038.6,16041.1,16041.4,16041.5,16041.8,16038.2,16038.5,16038.5,16038.7,0.2,375.1500067
2026-06-09T19:40:00+00:00,16038.65,16040.75,16038.45,16039.9,16038.5,16038.8,16040.5,16041,16038.3,16038.6,16039.7,16040.1,0.4,638.850008
2026-06-09T19:50:00+00:00,16039.85,16042.2,16038.85,16041.35,16039.7,16040,16042,16042.4,16038.6,16039.1,16041.1,16041.6,0.5,1594.45002
2026-06-09T20:00:00+00:00,16041.2,16042.4,16040.15,16040.85,16041,16041.4,16042.2,16042.6,16039.9,16040.4,16040.6,16041.1,0.5,702.7000067
2026-06-09T20:10:00+00:00,16040.9,16041.15,16037.3,16037.8,16040.7,16041.1,16040.9,16041.4,16037.1,16037.5,16037.6,16038,0.4,535.0500059
2026-06-09T20:20:00+00:00,16037.85,16039.2,16035.35,16035.8,16037.7,16038,16039,16039.4,16035.1,16035.6,16035.5,16036.1,0.6,453.820006
2026-06-09T20:30:00+00:00,16035.85,16038.75,16035.65,16038.5,16035.6,16036.1,16038.5,16039,16035.4,16035.9,16038.2,16038.8,0.6,337.8500043
2026-06-09T20:40:00+00:00,16038.6,16038.85,16038.1,16038.2,16038.2,16039,16038.5,16039.2,16037.8,16038.4,16037.9,16038.5,0.6,363.2200052
2026-06-09T20:50:00+00:00,16038.05,16038.45,16035.2,16035.3,16037.8,16038.3,16038.2,16038.7,16033.8,16036.6,16033.8,16036.8,3,546.1700057
2026-06-09T21:00:00+00:00,16034.4,16036.05,16033.6,16035.05,16032.5,16036.3,16033,16039.1,16030.9,16036.3,16031.5,16038.6,7.1,21.15000021
2026-06-09T21:10:00+00:00,16035,16035.5,16034.25,16034.8,16031.4,16038.6,16032.4,16038.6,16031.4,16037.1,16032.4,16037.2,4.8,69.60000181
2026-06-09T21:20:00+00:00,16034.6,16038.5,16034.15,16038.35,16031.4,16037.8,16036.9,16040.1,16031.4,16036.9,16036.7,16040,3.3,95.31000137
2026-06-09T21:30:00+00:00,16038.15,16038.55,16037.85,16037.9,16036.8,16039.5,16037.1,16040,16036.5,16039.2,16036.5,16039.3,2.8,114.9000031
2026-06-09T21:40:00+00:00,16038,16038.2,16037.7,16038.1,16036.7,16039.3,16037,16039.4,16036.4,16039,16036.9,16039.3,2.4,130.2000021
2026-06-09T21:50:00+00:00,16037.8,16037.9,16033.6,16035.05,16036.5,16039.1,16036.7,16039.1,16032.4,16034.8,16033.9,16036.2,2.3,385.5000063
2026-06-09T22:00:00+00:00,16035.1,16040.05,16035.05,16038.9,16034,16036.2,16039.7,16040.4,16034,16036.1,16038.5,16039.3,0.8,362.3299977
2026-06-09T22:10:00+00:00,16038.95,16039.05,16037.95,16038.3,16038.4,16039.5,16038.6,16039.5,16037.5,16038.4,16037.9,16038.7,0.8,415.3900079
2026-06-09T22:20:00+00:00,16038.4,16038.4,16036.65,16036.65,16038,16038.8,16038,16038.8,16036.2,16037.1,16036.2,16037.1,0.9,273.8400047
2026-06-09T22:30:00+00:00,16036.7,16038.3,16036.6,16037.95,16036.3,16037.1,16037.9,16038.7,16036.2,16037,16037.5,16038.4,0.9,406.7600031
2026-06-09T22:40:00+00:00,16038,16039.6,16036.9,16039.05,16037.6,16038.4,16039.3,16039.9,16036.6,16037.2,16038.8,16039.3,0.5,931.4800118
2026-06-09T22:50:00+00:00,16039,16040.65,16038.9,16040.5,16038.8,16039.2,16040.3,16041,16038.6,16039.2,16040.3,16040.7,0.4,422.4100081
2026-06-09T23:00:00+00:00,16040.55,16041.2,16040.35,16040.5,16040.4,16040.7,16040.9,16041.5,16040.1,16040.6,16040.3,16040.7,0.4,488.6000119
2026-06-09T23:10:00+00:00,16040.45,16042.15,16040.3,16041.7,16040.2,16040.7,16041.9,16042.4,16040,16040.6,16041.5,16041.9,0.4,383.0100051
2026-06-09T23:20:00+00:00,16041.35,16041.75,16040.35,16041.4,16041.2,16041.5,16041.5,16042,16040.1,16040.6,16041.1,16041.7,0.6,269.9900055
2026-06-09T23:30:00+00:00,16041.5,16041.75,16040.25,16040.7,16041.3,16041.7,16041.5,16042,16040,16040.5,16040.5,16040.9,0.4,310.4200057
2026-06-09T23:40:00+00:00,16040.65,16041.05,16037.95,16038.95,16040.4,16040.9,16040.8,16041.3,16037.7,16038.2,16038.6,16039.3,0.7,534.7100059
2026-06-09T23:50:00+00:00,16038.85,16039.65,16037.75,16039.15,16038.5,16039.2,16039.4,16039.9,16037.5,16038,16038.9,16039.4,0.5,855.0200124
2026-06-10T00:00:00+00:00,16039.35,16039.5,16035.75,16037.05,16039.2,16039.5,16039.4,16039.6,16035.5,16036,16036.8,16037.3,0.5,1672.780021
2026-06-10T00:10:00+00:00,16037.2,16038.9,16036.7,16037.8,16036.9,16037.5,16038.7,16039.1,16036.4,16037,16037.6,16038,0.4,704.0100107
2026-06-10T00:20:00+00:00,16037.95,16038.35,16037,16037.8,16037.6,16038.3,16038.1,16038.6,16036.8,16037.2,16037.6,16038,0.4,591.9200069
2026-06-10T00:30:00+00:00,16037.75,16039.15,16037.65,16038.35,16037.5,16038,16038.9,16039.4,16037.4,16037.9,16038.1,16038.6,0.5,781.900015
2026-06-10T00:40:00+00:00,16038.45,16041.8,16038.45,16041.8,16038.2,16038.7,16041.6,16042,16038.2,16038.7,16041.6,16042,0.4,745.0800134
2026-06-10T00:50:00+00:00,16041.75,16043.6,16036.8,16038.55,16041.4,16042.1,16043.5,16043.7,16036.6,16037,16038.3,16038.8,0.5,3168.840061
2026-06-10T01:00:00+00:00,16038.5,16039.45,16023.9,16034.8,16038.2,16038.8,16039.3,16039.6,16023.6,16024.2,16034.6,16035,0.4,2732.210045
2026-06-10T01:10:00+00:00,16034.65,16035.85,16033.05,16035.05,16034.4,16034.9,16035.5,16036.2,16032.9,16033.2,16034.8,16035.3,0.5,1532.610023
2026-06-10T01:20:00+00:00,16035,16036.8,16034.2,16035.9,16034.8,16035.2,16036.6,16037,16033.9,16034.5,16035.6,16036.2,0.6,874.6400137
2026-06-10T01:30:00+00:00,16036.2,16038.85,16035.9,16036.7,16036,16036.4,16038.7,16039,16035.6,16036.2,16036.5,16036.9,0.4,670.5400087
2026-06-10T01:40:00+00:00,16036.8,16038.15,16036.5,16037.15,16036.6,16037,16038,16038.3,16036.3,16036.7,16036.9,16037.4,0.5,612.9400092
2026-06-10T01:50:00+00:00,16037.25,16039.5,16036.65,16038.25,16037,16037.5,16039.3,16039.7,16036.3,16037,16038,16038.5,0.5,832.420013
2026-06-10T02:00:00+00:00,16038.25,16038.4,16036.55,16036.8,16038,16038.5,16038.2,16038.6,16036.3,16036.8,16036.6,16037,0.4,530.990008
2026-06-10T02:10:00+00:00,16036.9,16036.9,16034.2,16035.25,16036.7,16037.1,16036.7,16037.1,16034,16034.4,16035,16035.5,0.5,373.6600069
2026-06-10T02:20:00+00:00,16035.15,16036.7,16034.35,16034.95,16034.9,16035.4,16036.5,16036.9,16034.1,16034.6,16034.6,16035.3,0.7,903.4400146
2026-06-10T02:30:00+00:00,16034.75,16035.95,16034.05,16035.25,16034.6,16034.9,16035.7,16036.2,16033.8,16034.3,16035.1,16035.4,0.3,893.8000078
2026-06-10T02:40:00+00:00,16035.3,16035.4,16034,16034.8,16035.2,16035.4,16035.2,16035.6,16033.7,16034.3,16034.6,16035,0.4,426.7100067
2026-06-10T02:50:00+00:00,16034.85,16037.25,16034.85,16036.6,16034.7,16035,16037,16037.5,16034.7,16035,16036.4,16036.8,0.4,458.920007
2026-06-10T03:00:00+00:00,16036.65,16037.3,16034.15,16035.6,16036.4,16036.9,16037.1,16037.5,16033.9,16034.4,16035.4,16035.8,0.4,636.2700087
2026-06-10T03:10:00+00:00,16035.75,16036.05,16034.6,16035.6,16035.6,16035.9,16035.8,16036.3,16034.4,16034.8,16035.4,16035.8,0.4,512.3300085
2026-06-10T03:20:00+00:00,16035.7,16036.05,16035.1,16035.5,16035.5,16035.9,16035.8,16036.3,16034.9,16035.3,16035.4,16035.6,0.2,526.9300088
2026-06-10T03:30:00+00:00,16035.5,16037.15,16035.05,16036.35,16035.4,16035.6,16036.9,16037.4,16034.8,16035.3,16036.1,16036.6,0.5,513.1100096
2026-06-10T03:40:00+00:00,16036.4,16036.55,16035.15,16035.6,16036,16036.8,16036.3,16036.8,16034.9,16035.4,16035.4,16035.8,0.4,534.7100062
2026-06-10T03:50:00+00:00,16035.55,16036.1,16035.3,16036,16035.2,16035.9,16035.9,16036.3,16035,16035.6,16035.7,16036.3,0.6,395.000006
2026-06-10T04:00:00+00:00,16035.9,16036.9,16035.4,16036.2,16035.7,16036.1,16036.7,16037.1,16035.1,16035.7,16036,16036.4,0.4,381.4300061
2026-06-10T04:10:00+00:00,16036.25,16036.7,16035.75,16036.2,16036,16036.5,16036.4,16037,16035.5,16036,16035.9,16036.5,0.6,571.2300076
2026-06-10T04:20:00+00:00,16036.1,16036.65,16035.15,16035.8,16035.8,16036.4,16036.4,16036.9,16035,16035.3,16035.5,16036.1,0.6,914.7300087
2026-06-10T04:30:00+00:00,16035.65,16036.35,16035.05,16035.8,16035.4,16035.9,16036.1,16036.6,16034.9,16035.2,16035.5,16036.1,0.6,1120.410012
2026-06-10T04:40:00+00:00,16035.6,16036.25,16034.85,16035.8,16035.4,16035.8,16035.9,16036.6,16034.6,16035.1,16035.6,16036,0.4,620.1300105
2026-06-10T04:50:00+00:00,16035.85,16037.15,16035.65,16037.1,16035.7,16036,16036.9,16037.4,16035.4,16035.9,16036.9,16037.3,0.4,441.6200055
2026-06-10T05:00:00+00:00,16037,16037.45,16035.8,16037,16036.8,16037.2,16037.2,16037.7,16035.5,16036.1,16036.7,16037.3,0.6,817.0800076
2026-06-10T05:10:00+00:00,16037.1,16037.85,16035.85,16035.9,16036.9,16037.3,16037.7,16038,16035.6,16036.1,16035.7,16036.1,0.4,677.4200085
2026-06-10T05:20:00+00:00,16035.85,16036.15,16035.15,16035.4,16035.6,16036.1,16035.9,16036.4,16035,16035.3,16035.2,16035.6,0.4,732.3600076
2026-06-10T05:30:00+00:00,16035.25,16036.15,16033.85,16035.2,16035.1,16035.4,16035.9,16036.4,16033.5,16034.2,16035,16035.4,0.4,857.8100133
2026-06-10T05:40:00+00:00,16035.15,16035.95,16032.95,16033.6,16034.9,16035.4,16035.7,16036.2,16032.8,16033.1,16033.4,16033.8,0.4,526.7400086
2026-06-10T05:50:00+00:00,16033.55,16034.95,16033.15,16034.65,16033.4,16033.7,16034.7,16035.2,16032.9,16033.4,16034.4,16034.9,0.5,1092.350015
2026-06-10T06:00:00+00:00,16034.55,16036.65,16032.75,16036.35,16034.2,16034.9,16036.5,16036.8,16032.5,16033,16036.1,16036.6,0.5,1243.470013
2026-06-10T06:10:00+00:00,16036.6,16036.9,16033.95,16034.5,16036.4,16036.8,16036.7,16037.1,16033.7,16034.2,16034.2,16034.8,0.6,1445.080017
2026-06-10T06:20:00+00:00,16034.55,16038.6,16033.2,16036.8,16034.2,16034.9,16038.3,16038.9,16033,16033.4,16036.6,16037,0.4,3291.340031
2026-06-10T06:30:00+00:00,16036.85,16038.15,16035.45,16035.6,16036.6,16037.1,16037.9,16038.4,16035.3,16035.6,16035.4,16035.8,0.4,1941.40002
2026-06-10T06:40:00+00:00,16035.65,16037.15,16035.65,16036.75,16035.4,16035.9,16036.9,16037.4,16035.4,16035.9,16036.5,16037,0.5,916.2300106
2026-06-10T06:50:00+00:00,16036.65,16038.9,16036.1,16038.55,16036.4,16036.9,16038.7,16039.1,16035.9,16036.3,16038.4,16038.7,0.3,918.7000096
2026-06-10T07:00:00+00:00,16038.45,16039.45,16036.7,16038.8,16038.1,16038.8,16039.3,16039.6,16036.5,16036.9,16038.6,16039,0.4,1271.310019
2026-06-10T07:10:00+00:00,16038.85,16039.5,16035,16036.15,16038.7,16039,16039.2,16039.8,16034.8,16035.2,16035.9,16036.4,0.5,953.6900127
2026-06-10T07:20:00+00:00,16036.1,16038,16035.45,16037.9,16035.9,16036.3,16037.8,16038.2,16035.2,16035.7,16037.8,16038,0.2,1190.050012
2026-06-10T07:30:00+00:00,16037.85,16038.8,16037.55,16038.15,16037.6,16038.1,16038.7,16038.9,16037.3,16037.8,16038,16038.3,0.3,624.0200111
2026-06-10T07:40:00+00:00,16038.2,16038.45,16036.95,16038.05,16038,16038.4,16038.2,16038.7,16036.7,16037.2,16037.9,16038.2,0.3,1413.020018
2026-06-10T07:50:00+00:00,16038,16039.85,16037.8,16039.25,16037.8,16038.2,16039.6,16040.1,16037.6,16038,16039,16039.5,0.5,685.5100117
2026-06-10T08:00:00+00:00,16039.15,16041.25,16038.9,16041.05,16039,16039.3,16041,16041.5,16038.6,16039.2,16040.8,16041.3,0.5,897.9900101
2026-06-10T08:10:00+00:00,16041.1,16041.25,16038.45,16039.8,16040.9,16041.3,16041,16041.5,16038.3,16038.6,16039.6,16040,0.4,982.640011
2026-06-10T08:20:00+00:00,16039.85,16040.6,16038.6,16039.95,16039.6,16040.1,16040.4,16040.8,16038.4,16038.8,16039.7,16040.2,0.5,1178.730018
2026-06-10T08:30:00+00:00,16039.9,16040.65,16038.7,16040,16039.7,16040.1,16040.4,16040.9,16038.5,16038.9,16039.7,16040.3,0.6,1319.870013
2026-06-10T08:40:00+00:00,16039.95,16041,16039.25,16039.65,16039.7,16040.2,16040.8,16041.2,16039,16039.5,16039.4,16039.9,0.5,1164.140009
2026-06-10T08:50:00+00:00,16039.8,16043.05,16039.65,16042.45,16039.6,16040,16042.8,16043.3,16039.4,16039.9,16042.2,16042.7,0.5,1004.610011
2026-06-10T09:00:00+00:00,16042.4,16043.95,16041.65,16042.05,16042.2,16042.6,16043.8,16044.1,16041.3,16042,16041.8,16042.3,0.5,1240.690021
2026-06-10T09:10:00+00:00,16041.9,16042.85,16040.7,16042.75,16041.7,16042.1,16042.7,16043,16040.4,16041,16042.5,16043,0.5,1312.520017
2026-06-10T09:20:00+00:00,16042.8,16043.1,16041.5,16042.9,16042.6,16043,16042.9,16043.3,16041.3,16041.7,16042.7,16043.1,0.4,1359.550018
2026-06-10T09:30:00+00:00,16042.95,16047.6,16041.75,16045.25,16042.6,16043.3,16047.4,16047.8,16041.5,16042,16045.1,16045.4,0.3,1251.45002
2026-06-10T09:40:00+00:00,16045.3,16046.3,16043.55,16044.7,16045.2,16045.4,16046.2,16046.4,16043.4,16043.7,16044.5,16044.9,0.4,834.3000124
2026-06-10T09:50:00+00:00,16044.65,16045.7,16044.15,16044.5,16044.4,16044.9,16045.5,16045.9,16044,16044.3,16044.3,16044.7,0.4,759.7300103
2026-06-10T10:00:00+00:00,16044.55,16046,16044.5,16045.75,16044.4,16044.7,16045.8,16046.2,16044.3,16044.7,16045.6,16045.9,0.3,820.2600148
2026-06-10T10:10:00+00:00,16045.7,16046.4,16044.45,16046.35,16045.5,16045.9,16046.2,16046.6,16044.3,16044.6,16046.2,16046.5,0.3,1041.030015
2026-06-10T10:20:00+00:00,16046.4,16047.1,16046.35,16046.7,16046.3,16046.5,16046.9,16047.3,16046.2,16046.5,16046.6,16046.8,0.2,581.4700054
2026-06-10T10:30:00+00:00,16046.75,16047.7,16046.55,16047,16046.6,16046.9,16047.5,16047.9,16046.3,16046.8,16046.9,16047.1,0.2,492.0100071
2026-06-10T10:40:00+00:00,16047.1,16047.75,16046.6,16047.15,16047,16047.2,16047.6,16047.9,16046.5,16046.7,16047,16047.3,0.3,625.6200118
2026-06-10T10:50:00+00:00,16047.35,16047.7,16045.9,16046.7,16047.1,16047.6,16047.6,16047.8,16045.8,16046,16046.6,16046.8,0.2,946.0500164
2026-06-10T11:00:00+00:00,16046.65,16052.65,16045.85,16050.65,16046.5,16046.8,16052.6,16052.7,16045.7,16046,16050.4,16050.9,0.5,3957.260053
2026-06-10T11:10:00+00:00,16050.55,16050.8,16047.75,16048.65,16050.3,16050.8,16050.5,16051.1,16047.6,16047.9,16048.4,16048.9,0.5,1661.660018
2026-06-10T11:20:00+00:00,16048.55,16050.45,16047.25,16048.75,16048.3,16048.8,16050.2,16050.7,16047,16047.5,16048.6,16048.9,0.3,2629.500032
2026-06-10T11:30:00+00:00,16048.7,16051.5,16048.35,16051.05,16048.5,16048.9,16051.3,16051.7,16048.1,16048.6,16050.8,16051.3,0.5,1592.910026
2026-06-10T11:40:00+00:00,16051,16053,16050.8,16051.7,16050.8,16051.2,16052.9,16053.1,16050.6,16051,16051.5,16051.9,0.4,1234.78002
2026-06-10T11:50:00+00:00,16051.6,16051.6,16046.9,16049.9,16051.4,16051.8,16051.4,16051.8,16046.7,16047.1,16049.7,16050.1,0.4,1718.150022
2026-06-10T12:00:00+00:00,16049.95,16051.55,16048.25,16049.7,16049.8,16050.1,16051.4,16051.7,16048,16048.5,16049.5,16049.9,0.4,2810.21004
2026-06-10T12:10:00+00:00,16049.9,16050.1,16045.55,16046.65,16049.7,16050.1,16049.9,16050.3,16045.3,16045.8,16046.4,16046.9,0.5,2690.620036
2026-06-10T12:20:00+00:00,16046.55,16047.45,16042.4,16042.95,16046.3,16046.8,16047.3,16047.6,16041.7,16043.1,16042,16043.9,1.9,2347.300031
2026-06-10T12:30:00+00:00,16043.15,16047.3,16034.25,16040.7,16042.1,16044.2,16046.8,16047.8,16033.3,16035.2,16040.5,16040.9,0.4,6014.090096
2026-06-10T12:40:00+00:00,16040.6,16041.55,16032.5,16035.35,16040.4,16040.8,16041.4,16041.7,16032.3,16032.7,16035.1,16035.6,0.5,3295.500046
2026-06-10T12:50:00+00:00,16035.5,16044.05,16034.75,16043.9,16035.2,16035.8,16043.8,16044.3,16034.5,16035,16043.7,16044.1,0.4,2805.110033
2026-06-10T13:00:00+00:00,16043.8,16045.7,16042.85,16043.4,16043.7,16043.9,16045.5,16045.9,16042.6,16043.1,16043.2,16043.6,0.4,2580.480039
2026-06-10T13:10:00+00:00,16043.35,16044.5,16040.65,16041.7,16043.2,16043.5,16044.3,16044.7,16040.4,16040.9,16041.5,16041.9,0.4,1721.210019
2026-06-10T13:20:00+00:00,16041.75,16042.5,16039.8,16041.6,16041.6,16041.9,16042.3,16042.7,16039.7,16039.9,16041.5,16041.7,0.2,3172.420045
2026-06-10T13:30:00+00:00,16042.05,16042.55,16036.5,16038.2,16041.9,16042.2,16042.3,16042.8,16036.4,16036.6,16038,16038.4,0.4,3175.710053
2026-06-10T13:40:00+00:00,16038.15,16038.65,16034.2,16034.65,16037.9,16038.4,16038.5,16038.8,16034,16034.4,16034.4,16034.9,0.5,1866.830023
2026-06-10T13:50:00+00:00,16034.75,16040.65,16034.75,16038.7,16034.6,16034.9,16040.5,16040.8,16034.6,16034.9,16038.5,16038.9,0.4,2643.800041
2026-06-10T14:00:00+00:00,16038.65,16042.15,16038.2,16041.8,16038.5,16038.8,16042,16042.3,16038.1,16038.3,16041.5,16042.1,0.6,2860.260032
2026-06-10T14:10:00+00:00,16041.65,16042.1,16037.1,16040.8,16041.4,16041.9,16041.9,16042.3,16037,16037.2,16040.6,16041,0.4,2966.740033
2026-06-10T14:20:00+00:00,16040.85,16042.3,16040,16041.8,16040.6,16041.1,16042.1,16042.5,16039.8,16040.2,16041.6,16042,0.4,2498.480035
2026-06-10T14:30:00+00:00,16041.7,16043.75,16040.6,16042.55,16041.5,16041.9,16043.6,16043.9,16040.4,16040.8,16042.4,16042.7,0.3,1220.840019
2026-06-10T14:40:00+00:00,16042.4,16043.25,16040.55,16041.7,16042.2,16042.6,16043.1,16043.4,16040.3,16040.8,16041.5,16041.9,0.4,1378.010022
2026-06-10T14:50:00+00:00,16041.75,16049.35,16041.5,16048.45,16041.5,16042,16049.1,16049.6,16041.3,16041.7,16048.3,16048.6,0.3,3137.120043
2026-06-10T15:00:00+00:00,16048.55,16049.5,16046.7,16046.95,16048.3,16048.8,16049.2,16049.8,16046.5,16046.9,16046.8,16047.1,0.3,2764.210045
2026-06-10T15:10:00+00:00,16046.75,16048.45,16045.65,16048,16046.5,16047,16048.3,16048.6,16045.5,16045.8,16047.7,16048.3,0.6,2449.050036
2026-06-10T15:20:00+00:00,16047.9,16048.3,16045.35,16045.5,16047.7,16048.1,16048.1,16048.5,16045.2,16045.5,16045.3,16045.7,0.4,2031.870024
2026-06-10T15:30:00+00:00,16045.4,16047.35,16044.5,16047.25,16045.3,16045.5,16047.2,16047.5,16044.3,16044.7,16047.1,16047.4,0.3,1644.170022
2026-06-10T15:40:00+00:00,16047.3,16052.9,16046.65,16050.05,16047.2,16047.4,16052.8,16053,16046.4,16046.9,16049.8,16050.3,0.5,2813.710039
2026-06-10T15:50:00+00:00,16050.25,16053,16047.1,16047.5,16050,16050.5,16052.8,16053.2,16046.9,16047.3,16047.3,16047.7,0.4,5372.530048
2026-06-10T16:00:00+00:00,16047.4,16048,16044.3,16046,16047.3,16047.5,16047.8,16048.2,16044.1,16044.5,16045.8,16046.2,0.4,3544.120028
2026-06-10T16:10:00+00:00,16046.05,16047.35,16044.95,16045.45,16045.8,16046.3,16047.1,16047.6,16044.7,16045.2,16045.3,16045.6,0.3,3264.610022
2026-06-10T16:20:00+00:00,16045.35,16047.4,16044.9,16047.35,16045.2,16045.5,16047.2,16047.6,16044.7,16045.1,16047.1,16047.6,0.5,1344.210013
2026-06-10T16:30:00+00:00,16047.25,16048.9,16046.9,16048.2,16047.1,16047.4,16048.7,16049.1,16046.8,16047,16048,16048.4,0.4,920.1200124
2026-06-10T16:40:00+00:00,16048.15,16050.9,16048.15,16049.9,16048,16048.3,16050.7,16051.1,16048,16048.3,16049.7,16050.1,0.4,1142.650015
2026-06-10T16:50:00+00:00,16049.95,16051,16047.95,16048.85,16049.7,16050.2,16050.8,16051.2,16047.7,16048.2,16048.6,16049.1,0.5,1332.790007
2026-06-10T17:00:00+00:00,16048.8,16049.45,16046,16049.45,16048.5,16049.1,16049.2,16049.7,16045.8,16046.2,16049.2,16049.7,0.5,2336.430019
2026-06-10T17:10:00+00:00,16049.65,16050.95,16049.1,16050.85,16049.4,16049.9,16050.8,16051.1,16048.9,16049.3,16050.7,16051,0.3,589.4000081
2026-06-10T17:20:00+00:00,16050.75,16050.85,16047.9,16048.1,16050.6,16050.9,16050.7,16051,16047.8,16048,16047.9,16048.3,0.4,1979.240031
2026-06-10T17:30:00+00:00,16048.15,16051.45,16048.15,16051.35,16048,16048.3,16051.3,16051.6,16048,16048.3,16051.1,16051.6,0.5,1248.070027
2026-06-10T17:40:00+00:00,16051.3,16053.4,16051.2,16052.2,16051.1,16051.5,16053.3,16053.5,16051,16051.4,16052,16052.4,0.4,1434.600023
2026-06-10T17:50:00+00:00,16052.25,16054.2,16049.8,16050.5,16052.1,16052.4,16054,16054.4,16049.7,16049.9,16050.3,16050.7,0.4,2469.900041
2026-06-10T18:00:00+00:00,16050.55,16050.55,16047.5,16048.35,16050.4,16050.7,16050.4,16050.7,16047.3,16047.7,16048.2,16048.5,0.3,1268.980023
2026-06-10T18:10:00+00:00,16048.3,16049.5,16047.4,16048.65,16048.2,16048.4,16049.3,16049.7,16047.2,16047.6,16048.5,16048.8,0.3,1519.270017
2026-06-10T18:20:00+00:00,16048.7,16048.85,16046.9,16047.55,16048.5,16048.9,16048.6,16049.1,16046.8,16047,16047.4,16047.7,0.3,1618.650019
2026-06-10T18:30:00+00:00,16047.45,16049.05,16046.85,16047.3,16047.2,16047.7,16048.9,16049.2,16046.7,16047,16047.1,16047.5,0.4,673.9000123
2026-06-10T18:40:00+00:00,16047.4,16047.4,16045.4,16047.15,16047.2,16047.6,16047.2,16047.6,16045.2,16045.6,16047,16047.3,0.3,744.6800106
2026-06-10T18:50:00+00:00,16047.05,16050.1,16046.7,16049.75,16046.9,16047.2,16050,16050.2,16046.5,16046.9,16049.5,16050,0.5,946.8400103
2026-06-10T19:00:00+00:00,16049.7,16051.4,16049.45,16051.2,16049.4,16050,16051.2,16051.6,16049.3,16049.6,16051,16051.4,0.4,462.2800086
2026-06-10T19:10:00+00:00,16051.35,16052.55,16050.85,16052.5,16051.2,16051.5,16052.4,16052.7,16050.7,16051,16052.4,16052.6,0.2,403.5000075
2026-06-10T19:20:00+00:00,16052.55,16052.75,16052.15,16052.75,16052.4,16052.7,16052.6,16052.9,16052,16052.3,16052.6,16052.9,0.3,157.2000036
2026-06-10T19:30:00+00:00,16052.7,16052.7,16050.85,16052.3,16052.5,16052.9,16052.5,16052.9,16050.7,16051,16052.2,16052.4,0.2,465.7500088
2026-06-10T19:40:00+00:00,16052.2,16052.55,16051.2,16052.05,16052.1,16052.3,16052.4,16052.7,16051,16051.4,16051.9,16052.2,0.3,598.5000119
2026-06-10T19:50:00+00:00,16052.3,16054.1,16051.3,16053.85,16052.2,16052.4,16054,16054.2,16051.1,16051.5,16053.7,16054,0.3,948.300017
2026-06-10T20:00:00+00:00,16053.8,16055.1,16053.65,16054.65,16053.7,16053.9,16054.9,16055.3,16053.5,16053.8,16054.5,16054.8,0.3,500.2200103
2026-06-10T20:10:00+00:00,16054.8,16055.55,16054.6,16055.1,16054.7,16054.9,16055.3,16055.8,16054.4,16054.8,16054.9,16055.3,0.4,796.6700131
2026-06-10T20:20:00+00:00,16055.05,16055.4,16052.75,16053.85,16054.9,16055.2,16055.1,16055.7,16052.5,16053,16053.6,16054.1,0.5,325.1200073
2026-06-10T20:30:00+00:00,16054,16054.65,16052.4,16054,16053.8,16054.2,16054.4,16054.9,16052.1,16052.7,16053.7,16054.3,0.6,309.7200048
2026-06-10T20:40:00+00:00,16053.95,16057.05,16053.9,16056.95,16053.6,16054.3,16056.7,16057.4,16053.6,16054.2,16056.7,16057.2,0.5,907.1100172
2026-06-10T20:50:00+00:00,16056.85,16057.55,16054,16054.85,16056.5,16057.2,16057.1,16058,16052.6,16055.4,16052.6,16057.1,4.5,1020.46001
2026-06-10T21:00:00+00:00,16054.65,16055.05,16048.8,16050.65,16052.2,16057.1,16052.2,16057.9,16045.8,16051.8,16046.3,16055,8.7,73.10000134
2026-06-10T21:10:00+00:00,16050.85,16052.2,16049.45,16050.65,16046.6,16055.1,16048.6,16055.8,16046.2,16052.7,16048.6,16052.7,4.1,72.00000119
2026-06-10T21:20:00+00:00,16050.7,16051.55,16048.9,16050.75,16048.6,16052.8,16049.9,16053.2,16047.7,16050.1,16048.6,16052.9,4.3,163.8000026
2026-06-10T21:30:00+00:00,16051.8,16053.2,16049.65,16052.8,16050.6,16053,16051.6,16054.8,16048,16051.3,16051,16054.6,3.6,305.5500078
2026-06-10T21:40:00+00:00,16053.1,16053.15,16052.5,16052.7,16051.6,16054.6,16051.6,16054.7,16050.9,16054.1,16051,16054.4,3.4,53.85000134
2026-06-10T21:50:00+00:00,16052.85,16053.4,16052.05,16052.55,16050.9,16054.8,16052,16054.8,16050.9,16053.2,16051.4,16053.7,2.3,148.320003
2026-06-10T22:00:00+00:00,16052.55,16056.4,16051.85,16052.1,16051.5,16053.6,16056.1,16056.7,16051.4,16052.3,16051.8,16052.4,0.6,424.6999998
2026-06-10T22:10:00+00:00,16052.3,16054.4,16050.9,16053.25,16052.1,16052.5,16054,16054.8,16050.5,16051.3,16053,16053.5,0.5,474.0200104
2026-06-10T22:20:00+00:00,16053.3,16055.25,16052.75,16054.55,16053,16053.6,16054.9,16055.6,16052.6,16052.9,16054.2,16054.9,0.7,501.5300087
2026-06-10T22:30:00+00:00,16054.7,16054.7,16053.2,16053.75,16054.3,16055.1,16054.3,16055.1,16052.9,16053.5,16053.5,16054,0.5,378.8300078
2026-06-10T22:40:00+00:00,16053.6,16055.2,16051.75,16052.3,16053.3,16053.9,16054.8,16055.6,16051.3,16052.2,16052,16052.6,0.6,687.8300081
2026-06-10T22:50:00+00:00,16052.4,16055.7,16052.2,16054.65,16052.2,16052.6,16055.3,16056.1,16051.9,16052.5,16054.1,16055.2,1.1,935.8600056
2026-06-10T23:00:00+00:00,16054.6,16056.15,16054.5,16055.75,16054.2,16055,16055.9,16056.4,16054.2,16054.8,16055.5,16056,0.5,592.3600112
2026-06-10T23:10:00+00:00,16055.75,16056.15,16051.9,16053.45,16055.5,16056,16056,16056.3,16051.7,16052.1,16053.2,16053.7,0.5,870.8900192
2026-06-10T23:20:00+00:00,16053.4,16054.3,16052.15,16053.4,16053.2,16053.6,16054.1,16054.5,16051.9,16052.4,16053.2,16053.6,0.4,1581.580042
2026-06-10T23:30:00+00:00,16053.45,16054.65,16052.85,16053.6,16053.3,16053.6,16054.4,16054.9,16052.6,16053.1,16053.4,16053.8,0.4,747.5800132
2026-06-10T23:40:00+00:00,16053.7,16053.9,16051.55,16052.7,16053.4,16054,16053.6,16054.2,16051.4,16051.7,16052.4,16053,0.6,847.2100129
2026-06-10T23:50:00+00:00,16052.8,16054.25,16052.3,16053.5,16052.6,16053,16053.9,16054.6,16052.1,16052.5,16053.2,16053.8,0.6,1320.860021
2026-06-11T00:00:00+00:00,16053.1,16053.5,16049.6,16050.05,16053,16053.2,16053.3,16053.7,16049.4,16049.8,16049.9,16050.2,0.3,2216.410027
2026-06-11T00:10:00+00:00,16050.1,16053.15,16049.8,16053,16049.9,16050.3,16052.9,16053.4,16049.6,16050,16052.6,16053.4,0.8,1910.890031
2026-06-11T00:20:00+00:00,16052.85,16054.7,16051.8,16053.45,16052.6,16053.1,16054.4,16055,16051.5,16052.1,16053.2,16053.7,0.5,1022.510012
2026-06-11T00:30:00+00:00,16053.5,16054.85,16052.75,16053.3,16053.2,16053.8,16054.6,16055.1,16052.6,16052.9,16053,16053.6,0.6,1383.730015
2026-06-11T00:40:00+00:00,16053.35,16053.5,16051.9,16053.05,16053,16053.7,16053.2,16053.8,16051.7,16052.1,16052.8,16053.3,0.5,964.2700127
2026-06-11T00:50:00+00:00,16053.15,16054.9,16051.3,16051.85,16052.9,16053.4,16054.8,16055,16051.1,16051.5,16051.6,16052.1,0.5,1792.03002
2026-06-11T01:00:00+00:00,16051.8,16054.75,16048.1,16049.15,16051.6,16052,16054.5,16055,16047.9,16048.3,16049,16049.3,0.3,2474.910033
2026-06-11T01:10:00+00:00,16049.2,16049.25,16046.65,16047.2,16048.9,16049.5,16049,16049.5,16046.4,16046.9,16047,16047.4,0.4,1269.460016
2026-06-11T01:20:00+00:00,16047.15,16047.15,16042.85,16044.4,16046.9,16047.4,16046.9,16047.4,16042.5,16043.2,16044.2,16044.6,0.4,767.2900102
2026-06-11T01:30:00+00:00,16044.45,16045.85,16043.8,16044,16044.2,16044.7,16045.6,16046.1,16043.5,16044.1,16043.8,16044.2,0.4,615.0000086
2026-06-11T01:40:00+00:00,16044.05,16047.9,16043.85,16047.75,16043.8,16044.3,16047.7,16048.1,16043.5,16044.2,16047.5,16048,0.5,797.3800106
2026-06-11T01:50:00+00:00,16047.8,16049.5,16047.55,16048.9,16047.7,16047.9,16049.4,16049.6,16047.4,16047.7,16048.6,16049.2,0.6,763.4300115
2026-06-11T02:00:00+00:00,16049.05,16051.15,16048.9,16050,16048.8,16049.3,16051,16051.3,16048.7,16049.1,16049.7,16050.3,0.6,663.2400126
2026-06-11T02:10:00+00:00,16049.85,16051,16047.65,16050.2,16049.7,16050,16050.7,16051.3,16047.5,16047.8,16050,16050.4,0.4,468.1600091
2026-06-11T02:20:00+00:00,16050.05,16051.4,16049,16051.1,16049.9,16050.2,16051.2,16051.6,16048.8,16049.2,16050.9,16051.3,0.4,557.1400096
2026-06-11T02:30:00+00:00,16050.95,16051.9,16050.1,16051.05,16050.8,16051.1,16051.7,16052.1,16049.9,16050.3,16050.8,16051.3,0.5,413.0200075
2026-06-11T02:40:00+00:00,16051,16053.6,16050.9,16053.1,16050.7,16051.3,16053.3,16053.9,16050.6,16051.2,16052.9,16053.3,0.4,899.0200139
2026-06-11T02:50:00+00:00,16053.05,16053.5,16050.95,16051.55,16052.9,16053.2,16053.3,16053.7,16050.8,16051.1,16051.4,16051.7,0.3,411.5000075
2026-06-11T03:00:00+00:00,16051.75,16052.75,16051.5,16052.05,16051.6,16051.9,16052.5,16053,16051.3,16051.7,16051.9,16052.2,0.3,341.7300068
2026-06-11T03:10:00+00:00,16052.25,16053.65,16052.2,16052.6,16052.1,16052.4,16053.5,16053.8,16052,16052.4,16052.5,16052.7,0.2,452.5300077
2026-06-11T03:20:00+00:00,16052.65,16052.7,16051.6,16052.05,16052.5,16052.8,16052.5,16052.9,16051.4,16051.8,16051.9,16052.2,0.3,382.8000091
2026-06-11T03:30:00+00:00,16051.95,16052.3,16051,16052.1,16051.8,16052.1,16052.1,16052.5,16050.8,16051.2,16051.9,16052.3,0.4,241.1800047
2026-06-11T03:40:00+00:00,16052.05,16053.05,16051.8,16052.7,16051.8,16052.3,16052.9,16053.2,16051.6,16052,16052.5,16052.9,0.4,706.1600106
2026-06-11T03:50:00+00:00,16052.75,16053.05,16051.35,16051.5,16052.6,16052.9,16052.9,16053.2,16051.2,16051.5,16051.3,16051.7,0.4,620.910006
2026-06-11T04:00:00+00:00,16051.4,16053.3,16051.15,16052.75,16051.2,16051.6,16053.2,16053.4,16051,16051.3,16052.6,16052.9,0.3,260.5200055
2026-06-11T04:10:00+00:00,16052.6,16053,16051.35,16051.7,16052.3,16052.9,16052.8,16053.2,16051.1,16051.6,16051.5,16051.9,0.4,138.5700027
2026-06-11T04:20:00+00:00,16051.8,16051.85,16051.25,16051.45,16051.6,16052,16051.7,16052,16051.1,16051.4,16051.3,16051.6,0.3,194.4000038
2026-06-11T04:30:00+00:00,16051.4,16051.7,16050.1,16050.9,16051.2,16051.6,16051.5,16051.9,16049.9,16050.3,16050.8,16051,0.2,405.180006
2026-06-11T04:40:00+00:00,16050.85,16051.35,16050.2,16050.85,16050.8,16050.9,16051,16051.7,16050,16050.4,16050.7,16051,0.3,614.0500118
2026-06-11T04:50:00+00:00,16050.15,16050.9,16049.65,16050.6,16050.1,16050.2,16050.7,16051.1,16049.5,16049.8,16050.4,16050.8,0.4,222.9100038
2026-06-11T05:00:00+00:00,16050.7,16051.85,16050.45,16050.6,16050.5,16050.9,16051.7,16052,16050.2,16050.7,16050.4,16050.8,0.4,374.4400067
2026-06-11T05:10:00+00:00,16050.4,16051.15,16049.9,16050.5,16050.2,16050.6,16051,16051.3,16049.7,16050.1,16050.3,16050.7,0.4,254.2800045
2026-06-11T05:20:00+00:00,16050.45,16051.4,16049.55,16051.25,16050.2,16050.7,16051.2,16051.6,16049.4,16049.7,16051,16051.5,0.5,266.1300045
2026-06-11T05:30:00+00:00,16051.2,16052.1,16050.6,16051.9,16051,16051.4,16051.9,16052.3,16050.5,16050.7,16051.7,16052.1,0.4,487.1300055
2026-06-11T05:40:00+00:00,16051.85,16053.5,16050.95,16053.45,16051.6,16052.1,16053.3,16053.7,16050.8,16051.1,16053.2,16053.7,0.5,509.4000063
2026-06-11T05:50:00+00:00,16053.4,16055,16053.25,16054.55,16053.2,16053.6,16054.8,16055.2,16052.9,16053.6,16054.3,16054.8,0.5,881.3300155
2026-06-11T06:00:00+00:00,16054.75,16056,16053.85,16055.8,16054.6,16054.9,16055.8,16056.2,16053.6,16054.1,16055.5,16056.1,0.6,1580.960021
2026-06-11T06:10:00+00:00,16055.75,16056,16053.6,16055.3,16055.6,16055.9,16055.8,16056.2,16053.4,16053.8,16055.1,16055.5,0.4,1149.840014
2026-06-11T06:20:00+00:00,16055.4,16058.25,16055,16058,16055.3,16055.5,16058,16058.5,16054.8,16055.2,16057.8,16058.2,0.4,1331.610019
2026-06-11T06:30:00+00:00,16057.9,16058.65,16056.1,16056.95,16057.7,16058.1,16058.4,16058.9,16055.9,16056.3,16056.7,16057.2,0.5,846.0900091
2026-06-11T06:40:00+00:00,16056.95,16058.95,16056.35,16056.6,16056.7,16057.2,16058.7,16059.2,16056.1,16056.6,16056.4,16056.8,0.4,1181.220012
2026-06-11T06:50:00+00:00,16056.5,16057.45,16054.7,16055.9,16056.3,16056.7,16057.2,16057.7,16054.5,16054.9,16055.7,16056.1,0.4,949.9500133
2026-06-11T07:00:00+00:00,16055.75,16055.75,16049.95,16050.1,16055.5,16056,16055.5,16056,16049.7,16050.2,16049.9,16050.3,0.4,1718.920021
2026-06-11T07:10:00+00:00,16050.05,16052.85,16049.5,16051.7,16049.9,16050.2,16052.7,16053,16049.3,16049.7,16051.5,16051.9,0.4,1400.930021
2026-06-11T07:20:00+00:00,16051.65,16052,16050.4,16051.1,16051.4,16051.9,16051.8,16052.2,16050.2,16050.6,16050.8,16051.4,0.6,1194.57002
2026-06-11T07:30:00+00:00,16051.05,16054.15,16050.35,16053.85,16050.9,16051.2,16053.9,16054.4,16050.1,16050.6,16053.6,16054.1,0.5,1005.730015
2026-06-11T07:40:00+00:00,16053.95,16054.05,16049.65,16051.25,16053.7,16054.2,16053.8,16054.3,16049.4,16049.9,16051,16051.5,0.5,1149.420018
2026-06-11T07:50:00+00:00,16051.3,16052.6,16049.95,16050.75,16051.1,16051.5,16052.4,16052.8,16049.7,16050.2,16050.6,16050.9,0.3,1302.280015
2026-06-11T08:00:00+00:00,16050.8,16052,16050,16051.05,16050.6,16051,16051.8,16052.2,16049.8,16050.2,16050.9,16051.2,0.3,1775.430025
2026-06-11T08:10:00+00:00,16051.1,16051.55,16050.3,16051,16050.9,16051.3,16051.3,16051.8,16050.1,16050.5,16050.8,16051.2,0.4,961.7700151
2026-06-11T08:20:00+00:00,16050.95,16052.1,16050.6,16051.95,16050.8,16051.1,16051.9,16052.3,16050.4,16050.8,16051.8,16052.1,0.3,649.400014
2026-06-11T08:30:00+00:00,16052,16053.75,16051.35,16052,16051.8,16052.2,16053.5,16054,16051.1,16051.6,16051.8,16052.2,0.4,764.1000131
2026-06-11T08:40:00+00:00,16052.05,16054.25,16052.05,16053.25,16051.8,16052.3,16054.1,16054.4,16051.8,16052.3,16053.1,16053.4,0.3,594.1500084
2026-06-11T08:50:00+00:00,16053.15,16054.3,16052.9,16053.55,16053,16053.3,16054.1,16054.5,16052.7,16053.1,16053.3,16053.8,0.5,800.9400103
2026-06-11T09:00:00+00:00,16053.65,16054.55,16053.3,16054.1,16053.4,16053.9,16054.3,16054.8,16053.1,16053.5,16053.9,16054.3,0.4,586.5300097
2026-06-11T09:10:00+00:00,16054.2,16055,16053.8,16054.2,16054,16054.4,16054.8,16055.2,16053.6,16054,16054,16054.4,0.4,950.910014
2026-06-11T09:20:00+00:00,16054.3,16054.75,16052.9,16053.25,16054.1,16054.5,16054.6,16054.9,16052.7,16053.1,16052.9,16053.6,0.7,674.3400096
2026-06-11T09:30:00+00:00,16053.5,16054.85,16053.4,16053.95,16053.3,16053.7,16054.7,16055,16053.2,16053.6,16053.8,16054.1,0.3,506.740007
2026-06-11T09:40:00+00:00,16054,16054.15,16052.6,16053.35,16053.9,16054.1,16054,16054.3,16052.3,16052.9,16053.1,16053.6,0.5,660.8200098
2026-06-11T09:50:00+00:00,16053.25,16053.7,16051.55,16053.2,16053.1,16053.4,16053.4,16054,16051.4,16051.7,16052.9,16053.5,0.6,874.6000119
2026-06-11T10:00:00+00:00,16053.2,16054.35,16052.9,16053.7,16053.1,16053.3,16054.2,16054.5,16052.7,16053.1,16053.5,16053.9,0.4,724.5900095
2026-06-11T10:10:00+00:00,16053.65,16054.95,16053.65,16054.9,16053.4,16053.9,16054.8,16055.1,16053.4,16053.9,16054.7,16055.1,0.4,549.5400096
2026-06-11T10:20:00+00:00,16054.9,16055.4,16054.6,16054.8,16054.8,16055,16055.2,16055.6,16054.4,16054.8,16054.6,16055,0.4,483.960008
2026-06-11T10:30:00+00:00,16054.75,16055,16052.65,16054.35,16054.6,16054.9,16054.8,16055.2,16052.5,16052.8,16054.1,16054.6,0.5,1218.750017
2026-06-11T10:40:00+00:00,16054.3,16054.3,16052.7,16053.15,16054.1,16054.5,16054.1,16054.5,16052.5,16052.9,16052.9,16053.4,0.5,1804.010011
2026-06-11T10:50:00+00:00,16053.1,16053.55,16052.45,16052.8,16052.9,16053.3,16053.4,16053.7,16052.3,16052.6,16052.6,16053,0.4,1985.790026
2026-06-11T11:00:00+00:00,16052.75,16053.55,16051,16053.05,16052.6,16052.9,16053.4,16053.7,16050.8,16051.2,16052.7,16053.4,0.7,2746.55004
2026-06-11T11:10:00+00:00,16053,16053.15,16051.95,16052.6,16052.7,16053.3,16052.9,16053.4,16051.8,16052.1,16052.4,16052.8,0.4,1665.700021
2026-06-11T11:20:00+00:00,16052.65,16053.2,16051.85,16052.6,16052.5,16052.8,16053,16053.4,16051.8,16051.9,16052.4,16052.8,0.4,1756.830032
2026-06-11T11:30:00+00:00,16052.65,16052.95,16050.9,16052.75,16052.5,16052.8,16052.8,16053.1,16050.7,16051.1,16052.6,16052.9,0.3,2523.020031
2026-06-11T11:40:00+00:00,16052.7,16052.85,16051.35,16052.1,16052.4,16053,16052.7,16053,16051.2,16051.5,16051.9,16052.3,0.4,710.6700087
2026-06-11T11:50:00+00:00,16052.15,16053.65,16051.4,16053.65,16052,16052.3,16053.5,16053.8,16051.2,16051.6,16053.5,16053.8,0.3,1417.860019
2026-06-11T12:00:00+00:00,16053.75,16053.9,16052.7,16053.3,16053.6,16053.9,16053.8,16054,16052.5,16052.9,16053.1,16053.5,0.4,1340.240013
2026-06-11T12:10:00+00:00,16053.35,16054.8,16052.7,16054.4,16053.2,16053.5,16054.7,16054.9,16052.5,16052.9,16054.3,16054.5,0.2,1661.670022
2026-06-11T12:20:00+00:00,16054.45,16059.35,16054.05,16057.25,16054.3,16054.6,16059.2,16059.5,16053.9,16054.2,16056.2,16058.3,2.1,3785.34005
2026-06-11T12:30:00+00:00,16057.3,16059.6,16053.5,16058.1,16056.2,16058.4,16059.4,16059.8,16053,16054,16057.9,16058.3,0.4,3209.430051
2026-06-11T12:40:00+00:00,16058.15,16059.3,16053.05,16055,16058,16058.3,16059.2,16059.4,16052.8,16053.3,16054.7,16055.3,0.6,6277.430082
2026-06-11T12:50:00+00:00,16055,16055.6,16052.25,16053.3,16054.7,16055.3,16055.3,16055.9,16052.1,16052.4,16053.1,16053.5,0.4,4492.09005
2026-06-11T13:00:00+00:00,16053.35,16055.85,16053.15,16054.4,16053.2,16053.5,16055.6,16056.1,16052.9,16053.4,16054.2,16054.6,0.4,3596.830039
2026-06-11T13:10:00+00:00,16054.45,16055.35,16053.55,16055.3,16054.3,16054.6,16055.1,16055.6,16053.4,16053.7,16055.1,16055.5,0.4,3954.330035
2026-06-11T13:20:00+00:00,16055.35,16055.95,16052.45,16053.75,16055.2,16055.5,16055.7,16056.2,16052.2,16052.7,16053.6,16053.9,0.3,2590.680028
2026-06-11T13:30:00+00:00,16053.55,16053.9,16050.8,16053.65,16053.4,16053.7,16053.7,16054.1,16050.5,16051.1,16053.4,16053.9,0.5,3092.98004
2026-06-11T13:40:00+00:00,16053.7,16054.35,16046.8,16050,16053.5,16053.9,16054.2,16054.5,16046.7,16046.9,16049.8,16050.2,0.4,5696.550056
2026-06-11T13:50:00+00:00,16049.95,16049.95,16045.8,16048.75,16049.7,16050.2,16049.7,16050.2,16045.6,16046,16048.5,16049,0.5,3516.930041
2026-06-11T14:00:00+00:00,16048.7,16051.05,16047.25,16049.1,16048.5,16048.9,16050.8,16051.3,16047,16047.5,16048.9,16049.3,0.4,3094.63004
2026-06-11T14:10:00+00:00,16049.15,16052.35,16049.15,16052,16049,16049.3,16052.1,16052.6,16049,16049.3,16051.7,16052.3,0.6,1733.130019
2026-06-11T14:20:00+00:00,16051.9,16055.15,16050.75,16054.35,16051.7,16052.1,16054.9,16055.4,16050.5,16051,16054.1,16054.6,0.5,1489.74002
2026-06-11T14:30:00+00:00,16054.25,16055.35,16052.6,16053.05,16054.1,16054.4,16055.2,16055.5,16052.4,16052.8,16052.9,16053.2,0.3,2611.000027
2026-06-11T14:40:00+00:00,16052.85,16053.15,16050.75,16052.35,16052.7,16053,16052.9,16053.4,16050.6,16050.9,16052.1,16052.6,0.5,1176.530013
2026-06-11T14:50:00+00:00,16052.35,16052.75,16049.65,16050.75,16052.2,16052.5,16052.6,16052.9,16049.5,16049.8,16050.5,16051,0.5,3528.820053
2026-06-11T15:00:00+00:00,16050.9,16051.25,16047.15,16049.5,16050.7,16051.1,16051.1,16051.4,16047,16047.3,16049.4,16049.6,0.2,4237.500051
2026-06-11T15:10:00+00:00,16049.55,16050.3,16047.3,16048.6,16049.4,16049.7,16050.2,16050.4,16047.2,16047.4,16048.5,16048.7,0.2,2287.620021
2026-06-11T15:20:00+00:00,16048.7,16049.1,16047.3,16048.25,16048.5,16048.9,16048.9,16049.3,16047.1,16047.5,16048.1,16048.4,0.3,1045.340015
2026-06-11T15:30:00+00:00,16048.05,16050.75,16047.3,16050.7,16047.9,16048.2,16050.6,16050.9,16047.2,16047.4,16050.5,16050.9,0.4,1053.390018
2026-06-11T15:40:00+00:00,16050.6,16052,16049.1,16050.7,16050.4,16050.8,16051.9,16052.1,16049,16049.2,16050.6,16050.8,0.2,844.3000165
2026-06-11T15:50:00+00:00,16050.65,16052.15,16049.3,16051,16050.5,16050.8,16052,16052.3,16049.2,16049.4,16050.8,16051.2,0.4,600.1000111
2026-06-11T16:00:00+00:00,16050.85,16052.35,16050.5,16052.2,16050.7,16051,16052.1,16052.6,16050.4,16050.6,16052,16052.4,0.4,794.8200115
2026-06-11T16:10:00+00:00,16052.25,16054.7,16052.25,16053.3,16052,16052.5,16054.5,16054.9,16052,16052.5,16053.1,16053.5,0.4,555.5900097
2026-06-11T16:20:00+00:00,16053.25,16055.8,16053.2,16053.85,16053.1,16053.4,16055.7,16055.9,16053,16053.4,16053.7,16054,0.3,729.4300109
2026-06-11T16:30:00+00:00,16053.95,16054.6,16052.1,16052.95,16053.8,16054.1,16054.5,16054.7,16051.9,16052.3,16052.8,16053.1,0.3,843.2900126
2026-06-11T16:40:00+00:00,16052.9,16052.9,16052.1,16052.65,16052.8,16053,16052.8,16053,16051.9,16052.3,16052.5,16052.8,0.3,1043.850027
2026-06-11T16:50:00+00:00,16052.6,16053.95,16052.25,16053.05,16052.5,16052.7,16053.8,16054.1,16052,16052.5,16052.9,16053.2,0.3,1160.920015
2026-06-11T17:00:00+00:00,16053.15,16054.85,16052.55,16053.15,16053,16053.3,16054.7,16055,16052.4,16052.7,16053,16053.3,0.3,1482.440022
2026-06-11T17:10:00+00:00,16052.95,16054.15,16052.05,16052.65,16052.9,16053,16054,16054.3,16051.9,16052.2,16052.5,16052.8,0.3,1124.750011
2026-06-11T17:20:00+00:00,16052.75,16053.95,16040,16040.2,16052.6,16052.9,16053.8,16054.1,16039.8,16040.2,16040,16040.4,0.4,2473.40004
2026-06-11T17:30:00+00:00,16040,16040.05,16010.15,16010.6,16039.7,16040.3,16039.8,16040.3,16009.9,16010.4,16010.4,16010.8,0.4,10685.76018
2026-06-11T17:40:00+00:00,16010.55,16014.35,16003.2,16013.4,16010.3,16010.8,16014.1,16014.6,16003,16003.4,16013.3,16013.5,0.2,8118.200134
2026-06-11T17:50:00+00:00,16013.5,16018.55,16006.4,16012.55,16013.3,16013.7,16018.3,16018.8,16006.1,16006.7,16012.3,16012.8,0.5,6381.510097
2026-06-11T18:00:00+00:00,16012.45,16028.45,16011.25,16019.25,16012.2,16012.7,16028.3,16028.6,16011,16011.5,16019,16019.5,0.5,8004.460119
2026-06-11T18:10:00+00:00,16019.35,16020,16005,16006.5,16019.1,16019.6,16019.8,16020.2,16004.8,16005.2,16006.3,16006.7,0.4,4793.710071
2026-06-11T18:20:00+00:00,16006.55,16013.85,16005.7,16010.9,16006.4,16006.7,16013.6,16014.1,16005.5,16005.9,16010.7,16011.1,0.4,5280.85007
2026-06-11T18:30:00+00:00,16010.75,16017,16008.25,16010.4,16010.5,16011,16016.8,16017.2,16008,16008.5,16010.2,16010.6,0.4,2391.240047
2026-06-11T18:40:00+00:00,16010.6,16010.65,15996.45,15996.55,16010.4,16010.8,16010.4,16010.9,15996.2,15996.7,15996.4,15996.7,0.3,1895.470034
2026-06-11T18:50:00+00:00,15996.6,16008.35,15994.05,16007.95,15996.5,15996.7,16008.3,16008.4,15993.8,15994.3,16007.8,16008.1,0.3,3388.210069
2026-06-11T19:00:00+00:00,16008.05,16008.35,15995.8,15996.45,16007.8,16008.3,16008.2,16008.5,15995.6,15996,15996.2,15996.7,0.5,5121.8901
2026-06-11T19:10:00+00:00,15996.5,15997.15,15985.8,15985.9,15996.3,15996.7,15996.9,15997.4,15985.6,15986,15985.6,15986.2,0.6,4580.590082
2026-06-11T19:20:00+00:00,15986.05,15988.95,15982.1,15983.9,15985.9,15986.2,15988.8,15989.1,15981.9,15982.3,15983.6,15984.2,0.6,2421.320044
2026-06-11T19:30:00+00:00,15983.8,15983.85,15957.55,15972.1,15983.6,15984,15983.7,15984,15956.3,15958.8,15971.8,15972.4,0.6,6481.540124
2026-06-11T19:40:00+00:00,15972.15,15980.8,15970.3,15977.05,15971.7,15972.6,15980.5,15981.1,15970,15970.6,15976.8,15977.3,0.5,5217.430077
2026-06-11T19:50:00+00:00,15977,15980,15975.2,15979.45,15976.7,15977.3,15979.8,15980.2,15975,15975.4,15979.1,15979.8,0.7,4248.220058
2026-06-11T20:00:00+00:00,15978.95,15982.4,15974.6,15982.1,15978.7,15979.2,15982.1,15982.7,15974.3,15974.9,15981.8,15982.4,0.6,2487.930036
2026-06-11T20:10:00+00:00,15982.15,15988.55,15980.85,15987,15981.8,15982.5,15988.3,15988.8,15980.6,15981.1,15986.6,15987.4,0.8,1436.760017
2026-06-11T20:20:00+00:00,15987.1,15989.8,15985.3,15988.5,15986.8,15987.4,15989.5,15990.1,15985,15985.6,15988.2,15988.8,0.6,916.3100164
2026-06-11T20:30:00+00:00,15988.35,15993.55,15986,15991.15,15988.1,15988.6,15993.1,15994,15985.8,15986.2,15990.9,15991.4,0.5,908.6500151
2026-06-11T20:40:00+00:00,15991.05,15996.05,15991.05,15993.95,15990.8,15991.3,15995.7,15996.4,15990.8,15991.3,15993.6,15994.3,0.7,1622.360024
2026-06-11T20:50:00+00:00,15993.9,15998.15,15991.5,15993.15,15993.5,15994.3,15997.7,15998.6,15989.6,15993.4,15989.6,15996.7,7.1,1394.220013
2026-06-11T21:00:00+00:00,15993.25,15995.55,15990.55,15992.55,15989.6,15996.9,15989.6,16001.5,15985.3,15995.8,15987.6,15997.5,9.9,72.82000014
2026-06-11T21:10:00+00:00,15992.25,15995.8,15991.95,15992.7,15987.6,15996.9,15991.9,15999.7,15987.3,15996.6,15988.4,15997,8.6,130.3500015
2026-06-11T21:20:00+00:00,15992.95,15996,15992.1,15994.8,15988.8,15997.1,15992.9,15999.1,15987.7,15996.5,15992.9,15996.7,3.8,87.60000098
2026-06-11T21:30:00+00:00,15994.75,15999.55,15993.8,15997.3,15992.9,15996.6,15998.4,16000.7,15991.6,15996,15995.9,15998.7,2.8,574.0500118
2026-06-11T21:40:00+00:00,15997.35,15998.6,15995.6,15997.4,15995.9,15998.8,15997.2,16000,15993.4,15997.8,15995.6,15999.2,3.6,361.7700073
2026-06-11T21:50:00+00:00,15997.45,15997.55,15995.4,15996.65,15995.6,15999.3,15995.6,15999.5,15992.7,15998.1,15994.8,15998.5,3.7,1097.550007
2026-06-11T22:00:00+00:00,15996.6,15999.6,15994.1,15999.55,15994.8,15998.4,15999.3,15999.9,15993.6,15994.6,15999.2,15999.9,0.7,562.4800012
2026-06-11T22:10:00+00:00,15999.6,16002.25,15999.3,16001.25,15999.3,15999.9,16001.6,16002.9,15999.1,15999.5,16000.9,16001.6,0.7,583.6800143
2026-06-11T22:20:00+00:00,16001.05,16005.85,16000.85,16004.15,16000.7,16001.4,16005.5,16006.2,16000.6,16001.1,16003.9,16004.4,0.5,1702.080039
2026-06-11T22:30:00+00:00,16004.1,16009,16003.9,16008.4,16003.8,16004.4,16008.6,16009.4,16003.6,16004.2,16008,16008.8,0.8,1765.500031
2026-06-11T22:40:00+00:00,16008.5,16008.8,15999.85,15999.95,16008.1,16008.9,16008.5,16009.1,15999.5,16000.2,15999.6,16000.3,0.7,1581.39003
2026-06-11T22:50:00+00:00,15999.35,16004.35,15999.25,16001.8,15999.1,15999.6,16004,16004.7,15998.9,15999.6,16001.3,16002.3,1,844.080013
2026-06-11T23:00:00+00:00,16001.8,16002.35,15997.35,16000.8,16001.3,16002.3,16001.9,16002.8,15997.2,15997.5,16000.3,16001.3,1,1218.670015
2026-06-11T23:10:00+00:00,16000.75,16001.95,15999.5,16001.4,16000.4,16001.1,16001.6,16002.3,15999.2,15999.8,16001.1,16001.7,0.6,905.700016
2026-06-11T23:20:00+00:00,16001.35,16005.2,16001.05,16005.15,16001,16001.7,16004.9,16005.5,16000.7,16001.4,16004.9,16005.4,0.5,907.7100115
2026-06-11T23:30:00+00:00,16005.2,16009.1,16004.9,16007.85,16004.9,16005.5,16008.8,16009.4,16004.6,16005.2,16007.6,16008.1,0.5,1637.620019
2026-06-11T23:40:00+00:00,16007.9,16012.35,16007.25,16012.1,16007.7,16008.1,16012.1,16012.6,16006.9,16007.6,16011.8,16012.4,0.6,1153.270016
2026-06-11T23:50:00+00:00,16012.15,16015.05,16012.1,16013.8,16011.9,16012.4,16014.7,16015.4,16011.8,16012.4,16013.5,16014.1,0.6,1735.360019
2026-06-12T00:00:00+00:00,16014.05,16019.8,16013.55,16017.35,16013.8,16014.3,16019.5,16020.1,16013.2,16013.9,16017.1,16017.6,0.5,3573.870041
2026-06-12T00:10:00+00:00,16017.3,16018.95,16015.7,16016.15,16017,16017.6,16018.7,16019.2,16015.4,16016,16015.9,16016.4,0.5,1800.330022
2026-06-12T00:20:00+00:00,16016.2,16020.15,16015.05,16018,16015.9,16016.5,16019.8,16020.5,16014.9,16015.2,16017.8,16018.2,0.4,1749.66003
2026-06-12T00:30:00+00:00,16017.95,16020.55,16017,16019.95,16017.7,16018.2,16020.4,16020.7,16016.8,16017.2,16019.8,16020.1,0.3,1572.350031
2026-06-12T00:40:00+00:00,16019.9,16021.95,16019.75,16020.85,16019.7,16020.1,16021.7,16022.2,16019.5,16020,16020.6,16021.1,0.5,1428.010021
2026-06-12T00:50:00+00:00,16020.75,16021,16012.8,16017.15,16020.5,16021,16020.8,16021.2,16012.5,16013.1,16016.9,16017.4,0.5,3750.200054
2026-06-12T01:00:00+00:00,16017.05,16020.6,16017,16019.65,16016.9,16017.2,16020.4,16020.8,16016.8,16017.2,16019.3,16020,0.7,2262.800038
2026-06-12T01:10:00+00:00,16019.55,16020.7,16017.45,16018.55,16019.3,16019.8,16020.5,16020.9,16017.3,16017.6,16018.3,16018.8,0.5,1424.260026
2026-06-12T01:20:00+00:00,16018.4,16018.95,16015.25,16016.75,16018.2,16018.6,16018.7,16019.2,16015.1,16015.4,16016.6,16016.9,0.3,666.0000159
2026-06-12T01:30:00+00:00,16016.9,16019.85,16016.05,16019.75,16016.7,16017.1,16019.7,16020,16015.9,16016.2,16019.5,16020,0.5,1470.420022
2026-06-12T01:40:00+00:00,16019.7,16022.45,16019.5,16022.25,16019.5,16019.9,16022.2,16022.7,16019.3,16019.7,16022.2,16022.3,0.1,1340.680015
2026-06-12T01:50:00+00:00,16022.2,16026.7,16022.2,16026.65,16022.1,16022.3,16026.5,16026.9,16022.1,16022.3,16026.4,16026.9,0.5,972.3800149
2026-06-12T02:00:00+00:00,16026.6,16026.95,16025,16025.75,16026.4,16026.8,16026.7,16027.2,16024.8,16025.2,16025.5,16026,0.5,1091.430014
2026-06-12T02:10:00+00:00,16025.7,16026.65,16024.5,16025.75,16025.5,16025.9,16026.4,16026.9,16024.2,16024.8,16025.6,16025.9,0.3,1168.190011
2026-06-12T02:20:00+00:00,16025.8,16029.9,16025.5,16029.8,16025.6,16026,16029.6,16030.2,16025.2,16025.8,16029.5,16030.1,0.6,1013.040011
2026-06-12T02:30:00+00:00,16029.7,16030.4,16028.35,16029.35,16029.4,16030,16030.1,16030.7,16028.1,16028.6,16029.1,16029.6,0.5,1098.30001
2026-06-12T02:40:00+00:00,16029.25,16029.55,16026.55,16026.55,16029.1,16029.4,16029.3,16029.8,16026.4,16026.7,16026.4,16026.7,0.3,846.7500089
2026-06-12T02:50:00+00:00,16026.65,16030.65,16026.4,16029,16026.4,16026.9,16030.4,16030.9,16026.2,16026.6,16028.7,16029.3,0.6,1541.250017
2026-06-12T03:00:00+00:00,16029.15,16029.6,16027.55,16029.25,16028.9,16029.4,16029.3,16029.9,16027.3,16027.8,16029,16029.5,0.5,913.9600101
2026-06-12T03:10:00+00:00,16029.2,16029.6,16028.5,16028.7,16029,16029.4,16029.4,16029.8,16028.3,16028.7,16028.5,16028.9,0.4,376.950006
2026-06-12T03:20:00+00:00,16028.75,16028.95,16024.7,16025.45,16028.5,16029,16028.8,16029.1,16024.5,16024.9,16025.1,16025.8,0.7,1675.740019
2026-06-12T03:30:00+00:00,16025.5,16025.9,16021.15,16023.4,16025.1,16025.9,16025.6,16026.2,16020.9,16021.4,16023,16023.8,0.8,2080.630022
2026-06-12T03:40:00+00:00,16023.2,16025.55,16021.65,16025.5,16022.9,16023.5,16025.3,16025.8,16021.4,16021.9,16025.2,16025.8,0.6,1305.520017
2026-06-12T03:50:00+00:00,16025.55,16025.9,16022.95,16023.35,16025.3,16025.8,16025.6,16026.2,16022.7,16023.2,16023.1,16023.6,0.5,1159.510018
2026-06-12T04:00:00+00:00,16023.1,16027.1,16022.85,16026.5,16022.9,16023.3,16026.8,16027.4,16022.6,16023.1,16026.3,16026.7,0.4,945.6200131
2026-06-12T04:10:00+00:00,16026.45,16026.45,16022.95,16025.35,16026.2,16026.7,16026.2,16026.7,16022.8,16023.1,16025.1,16025.6,0.5,306.5600061
2026-06-12T04:20:00+00:00,16025.4,16026.25,16024.55,16025.6,16025.2,16025.6,16026,16026.5,16024.4,16024.7,16025.4,16025.8,0.4,359.1800077
2026-06-12T04:30:00+00:00,16025.65,16026.05,16024.35,16025.3,16025.4,16025.9,16025.8,16026.3,16024.1,16024.6,16025,16025.6,0.6,826.6400141
2026-06-12T04:40:00+00:00,16025.25,16025.3,16023.05,16023.45,16025,16025.5,16025,16025.6,16022.7,16023.4,16023.1,16023.8,0.7,772.7800139
2026-06-12T04:50:00+00:00,16023.6,16026.4,16023.25,16025.75,16023.3,16023.9,16026.2,16026.6,16023,16023.5,16025.5,16026,0.5,810.6100118
2026-06-12T05:00:00+00:00,16025.75,16026.45,16024.2,16025.8,16025.4,16026.1,16026.2,16026.7,16023.9,16024.5,16025.6,16026,0.4,1457.140018
2026-06-12T05:10:00+00:00,16025.85,16030.45,16025.25,16027.4,16025.7,16026,16030.4,16030.5,16025,16025.5,16027.1,16027.7,0.6,1281.600025
2026-06-12T05:20:00+00:00,16027.55,16030.35,16027,16028.55,16027.3,16027.8,16030.1,16030.6,16026.8,16027.2,16028.3,16028.8,0.5,709.7000114
2026-06-12T05:30:00+00:00,16028.65,16030.4,16028.6,16030.15,16028.5,16028.8,16030.2,16030.6,16028.4,16028.8,16029.9,16030.4,0.5,739.290011
2026-06-12T05:40:00+00:00,16030.3,16032.2,16029.65,16032.15,16030.1,16030.5,16032,16032.4,16029.4,16029.9,16031.9,16032.4,0.5,789.7400103
2026-06-12T05:50:00+00:00,16032.25,16035,16032.15,16034.55,16032.1,16032.4,16034.8,16035.2,16031.9,16032.4,16034.3,16034.8,0.5,1371.770017
2026-06-12T06:00:00+00:00,16034.45,16035.85,16030.95,16032.3,16034.2,16034.7,16035.6,16036.1,16030.7,16031.2,16032,16032.6,0.6,1448.650017
2026-06-12T06:10:00+00:00,16032.35,16032.35,16028.2,16028.4,16032.1,16032.6,16032.1,16032.6,16028,16028.4,16028.2,16028.6,0.4,1439.020018
2026-06-12T06:20:00+00:00,16028.35,16030.15,16025.85,16026.25,16028.2,16028.5,16029.9,16030.4,16025.6,16026.1,16026,16026.5,0.5,1610.100022
2026-06-12T06:30:00+00:00,16026.35,16033.25,16025.75,16032.75,16026.2,16026.5,16033.1,16033.4,16025.5,16026,16032.5,16033,0.5,2704.450028
2026-06-12T06:40:00+00:00,16032.8,16033.5,16028.9,16030.65,16032.5,16033.1,16033.4,16033.6,16028.7,16029.1,16030.4,16030.9,0.5,2965.16004
2026-06-12T06:50:00+00:00,16030.6,16032.85,16028.9,16031.95,16030.4,16030.8,16032.6,16033.1,16028.7,16029.1,16031.7,16032.2,0.5,1548.880022
2026-06-12T07:00:00+00:00,16031.85,16035.95,16031.5,16034.65,16031.6,16032.1,16035.8,16036.1,16031.4,16031.6,16034.5,16034.8,0.3,2097.050038
2026-06-12T07:10:00+00:00,16034.35,16036.65,16032.95,16034.8,16034.2,16034.5,16036.5,16036.8,16032.7,16033.2,16034.6,16035,0.4,2023.780025
2026-06-12T07:20:00+00:00,16034.75,16037.1,16034.15,16037.05,16034.4,16035.1,16037,16037.2,16034,16034.3,16036.9,16037.2,0.3,1201.000017
2026-06-12T07:30:00+00:00,16037.4,16037.5,16035.35,16036.6,16037.3,16037.5,16037.4,16037.6,16035.2,16035.5,16036.4,16036.8,0.4,1132.910018
2026-06-12T07:40:00+00:00,16036.65,16037.1,16033.2,16035.75,16036.4,16036.9,16036.9,16037.3,16033,16033.4,16035.5,16036,0.5,1350.38001
2026-06-12T07:50:00+00:00,16035.8,16037.7,16026.95,16028.65,16035.6,16036,16037.6,16037.8,16026.7,16027.2,16028.4,16028.9,0.5,3252.05004
2026-06-12T08:00:00+00:00,16028.45,16029.4,16022.1,16025.05,16028.3,16028.6,16029.2,16029.6,16021.9,16022.3,16024.8,16025.3,0.5,3030.530041
2026-06-12T08:10:00+00:00,16025.1,16028.4,16003.45,16006.8,16024.9,16025.3,16028.3,16028.5,16003.4,16003.5,16006.5,16007.1,0.6,4737.450078
2026-06-12T08:20:00+00:00,16006.85,16018.4,15995.45,16017.4,16006.5,16007.2,16018.2,16018.6,15995.1,15995.8,16017.1,16017.7,0.6,5823.590089
2026-06-12T08:30:00+00:00,16017.1,16017.15,16009.05,16009.7,16016.8,16017.4,16016.9,16017.4,16008.8,16009.3,16009.4,16010,0.6,5460.820077
2026-06-12T08:40:00+00:00,16009.65,16012.95,16006.95,16009.45,16009.4,16009.9,16012.7,16013.2,16006.7,16007.2,16009.2,16009.7,0.5,4978.060063
2026-06-12T08:50:00+00:00,16009.35,16011.5,16007.7,16009.45,16009.2,16009.5,16011.4,16011.6,16007.4,16008,16009.2,16009.7,0.5,3813.210046
2026-06-12T09:00:00+00:00,16009.35,16011.3,16005.85,16009.35,16009.1,16009.6,16011.1,16011.5,16005.6,16006.1,16009,16009.7,0.7,3315.950041
2026-06-12T09:10:00+00:00,16009.3,16010.2,15995.7,16002.25,16009.1,16009.5,16010,16010.4,15995.4,15996,16002,16002.5,0.5,3441.370053
2026-06-12T09:20:00+00:00,16002.3,16005.9,15999.8,16002.05,16002,16002.6,16005.7,16006.1,15999.7,15999.9,16001.8,16002.3,0.5,2880.250051
2026-06-12T09:30:00+00:00,16002,16002.15,15997.9,15999.65,16001.9,16002.1,16001.9,16002.4,15997.7,15998.1,15999.5,15999.8,0.3,2622.960042
2026-06-12T09:40:00+00:00,15999.6,16005.9,15998,16005.8,15999.5,15999.7,16005.8,16006,15997.8,15998.2,16005.6,16006,0.4,1347.680021
2026-06-12T09:50:00+00:00,16005.7,16008.25,16003,16006.55,16005.5,16005.9,16008,16008.5,16002.8,16003.2,16006.2,16006.9,0.7,2096.260036
2026-06-12T10:00:00+00:00,16006.7,16008.3,16003.95,16005.3,16006.5,16006.9,16008.1,16008.5,16003.8,16004.1,16005.1,16005.5,0.4,1717.360029
2026-06-12T10:10:00+00:00,16005.2,16009.05,16004.75,16008.4,16005,16005.4,16008.9,16009.2,16004.5,16005,16008.2,16008.6,0.4,1567.540024
2026-06-12T10:20:00+00:00,16008.7,16019.4,16008.7,16015.6,16008.5,16008.9,16019.2,16019.6,16008.5,16008.9,16015.4,16015.8,0.4,3341.920048
2026-06-12T10:30:00+00:00,16015.4,16016.6,16010.5,16011.6,16015.2,16015.6,16016.4,16016.8,16010.2,16010.8,16011.4,16011.8,0.4,1690.930033
2026-06-12T10:40:00+00:00,16011.55,16012.15,16008.4,16009.15,16011.4,16011.7,16012,16012.3,16008.3,16008.5,16009,16009.3,0.3,901.2200204
2026-06-12T10:50:00+00:00,16009.05,16012.55,16008.5,16009.7,16009,16009.1,16012.4,16012.7,16008.4,16008.6,16009.5,16009.9,0.4,1115.940025
2026-06-12T11:00:00+00:00,16009.6,16017.3,16009.4,16016.8,16009.3,16009.9,16017.1,16017.5,16009.3,16009.5,16016.7,16016.9,0.2,1349.200021
2026-06-12T11:10:00+00:00,16016.75,16017.75,16013.3,16013.3,16016.6,16016.9,16017.6,16017.9,16013.2,16013.4,16013.2,16013.4,0.2,1139.250025
2026-06-12T11:20:00+00:00,16013.45,16015.2,16012.05,16015.2,16013.3,16013.6,16015.1,16015.3,16011.9,16012.2,16015.1,16015.3,0.2,1339.880026
2026-06-12T11:30:00+00:00,16015.25,16015.75,16013.4,16014.4,16015.1,16015.4,16015.6,16015.9,16013.2,16013.6,16014.2,16014.6,0.4,1778.160028
2026-06-12T11:40:00+00:00,16014.4,16014.4,16010.8,16013.3,16014.1,16014.7,16014.1,16014.7,16010.5,16011.1,16013.1,16013.5,0.4,1658.560021
2026-06-12T11:50:00+00:00,16013.15,16018.55,16012.2,16017.4,16013,16013.3,16018.3,16018.8,16012,16012.4,16017.2,16017.6,0.4,1251.690019
2026-06-12T12:00:00+00:00,16017.6,16020.65,16017.55,16019.7,16017.5,16017.7,16020.5,16020.8,16017.4,16017.7,16019.6,16019.8,0.2,2313.940047
2026-06-12T12:10:00+00:00,16019.55,16020.05,16017.4,16018.35,16019.4,16019.7,16019.9,16020.2,16017.2,16017.6,16018.2,16018.5,0.3,1350.660021
2026-06-12T12:20:00+00:00,16018.45,16024.95,16018.45,16024.7,16018.3,16018.6,16024.7,16025.2,16018.3,16018.6,16024.5,16024.9,0.4,2398.340036
2026-06-12T12:30:00+00:00,16024.6,16027.7,16024.45,16027.4,16024.3,16024.9,16027.6,16027.8,16024.2,16024.7,16027.2,16027.6,0.4,2167.230027
2026-06-12T12:40:00+00:00,16027.45,16029.8,16025.9,16028.75,16027.3,16027.6,16029.6,16030,16025.7,16026.1,16028.6,16028.9,0.3,1728.880023
2026-06-12T12:50:00+00:00,16028.85,16030.8,16024.3,16025.65,16028.7,16029,16030.6,16031,16024.1,16024.5,16025.4,16025.9,0.5,1799.520033
2026-06-12T13:00:00+00:00,16025.55,16027.7,16023.35,16025.1,16025.3,16025.8,16027.5,16027.9,16023.1,16023.6,16024.9,16025.3,0.4,2293.460028
2026-06-12T13:10:00+00:00,16025.05,16028.3,16022.5,16022.5,16024.8,16025.3,16028.1,16028.5,16022.3,16022.7,16022.3,16022.7,0.4,1850.660025
2026-06-12T13:20:00+00:00,16022.4,16023.75,16020.65,16020.85,16022.1,16022.7,16023.5,16024,16020.4,16020.9,16020.6,16021.1,0.5,2216.290033
2026-06-12T13:30:00+00:00,16020.85,16025.35,16019.25,16023.6,16020.6,16021.1,16025.2,16025.5,16019,16019.5,16023.4,16023.8,0.4,3784.390048
2026-06-12T13:40:00+00:00,16023.55,16034.25,16023.45,16028,16023.3,16023.8,16034.1,16034.4,16023.2,16023.7,16027.7,16028.3,0.6,6832.710089
2026-06-12T13:50:00+00:00,16028,16030.55,16026.85,16027.55,16027.7,16028.3,16030.3,16030.8,16026.7,16027,16027.3,16027.8,0.5,3399.530048
2026-06-12T14:00:00+00:00,16027.6,16029,16021.05,16022.95,16027.1,16028.1,16028.8,16029.2,16020.9,16021.2,16022.7,16023.2,0.5,4261.460058
2026-06-12T14:10:00+00:00,16023,16028.25,16022.8,16028.15,16022.8,16023.2,16028.1,16028.4,16022.6,16023,16027.9,16028.4,0.5,2809.410032
2026-06-12T14:20:00+00:00,16028.2,16029.2,16024.05,16026.05,16028,16028.4,16029,16029.4,16023.8,16024.3,16025.9,16026.2,0.3,2223.180031
2026-06-12T14:30:00+00:00,16026.15,16026.5,16020.45,16021.65,16025.9,16026.4,16026.3,16026.7,16020.3,16020.6,16021.4,16021.9,0.5,2646.760035
2026-06-12T14:40:00+00:00,16021.7,16026.8,16021.55,16026.6,16021.5,16021.9,16026.6,16027,16021.4,16021.7,16026.4,16026.8,0.4,3104.63003
2026-06-12T14:50:00+00:00,16026.7,16028.45,16016.4,16024.15,16026.5,16026.9,16028.3,16028.6,16016.1,16016.7,16024,16024.3,0.3,9137.340118
2026-06-12T15:00:00+00:00,16023.9,16025,16019.8,16024.4,16023.7,16024.1,16024.7,16025.3,16019.6,16020,16024.2,16024.6,0.4,4845.800075
2026-06-12T15:10:00+00:00,16024.35,16024.45,16019,16021.2,16024.2,16024.5,16024.2,16024.7,16018.8,16019.2,16021,16021.4,0.4,2919.700034
2026-06-12T15:20:00+00:00,16021.1,16021.75,16017.8,16019.05,16020.9,16021.3,16021.5,16022,16017.6,16018,16018.8,16019.3,0.5,3149.380039
2026-06-12T15:30:00+00:00,16019.2,16020.3,16016.65,16018.5,16019,16019.4,16020.1,16020.5,16016.4,16016.9,16018.3,16018.7,0.4,2988.260035
2026-06-12T15:40:00+00:00,16018.55,16024.25,16018.45,16023.9,16018.3,16018.8,16024,16024.5,16018.3,16018.6,16023.7,16024.1,0.4,2411.860028
2026-06-12T15:50:00+00:00,16023.85,16024.9,16022.7,16024.65,16023.6,16024.1,16024.7,16025.1,16022.5,16022.9,16024.5,16024.8,0.3,1917.470016
2026-06-12T16:00:00+00:00,16024.7,16027.95,16024.7,16026,16024.5,16024.9,16027.7,16028.2,16024.5,16024.9,16025.8,16026.2,0.4,1314.160018
2026-06-12T16:10:00+00:00,16026.1,16026.6,16018.35,16021.2,16025.9,16026.3,16026.3,16026.9,16018.2,16018.5,16021,16021.4,0.4,3803.970048
2026-06-12T16:20:00+00:00,16021.3,16022.9,16020.15,16022.7,16021.2,16021.4,16022.7,16023.1,16019.9,16020.4,16022.4,16023,0.6,2103.210028
2026-06-12T16:30:00+00:00,16022.65,16023,16021.9,16022.45,16022.4,16022.9,16022.8,16023.2,16021.7,16022.1,16022.3,16022.6,0.3,974.1700147
2026-06-12T16:40:00+00:00,16022.05,16023.7,16020.8,16023.6,16022,16022.1,16023.5,16023.9,16020.6,16021,16023.5,16023.7,0.2,863.1600116
2026-06-12T16:50:00+00:00,16023.65,16024.2,16021.35,16023.05,16023.5,16023.8,16024,16024.4,16021.1,16021.6,16022.8,16023.3,0.5,1347.850016
2026-06-12T17:00:00+00:00,16022.95,16023.7,16019.15,16020.05,16022.7,16023.2,16023.5,16023.9,16019.1,16019.2,16019.7,16020.4,0.7,1496.070017
2026-06-12T17:10:00+00:00,16020.1,16022.65,16020.1,16020.4,16019.9,16020.3,16022.4,16022.9,16019.9,16020.3,16020.1,16020.7,0.6,944.8900135
2026-06-12T17:20:00+00:00,16020.25,16020.6,16019.2,16019.5,16020,16020.5,16020.4,16020.8,16019,16019.4,16019.3,16019.7,0.4,677.3200107
2026-06-12T17:30:00+00:00,16019.45,16021.05,16019.45,16019.8,16019.3,16019.6,16020.8,16021.3,16019.3,16019.6,16019.6,16020,0.4,972.4100142
2026-06-12T17:40:00+00:00,16019.85,16020.25,16018.4,16019.7,16019.6,16020.1,16020.1,16020.4,16018.2,16018.6,16019.4,16020,0.6,681.3900068
2026-06-12T17:50:00+00:00,16019.65,16021,16018.55,16020,16019.5,16019.8,16020.8,16021.2,16018.3,16018.8,16019.9,16020.1,0.2,627.4500096
2026-06-12T18:00:00+00:00,16019.8,16022.6,16019.25,16022.3,16019.6,16020,16022.4,16022.8,16019,16019.5,16022.2,16022.4,0.2,914.6900139
2026-06-12T18:10:00+00:00,16022.25,16022.8,16021.05,16021.8,16022.1,16022.4,16022.7,16022.9,16020.9,16021.2,16021.6,16022,0.4,1186.500021
2026-06-12T18:20:00+00:00,16021.85,16022.4,16021.25,16021.4,16021.7,16022,16022.2,16022.6,16021.1,16021.4,16021.2,16021.6,0.4,552.0000112
2026-06-12T18:30:00+00:00,16021.45,16021.45,16019.7,16020.4,16021.3,16021.6,16021.3,16021.6,16019.5,16019.9,16020.2,16020.6,0.4,684.0700074
2026-06-12T18:40:00+00:00,16020.3,16021.25,16019.35,16021.15,16020.1,16020.5,16021,16021.5,16019.1,16019.6,16020.9,16021.4,0.5,569.8300029
2026-06-12T18:50:00+00:00,16021.05,16024.15,16020.25,16023.6,16020.9,16021.2,16023.9,16024.4,16020,16020.5,16023.4,16023.8,0.4,896.2500079
2026-06-12T19:00:00+00:00,16023.8,16024.35,16020,16021.55,16023.6,16024,16024.1,16024.6,16019.8,16020.2,16021.3,16021.8,0.5,927.1700112
2026-06-12T19:10:00+00:00,16021.65,16021.9,16020.2,16020.5,16021.4,16021.9,16021.7,16022.1,16020,16020.4,16020.3,16020.7,0.4,689.5000105
2026-06-12T19:20:00+00:00,16020.7,16022.95,16020.25,16022.9,16020.5,16020.9,16022.7,16023.2,16020,16020.5,16022.7,16023.1,0.4,597.8000125
2026-06-12T19:30:00+00:00,16022.95,16024.3,16021.8,16023.45,16022.7,16023.2,16024,16024.6,16021.6,16022,16023.2,16023.7,0.5,1069.450013
2026-06-12T19:40:00+00:00,16023.35,16023.45,16022.15,16022.15,16023.1,16023.6,16023.2,16023.7,16021.9,16022.4,16021.9,16022.4,0.5,472.1700096
2026-06-12T19:50:00+00:00,16022.05,16022.75,16020.35,16020.6,16021.7,16022.4,16022.5,16023,16020.1,16020.6,16020.3,16020.9,0.6,1395.550011
2026-06-12T20:00:00+00:00,16020.55,16021.75,16020.3,16021.1,16020.3,16020.8,16021.5,16022,16020,16020.6,16020.6,16021.6,1,1151.140013
2026-06-12T20:10:00+00:00,16021.2,16021.85,16020.75,16021.55,16020.9,16021.5,16021.5,16022.2,16020.4,16021.1,16021.2,16021.9,0.7,647.3800056
2026-06-12T20:20:00+00:00,16021.6,16021.85,16021.15,16021.75,16021.3,16021.9,16021.5,16022.2,16020.8,16021.5,16021.4,16022.1,0.7,526.4200056
2026-06-12T20:30:00+00:00,16021.7,16023.05,16021.7,16022.6,16021.3,16022.1,16022.7,16023.4,16021.3,16022.1,16022.1,16023.1,1,1089.560015
2026-06-12T20:40:00+00:00,16022.55,16023.35,16021.6,16022.1,16022.1,16023,16022.9,16023.8,16021.2,16022,16021.7,16022.5,0.8,1254.090019
2026-06-12T20:50:00+00:00,16021.45,16025,16019.85,16023.4,16021.3,16021.6,16022.1,16027.9,16019.1,16020.6,16020.1,16026.7,6.6,2626.320023
2026-06-14T21:00:00+00:00,16014.4,16015.85,16013.8,16015,16011.2,16017.6,16012,16019.7,16010.2,16017.4,16011.3,16018.7,7.4,26.99999976
2026-06-14T21:10:00+00:00,16014.85,16016.55,16004.15,16004.65,16011.6,16018.1,16014.4,16018.7,16001.3,16007,16002.1,16007.2,5.1,184.0500047
2026-06-14T21:20:00+00:00,16004.6,16005.85,15995.9,15997.15,16002.1,16007.1,16003,16008.7,15991.9,15999.9,15993.4,16000.9,7.5,234.7400025
2026-06-14T21:30:00+00:00,15996.85,15996.85,15982.2,15983.25,15993.4,16000.3,15993.4,16000.3,15981.1,15983.3,15981.5,15985,3.5,235.2400046
2026-06-14T21:40:00+00:00,15983.35,15985.95,15982,15983.45,15981.7,15985,15983.3,15988.6,15981.2,15982.8,15982.2,15984.7,2.5,155.100002
2026-06-14T21:50:00+00:00,15983.2,15983.7,15980.65,15981.35,15982,15984.4,15982,15985.4,15979.4,15981.9,15980.1,15982.6,2.5,196.2800041
2026-06-14T22:00:00+00:00,15981.1,15983.35,15973.85,15975.2,15979.6,15982.6,15982.9,15983.8,15973.4,15974.3,15974.7,15975.7,1,1861.150006
2026-06-14T22:10:00+00:00,15975.65,15990.6,15975.65,15984.5,15975.3,15976,15990.4,15990.8,15975.3,15976,15984.1,15984.9,0.8,2025.050048
2026-06-14T22:20:00+00:00,15984.3,15996.3,15984.2,15993.7,15983.9,15984.7,15995.9,15996.7,15983.8,15984.6,15993.3,15994.1,0.8,1688.450036
2026-06-14T22:30:00+00:00,15993.5,15995,15990.1,15992.2,15993.1,15993.9,15994.6,15995.4,15989.7,15990.5,15991.8,15992.6,0.8,1610.410041
2026-06-14T22:40:00+00:00,15992.1,15992.6,15988.55,15991.3,15991.7,15992.5,15992.2,15993,15988.2,15988.9,15990.9,15991.7,0.8,961.0300205
2026-06-14T22:50:00+00:00,15991.2,15994.05,15989.45,15994.05,15990.7,15991.7,15993.6,15994.5,15989.2,15989.7,15993.6,15994.5,0.9,1192.28002
2026-06-14T23:00:00+00:00,15994.25,15994.3,15990.4,15991.7,15993.9,15994.6,15993.9,15994.7,15990.1,15990.7,15991.4,15992,0.6,904.980019
2026-06-14T23:10:00+00:00,15991.55,15995.6,15991.2,15993.35,15991.4,15991.7,15995.3,15995.9,15990.9,15991.5,15993.1,15993.6,0.5,929.1900139
2026-06-14T23:20:00+00:00,15993.35,15995.6,15992.1,15995.15,15993.2,15993.5,15995.3,15995.9,15991.8,15992.4,15994.9,15995.4,0.5,719.980011
2026-06-14T23:30:00+00:00,15995.15,15996.7,15994,15994.4,15994.9,15995.4,15996.5,15996.9,15993.8,15994.2,15994.1,15994.7,0.6,690.8000114
2026-06-14T23:40:00+00:00,15994.45,15995.05,15992.3,15992.55,15994.2,15994.7,15994.9,15995.2,15992.1,15992.5,15992.3,15992.8,0.5,1271.150016
2026-06-14T23:50:00+00:00,15992.3,15997.9,15990.1,15996.2,15992.2,15992.4,15997.7,15998.1,15989.9,15990.3,15995.9,15996.5,0.6,1581.590025
2026-06-15T00:00:00+00:00,15996.1,15996.35,15991.25,15995.8,15995.8,15996.4,15996,15996.7,15991,15991.5,15995.6,15996,0.4,1849.980023
2026-06-15T00:10:00+00:00,15995.85,15996.1,15988.5,15991.6,15995.6,15996.1,15995.9,15996.3,15988.2,15988.8,15991.4,15991.8,0.4,2748.810029
2026-06-15T00:20:00+00:00,15991.2,15995.6,15991.2,15994.4,15991,15991.4,15995.4,15995.8,15991,15991.4,15994.2,15994.6,0.4,1518.96002
2026-06-15T00:30:00+00:00,15994.35,15997.55,15994.35,15995.45,15994,15994.7,15997.3,15997.8,15994,15994.7,15995.2,15995.7,0.5,1523.820022
2026-06-15T00:40:00+00:00,15995.4,16000.9,15994.25,15999.75,15995.2,15995.6,16000.7,16001.1,15994,15994.5,15999.6,15999.9,0.3,2012.090027
2026-06-15T00:50:00+00:00,15999.95,16012.8,15999.95,16011.2,15999.9,16000,16012.7,16012.9,15999.9,16000,16011,16011.4,0.4,5811.800058
2026-06-15T01:00:00+00:00,16011.2,16014.85,16009.7,16014.6,16010.9,16011.5,16014.6,16015.1,16009.5,16009.9,16014.3,16014.9,0.6,2849.370039
2026-06-15T01:10:00+00:00,16014.6,16014.75,16011.3,16013.15,16014.4,16014.8,16014.6,16014.9,16011,16011.6,16012.9,16013.4,0.5,2621.780027
2026-06-15T01:20:00+00:00,16013.3,16021.2,16013,16015.75,16013,16013.6,16021,16021.4,16012.7,16013.3,16015.5,16016,0.5,1914.570027
2026-06-15T01:30:00+00:00,16015.65,16017.45,16013.25,16017.35,16015.4,16015.9,16017.3,16017.6,16013,16013.5,16017.1,16017.6,0.5,2323.930022
2026-06-15T01:40:00+00:00,16017.3,16019.65,16016.55,16018.55,16017.1,16017.5,16019.4,16019.9,16016.4,16016.7,16018.3,16018.8,0.5,723.430007
2026-06-15T01:50:00+00:00,16018.65,16021.7,16016.75,16020.8,16018.4,16018.9,16021.4,16022,16016.4,16017.1,16020.6,16021,0.4,1448.770018
2026-06-15T02:00:00+00:00,16020.75,16022.15,16019.3,16022,16020.5,16021,16022,16022.3,16019.1,16019.5,16021.8,16022.2,0.4,573.4200091
2026-06-15T02:10:00+00:00,16021.9,16023.15,16020.15,16020.35,16021.7,16022.1,16023,16023.3,16019.9,16020.4,16020.1,16020.6,0.5,678.2200098
2026-06-15T02:20:00+00:00,16020.3,16020.55,16016.65,16017.1,16020.1,16020.5,16020.4,16020.7,16016.4,16016.9,16016.9,16017.3,0.4,1075.920018
2026-06-15T02:30:00+00:00,16017,16017.1,16012.3,16012.45,16016.9,16017.1,16016.9,16017.3,16012.1,16012.5,16012.3,16012.6,0.3,1083.900017
2026-06-15T02:40:00+00:00,16012.6,16015.3,16012.5,16014.95,16012.3,16012.9,16015.1,16015.5,16012.3,16012.7,16014.8,16015.1,0.3,536.1000106
2026-06-15T02:50:00+00:00,16015,16015.1,16012.5,16014.45,16014.8,16015.2,16014.8,16015.4,16012.3,16012.7,16014.2,16014.7,0.5,754.1800132
2026-06-15T03:00:00+00:00,16014.35,16014.6,16011.1,16011.25,16014.1,16014.6,16014.3,16014.9,16010.9,16011.3,16011.1,16011.4,0.3,549.430011
2026-06-15T03:10:00+00:00,16011.2,16011.6,16010.05,16010.5,16011.1,16011.3,16011.4,16011.8,16009.9,16010.2,16010.3,16010.7,0.4,322.9200071
2026-06-15T03:20:00+00:00,16010.25,16010.5,16007.35,16007.9,16010.1,16010.4,16010.3,16010.7,16007.2,16007.5,16007.7,16008.1,0.4,363.5200059
2026-06-15T03:30:00+00:00,16008,16009.25,16006.75,16007.1,16007.8,16008.2,16009.1,16009.4,16006.6,16006.9,16006.9,16007.3,0.4,485.5500067
2026-06-15T03:40:00+00:00,16007.25,16007.45,16006.65,16007.25,16007.1,16007.4,16007.3,16007.6,16006.5,16006.8,16007.1,16007.4,0.3,266.7500055
2026-06-15T03:50:00+00:00,16007.1,16007.3,16004.95,16005.85,16006.7,16007.5,16007.1,16007.5,16004.7,16005.2,16005.6,16006.1,0.5,459.9500059
2026-06-15T04:00:00+00:00,16005.8,16008.75,16005.4,16008.5,16005.6,16006,16008.6,16008.9,16005.2,16005.6,16008.3,16008.7,0.4,389.2500076
2026-06-15T04:10:00+00:00,16008.45,16008.45,16007.35,16007.5,16008.3,16008.6,16008.3,16008.6,16007.1,16007.6,16007.3,16007.7,0.4,376.7900057
2026-06-15T04:20:00+00:00,16007.4,16009.3,16007.2,16009.15,16007.2,16007.6,16009.1,16009.5,16007,16007.4,16008.9,16009.4,0.5,780.4500078
2026-06-15T04:30:00+00:00,16009.35,16009.6,16007.2,16007.6,16009.1,16009.6,16009.3,16009.9,16006.9,16007.5,16007.4,16007.8,0.4,625.9500092
2026-06-15T04:40:00+00:00,16007.65,16008.05,16001.55,16002.65,16007.4,16007.9,16007.8,16008.3,16001.3,16001.8,16002.4,16002.9,0.5,737.0400108
2026-06-15T04:50:00+00:00,16002.65,16005.3,16002.55,16005.15,16002.4,16002.9,16005.1,16005.5,16002.3,16002.8,16004.9,16005.4,0.5,933.5100142
2026-06-15T05:00:00+00:00,16005.2,16005.9,16003.15,16004.55,16005,16005.4,16005.6,16006.2,16002.9,16003.4,16004.3,16004.8,0.5,768.9000137
2026-06-15T05:10:00+00:00,16004.75,16004.9,15999.2,16001.05,16004.5,16005,16004.6,16005.2,15999,15999.4,16000.8,16001.3,0.5,1872.510011
2026-06-15T05:20:00+00:00,16001.2,16004.25,16000.7,16002.6,16001,16001.4,16004,16004.5,16000.5,16000.9,16002.4,16002.8,0.4,1076.550013
2026-06-15T05:30:00+00:00,16002.6,16003.7,16000.8,16002.1,16002.3,16002.9,16003.5,16003.9,16000.6,16001,16001.9,16002.3,0.4,603.5500084
2026-06-15T05:40:00+00:00,16002.2,16003.05,16000.1,16001,16002,16002.4,16002.7,16003.4,15999.9,16000.3,16000.8,16001.2,0.4,824.9800107
2026-06-15T05:50:00+00:00,16001.05,16005.3,16000.9,16005.25,16000.9,16001.2,16005,16005.6,16000.8,16001,16004.9,16005.6,0.7,1096.530008
2026-06-15T06:00:00+00:00,16005,16008.55,16004.55,16007.6,16004.9,16005.1,16008.3,16008.8,16004.4,16004.7,16007.4,16007.8,0.4,2374.24002
2026-06-15T06:10:00+00:00,16007.65,16011.7,16006.3,16011.5,16007.5,16007.8,16011.5,16011.9,16006.1,16006.5,16011.3,16011.7,0.4,1082.070012
2026-06-15T06:20:00+00:00,16011.55,16013.25,16009.15,16012.05,16011.3,16011.8,16013,16013.5,16009,16009.3,16011.9,16012.2,0.3,1595.390025
2026-06-15T06:30:00+00:00,16012,16016.2,16011.95,16012.15,16011.8,16012.2,16015.9,16016.5,16011.8,16012.1,16012,16012.3,0.3,1974.610033
2026-06-15T06:40:00+00:00,16012.35,16013.25,16010.85,16013.1,16012.2,16012.5,16013,16013.5,16010.6,16011.1,16012.9,16013.3,0.4,764.9100137
2026-06-15T06:50:00+00:00,16013.2,16014.55,16012.05,16012.95,16013,16013.4,16014.3,16014.8,16011.8,16012.3,16012.7,16013.2,0.5,913.3000103
2026-06-15T07:00:00+00:00,16012.95,16013.9,16007.3,16008,16012.7,16013.2,16013.7,16014.1,16007.1,16007.5,16007.8,16008.2,0.4,1597.460019
2026-06-15T07:10:00+00:00,16008.05,16009.4,16005.35,16008.55,16007.8,16008.3,16009.2,16009.6,16005.2,16005.5,16008.3,16008.8,0.5,1468.780022
2026-06-15T07:20:00+00:00,16008.65,16009.45,16004.55,16006.35,16008.4,16008.9,16009.3,16009.6,16004.4,16004.7,16006.1,16006.6,0.5,1084.830018
2026-06-15T07:30:00+00:00,16006.4,16010.8,16006.3,16009.65,16006.2,16006.6,16010.6,16011,16006,16006.6,16009.4,16009.9,0.5,1197.800017
2026-06-15T07:40:00+00:00,16009.7,16010.1,16006.3,16010,16009.4,16010,16010,16010.2,16006.1,16006.5,16009.8,16010.2,0.4,1161.450016
2026-06-15T07:50:00+00:00,16010.1,16014.05,16009.65,16011.25,16010,16010.2,16013.8,16014.3,16009.5,16009.8,16011.1,16011.4,0.3,1232.830023
2026-06-15T08:00:00+00:00,16011.15,16013.35,16008.4,16013,16011,16011.3,16013.2,16013.5,16008.2,16008.6,16012.9,16013.1,0.2,2088.770026
2026-06-15T08:10:00+00:00,16013.05,16014.55,16011.2,16012.25,16012.8,16013.3,16014.4,16014.7,16011,16011.4,16012.1,16012.4,0.3,1038.250016
2026-06-15T08:20:00+00:00,16012.3,16012.45,16007.8,16010.7,16012.1,16012.5,16012.3,16012.6,16007.6,16008,16010.5,16010.9,0.4,998.7300167
2026-06-15T08:30:00+00:00,16010.6,16012.7,16009.9,16011.5,16010.4,16010.8,16012.5,16012.9,16009.8,16010,16011.3,16011.7,0.4,878.7400159
2026-06-15T08:40:00+00:00,16011.65,16014.95,16011.4,16014.5,16011.5,16011.8,16014.8,16015.1,16011.2,16011.6,16014.3,16014.7,0.4,847.7100141
2026-06-15T08:50:00+00:00,16014.4,16014.85,16013.3,16013.65,16014.2,16014.6,16014.7,16015,16013.1,16013.5,16013.4,16013.9,0.5,740.3200101
2026-06-15T09:00:00+00:00,16013.9,16014.35,16009.1,16011.25,16013.8,16014,16014.2,16014.5,16008.9,16009.3,16011,16011.5,0.5,1136.720017
2026-06-15T09:10:00+00:00,16011.15,16012.7,16009.35,16011.05,16010.9,16011.4,16012.5,16012.9,16009.2,16009.5,16010.9,16011.2,0.3,897.6600118
2026-06-15T09:20:00+00:00,16011.1,16013.7,16011.1,16012.6,16010.9,16011.3,16013.5,16013.9,16010.9,16011.3,16012.4,16012.8,0.4,758.4100132
2026-06-15T09:30:00+00:00,16012.7,16013.7,16011.2,16011.55,16012.6,16012.8,16013.5,16013.9,16011,16011.4,16011.2,16011.9,0.7,903.2100112
2026-06-15T09:40:00+00:00,16011.45,16014.2,16011.45,16013.7,16011.2,16011.7,16014,16014.4,16011.2,16011.7,16013.5,16013.9,0.4,929.910013
2026-06-15T09:50:00+00:00,16013.75,16014.75,16012.4,16012.45,16013.6,16013.9,16014.6,16014.9,16012.2,16012.6,16012.2,16012.7,0.5,1120.710019
2026-06-15T10:00:00+00:00,16012.4,16014.8,16012.4,16014.45,16012.2,16012.6,16014.6,16015,16012.2,16012.6,16014.2,16014.7,0.5,688.6500126
2026-06-15T10:10:00+00:00,16014.5,16014.5,16013.15,16013.25,16014.3,16014.7,16014.3,16014.7,16013,16013.3,16013,16013.5,0.5,542.7000083
2026-06-15T10:20:00+00:00,16013.3,16013.75,16011.65,16012,16013.1,16013.5,16013.6,16013.9,16011.4,16011.9,16011.8,16012.2,0.4,407.1400058
2026-06-15T10:30:00+00:00,16012.15,16013.05,16009.15,16009.4,16011.9,16012.4,16012.9,16013.2,16008.9,16009.4,16009.2,16009.6,0.4,788.4600089
2026-06-15T10:40:00+00:00,16009.35,16011.55,16009.3,16010.65,16009.1,16009.6,16011.3,16011.8,16009,16009.6,16010.4,16010.9,0.5,658.0500087
2026-06-15T10:50:00+00:00,16010.65,16012.7,16010.25,16012.65,16010.4,16010.9,16012.5,16012.9,16010,16010.5,16012.5,16012.8,0.3,686.7000066
2026-06-15T11:00:00+00:00,16012.7,16013,16011.55,16012.5,16012.5,16012.9,16012.8,16013.2,16011.4,16011.7,16012.3,16012.7,0.4,700.9500085
2026-06-15T11:10:00+00:00,16012.45,16015.05,16011.3,16014.7,16012.3,16012.6,16014.8,16015.3,16011.1,16011.5,16014.5,16014.9,0.4,1074.070012
2026-06-15T11:20:00+00:00,16014.55,16016.5,16013.75,16016.35,16014.4,16014.7,16016.4,16016.6,16013.6,16013.9,16016.1,16016.6,0.5,1132.660015
2026-06-15T11:30:00+00:00,16016.25,16017.75,16014.9,16017.3,16016,16016.5,16017.6,16017.9,16014.7,16015.1,16017.1,16017.5,0.4,729.4000088
2026-06-15T11:40:00+00:00,16017.3,16020.8,16016.2,16018.85,16017.1,16017.5,16020.6,16021,16016,16016.4,16018.7,16019,0.3,1678.210027
2026-06-15T11:50:00+00:00,16018.7,16018.85,16016.1,16018.65,16018.6,16018.8,16018.6,16019.1,16015.8,16016.4,16018.5,16018.8,0.3,1691.96002
2026-06-15T12:00:00+00:00,16018.6,16019.05,16016.2,16018.05,16018.4,16018.8,16019,16019.1,16016,16016.4,16017.9,16018.2,0.3,2119.510021
2026-06-15T12:10:00+00:00,16017.9,16018.25,16016.6,16017.1,16017.7,16018.1,16018.1,16018.4,16016.4,16016.8,16016.8,16017.4,0.6,1279.230011
2026-06-15T12:20:00+00:00,16017.2,16018.5,16015.1,16015.3,16017,16017.4,16018.2,16018.8,16014.8,16015.4,16015.1,16015.5,0.4,1181.640018
2026-06-15T12:30:00+00:00,16015.4,16016,16012.95,16015.5,16015.2,16015.6,16015.8,16016.2,16012.7,16013.2,16015.3,16015.7,0.4,1119.240018
2026-06-15T12:40:00+00:00,16015.35,16015.55,16012.65,16013.45,16015.1,16015.6,16015.4,16015.7,16012.4,16012.9,16013.1,16013.8,0.7,911.3500119
2026-06-15T12:50:00+00:00,16013.55,16014.5,16012.05,16014,16013.2,16013.9,16014.3,16014.7,16011.8,16012.3,16013.8,16014.2,0.4,1388.300018
2026-06-15T13:00:00+00:00,16014.1,16015.55,16011.85,16013.35,16013.9,16014.3,16015.4,16015.7,16011.6,16012.1,16013.1,16013.6,0.5,1251.940016
2026-06-15T13:10:00+00:00,16013.2,16013.8,16011.35,16011.55,16013,16013.4,16013.7,16013.9,16011.2,16011.5,16011.4,16011.7,0.3,707.2500101
2026-06-15T13:20:00+00:00,16011.35,16012.1,16010.2,16010.4,16011.2,16011.5,16011.8,16012.4,16010,16010.4,16010.2,16010.6,0.4,723.4500109
2026-06-15T13:30:00+00:00,16010.35,16011.85,16006.95,16007.95,16010.2,16010.5,16011.6,16012.1,16006.7,16007.2,16007.7,16008.2,0.5,1405.230019
2026-06-15T13:40:00+00:00,16007.9,16010.85,16007.6,16009.25,16007.6,16008.2,16010.6,16011.1,16007.4,16007.8,16009.1,16009.4,0.3,2574.320026
2026-06-15T13:50:00+00:00,16009.2,16010.35,16007.3,16007.35,16009.1,16009.3,16010.2,16010.5,16007.1,16007.5,16007.2,16007.5,0.3,3209.870051
2026-06-15T14:00:00+00:00,16007.4,16008.5,16003.15,16004.1,16007.2,16007.6,16008.3,16008.7,16003,16003.3,16003.8,16004.4,0.6,2500.790033
2026-06-15T14:10:00+00:00,16004.05,16007.95,16004,16007.3,16003.9,16004.2,16007.7,16008.2,16003.8,16004.2,16007.2,16007.4,0.2,3047.820047
2026-06-15T14:20:00+00:00,16007.4,16007.8,16003.55,16004.25,16007.2,16007.6,16007.6,16008,16003.4,16003.7,16004,16004.5,0.5,1634.450027
2026-06-15T14:30:00+00:00,16004.15,16009.75,16004.15,16007.35,16003.9,16004.4,16009.5,16010,16003.9,16004.4,16007.1,16007.6,0.5,2995.930031
2026-06-15T14:40:00+00:00,16007.4,16009.7,16005.95,16006,16007.2,16007.6,16009.5,16009.9,16005.9,16006,16005.9,16006.1,0.2,3789.650028
2026-06-15T14:50:00+00:00,16005.95,16013.9,16005,16013.7,16005.9,16006,16013.8,16014,16004.8,16005.2,16013.6,16013.8,0.2,6029.39006
2026-06-15T15:00:00+00:00,16013.75,16015.85,16013.75,16014.25,16013.6,16013.9,16015.7,16016,16013.6,16013.9,16014.1,16014.4,0.3,2771.130021
2026-06-15T15:10:00+00:00,16014.2,16015.2,16012.8,16014.15,16014,16014.4,16015,16015.4,16012.6,16013,16014,16014.3,0.3,1637.820012
2026-06-15T15:20:00+00:00,16014.1,16016,16014.1,16014.9,16013.9,16014.3,16015.8,16016.2,16013.9,16014.3,16014.7,16015.1,0.4,2158.130001
2026-06-15T15:30:00+00:00,16014.85,16018.65,16014.2,16017.7,16014.6,16015.1,16018.4,16018.9,16014,16014.4,16017.5,16017.9,0.4,2349.310004
2026-06-15T15:40:00+00:00,16017.7,16019.05,16016.65,16019,16017.4,16018,16018.9,16019.2,16016.4,16016.9,16018.9,16019.1,0.2,1487.840001
2026-06-15T15:50:00+00:00,16018.9,16020.55,16018.2,16020.05,16018.7,16019.1,16020.4,16020.7,16018,16018.4,16019.9,16020.2,0.3,1058.77001
2026-06-15T16:00:00+00:00,16020.1,16020.75,16017.6,16017.7,16019.9,16020.3,16020.5,16021,16017.4,16017.8,16017.4,16018,0.6,1266.250015
2026-06-15T16:10:00+00:00,16017.65,16019.5,16014.75,16019.3,16017.4,16017.9,16019.3,16019.7,16014.6,16014.9,16019.1,16019.5,0.4,1562.330013
2026-06-15T16:20:00+00:00,16019.25,16020.35,16018.8,16019.15,16019.1,16019.4,16020.2,16020.5,16018.6,16019,16018.9,16019.4,0.5,1825.38002
2026-06-15T16:30:00+00:00,16019.2,16023.65,16019.1,16023,16019,16019.4,16023.5,16023.8,16018.9,16019.3,16022.8,16023.2,0.4,978.3000077
2026-06-15T16:40:00+00:00,16023.05,16024.15,16022.45,16023.5,16022.9,16023.2,16023.9,16024.4,16022.4,16022.5,16023.4,16023.6,0.2,1064.980013
2026-06-15T16:50:00+00:00,16023.55,16024.15,16021.15,16021.8,16023.4,16023.7,16023.9,16024.4,16021,16021.3,16021.5,16022.1,0.6,614.930009
2026-06-15T17:00:00+00:00,16021.85,16025,16021.4,16023.95,16021.7,16022,16024.9,16025.1,16021.1,16021.7,16023.7,16024.2,0.5,820.1300097
2026-06-15T17:10:00+00:00,16024.05,16025.4,16022.65,16025.4,16023.9,16024.2,16025.2,16025.6,16022.5,16022.8,16025.2,16025.6,0.4,608.370007
2026-06-15T17:20:00+00:00,16025.4,16027.05,16023.95,16027.05,16025.2,16025.6,16026.8,16027.3,16023.7,16024.2,16026.8,16027.3,0.5,582.6300076
2026-06-15T17:30:00+00:00,16027.1,16027.9,16025.15,16025.85,16026.9,16027.3,16027.7,16028.1,16025,16025.3,16025.6,16026.1,0.5,1479.100019
2026-06-15T17:40:00+00:00,16025.95,16027.2,16025.4,16025.45,16025.7,16026.2,16027,16027.4,16025.2,16025.6,16025.2,16025.7,0.5,676.3500082
2026-06-15T17:50:00+00:00,16025.5,16028.25,16025.35,16027.25,16025.3,16025.7,16028,16028.5,16025.2,16025.5,16027,16027.5,0.5,818.2300097
2026-06-15T18:00:00+00:00,16027.3,16028.3,16025.6,16026.95,16027.1,16027.5,16028,16028.6,16025.4,16025.8,16026.8,16027.1,0.3,960.9000092
2026-06-15T18:10:00+00:00,16026.9,16028.1,16026.5,16027.85,16026.7,16027.1,16027.9,16028.3,16026.2,16026.8,16027.5,16028.2,0.7,653.3700061
2026-06-15T18:20:00+00:00,16027.8,16029.45,16027.1,16029.35,16027.5,16028.1,16029.3,16029.6,16026.8,16027.4,16029.2,16029.5,0.3,747.1600076
2026-06-15T18:30:00+00:00,16029.4,16030.85,16026.6,16026.7,16029.2,16029.6,16030.8,16030.9,16026.4,16026.8,16026.5,16026.9,0.4,2458.94004
2026-06-15T18:40:00+00:00,16026.75,16028.55,16026.7,16027.2,16026.5,16027,16028.4,16028.7,16026.5,16026.9,16026.9,16027.5,0.6,914.1200097
2026-06-15T18:50:00+00:00,16027.35,16032.05,16026.75,16030.9,16027.1,16027.6,16031.9,16032.2,16026.5,16027,16030.7,16031.1,0.4,1867.320027
2026-06-15T19:00:00+00:00,16030.8,16033.15,16029.3,16031,16030.6,16031,16032.9,16033.4,16029.1,16029.5,16030.8,16031.2,0.4,1295.730021
2026-06-15T19:10:00+00:00,16030.95,16033.3,16029.25,16029.3,16030.9,16031,16033.1,16033.5,16029.1,16029.4,16029.2,16029.4,0.2,709.9800071
2026-06-15T19:20:00+00:00,16029.35,16032.3,16029.35,16032,16029.2,16029.5,16032.1,16032.5,16029.2,16029.5,16031.8,16032.2,0.4,615.0400065
2026-06-15T19:30:00+00:00,16031.95,16032,16028.4,16030.75,16031.8,16032.1,16031.8,16032.2,16028.2,16028.6,16030.5,16031,0.5,805.1000078
2026-06-15T19:40:00+00:00,16030.8,16031.1,16029.45,16029.95,16030.6,16031,16030.9,16031.3,16029.2,16029.7,16029.7,16030.2,0.5,656.8100061
2026-06-15T19:50:00+00:00,16030.2,16039.3,16029.7,16038.95,16030.1,16030.3,16039.1,16039.5,16029.5,16029.9,16038.8,16039.1,0.3,1433.050027
2026-06-15T20:00:00+00:00,16038.9,16039.65,16035.7,16036.55,16038.7,16039.1,16039.5,16039.8,16035.4,16036,16036.3,16036.8,0.5,1763.930019
2026-06-15T20:10:00+00:00,16036.45,16036.45,16033.3,16033.75,16036.2,16036.7,16036.2,16036.7,16033,16033.6,16033.6,16033.9,0.3,1098.920011
2026-06-15T20:20:00+00:00,16034,16034.9,16033.2,16033.95,16033.9,16034.1,16034.7,16035.1,16033,16033.4,16033.7,16034.2,0.5,619.6600047
2026-06-15T20:30:00+00:00,16033.9,16036.55,16033.5,16036.4,16033.7,16034.1,16036.3,16036.8,16033.3,16033.7,16036.2,16036.6,0.4,1788.890014
2026-06-15T20:40:00+00:00,16036.35,16036.7,16034.65,16036.25,16036.2,16036.5,16036.4,16037,16034.4,16034.9,16036,16036.5,0.5,1134.430018
2026-06-15T20:50:00+00:00,16036.2,16036.6,16032.5,16033.9,16035.9,16036.5,16036.1,16037.1,16031.3,16033.7,16031.9,16035.9,4,1589.510014
2026-06-15T21:00:00+00:00,16034.65,16036,16032.1,16033.25,16031.9,16037.4,16031.9,16040.1,16029,16035.2,16030,16036.5,6.5,58.62000048
2026-06-15T21:10:00+00:00,16033.05,16034.25,16032.65,16032.8,16030,16036.1,16030,16038.5,16029.5,16035.8,16029.7,16035.9,6.2,45.62999982
2026-06-15T21:20:00+00:00,16032.9,16033.9,16031,16033.55,16029.9,16035.9,16031.9,16035.9,16027.7,16034.3,16031.9,16035.2,3.3,45.00000095
2026-06-15T21:30:00+00:00,16033.45,16034.25,16033,16033.85,16031.7,16035.2,16032.1,16036.4,16031.4,16034.6,16032.1,16035.6,3.5,268.0500065
2026-06-15T21:40:00+00:00,16033.7,16037.25,16031.05,16034.55,16032,16035.4,16036.1,16038.4,16028.5,16033.6,16032.6,16036.5,3.9,393.3700077
2026-06-15T21:50:00+00:00,16034.4,16036.7,16033.4,16035.1,16032.7,16036.1,16035.6,16037.8,16031.5,16035.3,16033.6,16036.6,3,122.8500029
2026-06-15T22:00:00+00:00,16035.2,16035.7,16032.15,16033.3,16033.7,16036.7,16034.5,16036.9,16031.6,16032.7,16032.8,16033.8,1,403.5399955
2026-06-15T22:10:00+00:00,16033.4,16035.25,16033.1,16034.9,16032.9,16033.9,16034.9,16035.6,16032.6,16033.6,16034.5,16035.3,0.8,172.1400033
2026-06-15T22:20:00+00:00,16034.5,16035.6,16032.55,16032.6,16034.2,16034.8,16035.2,16036,16032.2,16032.9,16032.2,16033,0.8,413.050005
2026-06-15T22:30:00+00:00,16032.55,16033.4,16031.9,16032.75,16032.3,16032.8,16032.9,16033.9,16031.5,16032.3,16032.4,16033.1,0.7,406.2200023
2026-06-15T22:40:00+00:00,16032.85,16034.05,16032.55,16033.9,16032.5,16033.2,16033.6,16034.5,16032.2,16032.9,16033.5,16034.3,0.8,140.8400015
2026-06-15T22:50:00+00:00,16033.95,16034.8,16032.7,16032.75,16033.5,16034.4,16034.4,16035.2,16032.3,16033.1,16032.4,16033.1,0.7,345.4700046
2026-06-15T23:00:00+00:00,16032.7,16032.85,16028.6,16028.85,16032.3,16033.1,16032.6,16033.1,16028.4,16028.8,16028.5,16029.2,0.7,331.940008
2026-06-15T23:10:00+00:00,16028.9,16030.25,16028.65,16029.75,16028.6,16029.2,16029.9,16030.6,16028.4,16028.9,16029.5,16030,0.5,360.2000067
2026-06-15T23:20:00+00:00,16029.65,16029.7,16027.55,16027.85,16029.5,16029.8,16029.5,16029.9,16027.3,16027.8,16027.6,16028.1,0.5,336.3700023
2026-06-15T23:30:00+00:00,16027.8,16027.9,16027.3,16027.85,16027.5,16028.1,16027.6,16028.2,16027,16027.6,16027.5,16028.2,0.7,450.030004
2026-06-15T23:40:00+00:00,16027.9,16027.95,16024.85,16025.05,16027.6,16028.2,16027.6,16028.3,16024.6,16025.1,16024.8,16025.3,0.5,879.3600125
2026-06-15T23:50:00+00:00,16025.25,16026.2,16022.35,16024.7,16025,16025.5,16025.9,16026.5,16022.1,16022.6,16024.4,16025,0.6,609.3700078
2026-06-16T00:00:00+00:00,16024.65,16027.6,16023.4,16026.1,16024.4,16024.9,16027.3,16027.9,16023.1,16023.7,16025.8,16026.4,0.6,1071.65001
2026-06-16T00:10:00+00:00,16025.95,16027.05,16024.6,16025.65,16025.7,16026.2,16026.8,16027.3,16024.3,16024.9,16025.2,16026.1,0.9,911.9400179
2026-06-16T00:20:00+00:00,16025.6,16025.95,16024.25,16024.35,16025.3,16025.9,16025.7,16026.2,16024,16024.5,16024.1,16024.6,0.5,641.0900106
2026-06-16T00:30:00+00:00,16024.15,16024.35,16020.15,16020.65,16023.9,16024.4,16024.1,16024.6,16020,16020.3,16020.4,16020.9,0.5,991.4100103
2026-06-16T00:40:00+00:00,16020.6,16021.3,16015.7,16021.1,16020.3,16020.9,16021,16021.6,16015.4,16016,16020.9,16021.3,0.4,1262.260015
2026-06-16T00:50:00+00:00,16021.05,16026.7,16019.25,16019.95,16020.8,16021.3,16026.4,16027,16019,16019.5,16019.7,16020.2,0.5,3542.26005
2026-06-16T01:00:00+00:00,16019.8,16021.5,16011.3,16012.45,16019.6,16020,16021.3,16021.7,16011.1,16011.5,16012.3,16012.6,0.3,2081.380028
2026-06-16T01:10:00+00:00,16012.35,16016.45,16010.4,16015.4,16012.2,16012.5,16016.3,16016.6,16010.2,16010.6,16015.2,16015.6,0.4,1553.460022
2026-06-16T01:20:00+00:00,16015.35,16015.4,16011.65,16014.8,16015.1,16015.6,16015.2,16015.6,16011.4,16011.9,16014.6,16015,0.4,954.9700124
2026-06-16T01:30:00+00:00,16014.7,16016.7,16012.15,16015.7,16014.6,16014.8,16016.5,16016.9,16011.9,16012.4,16015.5,16015.9,0.4,1321.59002
2026-06-16T01:40:00+00:00,16015.8,16015.95,16013.55,16015.15,16015.6,16016,16015.7,16016.2,16013.5,16013.6,16014.9,16015.4,0.5,1229.310015
2026-06-16T01:50:00+00:00,16015,16017.75,16014.05,16016.15,16014.8,16015.2,16017.5,16018,16013.8,16014.3,16015.9,16016.4,0.5,766.9900107
2026-06-16T02:00:00+00:00,16016.25,16018.7,16015.95,16017.2,16016,16016.5,16018.5,16018.9,16015.7,16016.2,16017,16017.4,0.4,468.4500099
2026-06-16T02:10:00+00:00,16017.25,16019.7,16016.5,16019.3,16017,16017.5,16019.5,16019.9,16016.3,16016.7,16019.2,16019.4,0.2,474.2900097
2026-06-16T02:20:00+00:00,16019.25,16019.7,16014.65,16015.35,16019.1,16019.4,16019.5,16019.9,16014.4,16014.9,16015.1,16015.6,0.5,439.5700071
2026-06-16T02:30:00+00:00,16015.25,16015.35,16011.15,16012.55,16015,16015.5,16015.1,16015.6,16011,16011.3,16012.3,16012.8,0.5,666.5100102
2026-06-16T02:40:00+00:00,16012.35,16015.8,16012.35,16014.95,16012.1,16012.6,16015.6,16016,16012.1,16012.6,16014.7,16015.2,0.5,630.6300122
2026-06-16T02:50:00+00:00,16014.9,16015.35,16010.3,16014,16014.6,16015.2,16015.2,16015.5,16010,16010.6,16013.7,16014.3,0.6,1373.670014
2026-06-16T03:00:00+00:00,16014.1,16014.95,16005.05,16007.75,16013.8,16014.4,16014.7,16015.2,16004.8,16005.3,16007.5,16008,0.5,2327.810021
2026-06-16T03:10:00+00:00,16007.8,16023.85,16007,16023.55,16007.6,16008,16023.6,16024.1,16006.8,16007.2,16023.5,16023.6,0.1,1960.060031
2026-06-16T03:20:00+00:00,16023.3,16024.3,16011.65,16023.5,16023.2,16023.4,16023.9,16024.7,16011.3,16012,16023.3,16023.7,0.4,2525.520045
2026-06-16T03:30:00+00:00,16023.95,16024.25,16021,16023,16023.8,16024.1,16024.1,16024.4,16020.7,16021.3,16022.7,16023.3,0.6,1277.460019
2026-06-16T03:40:00+00:00,16023.05,16024.95,16021.5,16021.7,16022.8,16023.3,16024.8,16025.1,16021.2,16021.8,16021.4,16022,0.6,858.4600139
2026-06-16T03:50:00+00:00,16021.8,16022.95,16020.5,16020.95,16021.5,16022.1,16022.7,16023.2,16020.2,16020.8,16020.7,16021.2,0.5,1237.560023
2026-06-16T04:00:00+00:00,16021.05,16023.4,16019.3,16022.6,16020.8,16021.3,16023.2,16023.6,16019,16019.6,16022.4,16022.8,0.4,1458.610029
2026-06-16T04:10:00+00:00,16022.45,16029.65,16022.45,16029.1,16022.2,16022.7,16029.5,16029.8,16022.2,16022.7,16028.9,16029.3,0.4,1905.140028
2026-06-16T04:20:00+00:00,16029.05,16034.8,16028.4,16032.95,16028.9,16029.2,16034.5,16035.1,16028.2,16028.6,16032.6,16033.3,0.7,1997.870025
2026-06-16T04:30:00+00:00,16032.85,16033.9,16031.15,16033,16032.4,16033.3,16033.8,16034,16030.9,16031.4,16032.8,16033.2,0.4,1516.140019
2026-06-16T04:40:00+00:00,16033.1,16033.25,16027.8,16027.8,16032.9,16033.3,16033.2,16033.3,16027.6,16028,16027.6,16028,0.4,1301.040018
2026-06-16T04:50:00+00:00,16027.7,16029.2,16024.3,16025.45,16027.5,16027.9,16029,16029.4,16024.1,16024.5,16025.3,16025.6,0.3,1559.310024
2026-06-16T05:00:00+00:00,16025.5,16030.2,16024.55,16030.1,16025.3,16025.7,16029.9,16030.5,16024.4,16024.7,16029.8,16030.4,0.6,993.4600167
2026-06-16T05:10:00+00:00,16030.05,16030.35,16027,16027.6,16029.8,16030.3,16030.1,16030.6,16026.8,16027.2,16027.4,16027.8,0.4,475.2400091
2026-06-16T05:20:00+00:00,16027.85,16028.9,16025.25,16025.7,16027.7,16028,16028.7,16029.1,16025,16025.5,16025.5,16025.9,0.4,509.4100076
2026-06-16T05:30:00+00:00,16025.75,16026.4,16023.3,16026.4,16025.6,16025.9,16026.3,16026.5,16023.1,16023.5,16026.3,16026.5,0.2,627.740011
2026-06-16T05:40:00+00:00,16026.35,16028.9,16025.5,16028.8,16026.2,16026.5,16028.7,16029.1,16025.3,16025.7,16028.6,16029,0.4,663.9100122
2026-06-16T05:50:00+00:00,16028.45,16030.2,16028.3,16029.45,16028.3,16028.6,16030.1,16030.3,16028.1,16028.5,16029.1,16029.8,0.7,504.420007
2026-06-16T06:00:00+00:00,16029.65,16029.7,16026.05,16029.45,16029.4,16029.9,16029.4,16030,16025.9,16026.2,16029.2,16029.7,0.5,921.6000113
2026-06-16T06:10:00+00:00,16029.15,16029.65,16028,16028.35,16028.9,16029.4,16029.4,16029.9,16027.9,16028.1,16028.1,16028.6,0.5,930.890016
2026-06-16T06:20:00+00:00,16028.4,16028.55,16023.55,16023.85,16028.1,16028.7,16028.4,16028.7,16023.3,16023.8,16023.7,16024,0.3,1213.090014
2026-06-16T06:30:00+00:00,16023.8,16026.3,16014.9,16018.65,16023.6,16024,16026.1,16026.5,16014.7,16015.1,16018.4,16018.9,0.5,3178.430048
2026-06-16T06:40:00+00:00,16018.75,16024,16018.5,16021.15,16018.5,16019,16023.8,16024.2,16018.3,16018.7,16020.9,16021.4,0.5,2279.660031
2026-06-16T06:50:00+00:00,16021.25,16022.6,16020,16021.05,16021,16021.5,16022.4,16022.8,16019.8,16020.2,16020.9,16021.2,0.3,2197.020023
2026-06-16T07:00:00+00:00,16021.1,16026.8,16019.8,16026.6,16020.9,16021.3,16026.6,16027,16019.6,16020,16026.3,16026.9,0.6,2027.410031
2026-06-16T07:10:00+00:00,16026.65,16034.6,16026.45,16033.4,16026.4,16026.9,16034.4,16034.8,16026.2,16026.7,16033.2,16033.6,0.4,2686.550033
2026-06-16T07:20:00+00:00,16033.45,16033.85,16026.65,16027.95,16033.3,16033.6,16033.6,16034.1,16026.5,16026.8,16027.7,16028.2,0.5,2060.670038
2026-06-16T07:30:00+00:00,16027.85,16032.9,16027.65,16031,16027.5,16028.2,16032.7,16033.1,16027.4,16027.9,16030.9,16031.1,0.2,1552.270026
2026-06-16T07:40:00+00:00,16030.9,16033,16029.65,16030.5,16030.8,16031,16032.9,16033.1,16029.4,16029.9,16030.4,16030.6,0.2,1995.610028
2026-06-16T07:50:00+00:00,16030.6,16032.4,16023.35,16023.7,16030.4,16030.8,16032.2,16032.6,16023.1,16023.6,16023.5,16023.9,0.4,2047.270024
2026-06-16T08:00:00+00:00,16023.55,16026.4,16022.6,16026.2,16023.4,16023.7,16026.2,16026.6,16022.3,16022.9,16026,16026.4,0.4,1850.270028
2026-06-16T08:10:00+00:00,16026.15,16028.9,16023.95,16028.75,16025.9,16026.4,16028.7,16029.1,16023.7,16024.2,16028.5,16029,0.5,2694.890028
2026-06-16T08:20:00+00:00,16028.8,16029.85,16026.75,16027.65,16028.5,16029.1,16029.6,16030.1,16026.6,16026.9,16027.4,16027.9,0.5,3327.330022
2026-06-16T08:30:00+00:00,16027.55,16032.95,16026.45,16032.4,16027.3,16027.8,16032.8,16033.1,16026.2,16026.7,16032.2,16032.6,0.4,2334.780016
2026-06-16T08:40:00+00:00,16032.35,16032.4,16030.8,16031.9,16032.1,16032.6,16032.2,16032.6,16030.6,16031,16031.8,16032,0.2,2054.940021
2026-06-16T08:50:00+00:00,16031.85,16033.3,16030.85,16032.25,16031.7,16032,16033.1,16033.5,16030.7,16031,16032.1,16032.4,0.3,1594.550023
2026-06-16T09:00:00+00:00,16032.2,16033.55,16031.7,16032.4,16032,16032.4,16033.4,16033.7,16031.5,16031.9,16032.3,16032.5,0.2,1204.530016
2026-06-16T09:10:00+00:00,16032.45,16033.5,16031.75,16033.05,16032.3,16032.6,16033.3,16033.7,16031.5,16032,16032.8,16033.3,0.5,1636.370019
2026-06-16T09:20:00+00:00,16033.1,16033.55,16030.75,16032,16033,16033.2,16033.3,16033.8,16030.5,16031,16031.8,16032.2,0.4,1660.83002
2026-06-16T09:30:00+00:00,16032.05,16033.65,16031.4,16032.8,16031.9,16032.2,16033.5,16033.8,16031.2,16031.6,16032.5,16033.1,0.6,1056.920007
2026-06-16T09:40:00+00:00,16032.85,16036.15,16032.8,16035.8,16032.7,16033,16035.9,16036.4,16032.6,16033,16035.6,16036,0.4,1328.56002
2026-06-16T09:50:00+00:00,16035.95,16036,16033.6,16034.2,16035.7,16036.2,16035.8,16036.2,16033.5,16033.7,16034,16034.4,0.4,3402.740039
2026-06-16T10:00:00+00:00,16034.25,16034.6,16032.3,16032.4,16034.1,16034.4,16034.4,16034.8,16032,16032.6,16032.2,16032.6,0.4,1162.660015
2026-06-16T10:10:00+00:00,16032.7,16032.8,16030.8,16032.05,16032.6,16032.8,16032.6,16033,16030.6,16031,16031.9,16032.2,0.3,2443.420047
2026-06-16T10:20:00+00:00,16032.3,16032.3,16030.5,16031.35,16032.1,16032.5,16032.1,16032.5,16030.3,16030.7,16031.2,16031.5,0.3,952.7600131
2026-06-16T10:30:00+00:00,16031.45,16031.8,16028.05,16028.5,16031.3,16031.6,16031.6,16032,16027.9,16028.2,16028.3,16028.7,0.4,830.1900117
2026-06-16T10:40:00+00:00,16028.45,16031.2,16028.05,16030.95,16028.3,16028.6,16030.9,16031.5,16027.9,16028.2,16030.7,16031.2,0.5,991.770015
2026-06-16T10:50:00+00:00,16031,16032.45,16028.4,16029.15,16030.9,16031.1,16032.3,16032.6,16028.1,16028.7,16028.9,16029.4,0.5,978.3100158
2026-06-16T11:00:00+00:00,16029.25,16033.5,16029.25,16033.2,16029.1,16029.4,16033.3,16033.7,16029.1,16029.4,16033.1,16033.3,0.2,895.1400173
2026-06-16T11:10:00+00:00,16033.1,16034.4,16031.6,16032.4,16032.9,16033.3,16034.2,16034.6,16031.4,16031.8,16032.3,16032.5,0.2,934.0400145
2026-06-16T11:20:00+00:00,16032.35,16033.1,16031.7,16032.1,16032.3,16032.4,16032.9,16033.3,16031.5,16031.9,16031.9,16032.3,0.4,695.5500118
2026-06-16T11:30:00+00:00,16032.1,16033.35,16031.85,16033.3,16031.9,16032.3,16033.2,16033.5,16031.7,16032,16033.1,16033.5,0.4,537.8200065
2026-06-16T11:40:00+00:00,16033.25,16035.55,16033.2,16034.35,16033.1,16033.4,16035.3,16035.8,16033,16033.4,16034.1,16034.6,0.5,757.3600087
2026-06-16T11:50:00+00:00,16034.4,16036.1,16033.5,16035.95,16034.1,16034.7,16035.9,16036.3,16033.3,16033.7,16035.8,16036.1,0.3,973.2400098
2026-06-16T12:00:00+00:00,16036,16037.7,16035.45,16037.2,16035.8,16036.2,16037.5,16037.9,16035.2,16035.7,16037,16037.4,0.4,2483.240032
2026-06-16T12:10:00+00:00,16037.25,16037.4,16035.5,16036.7,16037.1,16037.4,16037.2,16037.6,16035.3,16035.7,16036.5,16036.9,0.4,1796.560021
2026-06-16T12:20:00+00:00,16036.75,16037.5,16033.6,16033.65,16036.5,16037,16037.3,16037.7,16033.5,16033.7,16033.5,16033.8,0.3,1035.100011
2026-06-16T12:30:00+00:00,16033.65,16034.65,16033.15,16033.35,16033.5,16033.8,16034.4,16034.9,16033,16033.3,16033.2,16033.5,0.3,1280.380013
2026-06-16T12:40:00+00:00,16033.55,16033.95,16031.95,16033.15,16033.4,16033.7,16033.8,16034.1,16031.7,16032.2,16032.8,16033.5,0.7,1307.61002
2026-06-16T12:50:00+00:00,16033.1,16033.3,16031.85,16032.55,16032.8,16033.4,16033.1,16033.5,16031.6,16032.1,16032.4,16032.7,0.3,1292.360016
2026-06-16T13:00:00+00:00,16032.55,16034.6,16032.4,16034.2,16032.5,16032.6,16034.4,16034.8,16032.2,16032.6,16034,16034.4,0.4,1707.70002
2026-06-16T13:10:00+00:00,16034.4,16037.2,16033.8,16036.95,16034.1,16034.7,16037.1,16037.3,16033.7,16033.9,16036.8,16037.1,0.3,1458.590018
2026-06-16T13:20:00+00:00,16037,16040.85,16037,16038.7,16036.8,16037.2,16040.6,16041.1,16036.8,16037.2,16038.5,16038.9,0.4,1691.310019
2026-06-16T13:30:00+00:00,16038.75,16039.3,16034.2,16034.9,16038.4,16039.1,16039.1,16039.5,16034,16034.4,16034.7,16035.1,0.4,3110.740039
2026-06-16T13:40:00+00:00,16035,16039.1,16034.55,16038.6,16034.8,16035.2,16039,16039.2,16034.3,16034.8,16038.4,16038.8,0.4,2229.310026
2026-06-16T13:50:00+00:00,16038.45,16040.35,16038.05,16039.65,16038.3,16038.6,16040.1,16040.6,16037.9,16038.2,16039.4,16039.9,0.5,1854.64002
2026-06-16T14:00:00+00:00,16039.9,16043.8,16038.5,16043.65,16039.7,16040.1,16043.6,16044,16038.3,16038.7,16043.5,16043.8,0.3,1555.980024
2026-06-16T14:10:00+00:00,16043.6,16043.6,16040.55,16043.25,16043.4,16043.8,16043.4,16043.8,16040.4,16040.7,16043.1,16043.4,0.3,1017.160013
2026-06-16T14:20:00+00:00,16043.3,16043.4,16041.25,16042.55,16043.1,16043.5,16043.2,16043.6,16041.1,16041.4,16042.4,16042.7,0.3,1349.740019
2026-06-16T14:30:00+00:00,16042.65,16046.6,16042.2,16043.7,16042.5,16042.8,16046.4,16046.8,16042,16042.4,16043.5,16043.9,0.4,1959.83003
2026-06-16T14:40:00+00:00,16043.65,16044.35,16040.75,16040.9,16043.4,16043.9,16044.2,16044.5,16040.6,16040.9,16040.7,16041.1,0.4,2135.150026
2026-06-16T14:50:00+00:00,16040.85,16042.1,16037.25,16040.15,16040.7,16041,16041.9,16042.3,16037.1,16037.4,16040,16040.3,0.3,2516.630036
2026-06-16T15:00:00+00:00,16040.1,16045.15,16039.2,16045,16040,16040.2,16045,16045.3,16039,16039.4,16044.8,16045.2,0.4,2304.640026
2026-06-16T15:10:00+00:00,16045.1,16045.85,16043.6,16044.5,16044.9,16045.3,16045.6,16046.1,16043.4,16043.8,16044.4,16044.6,0.2,958.4000108
2026-06-16T15:20:00+00:00,16044.45,16046.15,16044.15,16045.15,16044.4,16044.5,16046,16046.3,16044,16044.3,16045,16045.3,0.3,979.3300129
2026-06-16T15:30:00+00:00,16045.2,16045.9,16041,16042.65,16045.1,16045.3,16045.7,16046.1,16040.8,16041.2,16042.5,16042.8,0.3,1478.340024
2026-06-16T15:40:00+00:00,16042.9,16045.2,16042.4,16044.5,16042.7,16043.1,16045,16045.4,16042.1,16042.7,16044.3,16044.7,0.4,1039.290016
2026-06-16T15:50:00+00:00,16044.2,16044.2,16033.65,16039.25,16044.1,16044.3,16044.1,16044.3,16033.4,16033.9,16039.1,16039.4,0.3,4221.190063
2026-06-16T16:00:00+00:00,16039.2,16040,16037.55,16037.95,16038.9,16039.5,16039.8,16040.2,16037.4,16037.7,16037.8,16038.1,0.3,1945.70003
2026-06-16T16:10:00+00:00,16037.9,16038.85,16033.55,16033.6,16037.7,16038.1,16038.6,16039.1,16033.4,16033.7,16033.4,16033.8,0.4,1424.020023
2026-06-16T16:20:00+00:00,16033.55,16037.65,16033.55,16036.85,16033.3,16033.8,16037.5,16037.8,16033.3,16033.8,16036.7,16037,0.3,1537.190024
2026-06-16T16:30:00+00:00,16036.8,16040.3,16036,16040.2,16036.6,16037,16040,16040.6,16035.8,16036.2,16039.8,16040.6,0.8,1366.83002
2026-06-16T16:40:00+00:00,16040.1,16040.4,16038.75,16040.15,16039.9,16040.3,16040.2,16040.6,16038.6,16038.9,16040,16040.3,0.3,806.930009
2026-06-16T16:50:00+00:00,16040.05,16040.85,16038.7,16039.65,16039.9,16040.2,16040.7,16041,16038.5,16038.9,16039.5,16039.8,0.3,544.6600094
2026-06-16T17:00:00+00:00,16039.7,16042.25,16038.85,16041.6,16039.6,16039.8,16042.1,16042.4,16038.7,16039,16041.4,16041.8,0.4,566.6800081
2026-06-16T17:10:00+00:00,16041.6,16042.05,16040.95,16041.95,16041.4,16041.8,16041.9,16042.2,16040.8,16041.1,16041.7,16042.2,0.5,521.540005
2026-06-16T17:20:00+00:00,16041.9,16043.1,16041.9,16042.95,16041.8,16042,16042.9,16043.3,16041.8,16042,16042.8,16043.1,0.3,337.5100045
2026-06-16T17:30:00+00:00,16042.9,16044,16041.65,16043.65,16042.8,16043,16043.8,16044.2,16041.5,16041.8,16043.5,16043.8,0.3,392.8300062
2026-06-16T17:40:00+00:00,16043.75,16044.45,16042.85,16043.85,16043.6,16043.9,16044.3,16044.6,16042.6,16043.1,16043.7,16044,0.3,392.3100071
2026-06-16T17:50:00+00:00,16043.9,16044.35,16042.9,16043.85,16043.8,16044,16044.2,16044.5,16042.8,16043,16043.7,16044,0.3,353.790005
2026-06-16T18:00:00+00:00,16043.8,16044.1,16042.1,16043.95,16043.7,16043.9,16043.9,16044.3,16041.9,16042.3,16043.8,16044.1,0.3,334.7800057
2026-06-16T18:10:00+00:00,16043.85,16044.1,16043.05,16043.65,16043.6,16044.1,16043.9,16044.3,16042.9,16043.2,16043.4,16043.9,0.5,514.3300097
2026-06-16T18:20:00+00:00,16043.55,16045.15,16043.05,16044.5,16043.3,16043.8,16044.9,16045.4,16042.9,16043.2,16044.3,16044.7,0.4,634.570009
2026-06-16T18:30:00+00:00,16044.55,16045.7,16043.5,16045.65,16044.4,16044.7,16045.5,16045.9,16043.3,16043.7,16045.5,16045.8,0.3,904.2000098
2026-06-16T18:40:00+00:00,16045.6,16046.15,16045.05,16045.65,16045.4,16045.8,16046,16046.3,16044.9,16045.2,16045.5,16045.8,0.3,366.7500055
2026-06-16T18:50:00+00:00,16045.6,16045.75,16043.45,16043.7,16045.4,16045.8,16045.6,16045.9,16043.3,16043.6,16043.4,16044,0.6,401.340006
2026-06-16T19:00:00+00:00,16043.6,16043.65,16040.9,16041.3,16043.4,16043.8,16043.5,16043.8,16040.7,16041.1,16041.1,16041.5,0.4,307.9400049
2026-06-16T19:10:00+00:00,16041.2,16041.6,16040,16040.25,16041.1,16041.3,16041.4,16041.8,16039.9,16040.1,16040.1,16040.4,0.3,469.6100098
2026-06-16T19:20:00+00:00,16040.3,16042.75,16040.25,16041,16040.2,16040.4,16042.5,16043,16040.1,16040.4,16040.8,16041.2,0.4,1170.740015
2026-06-16T19:30:00+00:00,16041.1,16044.05,16040,16043.85,16040.9,16041.3,16043.8,16044.3,16039.8,16040.2,16043.6,16044.1,0.5,1316.52002
2026-06-16T19:40:00+00:00,16043.9,16046.05,16043.8,16045.5,16043.7,16044.1,16046,16046.1,16043.7,16043.9,16045.4,16045.6,0.2,1464.000022
2026-06-16T19:50:00+00:00,16045.45,16047.95,16044.75,16046.8,16045.3,16045.6,16047.7,16048.2,16044.6,16044.9,16046.7,16046.9,0.2,1205.530019
2026-06-16T20:00:00+00:00,16046.85,16046.95,16046.2,16046.85,16046.7,16047,16046.8,16047.1,16046.1,16046.3,16046.7,16047,0.3,327.3000052
2026-06-16T20:10:00+00:00,16046.8,16046.9,16046.3,16046.55,16046.7,16046.9,16046.7,16047.1,16046.1,16046.5,16046.3,16046.8,0.5,328.9600042
2026-06-16T20:20:00+00:00,16046.65,16046.95,16046,16046.75,16046.4,16046.9,16046.7,16047.2,16045.8,16046.2,16046.4,16047.1,0.7,329.1000047
2026-06-16T20:30:00+00:00,16046.4,16048.1,16046.4,16047.8,16046.3,16046.5,16047.9,16048.3,16046.3,16046.5,16047.5,16048.1,0.6,188.770004
2026-06-16T20:40:00+00:00,16047.75,16048.3,16047.65,16048.1,16047.5,16048,16048,16048.6,16047.4,16047.9,16047.8,16048.4,0.6,268.5900046
2026-06-16T20:50:00+00:00,16048.05,16048.1,16044.2,16044.5,16047.7,16048.4,16047.8,16048.4,16042.6,16045.8,16042.6,16046.4,3.8,877.5200112
2026-06-16T21:00:00+00:00,16042.65,16043.4,16038.2,16041.2,16038.9,16046.4,16039.1,16047.7,16031.1,16045.3,16037.1,16045.3,8.2,84.53999937
2026-06-16T21:10:00+00:00,16040.7,16042.15,16037.1,16040.2,16036.1,16045.3,16037.1,16047.2,16030.8,16043.4,16037,16043.4,6.4,268.1100028
2026-06-16T21:20:00+00:00,16040.55,16042.2,16036.75,16038.9,16034.3,16046.8,16037.6,16046.8,16032.1,16041.4,16036.3,16041.5,5.2,280.1000061
2026-06-16T21:30:00+00:00,16039.15,16045.65,16037.25,16045.15,16036.3,16042,16043.5,16047.8,16034.4,16040.1,16042.9,16047.4,4.5,433.5300071
2026-06-16T21:40:00+00:00,16045.3,16046.25,16043.35,16045.3,16043.2,16047.4,16044.9,16047.6,16042,16044.7,16044,16046.6,2.6,304.200007
2026-06-16T21:50:00+00:00,16045.25,16045.35,16040.65,16042.05,16043.9,16046.6,16044,16046.7,16037.9,16043.4,16040.3,16043.8,3.5,243.7200052
2026-06-16T22:00:00+00:00,16042.85,16044.5,16041.85,16043,16042.1,16043.6,16043.4,16045.6,16041,16042.7,16042.5,16043.5,1,658.0499982
2026-06-16T22:10:00+00:00,16043.05,16044.55,16041.8,16043.3,16042.5,16043.6,16044.1,16045,16041.5,16042.1,16042.9,16043.7,0.8,550.5100138
2026-06-16T22:20:00+00:00,16043.55,16043.55,16041.95,16042.3,16043.4,16043.7,16043.4,16043.7,16041.5,16042.4,16041.9,16042.7,0.8,257.1700051
2026-06-16T22:30:00+00:00,16042.4,16043,16042.1,16042.85,16042,16042.8,16042.6,16043.4,16041.7,16042.5,16042.4,16043.3,0.9,795.4100132
2026-06-16T22:40:00+00:00,16042.7,16043.25,16042.6,16043.05,16042.4,16043,16043,16043.5,16042.2,16043,16042.6,16043.5,0.9,388.6500067
2026-06-16T22:50:00+00:00,16043,16044.05,16040.35,16040.4,16042.6,16043.4,16043.6,16044.5,16040,16040.7,16040.1,16040.7,0.6,539.3500088
2026-06-16T23:00:00+00:00,16040.55,16043,16040.1,16040.6,16040.4,16040.7,16042.6,16043.4,16039.9,16040.3,16040.3,16040.9,0.6,546.3200096
2026-06-16T23:10:00+00:00,16040.55,16041.1,16039.65,16040.6,16040.3,16040.8,16040.9,16041.3,16039.4,16039.9,16040.4,16040.8,0.4,460.3400079
2026-06-16T23:20:00+00:00,16040.75,16040.75,16040.2,16040.25,16040.5,16041,16040.5,16041,16040,16040.4,16040,16040.5,0.5,112.6500015
2026-06-16T23:30:00+00:00,16040.2,16041.15,16039.9,16040.45,16040,16040.4,16040.9,16041.4,16039.7,16040.1,16040.3,16040.6,0.3,125.3100023
2026-06-16T23:40:00+00:00,16040.35,16041.75,16040.35,16041.1,16040.2,16040.5,16041.5,16042,16040.2,16040.5,16040.5,16041.7,1.2,221.5900037
2026-06-16T23:50:00+00:00,16041.05,16044.3,16041,16042.7,16040.5,16041.6,16044.1,16044.5,16040.5,16041.5,16042.5,16042.9,0.4,554.770012
2026-06-17T00:00:00+00:00,16042.45,16042.65,16040.4,16041.35,16042.2,16042.7,16042.4,16042.9,16040.2,16040.6,16041.1,16041.6,0.5,971.9400187
2026-06-17T00:10:00+00:00,16041.25,16041.6,16037.3,16038.8,16041,16041.5,16041.4,16041.8,16037.1,16037.5,16038.6,16039,0.4,632.6100127
2026-06-17T00:20:00+00:00,16038.7,16039.45,16036.95,16038.9,16038.4,16039,16039.2,16039.7,16036.8,16037.1,16038.7,16039.1,0.4,564.4700087
2026-06-17T00:30:00+00:00,16038.75,16039,16037.05,16037.65,16038.5,16039,16038.8,16039.2,16036.8,16037.3,16037.5,16037.8,0.3,552.6700094
2026-06-17T00:40:00+00:00,16037.6,16038.65,16034.75,16038.55,16037.3,16037.9,16038.5,16038.8,16034.5,16035,16038.4,16038.7,0.3,987.2600151
2026-06-17T00:50:00+00:00,16038.45,16041.5,16035.1,16035.35,16038.2,16038.7,16041.3,16041.7,16034.9,16035.3,16035,16035.7,0.7,2340.580033
2026-06-17T01:00:00+00:00,16035.25,16037.3,16031.4,16033.65,16035,16035.5,16037.1,16037.5,16031.1,16031.7,16033.3,16034,0.7,1288.010015
2026-06-17T01:10:00+00:00,16033.55,16035.1,16032.55,16035.05,16033.4,16033.7,16034.9,16035.3,16032.3,16032.8,16034.9,16035.2,0.3,1229.070012
2026-06-17T01:20:00+00:00,16035.1,16035.5,16031.4,16033.1,16034.9,16035.3,16035.3,16035.7,16031.2,16031.6,16032.9,16033.3,0.4,1096.660013
2026-06-17T01:30:00+00:00,16033.15,16034.3,16032.3,16033.2,16033,16033.3,16034.1,16034.5,16032.1,16032.5,16032.9,16033.5,0.6,721.780004
2026-06-17T01:40:00+00:00,16033.15,16033.9,16032.2,16033.6,16033,16033.3,16033.8,16034,16032,16032.4,16033.4,16033.8,0.4,472.5000087
2026-06-17T01:50:00+00:00,16033.5,16035.2,16033.5,16034.9,16033.3,16033.7,16035,16035.4,16033.3,16033.7,16034.7,16035.1,0.4,296.8500036
2026-06-17T02:00:00+00:00,16034.8,16035.3,16033.55,16033.75,16034.6,16035,16035.1,16035.5,16033.3,16033.8,16033.6,16033.9,0.3,438.5200076
2026-06-17T02:10:00+00:00,16033.8,16033.95,16032.05,16032.4,16033.6,16034,16033.7,16034.2,16031.9,16032.2,16032.2,16032.6,0.4,305.2500067
2026-06-17T02:20:00+00:00,16032.35,16033.15,16031.3,16033,16032,16032.7,16032.9,16033.4,16031,16031.6,16032.7,16033.3,0.6,584.7500091
2026-06-17T02:30:00+00:00,16032.95,16034.2,16032.4,16034.05,16032.7,16033.2,16033.9,16034.5,16032.3,16032.5,16033.8,16034.3,0.5,631.0600095
2026-06-17T02:40:00+00:00,16034,16034.15,16032.65,16032.75,16033.8,16034.2,16033.8,16034.5,16032.5,16032.8,16032.6,16032.9,0.3,378.4700042
2026-06-17T02:50:00+00:00,16032.7,16033.45,16031.6,16033.35,16032.6,16032.8,16033.3,16033.6,16031.4,16031.8,16033.3,16033.4,0.1,328.9500066
2026-06-17T03:00:00+00:00,16033.15,16033.35,16031.4,16032.75,16033,16033.3,16033.2,16033.5,16031.1,16031.7,16032.6,16032.9,0.3,447.1900049
2026-06-17T03:10:00+00:00,16032.6,16035.45,16032.6,16033.45,16032.3,16032.9,16035.3,16035.6,16032.3,16032.9,16033.3,16033.6,0.3,962.0700173
2026-06-17T03:20:00+00:00,16033.35,16034.2,16032.35,16032.7,16033.1,16033.6,16034,16034.4,16032.1,16032.6,16032.6,16032.8,0.2,230.4200037
2026-06-17T03:30:00+00:00,16032.75,16033.65,16032.6,16033.1,16032.6,16032.9,16033.5,16033.8,16032.4,16032.8,16032.9,16033.3,0.4,176.4000044
2026-06-17T03:40:00+00:00,16033,16033,16031.8,16032.1,16032.8,16033.2,16032.8,16033.2,16031.6,16032,16031.9,16032.3,0.4,267.1500045
2026-06-17T03:50:00+00:00,16032.3,16032.55,16031.7,16032.2,16032.1,16032.5,16032.4,16032.7,16031.6,16031.8,16032,16032.4,0.4,245.1000049
2026-06-17T04:00:00+00:00,16032.35,16032.55,16029.45,16029.55,16032.2,16032.5,16032.4,16032.7,16029.3,16029.6,16029.4,16029.7,0.3,554.1500076
2026-06-17T04:10:00+00:00,16029.5,16029.5,16027.3,16028.1,16029.4,16029.6,16029.4,16029.6,16027.2,16027.4,16027.8,16028.4,0.6,477.3300107
2026-06-17T04:20:00+00:00,16028.2,16029.75,16028.2,16029.2,16028,16028.4,16029.6,16029.9,16028,16028.4,16029,16029.4,0.4,297.900005
2026-06-17T04:30:00+00:00,16029.4,16029.45,16028,16028.5,16029.2,16029.6,16029.2,16029.7,16027.8,16028.2,16028.3,16028.7,0.4,409.2500037
2026-06-17T04:40:00+00:00,16028.45,16028.5,16025.9,16027.1,16028.2,16028.7,16028.3,16028.7,16025.7,16026.1,16026.9,16027.3,0.4,507.1300061
2026-06-17T04:50:00+00:00,16027.15,16027.6,16025.75,16026.8,16027,16027.3,16027.3,16027.9,16025.6,16025.9,16026.5,16027.1,0.6,408.7600055
2026-06-17T05:00:00+00:00,16026.85,16028.35,16026.5,16028.25,16026.6,16027.1,16028.1,16028.6,16026.3,16026.7,16028.1,16028.4,0.3,237.3600043
2026-06-17T05:10:00+00:00,16028.2,16028.3,16026.7,16026.85,16028,16028.4,16028.1,16028.5,16026.5,16026.9,16026.6,16027.1,0.5,203.1000051
2026-06-17T05:20:00+00:00,16026.8,16028.95,16026.2,16028.25,16026.6,16027,16028.9,16029,16026,16026.4,16028.1,16028.4,0.3,297.5600066
2026-06-17T05:30:00+00:00,16028.1,16029.3,16027.6,16029.15,16027.9,16028.3,16029,16029.6,16027.4,16027.8,16028.9,16029.4,0.5,254.2800047
2026-06-17T05:40:00+00:00,16029.1,16029.35,16028.15,16029.2,16028.9,16029.3,16029.1,16029.6,16028,16028.3,16029,16029.4,0.4,469.5000052
2026-06-17T05:50:00+00:00,16029.15,16033.05,16029.1,16032.7,16029,16029.3,16032.8,16033.3,16028.9,16029.3,16032.4,16033,0.6,780.5400088
2026-06-17T06:00:00+00:00,16032.7,16033.45,16030.9,16031.3,16032.3,16033.1,16033.3,16033.6,16030.6,16031.2,16031.1,16031.5,0.4,1138.740018
2026-06-17T06:10:00+00:00,16031.35,16031.4,16028.5,16030.05,16031.1,16031.6,16031.2,16031.6,16028.3,16028.7,16029.9,16030.2,0.3,960.0100138
2026-06-17T06:20:00+00:00,16030.1,16030.85,16026.8,16029.95,16029.9,16030.3,16030.6,16031.1,16026.6,16027,16029.7,16030.2,0.5,1511.810015
2026-06-17T06:30:00+00:00,16029.85,16029.9,16027.5,16027.55,16029.7,16030,16029.7,16030.1,16027.3,16027.7,16027.3,16027.8,0.5,1194.170013
2026-06-17T06:40:00+00:00,16027.65,16029.2,16025.7,16025.9,16027.5,16027.8,16029,16029.4,16025.6,16025.8,16025.8,16026,0.2,914.880008
2026-06-17T06:50:00+00:00,16025.95,16026.75,16024.85,16025.55,16025.8,16026.1,16026.5,16027,16024.7,16025,16025.3,16025.8,0.5,1087.410013
2026-06-17T07:00:00+00:00,16025.5,16028,16025.2,16025.9,16025.2,16025.8,16027.8,16028.2,16025,16025.4,16025.7,16026.1,0.4,1153.750013
2026-06-17T07:10:00+00:00,16025.95,16027.8,16025.25,16026.55,16025.8,16026.1,16027.5,16028.1,16025.1,16025.4,16026.4,16026.7,0.3,1181.420022
2026-06-17T07:20:00+00:00,16026.4,16028.6,16026,16027.3,16026.2,16026.6,16028.4,16028.8,16025.8,16026.2,16027.1,16027.5,0.4,801.9400082
2026-06-17T07:30:00+00:00,16027.35,16030.6,16025.35,16025.85,16027.2,16027.5,16030.4,16030.8,16025.2,16025.5,16025.7,16026,0.3,1300.040015
2026-06-17T07:40:00+00:00,16025.8,16026.4,16022.6,16024.15,16025.6,16026,16026.2,16026.6,16022.4,16022.8,16023.9,16024.4,0.5,1078.870011
2026-06-17T07:50:00+00:00,16024.2,16024.55,16018.3,16019.05,16023.9,16024.5,16024.3,16024.8,16018.1,16018.5,16018.9,16019.2,0.3,1950.590016
2026-06-17T08:00:00+00:00,16019,16019,16011.75,16014.1,16018.8,16019.2,16018.8,16019.2,16011.6,16011.9,16013.9,16014.3,0.4,2063.650026
2026-06-17T08:10:00+00:00,16014.05,16025.55,16013.85,16024,16013.9,16014.2,16025.3,16025.8,16013.7,16014,16023.7,16024.3,0.6,3202.620045
2026-06-17T08:20:00+00:00,16024.05,16025.45,16020,16021.75,16023.8,16024.3,16025.2,16025.7,16019.7,16020.3,16021.5,16022,0.5,1483.870019
2026-06-17T08:30:00+00:00,16021.8,16023.05,16016.8,16017.6,16021.6,16022,16022.9,16023.2,16016.6,16017,16017.5,16017.7,0.2,1837.560032
2026-06-17T08:40:00+00:00,16017.5,16017.9,16014,16016.35,16017.3,16017.7,16017.6,16018.2,16013.8,16014.2,16016.1,16016.6,0.5,2072.640032
2026-06-17T08:50:00+00:00,16016.3,16021.45,16016,16020.85,16016,16016.6,16021.2,16021.7,16015.8,16016.2,16020.6,16021.1,0.5,1411.920023
2026-06-17T09:00:00+00:00,16020.9,16022.35,16017.45,16018.9,16020.5,16021.3,16022.1,16022.6,16017.2,16017.7,16018.7,16019.1,0.4,724.1400095
2026-06-17T09:10:00+00:00,16018.95,16021.4,16018.9,16019.7,16018.8,16019.1,16021.2,16021.6,16018.7,16019.1,16019.5,16019.9,0.4,650.4600124
2026-06-17T09:20:00+00:00,16019.65,16019.85,16016.4,16019.1,16019.3,16020,16019.7,16020,16016.3,16016.5,16018.8,16019.4,0.6,1042.640017
2026-06-17T09:30:00+00:00,16019.05,16020.4,16018,16020,16018.9,16019.2,16020.2,16020.6,16017.9,16018.1,16019.8,16020.2,0.4,414.1500094
2026-06-17T09:40:00+00:00,16019.85,16022.65,16019.6,16020.1,16019.7,16020,16022.4,16022.9,16019.4,16019.8,16019.9,16020.3,0.4,392.7200066
2026-06-17T09:50:00+00:00,16020.15,16020.3,16018.1,16018.5,16020,16020.3,16020.1,16020.5,16017.9,16018.3,16018.3,16018.7,0.4,431.710006
2026-06-17T10:00:00+00:00,16018.65,16020,16018.3,16019.7,16018.4,16018.9,16019.9,16020.1,16018.1,16018.5,16019.5,16019.9,0.4,667.1700082
2026-06-17T10:10:00+00:00,16019.65,16022.05,16019.55,16022,16019.4,16019.9,16021.9,16022.2,16019.4,16019.7,16021.8,16022.2,0.4,618.3800114
2026-06-17T10:20:00+00:00,16022.1,16022.45,16018.75,16022.3,16021.9,16022.3,16022.3,16022.6,16018.5,16019,16022.1,16022.5,0.4,1245.510017
2026-06-17T10:30:00+00:00,16022.3,16022.85,16020.7,16021.85,16022.1,16022.5,16022.7,16023,16020.5,16020.9,16021.6,16022.1,0.5,718.0700109
2026-06-17T10:40:00+00:00,16021.9,16022.85,16020.9,16022.1,16021.7,16022.1,16022.7,16023,16020.7,16021.1,16021.9,16022.3,0.4,829.5000105
2026-06-17T10:50:00+00:00,16022.2,16024.45,16021.05,16023.7,16022.1,16022.3,16024.2,16024.7,16020.8,16021.3,16023.6,16023.8,0.2,1183.410016
2026-06-17T11:00:00+00:00,16023.75,16025.85,16023.05,16025.8,16023.6,16023.9,16025.6,16026.1,16022.9,16023.2,16025.6,16026,0.4,1086.090012
2026-06-17T11:10:00+00:00,16025.8,16028.8,16025.75,16028.25,16025.6,16026,16028.6,16029,16025.5,16026,16028,16028.5,0.5,1283.650013
2026-06-17T11:20:00+00:00,16028.25,16028.3,16026.8,16027.7,16028,16028.5,16028.1,16028.5,16026.6,16027,16027.5,16027.9,0.4,813.7000101
2026-06-17T11:30:00+00:00,16027.75,16029.95,16027.75,16029.4,16027.5,16028,16029.8,16030.1,16027.5,16028,16029.2,16029.6,0.4,891.0000108
2026-06-17T11:40:00+00:00,16029.45,16033.45,16029.35,16030.5,16029.2,16029.7,16033.3,16033.6,16029.1,16029.6,16030.3,16030.7,0.4,966.3200136
2026-06-17T11:50:00+00:00,16030.6,16033.5,16029.5,16031.2,16030.5,16030.7,16033.3,16033.7,16029.3,16029.7,16031,16031.4,0.4,1427.760018
2026-06-17T12:00:00+00:00,16031,16032.5,16030.1,16030.9,16030.8,16031.2,16032.4,16032.6,16029.9,16030.3,16030.6,16031.2,0.6,1398.560017
2026-06-17T12:10:00+00:00,16030.95,16032.15,16029.65,16029.8,16030.8,16031.1,16032,16032.3,16029.4,16029.9,16029.6,16030,0.4,1034.390012
2026-06-17T12:20:00+00:00,16029.7,16030.4,16026.75,16029.9,16029.5,16029.9,16030.2,16030.6,16026.6,16026.9,16029.2,16030.6,1.4,902.7700135
2026-06-17T12:30:00+00:00,16030,16031.7,16027,16027.45,16029.6,16030.4,16031.5,16031.9,16026.8,16027.2,16027.3,16027.6,0.3,1131.770016
2026-06-17T12:40:00+00:00,16027.7,16028.15,16025.75,16026.25,16027.6,16027.8,16028,16028.3,16025.6,16025.9,16026.1,16026.4,0.3,862.7100124
2026-06-17T12:50:00+00:00,16026.2,16026.2,16023.25,16024.7,16026,16026.4,16026,16026.4,16023,16023.5,16024.5,16024.9,0.4,545.3800095
2026-06-17T13:00:00+00:00,16024.55,16026.35,16024.25,16026.35,16024.4,16024.7,16026.2,16026.5,16024,16024.5,16026.2,16026.5,0.3,1084.510016
2026-06-17T13:10:00+00:00,16026.4,16027.8,16025.85,16025.9,16026.2,16026.6,16027.6,16028,16025.6,16026.1,16025.7,16026.1,0.4,829.7000142
2026-06-17T13:20:00+00:00,16026,16030.05,16025.85,16029.7,16025.8,16026.2,16029.9,16030.2,16025.6,16026.1,16029.5,16029.9,0.4,1163.680019
2026-06-17T13:30:00+00:00,16029.75,16030,16025.95,16028.6,16029.5,16030,16029.8,16030.2,16025.7,16026.2,16028.3,16028.9,0.6,1496.890026
2026-06-17T13:40:00+00:00,16028.65,16029.5,16024.6,16024.65,16028.4,16028.9,16029.3,16029.7,16024.4,16024.8,16024.4,16024.9,0.5,1098.110019
2026-06-17T13:50:00+00:00,16024.7,16025.2,16018.8,16019.7,16024.4,16025,16025,16025.4,16018.6,16019,16019.5,16019.9,0.4,1566.310026
2026-06-17T14:00:00+00:00,16019.75,16024.9,16019.75,16023.8,16019.5,16020,16024.7,16025.1,16019.5,16020,16023.6,16024,0.4,2432.860041
2026-06-17T14:10:00+00:00,16023.75,16026.25,16023.15,16025.75,16023.6,16023.9,16026.1,16026.4,16023,16023.3,16025.6,16025.9,0.3,1523.770021
2026-06-17T14:20:00+00:00,16025.65,16027.8,16023.45,16025,16025.5,16025.8,16027.5,16028.1,16023.2,16023.7,16024.8,16025.2,0.4,935.7400148
2026-06-17T14:30:00+00:00,16024.9,16025.75,16023.35,16023.55,16024.8,16025,16025.5,16026,16023.2,16023.5,16023.3,16023.8,0.5,1120.460017
2026-06-17T14:40:00+00:00,16023.6,16035.05,16023.5,16028.6,16023.5,16023.7,16034.8,16035.3,16023.3,16023.7,16028.2,16029,0.8,3898.500066
2026-06-17T14:50:00+00:00,16028.5,16033.65,16026.65,16032.1,16028.1,16028.9,16033.4,16033.9,16026.4,16026.9,16031.9,16032.3,0.4,1837.180027
2026-06-17T15:00:00+00:00,16032.25,16033.65,16028.05,16029.95,16032.1,16032.4,16033.5,16033.8,16027.8,16028.3,16029.9,16030,0.1,1987.380032
2026-06-17T15:10:00+00:00,16029.85,16030.05,16025.75,16026.35,16029.7,16030,16029.9,16030.2,16025.6,16025.9,16026.2,16026.5,0.3,1111.710022
2026-06-17T15:20:00+00:00,16026.4,16027.9,16021.6,16023.05,16026.3,16026.5,16027.7,16028.1,16021.3,16021.9,16022.9,16023.2,0.3,926.9000179
2026-06-17T15:30:00+00:00,16023.25,16024.4,16019.2,16023.9,16023,16023.5,16024.3,16024.5,16019,16019.4,16023.8,16024,0.2,957.3900183
2026-06-17T15:40:00+00:00,16023.95,16026.25,16022.4,16022.45,16023.9,16024,16026.1,16026.4,16022.2,16022.6,16022.3,16022.6,0.3,830.1700156
2026-06-17T15:50:00+00:00,16022.35,16023.9,16020.35,16022.15,16022.2,16022.5,16023.7,16024.1,16020.2,16020.5,16022,16022.3,0.3,654.4300116
2026-06-17T16:00:00+00:00,16022,16022.6,16020.2,16021.3,16021.9,16022.1,16022.4,16022.8,16020,16020.4,16021,16021.6,0.6,581.3100114
2026-06-17T16:10:00+00:00,16021.35,16023.6,16021.15,16022.4,16021.2,16021.5,16023.4,16023.8,16021,16021.3,16022.3,16022.5,0.2,519.6000118
2026-06-17T16:20:00+00:00,16022.35,16022.65,16020,16020.45,16022.2,16022.5,16022.4,16022.9,16019.8,16020.2,16020.3,16020.6,0.3,419.2400075
2026-06-17T16:30:00+00:00,16020.55,16021.85,16020.55,16021.2,16020.4,16020.7,16021.7,16022,16020.4,16020.7,16021,16021.4,0.4,462.0000058
2026-06-17T16:40:00+00:00,16021.25,16021.85,16020.25,16021.15,16021.1,16021.4,16021.8,16021.9,16020.1,16020.4,16021,16021.3,0.3,187.9600031
2026-06-17T16:50:00+00:00,16021.2,16021.55,16019.9,16019.95,16021,16021.4,16021.3,16021.8,16019.7,16020.1,16019.8,16020.1,0.3,423.4500067
2026-06-17T17:00:00+00:00,16020.25,16023.8,16019.85,16020.9,16020.2,16020.3,16023.7,16023.9,16019.7,16020,16020.7,16021.1,0.4,701.2900141
2026-06-17T17:10:00+00:00,16020.75,16022.3,16019.9,16022.3,16020.6,16020.9,16022.1,16022.5,16019.7,16020.1,16022.1,16022.5,0.4,1042.940015
2026-06-17T17:20:00+00:00,16022.25,16022.65,16020,16020.05,16022.1,16022.4,16022.5,16022.8,16019.9,16020.1,16019.9,16020.2,0.3,298.2700049
2026-06-17T17:30:00+00:00,16020.1,16021.5,16019.65,16021.2,16020,16020.2,16021.4,16021.6,16019.5,16019.8,16021,16021.4,0.4,477.6700121
2026-06-17T17:40:00+00:00,16021.5,16022.05,16020.2,16021.1,16021.4,16021.6,16021.9,16022.2,16019.9,16020.5,16020.9,16021.3,0.4,435.1000088
2026-06-17T17:50:00+00:00,16021.05,16022.55,16019.65,16020.3,16020.9,16021.2,16022.3,16022.8,16019.2,16020.1,16019.3,16021.3,2,904.1900151
2026-06-17T18:00:00+00:00,16020.25,16047.3,16019.85,16046.6,16019.3,16021.2,16047.2,16047.4,16018.8,16020.9,16046.4,16046.8,0.4,8667.28015
2026-06-17T18:10:00+00:00,16046.7,16047.65,16042.3,16043.55,16046.6,16046.8,16047.4,16047.9,16042.1,16042.5,16043.4,16043.7,0.3,5381.84007
2026-06-17T18:20:00+00:00,16043.5,16047.6,16040,16046.5,16043.4,16043.6,16047.3,16047.9,16039.8,16040.2,16046.2,16046.8,0.6,3491.680054
2026-06-17T18:30:00+00:00,16046.3,16050.6,16033.7,16040.4,16046,16046.6,16050.5,16050.7,16033.4,16034,16040.1,16040.7,0.6,7718.240138
2026-06-17T18:40:00+00:00,16040.2,16044.9,16033.3,16037.5,16040,16040.4,16044.7,16045.1,16033.1,16033.5,16037.3,16037.7,0.4,8133.610147
2026-06-17T18:50:00+00:00,16037.55,16049.9,16033.6,16049.25,16037.3,16037.8,16049.7,16050.1,16033.5,16033.7,16049.1,16049.4,0.3,4945.730098
2026-06-17T19:00:00+00:00,16049.35,16058.7,16046.95,16058.4,16049.2,16049.5,16058.5,16058.9,16046.7,16047.2,16058.3,16058.5,0.2,7311.47011
2026-06-17T19:10:00+00:00,16058.45,16063.95,16052.05,16062.85,16058.3,16058.6,16063.7,16064.2,16051.8,16052.3,16062.6,16063.1,0.5,8535.890151
2026-06-17T19:20:00+00:00,16063.05,16069.55,16061.45,16069.35,16062.8,16063.3,16069.4,16069.7,16061.2,16061.7,16069.2,16069.5,0.3,9317.16017
2026-06-17T19:30:00+00:00,16069.3,16079.5,16068.6,16078.5,16069,16069.6,16079.2,16079.8,16068.5,16068.7,16078.3,16078.7,0.4,5987.250106
2026-06-17T19:40:00+00:00,16078.6,16079.65,16072.85,16076.1,16078.4,16078.8,16079.5,16079.8,16072.6,16073.1,16075.9,16076.3,0.4,5509.540084
2026-06-17T19:50:00+00:00,16076.25,16077.3,16067.5,16073.15,16076.1,16076.4,16077.2,16077.4,16067.3,16067.7,16073,16073.3,0.3,3951.950053
2026-06-17T20:00:00+00:00,16073.05,16075.8,16071.35,16073.1,16072.9,16073.2,16075.6,16076,16071.1,16071.6,16072.9,16073.3,0.4,1912.480034
2026-06-17T20:10:00+00:00,16072.7,16075.15,16069.5,16070.95,16072.5,16072.9,16074.9,16075.4,16069.3,16069.7,16070.6,16071.3,0.7,1294.520025
2026-06-17T20:20:00+00:00,16070.85,16072.3,16067.9,16068.4,16070.6,16071.1,16072.1,16072.5,16067.7,16068.1,16068.2,16068.6,0.4,1276.390019
2026-06-17T20:30:00+00:00,16068.35,16070.75,16066.15,16067.2,16068.1,16068.6,16070.5,16071,16065.9,16066.4,16066.9,16067.5,0.6,1127.330022
2026-06-17T20:40:00+00:00,16067.05,16069.8,16066.9,16069.15,16066.8,16067.3,16069.6,16070,16066.6,16067.2,16069,16069.3,0.3,2408.130037
2026-06-17T20:50:00+00:00,16069,16069.2,16064.25,16065,16068.8,16069.2,16068.8,16069.6,16063.5,16065,16063.5,16066.5,3,1559.450028
2026-06-17T21:00:00+00:00,16064.6,16067.7,16063.65,16065.7,16063.2,16066,16063.6,16071.8,16061.3,16066,16062.3,16069.1,6.8,17.99999952
2026-06-17T21:10:00+00:00,16065.7,16065.7,16062.8,16064.35,16062.4,16069,16062.4,16069,16060.9,16064.7,16061.9,16066.8,4.9,80.25000113
2026-06-17T21:20:00+00:00,16064.5,16065.55,16058.85,16059.05,16062,16067,16064.1,16067,16057.3,16060.4,16057.5,16060.6,3.1,146.1000033
2026-06-17T21:30:00+00:00,16059.05,16059.65,16057.75,16057.95,16057.6,16060.5,16058.8,16060.5,16056.7,16058.8,16057.1,16058.8,1.7,129.0000023
2026-06-17T21:40:00+00:00,16058.05,16058.8,16057.7,16058.45,16057.1,16059,16057.5,16060.1,16056.8,16058.6,16057,16059.9,2.9,66.60000193
2026-06-17T21:50:00+00:00,16058.45,16067.65,16052,16059.05,16057,16059.9,16065.9,16069.4,16049.2,16054.8,16052.6,16065.5,12.9,1303.900013
2026-06-17T22:00:00+00:00,16059,16065.45,16056.6,16061.6,16052.4,16065.6,16064.5,16066.4,16052.4,16060.8,16060.8,16062.4,1.6,1435.670015
2026-06-17T22:10:00+00:00,16061.65,16063.5,16060.65,16063.05,16060.9,16062.4,16063.1,16063.9,16060.3,16061,16062.6,16063.5,0.9,1217.220024
2026-06-17T22:20:00+00:00,16063,16064.9,16061.3,16062.1,16062.6,16063.4,16064.5,16065.3,16061,16061.6,16061.7,16062.5,0.8,650.3300143
2026-06-17T22:30:00+00:00,16061.95,16063.3,16061.8,16062,16061.4,16062.5,16063,16063.6,16061.4,16062.2,16061.7,16062.3,0.6,519.1400107
2026-06-17T22:40:00+00:00,16062.05,16062.3,16060.55,16061.75,16061.8,16062.3,16062,16062.6,16060.1,16061,16061.3,16062.2,0.9,334.2600038
2026-06-17T22:50:00+00:00,16061.7,16062.15,16060.45,16061,16061.3,16062.1,16061.7,16062.6,16060,16060.9,16060.5,16061.5,1,446.0900052
2026-06-17T23:00:00+00:00,16061.1,16061.15,16058.85,16059.6,16060.7,16061.5,16060.8,16061.5,16058.5,16059.2,16059.3,16059.9,0.6,424.7700063
2026-06-17T23:10:00+00:00,16059.7,16059.7,16054.05,16056.1,16059.4,16060,16059.4,16060,16053.7,16054.4,16055.9,16056.3,0.4,783.1500084
2026-06-17T23:20:00+00:00,16055.95,16058.9,16054.65,16058.7,16055.7,16056.2,16058.6,16059.2,16054.4,16054.9,16058.5,16058.9,0.4,480.4500058
2026-06-17T23:30:00+00:00,16058.75,16059.85,16057.3,16058.8,16058.6,16058.9,16059.6,16060.1,16057.1,16057.5,16058.6,16059,0.4,571.1200079
2026-06-17T23:40:00+00:00,16058.85,16060.15,16056.95,16058.45,16058.5,16059.2,16059.9,16060.4,16056.7,16057.2,16058.3,16058.6,0.3,439.640007
2026-06-17T23:50:00+00:00,16058.5,16062.45,16058.45,16060.8,16058.4,16058.6,16062.2,16062.7,16058.3,16058.6,16060.6,16061,0.4,861.5800154
2026-06-18T00:00:00+00:00,16060.5,16060.8,16053.6,16059.6,16060.4,16060.6,16060.6,16061,16053.3,16053.9,16059.4,16059.8,0.4,2575.760047
2026-06-18T00:10:00+00:00,16059.45,16063.3,16059.15,16062.85,16059.2,16059.7,16063.1,16063.5,16059,16059.3,16062.6,16063.1,0.5,1078.110025
2026-06-18T00:20:00+00:00,16062.8,16064.6,16062.05,16064.2,16062.5,16063.1,16064.4,16064.8,16061.7,16062.4,16064,16064.4,0.4,1139.260017
2026-06-18T00:30:00+00:00,16064.3,16067.05,16062.85,16066.1,16064.1,16064.5,16066.8,16067.3,16062.6,16063.1,16065.9,16066.3,0.4,803.4800168
2026-06-18T00:40:00+00:00,16066.15,16070.65,16065.85,16069.95,16065.9,16066.4,16070.5,16070.8,16065.6,16066.1,16069.8,16070.1,0.3,1010.800018
2026-06-18T00:50:00+00:00,16069.65,16075.05,16068.3,16070.05,16069.4,16069.9,16074.8,16075.3,16068.1,16068.5,16069.8,16070.3,0.5,2653.450056
2026-06-18T01:00:00+00:00,16069.95,16069.95,16067.4,16068.45,16069.6,16070.3,16069.6,16070.3,16067.2,16067.6,16068.3,16068.6,0.3,1578.01002
2026-06-18T01:10:00+00:00,16068.55,16068.7,16066.55,16066.9,16068.4,16068.7,16068.5,16068.9,16066.3,16066.8,16066.6,16067.2,0.6,1281.600018
2026-06-18T01:20:00+00:00,16066.95,16067.3,16064.55,16065.45,16066.7,16067.2,16067.1,16067.5,16064.4,16064.7,16065.3,16065.6,0.3,738.3000109
2026-06-18T01:30:00+00:00,16065.2,16068.5,16064.55,16066.55,16065,16065.4,16068.4,16068.6,16064.4,16064.7,16066.3,16066.8,0.5,917.3200188
2026-06-18T01:40:00+00:00,16066.45,16066.65,16063.7,16065.25,16066.3,16066.6,16066.5,16066.8,16063.5,16063.9,16065.1,16065.4,0.3,403.9200082
2026-06-18T01:50:00+00:00,16065.15,16065.3,16062.45,16063.55,16065.1,16065.2,16065.2,16065.4,16062.3,16062.6,16063.4,16063.7,0.3,974.8000164
2026-06-18T02:00:00+00:00,16063.65,16066.5,16063.4,16066.5,16063.6,16063.7,16066.3,16066.7,16063.3,16063.5,16066.3,16066.7,0.4,720.1300131
2026-06-18T02:10:00+00:00,16066.45,16066.45,16061.5,16063.5,16066.3,16066.6,16066.3,16066.6,16061.3,16061.7,16063.4,16063.6,0.2,893.3700155
2026-06-18T02:20:00+00:00,16063.4,16064,16062,16062.25,16063.3,16063.5,16063.8,16064.2,16061.8,16062.2,16062.1,16062.4,0.3,481.8000108
2026-06-18T02:30:00+00:00,16062.4,16064.5,16061.9,16061.95,16062.2,16062.6,16064.3,16064.7,16061.7,16062.1,16061.8,16062.1,0.3,405.1200073
2026-06-18T02:40:00+00:00,16061.65,16061.65,16056.7,16058.7,16061.5,16061.8,16061.5,16061.8,16056.4,16057,16058.5,16058.9,0.4,1007.190017
2026-06-18T02:50:00+00:00,16058.8,16058.95,16056.3,16058.3,16058.5,16059.1,16058.7,16059.2,16056.1,16056.5,16058.2,16058.4,0.2,1002.270019
2026-06-18T03:00:00+00:00,16058.2,16061.2,16057.95,16060.75,16057.9,16058.5,16061,16061.4,16057.8,16058.1,16060.5,16061,0.5,1174.350016
2026-06-18T03:10:00+00:00,16060.65,16061.7,16057.1,16057.95,16060.5,16060.8,16061.5,16061.9,16056.9,16057.3,16057.8,16058.1,0.3,1181.790022
2026-06-18T03:20:00+00:00,16058.05,16059.15,16057.05,16058.45,16057.9,16058.2,16059,16059.3,16056.9,16057.2,16058.3,16058.6,0.3,644.3700119
2026-06-18T03:30:00+00:00,16058.35,16060.3,16057.6,16059.1,16058.2,16058.5,16060.1,16060.5,16057.4,16057.8,16058.9,16059.3,0.4,685.8900099
2026-06-18T03:40:00+00:00,16059,16059.2,16058.8,16059,16058.8,16059.2,16059,16059.4,16058.5,16059.1,16058.8,16059.2,0.4,150.150002
2026-06-18T03:50:00+00:00,16059.1,16059.25,16057.9,16058.5,16058.9,16059.3,16059.1,16059.4,16057.7,16058.1,16058.3,16058.7,0.4,297.9000056
2026-06-18T04:00:00+00:00,16058.4,16059.05,16057.7,16058.5,16058.2,16058.6,16058.9,16059.2,16057.5,16057.9,16058.3,16058.7,0.4,378.5700065
2026-06-18T04:10:00+00:00,16058.35,16061.4,16058.05,16061.35,16058.2,16058.5,16061.3,16061.5,16057.9,16058.2,16061.2,16061.5,0.3,350.6200063
2026-06-18T04:20:00+00:00,16061.3,16062.25,16060.4,16061.45,16061.1,16061.5,16062.1,16062.4,16060.3,16060.5,16061.3,16061.6,0.3,456.150009
2026-06-18T04:30:00+00:00,16061.6,16062.25,16060.35,16060.65,16061.4,16061.8,16061.9,16062.6,16060.2,16060.5,16060.5,16060.8,0.3,322.6500046
2026-06-18T04:40:00+00:00,16060.8,16060.9,16058.8,16059.65,16060.6,16061,16060.7,16061.1,16058.6,16059,16059.5,16059.8,0.3,532.3500067
2026-06-18T04:50:00+00:00,16059.6,16060.95,16058.9,16059.5,16059.4,16059.8,16060.8,16061.1,16058.7,16059.1,16059.3,16059.7,0.4,857.3100126
2026-06-18T05:00:00+00:00,16059.4,16060.05,16058.8,16059.85,16059.2,16059.6,16059.9,16060.2,16058.6,16059,16059.7,16060,0.3,1103.160011
2026-06-18T05:10:00+00:00,16059.95,16060.95,16058.3,16058.65,16059.8,16060.1,16060.8,16061.1,16058.1,16058.5,16058.5,16058.8,0.3,1194.600014
2026-06-18T05:20:00+00:00,16058.6,16060.9,16058.6,16060.9,16058.4,16058.8,16060.6,16061.2,16058.4,16058.8,16060.6,16061.2,0.6,1538.850018
2026-06-18T05:30:00+00:00,16060.75,16061.95,16059,16059.65,16060.5,16061,16061.8,16062.1,16058.8,16059.2,16059.5,16059.8,0.3,847.650014
2026-06-18T05:40:00+00:00,16059.6,16062.4,16059.6,16062,16059.4,16059.8,16062.2,16062.6,16059.4,16059.8,16061.7,16062.3,0.6,743.7700142
2026-06-18T05:50:00+00:00,16062.05,16065.1,16061.55,16064.45,16061.8,16062.3,16064.8,16065.4,16061.3,16061.8,16064.2,16064.7,0.5,514.6200069
2026-06-18T06:00:00+00:00,16064.5,16064.6,16059.3,16061.55,16064.2,16064.8,16064.3,16064.9,16059.1,16059.5,16061.3,16061.8,0.5,1716.760022
2026-06-18T06:10:00+00:00,16061.6,16064.55,16059.85,16063.55,16061.4,16061.8,16064.3,16064.8,16059.7,16060,16063.3,16063.8,0.5,1845.75003
2026-06-18T06:20:00+00:00,16063.6,16065.15,16062.15,16063.65,16063.4,16063.8,16064.9,16065.4,16062,16062.3,16063.4,16063.9,0.5,944.850016
2026-06-18T06:30:00+00:00,16063.6,16067.6,16063.45,16066.45,16063.4,16063.8,16067.4,16067.8,16063.3,16063.6,16066.3,16066.6,0.3,921.7700156
2026-06-18T06:40:00+00:00,16066.55,16067.55,16063.05,16065,16066.3,16066.8,16067.4,16067.7,16062.9,16063.2,16064.9,16065.1,0.2,1055.720019
2026-06-18T06:50:00+00:00,16064.85,16068.15,16063.2,16063.5,16064.7,16065,16068,16068.3,16063.1,16063.3,16063.4,16063.6,0.2,1596.210027
2026-06-18T07:00:00+00:00,16063.55,16063.55,16058,16059.8,16063.4,16063.7,16063.4,16063.7,16057.8,16058.2,16059.5,16060.1,0.6,1977.280033
2026-06-18T07:10:00+00:00,16059.95,16062.05,16059.5,16059.95,16059.8,16060.1,16061.8,16062.3,16059.4,16059.6,16059.7,16060.2,0.5,1105.340018
2026-06-18T07:20:00+00:00,16060.05,16063.35,16059.65,16060.55,16059.9,16060.2,16063.1,16063.6,16059.4,16059.9,16060.3,16060.8,0.5,1323.780017
2026-06-18T07:30:00+00:00,16060.6,16068.3,16060.55,16065.35,16060.2,16061,16068.1,16068.5,16060.2,16060.9,16065.2,16065.5,0.3,1441.270023
2026-06-18T07:40:00+00:00,16065.4,16066.05,16057.4,16060.6,16065.2,16065.6,16065.9,16066.2,16057.1,16057.7,16060.4,16060.8,0.4,1739.12003
2026-06-18T07:50:00+00:00,16060.55,16063.25,16058.35,16059.7,16060.4,16060.7,16063.1,16063.4,16058.1,16058.6,16059.5,16059.9,0.4,1407.820022
2026-06-18T08:00:00+00:00,16059.65,16062.05,16059.25,16061.4,16059.5,16059.8,16061.8,16062.3,16059.1,16059.4,16061.2,16061.6,0.4,1307.840024
2026-06-18T08:10:00+00:00,16061.25,16063.45,16060.2,16062.8,16061.1,16061.4,16063.3,16063.6,16060,16060.4,16062.6,16063,0.4,769.0500151
2026-06-18T08:20:00+00:00,16062.85,16064.85,16061.4,16063.75,16062.7,16063,16064.7,16065,16061.2,16061.6,16063.6,16063.9,0.3,857.900016
2026-06-18T08:30:00+00:00,16063.8,16067.75,16062.85,16066.95,16063.6,16064,16067.6,16067.9,16062.7,16063,16066.8,16067.1,0.3,1072.370019
2026-06-18T08:40:00+00:00,16067,16072.2,16067,16068.95,16066.8,16067.2,16072.1,16072.3,16066.8,16067.2,16068.8,16069.1,0.3,1114.800021
2026-06-18T08:50:00+00:00,16069,16077.7,16068.95,16077.65,16068.8,16069.2,16077.5,16077.9,16068.8,16069.1,16077.4,16077.9,0.5,1474.510025
2026-06-18T09:00:00+00:00,16077.6,16079.85,16047.75,16073.6,16077.4,16077.8,16079.6,16080.1,16047.5,16048,16073.3,16073.9,0.6,7126.150114
2026-06-18T09:10:00+00:00,16073.5,16073.65,16066.8,16070.65,16073.3,16073.7,16073.4,16073.9,16066.6,16067,16070.4,16070.9,0.5,4326.180067
2026-06-18T09:20:00+00:00,16070.7,16075.2,16069.15,16071.75,16070.5,16070.9,16075,16075.4,16068.9,16069.4,16071.6,16071.9,0.3,4362.850057
2026-06-18T09:30:00+00:00,16071.8,16075.65,16071.35,16071.5,16071.7,16071.9,16075.5,16075.8,16071.2,16071.5,16071.3,16071.7,0.4,2657.87004
2026-06-18T09:40:00+00:00,16071.4,16075.9,16071.3,16075.5,16071.2,16071.6,16075.7,16076.1,16071.2,16071.4,16075.3,16075.7,0.4,1608.550017
2026-06-18T09:50:00+00:00,16075.55,16080.25,16074,16079.15,16075.5,16075.6,16080.2,16080.3,16073.8,16074.2,16078.9,16079.4,0.5,2362.500031
2026-06-18T10:00:00+00:00,16079.3,16089.2,16079,16088.05,16079.1,16079.5,16089,16089.4,16078.7,16079.3,16087.9,16088.2,0.3,2876.590038
2026-06-18T10:10:00+00:00,16088.1,16088.9,16081.75,16082.7,16087.9,16088.3,16088.7,16089.1,16081.6,16081.9,16082.5,16082.9,0.4,3105.410038
2026-06-18T10:20:00+00:00,16083.1,16084.1,16075.1,16082.85,16082.9,16083.3,16083.9,16084.3,16074.8,16075.4,16082.7,16083,0.3,2845.980044
2026-06-18T10:30:00+00:00,16082.85,16088.7,16082,16087.3,16082.6,16083.1,16088.5,16088.9,16081.8,16082.2,16087.1,16087.5,0.4,1393.960023
2026-06-18T10:40:00+00:00,16087.35,16093.9,16087.2,16092.35,16087.1,16087.6,16093.7,16094.1,16087,16087.4,16092.1,16092.6,0.5,1738.190025
2026-06-18T10:50:00+00:00,16092.4,16095,16092.05,16092.3,16092.2,16092.6,16094.9,16095.1,16091.7,16092.4,16092,16092.6,0.6,940.9300138
2026-06-18T11:00:00+00:00,16092.25,16094.8,16090.5,16094.1,16092,16092.5,16094.6,16095,16090.3,16090.7,16094,16094.2,0.2,2596.280031
2026-06-18T11:10:00+00:00,16094.05,16095.15,16093.7,16094,16093.9,16094.2,16094.9,16095.4,16093.5,16093.9,16093.8,16094.2,0.4,1954.810025
2026-06-18T11:20:00+00:00,16093.9,16094.9,16089.85,16091.25,16093.7,16094.1,16094.7,16095.1,16089.6,16090.1,16091,16091.5,0.5,1677.550027
2026-06-18T11:30:00+00:00,16091.2,16091.25,16086.85,16090.5,16091,16091.4,16091,16091.5,16086.7,16087,16090.3,16090.7,0.4,1775.970025
2026-06-18T11:40:00+00:00,16090.55,16093.5,16090.55,16091.95,16090.4,16090.7,16093.3,16093.7,16090.4,16090.7,16091.9,16092,0.1,1912.660027
2026-06-18T11:50:00+00:00,16092,16093.7,16091.2,16093.1,16091.9,16092.1,16093.5,16093.9,16091,16091.4,16092.9,16093.3,0.4,2388.460037
2026-06-18T12:00:00+00:00,16093.2,16094.5,16091.85,16092.6,16093,16093.4,16094.4,16094.6,16091.7,16092,16092.4,16092.8,0.4,2184.350029
2026-06-18T12:10:00+00:00,16092.65,16093,16089.35,16090.3,16092.4,16092.9,16092.8,16093.2,16089.1,16089.6,16090.1,16090.5,0.4,3009.400033
2026-06-18T12:20:00+00:00,16090.45,16091.4,16083.3,16089.5,16090.3,16090.6,16091.2,16091.6,16083,16083.6,16089.1,16089.9,0.8,4073.290061
2026-06-18T12:30:00+00:00,16089.05,16090.1,16086.45,16089.15,16088.2,16089.9,16089.8,16090.4,16086.2,16086.7,16088.9,16089.4,0.5,1969.580027
2026-06-18T12:40:00+00:00,16089.05,16092.45,16086.8,16090.3,16088.8,16089.3,16092.2,16092.7,16086.6,16087,16090.1,16090.5,0.4,2639.860031
2026-06-18T12:50:00+00:00,16090.35,16090.5,16087.05,16087.4,16090.1,16090.6,16090.4,16090.6,16086.8,16087.3,16087.2,16087.6,0.4,2278.260031
2026-06-18T13:00:00+00:00,16087.35,16092.9,16086.05,16091.25,16087.1,16087.6,16092.7,16093.1,16085.8,16086.3,16091,16091.5,0.5,2469.070035
2026-06-18T13:10:00+00:00,16091.15,16091.25,16086.45,16087.15,16090.8,16091.5,16091,16091.5,16086.2,16086.7,16086.9,16087.4,0.5,2611.490042
2026-06-18T13:20:00+00:00,16087.25,16089.5,16083.9,16083.9,16087,16087.5,16089.3,16089.7,16083.8,16084,16083.8,16084,0.2,2562.620036
2026-06-18T13:30:00+00:00,16084,16085.15,16080.1,16082.4,16083.7,16084.3,16085,16085.3,16079.9,16080.3,16082.2,16082.6,0.4,3225.910056
2026-06-18T13:40:00+00:00,16082.6,16087.4,16082.5,16083.75,16082.4,16082.8,16087.1,16087.7,16082.3,16082.7,16083.5,16084,0.5,3708.360049
2026-06-18T13:50:00+00:00,16083.7,16089.55,16083.3,16088.7,16083.4,16084,16089.3,16089.8,16083,16083.6,16088.5,16088.9,0.4,3161.310053
2026-06-18T14:00:00+00:00,16088.75,16091.45,16087.2,16089,16088.5,16089,16091.2,16091.7,16087,16087.4,16088.8,16089.2,0.4,3355.060031
2026-06-18T14:10:00+00:00,16089.05,16090.4,16086.5,16087.45,16088.8,16089.3,16090.2,16090.6,16086.4,16086.6,16087.3,16087.6,0.3,2690.630036
2026-06-18T14:20:00+00:00,16087.4,16087.95,16084.95,16087.75,16087.2,16087.6,16087.8,16088.1,16084.7,16085.2,16087.5,16088,0.5,1618.630021
2026-06-18T14:30:00+00:00,16088,16089.95,16086.9,16087.15,16087.9,16088.1,16089.8,16090.1,16086.7,16087.1,16087,16087.3,0.3,2365.590031
2026-06-18T14:40:00+00:00,16087.1,16088.4,16086.05,16087.05,16087,16087.2,16088.2,16088.6,16085.9,16086.2,16086.9,16087.2,0.3,1474.930025
2026-06-18T14:50:00+00:00,16087,16087.5,16084.05,16085.8,16086.8,16087.2,16087.4,16087.6,16083.8,16084.3,16085.6,16086,0.4,2838.410035
2026-06-18T15:00:00+00:00,16085.65,16088.1,16085.1,16087.55,16085.5,16085.8,16088,16088.2,16084.9,16085.3,16087.4,16087.7,0.3,3487.200045
2026-06-18T15:10:00+00:00,16087.5,16092.95,16086.3,16092.6,16087.4,16087.6,16092.7,16093.2,16086.1,16086.5,16092.4,16092.8,0.4,2606.08003
2026-06-18T15:20:00+00:00,16092.6,16098.6,16091.6,16098.05,16092.4,16092.8,16098.4,16098.8,16091.4,16091.8,16097.8,16098.3,0.5,2687.21003
2026-06-18T15:30:00+00:00,16098.1,16108.5,16097.65,16108.5,16097.9,16098.3,16108.3,16108.7,16097.5,16097.8,16108.3,16108.7,0.4,3939.570057
2026-06-18T15:40:00+00:00,16108.45,16109.95,16106.3,16109.25,16108.2,16108.7,16109.8,16110.1,16106.1,16106.5,16109.1,16109.4,0.3,2956.690042
2026-06-18T15:50:00+00:00,16109.2,16137.45,16108.15,16136.8,16109,16109.4,16137.1,16137.8,16107.9,16108.4,16136.7,16136.9,0.2,4758.250058
2026-06-18T16:00:00+00:00,16137.15,16137.45,16119.95,16131.7,16136.9,16137.4,16137.3,16137.6,16119.8,16120.1,16131.4,16132,0.6,6223.550087
2026-06-18T16:10:00+00:00,16131.65,16137.6,16127.25,16134.8,16131.4,16131.9,16137.4,16137.8,16127,16127.5,16134.5,16135.1,0.6,3867.970051
2026-06-18T16:20:00+00:00,16134.8,16139.8,16126.2,16131.1,16134.6,16135,16139.5,16140.1,16125.9,16126.5,16130.8,16131.4,0.6,5661.150082
2026-06-18T16:30:00+00:00,16131.15,16134.65,16126.2,16130.55,16130.9,16131.4,16134.5,16134.8,16125.9,16126.5,16130.4,16130.7,0.3,4102.450056
2026-06-18T16:40:00+00:00,16130.6,16133.25,16127.9,16132.55,16130.4,16130.8,16133,16133.5,16127.7,16128.1,16132.4,16132.7,0.3,4847.36009
2026-06-18T16:50:00+00:00,16132.6,16145.3,16132.45,16142.9,16132.5,16132.7,16145.2,16145.4,16132.2,16132.7,16142.6,16143.2,0.6,3014.15004
2026-06-18T17:00:00+00:00,16142.8,16145.7,16140.4,16142.55,16142.6,16143,16145.6,16145.8,16140.2,16140.6,16142.4,16142.7,0.3,2702.490047
2026-06-18T17:10:00+00:00,16142.3,16143.65,16133.8,16135,16142.2,16142.4,16143.5,16143.8,16133.6,16134,16134.9,16135.1,0.2,2266.240036
2026-06-18T17:20:00+00:00,16134.95,16138.8,16134.55,16138.8,16134.8,16135.1,16138.7,16138.9,16134.4,16134.7,16138.7,16138.9,0.2,1562.08002
2026-06-18T17:30:00+00:00,16138.65,16141.8,16138.65,16141.35,16138.5,16138.8,16141.6,16142,16138.5,16138.8,16141.1,16141.6,0.5,1775.990022
2026-06-18T17:40:00+00:00,16141.25,16143.6,16139.75,16142.9,16140.9,16141.6,16143.5,16143.7,16139.6,16139.9,16142.6,16143.2,0.6,2534.360034
2026-06-18T17:50:00+00:00,16142.85,16144.75,16140.25,16144.7,16142.7,16143,16144.6,16144.9,16140,16140.5,16144.5,16144.9,0.4,1755.940021
2026-06-18T18:00:00+00:00,16144.75,16145.55,16141.35,16142.5,16144.6,16144.9,16145.4,16145.7,16141.2,16141.5,16142.3,16142.7,0.4,2881.200028
2026-06-18T18:10:00+00:00,16142.45,16143,16140.5,16141.4,16142.2,16142.7,16142.7,16143.3,16140.3,16140.7,16141.2,16141.6,0.4,2301.240021
2026-06-18T18:20:00+00:00,16141.45,16144.25,16141.3,16144.05,16141.3,16141.6,16144,16144.5,16141.1,16141.5,16143.8,16144.3,0.5,2098.010028
2026-06-18T18:30:00+00:00,16144.2,16149.15,16144.2,16148.9,16144,16144.4,16149,16149.3,16144,16144.4,16148.8,16149,0.2,2479.040029
2026-06-18T18:40:00+00:00,16148.9,16166.35,16146.6,16159.35,16148.8,16149,16166.1,16166.6,16146.4,16146.8,16159.1,16159.6,0.5,3297.760047
2026-06-18T18:50:00+00:00,16159.25,16168.75,16158.35,16167.9,16159.1,16159.4,16168.5,16169,16158.1,16158.6,16167.7,16168.1,0.4,3631.450072
2026-06-18T19:00:00+00:00,16167.75,16181,16167.7,16172.55,16167.4,16168.1,16180.7,16181.3,16167.4,16168,16172.3,16172.8,0.5,7295.080082
2026-06-18T19:10:00+00:00,16172.65,16179.05,16171.4,16172.6,16172.5,16172.8,16178.8,16179.3,16171.2,16171.6,16172.4,16172.8,0.4,5955.870062
2026-06-18T19:20:00+00:00,16172.65,16179.4,16171.9,16174.7,16172.3,16173,16179.1,16179.7,16171.7,16172.1,16174.4,16175,0.6,3101.060041
2026-06-18T19:30:00+00:00,16174.85,16174.85,16093.2,16145.15,16174.6,16175.1,16174.6,16175.1,16092.8,16093.6,16144.9,16145.4,0.5,10961.5002
2026-06-18T19:40:00+00:00,16145.8,16147.35,16124,16133.25,16145.7,16145.9,16146.9,16147.8,16123.7,16124.3,16133.1,16133.4,0.3,7073.850123
2026-06-18T19:50:00+00:00,16133.15,16144.15,16128.55,16143.3,16132.9,16133.4,16143.8,16144.5,16128.3,16128.8,16143.1,16143.5,0.4,3340.840084
2026-06-18T20:00:00+00:00,16143,16146.2,16136.3,16136.35,16142.8,16143.2,16146,16146.4,16135.9,16136.7,16136,16136.7,0.7,1562.140028
2026-06-18T20:10:00+00:00,16136.05,16138.25,16133.05,16135.75,16135.8,16136.3,16138,16138.5,16132.7,16133.4,16135.4,16136.1,0.7,1167.370018
2026-06-18T20:20:00+00:00,16135.9,16140.85,16135.35,16137.1,16135.6,16136.2,16140.5,16141.2,16135,16135.7,16136.8,16137.4,0.6,799.1100165
2026-06-18T20:30:00+00:00,16137.05,16141.45,16136.7,16140.85,16136.8,16137.3,16141.2,16141.7,16136.4,16137,16140.6,16141.1,0.5,568.2700088
2026-06-18T20:40:00+00:00,16140.9,16141.45,16138.3,16139.9,16140.7,16141.1,16141.1,16141.8,16138,16138.6,16139.5,16140.3,0.8,714.3700156
2026-06-18T20:50:00+00:00,16139.8,16141.3,16137.25,16137.4,16139.5,16140.1,16140.9,16141.7,16136,16138.5,16136,16138.8,2.8,1645.660026
2026-06-18T21:00:00+00:00,16137,16141.35,16134.6,16140.45,16133.9,16140.1,16134.8,16147.9,16129.1,16140.1,16133.6,16147.3,13.7,232.8099993
2026-06-18T21:10:00+00:00,16138.55,16141.55,16137.8,16139,16133.6,16143.5,16135.7,16147.4,16133.3,16142.3,16135.7,16142.3,6.6,95.38000143
2026-06-18T21:20:00+00:00,16139.05,16143.5,16138.6,16141.5,16135.7,16142.4,16140.2,16146.8,16135.7,16141.5,16138.7,16144.3,5.6,151.7400029
2026-06-18T21:30:00+00:00,16141.3,16141.4,16135.65,16135.85,16138.4,16144.2,16138.6,16144.2,16133.1,16138.2,16133.3,16138.4,5.1,185.4900049
2026-06-18T21:40:00+00:00,16135.75,16137.8,16135.6,16137.6,16133,16138.5,16135.6,16140,16132.9,16138.3,16135.5,16139.7,4.2,160.6500033
2026-06-18T21:50:00+00:00,16137.4,16137.5,16133.15,16134.9,16135.5,16139.3,16135.6,16139.4,16130.5,16135.8,16132.2,16137.6,5.4,349.350005
2026-06-18T22:00:00+00:00,16134.05,16143,16134,16139.25,16132,16136.1,16142,16144,16131.9,16136.1,16138.7,16139.8,1.1,856.5299992
2026-06-18T22:10:00+00:00,16138.95,16138.95,16132.35,16136.8,16138.4,16139.5,16138.4,16139.5,16131.5,16133.2,16136.4,16137.2,0.8,549.1600139
2026-06-18T22:20:00+00:00,16136.7,16138.2,16134.9,16135.8,16136.3,16137.1,16137.8,16138.6,16134.5,16135.3,16135.4,16136.2,0.8,497.5900097
2026-06-18T22:30:00+00:00,16135.85,16135.95,16134.1,16134.55,16135.4,16136.3,16135.5,16136.4,16133.7,16134.5,16134.1,16135,0.9,330.6200056
2026-06-18T22:40:00+00:00,16134.5,16134.5,16117.8,16120.45,16134.1,16134.9,16134.1,16134.9,16117.4,16118.2,16120,16120.9,0.9,1519.270028
2026-06-18T22:50:00+00:00,16120.55,16128.05,16119.75,16127.95,16120.2,16120.9,16127.6,16128.5,16119.6,16119.9,16127.6,16128.3,0.7,1175.230022
2026-06-18T23:00:00+00:00,16126.8,16133.5,16125.3,16132.1,16126.7,16126.9,16133.1,16133.9,16124.9,16125.7,16131.8,16132.4,0.6,1380.660031
2026-06-18T23:10:00+00:00,16132.05,16134.8,16128.75,16133.65,16131.7,16132.4,16134.5,16135.1,16128.5,16129,16133.4,16133.9,0.5,879.1800123
2026-06-18T23:20:00+00:00,16133.7,16136.1,16131.8,16133.25,16133.4,16134,16135.8,16136.4,16131.5,16132.1,16132.7,16133.8,1.1,434.8400059
2026-06-18T23:30:00+00:00,16133.2,16135.85,16132.95,16133.6,16132.6,16133.8,16135.5,16136.2,16132.6,16133.3,16133.3,16133.9,0.6,573.620011
2026-06-18T23:40:00+00:00,16133.45,16133.45,16127.05,16127.8,16133.2,16133.7,16133.2,16133.7,16126.7,16127.4,16127.3,16128.3,1,644.5000111
2026-06-18T23:50:00+00:00,16127.85,16134.6,16126.55,16129.8,16127.3,16128.4,16134.4,16134.8,16126.2,16126.9,16129.6,16130,0.4,1101.79002
2026-06-19T00:00:00+00:00,16130.1,16130.25,16122.75,16125.25,16129.8,16130.4,16130,16130.5,16122.5,16123,16125,16125.5,0.5,2697.440042
2026-06-19T00:10:00+00:00,16125.35,16127.25,16123.1,16125.9,16125.2,16125.5,16127,16127.5,16122.9,16123.3,16125.7,16126.1,0.4,1891.840029
2026-06-19T00:20:00+00:00,16125.8,16126.7,16122.35,16123.25,16125.4,16126.2,16126.5,16126.9,16122.2,16122.5,16123,16123.5,0.5,1334.440023
2026-06-19T00:30:00+00:00,16123.35,16123.35,16101.55,16114.45,16123.1,16123.6,16123.1,16123.6,16101.2,16101.9,16114.1,16114.8,0.7,2870.650045
2026-06-19T00:40:00+00:00,16114.6,16116.95,16102.5,16108.55,16114.3,16114.9,16116.7,16117.2,16102.2,16102.8,16108.3,16108.8,0.5,2772.480043
2026-06-19T00:50:00+00:00,16108.5,16115.55,16103.45,16110.7,16108.3,16108.7,16115.3,16115.8,16103.3,16103.6,16110.4,16111,0.6,4918.260074
2026-06-19T01:00:00+00:00,16110.55,16110.95,16098.8,16109.65,16110.3,16110.8,16110.8,16111.1,16098.6,16099,16109.4,16109.9,0.5,3723.960051
2026-06-19T01:10:00+00:00,16109.6,16114.7,16108.05,16109.2,16109.4,16109.8,16114.4,16115,16107.8,16108.3,16108.9,16109.5,0.6,2962.770033
2026-06-19T01:20:00+00:00,16109.35,16114.6,16105.35,16107.5,16109.1,16109.6,16114.3,16114.9,16105.1,16105.6,16107.2,16107.8,0.6,3335.730053
2026-06-19T01:30:00+00:00,16107.4,16114.15,16107.25,16114.05,16107.1,16107.7,16113.9,16114.4,16107,16107.5,16113.8,16114.3,0.5,1635.46003
2026-06-19T01:40:00+00:00,16114.1,16121.15,16111.2,16120.85,16113.8,16114.4,16121,16121.3,16111,16111.4,16120.7,16121,0.3,1325.100026
2026-06-19T01:50:00+00:00,16120.9,16120.9,16117.65,16119.8,16120.7,16121.1,16120.7,16121.1,16117.3,16118,16119.7,16119.9,0.2,1344.720017
2026-06-19T02:00:00+00:00,16119.85,16122.25,16116,16120.3,16119.7,16120,16122,16122.5,16115.8,16116.2,16120.2,16120.4,0.2,1423.760028
2026-06-19T02:10:00+00:00,16120.35,16122.45,16117.85,16119.15,16120.3,16120.4,16122.3,16122.6,16117.6,16118.1,16118.9,16119.4,0.5,672.6800159
2026-06-19T02:20:00+00:00,16119.1,16120.45,16114.55,16117.85,16118.9,16119.3,16120.2,16120.7,16114.3,16114.8,16117.7,16118,0.3,930.900019
2026-06-19T02:30:00+00:00,16117.8,16120.45,16113.65,16113.7,16117.6,16118,16120.3,16120.6,16113.3,16114,16113.3,16114.1,0.8,938.7600211
2026-06-19T02:40:00+00:00,16113.65,16119.75,16110.65,16118.2,16113.4,16113.9,16119.5,16120,16110.3,16111,16118,16118.4,0.4,2505.580045
2026-06-19T02:50:00+00:00,16118.15,16124.3,16118,16123.05,16118,16118.3,16124.1,16124.5,16117.8,16118.2,16122.8,16123.3,0.5,1466.550016
2026-06-19T03:00:00+00:00,16123.25,16125.35,16120.65,16122.35,16123.1,16123.4,16125.1,16125.6,16120.4,16120.9,16122.1,16122.6,0.5,971.3100116
2026-06-19T03:10:00+00:00,16122.3,16130.35,16120.45,16129.5,16122,16122.6,16130,16130.7,16120.2,16120.7,16129.3,16129.7,0.4,1253.150022
2026-06-19T03:20:00+00:00,16129.7,16130.2,16126.7,16130.05,16129.4,16130,16130,16130.4,16126.5,16126.9,16129.7,16130.4,0.7,736.9000129
2026-06-19T03:30:00+00:00,16130.1,16130.2,16127.05,16128.25,16129.9,16130.3,16130,16130.4,16126.8,16127.3,16128,16128.5,0.5,1162.830019
2026-06-19T03:40:00+00:00,16128.3,16128.55,16126.3,16128.15,16128.1,16128.5,16128.4,16128.7,16126.1,16126.5,16128,16128.3,0.3,1187.290015
2026-06-19T03:50:00+00:00,16128.1,16134.55,16127.75,16134.55,16127.9,16128.3,16134.4,16134.7,16127.6,16127.9,16134.4,16134.7,0.3,1398.150023
2026-06-19T04:00:00+00:00,16134.7,16139.1,16134.7,16139.05,16134.5,16134.9,16138.9,16139.3,16134.5,16134.9,16138.9,16139.2,0.3,1287.180023
2026-06-19T04:10:00+00:00,16139.2,16141.3,16134.95,16139.3,16139.1,16139.3,16141.1,16141.5,16134.7,16135.2,16139,16139.6,0.6,1315.600017
2026-06-19T04:20:00+00:00,16139.25,16139.85,16136.25,16138.55,16139,16139.5,16139.6,16140.1,16136.1,16136.4,16138.3,16138.8,0.5,862.0300122
2026-06-19T04:30:00+00:00,16138.45,16138.55,16135.75,16137.55,16138.2,16138.7,16138.4,16138.7,16135.5,16136,16137.3,16137.8,0.5,1207.890013
2026-06-19T04:40:00+00:00,16137.7,16137.75,16134.7,16136.5,16137.5,16137.9,16137.5,16138,16134.5,16134.9,16136.3,16136.7,0.4,1057.980021
2026-06-19T04:50:00+00:00,16136.55,16138.75,16133.95,16137.75,16136.4,16136.7,16138.6,16138.9,16133.7,16134.2,16137.5,16138,0.5,1319.610025
2026-06-19T05:00:00+00:00,16137.8,16140.45,16133.85,16138.4,16137.6,16138,16140.3,16140.6,16133.6,16134.1,16138.3,16138.5,0.2,2415.990034
2026-06-19T05:10:00+00:00,16138.45,16145.8,16136.95,16143.3,16138.3,16138.6,16145.6,16146,16136.6,16137.3,16143.1,16143.5,0.4,1381.710021
2026-06-19T05:20:00+00:00,16143.2,16143.85,16139.5,16140.1,16143,16143.4,16143.6,16144.1,16139.2,16139.8,16139.9,16140.3,0.4,1295.770024
2026-06-19T05:30:00+00:00,16139.95,16141.65,16137.8,16140.15,16139.7,16140.2,16141.4,16141.9,16137.6,16138,16139.8,16140.5,0.7,1366.350027
2026-06-19T05:40:00+00:00,16140.05,16141.05,16137.45,16138.75,16139.8,16140.3,16140.8,16141.3,16137.2,16137.7,16138.5,16139,0.5,1322.550023
2026-06-19T05:50:00+00:00,16138.65,16138.65,16133.35,16134,16138.4,16138.9,16138.4,16138.9,16133.2,16133.5,16133.8,16134.2,0.4,1752.550019
2026-06-19T06:00:00+00:00,16134.05,16136.45,16132.3,16132.9,16133.7,16134.4,16136.2,16136.7,16132.1,16132.5,16132.7,16133.1,0.4,2188.170037
2026-06-19T06:10:00+00:00,16132.95,16137.05,16130.1,16136.65,16132.7,16133.2,16136.8,16137.3,16129.9,16130.3,16136.4,16136.9,0.5,3109.670041
2026-06-19T06:20:00+00:00,16136.7,16138.75,16133.55,16134.95,16136.4,16137,16138.5,16139,16133.3,16133.8,16134.7,16135.2,0.5,1695.65002
2026-06-19T06:30:00+00:00,16134.9,16140.25,16134.4,16135.3,16134.7,16135.1,16140,16140.5,16134.2,16134.6,16135.1,16135.5,0.4,1917.960021
2026-06-19T06:40:00+00:00,16135.25,16136.4,16127.9,16129.4,16135,16135.5,16136.3,16136.5,16127.7,16128.1,16129.2,16129.6,0.4,2195.320023
2026-06-19T06:50:00+00:00,16129.35,16130.95,16126.9,16127.55,16129.1,16129.6,16130.7,16131.2,16126.6,16127.2,16127.4,16127.7,0.3,2489.800021
2026-06-19T07:00:00+00:00,16127.65,16128.5,16124.05,16127.1,16127.4,16127.9,16128.3,16128.7,16123.8,16124.3,16126.9,16127.3,0.4,4404.84003
2026-06-19T07:10:00+00:00,16127.05,16131.7,16126.35,16130.8,16126.8,16127.3,16131.5,16131.9,16126.1,16126.6,16130.6,16131,0.4,3990.200013
2026-06-19T07:20:00+00:00,16130.85,16135.2,16129.4,16130.3,16130.7,16131,16135,16135.4,16129.2,16129.6,16130.1,16130.5,0.4,3083.500017
2026-06-19T07:30:00+00:00,16130.75,16132.15,16129.2,16131.05,16130.7,16130.8,16132,16132.3,16129,16129.4,16130.8,16131.3,0.5,1590.840022
2026-06-19T07:40:00+00:00,16130.95,16132.2,16129.45,16131.3,16130.6,16131.3,16132,16132.4,16129.3,16129.6,16131.1,16131.5,0.4,1738.37002
2026-06-19T07:50:00+00:00,16130.9,16134.65,16127.85,16131.95,16130.8,16131,16134.4,16134.9,16127.6,16128.1,16131.8,16132.1,0.3,2233.810026
2026-06-19T08:00:00+00:00,16131.9,16132.55,16124.1,16127.4,16131.7,16132.1,16132.3,16132.8,16123.8,16124.4,16127.3,16127.5,0.2,3767.410053
2026-06-19T08:10:00+00:00,16127.15,16131.4,16126,16128.55,16127.1,16127.2,16131.2,16131.6,16125.8,16126.2,16128.4,16128.7,0.3,1519.950032
2026-06-19T08:20:00+00:00,16128.85,16130.6,16126.85,16130.55,16128.7,16129,16130.4,16130.8,16126.6,16127.1,16130.3,16130.8,0.5,1225.040018
2026-06-19T08:30:00+00:00,16130.45,16132,16128.2,16131.95,16130.2,16130.7,16131.8,16132.2,16128,16128.4,16131.8,16132.1,0.3,1139.120015
2026-06-19T08:40:00+00:00,16131.8,16132,16128.1,16128.55,16131.7,16131.9,16131.8,16132.2,16127.9,16128.3,16128.4,16128.7,0.3,1119.470016
2026-06-19T08:50:00+00:00,16128.7,16130.9,16128.2,16128.7,16128.5,16128.9,16130.7,16131.1,16128,16128.4,16128.5,16128.9,0.4,664.690009
2026-06-19T09:00:00+00:00,16128.65,16132.9,16127.95,16130.7,16128.4,16128.9,16132.8,16133,16127.8,16128.1,16130.5,16130.9,0.4,1078.640016
2026-06-19T09:10:00+00:00,16130.6,16130.9,16128.05,16128.55,16130.4,16130.8,16130.8,16131,16127.8,16128.3,16128.3,16128.8,0.5,1348.170017
2026-06-19T09:20:00+00:00,16128.65,16130.15,16127.05,16128.6,16128.5,16128.8,16130,16130.3,16126.8,16127.3,16128.4,16128.8,0.4,978.4600095
2026-06-19T09:30:00+00:00,16128.65,16128.65,16124.35,16126.05,16128.4,16128.9,16128.4,16128.9,16124.1,16124.6,16125.9,16126.2,0.3,1334.930017
2026-06-19T09:40:00+00:00,16125.85,16127.25,16123.6,16127.05,16125.7,16126,16127.1,16127.4,16123.4,16123.8,16126.9,16127.2,0.3,948.3000151
2026-06-19T09:50:00+00:00,16127,16127,16124.65,16126.3,16126.8,16127.2,16126.8,16127.2,16124.4,16124.9,16126.1,16126.5,0.4,896.8800119
2026-06-19T10:00:00+00:00,16126.4,16127.2,16124.25,16125.85,16126.2,16126.6,16127,16127.4,16124,16124.5,16125.6,16126.1,0.5,927.870014
2026-06-19T10:10:00+00:00,16125.95,16129.25,16125.75,16128.25,16125.8,16126.1,16129.2,16129.3,16125.6,16125.9,16128.1,16128.4,0.3,464.2600079
2026-06-19T10:20:00+00:00,16128.45,16132,16128.45,16130.35,16128.3,16128.6,16131.9,16132.1,16128.3,16128.6,16130.2,16130.5,0.3,1061.640017
2026-06-19T10:30:00+00:00,16130.25,16133.25,16129.1,16133.2,16130.1,16130.4,16133.1,16133.4,16128.9,16129.3,16133,16133.4,0.4,730.6700131
2026-06-19T10:40:00+00:00,16133.25,16133.25,16129.25,16130.6,16133.1,16133.4,16133.1,16133.4,16129.1,16129.4,16130.4,16130.8,0.4,836.4100125
2026-06-19T10:50:00+00:00,16130.7,16130.9,16127.65,16127.95,16130.5,16130.9,16130.7,16131.1,16127.5,16127.8,16127.8,16128.1,0.3,908.1600187
2026-06-19T11:00:00+00:00,16128.05,16130.9,16126.65,16128.75,16127.9,16128.2,16130.6,16131.2,16126.5,16126.8,16128.6,16128.9,0.3,1045.840019
2026-06-19T11:10:00+00:00,16128.75,16129.6,16126.45,16126.55,16128.5,16129,16129.5,16129.7,16126.3,16126.6,16126.4,16126.7,0.3,962.3900176
2026-06-19T11:20:00+00:00,16126.65,16129.55,16126.55,16129.5,16126.5,16126.8,16129.3,16129.8,16126.4,16126.7,16129.2,16129.8,0.6,1064.400011
2026-06-19T11:30:00+00:00,16129.6,16129.65,16126.45,16127.3,16129.3,16129.9,16129.4,16129.9,16126.3,16126.6,16127.1,16127.5,0.4,855.5500135
2026-06-19T11:40:00+00:00,16127.25,16127.4,16125.3,16125.4,16127.1,16127.4,16127.2,16127.6,16125.1,16125.5,16125.2,16125.6,0.4,489.4200073
2026-06-19T11:50:00+00:00,16125.35,16126,16123.65,16125.9,16125.2,16125.5,16125.9,16126.1,16123.5,16123.8,16125.8,16126,0.2,629.0300099
2026-06-19T12:00:00+00:00,16125.8,16127.45,16122.05,16122.15,16125.6,16126,16127.3,16127.6,16121.9,16122.2,16121.9,16122.4,0.5,1706.870032
2026-06-19T12:10:00+00:00,16122.1,16124.05,16121.55,16122.9,16121.9,16122.3,16123.9,16124.2,16121.4,16121.7,16122.6,16123.2,0.6,760.4200153
2026-06-19T12:20:00+00:00,16122.95,16127.5,16122.65,16127.3,16122.8,16123.1,16127.3,16127.7,16122.4,16122.9,16127,16127.6,0.6,991.7500051
2026-06-19T12:30:00+00:00,16127.05,16128.15,16124.45,16126.8,16126.9,16127.2,16127.9,16128.4,16124.3,16124.6,16126.6,16127,0.4,1501.440012
2026-06-19T12:40:00+00:00,16126.85,16127.1,16125.4,16125.5,16126.7,16127,16126.9,16127.3,16125.3,16125.5,16125.3,16125.7,0.4,893.1600074
2026-06-19T12:50:00+00:00,16125.45,16125.45,16115.95,16116.95,16125.3,16125.6,16125.3,16125.6,16115.8,16116.1,16116.7,16117.2,0.5,5483.68008
2026-06-19T13:00:00+00:00,16116.75,16121.15,16115.65,16117.7,16116.5,16117,16120.9,16121.4,16115.5,16115.8,16117.5,16117.9,0.4,2536.170035
2026-06-19T13:10:00+00:00,16117.65,16124.9,16117.5,16124.5,16117.3,16118,16124.7,16125.1,16117.3,16117.7,16124.3,16124.7,0.4,1960.740021
2026-06-19T13:20:00+00:00,16124.3,16126.95,16124.05,16125.25,16124.1,16124.5,16126.8,16127.1,16123.9,16124.2,16125.1,16125.4,0.3,1028.450014
2026-06-19T13:30:00+00:00,16125.35,16128.7,16125.25,16127.6,16125.3,16125.4,16128.5,16128.9,16125.1,16125.4,16127.3,16127.9,0.6,1332.450019
2026-06-19T13:40:00+00:00,16127.45,16129.7,16126.45,16129.05,16127.4,16127.5,16129.5,16129.9,16126.2,16126.7,16128.9,16129.2,0.3,1106.690018
2026-06-19T13:50:00+00:00,16129,16130.2,16125.6,16129.7,16128.7,16129.3,16130,16130.4,16125.3,16125.9,16129.5,16129.9,0.4,1780.860028
2026-06-19T14:00:00+00:00,16129.85,16132.15,16129.85,16130.25,16129.8,16129.9,16132,16132.3,16129.8,16129.9,16130.1,16130.4,0.3,1587.090017
2026-06-19T14:10:00+00:00,16130.2,16130.5,16127.45,16128.05,16130,16130.4,16130.3,16130.7,16127.2,16127.7,16127.9,16128.2,0.3,1127.700016
2026-06-19T14:20:00+00:00,16127.9,16129.4,16126.65,16127.65,16127.7,16128.1,16129.3,16129.5,16126.5,16126.8,16127.5,16127.8,0.3,1020.510015
2026-06-19T14:30:00+00:00,16127.6,16129.5,16127.4,16128,16127.4,16127.8,16129.3,16129.7,16127.2,16127.6,16127.8,16128.2,0.4,920.9700148
2026-06-19T14:40:00+00:00,16127.9,16128.9,16126.35,16127.75,16127.7,16128.1,16128.7,16129.1,16126.2,16126.5,16127.6,16127.9,0.3,1003.590015
2026-06-19T14:50:00+00:00,16127.8,16129.1,16114.95,16116.4,16127.6,16128,16129,16129.2,16114.8,16115.1,16116.2,16116.6,0.4,4623.290054
2026-06-19T15:00:00+00:00,16116.65,16121.9,16113.25,16118.25,16116.5,16116.8,16121.7,16122.1,16113.1,16113.4,16118,16118.5,0.5,5106.070059
2026-06-19T15:10:00+00:00,16118.2,16124.9,16117.65,16124.45,16117.9,16118.5,16124.6,16125.2,16117.4,16117.9,16124.1,16124.8,0.7,1615.850019
2026-06-19T15:20:00+00:00,16124.6,16126.8,16123.2,16126.55,16124.3,16124.9,16126.6,16127,16122.9,16123.5,16126.3,16126.8,0.5,1462.000017
2026-06-19T15:30:00+00:00,16126.65,16127.75,16125.95,16127.2,16126.4,16126.9,16127.5,16128,16125.7,16126.2,16127.1,16127.3,0.2,983.400015
2026-06-19T15:40:00+00:00,16127.25,16128.2,16126.65,16127.8,16127.1,16127.4,16128,16128.4,16126.5,16126.8,16127.5,16128.1,0.6,637.6900113
2026-06-19T15:50:00+00:00,16127.75,16130.9,16127.75,16130.65,16127.5,16128,16130.7,16131.1,16127.5,16128,16130.4,16130.9,0.5,701.0300111
2026-06-19T16:00:00+00:00,16130.6,16132.65,16129.6,16131.6,16130.4,16130.8,16132.4,16132.9,16129.4,16129.8,16131.4,16131.8,0.4,741.3600121
2026-06-19T16:10:00+00:00,16131.5,16132.95,16131.5,16132.85,16131.3,16131.7,16132.7,16133.2,16131.3,16131.7,16132.6,16133.1,0.5,241.9200044
2026-06-19T16:20:00+00:00,16132.95,16132.95,16126.8,16127,16132.7,16133.2,16132.7,16133.2,16126.6,16127,16126.8,16127.2,0.4,645.2700101
2026-06-19T16:30:00+00:00,16126.75,16133.55,16126.7,16132.25,16126.6,16126.9,16133.3,16133.8,16126.5,16126.9,16132,16132.5,0.5,844.6500152
2026-06-19T16:40:00+00:00,16132.45,16134.15,16132.45,16132.85,16132.2,16132.7,16133.9,16134.4,16132.2,16132.7,16132.6,16133.1,0.5,429.2900014
2026-06-19T16:50:00+00:00,16132.55,16133.9,16132.35,16133.5,16132.4,16132.7,16133.6,16134.2,16132.1,16132.6,16133.3,16133.7,0.4,885.3800136
2026-06-19T17:00:00+00:00,16133.8,16133.8,16132.15,16132.3,16133.4,16134.2,16133.4,16134.2,16131.9,16132.4,16132,16132.6,0.6,113.7700025
2026-06-19T17:10:00+00:00,16132.4,16133.25,16132.4,16133.25,16132.1,16132.7,16133,16133.5,16132.1,16132.7,16133,16133.5,0.5,119.1400011
2026-06-19T17:20:00+00:00,16133.2,16133.2,16131.65,16131.8,16132.9,16133.5,16132.9,16133.5,16131.4,16131.9,16131.7,16131.9,0.2,124.7500024
2026-06-19T17:30:00+00:00,16131.7,16132.6,16130.6,16131.95,16131.4,16132,16132.5,16132.7,16130.5,16130.7,16131.7,16132.2,0.5,218.9200037
2026-06-19T17:40:00+00:00,16131.65,16131.85,16129.35,16130.5,16131.5,16131.8,16131.6,16132.1,16129.2,16129.5,16130.3,16130.7,0.4,224.7600046
2026-06-19T17:50:00+00:00,16130.15,16130.5,16126.4,16127.3,16130,16130.3,16130.3,16130.7,16126.1,16126.7,16127.1,16127.5,0.4,409.8500098
2026-06-19T18:00:00+00:00,16127.15,16127.65,16125.65,16127.45,16127,16127.3,16127.4,16127.9,16125.4,16125.9,16127.1,16127.8,0.7,298.6100053
2026-06-19T18:10:00+00:00,16127.65,16128.45,16126.95,16127.1,16127.5,16127.8,16128.2,16128.7,16126.8,16127.1,16127,16127.2,0.2,133.7200022
2026-06-19T18:20:00+00:00,16127.2,16127.65,16126.3,16126.9,16126.9,16127.5,16127.5,16127.8,16126.1,16126.5,16126.7,16127.1,0.4,292.7200106
2026-06-19T18:30:00+00:00,16127,16127.65,16125.5,16125.5,16126.8,16127.2,16127.5,16127.8,16125.3,16125.7,16125.3,16125.7,0.4,110.7600015
2026-06-19T18:40:00+00:00,16125.3,16125.6,16123.9,16125.45,16125.2,16125.4,16125.4,16125.8,16123.7,16124.1,16125.3,16125.6,0.3,82.30000198
2026-06-19T18:50:00+00:00,16125.5,16127.05,16123.1,16126.95,16125.3,16125.7,16126.8,16127.3,16123,16123.2,16126.7,16127.2,0.5,215.6100042
2026-06-19T19:00:00+00:00,16126.3,16126.35,16123.25,16126.05,16126.1,16126.5,16126.1,16126.6,16122.9,16123.6,16125.8,16126.3,0.5,603.590018
2026-06-19T19:10:00+00:00,16125.9,16128.45,16125.85,16127.15,16125.6,16126.2,16128.2,16128.7,16125.6,16126.1,16126.9,16127.4,0.5,191.5400039
2026-06-19T19:20:00+00:00,16127.25,16127.9,16126.65,16127.05,16126.9,16127.6,16127.6,16128.2,16126.4,16126.9,16126.8,16127.3,0.5,110.7500021
2026-06-19T19:30:00+00:00,16127,16127,16126.4,16126.65,16126.8,16127.2,16126.8,16127.2,16126.1,16126.7,16126.4,16126.9,0.5,54.46000171
2026-06-19T19:40:00+00:00,16126.7,16129.95,16126.65,16129.15,16126.4,16127,16129.4,16130.5,16126.4,16126.9,16128.8,16129.5,0.7,170.2200031
2026-06-19T19:50:00+00:00,16129.05,16129.2,16128.5,16129.2,16128.7,16129.4,16128.9,16129.5,16128.2,16128.8,16128.9,16129.5,0.6,63.72000229
2026-06-19T20:00:00+00:00,16129.3,16132.1,16127,16129.15,16129,16129.6,16131.2,16133,16126,16128,16128.4,16129.9,1.5,11408.49026
2026-06-19T20:10:00+00:00,16128.8,16130.65,16124.65,16129.15,16127.9,16129.7,16129.7,16131.6,16123.5,16125.8,16128,16130.3,2.3,5409.45012
2026-06-19T20:20:00+00:00,16129.2,16132.9,16125.65,16130.9,16128,16130.4,16132.2,16133.6,16124.5,16126.8,16130.2,16131.6,1.4,4425.720123
2026-06-19T20:30:00+00:00,16131,16131.65,16126.3,16127.95,16130.3,16131.7,16130.9,16132.4,16125.6,16127,16127.7,16128.2,0.5,5321.220091
2026-06-19T20:40:00+00:00,16127.3,16132.35,16126.1,16129.1,16126.3,16128.3,16130.8,16133.9,16125.4,16126.8,16127.8,16130.4,2.6,2897.400066
2026-06-19T20:50:00+00:00,16129.45,16133.95,16126.25,16131.3,16128.5,16130.4,16130.5,16137.4,16123.8,16128.7,16125.5,16137.1,11.6,1697.690052
2026-06-21T21:00:00+00:00,16125.75,16126.8,16125,16126.2,16122.5,16129,16122.5,16131.1,16121,16129,16122.2,16130.2,8,52.24000096
2026-06-21T21:10:00+00:00,16126.25,16127.7,16126.1,16127.15,16122.5,16130,16124.6,16130.8,16122.2,16130,16123.9,16130.4,6.5,86.98000038
2026-06-21T21:20:00+00:00,16126.4,16127.2,16126.05,16126.6,16122.4,16130.4,16123.9,16130.5,16121.9,16130.2,16122.9,16130.3,7.4,67.17000026
2026-06-21T21:30:00+00:00,16126.65,16129.8,16126.45,16127.5,16122.9,16130.4,16129.1,16130.5,16122.8,16130.1,16124.7,16130.3,5.6,124.7400012
2026-06-21T21:40:00+00:00,16127.35,16134.35,16126.9,16132.85,16124.4,16130.3,16131.9,16136.8,16123.5,16130.3,16131.1,16134.6,3.5,185.1800005
2026-06-21T21:50:00+00:00,16132.85,16133,16132.65,16132.95,16131.2,16134.5,16131.3,16134.7,16130.9,16134.4,16131.2,16134.7,3.5,66.14999986
2026-06-21T22:00:00+00:00,16133.25,16142.35,16132.75,16141.25,16131.4,16135.1,16141.5,16143.2,16131.4,16134.1,16140.1,16142.4,2.3,1309.500012
2026-06-21T22:10:00+00:00,16141.5,16143.65,16140.1,16141.45,16140.4,16142.6,16143.1,16144.2,16139,16141.2,16140.2,16142.7,2.5,971.190014
2026-06-21T22:20:00+00:00,16141.5,16142,16138.95,16141.8,16140.3,16142.7,16141,16143,16137.7,16140.2,16140.8,16142.8,2,859.0500025
2026-06-21T22:30:00+00:00,16141.75,16145.65,16141.45,16144.25,16140.7,16142.8,16145,16146.3,16140.6,16142.3,16143.8,16144.7,0.9,1056.440012
2026-06-21T22:40:00+00:00,16144.2,16146.05,16144.05,16145.6,16143.8,16144.6,16145.7,16146.4,16143.6,16144.5,16145.5,16145.7,0.2,1620.75004
2026-06-21T22:50:00+00:00,16145.3,16145.75,16143.9,16145.05,16145.1,16145.5,16145.5,16146,16143.5,16144.3,16144.5,16145.6,1.1,532.3500158
2026-06-21T23:00:00+00:00,16145.15,16145.15,16141.85,16143,16144.7,16145.6,16144.7,16145.6,16141.7,16142,16142.7,16143.3,0.6,652.050014
2026-06-21T23:10:00+00:00,16143.05,16146.6,16143.05,16144.35,16142.7,16143.4,16146.3,16146.9,16142.7,16143.4,16144,16144.7,0.7,829.4400164
2026-06-21T23:20:00+00:00,16144.3,16144.45,16142.15,16144.25,16144,16144.6,16144.2,16144.7,16142,16142.3,16144,16144.5,0.5,736.1400102
2026-06-21T23:30:00+00:00,16144.3,16145.4,16143.6,16144,16144,16144.6,16145.2,16145.6,16143.3,16143.9,16143.7,16144.3,0.6,305.9700068
2026-06-21T23:40:00+00:00,16143.9,16151.7,16143.85,16150.8,16143.7,16144.1,16151.4,16152,16143.6,16144.1,16150.5,16151.1,0.6,1294.840014
2026-06-21T23:50:00+00:00,16150.75,16150.8,16143,16144.15,16150.5,16151,16150.5,16151.1,16142.8,16143.2,16143.9,16144.4,0.5,1349.210014
2026-06-22T00:00:00+00:00,16144.1,16150.6,16141.95,16149,16143.9,16144.3,16150.3,16150.9,16141.7,16142.2,16148.8,16149.2,0.4,2526.750024
2026-06-22T00:10:00+00:00,16148.7,16149.95,16145.25,16145.5,16148.6,16148.8,16149.8,16150.1,16145.1,16145.4,16145.3,16145.7,0.4,1988.040016
2026-06-22T00:20:00+00:00,16145.6,16147.35,16142.55,16146.05,16145.4,16145.8,16147.1,16147.6,16142.3,16142.8,16145.7,16146.4,0.7,2259.400024
2026-06-22T00:30:00+00:00,16146.1,16148.8,16144.85,16147.85,16145.9,16146.3,16148.6,16149,16144.6,16145.1,16147.6,16148.1,0.5,2722.510019
2026-06-22T00:40:00+00:00,16147.9,16154.2,16147.05,16153.7,16147.7,16148.1,16154,16154.4,16146.8,16147.3,16153.5,16153.9,0.4,1862.330021
2026-06-22T00:50:00+00:00,16153.8,16156.9,16148.9,16149.7,16153.7,16153.9,16156.7,16157.1,16148.7,16149.1,16149.5,16149.9,0.4,2684.080054
2026-06-22T01:00:00+00:00,16149.8,16149.9,16145.15,16145.25,16149.6,16150,16149.7,16150.1,16145,16145.3,16145.1,16145.4,0.3,2778.010043
2026-06-22T01:10:00+00:00,16145.35,16148.7,16143.75,16148.6,16145.2,16145.5,16148.5,16148.9,16143.5,16144,16148.4,16148.8,0.4,1686.72003
2026-06-22T01:20:00+00:00,16148.45,16149.55,16145.35,16146.85,16148.3,16148.6,16149.4,16149.7,16145.2,16145.5,16146.7,16147,0.3,1344.870028
2026-06-22T01:30:00+00:00,16146.7,16149.5,16145.45,16149.35,16146.5,16146.9,16149.3,16149.7,16145.3,16145.6,16149.2,16149.5,0.3,1346.570031
2026-06-22T01:40:00+00:00,16149.3,16150.55,16148.35,16149.8,16149.1,16149.5,16150.4,16150.7,16148.1,16148.6,16149.6,16150,0.4,801.9600167
2026-06-22T01:50:00+00:00,16149.7,16154.8,16148.65,16153.7,16149.5,16149.9,16154.7,16154.9,16148.5,16148.8,16153.5,16153.9,0.4,770.1500111
2026-06-22T02:00:00+00:00,16153.8,16156.8,16153.6,16156.4,16153.5,16154.1,16156.5,16157.1,16153.4,16153.8,16156.2,16156.6,0.4,734.3100102
2026-06-22T02:10:00+00:00,16156.3,16160,16155.25,16158.6,16156.1,16156.5,16159.8,16160.2,16154.9,16155.6,16158.4,16158.8,0.4,932.7800107
2026-06-22T02:20:00+00:00,16158.55,16158.65,16152.35,16156.3,16158.4,16158.7,16158.4,16158.9,16152.1,16152.6,16156.1,16156.5,0.4,1630.310027
2026-06-22T02:30:00+00:00,16156.35,16156.35,16153.75,16153.95,16156.2,16156.5,16156.2,16156.5,16153.5,16154,16153.7,16154.2,0.5,768.5000135
2026-06-22T02:40:00+00:00,16153.85,16154.5,16151.9,16154,16153.6,16154.1,16154.2,16154.8,16151.6,16152.2,16153.7,16154.3,0.6,874.9100118
2026-06-22T02:50:00+00:00,16153.95,16154.45,16152.8,16153.8,16153.7,16154.2,16154.2,16154.7,16152.5,16153.1,16153.6,16154,0.4,612.0800121
2026-06-22T03:00:00+00:00,16153.55,16156.4,16153.25,16156.25,16153.4,16153.7,16156.1,16156.7,16153.1,16153.4,16156,16156.5,0.5,953.0400095
2026-06-22T03:10:00+00:00,16156.35,16157.15,16155.2,16155.3,16156.2,16156.5,16156.9,16157.4,16155,16155.4,16155.1,16155.5,0.4,580.8600112
2026-06-22T03:20:00+00:00,16155.2,16157.8,16155,16157.7,16155,16155.4,16157.5,16158.1,16154.8,16155.2,16157.5,16157.9,0.4,796.0400125
2026-06-22T03:30:00+00:00,16158.2,16160.65,16157.7,16158.6,16158.1,16158.3,16160.4,16160.9,16157.5,16157.9,16158.4,16158.8,0.4,807.7400118
2026-06-22T03:40:00+00:00,16158.55,16158.75,16156.2,16156.35,16158.3,16158.8,16158.6,16158.9,16156,16156.4,16156.2,16156.5,0.3,499.4700058
2026-06-22T03:50:00+00:00,16156.4,16159.2,16156.2,16158.8,16156.2,16156.6,16159,16159.4,16155.9,16156.5,16158.5,16159.1,0.6,657.2300075
2026-06-22T04:00:00+00:00,16158.7,16163.15,16158.55,16162,16158.5,16158.9,16162.9,16163.4,16158.3,16158.8,16161.8,16162.2,0.4,770.2800114
2026-06-22T04:10:00+00:00,16162.05,16166.25,16161.8,16165.25,16161.9,16162.2,16166,16166.5,16161.6,16162,16165,16165.5,0.5,859.1200118
2026-06-22T04:20:00+00:00,16165.3,16166.75,16164,16165.85,16165.1,16165.5,16166.6,16166.9,16163.8,16164.2,16165.6,16166.1,0.5,643.9300086
2026-06-22T04:30:00+00:00,16165.75,16167.6,16165.55,16166.8,16165.5,16166,16167.4,16167.8,16165.4,16165.7,16166.6,16167,0.4,573.4200097
2026-06-22T04:40:00+00:00,16166.9,16169.3,16165.7,16168.35,16166.8,16167,16169.1,16169.5,16165.5,16165.9,16168.1,16168.6,0.5,726.2400147
2026-06-22T04:50:00+00:00,16168.2,16169.2,16166.45,16166.85,16168,16168.4,16169,16169.4,16166.2,16166.7,16166.6,16167.1,0.5,565.1800067
2026-06-22T05:00:00+00:00,16166.8,16168.45,16164.75,16166.6,16166.6,16167,16168.2,16168.7,16164.5,16165,16166.4,16166.8,0.4,1158.120013
2026-06-22T05:10:00+00:00,16166.7,16168.05,16166,16166.95,16166.5,16166.9,16167.7,16168.4,16165.8,16166.2,16166.7,16167.2,0.5,1066.020013
2026-06-22T05:20:00+00:00,16167,16167.3,16164.65,16164.8,16166.8,16167.2,16167,16167.6,16164.4,16164.9,16164.6,16165,0.4,1156.990014
2026-06-22T05:30:00+00:00,16164.75,16165.85,16164.2,16165.8,16164.6,16164.9,16165.7,16166,16164,16164.4,16165.7,16165.9,0.2,911.3000098
2026-06-22T05:40:00+00:00,16165.95,16167.75,16165.1,16166.85,16165.8,16166.1,16167.6,16167.9,16164.9,16165.3,16166.7,16167,0.3,491.1500071
2026-06-22T05:50:00+00:00,16167,16170.2,16166.95,16170.1,16166.8,16167.2,16170,16170.4,16166.7,16167.2,16169.9,16170.3,0.4,1297.75002
2026-06-22T06:00:00+00:00,16170,16171.2,16163.2,16163.2,16169.8,16170.2,16171,16171.4,16163.1,16163.3,16163.1,16163.3,0.2,2760.650037
2026-06-22T06:10:00+00:00,16163.3,16167.2,16161.3,16165.4,16163.1,16163.5,16166.9,16167.5,16161.1,16161.5,16165.2,16165.6,0.4,2905.620022
2026-06-22T06:20:00+00:00,16165.15,16166.25,16163.05,16164.6,16164.9,16165.4,16166,16166.5,16162.8,16163.3,16164.4,16164.8,0.4,2897.220034
2026-06-22T06:30:00+00:00,16164.65,16171.25,16164.25,16171.1,16164.5,16164.8,16171,16171.5,16164,16164.5,16170.9,16171.3,0.4,2116.16002
2026-06-22T06:40:00+00:00,16171.2,16171.5,16166.5,16168.65,16171,16171.4,16171.3,16171.7,16166.3,16166.7,16168.4,16168.9,0.5,1002.390023
2026-06-22T06:50:00+00:00,16168.4,16168.75,16165.4,16168.25,16168.1,16168.7,16168.5,16169,16165.1,16165.7,16168,16168.5,0.5,2062.560019
2026-06-22T07:00:00+00:00,16168.1,16170.9,16165.05,16168.5,16167.9,16168.3,16170.8,16171,16164.9,16165.2,16168.3,16168.7,0.4,2782.100032
2026-06-22T07:10:00+00:00,16168.7,16170.05,16168.1,16169.6,16168.6,16168.8,16169.9,16170.2,16168,16168.2,16169.4,16169.8,0.4,1556.030023
2026-06-22T07:20:00+00:00,16169.55,16174.2,16169.5,16173.9,16169.4,16169.7,16174,16174.4,16169.3,16169.7,16173.7,16174.1,0.4,1740.910021
2026-06-22T07:30:00+00:00,16173.9,16175.2,16172.95,16173.95,16173.7,16174.1,16175,16175.4,16172.8,16173.1,16173.8,16174.1,0.3,1431.160024
2026-06-22T07:40:00+00:00,16173.9,16176.75,16173.55,16174.9,16173.7,16174.1,16176.6,16176.9,16173.5,16173.6,16174.7,16175.1,0.4,924.2600145
2026-06-22T07:50:00+00:00,16174.7,16176.25,16173.45,16174.15,16174.5,16174.9,16176.1,16176.4,16173.3,16173.6,16174,16174.3,0.3,949.3300139
2026-06-22T08:00:00+00:00,16174.1,16175.2,16170.7,16174.55,16173.8,16174.4,16174.9,16175.5,16170.5,16170.9,16174.4,16174.7,0.3,1325.390025
2026-06-22T08:10:00+00:00,16174.6,16178.55,16174.6,16175.7,16174.4,16174.8,16178.4,16178.7,16174.4,16174.8,16175.5,16175.9,0.4,1208.290026
2026-06-22T08:20:00+00:00,16175.8,16177.5,16172.5,16174.7,16175.6,16176,16177.3,16177.7,16172.2,16172.8,16174.5,16174.9,0.4,2482.600033
2026-06-22T08:30:00+00:00,16174.8,16175.85,16171.85,16175.5,16174.6,16175,16175.7,16176,16171.7,16172,16175.2,16175.8,0.6,2841.740043
2026-06-22T08:40:00+00:00,16175.55,16177.6,16175.45,16177.2,16175.3,16175.8,16177.4,16177.8,16175.2,16175.7,16177,16177.4,0.4,1389.920021
2026-06-22T08:50:00+00:00,16177.15,16178.8,16176.35,16177.1,16176.9,16177.4,16178.6,16179,16176.2,16176.5,16177,16177.2,0.2,1306.120017
2026-06-22T09:00:00+00:00,16177,16177.5,16171.45,16172.55,16176.8,16177.2,16177.3,16177.7,16171.3,16171.6,16172.3,16172.8,0.5,1936.400027
2026-06-22T09:10:00+00:00,16172.7,16174.7,16170.85,16173,16172.5,16172.9,16174.4,16175,16170.6,16171.1,16172.8,16173.2,0.4,2067.750019
2026-06-22T09:20:00+00:00,16172.95,16175.85,16172.4,16175,16172.6,16173.3,16175.6,16176.1,16172.2,16172.6,16174.8,16175.2,0.4,1830.870015
2026-06-22T09:30:00+00:00,16175.05,16175.6,16172.1,16172.8,16174.8,16175.3,16175.4,16175.8,16171.9,16172.3,16172.6,16173,0.4,2371.710023
2026-06-22T09:40:00+00:00,16172.85,16176.55,16172.6,16173.5,16172.5,16173.2,16176.4,16176.7,16172.4,16172.8,16173.3,16173.7,0.4,1429.250021
2026-06-22T09:50:00+00:00,16173.35,16174.55,16171.7,16174.45,16173.2,16173.5,16174.3,16174.8,16171.5,16171.9,16174.2,16174.7,0.5,1533.340019
2026-06-22T10:00:00+00:00,16174.55,16175.05,16171.15,16172.25,16174.3,16174.8,16174.8,16175.3,16170.9,16171.4,16172,16172.5,0.5,2110.260028
2026-06-22T10:10:00+00:00,16172.35,16173.25,16171.3,16172.7,16172.1,16172.6,16173,16173.5,16171,16171.6,16172.5,16172.9,0.4,1373.190018
2026-06-22T10:20:00+00:00,16172.65,16172.9,16165.6,16168.7,16172.4,16172.9,16172.7,16173.1,16165.4,16165.8,16168.5,16168.9,0.4,1060.840019
2026-06-22T10:30:00+00:00,16168.75,16174.2,16168.3,16173.5,16168.5,16169,16173.9,16174.5,16168.1,16168.5,16173.3,16173.7,0.4,1360.950018
2026-06-22T10:40:00+00:00,16173.4,16173.45,16171.05,16172.65,16173.3,16173.5,16173.3,16173.6,16170.8,16171.3,16172.4,16172.9,0.5,1138.050016
2026-06-22T10:50:00+00:00,16172.55,16172.9,16171.15,16172.75,16172.4,16172.7,16172.7,16173.1,16170.9,16171.4,16172.6,16172.9,0.3,1330.100021
2026-06-22T11:00:00+00:00,16172.7,16174.7,16167.65,16171.65,16172.5,16172.9,16174.4,16175,16167.4,16167.9,16171.5,16171.8,0.3,3558.040042
2026-06-22T11:10:00+00:00,16171.8,16174.15,16171.7,16172.8,16171.6,16172,16174,16174.3,16171.5,16171.9,16172.7,16172.9,0.2,1715.010022
2026-06-22T11:20:00+00:00,16172.75,16174.6,16171.35,16174.1,16172.7,16172.8,16174.4,16174.8,16171.1,16171.6,16173.9,16174.3,0.4,1354.190017
2026-06-22T11:30:00+00:00,16174.1,16174.15,16170.9,16173.2,16173.9,16174.3,16174,16174.3,16170.7,16171.1,16172.9,16173.5,0.6,1148.180016
2026-06-22T11:40:00+00:00,16173,16173.85,16172.3,16172.95,16172.7,16173.3,16173.7,16174,16172.1,16172.5,16172.8,16173.1,0.3,633.0000088
2026-06-22T11:50:00+00:00,16173,16178.3,16172.95,16176.65,16172.7,16173.3,16178.1,16178.5,16172.7,16173.2,16176.4,16176.9,0.5,1118.710022
2026-06-22T12:00:00+00:00,16176.55,16178.4,16174.35,16176.6,16176.3,16176.8,16178.2,16178.6,16174.2,16174.5,16176.3,16176.9,0.6,2284.720032
2026-06-22T12:10:00+00:00,16176.7,16178.25,16175.25,16176.45,16176.5,16176.9,16178.1,16178.4,16175,16175.5,16176.1,16176.8,0.7,1974.360031
2026-06-22T12:20:00+00:00,16176.75,16176.75,16173.55,16175.1,16176.6,16176.9,16176.6,16176.9,16173.4,16173.7,16174.9,16175.3,0.4,1644.820023
2026-06-22T12:30:00+00:00,16175.15,16175.85,16173.65,16175.4,16174.9,16175.4,16175.7,16176,16173.4,16173.9,16175.3,16175.5,0.2,1730.87003
2026-06-22T12:40:00+00:00,16175.3,16176.5,16172.6,16174,16175,16175.6,16176.3,16176.7,16172.4,16172.8,16173.9,16174.1,0.2,2113.200029
2026-06-22T12:50:00+00:00,16174.05,16178.1,16173.3,16177.45,16173.9,16174.2,16177.9,16178.3,16173.2,16173.4,16177.3,16177.6,0.3,2108.380027
2026-06-22T13:00:00+00:00,16177.5,16180.15,16173.5,16178.3,16177.3,16177.7,16180,16180.3,16173.3,16173.7,16178.1,16178.5,0.4,6076.450079
2026-06-22T13:10:00+00:00,16178.4,16180.35,16174.5,16179.45,16178.3,16178.5,16180.2,16180.5,16174.2,16174.8,16179.4,16179.5,0.1,3345.920061
2026-06-22T13:20:00+00:00,16179.35,16185.25,16179.15,16184.15,16179.3,16179.4,16185.1,16185.4,16179,16179.3,16184,16184.3,0.3,2394.660041
2026-06-22T13:30:00+00:00,16184.1,16188.6,16181.65,16183.75,16184,16184.2,16188.3,16188.9,16181.4,16181.9,16183.5,16184,0.5,4201.280056
2026-06-22T13:40:00+00:00,16183.7,16188.9,16183.3,16187.65,16183.5,16183.9,16188.7,16189.1,16183,16183.6,16187.4,16187.9,0.5,4780.700042
2026-06-22T13:50:00+00:00,16187.55,16190.5,16187.55,16189.85,16187.3,16187.8,16190.4,16190.6,16187.3,16187.8,16189.6,16190.1,0.5,3785.590044
2026-06-22T14:00:00+00:00,16189.9,16192.75,16120.65,16164.15,16189.7,16190.1,16192.6,16192.9,16120.5,16120.8,16163.9,16164.4,0.5,8824.130127
2026-06-22T14:10:00+00:00,16164.2,16177.85,16157.1,16177.1,16163.9,16164.5,16177.7,16178,16156.7,16157.5,16176.9,16177.3,0.4,8905.240109
2026-06-22T14:20:00+00:00,16177,16178.6,16168.25,16169.25,16176.8,16177.2,16178.3,16178.9,16168,16168.5,16168.9,16169.6,0.7,6587.650067
2026-06-22T14:30:00+00:00,16169.2,16175.9,16168.7,16170.2,16168.9,16169.5,16175.7,16176.1,16168.5,16168.9,16169.9,16170.5,0.6,4976.290056
2026-06-22T14:40:00+00:00,16170.3,16171.85,16116.6,16126.75,16170.1,16170.5,16171.6,16172.1,16116.3,16116.9,16126.4,16127.1,0.7,11794.60017
2026-06-22T14:50:00+00:00,16126.95,16134.7,16107.55,16133,16126.8,16127.1,16134.4,16135,16107.1,16108,16132.8,16133.2,0.4,12043.35019
2026-06-22T15:00:00+00:00,16133.15,16136.15,16116.65,16124.65,16133,16133.3,16135.9,16136.4,16116.4,16116.9,16124.5,16124.8,0.3,9529.560143
2026-06-22T15:10:00+00:00,16124.7,16124.8,16116.7,16117.55,16124.5,16124.9,16124.5,16125.1,16116.5,16116.9,16117.1,16118,0.9,6356.160097
2026-06-22T15:20:00+00:00,16117.6,16146.7,16117.35,16141,16117.2,16118,16146.5,16146.9,16117,16117.7,16140.8,16141.2,0.4,5893.930093
2026-06-22T15:30:00+00:00,16141.1,16145.2,16137.4,16137.85,16140.9,16141.3,16145,16145.4,16137.2,16137.6,16137.7,16138,0.3,3214.770053
2026-06-22T15:40:00+00:00,16137.8,16154.7,16135.05,16154.25,16137.6,16138,16154.6,16154.8,16134.8,16135.3,16154.2,16154.3,0.1,3966.400075
2026-06-22T15:50:00+00:00,16154.05,16154.05,16146.45,16150.75,16154,16154.1,16154,16154.1,16146.3,16146.6,16150.6,16150.9,0.3,3195.840058
2026-06-22T16:00:00+00:00,16150.8,16158.45,16147.7,16158.3,16150.6,16151,16158.2,16158.7,16147.6,16147.8,16157.9,16158.7,0.8,3097.130051
2026-06-22T16:10:00+00:00,16158.5,16165,16156.1,16163.6,16158.3,16158.7,16164.8,16165.2,16155.9,16156.3,16163.4,16163.8,0.4,2907.080044
2026-06-22T16:20:00+00:00,16163.5,16163.55,16152.8,16157,16163.3,16163.7,16163.3,16163.8,16152.6,16153,16156.8,16157.2,0.4,2457.020046
2026-06-22T16:30:00+00:00,16157.05,16158.9,16149.65,16155.05,16156.9,16157.2,16158.7,16159.1,16149.5,16149.8,16154.8,16155.3,0.5,1694.780031
2026-06-22T16:40:00+00:00,16154.9,16157.5,16154.2,16155.1,16154.7,16155.1,16157.3,16157.7,16154,16154.4,16154.9,16155.3,0.4,909.4700149
2026-06-22T16:50:00+00:00,16155.2,16156.75,16153.45,16155.6,16155,16155.4,16156.6,16156.9,16153.3,16153.6,16155.4,16155.8,0.4,2816.170049
2026-06-22T17:00:00+00:00,16155.55,16156.5,16149.65,16149.85,16155.3,16155.8,16156.3,16156.7,16149.4,16149.9,16149.6,16150.1,0.5,2707.110038
2026-06-22T17:10:00+00:00,16149.75,16154.4,16149.75,16152.75,16149.5,16150,16154.1,16154.7,16149.5,16150,16152.6,16152.9,0.3,1800.170029
2026-06-22T17:20:00+00:00,16152.8,16152.85,16148.6,16151.85,16152.6,16153,16152.7,16153,16148.4,16148.8,16151.6,16152.1,0.5,1065.150019
2026-06-22T17:30:00+00:00,16151.95,16156.6,16151.9,16156.25,16151.7,16152.2,16156.4,16156.8,16151.7,16152.1,16156,16156.5,0.5,1656.250022
2026-06-22T17:40:00+00:00,16156.2,16156.5,16150.45,16151.75,16156,16156.4,16156.2,16156.8,16150.2,16150.7,16151.5,16152,0.5,1560.680023
2026-06-22T17:50:00+00:00,16151.65,16152.2,16149.8,16150.15,16151.4,16151.9,16151.9,16152.5,16149.6,16150,16150,16150.3,0.3,994.4700135
2026-06-22T18:00:00+00:00,16150.1,16152.55,16150.1,16151.55,16149.9,16150.3,16152.3,16152.8,16149.9,16150.3,16151.3,16151.8,0.5,1054.590018
2026-06-22T18:10:00+00:00,16151.6,16152.15,16149.15,16151.75,16151.4,16151.8,16151.9,16152.4,16148.9,16149.4,16151.5,16152,0.5,716.4900123
2026-06-22T18:20:00+00:00,16151.65,16151.7,16148.75,16150.7,16151.4,16151.9,16151.5,16151.9,16148.6,16148.9,16150.4,16151,0.6,2385.130025
2026-06-22T18:30:00+00:00,16150.55,16150.95,16146.5,16146.9,16150.3,16150.8,16150.8,16151.1,16146.3,16146.7,16146.7,16147.1,0.4,953.9300147
2026-06-22T18:40:00+00:00,16146.75,16147.95,16141.4,16141.8,16146.7,16146.8,16147.9,16148,16141.3,16141.5,16141.6,16142,0.4,972.9500185
2026-06-22T18:50:00+00:00,16141.85,16146.6,16140.15,16142.05,16141.6,16142.1,16146.4,16146.8,16140,16140.3,16141.8,16142.3,0.5,3132.940037
2026-06-22T19:00:00+00:00,16142.1,16152.6,16142.1,16151.45,16141.9,16142.3,16152.4,16152.8,16141.9,16142.3,16151.3,16151.6,0.3,1664.31002
2026-06-22T19:10:00+00:00,16151.55,16160.4,16150.95,16158.4,16151.4,16151.7,16160.2,16160.6,16150.8,16151.1,16158.1,16158.7,0.6,1368.510026
2026-06-22T19:20:00+00:00,16158.5,16163.3,16157.3,16163.3,16158.3,16158.7,16163.1,16163.5,16157.1,16157.5,16163.1,16163.5,0.4,2026.55003
2026-06-22T19:30:00+00:00,16163.25,16166.7,16161.65,16166.3,16163,16163.5,16166.5,16166.9,16161.5,16161.8,16166.1,16166.5,0.4,1890.710026
2026-06-22T19:40:00+00:00,16166.25,16168.5,16166.05,16168.25,16166.1,16166.4,16168.2,16168.8,16165.8,16166.3,16168,16168.5,0.5,1494.98002
2026-06-22T19:50:00+00:00,16168.65,16169.05,16160.1,16160.5,16168.4,16168.9,16168.8,16169.3,16159.9,16160.3,16160.3,16160.7,0.4,1541.460028
2026-06-22T20:00:00+00:00,16160.4,16160.85,16158.05,16160.6,16160.2,16160.6,16160.6,16161.1,16157.8,16158.3,16160.4,16160.8,0.4,548.8000098
2026-06-22T20:10:00+00:00,16160.45,16160.45,16158.4,16159.65,16160.2,16160.7,16160.2,16160.7,16158.2,16158.6,16159.4,16159.9,0.5,746.2800111
2026-06-22T20:20:00+00:00,16159.7,16161.5,16156.4,16159,16159.4,16160,16161.2,16161.8,16156.1,16156.7,16158.7,16159.3,0.6,1526.170016
2026-06-22T20:30:00+00:00,16159.2,16160.65,16159.1,16159.9,16159,16159.4,16160.4,16160.9,16158.9,16159.3,16159.6,16160.2,0.6,850.5400182
2026-06-22T20:40:00+00:00,16160.05,16161.45,16159.35,16160.75,16159.7,16160.4,16161.2,16161.7,16159.1,16159.6,16160.4,16161.1,0.7,1451.750018
2026-06-22T20:50:00+00:00,16160.3,16161.5,16156.15,16156.15,16160.2,16160.4,16161.2,16161.8,16153.8,16158.5,16153.8,16158.5,4.7,1431.640011
2026-06-22T21:00:00+00:00,16156.45,16157.35,16153.65,16156.3,16153.4,16159.5,16153.4,16161.3,16147.8,16159.5,16152.1,16160.5,8.4,43.77999973
2026-06-22T21:10:00+00:00,16156.3,16156.7,16154.75,16155.05,16152.1,16160.5,16152.8,16160.6,16151.3,16158.2,16151.5,16158.6,7.1,57.30000031
2026-06-22T21:20:00+00:00,16155.05,16155.6,16154.45,16154.9,16151.5,16158.6,16152.4,16158.8,16151.3,16157.6,16152.2,16157.6,5.4,213.7500008
2026-06-22T21:30:00+00:00,16154.65,16156.25,16154.4,16154.7,16151.6,16157.7,16152.7,16159.8,16151.3,16157.5,16151.5,16157.9,6.4,510.2700092
2026-06-22T21:40:00+00:00,16154.7,16156.15,16153.75,16154.4,16151.5,16157.9,16153,16159.3,16151.5,16156,16151.6,16157.2,5.6,511.6200061
2026-06-22T21:50:00+00:00,16155,16156.55,16154.2,16155.65,16152.8,16157.2,16153.7,16159.4,16151.9,16156.5,16151.9,16159.4,7.5,347.1000097
2026-06-22T22:00:00+00:00,16155.75,16161.2,16154.05,16160.4,16152.1,16159.4,16160.6,16161.8,16152,16156.1,16160.1,16160.7,0.6,644.5400056
2026-06-22T22:10:00+00:00,16160.15,16162.15,16159.6,16161.65,16160,16160.3,16161.7,16162.6,16159.2,16160,16161.3,16162,0.7,399.4600111
2026-06-22T22:20:00+00:00,16161.5,16163.85,16160.65,16161.25,16161.3,16161.7,16163.6,16164.1,16160.3,16161,16160.8,16161.7,0.9,633.7400107
2026-06-22T22:30:00+00:00,16161.15,16161.35,16159.65,16159.85,16160.8,16161.5,16161.1,16161.6,16159.3,16160,16159.6,16160.1,0.5,418.3500054
2026-06-22T22:40:00+00:00,16159.9,16160.2,16154.15,16154.4,16159.6,16160.2,16159.9,16160.5,16153.9,16154.4,16154.1,16154.7,0.6,344.7000057
2026-06-22T22:50:00+00:00,16154.45,16160.25,16154.4,16158.1,16154.1,16154.8,16159.9,16160.6,16154.1,16154.7,16157.7,16158.5,0.8,558.3000096
2026-06-22T23:00:00+00:00,16158.25,16158.35,16155.65,16157.3,16157.8,16158.7,16158,16158.7,16155.4,16155.9,16157,16157.6,0.6,480.4400061
2026-06-22T23:10:00+00:00,16157.25,16157.55,16155.75,16156.9,16156.9,16157.6,16157.3,16157.8,16155.5,16156,16156.7,16157.1,0.4,238.4200047
2026-06-22T23:20:00+00:00,16157.15,16158.75,16155.85,16157.5,16156.9,16157.4,16158.5,16159,16155.6,16156.1,16157.3,16157.7,0.4,273.1500053
2026-06-22T23:30:00+00:00,16157.75,16157.95,16155.7,16157.65,16157.6,16157.9,16157.7,16158.2,16155.4,16156,16157.4,16157.9,0.5,249.900005
2026-06-22T23:40:00+00:00,16157.6,16158.4,16155.55,16155.8,16157.3,16157.9,16158.1,16158.7,16155.3,16155.8,16155.6,16156,0.4,458.0100057
2026-06-22T23:50:00+00:00,16156.15,16158.85,16155.65,16157.8,16155.9,16156.4,16158.6,16159.1,16155.4,16155.9,16157.6,16158,0.4,592.9800084
2026-06-23T00:00:00+00:00,16157.75,16159,16154.55,16155.8,16157.5,16158,16158.7,16159.3,16154.3,16154.8,16155.5,16156.1,0.6,2304.800037
2026-06-23T00:10:00+00:00,16155.85,16157.3,16152.65,16156.3,16155.6,16156.1,16157.1,16157.5,16152.5,16152.8,16156.1,16156.5,0.4,1572.490026
2026-06-23T00:20:00+00:00,16156.3,16158.2,16155.05,16155.4,16156.1,16156.5,16157.9,16158.5,16154.9,16155.2,16155.2,16155.6,0.4,1451.400021
2026-06-23T00:30:00+00:00,16155.35,16159.7,16154.4,16158.25,16155.1,16155.6,16159.5,16159.9,16154.1,16154.7,16158,16158.5,0.5,1421.180025
2026-06-23T00:40:00+00:00,16158.35,16162.6,16155.9,16162.55,16158.1,16158.6,16162.4,16162.8,16155.7,16156.1,16162.4,16162.7,0.3,1155.460018
2026-06-23T00:50:00+00:00,16162.3,16163.45,16152.55,16157.95,16162.2,16162.4,16163.2,16163.7,16152.4,16152.7,16157.7,16158.2,0.5,5180.820073
2026-06-23T01:00:00+00:00,16157.8,16159.25,16155.75,16157.5,16157.5,16158.1,16159,16159.5,16155.5,16156,16157.3,16157.7,0.4,1329.91002
2026-06-23T01:10:00+00:00,16157.3,16158.55,16155.75,16156.5,16157.1,16157.5,16158.3,16158.8,16155.6,16155.9,16156.3,16156.7,0.4,845.3900129
2026-06-23T01:20:00+00:00,16156.3,16159.15,16155.8,16157.5,16156.1,16156.5,16158.9,16159.4,16155.6,16156,16157.3,16157.7,0.4,1472.810013
2026-06-23T01:30:00+00:00,16157.3,16159.5,16157.3,16159,16157.1,16157.5,16159.3,16159.7,16157.1,16157.5,16158.8,16159.2,0.4,1194.230015
2026-06-23T01:40:00+00:00,16159,16160.55,16158.1,16160.45,16158.8,16159.2,16160.4,16160.7,16157.9,16158.3,16160.3,16160.6,0.3,928.9500098
2026-06-23T01:50:00+00:00,16160.35,16160.45,16158.7,16159,16160.1,16160.6,16160.2,16160.7,16158.5,16158.9,16158.8,16159.2,0.4,670.2900088
2026-06-23T02:00:00+00:00,16158.95,16159,16155.65,16155.95,16158.8,16159.1,16158.8,16159.2,16155.4,16155.9,16155.8,16156.1,0.3,1346.250018
2026-06-23T02:10:00+00:00,16155.8,16156.75,16152.45,16153,16155.6,16156,16156.4,16157.1,16152.3,16152.6,16152.7,16153.3,0.6,1176.730012
2026-06-23T02:20:00+00:00,16152.95,16155.85,16152.85,16155.65,16152.6,16153.3,16155.6,16156.1,16152.6,16153.1,16155.4,16155.9,0.5,635.7000089
2026-06-23T02:30:00+00:00,16155.5,16155.75,16153.75,16154.1,16155.3,16155.7,16155.6,16155.9,16153.5,16154,16153.9,16154.3,0.4,1445.740016
2026-06-23T02:40:00+00:00,16154.1,16156.9,16153.2,16156.8,16153.9,16154.3,16156.7,16157.1,16153,16153.4,16156.6,16157,0.4,1144.170009
2026-06-23T02:50:00+00:00,16156.75,16159.75,16155.45,16158.25,16156.6,16156.9,16159.5,16160,16155.2,16155.7,16158,16158.5,0.5,1927.050009
2026-06-23T03:00:00+00:00,16158.3,16158.3,16156.25,16157.5,16158.1,16158.5,16158.1,16158.5,16156,16156.5,16157.3,16157.7,0.4,560.2500072
2026-06-23T03:10:00+00:00,16157.55,16160.1,16157,16160.1,16157.4,16157.7,16159.9,16160.3,16156.8,16157.2,16159.9,16160.3,0.4,929.7700106
2026-06-23T03:20:00+00:00,16160.1,16160.6,16157.35,16159.4,16159.9,16160.3,16160.4,16160.8,16157.1,16157.6,16159.2,16159.6,0.4,492.3000082
2026-06-23T03:30:00+00:00,16159.55,16160.2,16156.95,16157.1,16159.4,16159.7,16160,16160.4,16156.8,16157.1,16156.9,16157.3,0.4,612.6300104
2026-06-23T03:40:00+00:00,16156.95,16157.2,16153.95,16155.4,16156.7,16157.2,16157,16157.4,16153.7,16154.2,16155.1,16155.7,0.6,493.8200094
2026-06-23T03:50:00+00:00,16155.45,16156.95,16155.15,16155.55,16155.3,16155.6,16156.8,16157.1,16155.1,16155.2,16155.3,16155.8,0.5,786.410012
2026-06-23T04:00:00+00:00,16155.5,16158.05,16155.3,16157,16155.3,16155.7,16157.8,16158.3,16155.1,16155.5,16156.8,16157.2,0.4,599.4000099
2026-06-23T04:10:00+00:00,16157.2,16159.05,16157,16158.15,16157,16157.4,16158.9,16159.2,16156.7,16157.3,16158,16158.3,0.3,585.6000091
2026-06-23T04:20:00+00:00,16158.05,16159.35,16157.15,16157.75,16157.9,16158.2,16159.2,16159.5,16157,16157.3,16157.6,16157.9,0.3,229.2000057
2026-06-23T04:30:00+00:00,16157.7,16160.25,16157.7,16159.6,16157.5,16157.9,16160.1,16160.4,16157.5,16157.9,16159.4,16159.8,0.4,874.210009
2026-06-23T04:40:00+00:00,16159.55,16160.05,16158.6,16159.3,16159.4,16159.7,16159.8,16160.3,16158.4,16158.8,16159,16159.6,0.6,461.3900052
2026-06-23T04:50:00+00:00,16159.25,16161.4,16159.15,16161.1,16159.1,16159.4,16161.3,16161.5,16158.9,16159.4,16160.9,16161.3,0.4,565.720009
2026-06-23T05:00:00+00:00,16161.2,16163,16161,16161.25,16161,16161.4,16162.8,16163.2,16160.7,16161.3,16161.1,16161.4,0.3,1224.700017
2026-06-23T05:10:00+00:00,16161.2,16162.3,16159.1,16159.2,16161,16161.4,16162.1,16162.5,16158.8,16159.4,16159,16159.4,0.4,1088.200016
2026-06-23T05:20:00+00:00,16159.25,16160.9,16159,16160.55,16159,16159.5,16160.7,16161.1,16158.8,16159.2,16160.3,16160.8,0.5,1264.800014
2026-06-23T05:30:00+00:00,16160.65,16161.55,16160.1,16161.15,16160.4,16160.9,16161.4,16161.7,16160,16160.2,16161,16161.3,0.3,1800.90002
2026-06-23T05:40:00+00:00,16161.1,16165.35,16160.95,16165.3,16161,16161.2,16165.2,16165.5,16160.8,16161.1,16165.1,16165.5,0.4,1953.600028
2026-06-23T05:50:00+00:00,16165.15,16168.7,16164.95,16165.25,16164.9,16165.4,16168.5,16168.9,16164.8,16165.1,16165,16165.5,0.5,2520.230029
2026-06-23T06:00:00+00:00,16165.15,16168.25,16165,16166.8,16165,16165.3,16168,16168.5,16164.8,16165.2,16166.5,16167.1,0.6,2761.980026
2026-06-23T06:10:00+00:00,16166.75,16168.05,16165.8,16166.9,16166.5,16167,16167.8,16168.3,16165.6,16166,16166.7,16167.1,0.4,1946.800021
2026-06-23T06:20:00+00:00,16166.95,16174.15,16166.25,16172.55,16166.8,16167.1,16173.9,16174.4,16166,16166.5,16172.3,16172.8,0.5,2692.150039
2026-06-23T06:30:00+00:00,16172.65,16173.85,16170.2,16172.25,16172.4,16172.9,16173.7,16174,16170,16170.4,16172.1,16172.4,0.3,2770.180038
2026-06-23T06:40:00+00:00,16172.2,16173.2,16166.7,16167.45,16172,16172.4,16173,16173.4,16166.5,16166.9,16167.1,16167.8,0.7,1429.360025
2026-06-23T06:50:00+00:00,16167.5,16169,16164.2,16164.45,16167.3,16167.7,16168.8,16169.2,16164,16164.4,16164.2,16164.7,0.5,2769.440025
2026-06-23T07:00:00+00:00,16164.35,16166.05,16132.45,16149.25,16164.1,16164.6,16165.9,16166.2,16132.1,16132.8,16148.9,16149.6,0.7,10788.40017
2026-06-23T07:10:00+00:00,16149.3,16157.85,16148.85,16149.8,16148.9,16149.7,16157.7,16158,16148.5,16149.2,16149.6,16150,0.4,4350.650042
2026-06-23T07:20:00+00:00,16149.85,16150,16138.95,16147.05,16149.7,16150,16149.9,16150.1,16138.7,16139.2,16146.8,16147.3,0.5,4507.730062
2026-06-23T07:30:00+00:00,16147.1,16153.15,16142.8,16151.8,16146.8,16147.4,16153,16153.3,16142.7,16142.9,16151.7,16151.9,0.2,3440.870068
2026-06-23T07:40:00+00:00,16151.7,16154.65,16143.3,16146.85,16151.5,16151.9,16154.5,16154.8,16143.1,16143.5,16146.6,16147.1,0.5,2574.240046
2026-06-23T07:50:00+00:00,16146.95,16152.05,16146.35,16146.7,16146.7,16147.2,16151.9,16152.2,16146.2,16146.5,16146.5,16146.9,0.4,2841.97004
2026-06-23T08:00:00+00:00,16146.3,16148.55,16127.3,16134.55,16146.1,16146.5,16148.4,16148.7,16127,16127.6,16134.3,16134.8,0.5,6444.500099
2026-06-23T08:10:00+00:00,16134.6,16144.45,16132.3,16143.9,16134.4,16134.8,16144.2,16144.7,16132,16132.6,16143.6,16144.2,0.6,2485.760043
2026-06-23T08:20:00+00:00,16143.85,16143.95,16136.55,16142.2,16143.6,16144.1,16143.7,16144.2,16136.3,16136.8,16141.9,16142.5,0.6,2793.990042
2026-06-23T08:30:00+00:00,16142.35,16147.7,16139.95,16147.2,16142.1,16142.6,16147.5,16147.9,16139.7,16140.2,16147,16147.4,0.4,2250.880029
2026-06-23T08:40:00+00:00,16147.35,16148.1,16143.35,16143.6,16147.2,16147.5,16147.9,16148.3,16143.1,16143.6,16143.4,16143.8,0.4,1450.350019
2026-06-23T08:50:00+00:00,16143.7,16144.75,16140.55,16143.5,16143.5,16143.9,16144.5,16145,16140.4,16140.7,16143.3,16143.7,0.4,1353.390022
2026-06-23T09:00:00+00:00,16143.6,16146.75,16134.3,16137.75,16143.5,16143.7,16146.5,16147,16134.2,16134.4,16137.6,16137.9,0.3,2652.360042
2026-06-23T09:10:00+00:00,16137.6,16143.7,16137.6,16142.7,16137.5,16137.7,16143.5,16143.9,16137.5,16137.7,16142.5,16142.9,0.4,1557.44002
2026-06-23T09:20:00+00:00,16142.8,16143.85,16140.1,16142.2,16142.6,16143,16143.6,16144.1,16139.9,16140.3,16142,16142.4,0.4,1409.130019
2026-06-23T09:30:00+00:00,16142.25,16144.8,16138.75,16141.7,16142.1,16142.4,16144.6,16145,16138.5,16139,16141.5,16141.9,0.4,1253.93002
2026-06-23T09:40:00+00:00,16141.75,16144.1,16140.7,16141.6,16141.5,16142,16143.9,16144.3,16140.5,16140.9,16141.3,16141.9,0.6,1155.160017
2026-06-23T09:50:00+00:00,16141.55,16142.7,16138.1,16138.6,16141.4,16141.7,16142.5,16142.9,16138,16138.2,16138.4,16138.8,0.4,1325.57002
2026-06-23T10:00:00+00:00,16138.75,16142.6,16138.4,16141.3,16138.5,16139,16142.4,16142.8,16138.2,16138.6,16141.1,16141.5,0.4,1498.940025
2026-06-23T10:10:00+00:00,16141.25,16142.45,16136.9,16139,16141,16141.5,16142.3,16142.6,16136.7,16137.1,16138.8,16139.2,0.4,1688.15002
2026-06-23T10:20:00+00:00,16139.15,16140.35,16136.4,16137.9,16139,16139.3,16140.1,16140.6,16136.2,16136.6,16137.7,16138.1,0.4,927.5400162
2026-06-23T10:30:00+00:00,16137.8,16139.2,16135.2,16139.15,16137.5,16138.1,16139.1,16139.3,16135.1,16135.3,16139,16139.3,0.3,1280.880022
2026-06-23T10:40:00+00:00,16139.2,16144.85,16138.35,16144.3,16139.1,16139.3,16144.6,16145.1,16138.2,16138.5,16144.1,16144.5,0.4,1017.480021
2026-06-23T10:50:00+00:00,16144.1,16148.05,16141.6,16145.35,16143.9,16144.3,16147.9,16148.2,16141.4,16141.8,16145.1,16145.6,0.5,1508.55003
2026-06-23T11:00:00+00:00,16145.25,16148.65,16144.45,16146.85,16145.1,16145.4,16148.5,16148.8,16144.2,16144.7,16146.7,16147,0.3,1089.89002
2026-06-23T11:10:00+00:00,16146.65,16147.6,16145.6,16146.5,16146.5,16146.8,16147.4,16147.8,16145.4,16145.8,16146.3,16146.7,0.4,1098.940015
2026-06-23T11:20:00+00:00,16146.3,16150.8,16143.3,16150.75,16146.1,16146.5,16150.6,16151,16143.1,16143.5,16150.5,16151,0.5,2239.570025
2026-06-23T11:30:00+00:00,16150.7,16159.5,16150.7,16159.35,16150.5,16150.9,16159.3,16159.7,16150.5,16150.9,16159.1,16159.6,0.5,1713.890016
2026-06-23T11:40:00+00:00,16159.3,16161.55,16156.25,16160.9,16159.1,16159.5,16161.3,16161.8,16156,16156.5,16160.8,16161,0.2,1739.600022
2026-06-23T11:50:00+00:00,16160.8,16161.35,16157.95,16159.1,16160.7,16160.9,16161.1,16161.6,16157.7,16158.2,16158.9,16159.3,0.4,1814.210034
2026-06-23T12:00:00+00:00,16159.05,16160.85,16151.25,16154.1,16158.9,16159.2,16160.7,16161,16151.1,16151.4,16153.9,16154.3,0.4,1868.340032
2026-06-23T12:10:00+00:00,16154,16154.4,16148.55,16149.7,16153.8,16154.2,16154.2,16154.6,16148.3,16148.8,16149.5,16149.9,0.4,2169.340029
2026-06-23T12:20:00+00:00,16149.55,16152.35,16148.8,16149.6,16149.4,16149.7,16152.1,16152.6,16148.6,16149,16149.4,16149.8,0.4,2299.670028
2026-06-23T12:30:00+00:00,16149.75,16149.85,16144.7,16147.6,16149.5,16150,16149.6,16150.1,16144.5,16144.9,16147.4,16147.8,0.4,1995.720032
2026-06-23T12:40:00+00:00,16147.7,16154.1,16147.2,16153.8,16147.6,16147.8,16153.9,16154.3,16147,16147.4,16153.6,16154,0.4,2198.050026
2026-06-23T12:50:00+00:00,16153.95,16156.45,16153.85,16155.7,16153.7,16154.2,16156.2,16156.7,16153.6,16154.1,16155.5,16155.9,0.4,1606.020023
2026-06-23T13:00:00+00:00,16155.75,16158.15,16152,16154.2,16155.6,16155.9,16158,16158.3,16151.8,16152.2,16154,16154.4,0.4,2722.440041
2026-06-23T13:10:00+00:00,16154.3,16157.2,16150.75,16150.75,16154.1,16154.5,16157,16157.4,16150.6,16150.9,16150.6,16150.9,0.3,1853.160026
2026-06-23T13:20:00+00:00,16150.7,16153.45,16150.6,16150.8,16150.6,16150.8,16153.2,16153.7,16150.4,16150.8,16150.5,16151.1,0.6,1673.190026
2026-06-23T13:30:00+00:00,16150.7,16152.9,16146.8,16148.15,16150.6,16150.8,16152.6,16153.2,16146.6,16147,16147.9,16148.4,0.5,2965.730045
2026-06-23T13:40:00+00:00,16147.8,16150.25,16147.1,16148.85,16147.7,16147.9,16150,16150.5,16146.9,16147.3,16148.7,16149,0.3,2181.320034
2026-06-23T13:50:00+00:00,16148.6,16153.4,16147.9,16152.55,16148.5,16148.7,16153.2,16153.6,16147.6,16148.2,16152.3,16152.8,0.5,1803.540029
2026-06-23T14:00:00+00:00,16152.15,16154.8,16148.8,16151.5,16151.9,16152.4,16154.6,16155,16148.6,16149,16151.3,16151.7,0.4,2881.370033
2026-06-23T14:10:00+00:00,16151.4,16157.6,16150.9,16156.9,16151.2,16151.6,16157.4,16157.8,16150.7,16151.1,16156.7,16157.1,0.4,2821.320031
2026-06-23T14:20:00+00:00,16156.8,16158.5,16155.1,16158.05,16156.6,16157,16158.3,16158.7,16154.9,16155.3,16157.9,16158.2,0.3,2018.390019
2026-06-23T14:30:00+00:00,16157.95,16157.95,16155.2,16156.5,16157.8,16158.1,16157.8,16158.1,16155,16155.4,16156.3,16156.7,0.4,1890.990025
2026-06-23T14:40:00+00:00,16156.55,16158,16151.1,16151.8,16156.4,16156.7,16157.9,16158.1,16150.9,16151.3,16151.5,16152.1,0.6,2252.680026
2026-06-23T14:50:00+00:00,16151.85,16158.3,16151.8,16154.4,16151.6,16152.1,16158.1,16158.5,16151.6,16152,16154.2,16154.6,0.4,3055.37004
2026-06-23T15:00:00+00:00,16154.45,16158.5,16154.2,16158.45,16154.3,16154.6,16158.3,16158.7,16154,16154.4,16158.3,16158.6,0.3,2043.540021
2026-06-23T15:10:00+00:00,16158.4,16158.7,16153.2,16157.6,16158.2,16158.6,16158.5,16158.9,16153,16153.4,16157.5,16157.7,0.2,1388.31002
2026-06-23T15:20:00+00:00,16157.65,16158.35,16153.45,16154.3,16157.5,16157.8,16158.2,16158.5,16153.3,16153.6,16154.1,16154.5,0.4,1497.23002
2026-06-23T15:30:00+00:00,16154.15,16154.4,16150.6,16153.9,16153.9,16154.4,16154.2,16154.6,16150.4,16150.8,16153.6,16154.2,0.6,2160.670027
2026-06-23T15:40:00+00:00,16153.75,16154.25,16150.9,16153.7,16153.6,16153.9,16154.1,16154.4,16150.6,16151.2,16153.4,16154,0.6,1322.550017
2026-06-23T15:50:00+00:00,16153.8,16157.35,16153.35,16155,16153.5,16154.1,16157.1,16157.6,16153.2,16153.5,16154.8,16155.2,0.4,797.5200155
2026-06-23T16:00:00+00:00,16155.15,16158.65,16155,16157.4,16155,16155.3,16158.5,16158.8,16154.8,16155.2,16157.2,16157.6,0.4,494.2600088
2026-06-23T16:10:00+00:00,16157.3,16157.7,16154.55,16155.2,16157.1,16157.5,16157.5,16157.9,16154.4,16154.7,16155,16155.4,0.4,536.1700095
2026-06-23T16:20:00+00:00,16155.1,16157.8,16154.15,16157.65,16154.9,16155.3,16157.6,16158,16154,16154.3,16157.5,16157.8,0.3,642.5700094
2026-06-23T16:30:00+00:00,16157.75,16158.05,16154.95,16155,16157.6,16157.9,16157.9,16158.2,16154.8,16155.1,16154.8,16155.2,0.4,511.5300072
2026-06-23T16:40:00+00:00,16155.05,16156.2,16154.15,16155.95,16154.8,16155.3,16156,16156.4,16153.9,16154.4,16155.8,16156.1,0.3,578.8000096
2026-06-23T16:50:00+00:00,16155.9,16160.05,16155.75,16159.75,16155.8,16156,16159.9,16160.2,16155.5,16156,16159.6,16159.9,0.3,604.3500124
2026-06-23T17:00:00+00:00,16159.85,16161,16158.4,16160.3,16159.7,16160,16160.8,16161.2,16158.2,16158.6,16160.2,16160.4,0.2,844.9000126
2026-06-23T17:10:00+00:00,16160.2,16160.6,16159.35,16160.5,16160.1,16160.3,16160.4,16160.8,16159.2,16159.5,16160.3,16160.7,0.4,315.9700063
2026-06-23T17:20:00+00:00,16160.3,16162,16159.95,16160.5,16160.1,16160.5,16161.8,16162.2,16159.7,16160.2,16160.4,16160.6,0.2,819.9500152
2026-06-23T17:30:00+00:00,16160.55,16161.35,16157.5,16157.85,16160.4,16160.7,16161.2,16161.5,16157.3,16157.7,16157.7,16158,0.3,1916.120031
2026-06-23T17:40:00+00:00,16157.8,16157.85,16155.5,16155.85,16157.7,16157.9,16157.7,16158,16155.3,16155.7,16155.7,16156,0.3,1087.050013
2026-06-23T17:50:00+00:00,16155.95,16159.3,16154.65,16155.95,16155.7,16156.2,16159.1,16159.5,16154.5,16154.8,16155.8,16156.1,0.3,1479.63002
2026-06-23T18:00:00+00:00,16155.9,16157.35,16155.5,16156.85,16155.8,16156,16157.1,16157.6,16155.3,16155.7,16156.7,16157,0.3,1001.840015
2026-06-23T18:10:00+00:00,16156.65,16158.65,16156.65,16157.2,16156.5,16156.8,16158.4,16158.9,16156.5,16156.8,16157,16157.4,0.4,354.9100053
2026-06-23T18:20:00+00:00,16157.1,16158.55,16156.6,16157.95,16157,16157.2,16158.4,16158.7,16156.4,16156.8,16157.7,16158.2,0.5,427.9500089
2026-06-23T18:30:00+00:00,16158,16159.6,16155.7,16157.2,16157.7,16158.3,16159.4,16159.8,16155.5,16155.9,16157.1,16157.3,0.2,845.2000148
2026-06-23T18:40:00+00:00,16157.1,16158.6,16154.6,16157.2,16156.9,16157.3,16158.4,16158.8,16154.4,16154.8,16157.1,16157.3,0.2,1003.010019
2026-06-23T18:50:00+00:00,16157.15,16158.2,16156.35,16156.85,16157,16157.3,16158,16158.4,16156.1,16156.6,16156.6,16157.1,0.5,1134.040011
2026-06-23T19:00:00+00:00,16156.8,16157.35,16155,16155.65,16156.6,16157,16157.1,16157.6,16154.8,16155.2,16155.4,16155.9,0.5,1212.960014
2026-06-23T19:10:00+00:00,16155.6,16156.95,16154.4,16156.85,16155.4,16155.8,16156.7,16157.2,16154.2,16154.6,16156.6,16157.1,0.5,581.7000048
2026-06-23T19:20:00+00:00,16156.9,16156.95,16155.25,16155.3,16156.6,16157.2,16156.7,16157.2,16155.1,16155.4,16155.1,16155.5,0.4,722.2600104
2026-06-23T19:30:00+00:00,16155.25,16155.3,16151.35,16153.15,16155.1,16155.4,16155.1,16155.5,16151.1,16151.6,16152.9,16153.4,0.5,787.5300097
2026-06-23T19:40:00+00:00,16153.2,16155.05,16152.5,16154.6,16153,16153.4,16154.9,16155.2,16152.3,16152.7,16154.4,16154.8,0.4,561.3700109
2026-06-23T19:50:00+00:00,16154.65,16157.8,16152.8,16157.8,16154.4,16154.9,16157.7,16157.9,16152.6,16153,16157.7,16157.9,0.2,1748.070025
2026-06-23T20:00:00+00:00,16157.9,16161.2,16157.15,16159.75,16157.7,16158.1,16161,16161.4,16156.9,16157.4,16159.5,16160,0.5,1755.940024
2026-06-23T20:10:00+00:00,16159.7,16159.95,16158.95,16159.3,16159.5,16159.9,16159.7,16160.2,16158.7,16159.2,16159,16159.6,0.6,414.1900052
2026-06-23T20:20:00+00:00,16159.35,16160.25,16157.25,16157.3,16159,16159.7,16160,16160.5,16157,16157.5,16157,16157.6,0.6,281.2300044
2026-06-23T20:30:00+00:00,16157.4,16159.1,16157.4,16159.1,16157.1,16157.7,16158.8,16159.4,16157.1,16157.7,16158.8,16159.4,0.6,186.0000023
2026-06-23T20:40:00+00:00,16158.95,16159.45,16158.8,16159.25,16158.7,16159.2,16159.1,16159.8,16158.5,16159.1,16159,16159.5,0.5,181.2000048
2026-06-23T20:50:00+00:00,16159.3,16159.45,16156.05,16156.3,16159,16159.6,16159.2,16159.7,16154.4,16157.7,16154.4,16158.2,3.8,817.7200051
2026-06-23T21:00:00+00:00,16157.2,16157.5,16151.05,16153.3,16154.4,16160,16154.4,16160.6,16145.8,16156.3,16148.1,16158.5,10.4,113.8599995
2026-06-23T21:10:00+00:00,16153.2,16154.65,16150.1,16151.8,16148.1,16158.3,16150.3,16159,16147.8,16152.4,16149.5,16154.1,4.6,129.8200018
2026-06-23T21:20:00+00:00,16151.6,16154.5,16150.9,16154.25,16149.2,16154,16152.5,16156.5,16149.2,16152.6,16152.5,16156,3.5,204.0000019
2026-06-23T21:30:00+00:00,16154.3,16155,16152.3,16153.55,16152.5,16156.1,16152.9,16157.1,16149.9,16154.7,16151.3,16155.8,4.5,241.9200038
2026-06-23T21:40:00+00:00,16153.6,16157.1,16153.1,16156.5,16151.4,16155.8,16155.3,16158.9,16150.9,16155.3,16154.3,16158.7,4.4,279.3000085
2026-06-23T21:50:00+00:00,16156.45,16156.85,16150.75,16154.15,16154.3,16158.6,16154.6,16159.1,16148.5,16153,16152,16156.3,4.3,234.9600031
2026-06-23T22:00:00+00:00,16154.05,16160.65,16153.8,16158.8,16152,16156.1,16160.2,16161.1,16152,16155.6,16158.3,16159.3,1,378.3300003
2026-06-23T22:10:00+00:00,16158.9,16159.2,16156.5,16156.65,16158.4,16159.4,16158.7,16159.7,16156.1,16156.9,16156.1,16157.2,1.1,311.8300061
2026-06-23T22:20:00+00:00,16156.7,16157.95,16156.7,16157.6,16156.3,16157.1,16157.5,16158.4,16156.3,16157.1,16157.2,16158,0.8,205.7500039
2026-06-23T22:30:00+00:00,16157.5,16157.55,16154.9,16155.2,16157.1,16157.9,16157.2,16157.9,16154.6,16155.2,16155,16155.4,0.4,561.3000109
2026-06-23T22:40:00+00:00,16155.25,16156.35,16153.55,16155.55,16155,16155.5,16156.1,16156.6,16153.2,16153.9,16155.1,16156,0.9,435.6600049
2026-06-23T22:50:00+00:00,16155.6,16156.7,16155.55,16156.15,16155.2,16156,16156.4,16157,16155.2,16155.9,16155.7,16156.6,0.9,227.7500025
2026-06-23T23:00:00+00:00,16156.1,16156.15,16153.6,16154.75,16155.7,16156.5,16155.7,16156.6,16153.3,16153.9,16154.4,16155.1,0.7,713.6600114
2026-06-23T23:10:00+00:00,16154.8,16155.75,16154.8,16155.7,16154.5,16155.1,16155.5,16156,16154.5,16155.1,16155.5,16155.9,0.4,130.8000016
2026-06-23T23:20:00+00:00,16155.65,16157.5,16155.25,16156.65,16155.4,16155.9,16157.3,16157.7,16155,16155.5,16156.4,16156.9,0.5,205.3500038
2026-06-23T23:30:00+00:00,16156.7,16157.55,16155.35,16155.35,16156.4,16157,16157.2,16157.9,16155.1,16155.6,16155.1,16155.6,0.5,206.5500023
2026-06-23T23:40:00+00:00,16155.25,16158.05,16155.05,16156.65,16155,16155.5,16157.8,16158.3,16154.8,16155.3,16156.3,16157,0.7,523.9500055
2026-06-23T23:50:00+00:00,16156.7,16160.95,16155.2,16160.35,16156.4,16157,16160.7,16161.2,16154.9,16155.5,16160,16160.7,0.7,1439.450017
2026-06-24T00:00:00+00:00,16160.2,16160.2,16155,16155.7,16159.9,16160.5,16159.9,16160.5,16154.8,16155.2,16155.4,16156,0.6,1933.930025
2026-06-24T00:10:00+00:00,16155.65,16159.25,16155.5,16159.25,16155.4,16155.9,16159,16159.5,16155.2,16155.8,16159,16159.5,0.5,1990.810016
2026-06-24T00:20:00+00:00,16159.3,16161.7,16157.05,16160.4,16159,16159.6,16161.4,16162,16156.8,16157.3,16160.1,16160.7,0.6,2100.96003
2026-06-24T00:30:00+00:00,16160.3,16160.75,16159.35,16159.45,16160.1,16160.5,16160.6,16160.9,16159.1,16159.6,16159.2,16159.7,0.5,921.9300143
2026-06-24T00:40:00+00:00,16159.7,16161.75,16159.5,16161.1,16159.4,16160,16161.5,16162,16159.2,16159.8,16160.7,16161.5,0.8,647.2100091
2026-06-24T00:50:00+00:00,16161.05,16163.65,16157.85,16162.5,16160.8,16161.3,16163.5,16163.8,16157.6,16158.1,16162.3,16162.7,0.4,2474.490033
2026-06-24T01:00:00+00:00,16162.55,16162.75,16157.1,16158.55,16162.4,16162.7,16162.5,16163,16156.9,16157.3,16158.3,16158.8,0.5,2377.480031
2026-06-24T01:10:00+00:00,16158.5,16158.7,16157.2,16157.25,16158.3,16158.7,16158.5,16158.9,16157,16157.4,16157.1,16157.4,0.3,1455.150018
2026-06-24T01:20:00+00:00,16157.3,16158.15,16156.85,16157.5,16157.1,16157.5,16157.9,16158.4,16156.6,16157.1,16157.3,16157.7,0.4,661.3500068
2026-06-24T01:30:00+00:00,16157.75,16158.7,16156.9,16157.4,16157.6,16157.9,16158.5,16158.9,16156.7,16157.1,16157.2,16157.6,0.4,668.8000126
2026-06-24T01:40:00+00:00,16157.3,16157.4,16155,16157.4,16157,16157.6,16157.2,16157.6,16154.7,16155.3,16157.2,16157.6,0.4,457.5800087
2026-06-24T01:50:00+00:00,16157.5,16158.35,16156.7,16157,16157.3,16157.7,16158.1,16158.6,16156.5,16156.9,16156.8,16157.2,0.4,570.1800095
2026-06-24T02:00:00+00:00,16157.05,16158.8,16157,16158,16156.9,16157.2,16158.6,16159,16156.8,16157.2,16157.8,16158.2,0.4,464.0100088
2026-06-24T02:10:00+00:00,16158.05,16158.15,16153.5,16155,16157.9,16158.2,16157.9,16158.4,16153.3,16153.7,16154.7,16155.3,0.6,906.3000164
2026-06-24T02:20:00+00:00,16154.85,16156.1,16154.55,16155.5,16154.7,16155,16155.9,16156.3,16154.3,16154.8,16155.3,16155.7,0.4,543.1500039
2026-06-24T02:30:00+00:00,16155.45,16155.95,16154.75,16155.45,16155.2,16155.7,16155.7,16156.2,16154.5,16155,16155.2,16155.7,0.5,733.9500129
2026-06-24T02:40:00+00:00,16155.45,16156.8,16155.3,16156.25,16155.2,16155.7,16156.6,16157,16155.1,16155.5,16156,16156.5,0.5,717.9000075
2026-06-24T02:50:00+00:00,16156.05,16156.3,16154.8,16155.05,16155.9,16156.2,16156.1,16156.5,16154.6,16155,16154.9,16155.2,0.3,742.6600089
2026-06-24T03:00:00+00:00,16155.1,16157.9,16154.9,16157.4,16154.9,16155.3,16157.7,16158.1,16154.7,16155.1,16157.2,16157.6,0.4,1013.760012
2026-06-24T03:10:00+00:00,16156.95,16160.35,16156.75,16157.4,16156.7,16157.2,16160.1,16160.6,16156.5,16157,16157.2,16157.6,0.4,1183.800014
2026-06-24T03:20:00+00:00,16157.5,16158.9,16155.25,16155.7,16157.2,16157.8,16158.7,16159.1,16155.1,16155.4,16155.6,16155.8,0.2,981.0800122
2026-06-24T03:30:00+00:00,16155.65,16156.7,16155.3,16155.65,16155.6,16155.7,16156.6,16156.8,16155.1,16155.5,16155.5,16155.8,0.3,1106.720021
2026-06-24T03:40:00+00:00,16155.55,16156.95,16155.1,16155.25,16155.4,16155.7,16156.7,16157.2,16154.9,16155.3,16155.1,16155.4,0.3,559.3400067
2026-06-24T03:50:00+00:00,16155.35,16155.65,16154.65,16155.2,16155.2,16155.5,16155.5,16155.8,16154.5,16154.8,16155,16155.4,0.4,303.3000064
2026-06-24T04:00:00+00:00,16155.1,16156.4,16153.2,16155.2,16154.9,16155.3,16156.2,16156.6,16153,16153.4,16154.9,16155.5,0.6,401.5900075
2026-06-24T04:10:00+00:00,16155.15,16155.7,16154,16155.15,16154.9,16155.4,16155.5,16155.9,16153.7,16154.3,16155,16155.3,0.3,799.5700099
2026-06-24T04:20:00+00:00,16155.1,16156.2,16154.4,16155.95,16154.9,16155.3,16156,16156.4,16154.2,16154.6,16155.7,16156.2,0.5,672.5800124
2026-06-24T04:30:00+00:00,16156,16156.05,16154.55,16155,16155.8,16156.2,16155.8,16156.3,16154.3,16154.8,16154.6,16155.4,0.8,323.850004
2026-06-24T04:40:00+00:00,16154.95,16156.2,16154.35,16155.7,16154.7,16155.2,16156,16156.4,16154.2,16154.5,16155.5,16155.9,0.4,484.6500106
2026-06-24T04:50:00+00:00,16155.75,16156,16154.55,16155.85,16155.5,16156,16155.7,16156.3,16154.3,16154.8,16155.6,16156.1,0.5,545.1000094
2026-06-24T05:00:00+00:00,16155.9,16156.8,16155.3,16155.55,16155.7,16156.1,16156.6,16157,16155.1,16155.5,16155.3,16155.8,0.5,402.670009
2026-06-24T05:10:00+00:00,16155.45,16160.65,16154.7,16157.95,16155.2,16155.7,16160.4,16160.9,16154.5,16154.9,16157.7,16158.2,0.5,984.0500158
2026-06-24T05:20:00+00:00,16158.1,16161.7,16158.1,16160.45,16157.8,16158.4,16161.4,16162,16157.8,16158.4,16160.2,16160.7,0.5,1076.10002
2026-06-24T05:30:00+00:00,16160.5,16160.7,16158.8,16160.4,16160.3,16160.7,16160.4,16161,16158.5,16159.1,16160.2,16160.6,0.4,513.9000125
2026-06-24T05:40:00+00:00,16160.75,16161.45,16157.9,16159.15,16160.6,16160.9,16161.3,16161.6,16157.7,16158.1,16158.9,16159.4,0.5,378.2200121
2026-06-24T05:50:00+00:00,16159,16161.45,16158.45,16160.95,16158.8,16159.2,16161.2,16161.7,16158.2,16158.7,16160.7,16161.2,0.5,336.4400089
2026-06-24T06:00:00+00:00,16161.1,16165.4,16161.1,16163.65,16160.8,16161.4,16165.2,16165.6,16160.8,16161.4,16163.4,16163.9,0.5,1076.340033
2026-06-24T06:10:00+00:00,16163.5,16166.8,16161.8,16166.3,16163.2,16163.8,16166.6,16167,16161.5,16162.1,16166.1,16166.5,0.4,936.230018
2026-06-24T06:20:00+00:00,16166.25,16168.8,16164.7,16168.65,16166,16166.5,16168.5,16169.1,16164.5,16164.9,16168.3,16169,0.7,1014.22002
2026-06-24T06:30:00+00:00,16168.65,16168.85,16165.65,16167.2,16168.3,16169,16168.6,16169.1,16165.4,16165.9,16166.8,16167.6,0.8,769.1100161
2026-06-24T06:40:00+00:00,16167.05,16167.8,16158.75,16167.8,16166.8,16167.3,16167.5,16168.1,16158.3,16159.2,16167.5,16168.1,0.6,1284.410027
2026-06-24T06:50:00+00:00,16168.15,16171.8,16167.55,16171.1,16168,16168.3,16171.5,16172.1,16167.3,16167.8,16170.8,16171.4,0.6,901.7100207
2026-06-24T07:00:00+00:00,16171,16172.85,16168.5,16170.1,16170.7,16171.3,16172.5,16173.2,16168.2,16168.8,16169.8,16170.4,0.6,1203.800029
2026-06-24T07:10:00+00:00,16170,16172.6,16168.8,16169.85,16169.7,16170.3,16172.3,16172.9,16168.5,16169.1,16169.6,16170.1,0.5,760.720019
2026-06-24T07:20:00+00:00,16169.75,16172.4,16168.5,16168.65,16169.5,16170,16172.2,16172.6,16168.2,16168.8,16168.4,16168.9,0.5,735.780017
2026-06-24T07:30:00+00:00,16168.75,16169.9,16167.95,16169.4,16168.5,16169,16169.7,16170.1,16167.7,16168.2,16169.2,16169.6,0.4,608.9700156
2026-06-24T07:40:00+00:00,16169.6,16169.6,16166.7,16168.45,16169.4,16169.8,16169.4,16169.8,16166.4,16167,16168.1,16168.8,0.7,753.3500183
2026-06-24T07:50:00+00:00,16168.5,16173.9,16168.1,16171.7,16168.3,16168.7,16173.7,16174.1,16167.9,16168.3,16171.5,16171.9,0.4,625.0900185
2026-06-24T08:00:00+00:00,16171.6,16172.05,16168.55,16171.7,16171.4,16171.8,16171.8,16172.3,16168.3,16168.8,16171.5,16171.9,0.4,766.2200186
2026-06-24T08:10:00+00:00,16171.7,16175.5,16169.65,16171.05,16171.5,16171.9,16175.3,16175.7,16169.4,16169.9,16170.8,16171.3,0.5,1399.920037
2026-06-24T08:20:00+00:00,16170.9,16170.9,16169,16169.95,16170.7,16171.1,16170.7,16171.1,16168.8,16169.2,16169.6,16170.3,0.7,464.1000141
2026-06-24T08:30:00+00:00,16170,16174.05,16168.4,16173.55,16169.6,16170.4,16173.8,16174.3,16168.1,16168.7,16173.3,16173.8,0.5,695.0600175
2026-06-24T08:40:00+00:00,16173.25,16174.3,16172.2,16172.85,16173,16173.5,16174,16174.6,16171.9,16172.5,16172.6,16173.1,0.5,629.4700168
2026-06-24T08:50:00+00:00,16173,16175.65,16171.75,16175.55,16172.7,16173.3,16175.4,16175.9,16171.5,16172,16175.3,16175.8,0.5,765.970017
2026-06-24T09:00:00+00:00,16175.35,16177.4,16174.85,16176.15,16175.1,16175.6,16177.1,16177.7,16174.6,16175.1,16175.9,16176.4,0.5,780.8600196
2026-06-24T09:10:00+00:00,16176.3,16177.95,16176.1,16176.45,16176,16176.6,16177.7,16178.2,16175.8,16176.4,16175.9,16177,1.1,1430.210019
2026-06-24T09:20:00+00:00,16176.4,16176.8,16175.1,16176.4,16176,16176.8,16176.5,16177.1,16174.6,16175.6,16176.1,16176.7,0.6,2027.350019
2026-06-24T09:30:00+00:00,16176.55,16177.45,16171.15,16173.2,16176.2,16176.9,16177.2,16177.7,16170.9,16171.4,16172.9,16173.5,0.6,560.2000129
2026-06-24T09:40:00+00:00,16173.55,16176.15,16172.6,16174.8,16173.3,16173.8,16175.9,16176.4,16172.3,16172.9,16174.5,16175.1,0.6,483.3900087
2026-06-24T09:50:00+00:00,16174.85,16175.45,16172.3,16174.35,16174.6,16175.1,16175.2,16175.7,16172.1,16172.5,16174.1,16174.6,0.5,691.7800164
2026-06-24T10:00:00+00:00,16174.2,16175.25,16173.1,16174.65,16173.9,16174.5,16175,16175.5,16172.8,16173.4,16174.4,16174.9,0.5,878.2500196
2026-06-24T10:10:00+00:00,16174.7,16174.7,16171,16173.05,16174.5,16174.9,16174.5,16174.9,16170.7,16171.3,16172.8,16173.3,0.5,724.030018
2026-06-24T10:20:00+00:00,16173.05,16174.7,16171.45,16172.6,16172.8,16173.3,16174.5,16174.9,16171.1,16171.8,16172.4,16172.8,0.4,538.6900123
2026-06-24T10:30:00+00:00,16172.55,16173.2,16171.5,16172.05,16172.4,16172.7,16173,16173.4,16171.3,16171.7,16171.9,16172.2,0.3,439.2700111
2026-06-24T10:40:00+00:00,16172,16172.2,16168.35,16171.75,16171.8,16172.2,16171.9,16172.5,16168.2,16168.5,16171.6,16171.9,0.3,1086.010023
2026-06-24T10:50:00+00:00,16171.7,16172.25,16168.85,16169.15,16171.5,16171.9,16172,16172.5,16168.7,16169,16169,16169.3,0.3,666.970011
2026-06-24T11:00:00+00:00,16169.05,16170.95,16166.85,16169.4,16168.7,16169.4,16170.8,16171.1,16166.6,16167.1,16169.2,16169.6,0.4,927.7700142
2026-06-24T11:10:00+00:00,16169.3,16170.75,16168.75,16170.6,16169.1,16169.5,16170.5,16171,16168.7,16168.8,16170.4,16170.8,0.4,878.5400139
2026-06-24T11:20:00+00:00,16170.65,16171.75,16165.5,16166.15,16170.4,16170.9,16171.6,16171.9,16165.2,16165.8,16166,16166.3,0.3,717.3600138
2026-06-24T11:30:00+00:00,16166.1,16169.55,16165.55,16167.25,16166,16166.2,16169.3,16169.8,16165.3,16165.8,16167,16167.5,0.5,1724.760031
2026-06-24T11:40:00+00:00,16167.35,16168.4,16165.6,16166.55,16167.2,16167.5,16168.2,16168.6,16165.4,16165.8,16166.5,16166.6,0.1,1485.260023
2026-06-24T11:50:00+00:00,16166.65,16168.4,16162.5,16165.55,16166.5,16166.8,16168.2,16168.6,16162.3,16162.7,16165.3,16165.8,0.5,2984.280041
2026-06-24T12:00:00+00:00,16165.75,16168.2,16163.65,16168.2,16165.6,16165.9,16168,16168.4,16163.4,16163.9,16168,16168.4,0.4,2466.890032
2026-06-24T12:10:00+00:00,16168.2,16169.55,16166.25,16166.75,16168,16168.4,16169.3,16169.8,16166,16166.5,16166.5,16167,0.5,1516.950019
2026-06-24T12:20:00+00:00,16166.95,16169.8,16166.75,16168.85,16166.8,16167.1,16169.7,16169.9,16166.5,16167,16168.7,16169,0.3,872.9700164
2026-06-24T12:30:00+00:00,16168.7,16172.8,16168.7,16171.2,16168.5,16168.9,16172.6,16173,16168.5,16168.9,16171,16171.4,0.4,2011.160031
2026-06-24T12:40:00+00:00,16171.15,16174.35,16171.15,16173.05,16171,16171.3,16174.2,16174.5,16171,16171.3,16172.9,16173.2,0.3,1514.700021
2026-06-24T12:50:00+00:00,16172.95,16175.4,16172.8,16175.3,16172.8,16173.1,16175.2,16175.6,16172.6,16173,16175.1,16175.5,0.4,1524.300023
2026-06-24T13:00:00+00:00,16175.35,16176.05,16171.2,16175.2,16175.2,16175.5,16175.9,16176.2,16171,16171.4,16175,16175.4,0.4,2389.34004
2026-06-24T13:10:00+00:00,16175.15,16175.45,16172.95,16173.8,16175,16175.3,16175.2,16175.7,16172.8,16173.1,16173.6,16174,0.4,1339.120024
2026-06-24T13:20:00+00:00,16173.9,16175.35,16170.6,16171.1,16173.7,16174.1,16175.1,16175.6,16170.4,16170.8,16170.9,16171.3,0.4,1906.500029
2026-06-24T13:30:00+00:00,16171,16174.6,16170,16172.7,16170.9,16171.1,16174.4,16174.8,16169.8,16170.2,16172.4,16173,0.6,2593.430044
2026-06-24T13:40:00+00:00,16172.65,16176.6,16171,16176.1,16172.5,16172.8,16176.5,16176.7,16170.8,16171.2,16175.9,16176.3,0.4,1992.640032
2026-06-24T13:50:00+00:00,16176.05,16176.2,16173.2,16175.2,16175.9,16176.2,16176,16176.4,16173,16173.4,16174.8,16175.6,0.8,2898.920039
2026-06-24T14:00:00+00:00,16175.15,16175.6,16170.7,16171.15,16174.8,16175.5,16175.4,16175.8,16170.5,16170.9,16170.9,16171.4,0.5,2656.280036
2026-06-24T14:10:00+00:00,16171.2,16174.25,16170.9,16174.2,16171.1,16171.3,16174,16174.5,16170.8,16171,16174,16174.4,0.4,1779.970024
2026-06-24T14:20:00+00:00,16174.25,16175.55,16172.3,16173.9,16174,16174.5,16175.3,16175.8,16172.1,16172.5,16173.8,16174,0.2,1531.68002
2026-06-24T14:30:00+00:00,16173.95,16175.1,16172.65,16174.4,16173.8,16174.1,16174.9,16175.3,16172.5,16172.8,16174.2,16174.6,0.4,1614.220019
2026-06-24T14:40:00+00:00,16174.35,16175.1,16172.7,16173.75,16174.1,16174.6,16174.9,16175.3,16172.5,16172.9,16173.6,16173.9,0.3,1425.900015
2026-06-24T14:50:00+00:00,16173.55,16181.75,16173.5,16179.2,16173.4,16173.7,16181.6,16181.9,16173.3,16173.7,16179,16179.4,0.4,2182.890033
2026-06-24T15:00:00+00:00,16179.15,16181.2,16176.5,16177.75,16178.8,16179.5,16181,16181.4,16176.3,16176.7,16177.6,16177.9,0.3,2247.390037
2026-06-24T15:10:00+00:00,16177.7,16179.4,16175.35,16175.45,16177.6,16177.8,16179.2,16179.6,16175.2,16175.5,16175.3,16175.6,0.3,1607.210034
2026-06-24T15:20:00+00:00,16175.05,16177.55,16173.35,16177.2,16175,16175.1,16177.4,16177.7,16173.1,16173.6,16177,16177.4,0.4,3573.970057
2026-06-24T15:30:00+00:00,16177.15,16179.15,16176.45,16178.7,16177,16177.3,16179,16179.3,16176.3,16176.6,16178.5,16178.9,0.4,2186.850033
2026-06-24T15:40:00+00:00,16178.65,16178.9,16174.9,16175.35,16178.5,16178.8,16178.7,16179.1,16174.7,16175.1,16175.1,16175.6,0.5,1377.070022
2026-06-24T15:50:00+00:00,16175.3,16176.9,16175.05,16175.95,16175.1,16175.5,16176.8,16177,16174.9,16175.2,16175.8,16176.1,0.3,1393.570015
2026-06-24T16:00:00+00:00,16175.75,16176.75,16173.95,16174.3,16175.6,16175.9,16176.6,16176.9,16173.8,16174.1,16174.1,16174.5,0.4,1507.380023
2026-06-24T16:10:00+00:00,16174.35,16176.95,16172.6,16175.85,16174.2,16174.5,16176.8,16177.1,16172.4,16172.8,16175.7,16176,0.3,1485.090022
2026-06-24T16:20:00+00:00,16175.65,16176.9,16172.9,16173.05,16175.5,16175.8,16176.8,16177,16172.7,16173.1,16172.9,16173.2,0.3,1045.800015
2026-06-24T16:30:00+00:00,16173.15,16173.3,16168.9,16171.45,16173,16173.3,16173,16173.6,16168.7,16169.1,16171.2,16171.7,0.5,1079.470012
2026-06-24T16:40:00+00:00,16171.55,16175.45,16170.95,16175.25,16171.3,16171.8,16175.2,16175.7,16170.8,16171.1,16175.1,16175.4,0.3,1114.840013
2026-06-24T16:50:00+00:00,16175.15,16176.1,16174,16175.8,16174.9,16175.4,16176,16176.2,16173.8,16174.2,16175.6,16176,0.4,626.7000102
2026-06-24T17:00:00+00:00,16175.95,16178.65,16174.75,16178.4,16175.8,16176.1,16178.5,16178.8,16174.6,16174.9,16178.2,16178.6,0.4,1013.160017
2026-06-24T17:10:00+00:00,16178.3,16179.55,16177.5,16179.3,16178.1,16178.5,16179.3,16179.8,16177.3,16177.7,16179.1,16179.5,0.4,547.2200056
2026-06-24T17:20:00+00:00,16179.45,16180.8,16177.6,16179,16179.3,16179.6,16180.5,16181.1,16177.4,16177.8,16178.8,16179.2,0.4,699.7800106
2026-06-24T17:30:00+00:00,16179.05,16179.1,16173.7,16176.8,16179,16179.1,16179,16179.2,16173.6,16173.8,16176.6,16177,0.4,2425.480038
2026-06-24T17:40:00+00:00,16176.85,16180.4,16176.8,16180.4,16176.7,16177,16180.3,16180.5,16176.6,16177,16180.3,16180.5,0.2,1014.840013
2026-06-24T17:50:00+00:00,16180.45,16182.15,16179.3,16181.7,16180.4,16180.5,16181.9,16182.4,16179.1,16179.5,16181.6,16181.8,0.2,870.8800178
2026-06-24T18:00:00+00:00,16181.65,16182.2,16180.45,16180.9,16181.5,16181.8,16182,16182.4,16180.3,16180.6,16180.7,16181.1,0.4,719.0400176
2026-06-24T18:10:00+00:00,16180.85,16182.3,16180.35,16181.4,16180.7,16181,16182.1,16182.5,16180.2,16180.5,16181.2,16181.6,0.4,1598.740018
2026-06-24T18:20:00+00:00,16181.3,16183,16179.05,16179.3,16181.1,16181.5,16182.7,16183.3,16178.8,16179.3,16179.1,16179.5,0.4,1359.150015
2026-06-24T18:30:00+00:00,16179.35,16180.6,16177.75,16178.5,16179.1,16179.6,16180.4,16180.8,16177.6,16177.9,16178.4,16178.6,0.2,1523.160025
2026-06-24T18:40:00+00:00,16178.4,16179.2,16176.55,16177.85,16178.3,16178.5,16179,16179.4,16176.4,16176.7,16177.7,16178,0.3,1023.070016
2026-06-24T18:50:00+00:00,16177.75,16178,16176.2,16176.2,16177.6,16177.9,16177.8,16178.2,16176,16176.4,16176,16176.4,0.4,2292.44003
2026-06-24T19:00:00+00:00,16176.3,16178.7,16174.9,16178.4,16176.1,16176.5,16178.5,16178.9,16174.7,16175.1,16178.2,16178.6,0.4,1362.930014
2026-06-24T19:10:00+00:00,16178.25,16181.85,16178.15,16181.3,16178,16178.5,16181.7,16182,16177.9,16178.4,16181.1,16181.5,0.4,818.580012
2026-06-24T19:20:00+00:00,16181.3,16184.15,16181.15,16183.7,16181.1,16181.5,16184,16184.3,16180.9,16181.4,16183.5,16183.9,0.4,714.0200078
2026-06-24T19:30:00+00:00,16183.5,16184,16180.95,16182.75,16183.4,16183.6,16183.8,16184.2,16180.7,16181.2,16182.6,16182.9,0.3,1046.210014
2026-06-24T19:40:00+00:00,16182.8,16182.95,16179.2,16180.25,16182.6,16183,16182.8,16183.1,16179.1,16179.3,16180,16180.5,0.5,704.2500117
2026-06-24T19:50:00+00:00,16180.35,16182.6,16179.1,16182.5,16180.1,16180.6,16182.4,16182.8,16179,16179.2,16182.2,16182.8,0.6,1455.680024
2026-06-24T20:00:00+00:00,16182.35,16183.25,16180.55,16181,16182.1,16182.6,16183,16183.5,16180.4,16180.7,16180.8,16181.2,0.4,1845.130027
2026-06-24T20:10:00+00:00,16181.05,16182.7,16179.8,16181.9,16180.9,16181.2,16182.4,16183,16179.6,16180,16181.8,16182,0.2,909.3500175
2026-06-24T20:20:00+00:00,16182.05,16182.95,16180.85,16181.2,16181.8,16182.3,16182.7,16183.2,16180.6,16181.1,16181,16181.4,0.4,628.3000073
2026-06-24T20:30:00+00:00,16181.15,16182.75,16181,16182.35,16181,16181.3,16182.5,16183,16180.8,16181.2,16182.1,16182.6,0.5,527.0600059
2026-06-24T20:40:00+00:00,16182.4,16182.5,16180.15,16181.75,16182.1,16182.7,16182.3,16182.7,16179.8,16180.5,16181.4,16182.1,0.7,2059.820024
2026-06-24T20:50:00+00:00,16181.9,16182.25,16177.9,16178.45,16181.7,16182.1,16181.9,16182.6,16175.8,16180,16175.8,16181.1,5.3,2047.940008
2026-06-24T21:00:00+00:00,16178.45,16178.7,16173.9,16176.75,16175.6,16181.3,16175.6,16181.8,16171.3,16176.5,16174.8,16178.7,3.9,69.00000119
2026-06-24T21:10:00+00:00,16176.7,16177.2,16176.05,16176.8,16174.8,16178.6,16174.9,16179.5,16174.2,16177.9,16174.5,16179.1,4.6,123.7500016
2026-06-24T21:20:00+00:00,16177.7,16177.75,16176.15,16176.55,16176.3,16179.1,16176.4,16179.1,16174.3,16178,16174.4,16178.7,4.3,83.4000001
2026-06-24T21:30:00+00:00,16177.8,16177.8,16175.5,16175.85,16176,16179.6,16176,16179.6,16174,16177,16174.2,16177.5,3.3,672.7500114
2026-06-24T21:40:00+00:00,16176.4,16180.1,16175.45,16176.9,16174.9,16177.9,16179,16181.2,16173.8,16177.1,16175.4,16178.4,3,679.8000116
2026-06-24T21:50:00+00:00,16177.05,16177.55,16176.55,16177.3,16175.7,16178.4,16176.2,16178.9,16175.3,16177.8,16175.9,16178.7,2.8,452.8500058
2026-06-24T22:00:00+00:00,16177.4,16178.6,16175.75,16176.85,16176.1,16178.7,16178.1,16179.1,16175.2,16176.3,16176.5,16177.2,0.7,669.8899954
2026-06-24T22:10:00+00:00,16177.1,16177.5,16176.4,16177.05,16176.9,16177.3,16177.1,16177.9,16176.2,16176.6,16176.8,16177.3,0.5,427.2200111
2026-06-24T22:20:00+00:00,16177.1,16177.3,16175.7,16176,16176.8,16177.4,16176.9,16177.7,16175.3,16176.1,16175.6,16176.4,0.8,266.4900067
2026-06-24T22:30:00+00:00,16175.8,16175.9,16174.35,16174.85,16175.4,16176.2,16175.5,16176.3,16174,16174.7,16174.4,16175.3,0.9,464.4000059
2026-06-24T22:40:00+00:00,16174.9,16176.25,16174.25,16176.1,16174.5,16175.3,16175.9,16176.6,16173.8,16174.7,16175.8,16176.4,0.6,256.7200058
2026-06-24T22:50:00+00:00,16176,16177.95,16175.85,16177.05,16175.6,16176.4,16177.6,16178.3,16175.4,16176.3,16176.5,16177.6,1.1,335.1000024
2026-06-24T23:00:00+00:00,16177.05,16178.65,16176.85,16177.2,16176.5,16177.6,16178.3,16179,16176.5,16177.2,16177,16177.4,0.4,265.9500046
2026-06-24T23:10:00+00:00,16177.35,16177.9,16175.25,16177.1,16177.1,16177.6,16177.8,16178,16175.1,16175.4,16176.9,16177.3,0.4,291.9000058
2026-06-24T23:20:00+00:00,16177.25,16178.4,16177,16178.4,16177,16177.5,16178.2,16178.6,16176.8,16177.2,16178.2,16178.6,0.4,179.8500038
2026-06-24T23:30:00+00:00,16178.45,16179.05,16177,16177.25,16178.2,16178.7,16178.8,16179.3,16176.8,16177.2,16177,16177.5,0.5,376.9500077
2026-06-24T23:40:00+00:00,16177.25,16178.45,16176.75,16177.5,16177.1,16177.4,16178.2,16178.7,16176.5,16177,16177.2,16177.8,0.6,269.7000053
2026-06-24T23:50:00+00:00,16177.55,16178.95,16176.7,16177.15,16177.3,16177.8,16178.7,16179.2,16176.5,16176.9,16176.9,16177.4,0.5,380.2500063
2026-06-25T00:00:00+00:00,16176.8,16177.85,16173,16174.4,16176.7,16176.9,16177.7,16178,16172.8,16173.2,16174.2,16174.6,0.4,1765.950028
2026-06-25T00:10:00+00:00,16174.5,16178.15,16174.4,16174.6,16174.4,16174.6,16177.9,16178.4,16174.2,16174.6,16174.4,16174.8,0.4,782.6400139
2026-06-25T00:20:00+00:00,16174.65,16175.75,16173.4,16174.6,16174.4,16174.9,16175.5,16176,16173,16173.8,16174.3,16174.9,0.6,1014.150014
2026-06-25T00:30:00+00:00,16174.55,16175.2,16173.4,16175,16174.3,16174.8,16174.9,16175.5,16173.2,16173.6,16174.8,16175.2,0.4,1017.480008
2026-06-25T00:40:00+00:00,16174.9,16174.95,16170.3,16172.4,16174.6,16175.2,16174.7,16175.2,16170.1,16170.5,16172.2,16172.6,0.4,920.6200117
2026-06-25T00:50:00+00:00,16172.55,16175.05,16169.9,16171.5,16172.4,16172.7,16174.9,16175.2,16169.7,16170.1,16171.3,16171.7,0.4,2596.68004
2026-06-25T01:00:00+00:00,16171.45,16174.45,16171,16171.45,16171.2,16171.7,16174.2,16174.7,16170.8,16171.2,16171.2,16171.7,0.5,2239.260027
2026-06-25T01:10:00+00:00,16171.35,16172.35,16167.25,16167.6,16171.1,16171.6,16172.1,16172.6,16167,16167.5,16167.3,16167.9,0.6,1905.460023
2026-06-25T01:20:00+00:00,16167.75,16168.2,16155.7,16166.85,16167.4,16168.1,16167.9,16168.5,16155.5,16155.9,16166.6,16167.1,0.5,3537.040059
2026-06-25T01:30:00+00:00,16166.8,16168.55,16164,16168.25,16166.5,16167.1,16168.3,16168.8,16163.8,16164.2,16167.9,16168.6,0.7,1345.47002
2026-06-25T01:40:00+00:00,16168.1,16172.2,16166.85,16172.2,16167.9,16168.3,16172,16172.4,16166.6,16167.1,16172,16172.4,0.4,953.0600191
2026-06-25T01:50:00+00:00,16172.05,16173.95,16171.1,16171.55,16171.8,16172.3,16173.8,16174.1,16170.9,16171.3,16171.2,16171.9,0.7,863.3900194
2026-06-25T02:00:00+00:00,16171.6,16172.9,16169.95,16169.95,16171.3,16171.9,16172.7,16173.1,16169.7,16170.2,16169.7,16170.2,0.5,1440.720019
2026-06-25T02:10:00+00:00,16170,16170.45,16167.25,16167.7,16169.8,16170.2,16170.2,16170.7,16167.1,16167.4,16167.5,16167.9,0.4,1116.640013
2026-06-25T02:20:00+00:00,16167.75,16168.15,16166.25,16167.85,16167.4,16168.1,16167.9,16168.4,16166.1,16166.4,16167.6,16168.1,0.5,957.5100166
2026-06-25T02:30:00+00:00,16167.95,16170,16167.95,16168.8,16167.7,16168.2,16169.7,16170.3,16167.7,16168.2,16168.6,16169,0.4,471.4500101
2026-06-25T02:40:00+00:00,16169.2,16171.3,16169.2,16171.25,16169.1,16169.3,16171.1,16171.5,16169.1,16169.3,16171.1,16171.4,0.3,522.6900097
2026-06-25T02:50:00+00:00,16171.3,16172.05,16170.7,16171.3,16171.2,16171.4,16171.9,16172.2,16170.5,16170.9,16171.1,16171.5,0.4,407.7000065
2026-06-25T03:00:00+00:00,16171.5,16172,16169.75,16170.05,16171.2,16171.8,16171.9,16172.1,16169.6,16169.9,16169.9,16170.2,0.3,507.2700104
2026-06-25T03:10:00+00:00,16170,16172.5,16169.85,16171.2,16169.8,16170.2,16172.3,16172.7,16169.7,16170,16171,16171.4,0.4,556.5100118
2026-06-25T03:20:00+00:00,16171,16172.15,16169.75,16171.7,16170.9,16171.1,16171.9,16172.4,16169.6,16169.9,16171.5,16171.9,0.4,421.3600076
2026-06-25T03:30:00+00:00,16171.7,16172,16170.95,16171.6,16171.4,16172,16171.8,16172.2,16170.9,16171,16171.4,16171.8,0.4,262.1000049
2026-06-25T03:40:00+00:00,16171.55,16175.25,16171,16173.2,16171.4,16171.7,16174.9,16175.6,16170.8,16171.2,16173.1,16173.3,0.2,873.580012
2026-06-25T03:50:00+00:00,16173.15,16174.7,16172.05,16172.3,16173.1,16173.2,16174.5,16174.9,16171.8,16172.3,16172.1,16172.5,0.4,1192.290019
2026-06-25T04:00:00+00:00,16172.4,16174,16171.5,16172.25,16172.2,16172.6,16173.8,16174.2,16171.2,16171.8,16172,16172.5,0.5,861.2700163
2026-06-25T04:10:00+00:00,16172.3,16174.15,16172.1,16173.05,16172,16172.6,16173.8,16174.5,16171.8,16172.4,16172.8,16173.3,0.5,544.3500049
2026-06-25T04:20:00+00:00,16172.75,16173.35,16171,16172.5,16172.5,16173,16173.1,16173.6,16170.8,16171.2,16172.3,16172.7,0.4,500.3100078
2026-06-25T04:30:00+00:00,16172.25,16173.3,16171.15,16173.2,16172.1,16172.4,16173,16173.6,16170.9,16171.4,16172.9,16173.5,0.6,348.4900041
2026-06-25T04:40:00+00:00,16173.25,16175.45,16173.15,16174.95,16172.9,16173.6,16175.2,16175.7,16172.8,16173.5,16174.7,16175.2,0.5,441.5200047
2026-06-25T04:50:00+00:00,16174.85,16177.55,16174.65,16176.5,16174.6,16175.1,16177.3,16177.8,16174.4,16174.9,16176.3,16176.7,0.4,497.1600084
2026-06-25T05:00:00+00:00,16176.55,16176.8,16174.65,16174.65,16176.3,16176.8,16176.6,16177,16174.5,16174.8,16174.5,16174.8,0.3,608.8500059
2026-06-25T05:10:00+00:00,16174.7,16176,16174.55,16175.7,16174.5,16174.9,16175.6,16176.4,16174.3,16174.8,16175.4,16176,0.6,597.4800081
2026-06-25T05:20:00+00:00,16175.65,16175.9,16172.85,16173.45,16175.4,16175.9,16175.6,16176.2,16172.6,16173.1,16173.2,16173.7,0.5,727.2700068
2026-06-25T05:30:00+00:00,16173.6,16176.85,16173.55,16176.6,16173.4,16173.8,16176.7,16177,16173.3,16173.8,16176.4,16176.8,0.4,849.880012
2026-06-25T05:40:00+00:00,16176.6,16177.3,16176,16177,16176.4,16176.8,16177,16177.6,16175.8,16176.2,16176.8,16177.2,0.4,495.5500077
2026-06-25T05:50:00+00:00,16176.9,16183.15,16176.85,16182.65,16176.7,16177.1,16183,16183.3,16176.6,16177.1,16182.4,16182.9,0.5,2022.890027
2026-06-25T06:00:00+00:00,16182.2,16184,16178.6,16182.4,16181.9,16182.5,16183.8,16184.2,16178.4,16178.8,16182.3,16182.5,0.2,1239.66002
2026-06-25T06:10:00+00:00,16182.4,16182.95,16179.8,16182.65,16182.2,16182.6,16182.7,16183.2,16179.6,16180,16182.4,16182.9,0.5,1043.450017
2026-06-25T06:20:00+00:00,16182.9,16183.5,16181.1,16183.45,16182.7,16183.1,16183.3,16183.7,16180.9,16181.3,16183.3,16183.6,0.3,1029.250015
2026-06-25T06:30:00+00:00,16183.5,16185.25,16182.6,16183.95,16183.3,16183.7,16185,16185.5,16182.4,16182.8,16183.8,16184.1,0.3,1296.900015
2026-06-25T06:40:00+00:00,16184,16185.1,16182.1,16184.3,16183.8,16184.2,16184.9,16185.3,16181.8,16182.4,16184,16184.6,0.6,756.4800125
2026-06-25T06:50:00+00:00,16184.4,16188.95,16184.4,16188.35,16184.2,16184.6,16188.7,16189.2,16184.2,16184.6,16188.1,16188.6,0.5,2401.300017
2026-06-25T07:00:00+00:00,16188.4,16188.55,16175.55,16184.9,16188.2,16188.6,16188.3,16188.8,16175.4,16175.7,16184.7,16185.1,0.4,3670.380044
2026-06-25T07:10:00+00:00,16184.95,16189.95,16183.15,16186.7,16184.7,16185.2,16189.7,16190.2,16182.9,16183.4,16186.5,16186.9,0.4,2777.000025
2026-06-25T07:20:00+00:00,16186.65,16186.7,16180.8,16182.2,16186.4,16186.9,16186.5,16186.9,16180.6,16181,16182,16182.4,0.4,2486.810038
2026-06-25T07:30:00+00:00,16182.15,16183.55,16180.3,16180.95,16182,16182.3,16183.3,16183.8,16180,16180.6,16180.7,16181.2,0.5,1528.940016
2026-06-25T07:40:00+00:00,16180.95,16185.8,16180.85,16185.45,16180.8,16181.1,16185.6,16186,16180.6,16181.1,16185.3,16185.6,0.3,1008.630017
2026-06-25T07:50:00+00:00,16185.35,16185.45,16180.6,16181.4,16185.1,16185.6,16185.3,16185.6,16180.4,16180.8,16181.2,16181.6,0.4,1505.09002
2026-06-25T08:00:00+00:00,16181.25,16183.5,16179.55,16182.05,16181.1,16181.4,16183.3,16183.7,16179.3,16179.8,16181.8,16182.3,0.5,1761.650023
2026-06-25T08:10:00+00:00,16182.25,16183.45,16179.05,16179.6,16182,16182.5,16183.2,16183.7,16178.8,16179.3,16179.4,16179.8,0.4,1123.600013
2026-06-25T08:20:00+00:00,16179.55,16181.1,16177.4,16179.85,16179.3,16179.8,16180.8,16181.4,16177.2,16177.6,16179.7,16180,0.3,1420.630018
2026-06-25T08:30:00+00:00,16179.9,16180.15,16177.7,16178.65,16179.7,16180.1,16179.9,16180.4,16177.5,16177.9,16178.4,16178.9,0.5,1330.190019
2026-06-25T08:40:00+00:00,16178.7,16180.5,16178.3,16179.9,16178.5,16178.9,16180.3,16180.7,16178.1,16178.5,16179.7,16180.1,0.4,947.0200125
2026-06-25T08:50:00+00:00,16180,16183.6,16179.6,16179.95,16179.9,16180.1,16183.4,16183.8,16179.5,16179.7,16179.8,16180.1,0.3,1592.910029
2026-06-25T09:00:00+00:00,16179.9,16182.65,16179.5,16182.2,16179.7,16180.1,16182.4,16182.9,16179.3,16179.7,16182,16182.4,0.4,1510.470013
2026-06-25T09:10:00+00:00,16182.3,16183.95,16180.9,16183.7,16182.1,16182.5,16183.7,16184.2,16180.7,16181.1,16183.5,16183.9,0.4,908.4500118
2026-06-25T09:20:00+00:00,16183.65,16184.1,16182.25,16183.6,16183.5,16183.8,16183.9,16184.3,16182.1,16182.4,16183.4,16183.8,0.4,751.3500106
2026-06-25T09:30:00+00:00,16183.5,16183.5,16179.9,16181.95,16183.3,16183.7,16183.3,16183.7,16179.7,16180.1,16181.7,16182.2,0.5,1138.410014
2026-06-25T09:40:00+00:00,16181.9,16182.5,16178.85,16182.2,16181.7,16182.1,16182.3,16182.7,16178.6,16179.1,16182,16182.4,0.4,1290.300013
2026-06-25T09:50:00+00:00,16182.15,16182.7,16181.15,16181.55,16181.9,16182.4,16182.5,16182.9,16181,16181.3,16181.3,16181.8,0.5,1091.43001
2026-06-25T10:00:00+00:00,16181.65,16182.2,16180.6,16180.9,16181.4,16181.9,16182.1,16182.3,16180.4,16180.8,16180.7,16181.1,0.4,791.8400092
2026-06-25T10:10:00+00:00,16180.85,16182.5,16180.75,16181.95,16180.7,16181,16182.3,16182.7,16180.6,16180.9,16181.7,16182.2,0.5,484.5000069
2026-06-25T10:20:00+00:00,16181.85,16183.35,16181.85,16183.05,16181.6,16182.1,16183.1,16183.6,16181.6,16182.1,16182.8,16183.3,0.5,431.2500073
2026-06-25T10:30:00+00:00,16183,16183.6,16182.6,16183.6,16182.8,16183.2,16183.4,16183.8,16182.4,16182.8,16183.4,16183.8,0.4,621.3000036
2026-06-25T10:40:00+00:00,16183.55,16185.9,16183.45,16185.85,16183.4,16183.7,16185.7,16186.1,16183.2,16183.7,16185.7,16186,0.3,713.3200102
2026-06-25T10:50:00+00:00,16185.8,16189.65,16185.35,16187.7,16185.7,16185.9,16189.5,16189.8,16185.2,16185.5,16187.5,16187.9,0.4,1491.960016
2026-06-25T11:00:00+00:00,16187.7,16188.8,16186,16187.05,16187.5,16187.9,16188.6,16189,16185.8,16186.2,16186.9,16187.2,0.3,1064.490011
2026-06-25T11:10:00+00:00,16186.65,16189.6,16186.4,16188.7,16186.6,16186.7,16189.5,16189.7,16186.2,16186.6,16188.5,16188.9,0.4,841.8700116
2026-06-25T11:20:00+00:00,16188.6,16190.3,16187.8,16189.75,16188.4,16188.8,16190.1,16190.5,16187.6,16188,16189.5,16190,0.5,879.180011
2026-06-25T11:30:00+00:00,16189.8,16193.9,16188.15,16191.05,16189.6,16190,16193.8,16194,16187.9,16188.4,16190.9,16191.2,0.3,1440.520019
2026-06-25T11:40:00+00:00,16191,16193.85,16188.15,16192.55,16190.8,16191.2,16193.6,16194.1,16188,16188.3,16192.4,16192.7,0.3,1780.070025
2026-06-25T11:50:00+00:00,16192.6,16194.95,16175.2,16186.85,16192.4,16192.8,16194.8,16195.1,16174.9,16175.5,16186.6,16187.1,0.5,4170.930058
2026-06-25T12:00:00+00:00,16186.75,16190.15,16184.7,16185,16186.5,16187,16190,16190.3,16184.5,16184.9,16184.8,16185.2,0.4,1912.310022
2026-06-25T12:10:00+00:00,16184.95,16188.2,16184.75,16186.45,16184.7,16185.2,16188,16188.4,16184.5,16185,16186.3,16186.6,0.3,1098.41002
2026-06-25T12:20:00+00:00,16186.65,16190.05,16186.15,16188.9,16186.5,16186.8,16189.8,16190.3,16186,16186.3,16187.8,16190,2.2,1443.200021
2026-06-25T12:30:00+00:00,16188.8,16189.05,16177.45,16181.55,16187.7,16189.9,16188.1,16190,16177.2,16177.7,16181.2,16181.9,0.7,6081.950092
2026-06-25T12:40:00+00:00,16181.6,16183.35,16177.6,16181.9,16181.4,16181.8,16183.2,16183.5,16177.4,16177.8,16181.7,16182.1,0.4,3301.480047
2026-06-25T12:50:00+00:00,16182.1,16185.05,16181.25,16183.9,16181.9,16182.3,16184.9,16185.2,16181.1,16181.4,16183.7,16184.1,0.4,2470.110036
2026-06-25T13:00:00+00:00,16183.8,16185.25,16179.95,16184.85,16183.6,16184,16185,16185.5,16179.8,16180.1,16184.6,16185.1,0.5,2679.920034
2026-06-25T13:10:00+00:00,16184.75,16185.6,16181.25,16183.5,16184.4,16185.1,16185.5,16185.7,16181.1,16181.4,16183.3,16183.7,0.4,1918.310027
2026-06-25T13:20:00+00:00,16183.4,16183.4,16178.35,16178.4,16183.2,16183.6,16183.2,16183.6,16178.2,16178.5,16178.2,16178.6,0.4,2060.450022
2026-06-25T13:30:00+00:00,16178.5,16180.85,16176.95,16177,16178.3,16178.7,16180.5,16181.2,16176.8,16177.1,16176.9,16177.1,0.2,1719.680031
2026-06-25T13:40:00+00:00,16177.05,16182.25,16176.75,16179.3,16176.9,16177.2,16182.1,16182.4,16176.5,16177,16179.1,16179.5,0.4,2268.340028
2026-06-25T13:50:00+00:00,16179.45,16180.9,16170.35,16174.45,16179.1,16179.8,16180.7,16181.1,16170.2,16170.5,16174.2,16174.7,0.5,3239.800049
2026-06-25T14:00:00+00:00,16174.4,16175.75,16155.95,16169.15,16174.2,16174.6,16175.6,16175.9,16155.7,16156.2,16168.9,16169.4,0.5,4970.630075
2026-06-25T14:10:00+00:00,16169.1,16172.55,16167.6,16171.8,16168.9,16169.3,16172.4,16172.7,16167.3,16167.9,16171.6,16172,0.4,2929.960046
2026-06-25T14:20:00+00:00,16171.85,16176.25,16170.6,16174.6,16171.7,16172,16176,16176.5,16170.4,16170.8,16174.3,16174.9,0.6,3646.660048
2026-06-25T14:30:00+00:00,16174.5,16174.6,16167.65,16167.95,16174.3,16174.7,16174.4,16174.8,16167.5,16167.8,16167.7,16168.2,0.5,2604.720035
2026-06-25T14:40:00+00:00,16167.9,16169.5,16162.7,16162.8,16167.7,16168.1,16169.3,16169.7,16162.6,16162.8,16162.6,16163,0.4,2684.280038
2026-06-25T14:50:00+00:00,16162.85,16168.05,16161.35,16167.85,16162.6,16163.1,16167.7,16168.4,16161.2,16161.5,16167.5,16168.2,0.7,3162.140046
2026-06-25T15:00:00+00:00,16167.95,16168.55,16161.5,16167.7,16167.6,16168.3,16168.3,16168.8,16161.3,16161.7,16167.5,16167.9,0.4,3386.920052
2026-06-25T15:10:00+00:00,16167.65,16171.8,16166.1,16169.9,16167.4,16167.9,16171.6,16172,16165.9,16166.3,16169.6,16170.2,0.6,1830.110037
2026-06-25T15:20:00+00:00,16169.75,16169.8,16162.2,16165,16169.6,16169.9,16169.6,16170,16162,16162.4,16164.8,16165.2,0.4,2150.550037
2026-06-25T15:30:00+00:00,16164.85,16167.7,16163.45,16167.15,16164.6,16165.1,16167.5,16167.9,16163.2,16163.7,16167,16167.3,0.3,1577.910034
2026-06-25T15:40:00+00:00,16167.35,16172.45,16167.25,16169.5,16167.2,16167.5,16172.2,16172.7,16167.1,16167.4,16169.3,16169.7,0.4,2593.960051
2026-06-25T15:50:00+00:00,16169.45,16172.35,16165.8,16167.4,16169.3,16169.6,16172.2,16172.5,16165.7,16165.9,16167.2,16167.6,0.4,2351.200032
2026-06-25T16:00:00+00:00,16167.3,16171.4,16166.05,16170.3,16167.1,16167.5,16171.1,16171.7,16165.8,16166.3,16170.1,16170.5,0.4,1838.810031
2026-06-25T16:10:00+00:00,16170.25,16170.3,16166.35,16168.85,16170.1,16170.4,16170.1,16170.5,16166.1,16166.6,16168.7,16169,0.3,1156.73002
2026-06-25T16:20:00+00:00,16168.9,16169.25,16167.45,16168.85,16168.7,16169.1,16169,16169.5,16167.2,16167.7,16168.6,16169.1,0.5,827.6400071
2026-06-25T16:30:00+00:00,16168.8,16171.6,16168.8,16170.4,16168.6,16169,16171.4,16171.8,16168.6,16169,16170.2,16170.6,0.4,831.3000162
2026-06-25T16:40:00+00:00,16170.35,16173.25,16169.9,16171.55,16170.2,16170.5,16173,16173.5,16169.7,16170.1,16171.4,16171.7,0.3,679.3700114
2026-06-25T16:50:00+00:00,16171.8,16176.8,16171.8,16176.8,16171.7,16171.9,16176.6,16177,16171.7,16171.9,16176.6,16177,0.4,954.0200131
2026-06-25T17:00:00+00:00,16176.9,16177.5,16173.05,16174.6,16176.7,16177.1,16177.3,16177.7,16173,16173.1,16174.4,16174.8,0.4,1126.94002
2026-06-25T17:10:00+00:00,16174.85,16176.45,16174.55,16175.95,16174.8,16174.9,16176.2,16176.7,16174.4,16174.7,16175.7,16176.2,0.5,607.3800106
2026-06-25T17:20:00+00:00,16175.9,16178.25,16175.6,16177.35,16175.7,16176.1,16178.1,16178.4,16175.3,16175.9,16177.2,16177.5,0.3,1001.290013
2026-06-25T17:30:00+00:00,16177.3,16180.65,16177.2,16180.65,16177.1,16177.5,16180.5,16180.8,16177.1,16177.3,16180.5,16180.8,0.3,715.7800125
2026-06-25T17:40:00+00:00,16180.6,16180.9,16179.3,16179.55,16180.4,16180.8,16180.7,16181.1,16179.1,16179.5,16179.4,16179.7,0.3,519.0000082
2026-06-25T17:50:00+00:00,16179.5,16179.55,16175.1,16177.9,16179.4,16179.6,16179.4,16179.7,16174.9,16175.3,16177.7,16178.1,0.4,822.8100152
2026-06-25T18:00:00+00:00,16177.85,16184.3,16177.85,16180.15,16177.7,16178,16184.1,16184.5,16177.7,16178,16179.9,16180.4,0.5,2308.880036
2026-06-25T18:10:00+00:00,16180.05,16180.1,16176.5,16177.6,16179.8,16180.3,16179.9,16180.3,16176.3,16176.7,16177.4,16177.8,0.4,1133.840016
2026-06-25T18:20:00+00:00,16177.5,16177.8,16176.45,16176.55,16177.3,16177.7,16177.6,16178,16176.2,16176.7,16176.4,16176.7,0.3,727.570007
2026-06-25T18:30:00+00:00,16176.6,16179.55,16176.6,16178.5,16176.4,16176.8,16179.5,16179.6,16176.4,16176.8,16178.3,16178.7,0.4,862.7200119
2026-06-25T18:40:00+00:00,16178.6,16181.5,16178.6,16180.85,16178.5,16178.7,16181.3,16181.7,16178.5,16178.7,16180.6,16181.1,0.5,756.6700119
2026-06-25T18:50:00+00:00,16180.8,16180.85,16177.05,16179.4,16180.5,16181.1,16180.6,16181.1,16176.9,16177.2,16179.2,16179.6,0.4,851.110014
2026-06-25T19:00:00+00:00,16179.35,16180.7,16178.55,16179.6,16179.2,16179.5,16180.5,16180.9,16178.3,16178.8,16179.4,16179.8,0.4,757.7200074
2026-06-25T19:10:00+00:00,16179.7,16182.65,16178.55,16179.8,16179.5,16179.9,16182.4,16182.9,16178.4,16178.7,16179.6,16180,0.4,633.6000081
2026-06-25T19:20:00+00:00,16179.6,16179.6,16177.75,16178.35,16179.4,16179.8,16179.4,16179.8,16177.5,16178,16178.2,16178.5,0.3,561.6000047
2026-06-25T19:30:00+00:00,16178.3,16178.35,16175,16175.5,16178.2,16178.4,16178.2,16178.5,16174.8,16175.2,16175.2,16175.8,0.6,460.5300084
2026-06-25T19:40:00+00:00,16175.3,16180.9,16175,16180.65,16175.1,16175.5,16180.7,16181.1,16174.8,16175.2,16180.4,16180.9,0.5,1704.880022
2026-06-25T19:50:00+00:00,16180.55,16182.3,16178.1,16179.1,16180.4,16180.7,16182.1,16182.5,16178,16178.2,16178.9,16179.3,0.4,2318.680019
2026-06-25T20:00:00+00:00,16179.15,16180.85,16177.7,16180.2,16178.9,16179.4,16180.6,16181.1,16177.5,16177.9,16179.9,16180.5,0.6,1604.59002
2026-06-25T20:10:00+00:00,16180.15,16181.6,16179.4,16179.45,16179.9,16180.4,16181.3,16181.9,16179.1,16179.7,16179.2,16179.7,0.5,1017.640017
2026-06-25T20:20:00+00:00,16179.5,16180.9,16179.5,16179.8,16179.3,16179.7,16180.6,16181.2,16179.3,16179.7,16179.5,16180.1,0.6,637.9600084
2026-06-25T20:30:00+00:00,16180.1,16180.95,16179.3,16180.65,16179.9,16180.3,16180.7,16181.2,16179.1,16179.5,16180.4,16180.9,0.5,399.1600075
2026-06-25T20:40:00+00:00,16180.75,16180.75,16179.3,16179.8,16180.5,16181,16180.5,16181,16179,16179.6,16179.5,16180.1,0.6,341.3800082
2026-06-25T20:50:00+00:00,16179.75,16180.95,16178.55,16178.8,16179.5,16180,16180.5,16181.4,16177.8,16179.3,16177.8,16179.8,2,1053.160015
2026-06-25T21:00:00+00:00,16179.25,16180.45,16178,16179.2,16177.7,16180.8,16177.7,16183.2,16175.3,16180.7,16176.1,16182.3,6.2,54.26999944
2026-06-25T21:10:00+00:00,16179.2,16179.2,16175.8,16176.35,16176.1,16182.3,16176.1,16182.3,16174.5,16177.1,16174.7,16178,3.3,138.3900027
2026-06-25T21:20:00+00:00,16176.7,16180.6,16169.35,16180.25,16174.8,16178.6,16179.4,16181.8,16165.2,16173.5,16178.8,16181.7,2.9,379.4700074
2026-06-25T21:30:00+00:00,16180.5,16183.4,16178.75,16178.8,16179.4,16181.6,16181.8,16185,16177.7,16179.8,16177.7,16179.9,2.2,426.4000113
2026-06-25T21:40:00+00:00,16177.75,16183.35,16177.15,16179.9,16175.5,16180,16181.3,16185.4,16175.2,16179.1,16178.1,16181.7,3.6,1229.490031
2026-06-25T21:50:00+00:00,16179.95,16181.65,16173.75,16178.8,16178.2,16181.7,16180,16183.3,16171.2,16176.3,16176,16181.6,5.6,1191.900031
2026-06-25T22:00:00+00:00,16178.9,16180.4,16176.9,16178.65,16176,16181.8,16179,16181.8,16175.9,16177.9,16178.1,16179.2,1.1,528.7499994
2026-06-25T22:10:00+00:00,16178.55,16180.55,16178,16178.85,16178,16179.1,16180.1,16181,16177.4,16178.6,16178.5,16179.2,0.7,308.6500053
2026-06-25T22:20:00+00:00,16178.85,16179,16177.45,16178.8,16178.4,16179.3,16178.7,16179.3,16177.1,16177.8,16178.5,16179.1,0.6,250.1800041
2026-06-25T22:30:00+00:00,16178.75,16178.75,16177.25,16178.15,16178.4,16179.1,16178.4,16179.1,16177,16177.5,16177.9,16178.4,0.5,200.8400041
2026-06-25T22:40:00+00:00,16178.05,16178.65,16177.6,16177.8,16177.7,16178.4,16178.3,16179,16177.3,16177.9,16177.4,16178.2,0.8,82.78000224
2026-06-25T22:50:00+00:00,16177.9,16180.05,16177.4,16178.75,16177.5,16178.3,16179.8,16180.3,16177.1,16177.7,16178.4,16179.1,0.7,862.02001
2026-06-25T23:00:00+00:00,16178.9,16180.15,16176.3,16179.05,16178.6,16179.2,16179.9,16180.4,16176,16176.6,16178.7,16179.4,0.7,735.8000143
2026-06-25T23:10:00+00:00,16179.1,16181.6,16178.85,16181.5,16178.9,16179.3,16181.5,16181.7,16178.5,16179.2,16181.3,16181.7,0.4,362.9100096
2026-06-25T23:20:00+00:00,16181.45,16181.6,16179.85,16179.95,16181.3,16181.6,16181.3,16181.9,16179.5,16180.2,16179.5,16180.4,0.9,585.9900088
2026-06-25T23:30:00+00:00,16180,16181.15,16176.95,16179.8,16179.6,16180.4,16181,16181.3,16176.7,16177.2,16179.6,16180,0.4,403.7800082
2026-06-25T23:40:00+00:00,16179.85,16180.3,16178.8,16179,16179.6,16180.1,16180,16180.6,16178.6,16179,16178.8,16179.2,0.4,452.2300053
2026-06-25T23:50:00+00:00,16178.95,16180.95,16178.8,16180.65,16178.8,16179.1,16180.7,16181.2,16178.6,16179,16180.4,16180.9,0.5,350.4000049
2026-06-26T00:00:00+00:00,16180.5,16181.85,16179.35,16181.7,16180.3,16180.7,16181.7,16182,16179.1,16179.6,16181.4,16182,0.6,966.4100159
2026-06-26T00:10:00+00:00,16181.8,16182.8,16179.7,16181.85,16181.5,16182.1,16182.7,16182.9,16179.5,16179.9,16181.7,16182,0.3,627.590009
2026-06-26T00:20:00+00:00,16181.95,16182.4,16181.5,16182,16181.6,16182.3,16182.3,16182.5,16181.3,16181.7,16181.8,16182.2,0.4,598.0300074
2026-06-26T00:30:00+00:00,16181.95,16183.2,16179.85,16180.35,16181.8,16182.1,16183,16183.4,16179.6,16180.1,16180.1,16180.6,0.5,923.5000131
2026-06-26T00:40:00+00:00,16180.25,16183.2,16180.2,16183.05,16180.1,16180.4,16182.9,16183.5,16180,16180.4,16182.8,16183.3,0.5,753.0900133
2026-06-26T00:50:00+00:00,16183,16184.2,16181.15,16183.3,16182.8,16183.2,16184,16184.4,16180.9,16181.4,16183,16183.6,0.6,1173.850025
2026-06-26T01:00:00+00:00,16183.1,16184.1,16182,16182.25,16182.9,16183.3,16184,16184.2,16181.9,16182.1,16182.1,16182.4,0.3,869.4200188
2026-06-26T01:10:00+00:00,16182.05,16183.35,16181.05,16183.25,16181.9,16182.2,16183.2,16183.5,16180.9,16181.2,16183.1,16183.4,0.3,735.3900117
2026-06-26T01:20:00+00:00,16183.35,16184.45,16182.65,16184.3,16183.2,16183.5,16184.3,16184.6,16182.4,16182.9,16184.2,16184.4,0.2,352.4700073
2026-06-26T01:30:00+00:00,16184.3,16184.9,16182.65,16182.9,16184.2,16184.4,16184.7,16185.1,16182.5,16182.8,16182.7,16183.1,0.4,750.1500118
2026-06-26T01:40:00+00:00,16182.95,16184.45,16182.45,16184.15,16182.8,16183.1,16184.2,16184.7,16182.2,16182.7,16183.9,16184.4,0.5,648.4900095
2026-06-26T01:50:00+00:00,16184.1,16184.5,16179.2,16180.55,16183.9,16184.3,16184.2,16184.8,16179,16179.4,16180.3,16180.8,0.5,776.7500104
2026-06-26T02:00:00+00:00,16180.65,16181.1,16178.4,16180.6,16180.4,16180.9,16180.9,16181.3,16178.2,16178.6,16180.4,16180.8,0.4,654.53001
2026-06-26T02:10:00+00:00,16180.55,16180.65,16179,16180.45,16180.4,16180.7,16180.5,16180.8,16178.8,16179.2,16180.3,16180.6,0.3,998.850011
2026-06-26T02:20:00+00:00,16180.35,16181.8,16179.55,16181,16180.1,16180.6,16181.4,16182.2,16179.4,16179.7,16180.8,16181.2,0.4,702.2400115
2026-06-26T02:30:00+00:00,16180.95,16180.95,16178.35,16179.1,16180.7,16181.2,16180.7,16181.2,16178.1,16178.6,16178.9,16179.3,0.4,507.3100082
2026-06-26T02:40:00+00:00,16179.15,16180.5,16177.85,16179.65,16179,16179.3,16180.2,16180.8,16177.6,16178.1,16179.4,16179.9,0.5,885.600015
2026-06-26T02:50:00+00:00,16179.6,16179.65,16177.2,16177.7,16179.4,16179.8,16179.4,16179.9,16177,16177.4,16177.5,16177.9,0.4,1056.080014
2026-06-26T03:00:00+00:00,16177.75,16177.95,16173.55,16175.5,16177.6,16177.9,16177.7,16178.2,16173.4,16173.7,16175.3,16175.7,0.4,1761.920024
2026-06-26T03:10:00+00:00,16175.45,16175.8,16172.65,16173.8,16175.2,16175.7,16175.6,16176,16172.5,16172.8,16173.5,16174.1,0.6,996.0700127
2026-06-26T03:20:00+00:00,16173.85,16174.65,16172.6,16173.05,16173.6,16174.1,16174.4,16174.9,16172.5,16172.7,16172.8,16173.3,0.5,655.8000085
2026-06-26T03:30:00+00:00,16173,16173.65,16169.5,16171.55,16172.8,16173.2,16173.4,16173.9,16169.2,16169.8,16171.3,16171.8,0.5,1227.000016
2026-06-26T03:40:00+00:00,16171.45,16171.45,16162.35,16164.95,16171.2,16171.7,16171.2,16171.7,16162.1,16162.6,16164.7,16165.2,0.5,1878.270024
2026-06-26T03:50:00+00:00,16165.05,16167.5,16162.6,16165.15,16164.9,16165.2,16167.4,16167.6,16162.4,16162.8,16164.9,16165.4,0.5,1462.940023
2026-06-26T04:00:00+00:00,16165.3,16168.45,16164,16164.45,16165.1,16165.5,16168.2,16168.7,16163.8,16164.2,16164.3,16164.6,0.3,1602.370022
2026-06-26T04:10:00+00:00,16164.7,16165.6,16159.6,16165.1,16164.4,16165,16165.4,16165.8,16159.4,16159.8,16164.9,16165.3,0.4,1418.150032
2026-06-26T04:20:00+00:00,16165.15,16165.5,16156.75,16160.1,16164.9,16165.4,16165.2,16165.8,16156.5,16157,16159.9,16160.3,0.4,1062.010017
2026-06-26T04:30:00+00:00,16160.05,16162,16157.7,16160.55,16159.8,16160.3,16161.7,16162.3,16157.4,16158,16160.4,16160.7,0.3,1240.830024
2026-06-26T04:40:00+00:00,16160.45,16165.25,16159,16165.1,16160.2,16160.7,16165,16165.5,16158.8,16159.2,16164.8,16165.4,0.6,1486.710025
2026-06-26T04:50:00+00:00,16164.85,16165.65,16162.7,16162.9,16164.6,16165.1,16165.4,16165.9,16162.6,16162.8,16162.7,16163.1,0.4,843.0000119
2026-06-26T05:00:00+00:00,16162.95,16164.4,16161.7,16162.45,16162.7,16163.2,16164.2,16164.6,16161.5,16161.9,16162.2,16162.7,0.5,719.6200113
2026-06-26T05:10:00+00:00,16162.4,16163.9,16161.45,16162.4,16162.2,16162.6,16163.7,16164.1,16161.3,16161.6,16162.2,16162.6,0.4,889.4200093
2026-06-26T05:20:00+00:00,16162.45,16163.7,16159.65,16160.45,16162.3,16162.6,16163.5,16163.9,16159.4,16159.9,16160.2,16160.7,0.5,1237.140013
2026-06-26T05:30:00+00:00,16160.75,16162.6,16160.6,16161.4,16160.7,16160.8,16162.4,16162.8,16160.4,16160.8,16161.2,16161.6,0.4,1185.750013
2026-06-26T05:40:00+00:00,16161.35,16161.4,16154.3,16158.65,16161.2,16161.5,16161.2,16161.6,16154.1,16154.5,16158.4,16158.9,0.5,1668.390018
2026-06-26T05:50:00+00:00,16158.65,16159.5,16153.95,16154.35,16158.4,16158.9,16159.3,16159.7,16153.8,16154.1,16154.1,16154.6,0.5,1406.790018
2026-06-26T06:00:00+00:00,16154.45,16164.1,16153.35,16162.1,16154.3,16154.6,16163.9,16164.3,16153.1,16153.6,16161.9,16162.3,0.4,2260.87003
2026-06-26T06:10:00+00:00,16162,16165.15,16159.8,16163.7,16161.8,16162.2,16164.9,16165.4,16159.6,16160,16163.5,16163.9,0.4,1475.850028
2026-06-26T06:20:00+00:00,16163.55,16168.65,16162.3,16167.55,16163.4,16163.7,16168.4,16168.9,16162.2,16162.4,16167.3,16167.8,0.5,1173.140022
2026-06-26T06:30:00+00:00,16167.65,16170.25,16162.75,16169.75,16167.3,16168,16170.1,16170.4,16162.5,16163,16169.6,16169.9,0.3,1501.890016
2026-06-26T06:40:00+00:00,16169.7,16173,16168.6,16172.65,16169.5,16169.9,16172.8,16173.2,16168.3,16168.9,16172.4,16172.9,0.5,1278.750018
2026-06-26T06:50:00+00:00,16172.8,16174.85,16170,16171.75,16172.6,16173,16174.7,16175,16169.8,16170.2,16171.5,16172,0.5,2134.810031
2026-06-26T07:00:00+00:00,16171.7,16172.7,16167.45,16167.75,16171.5,16171.9,16172.5,16172.9,16167.2,16167.7,16167.5,16168,0.5,2469.090036
2026-06-26T07:10:00+00:00,16167.7,16167.85,16164.3,16166.15,16167.5,16167.9,16167.6,16168.1,16164,16164.6,16165.9,16166.4,0.5,1552.850018
2026-06-26T07:20:00+00:00,16166.3,16170.85,16166.3,16169.2,16166.1,16166.5,16170.7,16171,16166.1,16166.5,16169,16169.4,0.4,1106.100017
2026-06-26T07:30:00+00:00,16169.3,16170.5,16162.3,16162.3,16169.1,16169.5,16170.3,16170.7,16162.1,16162.5,16162.1,16162.5,0.4,1234.160023
2026-06-26T07:40:00+00:00,16162.4,16166.4,16162.05,16164.7,16162.3,16162.5,16166.3,16166.5,16161.9,16162.2,16164.5,16164.9,0.4,1345.200012
2026-06-26T07:50:00+00:00,16164.8,16165.65,16162.2,16162.65,16164.7,16164.9,16165.5,16165.8,16162.1,16162.3,16162.5,16162.8,0.3,1846.650022
2026-06-26T08:00:00+00:00,16162.7,16163.75,16153.75,16155.6,16162.5,16162.9,16163.5,16164,16153.5,16154,16155.4,16155.8,0.4,2744.570032
2026-06-26T08:10:00+00:00,16155.75,16160.35,16155.7,16158.15,16155.5,16156,16160.1,16160.6,16155.4,16156,16157.9,16158.4,0.5,2606.070037
2026-06-26T08:20:00+00:00,16158.35,16160.1,16156,16158.5,16158.2,16158.5,16159.9,16160.3,16155.8,16156.2,16158.4,16158.6,0.2,1963.92003
2026-06-26T08:30:00+00:00,16158.65,16165.75,16158.5,16163.4,16158.5,16158.8,16165.5,16166,16158.4,16158.6,16163.2,16163.6,0.4,1928.77003
2026-06-26T08:40:00+00:00,16163.45,16164.7,16159.15,16162.75,16163.2,16163.7,16164.5,16164.9,16159,16159.3,16162.6,16162.9,0.3,1316.010031
2026-06-26T08:50:00+00:00,16162.65,16162.65,16156.75,16158.9,16162.5,16162.8,16162.5,16162.8,16156.5,16157,16158.7,16159.1,0.4,1267.19002
2026-06-26T09:00:00+00:00,16158.8,16159.85,16154.5,16156.45,16158.6,16159,16159.6,16160.1,16154.3,16154.7,16156.2,16156.7,0.5,1196.970014
2026-06-26T09:10:00+00:00,16156.35,16159.35,16154.8,16158.75,16156.2,16156.5,16159.1,16159.6,16154.6,16155,16158.6,16158.9,0.3,1542.350032
2026-06-26T09:20:00+00:00,16158.7,16162.55,16158.65,16159.3,16158.5,16158.9,16162.3,16162.8,16158.5,16158.8,16159.1,16159.5,0.4,1350.450029
2026-06-26T09:30:00+00:00,16159.25,16162.5,16158.4,16159.45,16159.1,16159.4,16162.3,16162.7,16158.2,16158.6,16159.1,16159.8,0.7,896.0000156
2026-06-26T09:40:00+00:00,16159.4,16159.4,16153.35,16155.55,16159.2,16159.6,16159.2,16159.6,16153.1,16153.6,16155.4,16155.7,0.3,1711.840021
2026-06-26T09:50:00+00:00,16155.4,16161,16153.9,16160.85,16155.2,16155.6,16160.8,16161.2,16153.7,16154.1,16160.6,16161.1,0.5,1991.650033
2026-06-26T10:00:00+00:00,16160.95,16161.25,16157.05,16158.3,16160.8,16161.1,16161,16161.5,16156.9,16157.2,16158.1,16158.5,0.4,1379.220024
2026-06-26T10:10:00+00:00,16158.4,16162.75,16158.3,16162.55,16158.2,16158.6,16162.5,16163,16158.1,16158.5,16162.3,16162.8,0.5,714.0000108
2026-06-26T10:20:00+00:00,16162.6,16164.25,16160.6,16160.6,16162.4,16162.8,16164.1,16164.4,16160.5,16160.7,16160.5,16160.7,0.2,567.0000105
2026-06-26T10:30:00+00:00,16160.55,16160.85,16158.75,16160.1,16160.4,16160.7,16160.7,16161,16158.6,16158.9,16159.8,16160.4,0.6,869.9600146
2026-06-26T10:40:00+00:00,16160.15,16163.3,16159.55,16162.5,16159.9,16160.4,16163.1,16163.5,16159.5,16159.6,16162.4,16162.6,0.2,844.1700152
2026-06-26T10:50:00+00:00,16162.55,16163,16161.2,16161.95,16162.4,16162.7,16162.8,16163.2,16161,16161.4,16161.8,16162.1,0.3,762.7200084
2026-06-26T11:00:00+00:00,16161.85,16163.85,16160.85,16163.4,16161.7,16162,16163.7,16164,16160.6,16161.1,16163.2,16163.6,0.4,858.2000121
2026-06-26T11:10:00+00:00,16163.5,16164.7,16161.75,16162.2,16163.3,16163.7,16164.6,16164.8,16161.6,16161.9,16162.1,16162.3,0.2,1130.670013
2026-06-26T11:20:00+00:00,16162.3,16163.4,16161.25,16161.95,16162.2,16162.4,16163.2,16163.6,16161.1,16161.4,16161.8,16162.1,0.3,851.8700155
2026-06-26T11:30:00+00:00,16162,16164.9,16161.85,16164.1,16161.9,16162.1,16164.7,16165.1,16161.7,16162,16163.9,16164.3,0.4,731.1000062
2026-06-26T11:40:00+00:00,16164.15,16167.05,16163.25,16167.05,16164,16164.3,16166.9,16167.2,16163.1,16163.4,16166.9,16167.2,0.3,758.7000105
2026-06-26T11:50:00+00:00,16167.25,16168.15,16166.3,16166.5,16167,16167.5,16168,16168.3,16166,16166.6,16166.2,16166.8,0.6,1563.03002
2026-06-26T12:00:00+00:00,16166.4,16166.8,16164.35,16164.85,16166.2,16166.6,16166.7,16166.9,16164.1,16164.6,16164.6,16165.1,0.5,1946.510023
2026-06-26T12:10:00+00:00,16164.9,16166.25,16163.9,16165.1,16164.7,16165.1,16166,16166.5,16163.7,16164.1,16164.9,16165.3,0.4,1099.720016
2026-06-26T12:20:00+00:00,16165.05,16168.1,16165.05,16167.25,16164.8,16165.3,16167.9,16168.3,16164.8,16165.3,16167,16167.5,0.5,2134.870023
2026-06-26T12:30:00+00:00,16167.45,16169.15,16166.5,16168.95,16167.2,16167.7,16168.9,16169.4,16166.3,16166.7,16168.7,16169.2,0.5,1405.740015
2026-06-26T12:40:00+00:00,16169.05,16170.5,16168.5,16169.7,16168.8,16169.3,16170.3,16170.7,16168.4,16168.6,16169.5,16169.9,0.4,1001.630015
2026-06-26T12:50:00+00:00,16169.9,16169.9,16164.85,16165.85,16169.7,16170.1,16169.7,16170.1,16164.6,16165.1,16165.6,16166.1,0.5,4038.500051
2026-06-26T13:00:00+00:00,16165.8,16168.25,16163.35,16166.4,16165.6,16166,16168.1,16168.4,16163.2,16163.5,16166.2,16166.6,0.4,8855.800081
2026-06-26T13:10:00+00:00,16166.35,16172.25,16165.2,16170.25,16166.2,16166.5,16172.1,16172.4,16165,16165.4,16170.1,16170.4,0.3,7917.300099
2026-06-26T13:20:00+00:00,16170.3,16170.6,16164.05,16165.5,16170.2,16170.4,16170.4,16170.8,16163.9,16164.2,16165.4,16165.6,0.2,6206.220075
2026-06-26T13:30:00+00:00,16165.6,16167.2,16163.7,16164.75,16165.4,16165.8,16167,16167.4,16163.6,16163.8,16164.6,16164.9,0.3,5813.530075
2026-06-26T13:40:00+00:00,16164.8,16165.85,16162.15,16165.65,16164.7,16164.9,16165.7,16166,16162,16162.3,16165.5,16165.8,0.3,6255.01008
2026-06-26T13:50:00+00:00,16165.7,16168.9,16162.55,16163.2,16165.6,16165.8,16168.7,16169.1,16162.3,16162.8,16162.7,16163.7,1,4895.560061
2026-06-26T14:00:00+00:00,16163.1,16164.6,16160.6,16162.5,16162.7,16163.5,16164.4,16164.8,16160.4,16160.8,16162.3,16162.7,0.4,6096.870065
2026-06-26T14:10:00+00:00,16162.45,16163.35,16158.95,16160.15,16162.2,16162.7,16163.2,16163.5,16158.8,16159.1,16160,16160.3,0.3,4109.160039
2026-06-26T14:20:00+00:00,16160.1,16162.15,16157.9,16161.55,16160,16160.2,16162,16162.3,16157.7,16158.1,16161.4,16161.7,0.3,4191.260044
2026-06-26T14:30:00+00:00,16161.6,16162.4,16160.2,16161.1,16161.4,16161.8,16162.2,16162.6,16160.1,16160.3,16160.9,16161.3,0.4,3687.780045
2026-06-26T14:40:00+00:00,16161.15,16164.1,16159.35,16161.5,16161,16161.3,16163.9,16164.3,16159.3,16159.4,16161.3,16161.7,0.4,4265.550046
2026-06-26T14:50:00+00:00,16161.45,16174.15,16161.4,16172.7,16161.3,16161.6,16174,16174.3,16161.2,16161.6,16172.6,16172.8,0.2,9835.140103
2026-06-26T15:00:00+00:00,16172.55,16174.8,16167.5,16168.4,16172.3,16172.8,16174.6,16175,16167.4,16167.6,16168.3,16168.5,0.2,8829.760072
2026-06-26T15:10:00+00:00,16168.55,16168.8,16164.1,16167.5,16168.4,16168.7,16168.6,16169,16163.8,16164.4,16167.3,16167.7,0.4,5329.050052
2026-06-26T15:20:00+00:00,16167.55,16167.8,16164.6,16166.1,16167.3,16167.8,16167.6,16168,16164.4,16164.8,16165.9,16166.3,0.4,4903.890063
2026-06-26T15:30:00+00:00,16166.15,16167.5,16164.7,16165.85,16165.9,16166.4,16167.3,16167.7,16164.5,16164.9,16165.7,16166,0.3,4383.450044
2026-06-26T15:40:00+00:00,16165.8,16166.2,16163.5,16164.9,16165.5,16166.1,16166.1,16166.3,16163.3,16163.7,16164.7,16165.1,0.4,3899.280048
2026-06-26T15:50:00+00:00,16164.85,16172.6,16164.8,16167.25,16164.6,16165.1,16172.4,16172.8,16164.6,16165,16167,16167.5,0.5,9157.330085
2026-06-26T16:00:00+00:00,16167.2,16168.95,16166.2,16168.9,16166.9,16167.5,16168.7,16169.2,16166,16166.4,16168.6,16169.2,0.6,4265.400047
2026-06-26T16:10:00+00:00,16168.95,16170.5,16168.9,16169.9,16168.7,16169.2,16170.2,16170.8,16168.7,16169.1,16169.7,16170.1,0.4,2034.01003
2026-06-26T16:20:00+00:00,16169.85,16174.75,16169.25,16173.65,16169.6,16170.1,16174.5,16175,16169,16169.5,16173.5,16173.8,0.3,3843.420045
2026-06-26T16:30:00+00:00,16173.7,16177.2,16171.55,16174.85,16173.6,16173.8,16177,16177.4,16171.4,16171.7,16174.6,16175.1,0.5,3782.470044
2026-06-26T16:40:00+00:00,16174.9,16174.9,16172.5,16174.25,16174.7,16175.1,16174.7,16175.1,16172.3,16172.7,16174,16174.5,0.5,3448.290044
2026-06-26T16:50:00+00:00,16174.45,16176.7,16174.25,16175.65,16174.3,16174.6,16176.6,16176.8,16174,16174.5,16175.4,16175.9,0.5,3083.990041
2026-06-26T17:00:00+00:00,16175.5,16176.75,16173.1,16173.85,16175.3,16175.7,16176.7,16176.8,16173,16173.2,16173.7,16174,0.3,3148.150035
2026-06-26T17:10:00+00:00,16173.9,16175.15,16173.65,16175,16173.8,16174,16175,16175.3,16173.5,16173.8,16174.8,16175.2,0.4,3477.480022
2026-06-26T17:20:00+00:00,16174.9,16175.2,16173.4,16174.45,16174.8,16175,16175,16175.4,16173.2,16173.6,16174.2,16174.7,0.5,4089.600042
2026-06-26T17:30:00+00:00,16174.4,16176.55,16174,16175.5,16174.2,16174.6,16176.3,16176.8,16173.7,16174.3,16175.3,16175.7,0.4,4190.34005
2026-06-26T17:40:00+00:00,16175.55,16176.4,16174.1,16175.15,16175.3,16175.8,16176.1,16176.7,16173.9,16174.3,16175,16175.3,0.3,2227.500023
2026-06-26T17:50:00+00:00,16175.1,16177.8,16174.2,16177.2,16174.9,16175.3,16177.6,16178,16174,16174.4,16177,16177.4,0.4,3267.660029
2026-06-26T18:00:00+00:00,16177.15,16177.75,16174.9,16175.55,16177,16177.3,16177.5,16178,16174.7,16175.1,16175.4,16175.7,0.3,2994.640024
2026-06-26T18:10:00+00:00,16175.65,16176.85,16174.55,16175.65,16175.4,16175.9,16176.7,16177,16174.4,16174.7,16175.5,16175.8,0.3,3392.010027
2026-06-26T18:20:00+00:00,16175.6,16175.7,16173.3,16173.8,16175.5,16175.7,16175.5,16175.9,16173.1,16173.5,16173.6,16174,0.4,2478.590019
2026-06-26T18:30:00+00:00,16173.7,16173.7,16171.9,16173.1,16173.5,16173.9,16173.5,16173.9,16171.7,16172.1,16172.9,16173.3,0.4,2564.770033
2026-06-26T18:40:00+00:00,16173.15,16174.85,16172.5,16172.85,16172.9,16173.4,16174.7,16175,16172.3,16172.7,16172.7,16173,0.3,2054.060017
2026-06-26T18:50:00+00:00,16172.9,16174.05,16171.2,16173.75,16172.7,16173.1,16173.9,16174.2,16171,16171.4,16173.5,16174,0.5,2407.550035
2026-06-26T19:00:00+00:00,16174,16174.65,16171.7,16171.9,16173.9,16174.1,16174.5,16174.8,16171.5,16171.9,16171.7,16172.1,0.4,3635.550038
2026-06-26T19:10:00+00:00,16171.95,16173.3,16171.9,16173.1,16171.7,16172.2,16173.1,16173.5,16171.7,16172.1,16172.9,16173.3,0.4,1548.270023
2026-06-26T19:20:00+00:00,16173.2,16174.15,16172.7,16174.1,16173,16173.4,16174,16174.3,16172.5,16172.9,16174,16174.2,0.2,514.5000083
2026-06-26T19:30:00+00:00,16174.05,16175.2,16173.1,16175.1,16173.9,16174.2,16175,16175.4,16172.9,16173.3,16174.9,16175.3,0.4,1266.03002
2026-06-26T19:40:00+00:00,16175.15,16176,16173.8,16173.85,16174.9,16175.4,16175.7,16176.3,16173.6,16174,16173.7,16174,0.3,896.0400107
2026-06-26T19:50:00+00:00,16173.9,16176.5,16171.2,16175.8,16173.7,16174.1,16176.2,16176.8,16171,16171.4,16175.5,16176.1,0.6,4370.340044
2026-06-26T20:00:00+00:00,16175.6,16176.75,16174.55,16175.35,16175.5,16175.7,16176.5,16177,16174.3,16174.8,16175,16175.7,0.7,2538.140023
2026-06-26T20:10:00+00:00,16175.1,16177.95,16174.9,16175.8,16174.8,16175.4,16177.6,16178.3,16174.6,16175.2,16175.5,16176.1,0.6,1523.470016
2026-06-26T20:20:00+00:00,16175.85,16176.7,16173.05,16174.4,16175.6,16176.1,16176.4,16177,16172.8,16173.3,16174.1,16174.7,0.6,2260.860015
2026-06-26T20:30:00+00:00,16174.25,16177.75,16173.05,16176.55,16174,16174.5,16177.5,16178,16172.8,16173.3,16176.2,16176.9,0.7,5087.480027
2026-06-26T20:40:00+00:00,16176.45,16177.4,16173.7,16174.45,16176.1,16176.8,16177.1,16177.7,16173.2,16174.2,16174.1,16174.8,0.7,1873.120023
2026-06-26T20:50:00+00:00,16174.55,16177.75,16171.8,16173.75,16174.1,16175,16177,16178.5,16169.1,16174.5,16169.2,16178.3,9.1,1218.980024
2026-06-28T21:00:00+00:00,16173.8,16176.25,16171.6,16174.05,16167.6,16180,16172.3,16180.2,16167.5,16175.7,16172,16176.1,4.1,19.50000036
2026-06-28T21:10:00+00:00,16174.15,16175.45,16173.7,16175.15,16172.2,16176.1,16172.9,16178,16171.5,16175.9,16172.8,16177.5,4.7,95.96000123
2026-06-28T21:20:00+00:00,16174.85,16175.25,16174.8,16174.85,16172.2,16177.5,16172.9,16177.6,16172.2,16177.4,16172.2,16177.5,5.3,25.31999981
2026-06-28T21:30:00+00:00,16174.85,16180.15,16172.85,16173.7,16172.2,16177.5,16179.4,16180.9,16171.2,16174.5,16171.9,16175.5,3.6,186.1100034
2026-06-28T21:40:00+00:00,16173.1,16180.85,16173.05,16177.5,16171.5,16174.7,16179.3,16182.4,16171.5,16174.6,16173.4,16181.6,8.2,166.5000016
2026-06-28T21:50:00+00:00,16177.3,16181.45,16176.95,16181.15,16173.4,16181.2,16179.7,16183.2,16173.3,16180.6,16179.7,16182.6,2.9,120.1500005
2026-06-28T22:00:00+00:00,16183.25,16188.55,16175.15,16176.1,16182.8,16183.7,16187.4,16189.7,16174.7,16175.6,16175.8,16176.4,0.6,2587.469996
2026-06-28T22:10:00+00:00,16176.15,16179.65,16176.05,16179.2,16176,16176.3,16179.3,16180,16175.8,16176.3,16179,16179.4,0.4,1323.450011
2026-06-28T22:20:00+00:00,16179.25,16180.35,16178,16179.15,16179,16179.5,16180.1,16180.6,16177.8,16178.2,16179,16179.3,0.3,705.7900081
2026-06-28T22:30:00+00:00,16179.05,16180.5,16178.1,16180.35,16178.8,16179.3,16180.2,16180.8,16177.8,16178.4,16180.1,16180.6,0.5,1380.670016
2026-06-28T22:40:00+00:00,16180.85,16181,16178.1,16178.25,16180.6,16181.1,16180.7,16181.3,16177.8,16178.4,16178,16178.5,0.5,1178.64001
2026-06-28T22:50:00+00:00,16178.2,16180.9,16178.1,16179.35,16177.9,16178.5,16180.6,16181.2,16177.8,16178.4,16178.9,16179.8,0.9,1819.350015
2026-06-28T23:00:00+00:00,16178.9,16179.6,16177.75,16178.6,16178.7,16179.1,16179.3,16179.9,16177.4,16178.1,16178.3,16178.9,0.6,3715.44001
2026-06-28T23:10:00+00:00,16178.9,16179.8,16178.25,16179.7,16178.8,16179,16179.5,16180.1,16178,16178.5,16179.4,16180,0.6,2116.410026
2026-06-28T23:20:00+00:00,16179.55,16179.85,16179.05,16179.4,16179.3,16179.8,16179.6,16180.1,16178.8,16179.3,16179.1,16179.7,0.6,1941.600016
2026-06-28T23:30:00+00:00,16179.55,16180.8,16178.6,16180.7,16179.3,16179.8,16180.6,16181,16178.4,16178.8,16180.5,16180.9,0.4,1501.140013
2026-06-28T23:40:00+00:00,16180.75,16180.95,16177.9,16179.35,16180.6,16180.9,16180.7,16181.2,16177.7,16178.1,16179,16179.7,0.7,1780.90002
2026-06-28T23:50:00+00:00,16179.3,16180.75,16179.2,16179.55,16179,16179.6,16180.5,16181,16178.9,16179.5,16179.4,16179.7,0.3,1872.070019
2026-06-29T00:00:00+00:00,16179.6,16179.6,16174.35,16174.9,16179.4,16179.8,16179.4,16179.8,16174.1,16174.6,16174.7,16175.1,0.4,5149.01006
2026-06-29T00:10:00+00:00,16174.85,16175.55,16172.7,16175.4,16174.6,16175.1,16175.3,16175.8,16172.5,16172.9,16175.2,16175.6,0.4,2935.08003
2026-06-29T00:20:00+00:00,16175.3,16178.95,16174.9,16176.95,16175.1,16175.5,16178.7,16179.2,16174.7,16175.1,16176.7,16177.2,0.5,3584.96005
2026-06-29T00:30:00+00:00,16176.8,16177.25,16173.9,16174.6,16176.6,16177,16177,16177.5,16173.7,16174.1,16174.4,16174.8,0.4,1765.90002
2026-06-29T00:40:00+00:00,16174.4,16175.95,16174.05,16175.8,16174.2,16174.6,16175.8,16176.1,16173.8,16174.3,16175.5,16176.1,0.6,1607.070014
2026-06-29T00:50:00+00:00,16175.8,16177,16171.9,16176.1,16175.6,16176,16176.9,16177.1,16171.8,16172,16175.9,16176.3,0.4,3472.350045
2026-06-29T01:00:00+00:00,16176.05,16177.5,16174.65,16176.55,16175.9,16176.2,16177.3,16177.7,16174.4,16174.9,16176.3,16176.8,0.5,2217.510023
2026-06-29T01:10:00+00:00,16176.35,16176.35,16173.5,16175,16176.2,16176.5,16176.2,16176.5,16173.3,16173.7,16174.7,16175.3,0.6,3172.950034
2026-06-29T01:20:00+00:00,16175.1,16177.75,16174.1,16177.1,16175,16175.2,16177.6,16177.9,16173.9,16174.3,16176.9,16177.3,0.4,3636.370045
2026-06-29T01:30:00+00:00,16177.05,16177.15,16175.35,16176.7,16176.9,16177.2,16177,16177.3,16175.2,16175.5,16176.5,16176.9,0.4,1235.550021
2026-06-29T01:40:00+00:00,16176.65,16178.25,16176,16177.8,16176.5,16176.8,16178,16178.5,16175.8,16176.2,16177.6,16178,0.4,1696.65002
2026-06-29T01:50:00+00:00,16177.75,16179.4,16177.5,16179,16177.6,16177.9,16179.2,16179.6,16177.4,16177.6,16178.8,16179.2,0.4,1883.680025
2026-06-29T02:00:00+00:00,16179.15,16179.25,16174.45,16175.35,16179,16179.3,16179,16179.5,16174.3,16174.6,16175.2,16175.5,0.3,1984.240023
2026-06-29T02:10:00+00:00,16175.3,16176,16174.1,16174.3,16175.1,16175.5,16175.8,16176.2,16173.9,16174.3,16174.1,16174.5,0.4,1932.30002
2026-06-29T02:20:00+00:00,16174.35,16176.3,16173.3,16176.05,16174.2,16174.5,16176.1,16176.5,16173.2,16173.4,16175.9,16176.2,0.3,1573.110021
2026-06-29T02:30:00+00:00,16176.2,16178.4,16175.95,16177.65,16176,16176.4,16178.3,16178.5,16175.7,16176.2,16177.5,16177.8,0.3,2284.090025
2026-06-29T02:40:00+00:00,16177.7,16178.3,16176.7,16178,16177.6,16177.8,16178.2,16178.4,16176.5,16176.9,16177.8,16178.2,0.4,1685.470019
2026-06-29T02:50:00+00:00,16178.05,16179.15,16177.85,16178.8,16177.9,16178.2,16178.9,16179.4,16177.6,16178.1,16178.5,16179.1,0.6,2520.760021
2026-06-29T03:00:00+00:00,16178.7,16179.35,16178.05,16178.65,16178.4,16179,16179.1,16179.6,16177.9,16178.2,16178.4,16178.9,0.5,3271.950031
2026-06-29T03:10:00+00:00,16178.7,16179.15,16177.8,16178,16178.5,16178.9,16179,16179.3,16177.6,16178,16177.8,16178.2,0.4,779.1000121
2026-06-29T03:20:00+00:00,16178,16178.6,16177.65,16177.95,16177.8,16178.2,16178.4,16178.8,16177.5,16177.8,16177.8,16178.1,0.3,1411.600026
2026-06-29T03:30:00+00:00,16178,16178.85,16177.45,16178.6,16177.9,16178.1,16178.7,16179,16177.2,16177.7,16178.4,16178.8,0.4,680.4600102
2026-06-29T03:40:00+00:00,16178.55,16178.8,16177.5,16178.4,16178.4,16178.7,16178.6,16179,16177.4,16177.6,16178.2,16178.6,0.4,1847.370024
2026-06-29T03:50:00+00:00,16178.3,16179.75,16178.25,16179.75,16178.2,16178.4,16179.6,16179.9,16178.1,16178.4,16179.6,16179.9,0.3,762.3300123
2026-06-29T04:00:00+00:00,16179.7,16179.7,16178.65,16179.35,16179.6,16179.8,16179.6,16179.8,16178.4,16178.9,16179.1,16179.6,0.5,927.1500106
2026-06-29T04:10:00+00:00,16179.4,16180.4,16178.95,16180.25,16179.2,16179.6,16180.1,16180.7,16178.7,16179.2,16180,16180.5,0.5,1982.68002
2026-06-29T04:20:00+00:00,16180.3,16181.4,16179.65,16181.25,16180.1,16180.5,16181.2,16181.6,16179.5,16179.8,16181.1,16181.4,0.3,1160.120015
2026-06-29T04:30:00+00:00,16181.15,16181.45,16180.35,16180.65,16181,16181.3,16181.3,16181.6,16180.2,16180.5,16180.5,16180.8,0.3,1015.500013
2026-06-29T04:40:00+00:00,16180.7,16180.8,16179.3,16179.7,16180.6,16180.8,16180.6,16181,16179.1,16179.5,16179.5,16179.9,0.4,1171.200014
2026-06-29T04:50:00+00:00,16179.75,16181.6,16179.7,16181.4,16179.6,16179.9,16181.4,16181.8,16179.5,16179.9,16181.2,16181.6,0.4,1317.030017
2026-06-29T05:00:00+00:00,16181.45,16181.65,16179.7,16180.35,16181.2,16181.7,16181.4,16181.9,16179.5,16179.9,16180.1,16180.6,0.5,1455.980016
2026-06-29T05:10:00+00:00,16180.25,16180.25,16178.65,16179.15,16180,16180.5,16180,16180.5,16178.4,16178.9,16178.8,16179.5,0.7,1610.680018
2026-06-29T05:20:00+00:00,16179.3,16181.1,16178.95,16180.25,16179.2,16179.4,16180.9,16181.3,16178.7,16179.2,16180,16180.5,0.5,1580.370022
2026-06-29T05:30:00+00:00,16180.3,16180.6,16179.35,16179.55,16180.1,16180.5,16180.4,16180.8,16179.1,16179.6,16179.3,16179.8,0.5,1599.000014
2026-06-29T05:40:00+00:00,16179.45,16179.8,16178.55,16179.5,16179.3,16179.6,16179.6,16180,16178.3,16178.8,16179.3,16179.7,0.4,1650.310011
2026-06-29T05:50:00+00:00,16179.6,16180.85,16178.45,16180.3,16179.4,16179.8,16180.6,16181.1,16178.3,16178.6,16180.1,16180.5,0.4,3581.660038
2026-06-29T06:00:00+00:00,16180.35,16181.15,16179.45,16180.2,16180.1,16180.6,16181.1,16181.2,16179.3,16179.6,16180,16180.4,0.4,5339.720044
2026-06-29T06:10:00+00:00,16180.25,16182.3,16180.25,16182.1,16180.1,16180.4,16182.1,16182.5,16180.1,16180.4,16181.9,16182.3,0.4,2730.180021
2026-06-29T06:20:00+00:00,16182.2,16185,16182,16184.3,16182,16182.4,16184.8,16185.2,16181.8,16182.2,16184.2,16184.4,0.2,4510.680039
2026-06-29T06:30:00+00:00,16184.25,16185.1,16181,16181.15,16184.2,16184.3,16184.9,16185.3,16180.8,16181.2,16181,16181.3,0.3,3175.250039
2026-06-29T06:40:00+00:00,16181.1,16182.2,16178.95,16179.4,16180.9,16181.3,16182,16182.4,16178.8,16179.1,16179.3,16179.5,0.2,3340.290034
2026-06-29T06:50:00+00:00,16179.45,16181,16177.85,16179.1,16179.4,16179.5,16180.8,16181.2,16177.7,16178,16178.9,16179.3,0.4,5600.990027
2026-06-29T07:00:00+00:00,16179.25,16181.8,16179.25,16181,16179.1,16179.4,16181.6,16182,16179.1,16179.4,16180.7,16181.3,0.6,8049.560056
2026-06-29T07:10:00+00:00,16180.85,16181.8,16180.1,16181,16180.7,16181,16181.6,16182,16179.9,16180.3,16180.8,16181.2,0.4,4156.17003
2026-06-29T07:20:00+00:00,16181,16181.8,16178.85,16179.1,16180.8,16181.2,16181.6,16182,16178.7,16179,16178.9,16179.3,0.4,2761.800024
2026-06-29T07:30:00+00:00,16179.05,16181.2,16179.05,16179.4,16178.9,16179.2,16181,16181.4,16178.9,16179.2,16179.3,16179.5,0.2,3123.300031
2026-06-29T07:40:00+00:00,16179.45,16181.25,16179.4,16181.1,16179.3,16179.6,16181.1,16181.4,16179.2,16179.6,16180.9,16181.3,0.4,3959.310032
2026-06-29T07:50:00+00:00,16181,16183.1,16180.5,16182.5,16180.8,16181.2,16183,16183.2,16180.3,16180.7,16182.4,16182.6,0.2,4201.830048
2026-06-29T08:00:00+00:00,16182.5,16182.95,16180.25,16181.75,16182.4,16182.6,16182.7,16183.2,16180.1,16180.4,16181.6,16181.9,0.3,5451.160036
2026-06-29T08:10:00+00:00,16181.9,16184.15,16180.3,16183.9,16181.7,16182.1,16184,16184.3,16180.1,16180.5,16183.7,16184.1,0.4,3367.500027
2026-06-29T08:20:00+00:00,16183.95,16185.15,16182.85,16184.35,16183.7,16184.2,16185,16185.3,16182.7,16183,16184.2,16184.5,0.3,3345.060013
2026-06-29T08:30:00+00:00,16184.4,16185.4,16183.65,16184.75,16184.3,16184.5,16185.2,16185.6,16183.5,16183.8,16184.6,16184.9,0.3,3280.830018
2026-06-29T08:40:00+00:00,16184.7,16185.9,16184.55,16184.7,16184.5,16184.9,16185.7,16186.1,16184.4,16184.7,16184.6,16184.8,0.2,2050.350017
2026-06-29T08:50:00+00:00,16184.8,16185.6,16183.85,16185.4,16184.7,16184.9,16185.4,16185.8,16183.7,16184,16185.2,16185.6,0.4,2360.400022
2026-06-29T09:00:00+00:00,16185.35,16185.65,16183.35,16185.35,16185.1,16185.6,16185.5,16185.8,16183.1,16183.6,16185.1,16185.6,0.5,4244.010036
2026-06-29T09:10:00+00:00,16185.3,16186.3,16184.9,16185.65,16185.1,16185.5,16186.1,16186.5,16184.7,16185.1,16185.5,16185.8,0.3,2624.100008
2026-06-29T09:20:00+00:00,16185.6,16188.2,16185.6,16187.45,16185.4,16185.8,16188,16188.4,16185.4,16185.8,16187.3,16187.6,0.3,3388.070032
2026-06-29T09:30:00+00:00,16187.5,16188.65,16187.05,16188.6,16187.3,16187.7,16188.5,16188.8,16186.9,16187.2,16188.5,16188.7,0.2,3764.550037
2026-06-29T09:40:00+00:00,16188.55,16189.95,16188.05,16188.3,16188.4,16188.7,16189.8,16190.1,16187.9,16188.2,16188.1,16188.5,0.4,2666.730027
2026-06-29T09:50:00+00:00,16188.35,16190,16188.25,16188.5,16188.2,16188.5,16189.8,16190.2,16188.1,16188.4,16188.3,16188.7,0.4,3827.34003
2026-06-29T10:00:00+00:00,16188.55,16190.1,16188.55,16188.8,16188.4,16188.7,16189.9,16190.3,16188.4,16188.7,16188.6,16189,0.4,4133.360034
2026-06-29T10:10:00+00:00,16188.75,16189.2,16188.05,16188.75,16188.5,16189,16189,16189.4,16187.9,16188.2,16188.6,16188.9,0.3,4996.380043
2026-06-29T10:20:00+00:00,16188.8,16189.9,16188.15,16188.2,16188.6,16189,16189.8,16190,16188,16188.3,16188.1,16188.3,0.2,3088.650021
2026-06-29T10:30:00+00:00,16188.3,16188.35,16187.05,16187.35,16188.2,16188.4,16188.2,16188.5,16186.9,16187.2,16187.1,16187.6,0.5,3320.400023
2026-06-29T10:40:00+00:00,16187.3,16188.5,16186.5,16186.5,16187.1,16187.5,16188.3,16188.7,16186.4,16186.6,16186.4,16186.6,0.2,3772.140027
2026-06-29T10:50:00+00:00,16186.35,16186.8,16184.75,16185.7,16186.2,16186.5,16186.6,16187,16184.6,16184.9,16185.5,16185.9,0.4,4912.980033
2026-06-29T11:00:00+00:00,16185.75,16186.3,16184.4,16185.75,16185.6,16185.9,16186.1,16186.5,16184.2,16184.6,16185.5,16186,0.5,2837.200031
2026-06-29T11:10:00+00:00,16185.8,16186.15,16184.4,16184.6,16185.6,16186,16186,16186.3,16184.2,16184.6,16184.4,16184.8,0.4,3876.970027
2026-06-29T11:20:00+00:00,16184.65,16184.9,16183.25,16183.65,16184.5,16184.8,16184.7,16185.1,16183.1,16183.4,16183.5,16183.8,0.3,2932.210027
2026-06-29T11:30:00+00:00,16183.7,16184.6,16181.5,16184.25,16183.5,16183.9,16184.4,16184.8,16181.3,16181.7,16184.1,16184.4,0.3,4329.110047
2026-06-29T11:40:00+00:00,16184.2,16185.25,16183.5,16184.1,16184.1,16184.3,16185,16185.5,16183.3,16183.7,16183.9,16184.3,0.4,4183.400045
2026-06-29T11:50:00+00:00,16184.05,16184.45,16181.7,16183.8,16183.9,16184.2,16184.3,16184.6,16181.5,16181.9,16183.5,16184.1,0.6,2958.200042
2026-06-29T12:00:00+00:00,16183.85,16186,16183.4,16185.15,16183.7,16184,16185.8,16186.2,16183.2,16183.6,16184.9,16185.4,0.5,4218.420037
2026-06-29T12:10:00+00:00,16185.2,16186.4,16184.85,16186,16185,16185.4,16186.3,16186.5,16184.7,16185,16185.9,16186.1,0.2,4514.620064
2026-06-29T12:20:00+00:00,16186.05,16188.85,16185.7,16188.5,16185.9,16186.2,16188.7,16189,16185.6,16185.8,16188.3,16188.7,0.4,4390.440046
2026-06-29T12:30:00+00:00,16188.55,16189.45,16186.9,16188.7,16188.4,16188.7,16189.3,16189.6,16186.7,16187.1,16188.5,16188.9,0.4,4448.880031
2026-06-29T12:40:00+00:00,16188.75,16190.35,16188,16188.2,16188.5,16189,16190.2,16190.5,16187.8,16188.2,16188,16188.4,0.4,3839.190027
2026-06-29T12:50:00+00:00,16188.2,16190.2,16188.2,16189.45,16188,16188.4,16190,16190.4,16188,16188.4,16189.1,16189.8,0.7,5865.670069
2026-06-29T13:00:00+00:00,16189.4,16190,16188.55,16189.35,16189.1,16189.7,16189.8,16190.2,16188.3,16188.8,16189.2,16189.5,0.3,7172.32006
2026-06-29T13:10:00+00:00,16189.45,16191.55,16188.6,16190.65,16189.2,16189.7,16191.4,16191.7,16188.4,16188.8,16190.5,16190.8,0.3,5264.650022
2026-06-29T13:20:00+00:00,16190.75,16193.65,16190.7,16192.45,16190.6,16190.9,16193.5,16193.8,16190.5,16190.9,16192.3,16192.6,0.3,8649.880061
2026-06-29T13:30:00+00:00,16192.4,16194.65,16189.75,16193.55,16192.3,16192.5,16194.5,16194.8,16189.6,16189.9,16193.5,16193.6,0.1,8902.95006
2026-06-29T13:40:00+00:00,16193.6,16195,16192.3,16193.5,16193.5,16193.7,16194.9,16195.1,16192.1,16192.5,16193.4,16193.6,0.2,5974.480033
2026-06-29T13:50:00+00:00,16193.45,16196.55,16190.1,16195.8,16193.3,16193.6,16196.4,16196.7,16190,16190.2,16195.7,16195.9,0.2,9669.050046
2026-06-29T14:00:00+00:00,16195.85,16195.85,16181.05,16191,16195.7,16196,16195.7,16196,16180.9,16181.2,16190.7,16191.3,0.6,11098.29008
2026-06-29T14:10:00+00:00,16190.9,16192.9,16187.45,16189.3,16190.8,16191,16192.7,16193.1,16187.3,16187.6,16189.2,16189.4,0.2,11760.60007
2026-06-29T14:20:00+00:00,16189.15,16192.3,16188.2,16192.15,16189.1,16189.2,16192.2,16192.4,16188,16188.4,16192,16192.3,0.3,7150.250051
2026-06-29T14:30:00+00:00,16192.1,16192.15,16189.75,16191.05,16192,16192.2,16192,16192.3,16189.6,16189.9,16190.9,16191.2,0.3,5715.88005
2026-06-29T14:40:00+00:00,16191.1,16193.85,16190,16192.7,16191,16191.2,16193.7,16194,16189.8,16190.2,16192.5,16192.9,0.4,6915.050042
2026-06-29T14:50:00+00:00,16192.75,16193.75,16190.8,16192.95,16192.6,16192.9,16193.6,16193.9,16190.6,16191,16192.8,16193.1,0.3,8234.68006
2026-06-29T15:00:00+00:00,16192.8,16194.45,16192.75,16193.65,16192.6,16193,16194.3,16194.6,16192.6,16192.9,16193.5,16193.8,0.3,5481.190054
2026-06-29T15:10:00+00:00,16193.6,16194,16192.15,16193.55,16193.4,16193.8,16193.8,16194.2,16192,16192.3,16193.4,16193.7,0.3,3466.090042
2026-06-29T15:20:00+00:00,16193.6,16194.8,16193.2,16193.55,16193.5,16193.7,16194.5,16195.1,16193.1,16193.3,16193.4,16193.7,0.3,3931.360044
2026-06-29T15:30:00+00:00,16193.6,16195.25,16192.75,16194.35,16193.5,16193.7,16195.1,16195.4,16192.7,16192.8,16194.2,16194.5,0.3,5274.820045
2026-06-29T15:40:00+00:00,16194.4,16194.6,16192.85,16193.55,16194.3,16194.5,16194.4,16194.8,16192.7,16193,16193.4,16193.7,0.3,5479.980056
2026-06-29T15:50:00+00:00,16193.55,16194.05,16192.65,16193.35,16193.4,16193.7,16193.9,16194.2,16192.5,16192.8,16193.2,16193.5,0.3,3825.000053
2026-06-29T16:00:00+00:00,16193.3,16193.95,16191.9,16191.95,16193.1,16193.5,16193.7,16194.2,16191.8,16192,16191.9,16192,0.1,3024.540038
2026-06-29T16:10:00+00:00,16192.1,16193.65,16191.85,16193.1,16191.8,16192.4,16193.5,16193.8,16191.7,16192,16192.9,16193.3,0.4,2652.600035
2026-06-29T16:20:00+00:00,16193.15,16194.05,16193,16193.9,16192.9,16193.4,16193.9,16194.2,16192.9,16193.1,16193.7,16194.1,0.4,2904.990039
2026-06-29T16:30:00+00:00,16193.8,16194.1,16193.15,16193.45,16193.6,16194,16193.9,16194.3,16193,16193.3,16193.3,16193.6,0.3,2568.000036
2026-06-29T16:40:00+00:00,16193.5,16193.8,16192.5,16192.7,16193.3,16193.7,16193.6,16194,16192.3,16192.7,16192.5,16192.9,0.4,4011.240027
2026-06-29T16:50:00+00:00,16192.65,16194.65,16192.1,16194.4,16192.5,16192.8,16194.5,16194.8,16191.9,16192.3,16194.2,16194.6,0.4,5222.250031
2026-06-29T17:00:00+00:00,16194.35,16194.7,16193.8,16194.05,16194.1,16194.6,16194.5,16194.9,16193.6,16194,16193.9,16194.2,0.3,3431.280038
2026-06-29T17:10:00+00:00,16194.1,16195.15,16193.6,16194.4,16193.9,16194.3,16195,16195.3,16193.4,16193.8,16194.2,16194.6,0.4,3469.240026
2026-06-29T17:20:00+00:00,16194.4,16196.05,16194.3,16195.05,16194.2,16194.6,16195.9,16196.2,16194.2,16194.4,16194.9,16195.2,0.3,3830.890036
2026-06-29T17:30:00+00:00,16195.1,16195.2,16193.25,16193.5,16195,16195.2,16195,16195.4,16193.1,16193.4,16193.3,16193.7,0.4,2793.410027
2026-06-29T17:40:00+00:00,16193.55,16195.15,16193.5,16194.7,16193.4,16193.7,16194.9,16195.4,16193.3,16193.7,16194.5,16194.9,0.4,3403.230007
2026-06-29T17:50:00+00:00,16194.6,16194.8,16192.05,16193.65,16194.4,16194.8,16194.6,16195,16191.9,16192.2,16193.4,16193.9,0.5,3169.580006
2026-06-29T18:00:00+00:00,16193.8,16194.9,16193.45,16193.7,16193.6,16194,16194.7,16195.1,16193.3,16193.6,16193.5,16193.9,0.4,3138.930008
2026-06-29T18:10:00+00:00,16193.75,16194,16192.8,16193.25,16193.6,16193.9,16193.8,16194.2,16192.6,16193,16193.1,16193.4,0.3,1742.840014
2026-06-29T18:20:00+00:00,16193.2,16194.65,16192.7,16194.45,16193,16193.4,16194.5,16194.8,16192.6,16192.8,16194.3,16194.6,0.3,1661.850014
2026-06-29T18:30:00+00:00,16194.35,16194.95,16194.3,16194.65,16194.1,16194.6,16194.8,16195.1,16194.1,16194.5,16194.4,16194.9,0.5,1465.800013
2026-06-29T18:40:00+00:00,16194.7,16196.65,16194.45,16195.6,16194.6,16194.8,16196.6,16196.7,16194.2,16194.7,16195.5,16195.7,0.2,2553.150017
2026-06-29T18:50:00+00:00,16195.7,16198.35,16195.5,16197.15,16195.6,16195.8,16198.2,16198.5,16195.4,16195.6,16197,16197.3,0.3,7363.380045
2026-06-29T19:00:00+00:00,16197.1,16197.1,16194.8,16195.95,16196.8,16197.4,16196.8,16197.4,16194.6,16195,16195.8,16196.1,0.3,1892.040017
2026-06-29T19:10:00+00:00,16196,16197.2,16195.65,16196,16195.9,16196.1,16197,16197.4,16195.5,16195.8,16195.9,16196.1,0.2,1654.800023
2026-06-29T19:20:00+00:00,16195.8,16196.05,16193.8,16194.1,16195.7,16195.9,16195.9,16196.2,16193.7,16193.9,16193.9,16194.3,0.4,2653.120034
2026-06-29T19:30:00+00:00,16194.05,16194.15,16192.75,16193.15,16193.8,16194.3,16193.9,16194.4,16192.6,16192.9,16193,16193.3,0.3,3671.750033
2026-06-29T19:40:00+00:00,16193.1,16193.5,16192.45,16192.5,16192.9,16193.3,16193.3,16193.7,16192.3,16192.6,16192.4,16192.6,0.2,2518.150022
2026-06-29T19:50:00+00:00,16192.45,16194.85,16190.8,16194.15,16192.3,16192.6,16194.7,16195,16190.6,16191,16193.9,16194.4,0.5,5756.970056
2026-06-29T20:00:00+00:00,16194.2,16195.7,16193.85,16194.3,16194,16194.4,16195.5,16195.9,16193.6,16194.1,16194.1,16194.5,0.4,3493.890044
2026-06-29T20:10:00+00:00,16194.35,16194.4,16193.1,16194.1,16194.2,16194.5,16194.2,16194.6,16192.9,16193.3,16193.9,16194.3,0.4,1697.370016
2026-06-29T20:20:00+00:00,16194.15,16194.55,16192.95,16194.05,16194,16194.3,16194.3,16194.8,16192.7,16193.2,16193.8,16194.3,0.5,1424.700015
2026-06-29T20:30:00+00:00,16194.05,16196.4,16193.95,16195.9,16193.7,16194.4,16196.2,16196.6,16193.7,16194.2,16195.7,16196.1,0.4,1962.070019
2026-06-29T20:40:00+00:00,16195.95,16196.15,16194.7,16195.95,16195.7,16196.2,16195.9,16196.4,16194.4,16195,16195.7,16196.2,0.5,958.9300107
2026-06-29T20:50:00+00:00,16195.95,16196.55,16193.4,16193.85,16195.7,16196.2,16196.3,16196.8,16192.8,16194,16192.8,16194.9,2.1,1086.840008
2026-06-29T21:00:00+00:00,16194,16194.55,16191.7,16194.05,16192.7,16195.3,16193,16196.1,16190.2,16193.2,16192.2,16195.9,3.7,505.1699997
2026-06-29T21:10:00+00:00,16194.15,16194.5,16192.1,16193.8,16192.2,16196.1,16192.7,16196.3,16189,16195.2,16191.8,16195.8,4,497.4400048
2026-06-29T21:20:00+00:00,16193.85,16194.1,16189.85,16191.4,16191.9,16195.8,16192.3,16195.9,16188.9,16190.8,16190.2,16192.6,2.4,271.7700022
2026-06-29T21:30:00+00:00,16191.35,16192.05,16191,16191.35,16190.2,16192.5,16191,16193.1,16190,16192,16190.5,16192.2,1.7,992.4300076
2026-06-29T21:40:00+00:00,16191.45,16191.9,16190.6,16191.45,16190.5,16192.4,16191,16192.8,16189.7,16191.5,16190.6,16192.3,1.7,615.460003
2026-06-29T21:50:00+00:00,16191.35,16192.9,16189.6,16192.5,16190.5,16192.2,16191,16194.8,16188.1,16191.1,16190.6,16194.4,3.8,935.0100101
2026-06-29T22:00:00+00:00,16192.25,16194.25,16191.55,16193.95,16190.5,16194,16193.7,16194.8,16190.2,16192.9,16193.6,16194.3,0.7,1553.580002
2026-06-29T22:10:00+00:00,16194,16194.1,16192.55,16193.85,16193.6,16194.4,16193.7,16194.5,16192.1,16193,16193.4,16194.3,0.9,871.7100077
2026-06-29T22:20:00+00:00,16193.9,16194.6,16193.1,16193.15,16193.5,16194.3,16194.2,16195,16192.7,16193.5,16192.7,16193.6,0.9,1019.170006
2026-06-29T22:30:00+00:00,16193.2,16194.05,16193,16193.85,16192.8,16193.6,16193.7,16194.4,16192.6,16193.4,16193.5,16194.2,0.7,1089.72
2026-06-29T22:40:00+00:00,16193.9,16193.95,16192.75,16193,16193.5,16194.3,16193.6,16194.3,16192.3,16193.2,16192.6,16193.4,0.8,1380.280012
2026-06-29T22:50:00+00:00,16193.05,16193.05,16192.25,16192.5,16192.7,16193.4,16192.7,16193.4,16191.9,16192.6,16192.1,16192.9,0.8,1161.320005
2026-06-29T23:00:00+00:00,16192.35,16192.6,16191.25,16191.85,16191.9,16192.8,16192.2,16193,16191,16191.5,16191.6,16192.1,0.5,1019.880006
2026-06-29T23:10:00+00:00,16191.9,16192.75,16191.85,16192.3,16191.6,16192.2,16192.5,16193,16191.6,16192.1,16192,16192.6,0.6,737.9400065
2026-06-29T23:20:00+00:00,16192.25,16193.15,16192,16192.25,16192,16192.5,16192.9,16193.4,16191.8,16192.2,16191.9,16192.6,0.7,918.8100168
2026-06-29T23:30:00+00:00,16192.35,16192.85,16191,16192.3,16192.1,16192.6,16192.6,16193.1,16190.8,16191.2,16192.2,16192.4,0.2,888.8900138
2026-06-29T23:40:00+00:00,16192.3,16192.4,16191.05,16191.65,16192.2,16192.4,16192.2,16192.6,16190.8,16191.3,16191.4,16191.9,0.5,1295.450018
2026-06-29T23:50:00+00:00,16191.55,16193,16191.5,16192.6,16191.2,16191.9,16192.7,16193.3,16191.2,16191.8,16192.4,16192.8,0.4,1605.900011
2026-06-30T00:00:00+00:00,16192.5,16195.4,16192.45,16195.15,16192.3,16192.7,16195.3,16195.5,16192.3,16192.6,16195,16195.3,0.3,3868.380028
2026-06-30T00:10:00+00:00,16195.25,16195.95,16194.35,16194.5,16195.2,16195.3,16195.8,16196.1,16194.2,16194.5,16194.3,16194.7,0.4,2317.240016
2026-06-30T00:20:00+00:00,16194.7,16196.45,16193.95,16195.45,16194.5,16194.9,16196.2,16196.7,16193.7,16194.2,16195.3,16195.6,0.3,3831.000034
2026-06-30T00:30:00+00:00,16195.4,16197.1,16194.9,16196.5,16195.2,16195.6,16196.9,16197.3,16194.7,16195.1,16196.3,16196.7,0.4,2111.33003
2026-06-30T00:40:00+00:00,16196.5,16197.3,16195.35,16197,16196.3,16196.7,16197.1,16197.5,16195.2,16195.5,16196.8,16197.2,0.4,2293.870023
2026-06-30T00:50:00+00:00,16197.1,16240.4,16197.1,16213.7,16196.9,16197.3,16240.1,16240.7,16196.9,16197.3,16213.5,16213.9,0.4,18504.45016
2026-06-30T01:00:00+00:00,16213.65,16228.35,16210.5,16225.7,16213.4,16213.9,16228,16228.7,16210.3,16210.7,16225.4,16226,0.6,8608.56009
2026-06-30T01:10:00+00:00,16225.65,16230.55,16213.2,16215.25,16225.3,16226,16230.3,16230.8,16212.9,16213.5,16214.9,16215.6,0.7,10405.13011
2026-06-30T01:20:00+00:00,16215.05,16216.3,16206.45,16212.7,16214.8,16215.3,16216,16216.6,16206.2,16206.7,16212.4,16213,0.6,4756.400069
2026-06-30T01:30:00+00:00,16212.65,16213.15,16205.4,16212.05,16212.5,16212.8,16212.9,16213.4,16205.2,16205.6,16211.8,16212.3,0.5,5244.510085
2026-06-30T01:40:00+00:00,16211.9,16219.4,16209.9,16218.2,16211.8,16212,16219.1,16219.7,16209.7,16210.1,16218.1,16218.3,0.2,6999.83008
2026-06-30T01:50:00+00:00,16218.15,16220.65,16214.5,16218.45,16218,16218.3,16220.4,16220.9,16214.3,16214.7,16218.1,16218.8,0.7,6367.850073
2026-06-30T02:00:00+00:00,16218.5,16219.8,16213.4,16214.7,16218.3,16218.7,16219.6,16220,16213.1,16213.7,16214.5,16214.9,0.4,6180.160078
2026-06-30T02:10:00+00:00,16214.75,16217.45,16212.5,16214.95,16214.6,16214.9,16217.2,16217.7,16212.3,16212.7,16214.7,16215.2,0.5,3792.350046
2026-06-30T02:20:00+00:00,16214.85,16215.45,16211,16214.75,16214.6,16215.1,16215.2,16215.7,16210.8,16211.2,16214.5,16215,0.5,2266.340038
2026-06-30T02:30:00+00:00,16214.85,16215.2,16211.65,16212.05,16214.7,16215,16215,16215.4,16211.4,16211.9,16211.8,16212.3,0.5,1248.490027
2026-06-30T02:40:00+00:00,16212.1,16215.5,16212.05,16214.2,16211.9,16212.3,16215.3,16215.7,16211.8,16212.3,16213.9,16214.5,0.6,2264.10003
2026-06-30T02:50:00+00:00,16214.15,16218.8,16213.5,16214.8,16213.9,16214.4,16218.6,16219,16213.2,16213.8,16214.6,16215,0.4,5828.640067
2026-06-30T03:00:00+00:00,16214.75,16218.25,16213.35,16217.35,16214.5,16215,16218,16218.5,16213.1,16213.6,16217.1,16217.6,0.5,4250.710051
2026-06-30T03:10:00+00:00,16217.4,16222.5,16217.3,16221.8,16217.1,16217.7,16222.3,16222.7,16217,16217.6,16221.6,16222,0.4,1505.940023
2026-06-30T03:20:00+00:00,16222.1,16224.55,16204.25,16214.95,16221.9,16222.3,16224.4,16224.7,16204.2,16204.3,16214.8,16215.1,0.3,5089.060074
2026-06-30T03:30:00+00:00,16215.05,16217.3,16211.9,16215.1,16214.8,16215.3,16217,16217.6,16211.7,16212.1,16214.9,16215.3,0.4,3327.240055
2026-06-30T03:40:00+00:00,16215.5,16217.9,16215.4,16217.2,16215.4,16215.6,16217.7,16218.1,16215.2,16215.6,16217,16217.4,0.4,1404.740022
2026-06-30T03:50:00+00:00,16217.25,16218,16216.8,16217.45,16217.1,16217.4,16217.8,16218.2,16216.6,16217,16217.2,16217.7,0.5,1157.700018
2026-06-30T04:00:00+00:00,16217.5,16219.65,16216.35,16217.1,16217.3,16217.7,16219.5,16219.8,16216.1,16216.6,16216.9,16217.3,0.4,1641.660019
2026-06-30T04:10:00+00:00,16217.05,16218.95,16216.85,16218.5,16216.8,16217.3,16218.8,16219.1,16216.6,16217.1,16218.3,16218.7,0.4,1383.300014
2026-06-30T04:20:00+00:00,16218.35,16218.4,16216.5,16217.5,16218.2,16218.5,16218.2,16218.6,16216.4,16216.6,16217.3,16217.7,0.4,943.9500163
2026-06-30T04:30:00+00:00,16217.55,16219,16215.05,16217.2,16217.4,16217.7,16218.8,16219.2,16215,16215.1,16217,16217.4,0.4,1576.190019
2026-06-30T04:40:00+00:00,16217.5,16219.3,16217.35,16218.1,16217.4,16217.6,16219.1,16219.5,16217.2,16217.5,16217.9,16218.3,0.4,1615.200026
2026-06-30T04:50:00+00:00,16217.7,16220.3,16217,16220.3,16217.5,16217.9,16220.1,16220.5,16216.9,16217.1,16220.1,16220.5,0.4,2968.950042
2026-06-30T05:00:00+00:00,16220.7,16220.7,16215.5,16217.35,16220.6,16220.8,16220.6,16220.8,16215.3,16215.7,16217.2,16217.5,0.3,2871.880033
2026-06-30T05:10:00+00:00,16217.4,16222.65,16217.35,16218.85,16217.2,16217.6,16222.4,16222.9,16217.2,16217.5,16218.7,16219,0.3,2909.890038
2026-06-30T05:20:00+00:00,16218.75,16221.45,16218,16220.15,16218.6,16218.9,16221.3,16221.6,16217.8,16218.2,16220,16220.3,0.3,1216.050022
2026-06-30T05:30:00+00:00,16220.2,16222.2,16219.9,16221.5,16220,16220.4,16222,16222.4,16219.7,16220.1,16221.3,16221.7,0.4,1251.800019
2026-06-30T05:40:00+00:00,16221.65,16225.55,16220.8,16224.25,16221.6,16221.7,16225.3,16225.8,16220.6,16221,16223.9,16224.6,0.7,2390.640031
2026-06-30T05:50:00+00:00,16224.6,16229.1,16224.4,16229.1,16224.4,16224.8,16228.8,16229.4,16224.2,16224.6,16228.8,16229.4,0.6,4081.960037
2026-06-30T06:00:00+00:00,16229.15,16238.2,16228.75,16235.55,16228.9,16229.4,16237.9,16238.5,16228.5,16229,16235.3,16235.8,0.5,7998.610075
2026-06-30T06:10:00+00:00,16235.65,16241.45,16225.5,16227.4,16235.4,16235.9,16241.2,16241.7,16225.4,16225.6,16227.2,16227.6,0.4,12280.75013
2026-06-30T06:20:00+00:00,16227.35,16228.85,16223.6,16224.6,16227.2,16227.5,16228.6,16229.1,16223.4,16223.8,16224.3,16224.9,0.6,9424.270087
2026-06-30T06:30:00+00:00,16224.7,16231.9,16224.7,16227.6,16224.6,16224.8,16231.7,16232.1,16224.6,16224.8,16227.4,16227.8,0.4,7886.300088
2026-06-30T06:40:00+00:00,16227.7,16229.2,16225.45,16225.75,16227.4,16228,16229.1,16229.3,16225.3,16225.6,16225.6,16225.9,0.3,6555.540071
2026-06-30T06:50:00+00:00,16225.85,16228.4,16220.5,16220.6,16225.7,16226,16228.2,16228.6,16220.3,16220.7,16220.4,16220.8,0.4,6255.270065
2026-06-30T07:00:00+00:00,16220.5,16223.9,16218.35,16221.4,16220.4,16220.6,16223.7,16224.1,16218.2,16218.5,16221.2,16221.6,0.4,4476.400069
2026-06-30T07:10:00+00:00,16221.45,16223.25,16219.1,16221.15,16221.3,16221.6,16223.1,16223.4,16218.9,16219.3,16221,16221.3,0.3,4706.060064
2026-06-30T07:20:00+00:00,16221.2,16221.3,16215.7,16216.9,16221,16221.4,16221.1,16221.5,16215.4,16216,16216.7,16217.1,0.4,5628.840053
2026-06-30T07:30:00+00:00,16216.75,16217.3,16211.95,16213.9,16216.6,16216.9,16217.1,16217.5,16211.8,16212.1,16213.8,16214,0.2,3980.580051
2026-06-30T07:40:00+00:00,16213.85,16224,16213.85,16223.8,16213.7,16214,16223.8,16224.2,16213.7,16214,16223.6,16224,0.4,4305.590054
2026-06-30T07:50:00+00:00,16223.95,16226.85,16222.45,16225.8,16223.8,16224.1,16226.7,16227,16222.2,16222.7,16225.6,16226,0.4,5960.030063
2026-06-30T08:00:00+00:00,16225.95,16229.45,16222.65,16228.45,16225.8,16226.1,16229.3,16229.6,16222.4,16222.9,16228.3,16228.6,0.3,9663.890102
2026-06-30T08:10:00+00:00,16228.35,16233.95,16227.95,16232.7,16228.3,16228.4,16233.7,16234.2,16227.7,16228.2,16232.4,16233,0.6,5292.030056
2026-06-30T08:20:00+00:00,16232.55,16233.6,16229.15,16231.05,16232.4,16232.7,16233.4,16233.8,16229,16229.3,16230.9,16231.2,0.3,4826.850044
2026-06-30T08:30:00+00:00,16231.1,16236.65,16230.15,16236.5,16231,16231.2,16236.4,16236.9,16230,16230.3,16236.3,16236.7,0.4,5075.350048
2026-06-30T08:40:00+00:00,16236.65,16241.5,16234.7,16235.95,16236.5,16236.8,16241.3,16241.7,16234.6,16234.8,16235.7,16236.2,0.5,4644.650045
2026-06-30T08:50:00+00:00,16235.9,16241,16231,16231.8,16235.7,16236.1,16240.8,16241.2,16230.8,16231.2,16231.7,16231.9,0.2,5482.790062
2026-06-30T09:00:00+00:00,16231.9,16234.9,16230.75,16231.05,16231.6,16232.2,16234.8,16235,16230.6,16230.9,16230.9,16231.2,0.3,4341.130051
2026-06-30T09:10:00+00:00,16231.15,16231.55,16226.85,16231.5,16230.8,16231.5,16231.4,16231.7,16226.7,16227,16231.3,16231.7,0.4,6690.290066
2026-06-30T09:20:00+00:00,16231.4,16232.75,16228.75,16230.35,16231.3,16231.5,16232.6,16232.9,16228.6,16228.9,16230.2,16230.5,0.3,5231.860056
2026-06-30T09:30:00+00:00,16230.25,16232.15,16229.1,16231.7,16230.1,16230.4,16232,16232.3,16228.9,16229.3,16231.6,16231.8,0.2,3687.850052
2026-06-30T09:40:00+00:00,16231.8,16232.05,16228.7,16230.15,16231.6,16232,16231.9,16232.2,16228.6,16228.8,16230,16230.3,0.3,2631.490038
2026-06-30T09:50:00+00:00,16230.3,16231.6,16227.35,16229.35,16230.1,16230.5,16231.5,16231.7,16227.2,16227.5,16229.2,16229.5,0.3,3874.990053
2026-06-30T10:00:00+00:00,16229.3,16231.8,16229.25,16230.85,16229.1,16229.5,16231.6,16232,16229.1,16229.4,16230.7,16231,0.3,3838.110046
2026-06-30T10:10:00+00:00,16231,16233.15,16230.55,16232.1,16230.9,16231.1,16232.9,16233.4,16230.4,16230.7,16231.9,16232.3,0.4,3896.550043
2026-06-30T10:20:00+00:00,16232.25,16233.65,16231.4,16233.45,16232.1,16232.4,16233.5,16233.8,16231.2,16231.6,16233.3,16233.6,0.3,2829.970038
2026-06-30T10:30:00+00:00,16233.4,16234.35,16232.65,16232.9,16233.2,16233.6,16234.2,16234.5,16232.4,16232.9,16232.8,16233,0.2,1231.600024
2026-06-30T10:40:00+00:00,16232.85,16235.7,16232.85,16235.25,16232.7,16233,16235.5,16235.9,16232.7,16233,16235.1,16235.4,0.3,3933.410052
2026-06-30T10:50:00+00:00,16235.2,16235.6,16231.45,16231.7,16235,16235.4,16235.4,16235.8,16231.2,16231.7,16231.5,16231.9,0.4,4090.100059
2026-06-30T11:00:00+00:00,16231.65,16234,16231.6,16233.85,16231.5,16231.8,16233.7,16234.3,16231.4,16231.8,16233.7,16234,0.3,4503.750063
2026-06-30T11:10:00+00:00,16234.05,16236.7,16234.05,16235.25,16233.9,16234.2,16236.5,16236.9,16233.9,16234.2,16235.1,16235.4,0.3,3881.810047
2026-06-30T11:20:00+00:00,16235.3,16239.45,16235.25,16238.25,16235.2,16235.4,16239.3,16239.6,16235.1,16235.4,16238.1,16238.4,0.3,5065.850071
2026-06-30T11:30:00+00:00,16238.2,16241.55,16237.55,16240.6,16238,16238.4,16241.4,16241.7,16237.3,16237.8,16240.3,16240.9,0.6,3222.400044
2026-06-30T11:40:00+00:00,16240.65,16242.75,16237.95,16239.35,16240.4,16240.9,16242.6,16242.9,16237.8,16238.1,16239.2,16239.5,0.3,5100.540053
2026-06-30T11:50:00+00:00,16239.4,16242.25,16238.85,16241.6,16239.3,16239.5,16242.1,16242.4,16238.7,16239,16241.4,16241.8,0.4,3226.360039
2026-06-30T12:00:00+00:00,16241.5,16244.95,16240.4,16244.1,16241.4,16241.6,16244.8,16245.1,16240.3,16240.5,16244,16244.2,0.2,4368.380048
2026-06-30T12:10:00+00:00,16244.05,16244.65,16241.9,16243.2,16243.9,16244.2,16244.5,16244.8,16241.7,16242.1,16242.9,16243.5,0.6,4161.290048
2026-06-30T12:20:00+00:00,16243.15,16249.8,16243,16247.9,16243,16243.3,16249.7,16249.9,16242.8,16243.2,16247.7,16248.1,0.4,5266.150064
2026-06-30T12:30:00+00:00,16248,16251.2,16202.85,16240.55,16247.8,16248.2,16251,16251.4,16202.7,16203,16240.3,16240.8,0.5,13815.90015
2026-06-30T12:40:00+00:00,16240.6,16245.2,16238.4,16243.45,16240.3,16240.9,16245,16245.4,16238.2,16238.6,16243.3,16243.6,0.3,6054.940076
2026-06-30T12:50:00+00:00,16243.35,16243.55,16238.05,16240.55,16243.1,16243.6,16243.4,16243.7,16237.9,16238.2,16240.3,16240.8,0.5,7031.200068
2026-06-30T13:00:00+00:00,16240.35,16241.9,16236.7,16237,16240.1,16240.6,16241.7,16242.1,16236.5,16236.9,16236.8,16237.2,0.4,3708.940046
2026-06-30T13:10:00+00:00,16236.7,16239.1,16233.65,16234.8,16236.6,16236.8,16238.9,16239.3,16233.5,16233.8,16234.6,16235,0.4,4979.710062
2026-06-30T13:20:00+00:00,16234.75,16238.45,16231.65,16233.75,16234.6,16234.9,16238.3,16238.6,16231.5,16231.8,16233.6,16233.9,0.3,5625.54007
2026-06-30T13:30:00+00:00,16233.7,16242.55,16232.7,16241.05,16233.5,16233.9,16242.3,16242.8,16232.5,16232.9,16240.9,16241.2,0.3,5132.830069
2026-06-30T13:40:00+00:00,16240.95,16244.4,16238.95,16244.4,16240.7,16241.2,16244.2,16244.6,16238.7,16239.2,16244.2,16244.6,0.4,4333.590056
2026-06-30T13:50:00+00:00,16244.4,16247.85,16242.2,16247.15,16244.2,16244.6,16247.6,16248.1,16242,16242.4,16246.7,16247.6,0.9,7387.630062
2026-06-30T14:00:00+00:00,16247.25,16251.3,16241.75,16245.25,16246.9,16247.6,16250.5,16252.1,16241.6,16241.9,16245.1,16245.4,0.3,9531.84011
2026-06-30T14:10:00+00:00,16245.2,16248.05,16238.9,16244.35,16245,16245.4,16247.9,16248.2,16238.8,16239,16244.2,16244.5,0.3,9030.630116
2026-06-30T14:20:00+00:00,16244.3,16244.5,16239.4,16240.95,16244.1,16244.5,16244.3,16244.7,16239.2,16239.6,16240.7,16241.2,0.5,7897.580104
2026-06-30T14:30:00+00:00,16240.9,16243.15,16240.35,16242.3,16240.6,16241.2,16242.9,16243.4,16240.2,16240.5,16242.1,16242.5,0.4,8528.62011
2026-06-30T14:40:00+00:00,16242.25,16246.15,16240.6,16244.9,16242,16242.5,16246,16246.3,16240.5,16240.7,16244.7,16245.1,0.4,8853.380105
2026-06-30T14:50:00+00:00,16244.85,16255.1,16235.7,16251.6,16244.6,16245.1,16254.9,16255.3,16235.5,16235.9,16251.5,16251.7,0.2,18717.71023
2026-06-30T15:00:00+00:00,16251.55,16254.3,16247.2,16248.3,16251.5,16251.6,16254.2,16254.4,16247,16247.4,16248.2,16248.4,0.2,12401.54014
2026-06-30T15:10:00+00:00,16248.35,16254.75,16247.8,16254.2,16248.1,16248.6,16254.6,16254.9,16247.6,16248,16254,16254.4,0.4,7001.460085
2026-06-30T15:20:00+00:00,16254.15,16254.8,16252.65,16254.5,16254,16254.3,16254.6,16255,16252.5,16252.8,16254.4,16254.6,0.2,5174.300055
2026-06-30T15:30:00+00:00,16254.45,16262.85,16253.05,16262.45,16254.4,16254.5,16262.7,16263,16252.9,16253.2,16262.3,16262.6,0.3,6795.350076
2026-06-30T15:40:00+00:00,16262.4,16266.4,16260.15,16262.55,16262.3,16262.5,16266.2,16266.6,16259.9,16260.4,16262.5,16262.6,0.1,6612.140086
2026-06-30T15:50:00+00:00,16262.65,16262.7,16258.55,16261.5,16262.6,16262.7,16262.6,16262.8,16258.3,16258.8,16261.2,16261.8,0.6,3257.080046
2026-06-30T16:00:00+00:00,16261.55,16266.75,16261.3,16263.8,16261.4,16261.7,16266.6,16266.9,16261.1,16261.5,16263.7,16263.9,0.2,4569.690061
2026-06-30T16:10:00+00:00,16263.75,16267.15,16263.55,16266.35,16263.7,16263.8,16267,16267.3,16263.4,16263.7,16266.2,16266.5,0.3,3153.040035
2026-06-30T16:20:00+00:00,16266.15,16266.4,16261.9,16262.5,16266,16266.3,16266.2,16266.6,16261.7,16262.1,16262.3,16262.7,0.4,3186.920038
2026-06-30T16:30:00+00:00,16262.45,16263.6,16261.3,16261.8,16262.2,16262.7,16263.4,16263.8,16261.1,16261.5,16261.5,16262.1,0.6,4860.97005
2026-06-30T16:40:00+00:00,16261.8,16261.95,16260.3,16261.7,16261.6,16262,16261.8,16262.1,16260.1,16260.5,16261.4,16262,0.6,2854.150035
2026-06-30T16:50:00+00:00,16261.6,16265.85,16260.2,16264.85,16261.4,16261.8,16265.6,16266.1,16260,16260.4,16264.7,16265,0.3,4558.710056
2026-06-30T17:00:00+00:00,16264.75,16264.95,16261.3,16262.75,16264.7,16264.8,16264.8,16265.1,16261.1,16261.5,16262.6,16262.9,0.3,2800.470026
2026-06-30T17:10:00+00:00,16262.8,16263.55,16261.3,16261.65,16262.5,16263.1,16263.4,16263.7,16261.1,16261.5,16261.5,16261.8,0.3,2904.870034
2026-06-30T17:20:00+00:00,16261.6,16262.45,16258.4,16259.05,16261.4,16261.8,16262.3,16262.6,16258.2,16258.6,16258.9,16259.2,0.3,3148.340037
2026-06-30T17:30:00+00:00,16259.1,16260.85,16259,16260.65,16258.9,16259.3,16260.7,16261,16258.8,16259.2,16260.5,16260.8,0.3,2874.010037
2026-06-30T17:40:00+00:00,16260.7,16261.15,16256.8,16256.8,16260.5,16260.9,16261,16261.3,16256.6,16257,16256.6,16257,0.4,2750.560034
2026-06-30T17:50:00+00:00,16256.65,16259.15,16255.8,16258.55,16256.5,16256.8,16258.9,16259.4,16255.6,16256,16258.4,16258.7,0.3,2365.720032
2026-06-30T18:00:00+00:00,16258.6,16259.8,16256.7,16258.65,16258.4,16258.8,16259.6,16260,16256.5,16256.9,16258.4,16258.9,0.5,3090.580037
2026-06-30T18:10:00+00:00,16258.7,16260.85,16258.65,16260.45,16258.6,16258.8,16260.7,16261,16258.5,16258.8,16260.3,16260.6,0.3,2579.300029
2026-06-30T18:20:00+00:00,16260.4,16260.4,16257.9,16258.6,16260.3,16260.5,16260.3,16260.5,16257.7,16258.1,16258.5,16258.7,0.2,3039.420027
2026-06-30T18:30:00+00:00,16258.7,16260.1,16258.1,16260,16258.5,16258.9,16259.9,16260.3,16257.9,16258.3,16259.8,16260.2,0.4,2688.220028
2026-06-30T18:40:00+00:00,16260.05,16261.6,16258.6,16258.8,16259.9,16260.2,16261.4,16261.8,16258.4,16258.8,16258.6,16259,0.4,2554.330031
2026-06-30T18:50:00+00:00,16258.75,16262.15,16256.1,16261.9,16258.5,16259,16262,16262.3,16255.9,16256.3,16261.7,16262.1,0.4,4398.150056
2026-06-30T19:00:00+00:00,16262.1,16262.15,16257.5,16258.65,16262,16262.2,16262,16262.3,16257.3,16257.7,16258.5,16258.8,0.3,6266.140081
2026-06-30T19:10:00+00:00,16258.6,16259.8,16258.15,16259.55,16258.4,16258.8,16259.6,16260,16257.9,16258.4,16259.4,16259.7,0.3,2665.95004
2026-06-30T19:20:00+00:00,16259.5,16263.2,16259.4,16262.55,16259.3,16259.7,16263,16263.4,16259.2,16259.6,16262.4,16262.7,0.3,2968.200035
2026-06-30T19:30:00+00:00,16262.6,16263.25,16259.35,16260.65,16262.5,16262.7,16263,16263.5,16259.2,16259.5,16260.4,16260.9,0.5,3109.770045
2026-06-30T19:40:00+00:00,16260.75,16262,16260.5,16260.65,16260.6,16260.9,16261.8,16262.2,16260.3,16260.7,16260.4,16260.9,0.5,1555.510025
2026-06-30T19:50:00+00:00,16260.75,16262.3,16258.25,16258.25,16260.5,16261,16262.1,16262.5,16258.1,16258.4,16258.1,16258.4,0.3,4883.640062
2026-06-30T20:00:00+00:00,16258.3,16259.6,16257.45,16258.6,16258.1,16258.5,16259.4,16259.8,16257.2,16257.7,16258.5,16258.7,0.2,5124.500062
2026-06-30T20:10:00+00:00,16258.55,16258.6,16256.2,16256.7,16258.4,16258.7,16258.5,16258.7,16256,16256.4,16256.5,16256.9,0.4,2363.91002
2026-06-30T20:20:00+00:00,16256.65,16258.2,16255.3,16258.2,16256.6,16256.7,16257.9,16258.5,16255.1,16255.5,16257.9,16258.5,0.6,2072.160024
2026-06-30T20:30:00+00:00,16258.35,16261.35,16257.9,16260.7,16258.2,16258.5,16261.1,16261.6,16257.6,16258.2,16260.5,16260.9,0.4,1792.400018
2026-06-30T20:40:00+00:00,16260.75,16260.75,16256.55,16257.15,16260.5,16261,16260.5,16261,16256.3,16256.8,16256.9,16257.4,0.5,2614.040038
2026-06-30T20:50:00+00:00,16257.1,16259.5,16254.1,16256.1,16256.8,16257.4,16258.8,16260.2,16252.7,16255.5,16252.8,16259.4,6.6,1467.130028
2026-06-30T21:00:00+00:00,16254.95,16258,16253.05,16257.4,16250.5,16259.4,16255.2,16260.8,16247.6,16258.5,16255.2,16259.6,4.4,249.5100013
2026-06-30T21:10:00+00:00,16257.3,16263.9,16257.25,16261.35,16255.1,16259.5,16262,16265.8,16255.1,16259.4,16259.9,16262.8,2.9,1122.930004
2026-06-30T21:20:00+00:00,16261.45,16263,16261.3,16262.45,16260.1,16262.8,16261.3,16264.7,16259.8,16262.8,16261.3,16263.6,2.3,1177.199993
2026-06-30T21:30:00+00:00,16262.35,16262.8,16257.95,16258.6,16261.1,16263.6,16261.1,16264.5,16256.6,16259.3,16257.8,16259.4,1.6,2539.799981
2026-06-30T21:40:00+00:00,16258.75,16259.5,16255.65,16256.5,16257.9,16259.6,16258.5,16260.5,16253.7,16257.6,16255.4,16257.6,2.2,2519.039981
2026-06-30T21:50:00+00:00,16256.4,16259.05,16254.95,16257.65,16255.2,16257.6,16256.6,16261.5,16253.1,16256.8,16255.2,16260.1,4.9,2847.539988
2026-06-30T22:00:00+00:00,16257.85,16262.45,16257.55,16260.6,16255.2,16260.5,16261.6,16263.3,16255.2,16259.9,16260.2,16261,0.8,1250.430006
2026-06-30T22:10:00+00:00,16260.65,16262.05,16260.25,16261.2,16260.3,16261,16261.7,16262.4,16259.9,16260.6,16260.7,16261.7,1,1900.800024
2026-06-30T22:20:00+00:00,16261.5,16262.55,16260.8,16262.3,16261.2,16261.8,16262.2,16262.9,16260.4,16261.2,16261.9,16262.7,0.8,1490.400014
2026-06-30T22:30:00+00:00,16262.4,16262.75,16262.25,16262.4,16262,16262.8,16262.4,16263.1,16261.9,16262.6,16262.1,16262.7,0.6,936.150004
2026-06-30T22:40:00+00:00,16262.45,16262.5,16260.7,16261.65,16262.2,16262.7,16262.2,16262.8,16260.3,16261.1,16261.3,16262,0.7,1748.400013
2026-06-30T22:50:00+00:00,16261.55,16262.3,16260.7,16260.75,16261.2,16261.9,16261.9,16262.7,16260.3,16261.1,16260.3,16261.2,0.9,1147.940009
