timestamp,open,high,low,close,open_bid,open_ask,high_bid,high_ask,low_bid,low_ask,close_bid,close_ask,spread,volume
2026-05-25T23:00:00+00:00,15892.75,15893,15891.35,15892.5,15892.3,15893.2,15892.6,15893.4,15891.1,15891.6,15892.1,15892.9,0.8,455.1700047
2026-05-25T23:15:00+00:00,15892.2,15895.25,15891.2,15894.05,15891.8,15892.6,15894.9,15895.6,15890.9,15891.5,15893.7,15894.4,0.7,443.8500056
2026-05-25T23:30:00+00:00,15894.35,15896.65,15894.2,15895.2,15894.1,15894.6,15896.4,15896.9,15894,15894.4,15895,15895.4,0.4,970.4000216
2026-05-25T23:45:00+00:00,15895.15,15895.9,15893.55,15895.85,15894.9,15895.4,15895.5,15896.3,15893.2,15893.9,15895.5,15896.2,0.7,762.8700097
2026-05-26T00:00:00+00:00,15895.55,15896.85,15893.55,15896.65,15895.2,15895.9,15896.6,15897.1,15893.4,15893.7,15896.4,15896.9,0.5,1339.230023
2026-05-26T00:15:00+00:00,15896.5,15899.35,15895.15,15897.95,15896.3,15896.7,15899.1,15899.6,15894.9,15895.4,15897.8,15898.1,0.3,1852.770034
2026-05-26T00:30:00+00:00,15897.9,15897.9,15894.85,15895.4,15897.8,15898,15897.8,15898,15894.6,15895.1,15895.2,15895.6,0.4,874.5200163
2026-05-26T00:45:00+00:00,15895.3,15899.2,15894.75,15897.1,15895.1,15895.5,15899,15899.4,15894.5,15895,15896.8,15897.4,0.6,1451.650029
2026-05-26T01:00:00+00:00,15897.3,15900.5,15895.85,15896.55,15897.1,15897.5,15900.3,15900.7,15895.7,15896,15896.3,15896.8,0.5,1252.330025
2026-05-26T01:15:00+00:00,15896.45,15897.6,15894.65,15895.35,15896.1,15896.8,15897.4,15897.8,15894.4,15894.9,15895.1,15895.6,0.5,1686.350022
2026-05-26T01:30:00+00:00,15895.3,15898.1,15895.1,15896.6,15895.1,15895.5,15897.9,15898.3,15894.9,15895.3,15896.4,15896.8,0.4,1459.200023
2026-05-26T01:45:00+00:00,15896.5,15897.35,15895.3,15896.9,15896.3,15896.7,15897.1,15897.6,15895.1,15895.5,15896.7,15897.1,0.4,1014.400019
2026-05-26T02:00:00+00:00,15897.25,15897.25,15895.3,15895.6,15897.1,15897.4,15897.1,15897.4,15895.1,15895.5,15895.4,15895.8,0.4,637.9400111
2026-05-26T02:15:00+00:00,15895.9,15896.25,15893.75,15894.9,15895.7,15896.1,15895.9,15896.6,15893.6,15893.9,15894.7,15895.1,0.4,795.2100139
2026-05-26T02:30:00+00:00,15894.8,15897.3,15893.85,15897.3,15894.6,15895,15897.1,15897.5,15893.7,15894,15897.1,15897.5,0.4,585.6000141
2026-05-26T02:45:00+00:00,15897.4,15898.6,15894.05,15894.65,15897.2,15897.6,15898.4,15898.8,15893.8,15894.3,15894.5,15894.8,0.3,810.3500181
2026-05-26T03:00:00+00:00,15894.3,15894.35,15892.4,15892.85,15894.2,15894.4,15894.2,15894.5,15892.2,15892.6,15892.6,15893.1,0.5,488.2200068
2026-05-26T03:15:00+00:00,15892.95,15893.1,15891.3,15893.05,15892.7,15893.2,15892.8,15893.4,15891,15891.6,15892.8,15893.3,0.5,665.8700109
2026-05-26T03:30:00+00:00,15893.05,15894,15891.8,15893.6,15892.7,15893.4,15893.8,15894.2,15891.5,15892.1,15893.3,15893.9,0.6,1368.770011
2026-05-26T03:45:00+00:00,15893.65,15894.25,15891.75,15894.1,15893.4,15893.9,15894.1,15894.4,15891.6,15891.9,15893.8,15894.4,0.6,886.670011
2026-05-26T04:00:00+00:00,15894.05,15894.35,15893.6,15894.15,15893.8,15894.3,15894.1,15894.6,15893.4,15893.8,15894,15894.3,0.3,492.9700089
2026-05-26T04:15:00+00:00,15894.2,15895.35,15893.35,15893.8,15894,15894.4,15895.1,15895.6,15893.2,15893.5,15893.6,15894,0.4,509.1800056
2026-05-26T04:30:00+00:00,15893.95,15895.15,15893.6,15894.9,15893.8,15894.1,15894.9,15895.4,15893.3,15893.9,15894.5,15895.3,0.8,974.0200133
2026-05-26T04:45:00+00:00,15894.9,15901.55,15894.85,15900.35,15894.6,15895.2,15901.3,15901.8,15894.6,15895.1,15900,15900.7,0.7,1321.490021
2026-05-26T05:00:00+00:00,15900.5,15901.3,15897.45,15901.05,15900.4,15900.6,15901.1,15901.5,15897.3,15897.6,15900.8,15901.3,0.5,1216.930026
2026-05-26T05:15:00+00:00,15901.05,15901.35,15899.5,15900.45,15900.8,15901.3,15901.1,15901.6,15899.3,15899.7,15900.2,15900.7,0.5,655.8800135
2026-05-26T05:30:00+00:00,15900.85,15901.1,15899.3,15900.2,15900.7,15901,15900.9,15901.3,15899.1,15899.5,15900,15900.4,0.4,1543.800028
2026-05-26T05:45:00+00:00,15900.2,15903.45,15900,15902.85,15900,15900.4,15903.2,15903.7,15899.7,15900.3,15902.6,15903.1,0.5,1040.280015
2026-05-26T06:00:00+00:00,15902.8,15904.9,15902.05,15902.9,15902.6,15903,15904.7,15905.1,15901.9,15902.2,15902.6,15903.2,0.6,1650.000023
2026-05-26T06:15:00+00:00,15903,15906.7,15902.8,15906.65,15902.7,15903.3,15906.4,15907,15902.6,15903,15906.4,15906.9,0.5,1956.65002
2026-05-26T06:30:00+00:00,15906.7,15911.2,15905.25,15910.05,15906.4,15907,15911,15911.4,15905,15905.5,15909.7,15910.4,0.7,2258.770029
2026-05-26T06:45:00+00:00,15910.1,15912.05,15907.5,15909.65,15909.9,15910.3,15911.8,15912.3,15907.2,15907.8,15909.5,15909.8,0.3,1930.130029
2026-05-26T07:00:00+00:00,15909.75,15918.3,15909.7,15915.2,15909.5,15910,15918.1,15918.5,15909.4,15910,15915,15915.4,0.4,3146.300036
2026-05-26T07:15:00+00:00,15915.25,15919.05,15915.05,15917.15,15915,15915.5,15918.9,15919.2,15914.9,15915.2,15916.9,15917.4,0.5,2059.570029
2026-05-26T07:30:00+00:00,15916.95,15919.25,15914.85,15917.9,15916.6,15917.3,15919.2,15919.3,15914.6,15915.1,15917.7,15918.1,0.4,1930.510037
2026-05-26T07:45:00+00:00,15917.8,15920.2,15916.55,15919.9,15917.5,15918.1,15920,15920.4,15916.4,15916.7,15919.6,15920.2,0.6,1539.680024
2026-05-26T08:00:00+00:00,15919.75,15924.05,15919.55,15921.9,15919.5,15920,15923.8,15924.3,15919.4,15919.7,15921.7,15922.1,0.4,2338.990034
2026-05-26T08:15:00+00:00,15922,15923.65,15920.5,15922.5,15921.8,15922.2,15923.4,15923.9,15920.3,15920.7,15922.2,15922.8,0.6,1221.230017
2026-05-26T08:30:00+00:00,15922.65,15923.55,15922.25,15922.75,15922.4,15922.9,15923.3,15923.8,15922,15922.5,15922.4,15923.1,0.7,1309.060015
2026-05-26T08:45:00+00:00,15922.7,15923,15919.7,15921.3,15922.4,15923,15922.9,15923.1,15919.5,15919.9,15921.1,15921.5,0.4,1042.550014
2026-05-26T09:00:00+00:00,15921.15,15922.6,15918.55,15919.4,15920.9,15921.4,15922.4,15922.8,15918.3,15918.8,15919.1,15919.7,0.6,1518.440015
2026-05-26T09:15:00+00:00,15919.4,15919.75,15916.45,15918.25,15919.1,15919.7,15919.6,15919.9,15916.3,15916.6,15918,15918.5,0.5,1677.900023
2026-05-26T09:30:00+00:00,15918.15,15919.8,15917.75,15919.7,15917.9,15918.4,15919.6,15920,15917.5,15918,15919.4,15920,0.6,1125.400015
2026-05-26T09:45:00+00:00,15919.6,15919.8,15915.85,15915.95,15919.4,15919.8,15919.6,15920,15915.6,15916.1,15915.7,15916.2,0.5,1380.790015
2026-05-26T10:00:00+00:00,15916,15918,15914.45,15914.95,15915.8,15916.2,15917.7,15918.3,15914.1,15914.8,15914.6,15915.3,0.7,1518.470022
2026-05-26T10:15:00+00:00,15914.9,15915.6,15913.55,15913.65,15914.5,15915.3,15915.4,15915.8,15913.4,15913.7,15913.5,15913.8,0.3,1062.680014
2026-05-26T10:30:00+00:00,15913.6,15915,15910.85,15913.7,15913.5,15913.7,15914.7,15915.3,15910.6,15911.1,15913.5,15913.9,0.4,2678.570024
2026-05-26T10:45:00+00:00,15913.8,15915.2,15913.55,15914.7,15913.6,15914,15915,15915.4,15913.4,15913.7,15914.5,15914.9,0.4,1163.390019
2026-05-26T11:00:00+00:00,15914.55,15915.05,15913.75,15914.95,15914.5,15914.6,15914.8,15915.3,15913.5,15914,15914.6,15915.3,0.7,896.5900156
2026-05-26T11:15:00+00:00,15914.85,15915.9,15913.8,15914.9,15914.6,15915.1,15915.7,15916.1,15913.6,15914,15914.7,15915.1,0.4,1071.360014
2026-05-26T11:30:00+00:00,15914.95,15920,15914.95,15919.3,15914.7,15915.2,15919.9,15920.1,15914.7,15915.2,15919.1,15919.5,0.4,2415.410034
2026-05-26T11:45:00+00:00,15919.4,15921.4,15918.8,15919.4,15919.2,15919.6,15921.2,15921.6,15918.6,15919,15919.2,15919.6,0.4,1443.920022
2026-05-26T12:00:00+00:00,15919.35,15922.55,15918.75,15921.25,15919.2,15919.5,15922.4,15922.7,15918.5,15919,15921,15921.5,0.5,2232.480037
2026-05-26T12:15:00+00:00,15921.15,15922.2,15920.65,15921.25,15921,15921.3,15922,15922.4,15920.4,15920.9,15920.9,15921.6,0.7,1267.190019
2026-05-26T12:30:00+00:00,15921.3,15921.75,15919.05,15920.85,15921,15921.6,15921.6,15921.9,15918.9,15919.2,15920.6,15921.1,0.5,1170.660019
2026-05-26T12:45:00+00:00,15920.9,15922.95,15919.85,15922.65,15920.7,15921.1,15922.8,15923.1,15919.6,15920.1,15922.4,15922.9,0.5,1279.690018
2026-05-26T13:00:00+00:00,15923.05,15926.2,15922.8,15925.05,15922.9,15923.2,15926,15926.4,15922.6,15923,15924.8,15925.3,0.5,2102.15003
2026-05-26T13:15:00+00:00,15925.15,15926.05,15923,15926.05,15924.9,15925.4,15925.8,15926.3,15922.8,15923.2,15925.8,15926.3,0.5,1376.560017
2026-05-26T13:30:00+00:00,15926.05,15928.55,15925.55,15926.3,15925.8,15926.3,15928.4,15928.7,15925.3,15925.8,15926,15926.6,0.6,2207.750028
2026-05-26T13:45:00+00:00,15926.2,15930.1,15924.6,15927.85,15926,15926.4,15929.9,15930.3,15924.4,15924.8,15927.6,15928.1,0.5,4393.450047
2026-05-26T14:00:00+00:00,15927.8,15929.15,15925.25,15927.1,15927.5,15928.1,15928.9,15929.4,15925,15925.5,15927,15927.2,0.2,3020.990053
2026-05-26T14:15:00+00:00,15927.2,15927.9,15925.85,15926.3,15927,15927.4,15927.7,15928.1,15925.7,15926,15926.1,15926.5,0.4,2642.360061
2026-05-26T14:30:00+00:00,15926.25,15926.45,15922.85,15925.2,15926.1,15926.4,15926.3,15926.6,15922.6,15923.1,15924.8,15925.6,0.8,2479.580044
2026-05-26T14:45:00+00:00,15925.25,15932.6,15924.3,15932.2,15924.9,15925.6,15932.4,15932.8,15924.1,15924.5,15932,15932.4,0.4,2300.89004
2026-05-26T15:00:00+00:00,15932.2,15934.8,15930.25,15931.15,15932,15932.4,15934.6,15935,15930,15930.5,15930.9,15931.4,0.5,3031.890044
2026-05-26T15:15:00+00:00,15931.2,15935.25,15931.2,15934.4,15931,15931.4,15935.1,15935.4,15931,15931.4,15934.1,15934.7,0.6,2183.140038
2026-05-26T15:30:00+00:00,15934.35,15938.05,15932.85,15936.55,15934.1,15934.6,15937.8,15938.3,15932.6,15933.1,15936.3,15936.8,0.5,2952.640049
2026-05-26T15:45:00+00:00,15936.65,15937.25,15935.3,15936.4,15936.4,15936.9,15937,15937.5,15935.1,15935.5,15936.2,15936.6,0.4,1449.33002
2026-05-26T16:00:00+00:00,15936.35,15936.35,15930.05,15931.45,15936.2,15936.5,15936.2,15936.5,15929.9,15930.2,15931.2,15931.7,0.5,1200.570018
2026-05-26T16:15:00+00:00,15931.4,15931.65,15928.6,15931.4,15931.2,15931.6,15931.4,15931.9,15928.3,15928.9,15931.2,15931.6,0.4,1328.030022
2026-05-26T16:30:00+00:00,15931.45,15932.65,15928.55,15931.55,15931.2,15931.7,15932.4,15932.9,15928.2,15928.9,15931.4,15931.7,0.3,1246.95002
2026-05-26T16:45:00+00:00,15931.5,15933.9,15930.2,15930.85,15931.3,15931.7,15933.7,15934.1,15930,15930.4,15930.7,15931,0.3,1187.030022
2026-05-26T17:00:00+00:00,15930.95,15931.2,15928.7,15929.8,15930.8,15931.1,15931,15931.4,15928.5,15928.9,15929.5,15930.1,0.6,1033.030015
2026-05-26T17:15:00+00:00,15929.85,15932,15929.4,15931.85,15929.6,15930.1,15931.7,15932.3,15929.2,15929.6,15931.6,15932.1,0.5,883.0800198
2026-05-26T17:30:00+00:00,15931.95,15934.5,15931.25,15934.25,15931.7,15932.2,15934.2,15934.8,15931,15931.5,15934,15934.5,0.5,634.4100132
2026-05-26T17:45:00+00:00,15934.25,15938.05,15934.2,15936.35,15934,15934.5,15937.9,15938.2,15934,15934.4,15936.1,15936.6,0.5,1442.760014
2026-05-26T18:00:00+00:00,15936.25,15937.45,15934,15934.9,15936.1,15936.4,15937.3,15937.6,15933.8,15934.2,15934.7,15935.1,0.4,1499.610022
2026-05-26T18:15:00+00:00,15934.65,15935.15,15931.8,15933.15,15934.5,15934.8,15935,15935.3,15931.6,15932,15932.9,15933.4,0.5,1143.060019
2026-05-26T18:30:00+00:00,15933.4,15934.4,15931.8,15933.9,15933.2,15933.6,15934.2,15934.6,15931.6,15932,15933.7,15934.1,0.4,1031.040018
2026-05-26T18:45:00+00:00,15933.7,15933.7,15930.2,15933.4,15933.6,15933.8,15933.6,15933.8,15930,15930.4,15933.2,15933.6,0.4,1120.900016
2026-05-26T19:00:00+00:00,15933.6,15934.65,15931.6,15933.4,15933.4,15933.8,15934.4,15934.9,15931.4,15931.8,15933.3,15933.5,0.2,896.7200141
2026-05-26T19:15:00+00:00,15933.25,15933.35,15931.75,15933.25,15933.1,15933.4,15933.2,15933.5,15931.4,15932.1,15933,15933.5,0.5,751.4700103
2026-05-26T19:30:00+00:00,15933.15,15933.25,15930.6,15932,15932.9,15933.4,15933,15933.5,15930.4,15930.8,15931.8,15932.2,0.4,640.6600112
2026-05-26T19:45:00+00:00,15932.15,15932.25,15930.25,15931.85,15932,15932.3,15932,15932.5,15929.9,15930.6,15931.6,15932.1,0.5,672.3300098
2026-05-26T20:00:00+00:00,15931.8,15932.15,15930.3,15930.7,15931.6,15932,15931.9,15932.4,15930,15930.6,15930.4,15931,0.6,438.8600085
2026-05-26T20:15:00+00:00,15930.75,15932.15,15930.15,15930.8,15930.5,15931,15931.9,15932.4,15930,15930.3,15930.5,15931.1,0.6,395.9700056
2026-05-26T20:30:00+00:00,15930.85,15933.4,15930.7,15932.15,15930.6,15931.1,15933.1,15933.7,15930.4,15931,15931.9,15932.4,0.5,1012.780014
2026-05-26T20:45:00+00:00,15932.35,15932.35,15929.5,15930.45,15932.1,15932.6,15932.1,15932.6,15928.6,15930.4,15928.6,15932.3,3.7,1713.65002
2026-05-26T21:00:00+00:00,15930.55,15932.8,15929.8,15931.75,15928.7,15932.4,15929.4,15936.2,15927.9,15931.7,15928.9,15934.6,5.7,90.50000036
2026-05-26T21:15:00+00:00,15930.75,15932.15,15930.45,15930.95,15928.8,15932.7,15929.6,15934.7,15928.8,15932.1,15929.1,15932.8,3.7,109.7999995
2026-05-26T21:30:00+00:00,15930.85,15931.9,15930.45,15930.9,15929.1,15932.6,15929.1,15934.7,15928.6,15932.3,15928.7,15933.1,4.4,175.4999973
2026-05-26T21:45:00+00:00,15930.9,15931.6,15927.2,15927.65,15928.7,15933.1,15929.5,15933.7,15925.4,15929,15925.5,15929.8,4.3,135.1499977
2026-05-26T22:00:00+00:00,15926.85,15930.75,15926.65,15929.45,15925.5,15928.2,15930.2,15931.3,15925.3,15928,15928.9,15930,1.1,1048.200004
2026-05-26T22:15:00+00:00,15929.4,15930.4,15928.9,15929.2,15928.7,15930.1,15930.1,15930.7,15928.5,15929.3,15928.8,15929.6,0.8,597.0700097
2026-05-26T22:30:00+00:00,15929.15,15930.3,15928.7,15929,15928.7,15929.6,15929.9,15930.7,15928.3,15929.1,15928.6,15929.4,0.8,282.500005
2026-05-26T22:45:00+00:00,15928.9,15929.05,15926,15926.2,15928.6,15929.2,15928.7,15929.4,15925.6,15926.4,15925.7,15926.7,1,348.6700021
2026-05-26T23:00:00+00:00,15926.15,15927.75,15925,15926.25,15925.6,15926.7,15927.6,15927.9,15924.7,15925.3,15926,15926.5,0.5,491.2500111
2026-05-26T23:15:00+00:00,15926.2,15926.45,15923.6,15924.8,15925.9,15926.5,15926.2,15926.7,15923.3,15923.9,15924.6,15925,0.4,379.400008
2026-05-26T23:30:00+00:00,15924.95,15925.15,15922.05,15922.15,15924.7,15925.2,15924.9,15925.4,15922,15922.1,15922,15922.3,0.3,207.670004
2026-05-26T23:45:00+00:00,15922.05,15925.35,15920.3,15925.25,15922,15922.1,15925.1,15925.6,15920.1,15920.5,15925,15925.5,0.5,679.650015
2026-05-27T00:00:00+00:00,15925.3,15925.4,15920.5,15922.35,15925.1,15925.5,15925.2,15925.6,15920.3,15920.7,15922.1,15922.6,0.5,1979.630029
2026-05-27T00:15:00+00:00,15922.65,15923,15917.75,15920.15,15922.6,15922.7,15922.8,15923.2,15917.5,15918,15919.9,15920.4,0.5,2171.06004
2026-05-27T00:30:00+00:00,15919.95,15924,15919.8,15922.5,15919.7,15920.2,15923.8,15924.2,15919.6,15920,15922.3,15922.7,0.4,1266.660021
2026-05-27T00:45:00+00:00,15922.25,15931.2,15920.65,15928.2,15922.1,15922.4,15931,15931.4,15920.4,15920.9,15927.9,15928.5,0.6,3382.220065
2026-05-27T01:00:00+00:00,15928,15929.65,15922.7,15923.9,15927.8,15928.2,15929.4,15929.9,15922.5,15922.9,15923.6,15924.2,0.6,1559.930026
2026-05-27T01:15:00+00:00,15923.85,15925.75,15921.8,15924.4,15923.5,15924.2,15925.5,15926,15921.6,15922,15924.2,15924.6,0.4,1350.820019
2026-05-27T01:30:00+00:00,15924.35,15928.4,15924.15,15927.05,15924.1,15924.6,15928,15928.8,15923.9,15924.4,15926.8,15927.3,0.5,1916.400034
2026-05-27T01:45:00+00:00,15927.15,15930.55,15926.45,15930.05,15926.9,15927.4,15930.2,15930.9,15926.2,15926.7,15929.8,15930.3,0.5,1032.21002
2026-05-27T02:00:00+00:00,15929.9,15930.35,15926.2,15926.3,15929.7,15930.1,15930.1,15930.6,15926,15926.4,15926.1,15926.5,0.4,2315.640049
2026-05-27T02:15:00+00:00,15926.35,15929.35,15924.9,15929.15,15926.1,15926.6,15929.2,15929.5,15924.7,15925.1,15929.1,15929.2,0.1,1376.540019
2026-05-27T02:30:00+00:00,15929.1,15929.15,15925.65,15926.8,15928.9,15929.3,15929,15929.3,15925.5,15925.8,15926.6,15927,0.4,846.400018
2026-05-27T02:45:00+00:00,15926.75,15926.8,15922.4,15922.6,15926.6,15926.9,15926.6,15927,15922.1,15922.7,15922.1,15923.1,1,1187.470013
2026-05-27T03:00:00+00:00,15922.65,15922.8,15919.15,15920.5,15922.4,15922.9,15922.5,15923.1,15918.9,15919.4,15920.2,15920.8,0.6,1626.680027
2026-05-27T03:15:00+00:00,15920.45,15921.45,15918.95,15920,15920.2,15920.7,15921.3,15921.6,15918.6,15919.3,15919.8,15920.2,0.4,1114.870018
2026-05-27T03:30:00+00:00,15920.1,15923.2,15919.2,15921.3,15919.8,15920.4,15923,15923.4,15919,15919.4,15921.2,15921.4,0.2,1045.610017
2026-05-27T03:45:00+00:00,15921.45,15922.95,15920.5,15920.5,15921.3,15921.6,15922.8,15923.1,15920.3,15920.7,15920.3,15920.7,0.4,951.3000162
2026-05-27T04:00:00+00:00,15920.65,15921.9,15920.25,15921.6,15920.4,15920.9,15921.7,15922.1,15920.1,15920.4,15921.4,15921.8,0.4,297.3000052
2026-05-27T04:15:00+00:00,15921.55,15922.3,15919.9,15922.3,15921.4,15921.7,15922.1,15922.5,15919.7,15920.1,15922.1,15922.5,0.4,671.4000083
2026-05-27T04:30:00+00:00,15922.25,15924.6,15921.5,15922.85,15922,15922.5,15924.4,15924.8,15921.3,15921.7,15922.7,15923,0.3,745.0700109
2026-05-27T04:45:00+00:00,15922.7,15924.8,15922.7,15924.45,15922.5,15922.9,15924.6,15925,15922.5,15922.9,15924.2,15924.7,0.5,798.940012
2026-05-27T05:00:00+00:00,15924.5,15927,15923.2,15925.7,15924.2,15924.8,15926.8,15927.2,15923,15923.4,15925.5,15925.9,0.4,612.1100124
2026-05-27T05:15:00+00:00,15925.85,15927.75,15925.45,15926.6,15925.7,15926,15927.5,15928,15925.3,15925.6,15926.4,15926.8,0.4,421.4300089
2026-05-27T05:30:00+00:00,15926.7,15930.8,15926.6,15930.55,15926.5,15926.9,15930.5,15931.1,15926.4,15926.8,15930.3,15930.8,0.5,1504.010014
2026-05-27T05:45:00+00:00,15930.6,15935.15,15930.25,15934.95,15930.4,15930.8,15934.9,15935.4,15930,15930.5,15934.7,15935.2,0.5,2798.130026
2026-05-27T06:00:00+00:00,15935,15937.95,15933.75,15936.4,15934.8,15935.2,15937.7,15938.2,15933.5,15934,15936.1,15936.7,0.6,2482.060031
2026-05-27T06:15:00+00:00,15936.35,15937.4,15933.65,15934.9,15936,15936.7,15937.2,15937.6,15933.4,15933.9,15934.7,15935.1,0.4,1041.730018
2026-05-27T06:30:00+00:00,15934.95,15936.4,15931.9,15932.3,15934.7,15935.2,15936.2,15936.6,15931.7,15932.1,15932.1,15932.5,0.4,1265.110021
2026-05-27T06:45:00+00:00,15932.25,15936.2,15929.8,15935.5,15932,15932.5,15935.9,15936.5,15929.5,15930.1,15935.3,15935.7,0.4,1479.220021
2026-05-27T07:00:00+00:00,15935.4,15936.7,15933.7,15934.6,15935.1,15935.7,15936.5,15936.9,15933.5,15933.9,15934.4,15934.8,0.4,1572.190026
2026-05-27T07:15:00+00:00,15934.65,15935.8,15932.85,15935,15934.4,15934.9,15935.6,15936,15932.6,15933.1,15934.8,15935.2,0.4,1070.06002
2026-05-27T07:30:00+00:00,15934.95,15935.3,15930.75,15933.15,15934.8,15935.1,15935.1,15935.5,15930.6,15930.9,15932.9,15933.4,0.5,2253.980029
2026-05-27T07:45:00+00:00,15933.25,15936.65,15932.9,15935.85,15933,15933.5,15936.4,15936.9,15932.7,15933.1,15935.8,15935.9,0.1,2242.15002
2026-05-27T08:00:00+00:00,15935.85,15937.55,15931.9,15937.35,15935.8,15935.9,15937.3,15937.8,15931.7,15932.1,15937.1,15937.6,0.5,2396.270028
2026-05-27T08:15:00+00:00,15936.95,15944.55,15936.4,15943.55,15936.8,15937.1,15944.4,15944.7,15936.2,15936.6,15943.4,15943.7,0.3,2907.370042
2026-05-27T08:30:00+00:00,15943.6,15944,15937.25,15938.95,15943.5,15943.7,15943.8,15944.2,15936.9,15937.6,15938.7,15939.2,0.5,1451.740024
2026-05-27T08:45:00+00:00,15939,15940.2,15938.35,15939.4,15938.8,15939.2,15940,15940.4,15938.2,15938.5,15939.2,15939.6,0.4,1724.390024
2026-05-27T09:00:00+00:00,15939.45,15939.95,15933.9,15934.3,15939.2,15939.7,15939.8,15940.1,15933.7,15934.1,15934.1,15934.5,0.4,1131.910019
2026-05-27T09:15:00+00:00,15934.25,15935.3,15931.85,15933.65,15934,15934.5,15935.1,15935.5,15931.7,15932,15933.4,15933.9,0.5,1187.89002
2026-05-27T09:30:00+00:00,15933.5,15935.75,15933.5,15934.95,15933.3,15933.7,15935.5,15936,15933.3,15933.7,15934.6,15935.3,0.7,768.3400158
2026-05-27T09:45:00+00:00,15934.9,15936.05,15932.15,15935.75,15934.7,15935.1,15935.8,15936.3,15931.9,15932.4,15935.5,15936,0.5,1016.000013
2026-05-27T10:00:00+00:00,15935.65,15936.9,15934.75,15935.15,15935.3,15936,15936.6,15937.2,15934.5,15935,15934.9,15935.4,0.5,1336.99002
2026-05-27T10:15:00+00:00,15935.25,15939.25,15934.95,15937.8,15935,15935.5,15939,15939.5,15934.8,15935.1,15937.6,15938,0.4,1033.410017
2026-05-27T10:30:00+00:00,15937.95,15939.2,15936.45,15938.3,15937.8,15938.1,15939,15939.4,15936.2,15936.7,15938.2,15938.4,0.2,776.0500108
2026-05-27T10:45:00+00:00,15938.15,15939.2,15937.45,15938.5,15937.9,15938.4,15939,15939.4,15937.3,15937.6,15938.3,15938.7,0.4,843.4500145
2026-05-27T11:00:00+00:00,15938.7,15941.2,15937.45,15939,15938.5,15938.9,15941,15941.4,15937.3,15937.6,15938.8,15939.2,0.4,1023.710014
2026-05-27T11:15:00+00:00,15938.9,15942.1,15938.3,15942,15938.7,15939.1,15942,15942.2,15938.2,15938.4,15941.8,15942.2,0.4,774.990018
2026-05-27T11:30:00+00:00,15942.1,15944.8,15941,15942.25,15941.9,15942.3,15944.6,15945,15940.8,15941.2,15941.9,15942.6,0.7,1313.570017
2026-05-27T11:45:00+00:00,15942.3,15944.95,15942.2,15943.35,15942,15942.6,15944.8,15945.1,15942,15942.4,15943.1,15943.6,0.5,2422.81003
2026-05-27T12:00:00+00:00,15943.15,15944.65,15941.45,15944.15,15943,15943.3,15944.5,15944.8,15941.3,15941.6,15943.9,15944.4,0.5,2242.800037
2026-05-27T12:15:00+00:00,15944.25,15944.85,15924.7,15933,15944,15944.5,15944.7,15945,15924.5,15924.9,15932.8,15933.2,0.4,10808.09018
2026-05-27T12:30:00+00:00,15933.1,15937.35,15929.25,15937.15,15933,15933.2,15937,15937.7,15929,15929.5,15936.8,15937.5,0.7,5015.810093
2026-05-27T12:45:00+00:00,15937.2,15942.35,15936.95,15941.8,15937,15937.4,15942.2,15942.5,15936.8,15937.1,15941.6,15942,0.4,2545.060044
2026-05-27T13:00:00+00:00,15941.8,15942.8,15939.05,15940.9,15941.6,15942,15942.6,15943,15938.9,15939.2,15940.7,15941.1,0.4,3460.780054
2026-05-27T13:15:00+00:00,15940.8,15943,15940.25,15941.95,15940.5,15941.1,15942.8,15943.2,15940.1,15940.4,15941.8,15942.1,0.3,2471.42004
2026-05-27T13:30:00+00:00,15942.05,15943.6,15940.7,15941.15,15941.8,15942.3,15943.4,15943.8,15940.5,15940.9,15941,15941.3,0.3,2367.120042
2026-05-27T13:45:00+00:00,15941.2,15941.85,15938.5,15938.5,15941,15941.4,15941.7,15942,15938.3,15938.7,15938.3,15938.7,0.4,4186.950075
2026-05-27T14:00:00+00:00,15938.4,15941.45,15937.6,15938.3,15938.2,15938.6,15941.2,15941.7,15937.4,15937.8,15938.1,15938.5,0.4,2567.420035
2026-05-27T14:15:00+00:00,15938.35,15941.1,15937.05,15939.55,15938.2,15938.5,15940.9,15941.3,15936.9,15937.2,15939.4,15939.7,0.3,3043.250048
2026-05-27T14:30:00+00:00,15939.3,15945.1,15938.1,15941.8,15939.2,15939.4,15944.9,15945.3,15937.9,15938.3,15941.6,15942,0.4,4459.130065
2026-05-27T14:45:00+00:00,15941.8,15951.15,15940.35,15951,15941.5,15942.1,15950.9,15951.4,15940.1,15940.6,15950.7,15951.3,0.6,9203.030112
2026-05-27T15:00:00+00:00,15951.05,15953.7,15945.25,15945.8,15950.8,15951.3,15953.5,15953.9,15945.1,15945.4,15945.6,15946,0.4,5603.850066
2026-05-27T15:15:00+00:00,15945.9,15949.3,15945.9,15947.15,15945.7,15946.1,15949.2,15949.4,15945.7,15946.1,15946.9,15947.4,0.5,2247.89004
2026-05-27T15:30:00+00:00,15946.9,15949.3,15943.65,15948.4,15946.7,15947.1,15949.1,15949.5,15943.4,15943.9,15948.2,15948.6,0.4,2866.770049
2026-05-27T15:45:00+00:00,15948.5,15950.5,15945.9,15947.4,15948.1,15948.9,15950.3,15950.7,15945.6,15946.2,15947.2,15947.6,0.4,1539.640029
2026-05-27T16:00:00+00:00,15947.1,15952.65,15946.95,15951.1,15946.9,15947.3,15952.5,15952.8,15946.8,15947.1,15950.9,15951.3,0.4,1909.140035
2026-05-27T16:15:00+00:00,15951.05,15951.7,15948.5,15950.5,15950.9,15951.2,15951.5,15951.9,15948.3,15948.7,15950.1,15950.9,0.8,925.2300137
2026-05-27T16:30:00+00:00,15950.45,15951.95,15948.5,15949.6,15950.2,15950.7,15951.8,15952.1,15948.3,15948.7,15949.4,15949.8,0.4,740.4900161
2026-05-27T16:45:00+00:00,15949.65,15950.6,15949.15,15949.8,15949.5,15949.8,15950.4,15950.8,15949,15949.3,15949.6,15950,0.4,626.7800126
2026-05-27T17:00:00+00:00,15949.75,15954.95,15949.6,15954.5,15949.5,15950,15954.8,15955.1,15949.4,15949.8,15954.4,15954.6,0.2,1704.02003
2026-05-27T17:15:00+00:00,15954.4,15957.95,15954.15,15957.05,15954.3,15954.5,15957.8,15958.1,15954,15954.3,15956.9,15957.2,0.3,1181.650016
2026-05-27T17:30:00+00:00,15957.1,15957.55,15952.85,15952.85,15957,15957.2,15957.5,15957.6,15952.7,15953,15952.7,15953,0.3,1040.40002
2026-05-27T17:45:00+00:00,15952.9,15953.35,15951.6,15952.5,15952.8,15953,15953.1,15953.6,15951.5,15951.7,15952.3,15952.7,0.4,1073.420023
2026-05-27T18:00:00+00:00,15952.75,15954.8,15951.95,15954.7,15952.6,15952.9,15954.6,15955,15951.8,15952.1,15954.5,15954.9,0.4,717.0500144
2026-05-27T18:15:00+00:00,15954.55,15955.8,15952.35,15953.25,15954.4,15954.7,15955.7,15955.9,15952.2,15952.5,15953.1,15953.4,0.3,824.7000132
2026-05-27T18:30:00+00:00,15953.3,15954.75,15952.2,15952.4,15953.1,15953.5,15954.5,15955,15952,15952.4,15952.1,15952.7,0.6,763.1500161
2026-05-27T18:45:00+00:00,15952.7,15953.4,15949.5,15950.55,15952.6,15952.8,15953.1,15953.7,15949.3,15949.7,15950.2,15950.9,0.7,866.3900129
2026-05-27T19:00:00+00:00,15950.7,15953.25,15950.2,15952.45,15950.5,15950.9,15953.1,15953.4,15950,15950.4,15952.3,15952.6,0.3,658.4200099
2026-05-27T19:15:00+00:00,15952.4,15953.1,15951.8,15952.25,15952.2,15952.6,15952.9,15953.3,15951.6,15952,15952.1,15952.4,0.3,524.4000089
2026-05-27T19:30:00+00:00,15952.4,15953.4,15950.85,15953.05,15952.2,15952.6,15953.3,15953.5,15950.7,15951,15952.9,15953.2,0.3,703.9100132
2026-05-27T19:45:00+00:00,15953.15,15955.25,15952.95,15954.05,15953,15953.3,15955,15955.5,15952.8,15953.1,15953.9,15954.2,0.3,640.8300134
2026-05-27T20:00:00+00:00,15954.1,15954.2,15950.4,15951.65,15954,15954.2,15954,15954.4,15950.1,15950.7,15951.4,15951.9,0.5,1079.590015
2026-05-27T20:15:00+00:00,15951.6,15953.75,15951.55,15952.65,15951.4,15951.8,15953.5,15954,15951.3,15951.8,15952.3,15953,0.7,546.4900109
2026-05-27T20:30:00+00:00,15952.6,15953.55,15952.05,15952.5,15952.3,15952.9,15953.3,15953.8,15951.8,15952.3,15952.3,15952.7,0.4,803.5600097
2026-05-27T20:45:00+00:00,15952.65,15954,15951.55,15952.8,15952.4,15952.9,15953.7,15954.3,15950.7,15952.4,15951.3,15954.3,3,1402.590023
2026-05-27T21:00:00+00:00,15952.1,15953.15,15946.5,15947.85,15950.3,15953.9,15950.3,15956,15941.7,15951.3,15943.6,15952.1,8.5,137.5900013
2026-05-27T21:15:00+00:00,15949,15949,15946.15,15947.35,15945.9,15952.1,15945.9,15952.1,15942.1,15950.2,15944.4,15950.3,5.9,117.9000013
2026-05-27T21:30:00+00:00,15948.05,15948.5,15945.65,15946.3,15945.8,15950.3,15945.8,15951.2,15943.8,15947.5,15944.1,15948.5,4.4,243.5000053
2026-05-27T21:45:00+00:00,15945.8,15948.45,15944.75,15947.85,15944.1,15947.5,15947,15949.9,15942.4,15947.1,15946.7,15949,2.3,285.7500021
2026-05-27T22:00:00+00:00,15947.7,15951.2,15947,15949.2,15946.4,15949,15950.8,15951.6,15946.2,15947.8,15948.8,15949.6,0.8,555.8299997
2026-05-27T22:15:00+00:00,15949.3,15949.6,15947.35,15949.5,15948.9,15949.7,15949.2,15950,15947,15947.7,15949,15950,1,284.9200065
2026-05-27T22:30:00+00:00,15949.35,15951.1,15948.35,15950.4,15949.1,15949.6,15950.8,15951.4,15948,15948.7,15950.1,15950.7,0.6,327.7400079
2026-05-27T22:45:00+00:00,15950.45,15951.8,15950.3,15950.4,15950.2,15950.7,15951.5,15952.1,15949.9,15950.7,15950,15950.8,0.8,298.2800061
2026-05-27T23:00:00+00:00,15950.7,15951.25,15949.65,15950.75,15950.3,15951.1,15951,15951.5,15949.3,15950,15950.5,15951,0.5,113.2500031
2026-05-27T23:15:00+00:00,15950.9,15954.8,15949.55,15954.35,15950.7,15951.1,15954.5,15955.1,15949.3,15949.8,15954.1,15954.6,0.5,758.9900144
2026-05-27T23:30:00+00:00,15954.8,15955.95,15952.5,15954.65,15954.6,15955,15955.7,15956.2,15952.1,15952.9,15954.4,15954.9,0.5,824.7300129
2026-05-27T23:45:00+00:00,15954.8,15957.8,15954.4,15957.15,15954.6,15955,15957.6,15958,15954.1,15954.7,15956.9,15957.4,0.5,554.9000113
2026-05-28T00:00:00+00:00,15957.4,15958.35,15955.25,15956.75,15957.2,15957.6,15958.1,15958.6,15955,15955.5,15956.4,15957.1,0.7,1235.610021
2026-05-28T00:15:00+00:00,15956.75,15957.65,15954.55,15955.05,15956.4,15957.1,15957.3,15958,15954.3,15954.8,15954.7,15955.4,0.7,998.9700187
2026-05-28T00:30:00+00:00,15954.95,15959.45,15954.95,15957.75,15954.7,15955.2,15959.2,15959.7,15954.7,15955.2,15957.5,15958,0.5,1194.540022
2026-05-28T00:45:00+00:00,15957.65,15960.2,15955.5,15955.8,15957.4,15957.9,15959.9,15960.5,15955.2,15955.8,15955.5,15956.1,0.6,2375.630033
2026-05-28T01:00:00+00:00,15956,15957.9,15954.05,15955.15,15955.8,15956.2,15957.6,15958.2,15953.8,15954.3,15954.8,15955.5,0.7,1611.190022
2026-05-28T01:15:00+00:00,15955.05,15955.75,15953.95,15955.4,15954.7,15955.4,15955.6,15955.9,15953.7,15954.2,15955.1,15955.7,0.6,905.3200132
2026-05-28T01:30:00+00:00,15955.25,15957.95,15953.95,15957.55,15955,15955.5,15957.7,15958.2,15953.7,15954.2,15957.4,15957.7,0.3,638.9500113
2026-05-28T01:45:00+00:00,15957.6,15959.2,15957.35,15958.95,15957.5,15957.7,15959,15959.4,15957.2,15957.5,15958.7,15959.2,0.5,796.3700136
2026-05-28T02:00:00+00:00,15958.85,15960.3,15957.05,15957.45,15958.5,15959.2,15960.1,15960.5,15956.9,15957.2,15957.2,15957.7,0.5,891.3600168
2026-05-28T02:15:00+00:00,15957.5,15957.5,15953,15953.9,15957.3,15957.7,15957.3,15957.7,15952.8,15953.2,15953.7,15954.1,0.4,412.7200075
2026-05-28T02:30:00+00:00,15953.75,15956.3,15952.45,15955.5,15953.6,15953.9,15956,15956.6,15952.4,15952.5,15955.3,15955.7,0.4,556.0500082
2026-05-28T02:45:00+00:00,15955.55,15958.15,15955.5,15955.85,15955.4,15955.7,15958,15958.3,15955.3,15955.7,15955.8,15955.9,0.1,975.5900196
2026-05-28T03:00:00+00:00,15955.8,15957.35,15954,15956.8,15955.7,15955.9,15957,15957.7,15953.7,15954.3,15956.6,15957,0.4,1784.030023
2026-05-28T03:15:00+00:00,15956.8,15958.95,15956.75,15958.6,15956.6,15957,15958.7,15959.2,15956.5,15957,15958.4,15958.8,0.4,1175.250019
2026-05-28T03:30:00+00:00,15958.55,15963.2,15958.5,15962.6,15958.4,15958.7,15963,15963.4,15958.3,15958.7,15962.3,15962.9,0.6,1808.490033
2026-05-28T03:45:00+00:00,15962.6,15965.3,15961.7,15961.8,15962.3,15962.9,15965.1,15965.5,15961.4,15962,15961.6,15962,0.4,1642.54002
2026-05-28T04:00:00+00:00,15961.9,15961.95,15953.35,15953.6,15961.8,15962,15961.8,15962.1,15953.2,15953.5,15953.3,15953.9,0.6,2292.410033
2026-05-28T04:15:00+00:00,15953.25,15957.7,15952.65,15956.5,15953.1,15953.4,15957.4,15958,15952.4,15952.9,15956.3,15956.7,0.4,1900.170029
2026-05-28T04:30:00+00:00,15956.4,15959,15954,15958.2,15956.2,15956.6,15958.8,15959.2,15953.8,15954.2,15957.8,15958.6,0.8,636.0700096
2026-05-28T04:45:00+00:00,15958.1,15959.55,15957.1,15957.8,15957.8,15958.4,15959.2,15959.9,15956.9,15957.3,15957.5,15958.1,0.6,738.7800099
2026-05-28T05:00:00+00:00,15957.75,15958.15,15955.05,15955.55,15957.5,15958,15957.9,15958.4,15954.8,15955.3,15955.3,15955.8,0.5,1229.790015
2026-05-28T05:15:00+00:00,15955.8,15957.75,15954.9,15956.75,15955.7,15955.9,15957.5,15958,15954.7,15955.1,15956.4,15957.1,0.7,594.6500107
2026-05-28T05:30:00+00:00,15956.65,15956.8,15953.85,15954.3,15956.4,15956.9,15956.6,15957,15953.6,15954.1,15954.1,15954.5,0.4,1099.100018
2026-05-28T05:45:00+00:00,15954.2,15956.75,15953.3,15955.8,15954,15954.4,15956.4,15957.1,15953.1,15953.5,15955.6,15956,0.4,550.0900131
2026-05-28T06:00:00+00:00,15955.6,15957.35,15952.1,15952.2,15955.4,15955.8,15957.1,15957.6,15951.8,15952.4,15951.8,15952.6,0.8,2048.820026
2026-05-28T06:15:00+00:00,15952.2,15953.35,15950.7,15952.1,15951.9,15952.5,15953.2,15953.5,15950.5,15950.9,15951.9,15952.3,0.4,1550.320022
2026-05-28T06:30:00+00:00,15952.4,15953.4,15947.35,15947.7,15952.3,15952.5,15953.2,15953.6,15947.1,15947.6,15947.5,15947.9,0.4,2171.220025
2026-05-28T06:45:00+00:00,15947.8,15949.45,15947.2,15949.15,15947.5,15948.1,15949.2,15949.7,15946.9,15947.5,15948.9,15949.4,0.5,1742.980014
2026-05-28T07:00:00+00:00,15948.95,15949.7,15944.2,15946.65,15948.6,15949.3,15949.5,15949.9,15944,15944.4,15946.5,15946.8,0.3,2186.890029
2026-05-28T07:15:00+00:00,15946.85,15951.4,15946.75,15950.75,15946.7,15947,15951.3,15951.5,15946.5,15947,15950.6,15950.9,0.3,2628.130022
2026-05-28T07:30:00+00:00,15950.7,15952.4,15949.05,15949.5,15950.5,15950.9,15952.2,15952.6,15948.8,15949.3,15949.3,15949.7,0.4,1694.140024
2026-05-28T07:45:00+00:00,15949.35,15951.3,15947.15,15947.9,15949.2,15949.5,15951.1,15951.5,15947,15947.3,15947.7,15948.1,0.4,1467.850023
2026-05-28T08:00:00+00:00,15947.7,15949.8,15945.1,15949.4,15947.5,15947.9,15949.6,15950,15945,15945.2,15949.2,15949.6,0.4,1940.67003
2026-05-28T08:15:00+00:00,15949.45,15952.65,15948.55,15950.3,15949.2,15949.7,15952.4,15952.9,15948.3,15948.8,15950.1,15950.5,0.4,1893.390019
2026-05-28T08:30:00+00:00,15950.35,15951.4,15947.15,15948,15950.1,15950.6,15951.2,15951.6,15946.9,15947.4,15947.8,15948.2,0.4,1567.080019
2026-05-28T08:45:00+00:00,15948.05,15949.15,15945.35,15945.8,15947.9,15948.2,15949,15949.3,15945.1,15945.6,15945.6,15946,0.4,973.3600166
2026-05-28T09:00:00+00:00,15945.75,15947,15942.05,15942.35,15945.6,15945.9,15946.8,15947.2,15941.8,15942.3,15942.1,15942.6,0.5,1505.680018
2026-05-28T09:15:00+00:00,15942.35,15943.15,15938.3,15939.5,15942.1,15942.6,15942.9,15943.4,15938,15938.6,15939.3,15939.7,0.4,1339.05002
2026-05-28T09:30:00+00:00,15939.8,15942.75,15939.1,15939.3,15939.6,15940,15942.5,15943,15938.9,15939.3,15939,15939.6,0.6,1314.220018
2026-05-28T09:45:00+00:00,15939.4,15942,15939.1,15941.7,15939.2,15939.6,15941.8,15942.2,15938.9,15939.3,15941.5,15941.9,0.4,916.5400192
2026-05-28T10:00:00+00:00,15941.7,15942.2,15938.2,15938.3,15941.5,15941.9,15942.1,15942.3,15938,15938.4,15938.1,15938.5,0.4,771.1100156
2026-05-28T10:15:00+00:00,15938.05,15940.8,15938,15939.15,15937.9,15938.2,15940.6,15941,15937.8,15938.2,15939,15939.3,0.3,1071.94002
2026-05-28T10:30:00+00:00,15939.2,15945.7,15939.15,15945.4,15939,15939.4,15945.5,15945.9,15939,15939.3,15945.1,15945.7,0.6,825.5000135
2026-05-28T10:45:00+00:00,15945.35,15946.7,15941.4,15946.7,15945.2,15945.5,15946.5,15946.9,15941.2,15941.6,15946.5,15946.9,0.4,2443.550043
2026-05-28T11:00:00+00:00,15946.8,15946.95,15942.25,15944.25,15946.6,15947,15946.7,15947.2,15942.1,15942.4,15944.1,15944.4,0.3,2579.310045
2026-05-28T11:15:00+00:00,15944.15,15945.9,15941.8,15945.6,15943.9,15944.4,15945.8,15946,15941.6,15942,15945.4,15945.8,0.4,1196.810021
2026-05-28T11:30:00+00:00,15945.65,15946.25,15944.55,15945.25,15945.5,15945.8,15946.1,15946.4,15944.3,15944.8,15944.9,15945.6,0.7,823.590013
2026-05-28T11:45:00+00:00,15945.2,15946.9,15944.2,15946.35,15944.9,15945.5,15946.7,15947.1,15944,15944.4,15946.3,15946.4,0.1,1933.650036
2026-05-28T12:00:00+00:00,15946.1,15946.2,15942.1,15942.1,15945.9,15946.3,15946,15946.4,15941.9,15942.3,15941.9,15942.3,0.4,2363.870039
2026-05-28T12:15:00+00:00,15942.3,15944.5,15940.85,15942.15,15942.1,15942.5,15944.2,15944.8,15940.6,15941.1,15941.5,15942.8,1.3,1911.990029
2026-05-28T12:30:00+00:00,15942.25,15942.45,15932.65,15935.25,15941.5,15943,15941.5,15943.4,15932.2,15933.1,15935,15935.5,0.5,5041.230076
2026-05-28T12:45:00+00:00,15935.35,15937.5,15931.6,15936.9,15935.1,15935.6,15937.3,15937.7,15931.4,15931.8,15936.7,15937.1,0.4,2956.890046
2026-05-28T13:00:00+00:00,15936.85,15938.9,15932.3,15938.45,15936.6,15937.1,15938.7,15939.1,15932.1,15932.5,15938.2,15938.7,0.5,3194.460047
2026-05-28T13:15:00+00:00,15938.4,15940.1,15937.45,15939,15938.1,15938.7,15939.9,15940.3,15937.2,15937.7,15938.8,15939.2,0.4,2375.080027
2026-05-28T13:30:00+00:00,15938.75,15943.55,15938.3,15941.7,15938.6,15938.9,15943.4,15943.7,15938.1,15938.5,15941.5,15941.9,0.4,2834.390035
2026-05-28T13:45:00+00:00,15941.85,15945.95,15940.2,15945.35,15941.7,15942,15945.8,15946.1,15940,15940.4,15944.9,15945.8,0.9,2184.680032
2026-05-28T14:00:00+00:00,15945.55,15949.3,15918.45,15928.9,15945.2,15945.9,15949.1,15949.5,15918,15918.9,15928.7,15929.1,0.4,6046.450101
2026-05-28T14:15:00+00:00,15928.85,15935.5,15921.5,15924.25,15928.6,15929.1,15935.3,15935.7,15921.3,15921.7,15924,15924.5,0.5,8154.40014
2026-05-28T14:30:00+00:00,15924.4,15934.1,15920.45,15923.55,15924.1,15924.7,15933.8,15934.4,15920.3,15920.6,15923.4,15923.7,0.3,9209.090127
2026-05-28T14:45:00+00:00,15923.5,15930.1,15920.35,15922.6,15923.3,15923.7,15930,15930.2,15920.1,15920.6,15922.4,15922.8,0.4,9227.350118
2026-05-28T15:00:00+00:00,15922.5,15924,15918.5,15920.75,15922.3,15922.7,15923.7,15924.3,15918.3,15918.7,15920.6,15920.9,0.3,4562.610071
2026-05-28T15:15:00+00:00,15920.6,15924.15,15918.4,15921.05,15920.4,15920.8,15924,15924.3,15918.2,15918.6,15920.9,15921.2,0.3,2316.180036
2026-05-28T15:30:00+00:00,15920.85,15929.65,15919.9,15927.65,15920.7,15921,15929.5,15929.8,15919.7,15920.1,15927.5,15927.8,0.3,2320.710044
2026-05-28T15:45:00+00:00,15927.75,15929.45,15926.6,15929.3,15927.5,15928,15929.3,15929.6,15926.4,15926.8,15929.1,15929.5,0.4,1754.940034
2026-05-28T16:00:00+00:00,15929.25,15933.9,15927.35,15927.75,15929.1,15929.4,15933.7,15934.1,15927.2,15927.5,15927.6,15927.9,0.3,2593.510045
2026-05-28T16:15:00+00:00,15927.6,15930.6,15911.4,15917.3,15927.5,15927.7,15930.4,15930.8,15911.3,15911.5,15917.2,15917.4,0.2,4657.310082
2026-05-28T16:30:00+00:00,15917.4,15921.7,15917.4,15918.65,15917.3,15917.5,15921.5,15921.9,15917.3,15917.5,15918.4,15918.9,0.5,3420.550063
2026-05-28T16:45:00+00:00,15918.55,15918.8,15915.15,15916.55,15918.3,15918.8,15918.6,15919,15914.9,15915.4,15916.4,15916.7,0.3,2599.58005
2026-05-28T17:00:00+00:00,15916.45,15920.05,15914.85,15919.95,15916.2,15916.7,15919.9,15920.2,15914.6,15915.1,15919.8,15920.1,0.3,1798.090026
2026-05-28T17:15:00+00:00,15919.85,15924.1,15918.75,15924,15919.6,15920.1,15923.9,15924.3,15918.5,15919,15923.7,15924.3,0.6,931.5700184
2026-05-28T17:30:00+00:00,15923.9,15923.9,15919.75,15921.2,15923.7,15924.1,15923.7,15924.1,15919.5,15920,15921,15921.4,0.4,717.1500182
2026-05-28T17:45:00+00:00,15921.05,15923.65,15919.1,15920.05,15920.9,15921.2,15923.5,15923.8,15919,15919.2,15919.9,15920.2,0.3,1304.850025
2026-05-28T18:00:00+00:00,15919.9,15923.2,15918.55,15920.35,15919.7,15920.1,15923.1,15923.3,15918.3,15918.8,15920.3,15920.4,0.1,1593.650036
2026-05-28T18:15:00+00:00,15920.4,15925.55,15917.5,15925,15920.3,15920.5,15925.5,15925.6,15917.3,15917.7,15924.8,15925.2,0.4,3387.700059
2026-05-28T18:30:00+00:00,15925.1,15928.45,15925.05,15927.5,15924.9,15925.3,15928.3,15928.6,15924.9,15925.2,15927.3,15927.7,0.4,1912.890027
2026-05-28T18:45:00+00:00,15927.6,15927.6,15924.75,15925.9,15927.5,15927.7,15927.5,15927.7,15924.5,15925,15925.7,15926.1,0.4,2770.610026
2026-05-28T19:00:00+00:00,15926,15928.85,15925.7,15927.8,15925.8,15926.2,15928.6,15929.1,15925.5,15925.9,15927.7,15927.9,0.2,1349.660023
2026-05-28T19:15:00+00:00,15927.7,15927.95,15925.3,15925.35,15927.5,15927.9,15927.8,15928.1,15925.2,15925.4,15925.2,15925.5,0.3,613.8300154
2026-05-28T19:30:00+00:00,15925.4,15925.55,15920.95,15920.95,15925.2,15925.6,15925.3,15925.8,15920.7,15921.2,15920.7,15921.2,0.5,1254.760031
2026-05-28T19:45:00+00:00,15921.2,15925.2,15921.1,15924.9,15921.1,15921.3,15925.1,15925.3,15920.9,15921.3,15924.7,15925.1,0.4,1531.170035
2026-05-28T20:00:00+00:00,15924.75,15926.4,15923.95,15924.95,15924.5,15925,15926.1,15926.7,15923.7,15924.2,15924.7,15925.2,0.5,1182.850021
2026-05-28T20:15:00+00:00,15924.9,15927.2,15923.8,15926.25,15924.6,15925.2,15926.9,15927.5,15923.5,15924.1,15925.9,15926.6,0.7,433.5700068
2026-05-28T20:30:00+00:00,15926.3,15927.5,15925,15926.1,15926,15926.6,15927.2,15927.8,15924.7,15925.3,15925.8,15926.4,0.6,473.4000072
2026-05-28T20:45:00+00:00,15926.05,15926.5,15923.35,15924.05,15925.8,15926.3,15926.1,15926.9,15922.2,15924.5,15922.7,15925.4,2.7,913.3300132
2026-05-28T21:00:00+00:00,15924.1,15924.5,15920.5,15921.25,15922.7,15925.5,15922.7,15926.3,15917.9,15923.1,15918.4,15924.1,5.7,67.0500018
2026-05-28T21:15:00+00:00,15921.45,15921.8,15920.55,15921.25,15919,15923.9,15919.4,15924.2,15918,15923.1,15918.8,15923.7,4.9,101.4000039
2026-05-28T21:30:00+00:00,15921.7,15926.05,15921.1,15924.15,15919.7,15923.7,15923.3,15928.8,15918.9,15923.3,15922,15926.3,4.3,1197.150032
2026-05-28T21:45:00+00:00,15924.1,15925.7,15923,15925.35,15922,15926.2,15923.2,15928.2,15920.8,15925.2,15922.6,15928.1,5.5,249.750006
2026-05-28T22:00:00+00:00,15925.2,15926.85,15921.9,15922.65,15922.5,15927.9,15925.8,15927.9,15921.1,15922.7,15922.3,15923,0.7,878.9100056
2026-05-28T22:15:00+00:00,15922.7,15925.65,15922.7,15925.3,15922.3,15923.1,15925.3,15926,15922.3,15923.1,15925,15925.6,0.6,390.9700078
2026-05-28T22:30:00+00:00,15925.3,15928,15925.2,15925.35,15925,15925.6,15927.7,15928.3,15924.9,15925.5,15925,15925.7,0.7,387.7000059
2026-05-28T22:45:00+00:00,15925.3,15927.85,15923.9,15926.6,15925,15925.6,15927.5,15928.2,15923.5,15924.3,15926.2,15927,0.8,570.7900077
2026-05-28T23:00:00+00:00,15926.6,15926.8,15923.7,15925.4,15926.2,15927,15926.5,15927.1,15923.5,15923.9,15925.2,15925.6,0.4,547.6100135
2026-05-28T23:15:00+00:00,15925.35,15925.65,15923.5,15924.05,15925.1,15925.6,15925.4,15925.9,15923.2,15923.8,15923.5,15924.6,1.1,460.550007
2026-05-28T23:30:00+00:00,15924.1,15928.15,15922.65,15926.7,15923.5,15924.7,15927.5,15928.8,15922.3,15923,15926.5,15926.9,0.4,930.3700103
2026-05-28T23:45:00+00:00,15926.8,15927.85,15922.35,15927.45,15926.4,15927.2,15927.5,15928.2,15922,15922.7,15927.2,15927.7,0.5,995.1600164
2026-05-29T00:00:00+00:00,15927.05,15931.3,15926.25,15929.15,15927,15927.1,15931.1,15931.5,15926,15926.5,15929,15929.3,0.3,2120.390029
2026-05-29T00:15:00+00:00,15929.25,15929.7,15924.85,15927.7,15929,15929.5,15929.4,15930,15924.6,15925.1,15927.5,15927.9,0.4,1760.860024
2026-05-29T00:30:00+00:00,15927.75,15930.35,15926.7,15927.55,15927.5,15928,15930.2,15930.5,15926.5,15926.9,15927.3,15927.8,0.5,1345.63002
2026-05-29T00:45:00+00:00,15927.55,15932.65,15927.4,15929.3,15927.4,15927.7,15932.5,15932.8,15927.2,15927.6,15929.1,15929.5,0.4,2458.660054
2026-05-29T01:00:00+00:00,15929.25,15931.9,15925.45,15926.35,15929.1,15929.4,15931.7,15932.1,15925.1,15925.8,15926,15926.7,0.7,1821.680033
2026-05-29T01:15:00+00:00,15926.3,15928,15925.45,15927.55,15925.9,15926.7,15927.8,15928.2,15925.2,15925.7,15927.2,15927.9,0.7,1515.45002
2026-05-29T01:30:00+00:00,15927.65,15929.4,15927.25,15928.85,15927.4,15927.9,15929.1,15929.7,15927,15927.5,15928.6,15929.1,0.5,985.5200126
2026-05-29T01:45:00+00:00,15928.95,15932.9,15928.95,15931.6,15928.7,15929.2,15932.7,15933.1,15928.7,15929.2,15931.5,15931.7,0.2,1349.300019
2026-05-29T02:00:00+00:00,15931.8,15932.3,15929.65,15929.8,15931.7,15931.9,15932,15932.6,15929.3,15930,15929.6,15930,0.4,1082.420016
2026-05-29T02:15:00+00:00,15929.85,15931.35,15929.65,15929.9,15929.5,15930.2,15931.2,15931.5,15929.4,15929.9,15929.7,15930.1,0.4,1006.55002
2026-05-29T02:30:00+00:00,15930.2,15931.05,15927.7,15928.75,15930.1,15930.3,15930.9,15931.2,15927.5,15927.9,15928.5,15929,0.5,549.9000126
2026-05-29T02:45:00+00:00,15928.2,15931.45,15927.45,15931.4,15928.1,15928.3,15931.3,15931.6,15927.3,15927.6,15931.2,15931.6,0.4,525.9500132
2026-05-29T03:00:00+00:00,15931.5,15934.05,15931.2,15933.2,15931.3,15931.7,15933.8,15934.3,15931,15931.4,15932.9,15933.5,0.6,1036.270021
2026-05-29T03:15:00+00:00,15933.15,15935.55,15932.55,15933.65,15932.7,15933.6,15935.4,15935.7,15932.3,15932.8,15933.4,15933.9,0.5,1200.540023
2026-05-29T03:30:00+00:00,15933.6,15935.2,15932.35,15934.3,15933.3,15933.9,15935,15935.4,15932.1,15932.6,15934.1,15934.5,0.4,917.4100149
2026-05-29T03:45:00+00:00,15934.2,15936.85,15934.15,15936.1,15934,15934.4,15936.7,15937,15934,15934.3,15935.9,15936.3,0.4,773.7300135
2026-05-29T04:00:00+00:00,15936.1,15937.85,15934.35,15935.1,15935.9,15936.3,15937.7,15938,15934.2,15934.5,15934.9,15935.3,0.4,805.6900159
2026-05-29T04:15:00+00:00,15934.95,15935.55,15933.75,15933.9,15934.8,15935.1,15935.4,15935.7,15933.5,15934,15933.7,15934.1,0.4,1003.500018
2026-05-29T04:30:00+00:00,15934.05,15935.8,15931.85,15932.15,15933.8,15934.3,15935.6,15936,15931.6,15932.1,15931.9,15932.4,0.5,848.3200127
2026-05-29T04:45:00+00:00,15932.15,15932.65,15930.15,15930.25,15932,15932.3,15932.4,15932.9,15930,15930.3,15930,15930.5,0.5,652.7900112
2026-05-29T05:00:00+00:00,15930.2,15932.75,15928.55,15928.6,15930,15930.4,15932.6,15932.9,15928.4,15928.7,15928.4,15928.8,0.4,628.8000131
2026-05-29T05:15:00+00:00,15928.75,15930.65,15928.75,15930.2,15928.5,15929,15930.4,15930.9,15928.5,15929,15930,15930.4,0.4,825.2200141
2026-05-29T05:30:00+00:00,15930.1,15931.35,15928.95,15928.95,15929.9,15930.3,15931.2,15931.5,15928.8,15929.1,15928.8,15929.1,0.3,737.6500111
2026-05-29T05:45:00+00:00,15929,15933.4,15928.95,15931.3,15928.9,15929.1,15933.1,15933.7,15928.8,15929.1,15931.1,15931.5,0.4,1021.140017
2026-05-29T06:00:00+00:00,15931.05,15933.2,15930.1,15930.25,15930.8,15931.3,15933,15933.4,15929.9,15930.3,15930.1,15930.4,0.3,1431.000023
2026-05-29T06:15:00+00:00,15930.3,15932.4,15929.45,15930.65,15930.1,15930.5,15932.1,15932.7,15929.3,15929.6,15930.5,15930.8,0.3,840.6600173
2026-05-29T06:30:00+00:00,15930.7,15930.8,15924.75,15924.9,15930.5,15930.9,15930.6,15931,15924.5,15925,15924.7,15925.1,0.4,1730.310027
2026-05-29T06:45:00+00:00,15924.85,15927.5,15920.05,15921.4,15924.6,15925.1,15927.3,15927.7,15919.9,15920.2,15921.2,15921.6,0.4,1778.540032
2026-05-29T07:00:00+00:00,15921.6,15925.9,15920.55,15922.35,15921.4,15921.8,15925.7,15926.1,15920.2,15920.9,15922.1,15922.6,0.5,2931.660052
2026-05-29T07:15:00+00:00,15922.5,15928.1,15920.95,15927.6,15922.3,15922.7,15927.9,15928.3,15920.8,15921.1,15927.4,15927.8,0.4,1608.010024
2026-05-29T07:30:00+00:00,15927.8,15931.75,15927.8,15929.1,15927.6,15928,15931.6,15931.9,15927.6,15928,15928.9,15929.3,0.4,1630.230029
2026-05-29T07:45:00+00:00,15929,15930.15,15926.1,15926.35,15928.8,15929.2,15930,15930.3,15925.9,15926.3,15926.2,15926.5,0.3,1347.070022
2026-05-29T08:00:00+00:00,15926.55,15927.7,15921.15,15923.15,15926.3,15926.8,15927.5,15927.9,15920.9,15921.4,15922.9,15923.4,0.5,2156.200035
2026-05-29T08:15:00+00:00,15923,15928.1,15923,15927.7,15922.8,15923.2,15927.9,15928.3,15922.8,15923.2,15927.4,15928,0.6,1036.600016
2026-05-29T08:30:00+00:00,15927.75,15930.25,15926.3,15926.95,15927.5,15928,15930,15930.5,15926.1,15926.5,15926.7,15927.2,0.5,1748.360027
2026-05-29T08:45:00+00:00,15927.2,15931.8,15927.2,15929.65,15926.9,15927.5,15931.6,15932,15926.9,15927.5,15929.4,15929.9,0.5,1563.210026
2026-05-29T09:00:00+00:00,15929.55,15930.1,15926.75,15927.7,15929.3,15929.8,15929.9,15930.3,15926.5,15927,15927.5,15927.9,0.4,1500.370021
2026-05-29T09:15:00+00:00,15927.85,15929.05,15923.85,15925.05,15927.5,15928.2,15928.8,15929.3,15923.5,15924.2,15924.8,15925.3,0.5,2011.690024
2026-05-29T09:30:00+00:00,15924.85,15928.75,15923.85,15927.05,15924.6,15925.1,15928.5,15929,15923.6,15924.1,15926.8,15927.3,0.5,1728.350018
2026-05-29T09:45:00+00:00,15927.2,15930.05,15926.1,15929.9,15926.9,15927.5,15929.8,15930.3,15925.8,15926.4,15929.7,15930.1,0.4,1641.660023
2026-05-29T10:00:00+00:00,15929.8,15932.2,15927.25,15927.7,15929.6,15930,15932,15932.4,15927,15927.5,15927.5,15927.9,0.4,2007.190025
2026-05-29T10:15:00+00:00,15927.6,15930,15927,15927.75,15927.4,15927.8,15929.8,15930.2,15926.8,15927.2,15927.5,15928,0.5,820.1300137
2026-05-29T10:30:00+00:00,15927.7,15929,15926.75,15927.5,15927.5,15927.9,15928.7,15929.3,15926.5,15927,15927.3,15927.7,0.4,760.5000145
2026-05-29T10:45:00+00:00,15927.35,15929.25,15926.4,15928.75,15927.1,15927.6,15929.1,15929.4,15926.2,15926.6,15928.5,15929,0.5,1161.270022
2026-05-29T11:00:00+00:00,15928.85,15930.2,15927.65,15928.7,15928.7,15929,15930,15930.4,15927.4,15927.9,15928.5,15928.9,0.4,934.0100143
2026-05-29T11:15:00+00:00,15928.6,15928.95,15926.9,15928.25,15928.3,15928.9,15928.8,15929.1,15926.8,15927,15928.1,15928.4,0.3,816.2600167
2026-05-29T11:30:00+00:00,15928.35,15929.85,15926.5,15927.4,15928.2,15928.5,15929.7,15930,15926.2,15926.8,15927.1,15927.7,0.6,1439.580027
2026-05-29T11:45:00+00:00,15927.25,15929.45,15925,15925.2,15927.1,15927.4,15929.3,15929.6,15924.8,15925.2,15925,15925.4,0.4,2001.76003
2026-05-29T12:00:00+00:00,15925.25,15928.45,15925.1,15926.65,15925.1,15925.4,15928.3,15928.6,15924.8,15925.4,15926.5,15926.8,0.3,2532.330034
2026-05-29T12:15:00+00:00,15926.7,15927.75,15925.55,15927.5,15926.5,15926.9,15927.5,15928,15925.3,15925.8,15927.1,15927.9,0.8,1806.780023
2026-05-29T12:30:00+00:00,15927.4,15930.75,15926.75,15928.65,15927,15927.8,15930.5,15931,15926.5,15927,15928.4,15928.9,0.5,2518.730031
2026-05-29T12:45:00+00:00,15928.7,15928.95,15925.75,15926.1,15928.5,15928.9,15928.7,15929.2,15925.5,15926,15925.9,15926.3,0.4,1541.750023
2026-05-29T13:00:00+00:00,15925.95,15928.45,15924.3,15928.4,15925.6,15926.3,15928.2,15928.7,15924.1,15924.5,15928.2,15928.6,0.4,2092.850032
2026-05-29T13:15:00+00:00,15928.4,15928.6,15925.9,15927.1,15928.2,15928.6,15928.4,15928.8,15925.7,15926.1,15926.9,15927.3,0.4,1946.570032
2026-05-29T13:30:00+00:00,15927.15,15930.45,15926.5,15927.1,15927,15927.3,15930.4,15930.5,15926.2,15926.8,15926.8,15927.4,0.6,1765.140026
2026-05-29T13:45:00+00:00,15927.05,15931.05,15926.15,15930.25,15926.8,15927.3,15930.9,15931.2,15925.9,15926.4,15930.1,15930.4,0.3,1883.270031
2026-05-29T14:00:00+00:00,15930.2,15932.95,15927.2,15932.95,15930,15930.4,15932.8,15933.1,15926.9,15927.5,15932.8,15933.1,0.3,2991.170048
2026-05-29T14:15:00+00:00,15932.8,15935.7,15932.55,15935.45,15932.6,15933,15935.5,15935.9,15932.4,15932.7,15935.3,15935.6,0.3,2213.110033
2026-05-29T14:30:00+00:00,15935.35,15935.6,15931.7,15931.8,15935.3,15935.4,15935.4,15935.8,15931.5,15931.9,15931.6,15932,0.4,2372.230043
2026-05-29T14:45:00+00:00,15931.85,15933.1,15916.25,15919.05,15931.7,15932,15932.9,15933.3,15916.1,15916.4,15918.8,15919.3,0.5,9384.410169
2026-05-29T15:00:00+00:00,15918.9,15920.8,15909.9,15915.35,15918.8,15919,15920.5,15921.1,15909.5,15910.3,15915.1,15915.6,0.5,7035.2701
2026-05-29T15:15:00+00:00,15915.3,15919.8,15913.8,15918.15,15915.1,15915.5,15919.5,15920.1,15913.4,15914.2,15917.9,15918.4,0.5,3786.130067
2026-05-29T15:30:00+00:00,15917.9,15924.3,15914.35,15922,15917.7,15918.1,15924,15924.6,15914.1,15914.6,15921.7,15922.3,0.6,4825.240102
2026-05-29T15:45:00+00:00,15922.2,15924.75,15920.2,15923.3,15921.9,15922.5,15924.5,15925,15919.9,15920.5,15923,15923.6,0.6,2630.750055
2026-05-29T16:00:00+00:00,15923.2,15925.05,15920.15,15924.05,15923,15923.4,15924.9,15925.2,15919.8,15920.5,15923.8,15924.3,0.5,1684.740045
2026-05-29T16:15:00+00:00,15924.2,15925.25,15922.1,15923.45,15924,15924.4,15925,15925.5,15921.9,15922.3,15923.2,15923.7,0.5,1075.900028
2026-05-29T16:30:00+00:00,15923.55,15924.8,15918.3,15918.45,15923.3,15923.8,15924.4,15925.2,15918.1,15918.5,15918.2,15918.7,0.5,1759.120042
2026-05-29T16:45:00+00:00,15918.6,15922.75,15918.4,15919.95,15918.4,15918.8,15922.5,15923,15918.2,15918.6,15919.7,15920.2,0.5,883.8100237
2026-05-29T17:00:00+00:00,15919.9,15923.2,15918.55,15923.2,15919.6,15920.2,15923,15923.4,15918.3,15918.8,15923,15923.4,0.4,1127.860028
2026-05-29T17:15:00+00:00,15923.1,15925.75,15922.2,15923.8,15922.9,15923.3,15925.5,15926,15922,15922.4,15923.5,15924.1,0.6,887.9200257
2026-05-29T17:30:00+00:00,15923.6,15925.65,15922.7,15924.6,15923.3,15923.9,15925.5,15925.8,15922.5,15922.9,15924.4,15924.8,0.4,636.1800187
2026-05-29T17:45:00+00:00,15924.5,15928.7,15923.4,15928.45,15924.3,15924.7,15928.5,15928.9,15923.1,15923.7,15928.3,15928.6,0.3,1007.830031
2026-05-29T18:00:00+00:00,15928.55,15929.7,15926.2,15926.7,15928.4,15928.7,15929.5,15929.9,15926,15926.4,15926.4,15927,0.6,1055.660027
2026-05-29T18:15:00+00:00,15926.85,15930.65,15926.2,15927.05,15926.7,15927,15930.4,15930.9,15926,15926.4,15926.8,15927.3,0.5,1195.720031
2026-05-29T18:30:00+00:00,15926.8,15926.8,15923.25,15924.9,15926.7,15926.9,15926.7,15926.9,15923,15923.5,15924.7,15925.1,0.4,1065.66003
2026-05-29T18:45:00+00:00,15925.1,15930.3,15922.4,15926.4,15924.9,15925.3,15930,15930.6,15922.1,15922.7,15926.1,15926.7,0.6,2529.850068
2026-05-29T19:00:00+00:00,15926.35,15926.4,15921.8,15923.7,15926.1,15926.6,15926.1,15926.7,15921.6,15922,15923.4,15924,0.6,924.4400274
2026-05-29T19:15:00+00:00,15923.85,15927.4,15922.4,15926.3,15923.6,15924.1,15927.2,15927.6,15922.2,15922.6,15926.1,15926.5,0.4,1456.310028
2026-05-29T19:30:00+00:00,15926.05,15926.85,15924.85,15926.15,15925.9,15926.2,15926.6,15927.1,15924.6,15925.1,15925.9,15926.4,0.5,983.5200276
2026-05-29T19:45:00+00:00,15926,15927.35,15924.25,15926.4,15925.8,15926.2,15927.2,15927.5,15924,15924.5,15926,15926.8,0.8,1389.56004
2026-05-29T20:00:00+00:00,15926.45,15927.35,15925.2,15926.6,15925.9,15927,15927,15927.7,15924.8,15925.6,15926.3,15926.9,0.6,1950.900046
2026-05-29T20:15:00+00:00,15926.7,15929.2,15926.7,15927.8,15926.4,15927,15928.8,15929.6,15926.4,15927,15927.4,15928.2,0.8,569.8400058
2026-05-29T20:30:00+00:00,15928,15928.2,15926.15,15926.3,15927.6,15928.4,15927.7,15928.7,15925.4,15926.9,15925.6,15927,1.4,939.6500206
2026-05-29T20:45:00+00:00,15926.65,15928.75,15925.05,15927.65,15926.3,15927,15926.8,15930.7,15924.1,15926,15924.9,15930.4,5.5,2083.340011
2026-05-31T21:00:00+00:00,15937.4,15937.85,15935.85,15936.95,15934.4,15940.4,15935.2,15940.5,15933.3,15938.4,15935.2,15938.7,3.5,45.30000019
2026-05-31T21:15:00+00:00,15936.75,15937.45,15936.35,15936.8,15935.1,15938.4,15935.6,15939.3,15934.3,15938.4,15934.3,15939.3,5,29.10000098
2026-05-31T21:30:00+00:00,15937.05,15937.45,15933.7,15933.75,15935.1,15939,15935.3,15939.6,15932.2,15935.2,15932.3,15935.2,2.9,58.80000162
2026-05-31T21:45:00+00:00,15934.35,15936.95,15934.35,15935.3,15932.7,15936,15934.3,15939.6,15932.7,15936,15933.6,15937,3.4,63.90000165
2026-05-31T22:00:00+00:00,15935.25,15942.2,15933.4,15937.95,15933.6,15936.9,15941.4,15943,15931.9,15934.9,15937.3,15938.6,1.3,2001.320024
2026-05-31T22:15:00+00:00,15937.9,15941.4,15937.5,15941.05,15937.1,15938.7,15941.1,15941.7,15936.8,15938.2,15940.5,15941.6,1.1,966.8000269
2026-05-31T22:30:00+00:00,15941.05,15943.45,15940.25,15941.1,15940.5,15941.6,15943.1,15943.8,15939.7,15940.8,15940.7,15941.5,0.8,1436.950036
2026-05-31T22:45:00+00:00,15941,15941.8,15937.4,15939.15,15940.6,15941.4,15941.6,15942,15937.1,15937.7,15938.6,15939.7,1.1,2884.000068
2026-05-31T23:00:00+00:00,15939.05,15939.95,15937.35,15938.85,15938.5,15939.6,15939.6,15940.3,15936.9,15937.8,15938.5,15939.2,0.7,2952.13007
2026-05-31T23:15:00+00:00,15938.8,15939.3,15936.95,15937.7,15938.5,15939.1,15938.9,15939.7,15936.7,15937.2,15937.4,15938,0.6,391.220005
2026-05-31T23:30:00+00:00,15937.6,15938.15,15934.15,15934.4,15937.3,15937.9,15937.8,15938.5,15933.8,15934.5,15934.1,15934.7,0.6,397.9500083
2026-05-31T23:45:00+00:00,15934.25,15936.5,15930,15936.15,15933.9,15934.6,15936.3,15936.7,15929.7,15930.3,15935.9,15936.4,0.5,1336.920021
2026-06-01T00:00:00+00:00,15936.2,15943.55,15936.2,15941.1,15936,15936.4,15943.4,15943.7,15936,15936.4,15940.8,15941.4,0.6,3389.780054
2026-06-01T00:15:00+00:00,15941.15,15944.15,15940.35,15943.2,15940.9,15941.4,15943.9,15944.4,15940,15940.7,15942.7,15943.7,1,2836.360046
2026-06-01T00:30:00+00:00,15943.15,15945.85,15942.65,15943.75,15942.6,15943.7,15945.6,15946.1,15942.4,15942.9,15943.5,15944,0.5,1674.020032
2026-06-01T00:45:00+00:00,15943.6,15946.95,15942.6,15945.6,15943.3,15943.9,15946.8,15947.1,15942.3,15942.9,15945.4,15945.8,0.4,4545.850068
2026-06-01T01:00:00+00:00,15945.65,15948.55,15945.1,15947.45,15945.4,15945.9,15948.3,15948.8,15945,15945.2,15947.1,15947.8,0.7,2812.750051
2026-06-01T01:15:00+00:00,15947.1,15949.75,15946.25,15948.9,15947,15947.2,15949.5,15950,15946.1,15946.4,15948.6,15949.2,0.6,2135.520031
2026-06-01T01:30:00+00:00,15948.85,15949.75,15946.85,15947.15,15948.5,15949.2,15949.5,15950,15946.7,15947,15947,15947.3,0.3,2224.800039
2026-06-01T01:45:00+00:00,15947.2,15949.7,15946.45,15948.75,15947,15947.4,15949.5,15949.9,15946.3,15946.6,15948.6,15948.9,0.3,746.460013
2026-06-01T02:00:00+00:00,15948.65,15949.8,15947.8,15947.8,15948.5,15948.8,15949.7,15949.9,15947.6,15948,15947.6,15948,0.4,659.4600106
2026-06-01T02:15:00+00:00,15947.65,15949.5,15946.95,15947.35,15947.3,15948,15949.3,15949.7,15946.8,15947.1,15947.2,15947.5,0.3,497.1000088
2026-06-01T02:30:00+00:00,15947.4,15948,15946.1,15947.85,15947.2,15947.6,15947.7,15948.3,15945.9,15946.3,15947.5,15948.2,0.7,692.8500122
2026-06-01T02:45:00+00:00,15947.7,15947.8,15945.2,15946.45,15947.5,15947.9,15947.6,15948,15945,15945.4,15946.3,15946.6,0.3,648.9000126
2026-06-01T03:00:00+00:00,15946.3,15946.9,15944.15,15946.7,15946.2,15946.4,15946.7,15947.1,15944,15944.3,15946.5,15946.9,0.4,483.5700097
2026-06-01T03:15:00+00:00,15946.8,15948.65,15945.9,15946.9,15946.6,15947,15948.4,15948.9,15945.7,15946.1,15946.7,15947.1,0.4,862.4300174
2026-06-01T03:30:00+00:00,15946.85,15947.8,15944.1,15947.65,15946.6,15947.1,15947.6,15948,15943.9,15944.3,15947.5,15947.8,0.3,610.6500126
2026-06-01T03:45:00+00:00,15947.5,15948.2,15947,15948,15947.4,15947.6,15948,15948.4,15946.8,15947.2,15947.8,15948.2,0.4,435.1500093
2026-06-01T04:00:00+00:00,15947.9,15948.2,15947.45,15948.05,15947.7,15948.1,15948,15948.4,15947.2,15947.7,15947.9,15948.2,0.3,987.7600166
2026-06-01T04:15:00+00:00,15948.15,15948.3,15946.5,15946.95,15948,15948.3,15948,15948.6,15946.2,15946.8,15946.6,15947.3,0.7,616.1100119
2026-06-01T04:30:00+00:00,15946.9,15947.65,15945.7,15946.75,15946.6,15947.2,15947.6,15947.7,15945.5,15945.9,15946.6,15946.9,0.3,788.1200113
2026-06-01T04:45:00+00:00,15946.7,15947.7,15945.85,15945.95,15946.5,15946.9,15947.5,15947.9,15945.7,15946,15945.8,15946.1,0.3,1062.410015
2026-06-01T05:00:00+00:00,15946,15946.6,15943.8,15944.55,15945.9,15946.1,15946.4,15946.8,15943.6,15944,15944.4,15944.7,0.3,1191.870018
2026-06-01T05:15:00+00:00,15944.55,15944.85,15944.15,15944.7,15944.4,15944.7,15944.7,15945,15943.8,15944.5,15944.5,15944.9,0.4,437.1500059
2026-06-01T05:30:00+00:00,15944.65,15947.2,15944.6,15946.65,15944.4,15944.9,15947,15947.4,15944.4,15944.8,15946.4,15946.9,0.5,633.0700113
2026-06-01T05:45:00+00:00,15946.7,15948.1,15945.5,15946.1,15946.6,15946.8,15947.9,15948.3,15945.2,15945.8,15945.9,15946.3,0.4,1511.770019
2026-06-01T06:00:00+00:00,15946.05,15947.9,15942.95,15947.55,15945.9,15946.2,15947.8,15948,15942.7,15943.2,15947.3,15947.8,0.5,1983.390032
2026-06-01T06:15:00+00:00,15947.6,15949.45,15946.8,15949.15,15947.4,15947.8,15949.2,15949.7,15946.6,15947,15948.9,15949.4,0.5,2569.870034
2026-06-01T06:30:00+00:00,15948.95,15950.05,15947.65,15948.05,15948.7,15949.2,15949.8,15950.3,15947.4,15947.9,15947.8,15948.3,0.5,1674.46002
2026-06-01T06:45:00+00:00,15948.35,15948.9,15941.4,15942.7,15948.3,15948.4,15948.7,15949.1,15941.1,15941.7,15942.4,15943,0.6,2249.160036
2026-06-01T07:00:00+00:00,15942.75,15946.75,15941,15944.35,15942.6,15942.9,15946.5,15947,15940.8,15941.2,15944.1,15944.6,0.5,3235.250044
2026-06-01T07:15:00+00:00,15944.5,15946.8,15942.35,15945.55,15944.3,15944.7,15946.7,15946.9,15942.1,15942.6,15945.4,15945.7,0.3,2798.600035
2026-06-01T07:30:00+00:00,15945.6,15947.75,15944.5,15947.1,15945.4,15945.8,15947.6,15947.9,15944.3,15944.7,15946.9,15947.3,0.4,1513.350023
2026-06-01T07:45:00+00:00,15947.15,15948.6,15946.5,15946.7,15946.9,15947.4,15948.4,15948.8,15946.3,15946.7,15946.5,15946.9,0.4,1408.870019
2026-06-01T08:00:00+00:00,15946.6,15947.55,15944,15944.6,15946.4,15946.8,15947.3,15947.8,15943.8,15944.2,15944.4,15944.8,0.4,1619.810023
2026-06-01T08:15:00+00:00,15944.55,15946.65,15944.1,15944.9,15944.4,15944.7,15946.5,15946.8,15944,15944.2,15944.7,15945.1,0.4,1335.22002
2026-06-01T08:30:00+00:00,15944.9,15945.8,15944.25,15944.4,15944.7,15945.1,15945.6,15946,15944,15944.5,15944.3,15944.5,0.2,810.1500124
2026-06-01T08:45:00+00:00,15944.35,15946.5,15944.2,15945.2,15944.2,15944.5,15946.3,15946.7,15944,15944.4,15945,15945.4,0.4,1435.720025
2026-06-01T09:00:00+00:00,15945.3,15948,15944.6,15946.6,15945.1,15945.5,15947.8,15948.2,15944.4,15944.8,15946.4,15946.8,0.4,1121.100017
2026-06-01T09:15:00+00:00,15946.65,15948.35,15945.6,15947.05,15946.5,15946.8,15948.1,15948.6,15945.4,15945.8,15947,15947.1,0.1,1997.850022
2026-06-01T09:30:00+00:00,15947.2,15948.3,15945.9,15946.8,15947.1,15947.3,15947.9,15948.7,15945.7,15946.1,15946.6,15947,0.4,1259.390019
2026-06-01T09:45:00+00:00,15946.7,15947.05,15945.75,15945.8,15946.5,15946.9,15946.8,15947.3,15945.6,15945.9,15945.6,15946,0.4,1044.890018
2026-06-01T10:00:00+00:00,15945.75,15947.2,15945.65,15947,15945.6,15945.9,15947,15947.4,15945.4,15945.9,15946.8,15947.2,0.4,609.9000099
2026-06-01T10:15:00+00:00,15947.35,15947.9,15945.7,15946.5,15947.3,15947.4,15947.7,15948.1,15945.5,15945.9,15946.3,15946.7,0.4,1830.300025
2026-06-01T10:30:00+00:00,15946.2,15946.75,15945.45,15945.7,15946.1,15946.3,15946.5,15947,15945.3,15945.6,15945.5,15945.9,0.4,972.3900146
2026-06-01T10:45:00+00:00,15945.65,15945.75,15944.1,15945.25,15945.5,15945.8,15945.5,15946,15943.9,15944.3,15945,15945.5,0.5,1062.970019
2026-06-01T11:00:00+00:00,15945.25,15947.65,15944.6,15947.1,15945,15945.5,15947.4,15947.9,15944.4,15944.8,15946.9,15947.3,0.4,911.7900116
2026-06-01T11:15:00+00:00,15947.35,15947.35,15945.75,15946.15,15947.2,15947.5,15947.2,15947.5,15945.5,15946,15945.9,15946.4,0.5,1067.120014
2026-06-01T11:30:00+00:00,15946.25,15947.95,15946.25,15947.75,15946,15946.5,15947.7,15948.2,15946,15946.5,15947.5,15948,0.5,1075.500012
2026-06-01T11:45:00+00:00,15947.65,15949.45,15947.4,15948.9,15947.4,15947.9,15949.2,15949.7,15947.1,15947.7,15948.7,15949.1,0.4,811.6500123
2026-06-01T12:00:00+00:00,15948.65,15949.5,15947.6,15949,15948.5,15948.8,15949.3,15949.7,15947.3,15947.9,15948.8,15949.2,0.4,2115.710032
2026-06-01T12:15:00+00:00,15948.95,15949.1,15946.25,15946.75,15948.8,15949.1,15948.9,15949.3,15946.1,15946.4,15946.5,15947,0.5,1180.910018
2026-06-01T12:30:00+00:00,15946.75,15948.35,15943.7,15944.25,15946.5,15947,15948.1,15948.6,15943.5,15943.9,15944.1,15944.4,0.3,2228.500029
2026-06-01T12:45:00+00:00,15944.5,15949.3,15944,15948.65,15944.3,15944.7,15949.1,15949.5,15943.9,15944.1,15948.5,15948.8,0.3,4714.310049
2026-06-01T13:00:00+00:00,15948.6,15966.25,15948.5,15964.35,15948.4,15948.8,15966,15966.5,15948.3,15948.7,15964.1,15964.6,0.5,8892.420099
2026-06-01T13:15:00+00:00,15964.4,15969.75,15960.15,15969.3,15964.1,15964.7,15969.5,15970,15959.9,15960.4,15969.1,15969.5,0.4,8385.840129
2026-06-01T13:30:00+00:00,15969.15,15973.3,15966.35,15971.35,15968.9,15969.4,15973.1,15973.5,15966.1,15966.6,15971.2,15971.5,0.3,7563.210087
2026-06-01T13:45:00+00:00,15971.4,15974.3,15968.55,15974,15971.3,15971.5,15974,15974.6,15968.4,15968.7,15973.4,15974.6,1.2,7130.210087
2026-06-01T14:00:00+00:00,15974.55,15976.45,15967.8,15968.1,15974.3,15974.8,15976.1,15976.8,15967.6,15968,15967.9,15968.3,0.4,7076.070086
2026-06-01T14:15:00+00:00,15968.15,15972.8,15965.65,15970.55,15967.9,15968.4,15972.6,15973,15965.4,15965.9,15970.3,15970.8,0.5,4443.420069
2026-06-01T14:30:00+00:00,15970.65,15972.65,15966.95,15969.4,15970.4,15970.9,15972.5,15972.8,15966.7,15967.2,15969.2,15969.6,0.4,3436.300054
2026-06-01T14:45:00+00:00,15969.45,15974.75,15968.6,15972.25,15969.3,15969.6,15974.6,15974.9,15968.5,15968.7,15972.1,15972.4,0.3,4159.640071
2026-06-01T15:00:00+00:00,15972.3,15973.6,15965.45,15967.3,15972.1,15972.5,15973.4,15973.8,15965.3,15965.6,15967.1,15967.5,0.4,5612.540073
2026-06-01T15:15:00+00:00,15967.15,15967.5,15963.15,15965.4,15967,15967.3,15967.3,15967.7,15963,15963.3,15965.2,15965.6,0.4,4175.780063
2026-06-01T15:30:00+00:00,15965.5,15965.7,15958.2,15964.3,15965.2,15965.8,15965.5,15965.9,15958,15958.4,15964.1,15964.5,0.4,6822.090092
2026-06-01T15:45:00+00:00,15964.2,15968.25,15963.55,15966,15964,15964.4,15968,15968.5,15963.4,15963.7,15965.7,15966.3,0.6,3020.230022
2026-06-01T16:00:00+00:00,15965.9,15969.4,15962.25,15969,15965.7,15966.1,15969.2,15969.6,15962,15962.5,15968.8,15969.2,0.4,4115.46003
2026-06-01T16:15:00+00:00,15969,15971.25,15967.95,15968.25,15968.8,15969.2,15971.1,15971.4,15967.8,15968.1,15968.1,15968.4,0.3,4124.260038
2026-06-01T16:30:00+00:00,15968.3,15968.85,15963.65,15966.95,15968.2,15968.4,15968.7,15969,15963.4,15963.9,15966.7,15967.2,0.5,5000.200078
2026-06-01T16:45:00+00:00,15966.9,15967.05,15956.9,15960.3,15966.7,15967.1,15966.8,15967.3,15956.8,15957,15960.2,15960.4,0.2,4270.160073
2026-06-01T17:00:00+00:00,15960.35,15964.2,15959.35,15963.7,15960.2,15960.5,15963.9,15964.5,15959.1,15959.6,15963.5,15963.9,0.4,2898.800037
2026-06-01T17:15:00+00:00,15963.75,15968.35,15959.55,15959.55,15963.5,15964,15968.2,15968.5,15959.3,15959.8,15959.3,15959.8,0.5,2471.450028
2026-06-01T17:30:00+00:00,15959.6,15964.9,15957,15961.85,15959.4,15959.8,15964.7,15965.1,15956.6,15957.4,15961.6,15962.1,0.5,5209.630074
2026-06-01T17:45:00+00:00,15961.95,15964.8,15959.55,15963.4,15961.7,15962.2,15964.5,15965.1,15959.3,15959.8,15963.1,15963.7,0.6,4661.520039
2026-06-01T18:00:00+00:00,15963.45,15964.65,15962,15963.15,15963.2,15963.7,15964.4,15964.9,15961.8,15962.2,15962.9,15963.4,0.5,1506.370014
2026-06-01T18:15:00+00:00,15963.2,15964.75,15961.95,15964.65,15963,15963.4,15964.5,15965,15961.7,15962.2,15964.3,15965,0.7,594.2300093
2026-06-01T18:30:00+00:00,15964.55,15966.45,15963.45,15965.35,15964.4,15964.7,15966.2,15966.7,15963.3,15963.6,15965.1,15965.6,0.5,1317.680016
2026-06-01T18:45:00+00:00,15965.55,15976.3,15965.35,15976.05,15965.5,15965.6,15976.2,15976.4,15965.1,15965.6,15975.9,15976.2,0.3,5079.400059
2026-06-01T19:00:00+00:00,15975.85,15975.85,15967.8,15969.05,15975.7,15976,15975.7,15976,15967.6,15968,15968.9,15969.2,0.3,2432.890032
2026-06-01T19:15:00+00:00,15968.95,15969.2,15966.7,15967.75,15968.8,15969.1,15969,15969.4,15966.5,15966.9,15967.5,15968,0.5,3098.500054
2026-06-01T19:30:00+00:00,15967.7,15968.3,15965.15,15967.8,15967.4,15968,15968.2,15968.4,15964.9,15965.4,15967.6,15968,0.4,1361.350025
2026-06-01T19:45:00+00:00,15967.75,15971.85,15966.55,15969.35,15967.6,15967.9,15971.6,15972.1,15966.4,15966.7,15969.1,15969.6,0.5,2329.350037
2026-06-01T20:00:00+00:00,15969.45,15970.7,15966.6,15967.1,15969.1,15969.8,15970.5,15970.9,15966.3,15966.9,15966.8,15967.4,0.6,1259.160015
2026-06-01T20:15:00+00:00,15967.2,15969.65,15966.6,15968.05,15966.9,15967.5,15969.3,15970,15966.2,15967,15967.8,15968.3,0.5,992.5700117
2026-06-01T20:30:00+00:00,15968.1,15968.3,15965.7,15966.75,15967.8,15968.4,15968,15968.6,15965.5,15965.9,15966.6,15966.9,0.3,956.9500145
2026-06-01T20:45:00+00:00,15966.95,15968.35,15965.3,15965.65,15966.6,15967.3,15967.9,15968.8,15964.1,15966.5,15964.1,15967.2,3.1,2095.080025
2026-06-01T21:00:00+00:00,15966.05,15970.3,15960.4,15963,15963.7,15968.4,15963.7,15976.9,15957.1,15963.7,15959,15967,8,186.0800047
2026-06-01T21:15:00+00:00,15962.7,15964.95,15961.15,15962.1,15958.4,15967,15961.9,15968,15957.6,15964.7,15959.1,15965.1,6,173.1000044
2026-06-01T21:30:00+00:00,15962.25,15964.05,15960.5,15960.6,15959.4,15965.1,15962.9,15965.2,15958.7,15962.3,15958.9,15962.3,3.4,440.5500139
2026-06-01T21:45:00+00:00,15960.75,15969.95,15959.45,15964,15958.9,15962.6,15967.4,15972.5,15957.7,15961.2,15961.7,15966.3,4.6,1709.250042
2026-06-01T22:00:00+00:00,15963.8,15967.8,15961.75,15964.2,15961.5,15966.1,15966.6,15969,15961,15962.5,15963.9,15964.5,0.6,629.0899955
2026-06-01T22:15:00+00:00,15964.3,15966,15963.05,15966,15964,15964.6,15965.6,15966.4,15962.6,15963.5,15965.6,15966.4,0.8,319.9800056
2026-06-01T22:30:00+00:00,15965.9,15966.05,15964.45,15965.4,15965.5,15966.3,15965.6,15966.5,15964.1,15964.8,15965,15965.8,0.8,1506.650022
2026-06-01T22:45:00+00:00,15965.35,15966.4,15964,15966.25,15964.9,15965.8,15966.1,15966.7,15963.6,15964.4,15965.8,15966.7,0.9,940.890008
2026-06-01T23:00:00+00:00,15966.2,15966.25,15964.25,15965.7,15965.8,15966.6,15965.9,15966.6,15963.8,15964.7,15965.5,15965.9,0.4,2432.920036
2026-06-01T23:15:00+00:00,15965.65,15965.7,15964.25,15964.85,15965.4,15965.9,15965.5,15965.9,15964,15964.5,15964.6,15965.1,0.5,573.6600103
2026-06-01T23:30:00+00:00,15964.45,15965.7,15962,15963.3,15964.4,15964.5,15965.5,15965.9,15961.9,15962.1,15963.1,15963.5,0.4,1060.410021
2026-06-01T23:45:00+00:00,15963.35,15965.7,15962.95,15964.75,15963.2,15963.5,15965.3,15966.1,15962.8,15963.1,15964.5,15965,0.5,1050.04002
2026-06-02T00:00:00+00:00,15964.65,15967.35,15963.8,15967.15,15964.4,15964.9,15967.1,15967.6,15963.6,15964,15967,15967.3,0.3,2225.200033
2026-06-02T00:15:00+00:00,15967.1,15968.6,15966.85,15968.15,15966.9,15967.3,15968.3,15968.9,15966.6,15967.1,15967.9,15968.4,0.5,1956.500018
2026-06-02T00:30:00+00:00,15968.15,15971.15,15967.15,15969.6,15967.9,15968.4,15970.9,15971.4,15967,15967.3,15969.4,15969.8,0.4,1758.500024
2026-06-02T00:45:00+00:00,15969.6,15972.5,15966.6,15966.6,15969.4,15969.8,15972.3,15972.7,15966.4,15966.8,15966.4,15966.8,0.4,4734.320068
2026-06-02T01:00:00+00:00,15966.45,15968.75,15963.8,15964.75,15966.2,15966.7,15968.5,15969,15963.5,15964.1,15964.4,15965.1,0.7,4494.440071
2026-06-02T01:15:00+00:00,15964.85,15968.65,15964.8,15967.35,15964.5,15965.2,15968.5,15968.8,15964.5,15965.1,15967.1,15967.6,0.5,1443.770028
2026-06-02T01:30:00+00:00,15967.3,15968.95,15965.95,15967.95,15967.1,15967.5,15968.8,15969.1,15965.7,15966.2,15967.7,15968.2,0.5,1248.140019
2026-06-02T01:45:00+00:00,15968.1,15972.35,15968.05,15970.75,15967.9,15968.3,15972.1,15972.6,15967.8,15968.3,15970.5,15971,0.5,1776.65003
2026-06-02T02:00:00+00:00,15970.75,15971,15969.3,15969.75,15970.5,15971,15970.8,15971.2,15969.1,15969.5,15969.5,15970,0.5,1285.500023
2026-06-02T02:15:00+00:00,15969.65,15970.85,15968.65,15969.35,15969.5,15969.8,15970.6,15971.1,15968.5,15968.8,15969,15969.7,0.7,776.2900138
2026-06-02T02:30:00+00:00,15969.2,15972.2,15968.2,15971.8,15968.9,15969.5,15971.9,15972.5,15968,15968.4,15971.6,15972,0.4,1438.270023
2026-06-02T02:45:00+00:00,15971.9,15971.9,15970.75,15971.55,15971.7,15972.1,15971.7,15972.1,15970.6,15970.9,15971.4,15971.7,0.3,584.8500116
2026-06-02T03:00:00+00:00,15971.5,15971.9,15969.25,15969.75,15971.3,15971.7,15971.8,15972,15969,15969.5,15969.6,15969.9,0.3,954.7500182
2026-06-02T03:15:00+00:00,15970.2,15972.05,15969.95,15971.05,15970.1,15970.3,15971.8,15972.3,15969.7,15970.2,15970.8,15971.3,0.5,1974.900019
2026-06-02T03:30:00+00:00,15971.15,15971.15,15969.25,15970.9,15970.9,15971.4,15970.9,15971.4,15969.1,15969.4,15970.6,15971.2,0.6,944.9200152
2026-06-02T03:45:00+00:00,15970.95,15972.35,15970.75,15972.1,15970.7,15971.2,15972.2,15972.5,15970.5,15971,15971.9,15972.3,0.4,840.6000159
2026-06-02T04:00:00+00:00,15972.05,15972.2,15971.1,15971.85,15971.8,15972.3,15972,15972.4,15970.9,15971.3,15971.6,15972.1,0.5,919.1200098
2026-06-02T04:15:00+00:00,15972.1,15972.75,15971.55,15972.3,15971.9,15972.3,15972.5,15973,15971.2,15971.9,15972,15972.6,0.6,667.200012
2026-06-02T04:30:00+00:00,15972.3,15972.9,15971.4,15972,15972,15972.6,15972.6,15973.2,15971.1,15971.7,15971.7,15972.3,0.6,1132.190021
2026-06-02T04:45:00+00:00,15972.05,15972.95,15971.35,15972.95,15971.8,15972.3,15972.7,15973.2,15971.1,15971.6,15972.7,15973.2,0.5,589.6500052
2026-06-02T05:00:00+00:00,15972.8,15972.95,15971.5,15971.75,15972.5,15973.1,15972.7,15973.2,15971.2,15971.8,15971.5,15972,0.5,1488.100019
2026-06-02T05:15:00+00:00,15971.75,15973,15971.7,15972.9,15971.4,15972.1,15972.7,15973.3,15971.4,15972,15972.6,15973.2,0.6,1267.940012
2026-06-02T05:30:00+00:00,15972.95,15973.75,15972.55,15972.95,15972.7,15973.2,15973.5,15974,15972.3,15972.8,15972.7,15973.2,0.5,484.2700075
2026-06-02T05:45:00+00:00,15972.9,15974.3,15972.65,15974.15,15972.7,15973.1,15974.1,15974.5,15972.5,15972.8,15973.8,15974.5,0.7,563.2500089
2026-06-02T06:00:00+00:00,15974.1,15974.25,15970.5,15971.6,15973.8,15974.4,15974,15974.5,15970.2,15970.8,15971.4,15971.8,0.4,2168.450029
2026-06-02T06:15:00+00:00,15971.7,15971.9,15968.85,15970.45,15971.4,15972,15971.7,15972.1,15968.6,15969.1,15970.2,15970.7,0.5,1651.460024
2026-06-02T06:30:00+00:00,15970.4,15973.5,15969.15,15973.5,15970.2,15970.6,15973.3,15973.7,15968.9,15969.4,15973.3,15973.7,0.4,3658.110043
2026-06-02T06:45:00+00:00,15973.75,15974.65,15969.65,15970.7,15973.6,15973.9,15974.4,15974.9,15969.4,15969.9,15970.5,15970.9,0.4,2147.40003
2026-06-02T07:00:00+00:00,15970.65,15972.5,15970,15971.1,15970.4,15970.9,15972.2,15972.8,15969.8,15970.2,15970.8,15971.4,0.6,2558.980035
2026-06-02T07:15:00+00:00,15971.05,15972.2,15970.25,15971.8,15970.8,15971.3,15972,15972.4,15970,15970.5,15971.6,15972,0.4,2398.110026
2026-06-02T07:30:00+00:00,15971.75,15972.85,15970.5,15971.85,15971.5,15972,15972.6,15973.1,15970.3,15970.7,15971.7,15972,0.3,1137.750013
2026-06-02T07:45:00+00:00,15972,15972.25,15969.45,15969.45,15971.7,15972.3,15972.1,15972.4,15969.3,15969.6,15969.3,15969.6,0.3,1882.810018
2026-06-02T08:00:00+00:00,15969.4,15970,15965.7,15969.25,15969.3,15969.5,15969.8,15970.2,15965.5,15965.9,15969.1,15969.4,0.3,3309.490043
2026-06-02T08:15:00+00:00,15969.4,15972.85,15968,15972.85,15969.1,15969.7,15972.6,15973.1,15967.8,15968.2,15972.6,15973.1,0.5,2104.130034
2026-06-02T08:30:00+00:00,15972.75,15973.8,15970.65,15973.1,15972.5,15973,15973.6,15974,15970.5,15970.8,15972.9,15973.3,0.4,1771.210027
2026-06-02T08:45:00+00:00,15973.2,15974.5,15972.1,15974.25,15973,15973.4,15974.2,15974.8,15971.8,15972.4,15973.9,15974.6,0.7,1559.730012
2026-06-02T09:00:00+00:00,15974.3,15975.05,15973.45,15974.25,15974.1,15974.5,15974.9,15975.2,15973.2,15973.7,15974.1,15974.4,0.3,850.3700068
2026-06-02T09:15:00+00:00,15974.1,15974.25,15970.5,15970.6,15973.9,15974.3,15974,15974.5,15970.3,15970.7,15970.5,15970.7,0.2,993.5300155
2026-06-02T09:30:00+00:00,15970.65,15972.1,15969.75,15971.55,15970.5,15970.8,15971.9,15972.3,15969.6,15969.9,15971.4,15971.7,0.3,1616.630016
2026-06-02T09:45:00+00:00,15971.6,15974.95,15971.5,15974.05,15971.4,15971.8,15974.8,15975.1,15971.3,15971.7,15973.9,15974.2,0.3,619.0500118
2026-06-02T10:00:00+00:00,15974.15,15975.35,15972.1,15972.9,15974,15974.3,15975.2,15975.5,15971.9,15972.3,15972.7,15973.1,0.4,951.6700122
2026-06-02T10:15:00+00:00,15972.9,15974.15,15972.25,15972.9,15972.6,15973.2,15974,15974.3,15972,15972.5,15972.5,15973.3,0.8,1037.700012
2026-06-02T10:30:00+00:00,15972.85,15973.3,15972.2,15972.35,15972.5,15973.2,15973.1,15973.5,15972,15972.4,15972.2,15972.5,0.3,867.9000109
2026-06-02T10:45:00+00:00,15972.3,15973.4,15970.9,15973,15972.1,15972.5,15973.2,15973.6,15970.6,15971.2,15972.8,15973.2,0.4,1221.690016
2026-06-02T11:00:00+00:00,15972.95,15973.4,15971.9,15972.1,15972.7,15973.2,15973.2,15973.6,15971.7,15972.1,15971.9,15972.3,0.4,1388.580015
2026-06-02T11:15:00+00:00,15971.9,15973.55,15971.8,15973.45,15971.7,15972.1,15973.4,15973.7,15971.6,15972,15973.3,15973.6,0.3,919.8000163
2026-06-02T11:30:00+00:00,15973.4,15974.15,15972.95,15973.25,15973.2,15973.6,15974,15974.3,15972.8,15973.1,15973.1,15973.4,0.3,722.7800122
2026-06-02T11:45:00+00:00,15973.25,15975.15,15973,15974.5,15973,15973.5,15974.9,15975.4,15972.8,15973.2,15974.2,15974.8,0.6,1665.20002
2026-06-02T12:00:00+00:00,15974.45,15975.3,15973.55,15974.65,15974,15974.9,15975.1,15975.5,15973.4,15973.7,15974.4,15974.9,0.5,2387.620028
2026-06-02T12:15:00+00:00,15974.7,15977.15,15974.5,15975.55,15974.4,15975,15977,15977.3,15974.4,15974.6,15975.4,15975.7,0.3,2215.570029
2026-06-02T12:30:00+00:00,15975.65,15978.15,15975.35,15977.5,15975.4,15975.9,15978,15978.3,15975.2,15975.5,15977.4,15977.6,0.2,2002.960029
2026-06-02T12:45:00+00:00,15977.45,15978.5,15975.9,15978.2,15977.3,15977.6,15978.4,15978.6,15975.7,15976.1,15978.1,15978.3,0.2,1596.460027
2026-06-02T13:00:00+00:00,15978.15,15979,15976.65,15978.1,15978,15978.3,15978.8,15979.2,15976.4,15976.9,15977.8,15978.4,0.6,1926.300034
2026-06-02T13:15:00+00:00,15978,15980,15977.25,15979.8,15977.8,15978.2,15979.8,15980.2,15977.1,15977.4,15979.5,15980.1,0.6,2620.210028
2026-06-02T13:30:00+00:00,15979.65,15980.15,15978.65,15979.9,15979.5,15979.8,15980,15980.3,15978.5,15978.8,15979.8,15980,0.2,2323.710034
2026-06-02T13:45:00+00:00,15980,15983.65,15979.25,15981.05,15979.9,15980.1,15983.5,15983.8,15979.1,15979.4,15980.4,15981.7,1.3,3439.260036
2026-06-02T14:00:00+00:00,15980.9,15986.3,15980.85,15984.15,15980.2,15981.6,15986,15986.6,15980.1,15981.6,15983.9,15984.4,0.5,5812.510063
2026-06-02T14:15:00+00:00,15984.2,15987.45,15983.15,15986.9,15984,15984.4,15987.4,15987.5,15983.1,15983.2,15986.6,15987.2,0.6,1720.720025
2026-06-02T14:30:00+00:00,15986.8,15986.9,15981.05,15982.9,15986.6,15987,15986.7,15987.1,15981,15981.1,15982.7,15983.1,0.4,1661.790021
2026-06-02T14:45:00+00:00,15983,15987.45,15982.95,15986.5,15982.7,15983.3,15987.3,15987.6,15982.7,15983.2,15986.3,15986.7,0.4,2164.840034
2026-06-02T15:00:00+00:00,15986.55,15988.95,15985.8,15987.85,15986.4,15986.7,15988.7,15989.2,15985.6,15986,15987.7,15988,0.3,2407.180035
2026-06-02T15:15:00+00:00,15987.9,15989.6,15986.6,15989.3,15987.8,15988,15989.5,15989.7,15986.5,15986.7,15989.2,15989.4,0.2,1385.700021
2026-06-02T15:30:00+00:00,15989.45,15990.1,15986.85,15989.3,15989.4,15989.5,15990,15990.2,15986.7,15987,15989.1,15989.5,0.4,1941.800031
2026-06-02T15:45:00+00:00,15989.25,15989.7,15987.55,15987.85,15989.1,15989.4,15989.5,15989.9,15987.4,15987.7,15987.7,15988,0.3,1717.280025
2026-06-02T16:00:00+00:00,15987.65,15989.8,15986.7,15988.95,15987.5,15987.8,15989.6,15990,15986.5,15986.9,15988.8,15989.1,0.3,1605.560027
2026-06-02T16:15:00+00:00,15989.05,15992.55,15988.55,15992.55,15988.9,15989.2,15992.4,15992.7,15988.4,15988.7,15992.4,15992.7,0.3,1588.81002
2026-06-02T16:30:00+00:00,15992.55,15994.6,15991.65,15994.25,15992.4,15992.7,15994.3,15994.9,15991.5,15991.8,15994.1,15994.4,0.3,1049.260015
2026-06-02T16:45:00+00:00,15994.25,15994.65,15990.6,15990.85,15994.1,15994.4,15994.5,15994.8,15990.3,15990.9,15990.7,15991,0.3,1151.850015
2026-06-02T17:00:00+00:00,15990.9,15993.3,15988.95,15992.55,15990.7,15991.1,15993.1,15993.5,15988.8,15989.1,15992.3,15992.8,0.5,1687.310017
2026-06-02T17:15:00+00:00,15992.6,15994.85,15992.4,15993.9,15992.4,15992.8,15994.7,15995,15992.2,15992.6,15993.7,15994.1,0.4,1504.050023
2026-06-02T17:30:00+00:00,15993.85,15995.75,15992.95,15995.5,15993.5,15994.2,15995.7,15995.8,15992.8,15993.1,15995.4,15995.6,0.2,750.7600158
2026-06-02T17:45:00+00:00,15995.55,15997.05,15995.05,15996.35,15995.3,15995.8,15996.9,15997.2,15994.9,15995.2,15996.2,15996.5,0.3,1458.630015
2026-06-02T18:00:00+00:00,15996.3,15997.9,15995.95,15997.45,15996.1,15996.5,15997.7,15998.1,15995.9,15996,15997.3,15997.6,0.3,613.3800118
2026-06-02T18:15:00+00:00,15997.35,15998.85,15994.9,15996.4,15997.2,15997.5,15998.7,15999,15994.7,15995.1,15996.2,15996.6,0.4,1563.650026
2026-06-02T18:30:00+00:00,15996.25,15996.65,15992.75,15993.4,15996,15996.5,15996.5,15996.8,15992.5,15993,15993.3,15993.5,0.2,1922.980036
2026-06-02T18:45:00+00:00,15993.5,15993.5,15990.25,15990.65,15993.3,15993.7,15993.3,15993.7,15990,15990.5,15990.4,15990.9,0.5,2058.720025
2026-06-02T19:00:00+00:00,15990.6,15992.95,15989.25,15989.35,15990.4,15990.8,15992.7,15993.2,15989.1,15989.4,15989.2,15989.5,0.3,571.3400086
2026-06-02T19:15:00+00:00,15989.4,15992.05,15989,15991.85,15989.2,15989.6,15991.9,15992.2,15988.8,15989.2,15991.7,15992,0.3,1660.270017
2026-06-02T19:30:00+00:00,15991.8,15992,15990.6,15991.3,15991.7,15991.9,15991.8,15992.2,15990.4,15990.8,15991.1,15991.5,0.4,762.9000088
2026-06-02T19:45:00+00:00,15991.25,15995.45,15990.7,15992.9,15991.1,15991.4,15995.3,15995.6,15990.5,15990.9,15992.6,15993.2,0.6,1587.870032
2026-06-02T20:00:00+00:00,15992.8,15994,15992.1,15992.25,15992.6,15993,15993.8,15994.2,15991.8,15992.4,15992,15992.5,0.5,517.7100095
2026-06-02T20:15:00+00:00,15992.3,15993.9,15992.15,15993.15,15991.9,15992.7,15993.6,15994.2,15991.9,15992.4,15992.9,15993.4,0.5,695.2000109
2026-06-02T20:30:00+00:00,15993.25,15995,15992.35,15993.75,15992.9,15993.6,15994.7,15995.3,15992.1,15992.6,15993.5,15994,0.5,897.0400134
2026-06-02T20:45:00+00:00,15993.7,15994.05,15989.95,15990.5,15993.4,15994,15993.6,15994.5,15987.4,15992.5,15987.6,15993.4,5.8,2449.430029
2026-06-02T21:00:00+00:00,15990.65,15991.55,15987.6,15989.05,15987.5,15993.8,15988.3,15994.8,15983.3,15991.9,15985.8,15992.3,6.5,285.6099986
2026-06-02T21:15:00+00:00,15988.7,15991.85,15986.4,15990.95,15985.8,15991.6,15990,15993.7,15983.4,15989.4,15988.9,15993,4.1,328.5000015
2026-06-02T21:30:00+00:00,15991,15991.4,15987.9,15989.15,15988.9,15993.1,15989.7,15993.1,15986,15989.8,15987.5,15990.8,3.3,446.2500132
2026-06-02T21:45:00+00:00,15988.8,15992.95,15987.85,15991.8,15987.1,15990.5,15991.4,15994.5,15986.5,15989.2,15990.3,15993.3,3,568.0500103
2026-06-02T22:00:00+00:00,15991.45,15993.8,15989.55,15993.55,15990,15992.9,15993.3,15994.3,15988.3,15990.8,15993,15994.1,1.1,788.3799986
2026-06-02T22:15:00+00:00,15993.65,15995,15992.05,15992.25,15993.3,15994,15994.6,15995.4,15991.7,15992.4,15991.9,15992.6,0.7,223.3400064
2026-06-02T22:30:00+00:00,15992.4,15994.55,15992.3,15993.5,15992.1,15992.7,15994.4,15994.7,15991.9,15992.7,15993.1,15993.9,0.8,498.3000059
2026-06-02T22:45:00+00:00,15993.4,15996.25,15993.35,15995.75,15993.1,15993.7,15995.8,15996.7,15993,15993.7,15995.4,15996.1,0.7,569.1700095
2026-06-02T23:00:00+00:00,15995.7,15999.05,15995.2,15997.3,15995.4,15996,15998.9,15999.2,15994.9,15995.5,15997,15997.6,0.6,653.2000122
2026-06-02T23:15:00+00:00,15997.4,15999.15,15997.05,15997.95,15997.1,15997.7,15998.9,15999.4,15996.8,15997.3,15997.7,15998.2,0.5,930.5200135
2026-06-02T23:30:00+00:00,15997.9,15999.7,15997.3,15998.45,15997.6,15998.2,15999.5,15999.9,15997,15997.6,15998.3,15998.6,0.3,1107.150019
2026-06-02T23:45:00+00:00,15998.5,15999.8,15997.2,15998.35,15998.3,15998.7,15999.6,16000,15996.9,15997.5,15998,15998.7,0.7,1509.040022
2026-06-03T00:00:00+00:00,15998.5,15998.6,15995.7,15996.1,15998.2,15998.8,15998.3,15998.9,15995.4,15996,15995.9,15996.3,0.4,2479.990027
2026-06-03T00:15:00+00:00,15996.15,15996.5,15991.25,15991.4,15996,15996.3,15996.3,15996.7,15991.1,15991.4,15991.2,15991.6,0.4,1266.820018
2026-06-03T00:30:00+00:00,15991.35,15992.1,15989.55,15991.55,15991.2,15991.5,15991.8,15992.4,15989.4,15989.7,15991.3,15991.8,0.5,1055.100015
2026-06-03T00:45:00+00:00,15991.6,15996.45,15991.55,15994.05,15991.4,15991.8,15996.2,15996.7,15991.3,15991.8,15993.8,15994.3,0.5,2143.960034
2026-06-03T01:00:00+00:00,15994,15994.5,15990.4,15991,15993.8,15994.2,15994.3,15994.7,15990.1,15990.7,15990.7,15991.3,0.6,1862.820027
2026-06-03T01:15:00+00:00,15991.05,15992.6,15987.45,15988.2,15990.8,15991.3,15992.4,15992.8,15987.2,15987.7,15988,15988.4,0.4,817.5700146
2026-06-03T01:30:00+00:00,15988.1,15991.1,15984.15,15984.3,15987.9,15988.3,15990.9,15991.3,15984,15984.3,15984,15984.6,0.6,1414.270028
2026-06-03T01:45:00+00:00,15984.4,15987.85,15981.7,15986.05,15984.2,15984.6,15987.6,15988.1,15981.5,15981.9,15985.9,15986.2,0.3,1240.140021
2026-06-03T02:00:00+00:00,15986.1,15986.5,15983.6,15984.4,15986,15986.2,15986.3,15986.7,15983.4,15983.8,15984.2,15984.6,0.4,588.7300134
2026-06-03T02:15:00+00:00,15984.55,15986.4,15984.2,15986.1,15984.4,15984.7,15986.2,15986.6,15984,15984.4,15985.9,15986.3,0.4,1230.810018
2026-06-03T02:30:00+00:00,15985.9,15986.4,15984.75,15985.8,15985.7,15986.1,15986.2,15986.6,15984.5,15985,15985.6,15986,0.4,657.3000094
2026-06-03T02:45:00+00:00,15985.85,15988,15985.85,15987.3,15985.6,15986.1,15987.9,15988.1,15985.6,15986.1,15987.2,15987.4,0.2,958.3500148
2026-06-03T03:00:00+00:00,15987.25,15988.45,15987,15987.9,15987.2,15987.3,15988.3,15988.6,15986.8,15987.2,15987.6,15988.2,0.6,696.0700086
2026-06-03T03:15:00+00:00,15988.05,15990.15,15987.25,15989.75,15987.8,15988.3,15989.9,15990.4,15987,15987.5,15989.5,15990,0.5,1470.760016
2026-06-03T03:30:00+00:00,15989.75,15990.25,15988.95,15989.25,15989.5,15990,15990,15990.5,15988.7,15989.2,15989.1,15989.4,0.3,1530.000008
2026-06-03T03:45:00+00:00,15989.25,15989.25,15988.25,15988.65,15989.1,15989.4,15989.1,15989.4,15988.1,15988.4,15988.3,15989,0.7,1001.400012
2026-06-03T04:00:00+00:00,15988.75,15989.65,15987.55,15988.65,15988.5,15989,15989.4,15989.9,15987.3,15987.8,15988.4,15988.9,0.5,1306.360009
2026-06-03T04:15:00+00:00,15988.75,15989.45,15986.75,15989.1,15988.5,15989,15989.2,15989.7,15986.5,15987,15988.9,15989.3,0.4,1218.440012
2026-06-03T04:30:00+00:00,15989.2,15989.8,15987.3,15987.75,15989,15989.4,15989.5,15990.1,15987.1,15987.5,15987.5,15988,0.5,1055.320015
2026-06-03T04:45:00+00:00,15987.9,15989.75,15987.8,15988.85,15987.7,15988.1,15989.5,15990,15987.6,15988,15988.6,15989.1,0.5,729.0700088
2026-06-03T05:00:00+00:00,15989,15989.6,15987.4,15988.15,15988.7,15989.3,15989.4,15989.8,15987.1,15987.7,15987.9,15988.4,0.5,866.180012
2026-06-03T05:15:00+00:00,15988.2,15990.85,15987.2,15990.65,15987.9,15988.5,15990.5,15991.2,15986.9,15987.5,15990.4,15990.9,0.5,753.3000102
2026-06-03T05:30:00+00:00,15990.75,15991.5,15989.15,15991.4,15990.5,15991,15991.3,15991.7,15988.9,15989.4,15991.2,15991.6,0.4,1113.650014
2026-06-03T05:45:00+00:00,15991.55,15993.25,15990.75,15992.75,15991.3,15991.8,15993,15993.5,15990.5,15991,15992.5,15993,0.5,1318.160016
2026-06-03T06:00:00+00:00,15992.9,15996,15990.7,15994,15992.7,15993.1,15995.8,15996.2,15990.5,15990.9,15993.8,15994.2,0.4,2661.900027
2026-06-03T06:15:00+00:00,15994,15995.4,15992.7,15993.9,15993.8,15994.2,15995.2,15995.6,15992.5,15992.9,15993.6,15994.2,0.6,2359.790027
2026-06-03T06:30:00+00:00,15993.9,15995,15992.75,15993.85,15993.7,15994.1,15994.9,15995.1,15992.6,15992.9,15993.7,15994,0.3,1995.070031
2026-06-03T06:45:00+00:00,15993.45,15998.6,15993.45,15997.8,15993.3,15993.6,15998.4,15998.8,15993.3,15993.6,15997.6,15998,0.4,1293.440022
2026-06-03T07:00:00+00:00,15997.5,15999.65,15990.75,15992.1,15997.4,15997.6,15999.5,15999.8,15990.6,15990.9,15991.8,15992.4,0.6,4115.750063
2026-06-03T07:15:00+00:00,15992.1,15996.45,15991.45,15996,15991.9,15992.3,15996.3,15996.6,15991.2,15991.7,15995.7,15996.3,0.6,2426.490036
2026-06-03T07:30:00+00:00,15996.05,15996.95,15955.4,15967.05,15995.9,15996.2,15996.7,15997.2,15955,15955.8,15966.7,15967.4,0.7,9889.560155
2026-06-03T07:45:00+00:00,15966.55,15972.6,15957.9,15970.25,15966.1,15967,15972.4,15972.8,15957.7,15958.1,15970,15970.5,0.5,7444.870093
2026-06-03T08:00:00+00:00,15970.05,15971.8,15963.9,15971.6,15969.8,15970.3,15971.6,15972,15963.6,15964.2,15971.4,15971.8,0.4,4799.290075
2026-06-03T08:15:00+00:00,15971.65,15975.15,15967.55,15968.95,15971.5,15971.8,15974.9,15975.4,15967.4,15967.7,15968.7,15969.2,0.5,3849.100063
2026-06-03T08:30:00+00:00,15968.75,15981.75,15936.8,15981.25,15968.5,15969,15981.5,15982,15936.5,15937.1,15981.1,15981.4,0.3,10464.53017
2026-06-03T08:45:00+00:00,15981.2,15981.3,15971.55,15975.7,15981,15981.4,15981,15981.6,15971.3,15971.8,15975.5,15975.9,0.4,3547.890045
2026-06-03T09:00:00+00:00,15975.6,15984.65,15975.6,15982.1,15975.3,15975.9,15984.5,15984.8,15975.3,15975.9,15981.9,15982.3,0.4,1718.010032
2026-06-03T09:15:00+00:00,15981.9,15986.75,15977.9,15986.7,15981.7,15982.1,15986.6,15986.9,15977.7,15978.1,15986.5,15986.9,0.4,1428.040025
2026-06-03T09:30:00+00:00,15986.8,15988.3,15982.85,15984.45,15986.6,15987,15988.1,15988.5,15982.6,15983.1,15984.2,15984.7,0.5,1260.190022
2026-06-03T09:45:00+00:00,15984.45,15985.05,15978.95,15979.1,15984.2,15984.7,15984.9,15985.2,15978.8,15979.1,15978.9,15979.3,0.4,1141.760026
2026-06-03T10:00:00+00:00,15979.05,15980.3,15966.8,15978.1,15978.9,15979.2,15979.9,15980.7,15966.6,15967,15977.8,15978.4,0.6,4804.230083
2026-06-03T10:15:00+00:00,15978.05,15983.7,15978.05,15982.7,15977.8,15978.3,15983.5,15983.9,15977.8,15978.3,15982.4,15983,0.6,1854.950031
2026-06-03T10:30:00+00:00,15982.8,15985.55,15981.25,15984.65,15982.5,15983.1,15985.3,15985.8,15981,15981.5,15984.4,15984.9,0.5,1481.170026
2026-06-03T10:45:00+00:00,15984.7,15985.45,15979.05,15979.5,15984.5,15984.9,15985.2,15985.7,15978.8,15979.3,15979.1,15979.9,0.8,2478.720031
2026-06-03T11:00:00+00:00,15979.45,15980.85,15978.9,15979.75,15979,15979.9,15980.6,15981.1,15978.6,15979.2,15979.5,15980,0.5,2574.170033
2026-06-03T11:15:00+00:00,15979.8,15980.85,15978.3,15979.7,15979.6,15980,15980.6,15981.1,15978.1,15978.5,15979.5,15979.9,0.4,879.9200156
2026-06-03T11:30:00+00:00,15979.6,15982.8,15979,15982.35,15979.4,15979.8,15982.6,15983,15978.8,15979.2,15982.2,15982.5,0.3,950.7800143
2026-06-03T11:45:00+00:00,15982.5,15983.9,15979.95,15983.9,15982.3,15982.7,15983.7,15984.1,15979.7,15980.2,15983.7,15984.1,0.4,1554.530025
2026-06-03T12:00:00+00:00,15984.1,15986.15,15981.15,15981.15,15984,15984.2,15986,15986.3,15980.6,15981.7,15980.6,15981.7,1.1,2577.760047
2026-06-03T12:15:00+00:00,15981.1,15986.7,15980.65,15986.35,15980.6,15981.6,15986.5,15986.9,15979.9,15981.4,15986.2,15986.5,0.3,1794.200025
2026-06-03T12:30:00+00:00,15986.45,15992.4,15986.05,15987.8,15986.3,15986.6,15992.2,15992.6,15985.9,15986.2,15987.6,15988,0.4,2688.200042
2026-06-03T12:45:00+00:00,15987.75,15993.25,15987.55,15991.9,15987.6,15987.9,15993,15993.5,15987.4,15987.7,15991.6,15992.2,0.6,3424.940053
2026-06-03T13:00:00+00:00,15991.55,15992.8,15989.4,15991.75,15991.4,15991.7,15992.6,15993,15989.1,15989.7,15991.6,15991.9,0.3,2390.350032
2026-06-03T13:15:00+00:00,15991.65,15995.7,15991.25,15994.35,15991.5,15991.8,15995.5,15995.9,15991.1,15991.4,15994.2,15994.5,0.3,2496.090033
2026-06-03T13:30:00+00:00,15994.05,15995.4,15992.55,15994.65,15993.9,15994.2,15995.2,15995.6,15992.3,15992.8,15994.3,15995,0.7,2999.330035
2026-06-03T13:45:00+00:00,15994.6,15998.35,15994.2,15997.9,15994.2,15995,15998.3,15998.4,15994,15994.4,15997.4,15998.4,1,3282.94005
2026-06-03T14:00:00+00:00,15997.3,15999.15,15989.8,15993.3,15996.5,15998.1,15998.9,15999.4,15989.7,15989.9,15993.1,15993.5,0.4,3789.490068
2026-06-03T14:15:00+00:00,15993.2,15999.6,15992.5,15997.6,15992.9,15993.5,15999.5,15999.7,15992.3,15992.7,15997.4,15997.8,0.4,5744.240073
2026-06-03T14:30:00+00:00,15997.5,15999.25,15995.8,15998.8,15997.3,15997.7,15999.1,15999.4,15995.6,15996,15998.6,15999,0.4,3000.41004
2026-06-03T14:45:00+00:00,15998.7,15999.2,15991.75,15994.7,15998.5,15998.9,15999.1,15999.3,15991.6,15991.9,15994.5,15994.9,0.4,5879.510061
2026-06-03T15:00:00+00:00,15994.65,15999.6,15993.75,15996.8,15994.4,15994.9,15999.4,15999.8,15993.5,15994,15996.6,15997,0.4,3116.080045
2026-06-03T15:15:00+00:00,15996.7,15998.95,15994.65,15997.3,15996.5,15996.9,15998.8,15999.1,15994.5,15994.8,15997.2,15997.4,0.2,1999.41003
2026-06-03T15:30:00+00:00,15997.2,15999.55,15996,15998.3,15997,15997.4,15999.4,15999.7,15995.8,15996.2,15998,15998.6,0.6,1780.360031
2026-06-03T15:45:00+00:00,15998.25,16000.65,15997.25,15997.35,15998,15998.5,16000.5,16000.8,15997.1,15997.4,15997.2,15997.5,0.3,1595.260026
2026-06-03T16:00:00+00:00,15997.2,16004.35,15995.25,16003.1,15997.1,15997.3,16004.2,16004.5,15995.1,15995.4,16002.9,16003.3,0.4,4670.720081
2026-06-03T16:15:00+00:00,16003.15,16004.85,16000.7,16001.35,16003,16003.3,16004.8,16004.9,16000.5,16000.9,16001.1,16001.6,0.5,2614.950037
2026-06-03T16:30:00+00:00,16001.4,16003.6,16000.2,16001.1,16001.2,16001.6,16003.4,16003.8,16000.1,16000.3,16000.9,16001.3,0.4,1646.280027
2026-06-03T16:45:00+00:00,16001,16001.85,15998.3,15998.6,16000.8,16001.2,16001.7,16002,15998.1,15998.5,15998.5,15998.7,0.2,2065.070031
2026-06-03T17:00:00+00:00,15998.45,16002.35,15995.15,16001.15,15998.3,15998.6,16002.2,16002.5,15994.9,15995.4,16001,16001.3,0.3,1372.840018
2026-06-03T17:15:00+00:00,16001.1,16003.4,16000.65,16002.2,16000.9,16001.3,16003.2,16003.6,16000.5,16000.8,16001.9,16002.5,0.6,696.080014
2026-06-03T17:30:00+00:00,16002.35,16004.15,16002.2,16003.8,16002,16002.7,16003.9,16004.4,16002,16002.4,16003.7,16003.9,0.2,1253.250019
2026-06-03T17:45:00+00:00,16003.85,16005.1,16002.45,16004.85,16003.7,16004,16004.9,16005.3,16002.2,16002.7,16004.6,16005.1,0.5,1365.030028
2026-06-03T18:00:00+00:00,16004.8,16005.2,16003.3,16004.7,16004.5,16005.1,16004.9,16005.5,16003.1,16003.5,16004.5,16004.9,0.4,1693.800013
2026-06-03T18:15:00+00:00,16004.75,16005.3,16002.7,16003.5,16004.5,16005,16005,16005.6,16002.6,16002.8,16003.3,16003.7,0.4,1439.720015
2026-06-03T18:30:00+00:00,16003.4,16006,16003.2,16003.4,16003.2,16003.6,16005.8,16006.2,16003.1,16003.3,16003.2,16003.6,0.4,647.8400093
2026-06-03T18:45:00+00:00,16003.5,16003.55,16001.95,16003.1,16003.3,16003.7,16003.3,16003.8,16001.8,16002.1,16002.9,16003.3,0.4,1152.010013
2026-06-03T19:00:00+00:00,16003.05,16003.55,16001.3,16001.9,16002.8,16003.3,16003.3,16003.8,16001.1,16001.5,16001.7,16002.1,0.4,1151.070025
2026-06-03T19:15:00+00:00,16001.95,16003.75,16000.45,16003.45,16001.8,16002.1,16003.5,16004,16000.3,16000.6,16003.3,16003.6,0.3,1338.210019
2026-06-03T19:30:00+00:00,16003.5,16004.85,16002.85,16004.85,16003.3,16003.7,16004.6,16005.1,16002.6,16003.1,16004.6,16005.1,0.5,868.4900122
2026-06-03T19:45:00+00:00,16005,16008.05,16004.95,16007.7,16004.9,16005.1,16007.9,16008.2,16004.8,16005.1,16007.5,16007.9,0.4,1892.320026
2026-06-03T20:00:00+00:00,16007.55,16008.35,16005.5,16007.7,16007.5,16007.6,16008.2,16008.5,16005.2,16005.8,16007.4,16008,0.6,1570.51002
2026-06-03T20:15:00+00:00,16007.75,16008.65,16006.35,16007.6,16007.5,16008,16008.5,16008.8,16006.2,16006.5,16007.4,16007.8,0.4,1312.780019
2026-06-03T20:30:00+00:00,16007.65,16008.8,16006.5,16008.55,16007.5,16007.8,16008.5,16009.1,16006.2,16006.8,16008.4,16008.7,0.3,739.0600128
2026-06-03T20:45:00+00:00,16008.5,16009.6,16005.25,16006.05,16008.4,16008.6,16009.1,16010.1,16002.4,16008.1,16002.4,16009.7,7.3,1250.88002
2026-06-03T21:00:00+00:00,16006,16006.9,16001.1,16005.1,16002.4,16009.6,16004.1,16009.7,15996.2,16006,16003.6,16006.6,3,101.4599992
2026-06-03T21:15:00+00:00,16005.25,16006.15,16004.6,16005.3,16003.7,16006.8,16005.3,16007,16003.7,16005.5,16003.9,16006.7,2.8,223.2000052
2026-06-03T21:30:00+00:00,16004.8,16006.25,16004.15,16004.75,16003.9,16005.7,16005.5,16007,16003.8,16004.5,16003.8,16005.7,1.9,295.2000093
2026-06-03T21:45:00+00:00,16004.8,16004.9,15999.8,16001.4,16004,16005.6,16004,16005.8,15997.3,16002.3,15999,16003.8,4.8,653.4000146
2026-06-03T22:00:00+00:00,16001.6,16008.1,16001.15,16004.9,15999.4,16003.8,16007.4,16008.8,15999.4,16002.9,16004.5,16005.3,0.8,680.6500059
2026-06-03T22:15:00+00:00,16004.7,16006.4,16002.95,16003.1,16004.4,16005,16006.1,16006.7,16002.5,16003.4,16002.6,16003.6,1,536.8000124
2026-06-03T22:30:00+00:00,16003.25,16003.3,15999.8,16000.7,16002.8,16003.7,16002.8,16003.8,15999.4,16000.2,16000.3,16001.1,0.8,1309.200014
2026-06-03T22:45:00+00:00,16000.75,16001.45,15983.25,15992,16000.4,16001.1,16001.1,16001.8,15982.9,15983.6,15991.6,15992.4,0.8,3388.010043
2026-06-03T23:00:00+00:00,15992,15997.65,15989.3,15995.65,15991.7,15992.3,15997.4,15997.9,15989,15989.6,15995.4,15995.9,0.5,3426.110063
2026-06-03T23:15:00+00:00,15995.6,15998.1,15992.95,15995,15995.3,15995.9,15997.9,15998.3,15992.7,15993.2,15994.7,15995.3,0.6,1501.090024
2026-06-03T23:30:00+00:00,15995.05,15997.85,15992.5,15993.7,15994.7,15995.4,15997.6,15998.1,15992.2,15992.8,15993.3,15994.1,0.8,1354.210015
2026-06-03T23:45:00+00:00,15994.25,15995.3,15991.95,15994.95,15994,15994.5,15995,15995.6,15991.7,15992.2,15994.8,15995.1,0.3,1642.110026
2026-06-04T00:00:00+00:00,15994.95,15996.5,15991.45,15993.25,15994.7,15995.2,15996.3,15996.7,15991.2,15991.7,15993,15993.5,0.5,3148.190037
2026-06-04T00:15:00+00:00,15993.5,15994.85,15990.85,15994.05,15993.3,15993.7,15994.6,15995.1,15990.6,15991.1,15993.7,15994.4,0.7,1587.890025
2026-06-04T00:30:00+00:00,15994.1,15994.4,15988.75,15989.05,15993.8,15994.4,15994.2,15994.6,15988.5,15989,15988.8,15989.3,0.5,1496.980029
2026-06-04T00:45:00+00:00,15989.2,15993,15988.8,15991,15989.1,15989.3,15992.8,15993.2,15988.6,15989,15990.9,15991.1,0.2,1579.070035
2026-06-04T01:00:00+00:00,15990.85,15993.05,15990.15,15991.2,15990.7,15991,15992.8,15993.3,15990,15990.3,15990.9,15991.5,0.6,1220.620024
2026-06-04T01:15:00+00:00,15991.35,15992.1,15987.3,15989.3,15991.1,15991.6,15991.9,15992.3,15987.1,15987.5,15989.1,15989.5,0.4,1623.45003
2026-06-04T01:30:00+00:00,15989.15,15990.4,15988.05,15989.4,15989,15989.3,15990.3,15990.5,15987.9,15988.2,15989.2,15989.6,0.4,1636.490033
2026-06-04T01:45:00+00:00,15989.3,15989.6,15987.35,15988.6,15989.1,15989.5,15989.4,15989.8,15987.2,15987.5,15988.3,15988.9,0.6,2466.380041
2026-06-04T02:00:00+00:00,15988.45,15989.8,15987.6,15988.6,15988.2,15988.7,15989.6,15990,15987.4,15987.8,15988.3,15988.9,0.6,1043.290021
2026-06-04T02:15:00+00:00,15988.65,15991.3,15988.6,15989.65,15988.5,15988.8,15991.1,15991.5,15988.4,15988.8,15989.5,15989.8,0.3,1365.000019
2026-06-04T02:30:00+00:00,15989.55,15991.05,15989.25,15989.75,15989.2,15989.9,15990.8,15991.3,15989.1,15989.4,15989.5,15990,0.5,1063.800017
2026-06-04T02:45:00+00:00,15989.7,15990.35,15988.65,15989.65,15989.4,15990,15990.2,15990.5,15988.4,15988.9,15989.4,15989.9,0.5,1062.560012
2026-06-04T03:00:00+00:00,15989.7,15994.65,15989.65,15994.05,15989.5,15989.9,15994.4,15994.9,15989.4,15989.9,15993.9,15994.2,0.3,597.1500115
2026-06-04T03:15:00+00:00,15994,15996.55,15993.7,15996.4,15993.9,15994.1,15996.3,15996.8,15993.5,15993.9,15996.2,15996.6,0.4,763.6500101
2026-06-04T03:30:00+00:00,15996.45,15998.85,15996.2,15998.65,15996.2,15996.7,15998.7,15999,15996,15996.4,15998.5,15998.8,0.3,570.75001
2026-06-04T03:45:00+00:00,15998.7,15998.95,15996.15,15997.15,15998.6,15998.8,15998.8,15999.1,15996,15996.3,15997,15997.3,0.3,534.3000133
2026-06-04T04:00:00+00:00,15997.25,15998.25,15996.3,15997,15997.2,15997.3,15998.1,15998.4,15996.1,15996.5,15996.8,15997.2,0.4,684.4500115
2026-06-04T04:15:00+00:00,15997.1,15999.2,15996.8,15997.85,15996.9,15997.3,15999,15999.4,15996.6,15997,15997.6,15998.1,0.5,510.5700065
2026-06-04T04:30:00+00:00,15997.85,15997.85,15960.1,15981.75,15997.6,15998.1,15997.6,15998.1,15959.8,15960.4,15981.5,15982,0.5,6656.18011
2026-06-04T04:45:00+00:00,15981.85,15987.4,15980.45,15987,15981.6,15982.1,15987.1,15987.7,15980.3,15980.6,15986.7,15987.3,0.6,1687.650027
2026-06-04T05:00:00+00:00,15987.1,15991.3,15985.9,15990.9,15986.9,15987.3,15991.1,15991.5,15985.7,15986.1,15990.7,15991.1,0.4,1609.500031
2026-06-04T05:15:00+00:00,15991,15993.4,15990.2,15992.35,15990.8,15991.2,15993,15993.8,15990,15990.4,15992,15992.7,0.7,865.6100155
2026-06-04T05:30:00+00:00,15992.4,15993.2,15988.1,15989.5,15992,15992.8,15992.9,15993.5,15987.9,15988.3,15989.4,15989.6,0.2,1061.980025
2026-06-04T05:45:00+00:00,15989.45,15990.05,15986.15,15988.6,15989.3,15989.6,15989.8,15990.3,15985.9,15986.4,15988.4,15988.8,0.4,1092.850024
2026-06-04T06:00:00+00:00,15988.65,15989.2,15984,15988.1,15988.5,15988.8,15989.1,15989.3,15983.8,15984.2,15987.9,15988.3,0.4,2541.860051
2026-06-04T06:15:00+00:00,15988.15,15992.05,15985.45,15986.95,15988,15988.3,15992,15992.1,15985.3,15985.6,15986.8,15987.1,0.3,1606.670035
2026-06-04T06:30:00+00:00,15987.05,15988.5,15982.6,15985.55,15986.9,15987.2,15988.3,15988.7,15982.5,15982.7,15985.4,15985.7,0.3,2366.790039
2026-06-04T06:45:00+00:00,15985.5,15990.85,15985.15,15990.35,15985.3,15985.7,15990.6,15991.1,15985,15985.3,15990.2,15990.5,0.3,2276.90003
2026-06-04T07:00:00+00:00,15990.1,15990.85,15987.35,15988.85,15989.9,15990.3,15990.7,15991,15987.2,15987.5,15988.6,15989.1,0.5,2619.280031
2026-06-04T07:15:00+00:00,15988.8,15991.05,15987.7,15989.2,15988.6,15989,15990.9,15991.2,15987.5,15987.9,15989,15989.4,0.4,2360.850027
2026-06-04T07:30:00+00:00,15989.25,15992.9,15986.55,15989.2,15989,15989.5,15992.7,15993.1,15986.3,15986.8,15989,15989.4,0.4,2626.430038
2026-06-04T07:45:00+00:00,15989.25,15991.65,15987.85,15990.45,15989.1,15989.4,15991.5,15991.8,15987.6,15988.1,15990.2,15990.7,0.5,2148.680031
2026-06-04T08:00:00+00:00,15990.5,15992.05,15988.35,15989.5,15990.3,15990.7,15991.8,15992.3,15988.1,15988.6,15989.3,15989.7,0.4,2101.470037
2026-06-04T08:15:00+00:00,15989.6,15990,15987,15987.3,15989.3,15989.9,15989.9,15990.1,15986.8,15987.2,15987.1,15987.5,0.4,1703.950028
2026-06-04T08:30:00+00:00,15987.2,15990.2,15984.45,15989.9,15987,15987.4,15990.1,15990.3,15984.3,15984.6,15989.7,15990.1,0.4,1903.440025
2026-06-04T08:45:00+00:00,15989.8,15989.85,15986.95,15987.7,15989.6,15990,15989.7,15990,15986.7,15987.2,15987.5,15987.9,0.4,1163.220017
2026-06-04T09:00:00+00:00,15987.65,15988.75,15984.4,15986.05,15987.4,15987.9,15988.5,15989,15984.3,15984.5,15986,15986.1,0.1,2209.770042
2026-06-04T09:15:00+00:00,15986.1,15989.8,15985.1,15988.75,15986,15986.2,15989.6,15990,15985,15985.2,15988.6,15988.9,0.3,1790.320035
2026-06-04T09:30:00+00:00,15988.65,15989.55,15984.5,15984.5,15988.5,15988.8,15989.4,15989.7,15984.4,15984.6,15984.4,15984.6,0.2,1688.360025
2026-06-04T09:45:00+00:00,15984.55,15986.8,15984.5,15985.85,15984.4,15984.7,15986.6,15987,15984.3,15984.7,15985.7,15986,0.3,1718.760026
2026-06-04T10:00:00+00:00,15985.95,15989.15,15985.7,15986.75,15985.8,15986.1,15988.9,15989.4,15985.5,15985.9,15986.5,15987,0.5,1912.010035
2026-06-04T10:15:00+00:00,15986.25,15989.1,15986.2,15988.05,15986.1,15986.4,15989,15989.2,15986,15986.4,15987.9,15988.2,0.3,1337.760019
2026-06-04T10:30:00+00:00,15988,15988.5,15986.35,15987.45,15987.9,15988.1,15988.3,15988.7,15986.1,15986.6,15987.2,15987.7,0.5,2193.000036
2026-06-04T10:45:00+00:00,15987.25,15989.85,15987,15987.8,15987.1,15987.4,15989.7,15990,15986.7,15987.3,15987.6,15988,0.4,2126.100029
2026-06-04T11:00:00+00:00,15987.6,15987.7,15983.55,15984.5,15987.5,15987.7,15987.6,15987.8,15983.4,15983.7,15984.3,15984.7,0.4,2604.140041
2026-06-04T11:15:00+00:00,15984.55,15984.55,15979.75,15982.2,15984.4,15984.7,15984.4,15984.7,15979.5,15980,15982,15982.4,0.4,3465.270047
2026-06-04T11:30:00+00:00,15982.1,15985.95,15980.15,15981.05,15981.9,15982.3,15985.8,15986.1,15980,15980.3,15980.9,15981.2,0.3,4779.090052
2026-06-04T11:45:00+00:00,15981.15,15981.7,15975.15,15976.85,15981,15981.3,15981.4,15982,15975,15975.3,15976.7,15977,0.3,2585.620037
2026-06-04T12:00:00+00:00,15976.8,15987.75,15975.75,15983.85,15976.7,15976.9,15987.6,15987.9,15975.6,15975.9,15983.7,15984,0.3,5020.130069
2026-06-04T12:15:00+00:00,15983.7,15985.6,15982.25,15982.95,15983.5,15983.9,15985.5,15985.7,15982.1,15982.4,15982.2,15983.7,1.5,2727.150047
2026-06-04T12:30:00+00:00,15982.6,15985.3,15979.05,15984.3,15981.8,15983.4,15985.1,15985.5,15978.7,15979.4,15984.1,15984.5,0.4,2458.430033
2026-06-04T12:45:00+00:00,15984.25,15986.65,15982.15,15986.55,15984.1,15984.4,15986.4,15986.9,15982,15982.3,15986.4,15986.7,0.3,2333.510044
2026-06-04T13:00:00+00:00,15986.6,15989.4,15986.05,15989.05,15986.5,15986.7,15989.2,15989.6,15985.8,15986.3,15988.8,15989.3,0.5,2485.380034
2026-06-04T13:15:00+00:00,15989.05,15989.2,15984.35,15987.3,15988.9,15989.2,15989,15989.4,15984.1,15984.6,15987.1,15987.5,0.4,2801.460034
2026-06-04T13:30:00+00:00,15987.25,15988.7,15984.85,15987.25,15987.1,15987.4,15988.6,15988.8,15984.7,15985,15987,15987.5,0.5,3063.500032
2026-06-04T13:45:00+00:00,15987.2,15992.05,15987.2,15991.8,15987,15987.4,15991.9,15992.2,15987,15987.4,15991.7,15991.9,0.2,3028.630036
2026-06-04T14:00:00+00:00,15991.8,15992.8,15987.95,15991.95,15991.6,15992,15992.6,15993,15987.8,15988.1,15991.7,15992.2,0.5,3190.380041
2026-06-04T14:15:00+00:00,15991.9,15995.25,15991.55,15994.55,15991.7,15992.1,15995.1,15995.4,15991.3,15991.8,15994.3,15994.8,0.5,2442.690032
2026-06-04T14:30:00+00:00,15994.6,15998.15,15994.55,15996.85,15994.4,15994.8,15998,15998.3,15994.3,15994.8,15996.7,15997,0.3,2246.980029
2026-06-04T14:45:00+00:00,15997.15,16000.35,15995.85,15998.6,15997,15997.3,16000.2,16000.5,15995.7,15996,15998.5,15998.7,0.2,3649.020045
2026-06-04T15:00:00+00:00,15998.65,16002.95,15998.5,16000.75,15998.5,15998.8,16002.8,16003.1,15998.3,15998.7,16000.5,16001,0.5,4262.960051
2026-06-04T15:15:00+00:00,16000.7,16000.75,15998,15999.45,16000.4,16001,16000.4,16001.1,15997.7,15998.3,15999.3,15999.6,0.3,1778.070028
2026-06-04T15:30:00+00:00,15999.4,16000.25,15996.85,15999.55,15999.3,15999.5,16000.1,16000.4,15996.6,15997.1,15999.3,15999.8,0.5,1953.090025
2026-06-04T15:45:00+00:00,15999.65,16000.15,15995.9,15997.2,15999.5,15999.8,15999.9,16000.4,15995.7,15996.1,15997,15997.4,0.4,1524.040027
2026-06-04T16:00:00+00:00,15997.35,15998.4,15994.05,15995.6,15997.2,15997.5,15998.2,15998.6,15993.9,15994.2,15995.4,15995.8,0.4,922.8300149
2026-06-04T16:15:00+00:00,15995.5,15997.25,15994.6,15995.95,15995.3,15995.7,15997,15997.5,15994.4,15994.8,15995.7,15996.2,0.5,472.8200076
2026-06-04T16:30:00+00:00,15995.8,15999.25,15994.75,15998.3,15995.6,15996,15999,15999.5,15994.6,15994.9,15998.1,15998.5,0.4,1129.700026
2026-06-04T16:45:00+00:00,15998.35,15999.35,15995.95,15997.05,15998.2,15998.5,15999.2,15999.5,15995.8,15996.1,15996.7,15997.4,0.7,996.0000193
2026-06-04T17:00:00+00:00,15997,15999.55,15997,15998.55,15996.7,15997.3,15999.3,15999.8,15996.7,15997.3,15998.3,15998.8,0.5,2319.980031
2026-06-04T17:15:00+00:00,15998.6,16000.2,15998.5,15999.55,15998.2,15999,16000.1,16000.3,15998.2,15998.8,15999.4,15999.7,0.3,697.9500117
2026-06-04T17:30:00+00:00,15999.5,15999.55,15997.1,15998.65,15999.4,15999.6,15999.4,15999.7,15996.9,15997.3,15998.4,15998.9,0.5,546.5300083
2026-06-04T17:45:00+00:00,15998.8,15999.45,15997.9,15999.45,15998.5,15999.1,15999.3,15999.6,15997.7,15998.1,15999.3,15999.6,0.3,494.5500089
2026-06-04T18:00:00+00:00,15999.5,15999.8,15997,15997.95,15999.4,15999.6,15999.7,15999.9,15996.8,15997.2,15997.7,15998.2,0.5,652.0100133
2026-06-04T18:15:00+00:00,15998.05,15999.8,15997.9,15999.55,15997.8,15998.3,15999.6,16000,15997.6,15998.2,15999.3,15999.8,0.5,692.4000109
2026-06-04T18:30:00+00:00,15999.75,16003.1,15999.75,16001.2,15999.6,15999.9,16002.8,16003.4,15999.6,15999.9,16001,16001.4,0.4,1604.440027
2026-06-04T18:45:00+00:00,16001.25,16003.4,16000.85,16002.85,16001,16001.5,16003.2,16003.6,16000.6,16001.1,16002.6,16003.1,0.5,2250.790029
2026-06-04T19:00:00+00:00,16002.9,16003.3,16001.9,16002.85,16002.7,16003.1,16003.1,16003.5,16001.7,16002.1,16002.6,16003.1,0.5,1558.550015
2026-06-04T19:15:00+00:00,16002.9,16003,16001.95,16002.75,16002.6,16003.2,16002.8,16003.2,16001.7,16002.2,16002.5,16003,0.5,1003.590013
2026-06-04T19:30:00+00:00,16002.7,16002.95,16000.8,16002.05,16002.5,16002.9,16002.6,16003.3,16000.6,16001,16001.8,16002.3,0.5,885.5400151
2026-06-04T19:45:00+00:00,16002.05,16002.25,16000.7,16001.55,16001.8,16002.3,16002,16002.5,16000.5,16000.9,16001.3,16001.8,0.5,1679.920024
2026-06-04T20:00:00+00:00,16001.6,16002.6,16000.8,16002.4,16001.3,16001.9,16002.4,16002.8,16000.6,16001,16002.1,16002.7,0.6,1355.400018
2026-06-04T20:15:00+00:00,16002.5,16004.3,16002.5,16004.05,16002.2,16002.8,16004.1,16004.5,16002.2,16002.8,16003.8,16004.3,0.5,392.2700065
2026-06-04T20:30:00+00:00,16004.15,16004.4,16002.7,16003.75,16003.9,16004.4,16004.1,16004.7,16002.4,16003,16003.5,16004,0.5,472.7900077
2026-06-04T20:45:00+00:00,16003.65,16004.2,16001.9,16002.45,16003.3,16004,16003.9,16004.5,16001.4,16002.4,16001.4,16003.5,2.1,1339.350015
2026-06-04T21:00:00+00:00,16002.4,16005.1,16001.55,16002.65,16001.3,16003.5,16001.4,16008.8,15999.6,16003.5,16001.1,16004.2,3.1,83.19999935
2026-06-04T21:15:00+00:00,16002.5,16002.7,16002.2,16002.2,16001.2,16003.8,16001.2,16004.2,16000.7,16003.7,16000.7,16003.7,3,111.0000038
2026-06-04T21:30:00+00:00,16002.25,16002.35,16001.4,16001.8,16000.8,16003.7,16001,16003.7,16000,16002.8,16000.3,16003.3,3,294.600008
2026-06-04T21:45:00+00:00,16001.7,16001.95,15995.8,15998.4,16000.3,16003.1,16000.4,16003.5,15993.2,15998.4,15996.7,16000.1,3.4,814.8700159
2026-06-04T22:00:00+00:00,15997.7,16000.4,15996.75,15999.55,15995.4,16000,15999.6,16001.2,15995.4,15998.1,15999.2,15999.9,0.7,396.8900015
2026-06-04T22:15:00+00:00,15999.6,16001.5,15998.4,15998.5,15999.2,16000,16001.1,16001.9,15998,15998.8,15998.1,15998.9,0.8,301.5500075
2026-06-04T22:30:00+00:00,15998.75,16001.4,15998.4,16001.25,15998.4,15999.1,16001,16001.8,15998,15998.8,16000.8,16001.7,0.9,327.9200047
2026-06-04T22:45:00+00:00,16001.4,16002.5,15999.75,16000.2,16001.1,16001.7,16002.2,16002.8,15999.3,16000.2,15999.7,16000.7,1,804.060011
2026-06-04T23:00:00+00:00,16000.55,16001.3,15999.65,15999.9,16000.3,16000.8,16000.9,16001.7,15999.4,15999.9,15999.6,16000.2,0.6,1006.790017
2026-06-04T23:15:00+00:00,15999.85,15999.9,15997.35,15998.05,15999.6,16000.1,15999.6,16000.2,15997.1,15997.6,15997.7,15998.4,0.7,831.1800107
2026-06-04T23:30:00+00:00,15998,16000.65,15997.9,15998.65,15997.6,15998.4,16000.4,16000.9,15997.6,15998.2,15998.4,15998.9,0.5,477.4400069
2026-06-04T23:45:00+00:00,15998.7,15999.85,15998.2,15999.7,15998.5,15998.9,15999.6,16000.1,15998,15998.4,15999.5,15999.9,0.4,700.9300091
2026-06-05T00:00:00+00:00,15999.55,16000.8,15997.15,15998.7,15999.3,15999.8,16000.6,16001,15996.9,15997.4,15998.4,15999,0.6,2622.270038
2026-06-05T00:15:00+00:00,15998.75,15999.9,15997.35,15997.8,15998.5,15999,15999.7,16000.1,15997.2,15997.5,15997.6,15998,0.4,1237.650025
2026-06-05T00:30:00+00:00,15998.2,15998.35,15995.9,15997.55,15998,15998.4,15998.2,15998.5,15995.7,15996.1,15997.4,15997.7,0.3,649.2700119
2026-06-05T00:45:00+00:00,15997.8,15997.8,15994.45,15996.05,15997.6,15998,15997.6,15998,15994.2,15994.7,15995.9,15996.2,0.3,1779.660036
2026-06-05T01:00:00+00:00,15996,15997.25,15989.95,15993.7,15995.8,15996.2,15997.1,15997.4,15989.8,15990.1,15993.4,15994,0.6,1968.97003
2026-06-05T01:15:00+00:00,15993.65,15996.45,15992.1,15995.5,15993.4,15993.9,15996.2,15996.7,15991.8,15992.4,15995.2,15995.8,0.6,2794.420034
2026-06-05T01:30:00+00:00,15995.45,15995.85,15993.35,15994.75,15995.2,15995.7,15995.6,15996.1,15993.1,15993.6,15994.5,15995,0.5,3307.870027
2026-06-05T01:45:00+00:00,15994.65,15996.6,15994.4,15996.2,15994.4,15994.9,15996.3,15996.9,15994.1,15994.7,15995.8,15996.6,0.8,2047.500028
2026-06-05T02:00:00+00:00,15996.1,15996.9,15993.95,15994.95,15995.8,15996.4,15996.6,15997.2,15993.7,15994.2,15994.7,15995.2,0.5,903.7500159
2026-06-05T02:15:00+00:00,15994.85,15997.3,15994.55,15996.75,15994.6,15995.1,15997.1,15997.5,15994.3,15994.8,15996.5,15997,0.5,573.6000088
2026-06-05T02:30:00+00:00,15996.8,15997.65,15995.8,15996.55,15996.6,15997,15997.5,15997.8,15995.5,15996.1,15996.3,15996.8,0.5,604.8000102
2026-06-05T02:45:00+00:00,15996.4,15997.6,15995.3,15997.5,15996.1,15996.7,15997.4,15997.8,15995.1,15995.5,15997.2,15997.8,0.6,751.0500134
2026-06-05T03:00:00+00:00,15997.65,15999.3,15997.2,15997.85,15997.3,15998,15999.1,15999.5,15997,15997.4,15997.6,15998.1,0.5,1409.100025
2026-06-05T03:15:00+00:00,15997.75,15998.75,15996.65,15996.95,15997.5,15998,15998.5,15999,15996.5,15996.8,15996.7,15997.2,0.5,765.750013
2026-06-05T03:30:00+00:00,15997.25,15997.35,15995.2,15995.8,15996.9,15997.6,15997.1,15997.6,15995,15995.4,15995.6,15996,0.4,372.7500052
2026-06-05T03:45:00+00:00,15995.45,15996.65,15994.55,15995.85,15995.2,15995.7,15996.5,15996.8,15994.3,15994.8,15995.6,15996.1,0.5,886.3500112
2026-06-05T04:00:00+00:00,15995.75,15996.05,15994.4,15995.6,15995.5,15996,15995.8,15996.3,15994.2,15994.6,15995.4,15995.8,0.4,794.5400157
2026-06-05T04:15:00+00:00,15995.6,15996.25,15994.7,15996.25,15995.4,15995.8,15996,15996.5,15994.5,15994.9,15996,15996.5,0.5,420.6000091
2026-06-05T04:30:00+00:00,15996.15,15997.05,15995.8,15996.25,15995.9,15996.4,15996.8,15997.3,15995.5,15996.1,15996.1,15996.4,0.3,715.8000101
2026-06-05T04:45:00+00:00,15996.3,15996.4,15995.6,15996.2,15996.1,15996.5,15996.2,15996.6,15995.3,15995.9,15995.9,15996.5,0.6,718.7200091
2026-06-05T05:00:00+00:00,15996.3,15997.1,15995.7,15995.9,15996,15996.6,15996.9,15997.3,15995.5,15995.9,15995.7,15996.1,0.4,1064.850015
2026-06-05T05:15:00+00:00,15995.85,15996.05,15992.15,15993.35,15995.7,15996,15995.9,15996.2,15992,15992.3,15993.1,15993.6,0.5,835.1100172
2026-06-05T05:30:00+00:00,15993.5,15994.7,15991.9,15994.45,15993.3,15993.7,15994.5,15994.9,15991.7,15992.1,15994.3,15994.6,0.3,698.2500178
2026-06-05T05:45:00+00:00,15994.45,15996.4,15993.7,15996.35,15994.3,15994.6,15996.2,15996.6,15993.6,15993.8,15996.2,15996.5,0.3,532.05001
2026-06-05T06:00:00+00:00,15996.45,15997.35,15994.65,15996.25,15996.3,15996.6,15997.2,15997.5,15994.4,15994.9,15996.1,15996.4,0.3,1599.890023
2026-06-05T06:15:00+00:00,15996.15,15996.6,15994.65,15994.85,15996,15996.3,15996.4,15996.8,15994.5,15994.8,15994.8,15994.9,0.1,844.650013
2026-06-05T06:30:00+00:00,15994.9,15996.45,15994.4,15995,15994.8,15995,15996.2,15996.7,15994.2,15994.6,15994.8,15995.2,0.4,2132.980031
2026-06-05T06:45:00+00:00,15994.95,15995.25,15992.65,15994,15994.8,15995.1,15995.1,15995.4,15992.4,15992.9,15993.8,15994.2,0.4,1609.840023
2026-06-05T07:00:00+00:00,15994.1,15994.5,15992.75,15993.65,15993.9,15994.3,15994.3,15994.7,15992.6,15992.9,15993.4,15993.9,0.5,1319.580016
2026-06-05T07:15:00+00:00,15993.6,15994.05,15991.2,15991.65,15993.5,15993.7,15993.9,15994.2,15991,15991.4,15991.5,15991.8,0.3,2473.720043
2026-06-05T07:30:00+00:00,15991.75,15993,15991,15992.8,15991.6,15991.9,15992.8,15993.2,15990.8,15991.2,15992.6,15993,0.4,2276.880028
2026-06-05T07:45:00+00:00,15992.9,15995.35,15991.35,15995.15,15992.7,15993.1,15995.2,15995.5,15991.2,15991.5,15995,15995.3,0.3,3141.220048
2026-06-05T08:00:00+00:00,15995.2,15995.25,15992.4,15993.1,15994.9,15995.5,15995,15995.5,15992.3,15992.5,15992.9,15993.3,0.4,1496.730026
2026-06-05T08:15:00+00:00,15993.2,15994.1,15992.7,15993.2,15993,15993.4,15993.9,15994.3,15992.5,15992.9,15993,15993.4,0.4,877.8400114
2026-06-05T08:30:00+00:00,15993.25,15994.05,15992.5,15993.5,15993.1,15993.4,15993.9,15994.2,15992.2,15992.8,15993.3,15993.7,0.4,985.9100147
2026-06-05T08:45:00+00:00,15993.3,15995.35,15992.5,15994.8,15993.1,15993.5,15995.2,15995.5,15992.3,15992.7,15994.5,15995.1,0.6,746.1200131
2026-06-05T09:00:00+00:00,15994.9,15995.9,15990.7,15992.05,15994.7,15995.1,15995.7,15996.1,15990.6,15990.8,15991.8,15992.3,0.5,2552.180032
2026-06-05T09:15:00+00:00,15992,15993.05,15989.5,15992.7,15991.8,15992.2,15992.9,15993.2,15989.3,15989.7,15992.5,15992.9,0.4,3201.430038
2026-06-05T09:30:00+00:00,15992.7,15993.3,15990.55,15993.05,15992.5,15992.9,15993.1,15993.5,15990.4,15990.7,15992.9,15993.2,0.3,862.5700159
2026-06-05T09:45:00+00:00,15993.1,15995.1,15993.05,15994.35,15993,15993.2,15994.9,15995.3,15992.9,15993.2,15994.2,15994.5,0.3,906.5300152
2026-06-05T10:00:00+00:00,15994.3,15995.1,15993.55,15993.65,15994.2,15994.4,15994.9,15995.3,15993.4,15993.7,15993.6,15993.7,0.1,490.8800079
2026-06-05T10:15:00+00:00,15993.7,15993.8,15991.3,15991.45,15993.6,15993.8,15993.7,15993.9,15991.2,15991.4,15991.3,15991.6,0.3,726.6000147
2026-06-05T10:30:00+00:00,15991.5,15993.3,15990.65,15992.2,15991.3,15991.7,15993.1,15993.5,15990.5,15990.8,15992,15992.4,0.4,866.5600157
2026-06-05T10:45:00+00:00,15992.3,15993.55,15990.6,15991.1,15992.1,15992.5,15993.4,15993.7,15990.4,15990.8,15990.9,15991.3,0.4,734.2600125
2026-06-05T11:00:00+00:00,15991.25,15992,15989.65,15990.85,15991.1,15991.4,15991.8,15992.2,15989.5,15989.8,15990.7,15991,0.3,2462.980026
2026-06-05T11:15:00+00:00,15990.9,15993,15989.55,15990.15,15990.6,15991.2,15992.9,15993.1,15989.4,15989.7,15990,15990.3,0.3,2550.600031
2026-06-05T11:30:00+00:00,15990.25,15991.75,15988.3,15988.7,15990.1,15990.4,15991.6,15991.9,15988.1,15988.5,15988.6,15988.8,0.2,1802.780022
2026-06-05T11:45:00+00:00,15988.6,15988.8,15983.25,15984.65,15988.3,15988.9,15988.6,15989,15983,15983.5,15984.4,15984.9,0.5,4114.610025
2026-06-05T12:00:00+00:00,15984.6,15987.3,15983.7,15986.35,15984.4,15984.8,15987.1,15987.5,15983.4,15984,15986.2,15986.5,0.3,4873.160058
2026-06-05T12:15:00+00:00,15986.3,15990.35,15986.05,15989.75,15986.2,15986.4,15989.9,15990.8,15985.9,15986.2,15988.7,15990.8,2.1,3187.290034
2026-06-05T12:30:00+00:00,15989.85,16004.4,15989.15,16003.3,15988.7,15991,16004.2,16004.6,15988.5,15989.8,16003.1,16003.5,0.4,11887.87018
2026-06-05T12:45:00+00:00,16003.5,16022.15,16001.3,16021.4,16003.3,16003.7,16021.9,16022.4,16001.1,16001.5,16021.2,16021.6,0.4,9578.750124
2026-06-05T13:00:00+00:00,16021.65,16026.45,15972.9,16006.1,16021.6,16021.7,16026.2,16026.7,15972.6,15973.2,16005.8,16006.4,0.6,18062.61026
2026-06-05T13:15:00+00:00,16006.2,16017.25,16002.5,16016.3,16005.9,16006.5,16017,16017.5,16002.2,16002.8,16016,16016.6,0.6,9725.810134
2026-06-05T13:30:00+00:00,16016.35,16018.05,16009.7,16010.75,16016.1,16016.6,16017.9,16018.2,16009.3,16010.1,16010.5,16011,0.5,9775.540134
2026-06-05T13:45:00+00:00,16010.85,16015,15994.4,16014.7,16010.7,16011,16014.8,16015.2,15994.1,15994.7,16014.5,16014.9,0.4,11585.25018
2026-06-05T14:00:00+00:00,16014.8,16017.9,16006.25,16016.2,16014.6,16015,16017.7,16018.1,16006,16006.5,16015.9,16016.5,0.6,10951.20017
2026-06-05T14:15:00+00:00,16016.15,16023.75,16016.15,16019.1,16015.9,16016.4,16023.5,16024,16015.9,16016.4,16018.9,16019.3,0.4,6158.050086
2026-06-05T14:30:00+00:00,16019,16028,16016.65,16026.3,16018.8,16019.2,16027.8,16028.2,16016.5,16016.8,16026,16026.6,0.6,3551.700053
2026-06-05T14:45:00+00:00,16026.15,16027.45,16018.35,16027.1,16025.9,16026.4,16027.3,16027.6,16018.2,16018.5,16026.9,16027.3,0.4,6054.840085
2026-06-05T15:00:00+00:00,16027.15,16029,16025.2,16028.8,16027,16027.3,16028.8,16029.2,16025,16025.4,16028.6,16029,0.4,4456.510064
2026-06-05T15:15:00+00:00,16028.85,16029.05,16023.1,16026,16028.7,16029,16028.8,16029.3,16022.9,16023.3,16025.7,16026.3,0.6,7872.080088
2026-06-05T15:30:00+00:00,16026,16029.95,16025.1,16028.95,16025.7,16026.3,16029.7,16030.2,16025,16025.2,16028.7,16029.2,0.5,3010.100051
2026-06-05T15:45:00+00:00,16029,16030,16021.2,16026.45,16028.7,16029.3,16029.8,16030.2,16021.1,16021.3,16026.3,16026.6,0.3,2377.40005
2026-06-05T16:00:00+00:00,16026.5,16028.7,16024.3,16027.75,16026.3,16026.7,16028.5,16028.9,16024.1,16024.5,16027.5,16028,0.5,3722.59006
2026-06-05T16:15:00+00:00,16027.85,16032.65,16027.05,16029.55,16027.6,16028.1,16032.4,16032.9,16026.8,16027.3,16029.4,16029.7,0.3,3645.860064
2026-06-05T16:30:00+00:00,16029.6,16034.35,16029.3,16031.65,16029.4,16029.8,16034.2,16034.5,16029.1,16029.5,16031.5,16031.8,0.3,2266.570041
2026-06-05T16:45:00+00:00,16031.95,16032.15,16024.8,16027.95,16031.7,16032.2,16031.9,16032.4,16024.6,16025,16027.8,16028.1,0.3,2445.290039
2026-06-05T17:00:00+00:00,16027.8,16031.85,16027.1,16029.4,16027.7,16027.9,16031.8,16031.9,16027,16027.2,16029.2,16029.6,0.4,1855.260038
2026-06-05T17:15:00+00:00,16029.6,16031.8,16029.25,16031,16029.3,16029.9,16031.6,16032,16029,16029.5,16030.8,16031.2,0.4,1553.82003
2026-06-05T17:30:00+00:00,16031.4,16034.15,16030.95,16033.35,16031.3,16031.5,16034,16034.3,16030.8,16031.1,16033.2,16033.5,0.3,1002.870022
2026-06-05T17:45:00+00:00,16033.2,16033.9,16031.25,16032.1,16033,16033.4,16033.8,16034,16031,16031.5,16031.9,16032.3,0.4,1310.900016
2026-06-05T18:00:00+00:00,16031.95,16034.05,16030.15,16030.4,16031.8,16032.1,16033.9,16034.2,16030,16030.3,16030.2,16030.6,0.4,1571.750025
2026-06-05T18:15:00+00:00,16030.4,16030.75,16020.5,16024.15,16030.2,16030.6,16030.6,16030.9,16020.3,16020.7,16024,16024.3,0.3,2769.590048
2026-06-05T18:30:00+00:00,16024.3,16024.4,16009.1,16017.45,16024.1,16024.5,16024.2,16024.6,16008.9,16009.3,16017.3,16017.6,0.3,2522.310053
2026-06-05T18:45:00+00:00,16017.6,16017.8,16011.25,16016.55,16017.5,16017.7,16017.6,16018,16011.1,16011.4,16016.3,16016.8,0.5,2916.090051
2026-06-05T19:00:00+00:00,16016.6,16019.15,16011.8,16017.9,16016.3,16016.9,16018.9,16019.4,16011.6,16012,16017.6,16018.2,0.6,2758.140054
2026-06-05T19:15:00+00:00,16018,16019.45,16015.25,16019,16017.8,16018.2,16019.2,16019.7,16015.1,16015.4,16018.9,16019.1,0.2,1660.840026
2026-06-05T19:30:00+00:00,16018.85,16019.5,16017.75,16018.1,16018.7,16019,16019.3,16019.7,16017.6,16017.9,16017.9,16018.3,0.4,972.2500216
2026-06-05T19:45:00+00:00,16018.05,16020.9,16017.9,16018.5,16017.8,16018.3,16020.7,16021.1,16017.7,16018.1,16018.3,16018.7,0.4,1301.910026
2026-06-05T20:00:00+00:00,16018.5,16024.5,16017.85,16023.35,16018.4,16018.6,16024.2,16024.8,16017.7,16018,16023.1,16023.6,0.5,1655.400031
2026-06-05T20:15:00+00:00,16024,16024.15,16019.85,16020.35,16023.9,16024.1,16023.9,16024.4,16019.6,16020.1,16020.1,16020.6,0.5,924.2100215
2026-06-05T20:30:00+00:00,16020.4,16023.3,16019.25,16022.95,16020.2,16020.6,16023,16023.6,16019.1,16019.4,16022.7,16023.2,0.5,965.0000266
2026-06-05T20:45:00+00:00,16022.85,16033.7,16021.15,16030.55,16022.6,16023.1,16032.7,16034.7,16020.6,16021.7,16028,16033.1,5.1,3471.030054
2026-06-07T21:00:00+00:00,16028.85,16030.7,16023.85,16026.1,16021.1,16036.6,16024.6,16036.8,16016.3,16031.4,16020.3,16031.9,11.6,514.8100072
2026-06-07T21:15:00+00:00,16026,16030.55,16024.1,16025.5,16020.1,16031.9,16024.7,16036.4,16017.8,16030.4,16017.8,16033.2,15.4,677.9800127
2026-06-07T21:30:00+00:00,16025.4,16025.9,16021.2,16021.45,16017.8,16033,16018.8,16033,16016.9,16025.5,16017.2,16025.7,8.5,689.9500093
2026-06-07T21:45:00+00:00,16021.35,16030.05,16020.6,16027.85,16017.1,16025.6,16025,16035.1,16016.9,16024.3,16022.5,16033.2,10.7,348.2500017
2026-06-07T22:00:00+00:00,16028.9,16035.35,16026.4,16033.15,16024.6,16033.2,16035,16035.7,16024.4,16028.4,16032.8,16033.5,0.7,1134.090013
2026-06-07T22:15:00+00:00,16032.85,16035.8,16031.45,16034.4,16032.5,16033.2,16035.4,16036.2,16031.1,16031.8,16034.1,16034.7,0.6,852.9600168
2026-06-07T22:30:00+00:00,16034.1,16034.75,16031.9,16033.2,16033.8,16034.4,16034.4,16035.1,16031.6,16032.2,16032.9,16033.5,0.6,1383.160026
2026-06-07T22:45:00+00:00,16033.3,16034.9,16031,16033.4,16033,16033.6,16034.6,16035.2,16030.7,16031.3,16033,16033.8,0.8,1199.110017
2026-06-07T23:00:00+00:00,16033.5,16033.8,16030.5,16030.95,16033.1,16033.9,16033.5,16034.1,16030.2,16030.8,16030.6,16031.3,0.7,933.3400149
2026-06-07T23:15:00+00:00,16030.9,16031.1,16024.1,16027.45,16030.6,16031.2,16030.8,16031.4,16023.9,16024.3,16027.2,16027.7,0.5,1398.420026
2026-06-07T23:30:00+00:00,16027.35,16032.75,16026.25,16032.45,16027,16027.7,16032.5,16033,16026,16026.5,16032.2,16032.7,0.5,1104.010021
2026-06-07T23:45:00+00:00,16032.25,16034.45,16030.1,16033.8,16032,16032.5,16034.1,16034.8,16029.7,16030.5,16033.5,16034.1,0.6,1209.760019
2026-06-08T00:00:00+00:00,16033.9,16034.15,16025.6,16032.1,16033.7,16034.1,16033.9,16034.4,16025.3,16025.9,16031.9,16032.3,0.4,2967.760051
2026-06-08T00:15:00+00:00,16032.3,16032.55,16028.3,16030.5,16032.1,16032.5,16032.3,16032.8,16028.1,16028.5,16030.3,16030.7,0.4,2091.43004
2026-06-08T00:30:00+00:00,16030.4,16032.35,16027.8,16029.3,16030.2,16030.6,16032,16032.7,16027.6,16028,16029.1,16029.5,0.4,2543.470038
2026-06-08T00:45:00+00:00,16029.4,16034.6,16024.2,16032.4,16029.3,16029.5,16034.3,16034.9,16024,16024.4,16032.2,16032.6,0.4,4628.120081
2026-06-08T01:00:00+00:00,16032.3,16034.05,16027.8,16031.2,16032,16032.6,16033.8,16034.3,16027.6,16028,16030.9,16031.5,0.6,3124.690047
2026-06-08T01:15:00+00:00,16031.05,16033.45,16026.65,16032.3,16030.8,16031.3,16033.1,16033.8,16026.4,16026.9,16032.1,16032.5,0.4,4713.060075
2026-06-08T01:30:00+00:00,16032.15,16035.25,16030.3,16031.85,16032,16032.3,16035,16035.5,16030.1,16030.5,16031.7,16032,0.3,3419.350058
2026-06-08T01:45:00+00:00,16031.8,16034.05,16030.3,16033.4,16031.6,16032,16033.9,16034.2,16030.1,16030.5,16033.2,16033.6,0.4,1548.150022
2026-06-08T02:00:00+00:00,16033.3,16036.2,16032.7,16035.55,16033.1,16033.5,16036,16036.4,16032.5,16032.9,16035.4,16035.7,0.3,1550.250018
2026-06-08T02:15:00+00:00,16035.75,16035.8,16034,16035.2,16035.6,16035.9,16035.6,16036,16033.8,16034.2,16035,16035.4,0.4,1804.820033
2026-06-08T02:30:00+00:00,16035,16036.8,16034.4,16036.8,16034.9,16035.1,16036.6,16037,16034.2,16034.6,16036.6,16037,0.4,1249.110026
2026-06-08T02:45:00+00:00,16036.85,16037.9,16036.05,16037.6,16036.7,16037,16037.7,16038.1,16035.8,16036.3,16037.3,16037.9,0.6,1010.850019
2026-06-08T03:00:00+00:00,16037.65,16039.4,16037.55,16038.25,16037.5,16037.8,16039.2,16039.6,16037.3,16037.8,16038.1,16038.4,0.3,721.9500139
2026-06-08T03:15:00+00:00,16038.15,16039.2,16037.05,16037.35,16038,16038.3,16039,16039.4,16036.9,16037.2,16037.2,16037.5,0.3,377.3600088
2026-06-08T03:30:00+00:00,16037.25,16038.55,16035.15,16035.2,16037.1,16037.4,16038.2,16038.9,16035,16035.3,16035,16035.4,0.4,380.4000096
2026-06-08T03:45:00+00:00,16035.15,16035.25,16033.95,16034,16035,16035.3,16035,16035.5,16033.7,16034.2,16033.7,16034.3,0.6,289.6500047
2026-06-08T04:00:00+00:00,16033.9,16034.8,16028.95,16029,16033.7,16034.1,16034.5,16035.1,16028.7,16029.2,16028.7,16029.3,0.6,1223.460014
2026-06-08T04:15:00+00:00,16029,16032.45,16029,16032.1,16028.7,16029.3,16032.2,16032.7,16028.7,16029.3,16032,16032.2,0.2,1081.490013
2026-06-08T04:30:00+00:00,16032.15,16033.85,16031.4,16032.95,16032,16032.3,16033.6,16034.1,16031.2,16031.6,16032.7,16033.2,0.5,1486.050018
2026-06-08T04:45:00+00:00,16033.05,16035.5,16032.35,16034.35,16032.8,16033.3,16035.3,16035.7,16032.1,16032.6,16034.1,16034.6,0.5,745.8700129
2026-06-08T05:00:00+00:00,16034.3,16034.65,16032.1,16034.4,16034.1,16034.5,16034.3,16035,16031.8,16032.4,16034.1,16034.7,0.6,2380.040027
2026-06-08T05:15:00+00:00,16034.45,16034.65,16029.3,16030.55,16034.2,16034.7,16034.3,16035,16029.1,16029.5,16030.4,16030.7,0.3,1414.49002
2026-06-08T05:30:00+00:00,16030.5,16033.25,16029.75,16030.9,16030.3,16030.7,16033,16033.5,16029.5,16030,16030.6,16031.2,0.6,2616.220029
2026-06-08T05:45:00+00:00,16030.95,16031.75,16020.65,16026.3,16030.7,16031.2,16031.5,16032,16020.5,16020.8,16026,16026.6,0.6,3214.920051
2026-06-08T06:00:00+00:00,16026.2,16030.35,16025.25,16026.7,16025.9,16026.5,16030.2,16030.5,16025,16025.5,16026.4,16027,0.6,2795.09004
2026-06-08T06:15:00+00:00,16026.85,16034.35,16022.95,16032.45,16026.5,16027.2,16034.2,16034.5,16022.7,16023.2,16032.3,16032.6,0.3,5151.980078
2026-06-08T06:30:00+00:00,16032.35,16032.35,16026.2,16026.3,16032.2,16032.5,16032.2,16032.5,16026,16026.4,16026.1,16026.5,0.4,3940.090047
2026-06-08T06:45:00+00:00,16026.25,16028.55,16025.4,16026.4,16026.1,16026.4,16028.4,16028.7,16025.2,16025.6,16026.1,16026.7,0.6,1866.990027
2026-06-08T07:00:00+00:00,16026.35,16026.55,16015.1,16019.1,16026.2,16026.5,16026.3,16026.8,16014.9,16015.3,16018.9,16019.3,0.4,4795.090055
2026-06-08T07:15:00+00:00,16019.3,16023.45,16018.8,16020.65,16019,16019.6,16023.3,16023.6,16018.6,16019,16020.4,16020.9,0.5,5388.450069
2026-06-08T07:30:00+00:00,16020.55,16022.15,16018,16020.5,16020.4,16020.7,16021.9,16022.4,16017.8,16018.2,16020.2,16020.8,0.6,6184.660052
2026-06-08T07:45:00+00:00,16020.55,16022.95,16017.5,16022.9,16020.4,16020.7,16022.7,16023.2,16017.3,16017.7,16022.7,16023.1,0.4,2778.930031
2026-06-08T08:00:00+00:00,16022.85,16023.05,16017.9,16018.9,16022.6,16023.1,16022.8,16023.3,16017.7,16018.1,16018.8,16019,0.2,3549.770041
2026-06-08T08:15:00+00:00,16018.85,16024.2,16013.45,16015,16018.7,16019,16024,16024.4,16013.3,16013.6,16014.7,16015.3,0.6,4286.780052
2026-06-08T08:30:00+00:00,16014.95,16021.15,16011.55,16019.2,16014.6,16015.3,16021,16021.3,16011.4,16011.7,16019,16019.4,0.4,3750.950055
2026-06-08T08:45:00+00:00,16019.25,16021.6,15985.1,16002.55,16019.1,16019.4,16021.4,16021.8,15984.9,15985.3,16002.4,16002.7,0.3,5856.270113
2026-06-08T09:00:00+00:00,16002.5,16007.55,16002.25,16004,16002.4,16002.6,16007.3,16007.8,16002.1,16002.4,16003.7,16004.3,0.6,5810.220085
2026-06-08T09:15:00+00:00,16004.05,16006.8,15998.5,16001.35,16003.8,16004.3,16006.6,16007,15998.3,15998.7,16001.2,16001.5,0.3,4918.850068
2026-06-08T09:30:00+00:00,16001.4,16004.35,15998.3,16000.7,16001.2,16001.6,16004.1,16004.6,15998.1,15998.5,16000.4,16001,0.6,5639.840092
2026-06-08T09:45:00+00:00,16000.65,16002.6,15998.5,16000.9,16000.4,16000.9,16002.4,16002.8,15998.3,15998.7,16000.6,16001.2,0.6,3725.740026
2026-06-08T10:00:00+00:00,16001,16003,15998.7,16000.45,16000.8,16001.2,16002.8,16003.2,15998.5,15998.9,16000.2,16000.7,0.5,2231.800033
2026-06-08T10:15:00+00:00,16000.4,16008.3,15999.85,16004.1,16000.2,16000.6,16008.2,16008.4,15999.6,16000.1,16003.8,16004.4,0.6,2658.130037
2026-06-08T10:30:00+00:00,16004.05,16005.45,15992.95,15999.6,16003.9,16004.2,16005.2,16005.7,15992.8,15993.1,15999.5,15999.7,0.2,5219.210072
2026-06-08T10:45:00+00:00,15999.7,16001.45,15995.7,16000.65,15999.4,16000,16001.3,16001.6,15995.5,15995.9,16000.5,16000.8,0.3,2171.10004
2026-06-08T11:00:00+00:00,16000.15,16001.3,15994.7,15995.3,16000,16000.3,16001.1,16001.5,15994.5,15994.9,15995.2,15995.4,0.2,3855.110053
2026-06-08T11:15:00+00:00,15995.2,15997.8,15988.65,15995.75,15995.1,15995.3,15997.6,15998,15988.4,15988.9,15995.5,15996,0.5,8979.220118
2026-06-08T11:30:00+00:00,15995.35,15998.55,15992.15,15996.95,15995.3,15995.4,15998.4,15998.7,15992,15992.3,15996.8,15997.1,0.3,2999.93005
2026-06-08T11:45:00+00:00,15996.65,15998.4,15995.85,15997.1,15996.5,15996.8,15998.2,15998.6,15995.7,15996,15996.9,15997.3,0.4,2007.800035
2026-06-08T12:00:00+00:00,15997.05,15997.65,15994.1,15996.9,15996.8,15997.3,15997.5,15997.8,15993.9,15994.3,15996.7,15997.1,0.4,2898.070047
2026-06-08T12:15:00+00:00,15997,15998.5,15994.6,15995.75,15996.9,15997.1,15998.3,15998.7,15994.4,15994.8,15995.7,15995.8,0.1,3234.700044
2026-06-08T12:30:00+00:00,15995.85,15997.4,15991.7,15993.8,15995.7,15996,15997.2,15997.6,15991.5,15991.9,15993.6,15994,0.4,2779.420043
2026-06-08T12:45:00+00:00,15993.85,15997.1,15993.25,15996,15993.6,15994.1,15997,15997.2,15993,15993.5,15995.8,15996.2,0.4,2750.240037
2026-06-08T13:00:00+00:00,15995.95,15999.25,15993.9,15998.25,15995.7,15996.2,15999,15999.5,15993.6,15994.2,15998,15998.5,0.5,3177.990039
2026-06-08T13:15:00+00:00,15998.3,15999.4,15994.4,15996.35,15998,15998.6,15999.2,15999.6,15994.2,15994.6,15996.1,15996.6,0.5,4019.540047
2026-06-08T13:30:00+00:00,15996.25,15999.5,15994.7,15999.3,15996.1,15996.4,15999.3,15999.7,15994.5,15994.9,15999,15999.6,0.6,4752.420066
2026-06-08T13:45:00+00:00,15999.2,16003.9,15999.2,16003.5,15999,15999.4,16003.7,16004.1,15999,15999.4,16003.3,16003.7,0.4,3356.590043
2026-06-08T14:00:00+00:00,16003.6,16011.45,16003.1,16011.15,16003.4,16003.8,16011.2,16011.7,16002.9,16003.3,16011,16011.3,0.3,2377.160034
2026-06-08T14:15:00+00:00,16011.15,16020.35,16010.9,16013.9,16011,16011.3,16020.2,16020.5,16010.7,16011.1,16013.8,16014,0.2,4130.170056
2026-06-08T14:30:00+00:00,16014.15,16017.1,16010.65,16012.25,16014.1,16014.2,16016.9,16017.3,16010.4,16010.9,16012.1,16012.4,0.3,4236.680075
2026-06-08T14:45:00+00:00,16012.3,16016.1,16006.85,16007.4,16012.1,16012.5,16015.9,16016.3,16006.7,16007,16007.2,16007.6,0.4,3266.700052
2026-06-08T15:00:00+00:00,16007.35,16012.1,16005.65,16008.65,16007.2,16007.5,16011.9,16012.3,16005.5,16005.8,16008.5,16008.8,0.3,3842.550055
2026-06-08T15:15:00+00:00,16008.55,16010.9,16004.05,16010.9,16008.4,16008.7,16010.8,16011,16003.8,16004.3,16010.8,16011,0.2,3552.950047
2026-06-08T15:30:00+00:00,16010.65,16014.25,16009.9,16012.6,16010.6,16010.7,16013.9,16014.6,16009.8,16010,16012.4,16012.8,0.4,2737.370038
2026-06-08T15:45:00+00:00,16012.4,16013.3,16009.55,16012,16012.2,16012.6,16013.1,16013.5,16009.4,16009.7,16011.8,16012.2,0.4,1560.750022
2026-06-08T16:00:00+00:00,16012.1,16012.2,16008.35,16010,16011.8,16012.4,16012,16012.4,16008.3,16008.4,16009.9,16010.1,0.2,1632.100027
2026-06-08T16:15:00+00:00,16010.05,16012.25,16009.6,16012.15,16010,16010.1,16012.1,16012.4,16009.5,16009.7,16012,16012.3,0.3,1358.630019
2026-06-08T16:30:00+00:00,16012.1,16014.55,16010.1,16013.8,16011.9,16012.3,16014.4,16014.7,16009.9,16010.3,16013.6,16014,0.4,1459.39002
2026-06-08T16:45:00+00:00,16014.4,16017.05,16014.1,16016.15,16014.3,16014.5,16016.9,16017.2,16013.9,16014.3,16016,16016.3,0.3,2243.640037
2026-06-08T17:00:00+00:00,16016.1,16017.75,16014,16014.95,16016,16016.2,16017.6,16017.9,16013.9,16014.1,16014.8,16015.1,0.3,3477.350028
2026-06-08T17:15:00+00:00,16014.75,16019.3,16012.35,16017.75,16014.6,16014.9,16019.1,16019.5,16012.2,16012.5,16017.5,16018,0.5,2791.850055
2026-06-08T17:30:00+00:00,16017.6,16020.55,16014.7,16015.9,16017.3,16017.9,16020.4,16020.7,16014.5,16014.9,16015.7,16016.1,0.4,1231.720022
2026-06-08T17:45:00+00:00,16015.8,16017.4,16013.85,16016.7,16015.6,16016,16017.2,16017.6,16013.6,16014.1,16016.5,16016.9,0.4,1085.020014
2026-06-08T18:00:00+00:00,16016.5,16017.2,16014.15,16016.8,16016.3,16016.7,16016.9,16017.5,16013.9,16014.4,16016.6,16017,0.4,1149.120014
2026-06-08T18:15:00+00:00,16016.55,16017,16014.7,16015.65,16016.3,16016.8,16016.8,16017.2,16014.4,16015,16015.4,16015.9,0.5,1000.020015
2026-06-08T18:30:00+00:00,16015.7,16018.5,16014.9,16018.5,16015.5,16015.9,16018.2,16018.8,16014.7,16015.1,16018.2,16018.8,0.6,424.4000055
2026-06-08T18:45:00+00:00,16018.7,16026.95,16018.6,16025.8,16018.4,16019,16026.7,16027.2,16018.4,16018.8,16025.7,16025.9,0.2,1562.400021
2026-06-08T19:00:00+00:00,16026.15,16026.9,16022,16024.65,16026.1,16026.2,16026.7,16027.1,16021.8,16022.2,16024.5,16024.8,0.3,1529.080025
2026-06-08T19:15:00+00:00,16024.7,16024.85,16023.1,16023.6,16024.4,16025,16024.7,16025,16022.9,16023.3,16023.5,16023.7,0.2,815.850016
2026-06-08T19:30:00+00:00,16023.4,16023.95,16020.9,16023.6,16023.1,16023.7,16023.8,16024.1,16020.6,16021.2,16023.4,16023.8,0.4,2013.150033
2026-06-08T19:45:00+00:00,16023.6,16024.75,16020.9,16021.5,16023.5,16023.7,16024.6,16024.9,16020.7,16021.1,16021.3,16021.7,0.4,2181.580038
2026-06-08T20:00:00+00:00,16021.45,16022.45,16018.7,16020.55,16021.3,16021.6,16022.2,16022.7,16018.6,16018.8,16020.3,16020.8,0.5,2362.730028
2026-06-08T20:15:00+00:00,16020.65,16021.3,16016.55,16017.3,16020.3,16021,16021,16021.6,16016.3,16016.8,16017.1,16017.5,0.4,1113.030015
2026-06-08T20:30:00+00:00,16017.25,16018.85,16017.15,16018.8,16017,16017.5,16018.6,16019.1,16016.8,16017.5,16018.5,16019.1,0.6,419.7000105
2026-06-08T20:45:00+00:00,16018.8,16019.55,16013.85,16014.35,16018.4,16019.2,16018.9,16020.2,16009.7,16018,16009.9,16018.8,8.9,1579.690018
2026-06-08T21:00:00+00:00,16015.3,16017.15,16012.8,16015.15,16009.8,16020.8,16013.1,16021.2,16008.5,16017.1,16012.9,16017.4,4.5,95.20000035
2026-06-08T21:15:00+00:00,16015.2,16015.4,16014.3,16014.4,16013.1,16017.3,16013.5,16017.3,16012.7,16015.9,16012.7,16016.1,3.4,225.9000019
2026-06-08T21:30:00+00:00,16014.75,16015.3,16014.15,16014.9,16013.3,16016.2,16013.9,16016.7,16012.4,16015.9,16013.5,16016.3,2.8,437.7000139
2026-06-08T21:45:00+00:00,16014.85,16019.1,16013.8,16013.9,16013.5,16016.2,16016.8,16021.4,16012.5,16015.1,16012.7,16015.1,2.4,324.6000077
2026-06-08T22:00:00+00:00,16014,16017.25,16013.35,16016.9,16012.8,16015.2,16016.9,16017.6,16012.8,16013.9,16016.5,16017.3,0.8,374.040004
2026-06-08T22:15:00+00:00,16016.75,16018.55,16015.2,16016.25,16016.3,16017.2,16018.2,16018.9,16014.8,16015.6,16015.9,16016.6,0.7,945.9900181
2026-06-08T22:30:00+00:00,16016.45,16018.8,16016,16017.95,16015.8,16017.1,16018.4,16019.2,16015.6,16016.4,16017.6,16018.3,0.7,923.2300097
2026-06-08T22:45:00+00:00,16017.9,16018.9,16016.75,16017.75,16017.5,16018.3,16018.6,16019.2,16016.3,16017.2,16017.4,16018.1,0.7,785.430015
2026-06-08T23:00:00+00:00,16017.7,16019.1,16016.3,16018.95,16017.2,16018.2,16018.7,16019.5,16015.9,16016.7,16018.7,16019.2,0.5,886.0100114
2026-06-08T23:15:00+00:00,16018.95,16020.1,16017.75,16020.05,16018.7,16019.2,16019.8,16020.4,16017.5,16018,16019.8,16020.3,0.5,898.6200083
2026-06-08T23:30:00+00:00,16020.15,16022.9,16020.05,16021.15,16019.9,16020.4,16022.6,16023.2,16019.8,16020.3,16020.9,16021.4,0.5,1026.700012
2026-06-08T23:45:00+00:00,16020.85,16021.55,16017.65,16018.2,16020.7,16021,16021.3,16021.8,16017.4,16017.9,16018,16018.4,0.4,721.3200113
2026-06-09T00:00:00+00:00,16018.5,16020.25,16014.55,16015.25,16018.3,16018.7,16020,16020.5,16014.3,16014.8,16015.1,16015.4,0.3,3637.100033
2026-06-09T00:15:00+00:00,16015.35,16016.5,16013.55,16016.25,16015.2,16015.5,16016.2,16016.8,16013.3,16013.8,16015.9,16016.6,0.7,2094.150026
2026-06-09T00:30:00+00:00,16016.25,16018.25,16015.4,16017.65,16015.9,16016.6,16018,16018.5,16015.1,16015.7,16017.5,16017.8,0.3,2338.820033
2026-06-09T00:45:00+00:00,16017.7,16028,16017.4,16023.75,16017.5,16017.9,16027.8,16028.2,16017.2,16017.6,16023.5,16024,0.5,6323.760095
2026-06-09T01:00:00+00:00,16023.7,16024.5,16020.4,16021.3,16023.4,16024,16024.2,16024.8,16020.2,16020.6,16021,16021.6,0.6,4086.590044
2026-06-09T01:15:00+00:00,16021.35,16025.25,16020.55,16022.3,16021,16021.7,16025.1,16025.4,16020.3,16020.8,16022.1,16022.5,0.4,2794.000051
2026-06-09T01:30:00+00:00,16022,16022.75,16018.4,16019.8,16021.8,16022.2,16022.5,16023,16018.2,16018.6,16019.5,16020.1,0.6,2071.500031
2026-06-09T01:45:00+00:00,16019.85,16020.2,16017.7,16019.4,16019.6,16020.1,16020,16020.4,16017.5,16017.9,16019.1,16019.7,0.6,936.9000177
2026-06-09T02:00:00+00:00,16019.25,16020.2,16018.8,16020.2,16019.1,16019.4,16019.9,16020.5,16018.6,16019,16019.9,16020.5,0.6,794.4000142
2026-06-09T02:15:00+00:00,16020.4,16022.2,16018.8,16019.3,16020.2,16020.6,16022.1,16022.3,16018.5,16019.1,16019.1,16019.5,0.4,1833.810029
2026-06-09T02:30:00+00:00,16019.2,16021.4,16019.05,16021.05,16019.1,16019.3,16021.3,16021.5,16018.9,16019.2,16020.9,16021.2,0.3,498.6000116
2026-06-09T02:45:00+00:00,16020.85,16022.45,16018.8,16022.15,16020.7,16021,16022.2,16022.7,16018.6,16019,16021.8,16022.5,0.7,1269.810024
2026-06-09T03:00:00+00:00,16022.05,16023.45,16020.5,16021.55,16021.7,16022.4,16023.3,16023.6,16020.2,16020.8,16021.3,16021.8,0.5,1400.550023
2026-06-09T03:15:00+00:00,16021.45,16023.6,16021.05,16022.95,16021.3,16021.6,16023.4,16023.8,16020.9,16021.2,16022.8,16023.1,0.3,1206.15002
2026-06-09T03:30:00+00:00,16022.85,16024.1,16021.6,16022.3,16022.7,16023,16023.9,16024.3,16021.4,16021.8,16022.1,16022.5,0.4,1284.220013
2026-06-09T03:45:00+00:00,16021.85,16025.7,16021.3,16025.55,16021.8,16021.9,16025.4,16026,16021.1,16021.5,16025.2,16025.9,0.7,1080.140016
2026-06-09T04:00:00+00:00,16025.6,16025.6,16023.35,16023.6,16025.3,16025.9,16025.3,16025.9,16023.1,16023.6,16023.4,16023.8,0.4,1339.710018
2026-06-09T04:15:00+00:00,16023.6,16025,16022.2,16022.95,16023.4,16023.8,16024.8,16025.2,16021.9,16022.5,16022.7,16023.2,0.5,1097.570014
2026-06-09T04:30:00+00:00,16022.85,16023.2,16018.75,16019.45,16022.5,16023.2,16023,16023.4,16018.5,16019,16019.2,16019.7,0.5,3487.120028
2026-06-09T04:45:00+00:00,16019.45,16020.25,16018.65,16019.35,16019.2,16019.7,16020,16020.5,16018.5,16018.8,16019.1,16019.6,0.5,810.6200078
2026-06-09T05:00:00+00:00,16019.3,16020.85,16018.9,16020.35,16019.1,16019.5,16020.7,16021,16018.6,16019.2,16020.1,16020.6,0.5,1775.240019
2026-06-09T05:15:00+00:00,16020.45,16020.45,16016.45,16016.7,16020.2,16020.7,16020.2,16020.7,16016.2,16016.7,16016.4,16017,0.6,1923.520016
2026-06-09T05:30:00+00:00,16016.65,16017.95,16012.55,16015.25,16016.4,16016.9,16017.8,16018.1,16012.3,16012.8,16015,16015.5,0.5,4480.18005
2026-06-09T05:45:00+00:00,16015.2,16015.5,16011,16015.3,16014.9,16015.5,16015.2,16015.8,16010.8,16011.2,16015,16015.6,0.6,3045.330044
2026-06-09T06:00:00+00:00,16015.5,16015.5,16008.75,16009.85,16015.2,16015.8,16015.2,16015.8,16008.5,16009,16009.6,16010.1,0.5,4537.940055
2026-06-09T06:15:00+00:00,16009.9,16014.8,16005.4,16011.4,16009.7,16010.1,16014.5,16015.1,16005.2,16005.6,16011.2,16011.6,0.4,4618.770046
2026-06-09T06:30:00+00:00,16011.45,16016.1,16011.2,16015.15,16011.2,16011.7,16015.9,16016.3,16011,16011.4,16015,16015.3,0.3,5006.820062
2026-06-09T06:45:00+00:00,16015.1,16018.05,16012.6,16016.8,16014.9,16015.3,16017.8,16018.3,16012.4,16012.8,16016.6,16017,0.4,4905.470063
2026-06-09T07:00:00+00:00,16016.9,16019.9,16015.55,16019.85,16016.8,16017,16019.7,16020.1,16015.3,16015.8,16019.6,16020.1,0.5,5395.780051
2026-06-09T07:15:00+00:00,16019.9,16021.6,16017.15,16017.45,16019.7,16020.1,16021.4,16021.8,16016.9,16017.4,16017.2,16017.7,0.5,5103.480047
2026-06-09T07:30:00+00:00,16017.45,16020.15,16016.15,16016.85,16017.2,16017.7,16020,16020.3,16015.9,16016.4,16016.6,16017.1,0.5,2385.310022
2026-06-09T07:45:00+00:00,16017.05,16020.45,16015.5,16019.95,16016.7,16017.4,16020.2,16020.7,16015.3,16015.7,16019.8,16020.1,0.3,2056.500022
2026-06-09T08:00:00+00:00,16019.85,16022.35,16017.6,16020,16019.7,16020,16022.2,16022.5,16017.4,16017.8,16019.8,16020.2,0.4,3068.100036
2026-06-09T08:15:00+00:00,16019.95,16020.3,16018.6,16019.4,16019.7,16020.2,16020.1,16020.5,16018.3,16018.9,16019.2,16019.6,0.4,1499.780019
2026-06-09T08:30:00+00:00,16019.3,16021.1,16018.45,16020.75,16019.1,16019.5,16020.9,16021.3,16018.2,16018.7,16020.6,16020.9,0.3,1655.590024
2026-06-09T08:45:00+00:00,16020.8,16022.4,16017,16017.75,16020.6,16021,16022.1,16022.7,16016.7,16017.3,16017.5,16018,0.5,1698.210023
2026-06-09T09:00:00+00:00,16017.7,16019.05,16015.8,16017.85,16017.5,16017.9,16018.9,16019.2,16015.6,16016,16017.7,16018,0.3,1633.550018
2026-06-09T09:15:00+00:00,16017.7,16018.6,16014.7,16016,16017.5,16017.9,16018.4,16018.8,16014.5,16014.9,16015.8,16016.2,0.4,2660.720032
2026-06-09T09:30:00+00:00,16016.05,16016.55,16015.25,16016.2,16015.8,16016.3,16016.3,16016.8,16015,16015.5,16015.9,16016.5,0.6,1233.61001
2026-06-09T09:45:00+00:00,16016.15,16020.05,16014.5,16019.15,16015.9,16016.4,16019.9,16020.2,16014.2,16014.8,16019,16019.3,0.3,1363.300013
2026-06-09T10:00:00+00:00,16019.25,16021.5,16018.3,16019.65,16019.1,16019.4,16021.3,16021.7,16018.1,16018.5,16019.4,16019.9,0.5,1620.980029
2026-06-09T10:15:00+00:00,16019.55,16019.65,16016.15,16016.95,16019.4,16019.7,16019.5,16019.8,16016,16016.3,16016.8,16017.1,0.3,824.2100087
2026-06-09T10:30:00+00:00,16017,16017.6,16015.75,16015.8,16016.8,16017.2,16017.3,16017.9,16015.5,16016,16015.5,16016.1,0.6,929.8600106
2026-06-09T10:45:00+00:00,16015.8,16017.4,16014.7,16016.85,16015.6,16016,16017.1,16017.7,16014.6,16014.8,16016.6,16017.1,0.5,1281.140014
2026-06-09T11:00:00+00:00,16016.95,16017.25,16014.55,16016.35,16016.7,16017.2,16017,16017.5,16014.4,16014.7,16016.1,16016.6,0.5,1340.390019
2026-06-09T11:15:00+00:00,16016.4,16017.1,16014.95,16015.3,16016,16016.8,16016.9,16017.3,16014.8,16015.1,16015.1,16015.5,0.4,1483.820023
2026-06-09T11:30:00+00:00,16015.15,16018.05,16014.6,16017.25,16015,16015.3,16017.9,16018.2,16014.4,16014.8,16017.1,16017.4,0.3,1551.270017
2026-06-09T11:45:00+00:00,16017.2,16017.55,16015.55,16016.05,16017,16017.4,16017.5,16017.6,16015.3,16015.8,16015.8,16016.3,0.5,1306.870013
2026-06-09T12:00:00+00:00,16016.05,16017.2,16014.85,16016.4,16015.8,16016.3,16017,16017.4,16014.6,16015.1,16016.2,16016.6,0.4,2723.03003
2026-06-09T12:15:00+00:00,16016.3,16018.9,16015.75,16018.6,16016.1,16016.5,16018.7,16019.1,16015.6,16015.9,16018.3,16018.9,0.6,2879.360029
2026-06-09T12:30:00+00:00,16018.55,16018.75,16016.6,16017.55,16018.3,16018.8,16018.4,16019.1,16016.4,16016.8,16017.3,16017.8,0.5,1863.060026
2026-06-09T12:45:00+00:00,16017.75,16019.75,16017.35,16018.95,16017.5,16018,16019.6,16019.9,16017.1,16017.6,16018.7,16019.2,0.5,3115.930036
2026-06-09T13:00:00+00:00,16018.8,16020.3,16017.75,16018.7,16018.6,16019,16020.2,16020.4,16017.6,16017.9,16018.5,16018.9,0.4,2454.670038
2026-06-09T13:15:00+00:00,16018.75,16019.7,16018.5,16019.65,16018.6,16018.9,16019.5,16019.9,16018.3,16018.7,16019.5,16019.8,0.3,738.7500161
2026-06-09T13:30:00+00:00,16019.75,16022.65,16018.65,16021.95,16019.6,16019.9,16022.4,16022.9,16018.4,16018.9,16021.7,16022.2,0.5,3280.05004
2026-06-09T13:45:00+00:00,16022.05,16022.25,16014.9,16020,16021.8,16022.3,16022,16022.5,16014.7,16015.1,16019.7,16020.3,0.6,6560.120069
2026-06-09T14:00:00+00:00,16020.05,16021.4,16015,16019.65,16019.6,16020.5,16021.2,16021.6,16014.8,16015.2,16019.5,16019.8,0.3,5064.870054
2026-06-09T14:15:00+00:00,16019.6,16021.9,16018.1,16018.6,16019.4,16019.8,16021.7,16022.1,16018,16018.2,16018.5,16018.7,0.2,7152.700058
2026-06-09T14:30:00+00:00,16018.75,16020.15,16018.1,16020.15,16018.6,16018.9,16019.9,16020.4,16017.9,16018.3,16019.9,16020.4,0.5,3950.940042
2026-06-09T14:45:00+00:00,16020.1,16026.05,16019.4,16025.35,16019.9,16020.3,16025.8,16026.3,16019.2,16019.6,16025.1,16025.6,0.5,7156.600047
2026-06-09T15:00:00+00:00,16025.3,16026.35,16023.8,16025.25,16025.1,16025.5,16026.1,16026.6,16023.7,16023.9,16025.1,16025.4,0.3,3994.390051
2026-06-09T15:15:00+00:00,16025.3,16026.9,16023.65,16026.7,16025.1,16025.5,16026.6,16027.2,16023.4,16023.9,16026.5,16026.9,0.4,2584.330035
2026-06-09T15:30:00+00:00,16026.8,16030.4,16025.3,16029.15,16026.6,16027,16030.2,16030.6,16025.1,16025.5,16029,16029.3,0.3,5837.960071
2026-06-09T15:45:00+00:00,16029.1,16029.7,16021.7,16022.9,16028.9,16029.3,16029.5,16029.9,16021.5,16021.9,16022.7,16023.1,0.4,3218.880044
2026-06-09T16:00:00+00:00,16022.85,16030.25,16021.6,16029.7,16022.7,16023,16030,16030.5,16021.3,16021.9,16029.5,16029.9,0.4,3786.920059
2026-06-09T16:15:00+00:00,16029.75,16035.6,16029.75,16034.7,16029.5,16030,16035.4,16035.8,16029.5,16030,16034.4,16035,0.6,3116.43004
2026-06-09T16:30:00+00:00,16034.7,16044.55,16034.35,16041.8,16034.4,16035,16044.3,16044.8,16034.1,16034.6,16041.6,16042,0.4,6885.020105
2026-06-09T16:45:00+00:00,16041.95,16044.55,16039.35,16040.15,16041.7,16042.2,16044.3,16044.8,16039.1,16039.6,16039.9,16040.4,0.5,4553.620073
2026-06-09T17:00:00+00:00,16040,16040.55,16033.6,16038.5,16039.8,16040.2,16040.4,16040.7,16033.4,16033.8,16038.3,16038.7,0.4,5035.290075
2026-06-09T17:15:00+00:00,16038.55,16038.65,16028.55,16030.75,16038.2,16038.9,16038.4,16038.9,16028.4,16028.7,16030.6,16030.9,0.3,4390.050076
2026-06-09T17:30:00+00:00,16030.65,16032.1,16030,16030.65,16030.5,16030.8,16031.9,16032.3,16029.9,16030.1,16030.5,16030.8,0.3,1917.050028
2026-06-09T17:45:00+00:00,16030.8,16035.95,16029.25,16035.55,16030.6,16031,16035.8,16036.1,16029,16029.5,16035.4,16035.7,0.3,1613.02003
2026-06-09T18:00:00+00:00,16035.65,16037.75,16034.15,16035.7,16035.4,16035.9,16037.6,16037.9,16034,16034.3,16035.5,16035.9,0.4,1237.740025
2026-06-09T18:15:00+00:00,16035.8,16037.15,16033.35,16035.5,16035.6,16036,16037,16037.3,16033.2,16033.5,16035.3,16035.7,0.4,1064.300022
2026-06-09T18:30:00+00:00,16035.6,16037.55,16034.55,16037.25,16035.4,16035.8,16037.4,16037.7,16034.4,16034.7,16037,16037.5,0.5,1143.640021
2026-06-09T18:45:00+00:00,16037.1,16037.55,16034.4,16035.95,16036.9,16037.3,16037.4,16037.7,16034.2,16034.6,16035.8,16036.1,0.3,936.6700168
2026-06-09T19:00:00+00:00,16036,16038.75,16035.85,16038.55,16035.9,16036.1,16038.5,16039,16035.7,16036,16038.3,16038.8,0.5,921.3700186
2026-06-09T19:15:00+00:00,16038.65,16041.35,16038.55,16041.1,16038.4,16038.9,16041.2,16041.5,16038.3,16038.8,16041,16041.2,0.2,599.0900096
2026-06-09T19:30:00+00:00,16041.25,16041.65,16038.35,16040.4,16041.1,16041.4,16041.5,16041.8,16038.2,16038.5,16040.1,16040.7,0.6,682.6500118
2026-06-09T19:45:00+00:00,16040.45,16042.2,16038.85,16041.35,16040.2,16040.7,16042,16042.4,16038.6,16039.1,16041.1,16041.6,0.5,1925.800023
2026-06-09T20:00:00+00:00,16041.2,16042.4,16037.9,16037.9,16041,16041.4,16042.2,16042.6,16037.7,16038.1,16037.7,16038.1,0.4,1021.69001
2026-06-09T20:15:00+00:00,16037.95,16039.2,16035.35,16035.8,16037.7,16038.2,16039,16039.4,16035.1,16035.6,16035.5,16036.1,0.6,669.8800087
2026-06-09T20:30:00+00:00,16035.85,16038.85,16035.65,16038.7,16035.6,16036.1,16038.5,16039.2,16035.4,16035.9,16038.4,16039,0.6,508.8300068
2026-06-09T20:45:00+00:00,16038.6,16038.75,16035.2,16035.3,16038.3,16038.9,16038.4,16039.1,16033.8,16036.6,16033.8,16036.8,3,738.4100083
2026-06-09T21:00:00+00:00,16034.4,16036.05,16033.6,16035,16032.5,16036.3,16033,16039.1,16030.9,16036.3,16031.4,16038.6,7.2,23.55000031
2026-06-09T21:15:00+00:00,16035,16038.5,16034.15,16038.35,16031.4,16038.6,16036.9,16040.1,16031.4,16036.9,16036.7,16040,3.3,162.5100031
2026-06-09T21:30:00+00:00,16038.15,16038.55,16037.75,16037.85,16036.8,16039.5,16037.1,16040,16036.5,16039,16036.6,16039.1,2.5,190.8000039
2026-06-09T21:45:00+00:00,16037.9,16038.15,16033.6,16035.05,16036.6,16039.2,16037,16039.3,16032.4,16034.8,16033.9,16036.2,2.3,439.8000075
2026-06-09T22:00:00+00:00,16035.1,16040.05,16035.05,16038.45,16034,16036.2,16039.7,16040.4,16034,16036.1,16038.1,16038.8,0.7,573.4000016
2026-06-09T22:15:00+00:00,16038.4,16039,16036.65,16036.65,16038,16038.8,16038.6,16039.4,16036.2,16037.1,16036.2,16037.1,0.9,478.1600087
2026-06-09T22:30:00+00:00,16036.7,16039.15,16036.6,16039.15,16036.3,16037.1,16038.8,16039.5,16036.2,16037,16038.8,16039.5,0.7,757.2400085
2026-06-09T22:45:00+00:00,16039.15,16040.65,16038.8,16040.5,16038.8,16039.5,16040.3,16041,16038.5,16039.1,16040.3,16040.7,0.4,1003.410015
2026-06-09T23:00:00+00:00,16040.55,16041.2,16040.3,16040.7,16040.4,16040.7,16040.9,16041.5,16040,16040.6,16040.4,16041,0.6,554.8200129
2026-06-09T23:15:00+00:00,16040.65,16042.15,16040.35,16041.4,16040.4,16040.9,16041.9,16042.4,16040.1,16040.6,16041.1,16041.7,0.6,586.7800096
2026-06-09T23:30:00+00:00,16041.5,16041.75,16039.1,16039.25,16041.3,16041.7,16041.5,16042,16038.8,16039.4,16039,16039.5,0.5,484.9300077
2026-06-09T23:45:00+00:00,16039.15,16039.65,16037.75,16039.15,16038.9,16039.4,16039.4,16039.9,16037.5,16038,16038.9,16039.4,0.5,1215.220016
2026-06-10T00:00:00+00:00,16039.35,16039.5,16035.75,16036.85,16039.2,16039.5,16039.4,16039.6,16035.5,16036,16036.7,16037,0.3,2071.170027
2026-06-10T00:15:00+00:00,16036.8,16038.9,16036.8,16037.8,16036.6,16037,16038.7,16039.1,16036.6,16037,16037.6,16038,0.4,897.5400116
2026-06-10T00:30:00+00:00,16037.75,16040.2,16037.65,16039.05,16037.5,16038,16040.1,16040.3,16037.4,16037.9,16038.7,16039.4,0.7,1081.870019
2026-06-10T00:45:00+00:00,16039.45,16043.6,16036.8,16038.55,16039.2,16039.7,16043.5,16043.7,16036.6,16037,16038.3,16038.8,0.5,3613.950071
2026-06-10T01:00:00+00:00,16038.5,16039.45,16023.9,16034.75,16038.2,16038.8,16039.3,16039.6,16023.6,16024.2,16034.3,16035.2,0.9,3372.820055
2026-06-10T01:15:00+00:00,16034.75,16036.8,16033.05,16035.9,16034.5,16035,16036.6,16037,16032.9,16033.2,16035.6,16036.2,0.6,1766.640026
2026-06-10T01:30:00+00:00,16036.2,16038.85,16035.9,16036.9,16036,16036.4,16038.7,16039,16035.6,16036.2,16036.7,16037.1,0.4,947.8800128
2026-06-10T01:45:00+00:00,16036.8,16039.5,16036.5,16038.25,16036.5,16037.1,16039.3,16039.7,16036.3,16036.7,16038,16038.5,0.5,1168.020018
2026-06-10T02:00:00+00:00,16038.25,16038.4,16034.3,16034.4,16038,16038.5,16038.2,16038.6,16034.1,16034.5,16034.2,16034.6,0.4,760.1100122
2026-06-10T02:15:00+00:00,16034.3,16036.7,16034.2,16034.95,16034,16034.6,16036.5,16036.9,16034,16034.4,16034.6,16035.3,0.7,1047.980017
2026-06-10T02:30:00+00:00,16034.75,16035.95,16034,16034.65,16034.6,16034.9,16035.7,16036.2,16033.7,16034.3,16034.4,16034.9,0.5,1121.340011
2026-06-10T02:45:00+00:00,16034.55,16037.25,16034.15,16036.6,16034.3,16034.8,16037,16037.5,16033.9,16034.4,16036.4,16036.8,0.4,658.0900106
2026-06-10T03:00:00+00:00,16036.65,16037.3,16034.15,16035.35,16036.4,16036.9,16037.1,16037.5,16033.9,16034.4,16035.2,16035.5,0.3,869.2100122
2026-06-10T03:15:00+00:00,16035.3,16036.05,16034.6,16035.5,16035.2,16035.4,16035.8,16036.3,16034.4,16034.8,16035.4,16035.6,0.2,806.3200138
2026-06-10T03:30:00+00:00,16035.5,16037.15,16035.05,16035.75,16035.4,16035.6,16036.9,16037.4,16034.8,16035.3,16035.4,16036.1,0.7,780.3800124
2026-06-10T03:45:00+00:00,16035.8,16036.1,16035.15,16036,16035.4,16036.2,16035.9,16036.3,16034.9,16035.4,16035.7,16036.3,0.6,662.4400094
2026-06-10T04:00:00+00:00,16035.9,16036.9,16035.4,16036.1,16035.7,16036.1,16036.7,16037.1,16035.1,16035.7,16035.8,16036.4,0.6,744.7300109
2026-06-10T04:15:00+00:00,16036,16036.65,16035.15,16035.8,16035.7,16036.3,16036.4,16036.9,16035,16035.3,16035.5,16036.1,0.6,1122.660012
2026-06-10T04:30:00+00:00,16035.65,16036.35,16034.85,16036,16035.4,16035.9,16036.1,16036.6,16034.6,16035.1,16035.7,16036.3,0.6,1502.860018
2026-06-10T04:45:00+00:00,16035.9,16037.15,16035,16037.1,16035.6,16036.2,16036.9,16037.4,16034.8,16035.2,16036.9,16037.3,0.4,679.3000103
2026-06-10T05:00:00+00:00,16037,16037.85,16035.8,16037,16036.8,16037.2,16037.7,16038,16035.5,16036.1,16036.8,16037.2,0.4,1075.490012
2026-06-10T05:15:00+00:00,16037.05,16037.35,16035.15,16035.4,16036.8,16037.3,16037.1,16037.6,16035,16035.3,16035.2,16035.6,0.4,1151.370012
2026-06-10T05:30:00+00:00,16035.25,16036.15,16033.85,16034.35,16035.1,16035.4,16035.9,16036.4,16033.5,16034.2,16034.1,16034.6,0.5,1123.460017
2026-06-10T05:45:00+00:00,16034.45,16034.95,16032.95,16034.65,16034.2,16034.7,16034.7,16035.2,16032.8,16033.1,16034.4,16034.9,0.5,1353.440019
2026-06-10T06:00:00+00:00,16034.55,16036.9,16032.75,16034.5,16034.2,16034.9,16036.7,16037.1,16032.5,16033,16034.2,16034.8,0.6,1769.610022
2026-06-10T06:15:00+00:00,16034.4,16038.6,16033.2,16036.8,16034.1,16034.7,16038.3,16038.9,16033,16033.4,16036.6,16037,0.4,4210.280039
2026-06-10T06:30:00+00:00,16036.85,16038.15,16035.45,16036.35,16036.6,16037.1,16037.9,16038.4,16035.3,16035.6,16036.1,16036.6,0.5,2447.470027
2026-06-10T06:45:00+00:00,16036.55,16038.9,16035.85,16038.55,16036.4,16036.7,16038.7,16039.1,16035.6,16036.1,16038.4,16038.7,0.3,1328.860013
2026-06-10T07:00:00+00:00,16038.45,16039.55,16036.7,16037.05,16038.1,16038.8,16039.3,16039.8,16036.5,16036.9,16036.9,16037.2,0.3,1892.610026
2026-06-10T07:15:00+00:00,16037.1,16038,16035,16037.9,16037,16037.2,16037.8,16038.2,16034.8,16035.2,16037.8,16038,0.2,1522.440018
2026-06-10T07:30:00+00:00,16037.85,16038.8,16037.05,16037.7,16037.6,16038.1,16038.7,16038.9,16036.8,16037.3,16037.5,16037.9,0.4,1235.840018
2026-06-10T07:45:00+00:00,16037.65,16039.85,16036.95,16039.25,16037.4,16037.9,16039.6,16040.1,16036.7,16037.2,16039,16039.5,0.5,1486.710022
2026-06-10T08:00:00+00:00,16039.15,16041.25,16038.9,16041.1,16039,16039.3,16041,16041.5,16038.6,16039.2,16040.9,16041.3,0.4,1273.220014
2026-06-10T08:15:00+00:00,16041,16041.1,16038.45,16039.95,16040.8,16041.2,16040.9,16041.3,16038.3,16038.6,16039.7,16040.2,0.5,1786.140025
2026-06-10T08:30:00+00:00,16039.9,16041,16038.7,16040.65,16039.7,16040.1,16040.8,16041.2,16038.5,16038.9,16040.4,16040.9,0.5,1865.860017
2026-06-10T08:45:00+00:00,16040.75,16043.05,16039.25,16042.45,16040.5,16041,16042.8,16043.3,16039,16039.5,16042.2,16042.7,0.5,1622.760017
2026-06-10T09:00:00+00:00,16042.4,16043.95,16041.35,16042.15,16042.2,16042.6,16043.8,16044.1,16041.1,16041.6,16041.8,16042.5,0.7,1807.620029
2026-06-10T09:15:00+00:00,16042.1,16043.1,16040.7,16042.9,16041.9,16042.3,16042.9,16043.3,16040.4,16041,16042.7,16043.1,0.4,2105.140027
2026-06-10T09:30:00+00:00,16042.95,16047.6,16041.75,16045.3,16042.6,16043.3,16047.4,16047.8,16041.5,16042,16045.1,16045.5,0.4,1659.570027
2026-06-10T09:45:00+00:00,16045.3,16045.7,16043.55,16044.5,16045.1,16045.5,16045.5,16045.9,16043.4,16043.7,16044.3,16044.7,0.4,1185.910015
2026-06-10T10:00:00+00:00,16044.55,16046,16044.45,16045.45,16044.4,16044.7,16045.8,16046.2,16044.3,16044.6,16045.3,16045.6,0.3,1325.680022
2026-06-10T10:15:00+00:00,16045.4,16047.1,16045.35,16046.7,16045.2,16045.6,16046.9,16047.3,16045.2,16045.5,16046.6,16046.8,0.2,1117.080013
2026-06-10T10:30:00+00:00,16046.75,16047.7,16046.5,16046.9,16046.6,16046.9,16047.5,16047.9,16046.3,16046.7,16046.7,16047.1,0.4,650.98001
2026-06-10T10:45:00+00:00,16046.95,16047.75,16045.9,16046.7,16046.8,16047.1,16047.6,16047.9,16045.8,16046,16046.6,16046.8,0.2,1412.700025
2026-06-10T11:00:00+00:00,16046.65,16052.65,16045.85,16048.25,16046.5,16046.8,16052.6,16052.7,16045.7,16046,16048.1,16048.4,0.3,5121.870063
2026-06-10T11:15:00+00:00,16048.2,16050.45,16047.25,16048.75,16047.9,16048.5,16050.2,16050.7,16047,16047.5,16048.6,16048.9,0.3,3126.55004
2026-06-10T11:30:00+00:00,16048.7,16053,16048.35,16052.55,16048.5,16048.9,16052.9,16053.1,16048.1,16048.6,16052.4,16052.7,0.3,2207.000034
2026-06-10T11:45:00+00:00,16052.4,16052.8,16046.9,16049.9,16052.2,16052.6,16052.7,16052.9,16046.7,16047.1,16049.7,16050.1,0.4,2338.840034
2026-06-10T12:00:00+00:00,16049.95,16051.55,16045.85,16048.1,16049.8,16050.1,16051.4,16051.7,16045.7,16046,16047.9,16048.3,0.4,4038.60006
2026-06-10T12:15:00+00:00,16048.2,16048.25,16042.4,16042.95,16048,16048.4,16048,16048.5,16041.7,16043.1,16042,16043.9,1.9,3809.530047
2026-06-10T12:30:00+00:00,16043.15,16047.3,16034.25,16039.35,16042.1,16044.2,16046.8,16047.8,16033.3,16035.2,16039.1,16039.6,0.5,7480.880119
2026-06-10T12:45:00+00:00,16039.6,16044.05,16032.5,16043.9,16039.4,16039.8,16043.8,16044.3,16032.3,16032.7,16043.7,16044.1,0.4,4633.820056
2026-06-10T13:00:00+00:00,16043.8,16045.7,16041.75,16041.8,16043.7,16043.9,16045.5,16045.9,16041.5,16042,16041.6,16042,0.4,3536.850049
2026-06-10T13:15:00+00:00,16041.75,16042.9,16039.8,16041.6,16041.6,16041.9,16042.7,16043.1,16039.7,16039.9,16041.5,16041.7,0.2,3937.260054
2026-06-10T13:30:00+00:00,16042.05,16042.55,16035.75,16035.85,16041.9,16042.2,16042.3,16042.8,16035.6,16035.9,16035.6,16036.1,0.5,4067.550063
2026-06-10T13:45:00+00:00,16035.8,16040.65,16034.2,16038.7,16035.5,16036.1,16040.5,16040.8,16034,16034.4,16038.5,16038.9,0.4,3618.790054
2026-06-10T14:00:00+00:00,16038.65,16042.15,16037.1,16038.65,16038.5,16038.8,16042,16042.3,16037,16037.2,16038.4,16038.9,0.5,4236.960047
2026-06-10T14:15:00+00:00,16038.45,16042.3,16038.1,16041.8,16038.2,16038.7,16042.1,16042.5,16037.9,16038.3,16041.6,16042,0.4,4088.520053
2026-06-10T14:30:00+00:00,16041.7,16043.75,16040.6,16043.05,16041.5,16041.9,16043.6,16043.9,16040.4,16040.8,16042.9,16043.2,0.3,1728.580028
2026-06-10T14:45:00+00:00,16043.2,16049.35,16040.55,16048.45,16043,16043.4,16049.1,16049.6,16040.3,16040.8,16048.3,16048.6,0.3,4007.390056
2026-06-10T15:00:00+00:00,16048.55,16049.5,16045.65,16046.75,16048.3,16048.8,16049.2,16049.8,16045.5,16045.8,16046.6,16046.9,0.3,3712.51006
2026-06-10T15:15:00+00:00,16046.8,16048.45,16045.35,16045.5,16046.6,16047,16048.3,16048.6,16045.2,16045.5,16045.3,16045.7,0.4,3532.620045
2026-06-10T15:30:00+00:00,16045.4,16048.4,16044.5,16047.5,16045.3,16045.5,16048.2,16048.6,16044.3,16044.7,16047.2,16047.8,0.6,2042.030028
2026-06-10T15:45:00+00:00,16047.6,16053,16047.1,16047.5,16047.3,16047.9,16052.8,16053.2,16046.9,16047.3,16047.3,16047.7,0.4,7788.380082
2026-06-10T16:00:00+00:00,16047.4,16048,16044.3,16046.2,16047.3,16047.5,16047.8,16048.2,16044.1,16044.5,16045.9,16046.5,0.6,5170.070038
2026-06-10T16:15:00+00:00,16046.25,16047.4,16044.9,16047.35,16046,16046.5,16047.2,16047.6,16044.7,16045.1,16047.1,16047.6,0.5,2982.870025
2026-06-10T16:30:00+00:00,16047.25,16049.8,16046.9,16049.35,16047.1,16047.4,16049.7,16049.9,16046.8,16047,16049.2,16049.5,0.3,1444.320021
2026-06-10T16:45:00+00:00,16049.3,16051,16047.95,16048.85,16049.2,16049.4,16050.8,16051.2,16047.7,16048.2,16048.6,16049.1,0.5,1951.240014
2026-06-10T17:00:00+00:00,16048.8,16049.95,16046,16049.8,16048.5,16049.1,16049.7,16050.2,16045.8,16046.2,16049.6,16050,0.4,2587.880023
2026-06-10T17:15:00+00:00,16049.75,16050.95,16047.9,16048.1,16049.6,16049.9,16050.8,16051.1,16047.8,16048,16047.9,16048.3,0.4,2317.190035
2026-06-10T17:30:00+00:00,16048.15,16053.1,16048.15,16053,16048,16048.3,16052.9,16053.3,16048,16048.3,16052.7,16053.3,0.6,1719.070035
2026-06-10T17:45:00+00:00,16053.05,16054.2,16049.8,16050.5,16052.9,16053.2,16054,16054.4,16049.7,16049.9,16050.3,16050.7,0.4,3433.500056
2026-06-10T18:00:00+00:00,16050.55,16050.55,16047.4,16048.15,16050.4,16050.7,16050.4,16050.7,16047.2,16047.6,16048,16048.3,0.3,1771.400034
2026-06-10T18:15:00+00:00,16048.3,16049.5,16046.9,16047.55,16048.1,16048.5,16049.3,16049.7,16046.8,16047,16047.4,16047.7,0.3,2635.500025
2026-06-10T18:30:00+00:00,16047.45,16049.05,16046.6,16046.85,16047.2,16047.7,16048.9,16049.2,16046.4,16046.8,16046.7,16047,0.3,845.3600154
2026-06-10T18:45:00+00:00,16046.75,16050.1,16045.4,16049.75,16046.6,16046.9,16050,16050.2,16045.2,16045.6,16049.5,16050,0.5,1520.060018
2026-06-10T19:00:00+00:00,16049.7,16051.9,16049.45,16051.6,16049.4,16050,16051.8,16052,16049.3,16049.6,16051.3,16051.9,0.6,656.0800121
2026-06-10T19:15:00+00:00,16051.5,16052.75,16051.45,16052.75,16051.4,16051.6,16052.6,16052.9,16051.3,16051.6,16052.6,16052.9,0.3,366.9000076
2026-06-10T19:30:00+00:00,16052.7,16052.7,16050.85,16051.35,16052.5,16052.9,16052.5,16052.9,16050.7,16051,16051.2,16051.5,0.3,873.900017
2026-06-10T19:45:00+00:00,16051.4,16054.1,16051.25,16053.85,16051.3,16051.5,16054,16054.2,16051,16051.5,16053.7,16054,0.3,1138.650021
2026-06-10T20:00:00+00:00,16053.8,16055.45,16053.65,16055.05,16053.7,16053.9,16055.3,16055.6,16053.5,16053.8,16054.8,16055.3,0.5,908.5500175
2026-06-10T20:15:00+00:00,16055,16055.55,16052.75,16053.85,16054.7,16055.3,16055.3,16055.8,16052.5,16053,16053.6,16054.1,0.5,713.4600132
2026-06-10T20:30:00+00:00,16054,16056.5,16052.4,16056.4,16053.8,16054.2,16056.2,16056.8,16052.1,16052.7,16056.1,16056.7,0.6,538.1500078
2026-06-10T20:45:00+00:00,16056.3,16057.55,16054,16054.85,16056,16056.6,16057.1,16058,16052.6,16055.4,16052.6,16057.1,4.5,1699.140024
2026-06-10T21:00:00+00:00,16054.65,16055.05,16048.8,16051.15,16052.2,16057.1,16052.2,16057.9,16045.8,16051.8,16046.9,16055.4,8.5,102.560002
2026-06-10T21:15:00+00:00,16051.45,16052.65,16048.15,16050.75,16047.5,16055.4,16049.9,16055.4,16046.2,16050.1,16048.6,16052.9,4.3,206.3400031
2026-06-10T21:30:00+00:00,16051.8,16053.2,16049.65,16052.6,16050.6,16053,16051.6,16054.8,16048,16051.3,16051,16054.2,3.2,343.0500086
2026-06-10T21:45:00+00:00,16052.65,16053.4,16052.05,16052.55,16051.1,16054.2,16052,16054.8,16050.9,16053.2,16051.4,16053.7,2.3,164.6700035
2026-06-10T22:00:00+00:00,16052.55,16056.4,16050.9,16052.1,16051.5,16053.6,16056.1,16056.7,16050.5,16051.3,16051.7,16052.5,0.8,671.470005
2026-06-10T22:15:00+00:00,16052.15,16055.25,16052.1,16054.55,16051.8,16052.5,16054.9,16055.6,16051.7,16052.5,16054.2,16054.9,0.7,728.7800138
2026-06-10T22:30:00+00:00,16054.7,16055.2,16052.35,16053.35,16054.3,16055.1,16054.8,16055.6,16052,16052.7,16053,16053.7,0.7,747.8600132
2026-06-10T22:45:00+00:00,16053.4,16055.7,16051.75,16054.65,16053,16053.8,16055.3,16056.1,16051.3,16052.2,16054.1,16055.2,1.1,1254.660008
2026-06-10T23:00:00+00:00,16054.6,16056.2,16054.5,16054.85,16054.2,16055,16056,16056.4,16054.2,16054.8,16054.6,16055.1,0.5,863.9900178
2026-06-10T23:15:00+00:00,16054.9,16055.75,16051.9,16053.4,16054.6,16055.2,16055.6,16055.9,16051.7,16052.1,16053.2,16053.6,0.4,2180.840054
2026-06-10T23:30:00+00:00,16053.45,16054.65,16052.2,16053.55,16053.3,16053.6,16054.4,16054.9,16052,16052.4,16053.3,16053.8,0.5,1036.810018
2026-06-10T23:45:00+00:00,16053.5,16054.25,16051.55,16053.5,16053.2,16053.8,16053.9,16054.6,16051.4,16051.7,16053.2,16053.8,0.6,1878.840029
2026-06-11T00:00:00+00:00,16053.1,16053.5,16049.6,16051.3,16053,16053.2,16053.3,16053.7,16049.4,16049.8,16051.1,16051.5,0.4,2878.470039
2026-06-11T00:15:00+00:00,16051.35,16054.7,16050.3,16053.45,16051.2,16051.5,16054.4,16055,16050.2,16050.4,16053.2,16053.7,0.5,2271.340032
2026-06-11T00:30:00+00:00,16053.5,16054.85,16052.25,16052.95,16053.2,16053.8,16054.6,16055.1,16052,16052.5,16052.7,16053.2,0.5,1930.780022
2026-06-11T00:45:00+00:00,16052.85,16054.9,16051.3,16051.85,16052.6,16053.1,16054.8,16055,16051.1,16051.5,16051.6,16052.1,0.5,2209.250026
2026-06-11T01:00:00+00:00,16051.8,16054.75,16047.35,16047.5,16051.6,16052,16054.5,16055,16047.1,16047.6,16047.2,16047.8,0.6,3270.490044
2026-06-11T01:15:00+00:00,16047.45,16048.25,16042.85,16044.4,16047.2,16047.7,16048,16048.5,16042.5,16043.2,16044.2,16044.6,0.4,1241.170015
2026-06-11T01:30:00+00:00,16044.45,16045.85,16043.8,16045.15,16044.2,16044.7,16045.6,16046.1,16043.5,16044.1,16044.8,16045.5,0.7,919.5300105
2026-06-11T01:45:00+00:00,16045.1,16049.5,16044.95,16048.9,16044.9,16045.3,16049.4,16049.6,16044.7,16045.2,16048.6,16049.2,0.6,1256.28002
2026-06-11T02:00:00+00:00,16049.05,16051.15,16047.65,16049.9,16048.8,16049.3,16051,16051.3,16047.5,16047.8,16049.7,16050.1,0.4,928.6800177
2026-06-11T02:15:00+00:00,16049.8,16051.4,16049,16051.1,16049.6,16050,16051.2,16051.6,16048.8,16049.2,16050.9,16051.3,0.4,759.8600137
2026-06-11T02:30:00+00:00,16050.95,16052.55,16050.1,16051.8,16050.8,16051.1,16052.4,16052.7,16049.9,16050.3,16051.6,16052,0.4,883.0400164
2026-06-11T02:45:00+00:00,16051.9,16053.6,16050.95,16051.55,16051.7,16052.1,16053.3,16053.9,16050.8,16051.1,16051.4,16051.7,0.3,840.5000125
2026-06-11T03:00:00+00:00,16051.75,16053.65,16051.5,16053.1,16051.6,16051.9,16053.5,16053.8,16051.3,16051.7,16052.9,16053.3,0.4,606.0100107
2026-06-11T03:15:00+00:00,16053.3,16053.35,16051.6,16052.05,16053,16053.6,16053.1,16053.6,16051.4,16051.8,16051.9,16052.2,0.3,571.0500129
2026-06-11T03:30:00+00:00,16051.95,16052.85,16051,16052.5,16051.8,16052.1,16052.7,16053,16050.8,16051.2,16052.3,16052.7,0.4,553.1200106
2026-06-11T03:45:00+00:00,16052.45,16053.05,16051.35,16051.5,16052.2,16052.7,16052.9,16053.2,16051.2,16051.5,16051.3,16051.7,0.4,1015.130011
2026-06-11T04:00:00+00:00,16051.4,16053.3,16051.15,16052.4,16051.2,16051.6,16053.2,16053.4,16051,16051.3,16052.2,16052.6,0.4,314.2700067
2026-06-11T04:15:00+00:00,16052.4,16052.4,16051.25,16051.45,16052.2,16052.6,16052.2,16052.6,16051.1,16051.4,16051.3,16051.6,0.3,279.2200053
2026-06-11T04:30:00+00:00,16051.4,16051.7,16050.1,16051.2,16051.2,16051.6,16051.5,16051.9,16049.9,16050.3,16050.8,16051.6,0.8,549.590009
2026-06-11T04:45:00+00:00,16051.25,16051.35,16049.65,16050.6,16051,16051.5,16051,16051.7,16049.5,16049.8,16050.4,16050.8,0.4,692.5500126
2026-06-11T05:00:00+00:00,16050.7,16051.85,16050.4,16050.65,16050.5,16050.9,16051.7,16052,16050.2,16050.6,16050.5,16050.8,0.3,557.2900097
2026-06-11T05:15:00+00:00,16050.6,16051.4,16049.55,16051.25,16050.4,16050.8,16051.2,16051.6,16049.4,16049.7,16051,16051.5,0.5,337.560006
2026-06-11T05:30:00+00:00,16051.2,16052.15,16050.6,16051.35,16051,16051.4,16051.9,16052.4,16050.5,16050.7,16051.1,16051.6,0.5,639.9800075
2026-06-11T05:45:00+00:00,16051.2,16055,16050.95,16054.55,16050.9,16051.5,16054.8,16055.2,16050.8,16051.1,16054.3,16054.8,0.5,1237.88002
2026-06-11T06:00:00+00:00,16054.75,16056,16053.85,16054.2,16054.6,16054.9,16055.8,16056.2,16053.6,16054.1,16053.9,16054.5,0.6,1931.730027
2026-06-11T06:15:00+00:00,16054.2,16058.25,16053.6,16058,16053.9,16054.5,16058,16058.5,16053.4,16053.8,16057.8,16058.2,0.4,2130.680027
2026-06-11T06:30:00+00:00,16057.9,16058.95,16056.1,16057.95,16057.7,16058.1,16058.7,16059.2,16055.9,16056.3,16057.7,16058.2,0.5,1410.660015
2026-06-11T06:45:00+00:00,16057.6,16057.85,16054.7,16055.9,16057.5,16057.7,16057.6,16058.1,16054.5,16054.9,16055.7,16056.1,0.4,1566.60002
2026-06-11T07:00:00+00:00,16055.75,16055.75,16049.5,16051.05,16055.5,16056,16055.5,16056,16049.3,16049.7,16050.8,16051.3,0.5,2442.290032
2026-06-11T07:15:00+00:00,16051.1,16052,16049.9,16051.1,16050.9,16051.3,16051.8,16052.2,16049.7,16050.1,16050.8,16051.4,0.6,1872.13003
2026-06-11T07:30:00+00:00,16051.05,16054.15,16049.65,16051.15,16050.9,16051.2,16053.9,16054.4,16049.4,16049.9,16050.9,16051.4,0.5,1667.480023
2026-06-11T07:45:00+00:00,16051.2,16052.6,16049.95,16050.75,16050.9,16051.5,16052.4,16052.8,16049.7,16050.2,16050.6,16050.9,0.3,1789.950025
2026-06-11T08:00:00+00:00,16050.8,16052,16050,16051,16050.6,16051,16051.8,16052.2,16049.8,16050.2,16050.8,16051.2,0.4,2382.550033
2026-06-11T08:15:00+00:00,16051.1,16052.1,16050.3,16051.95,16050.9,16051.3,16051.9,16052.3,16050.1,16050.5,16051.8,16052.1,0.3,1004.050021
2026-06-11T08:30:00+00:00,16052,16053.75,16051.35,16053.45,16051.8,16052.2,16053.5,16054,16051.1,16051.6,16053.1,16053.8,0.7,1065.900017
2026-06-11T08:45:00+00:00,16053.5,16054.3,16052.9,16053.55,16053.3,16053.7,16054.1,16054.5,16052.7,16053.1,16053.3,16053.8,0.5,1093.290014
2026-06-11T09:00:00+00:00,16053.65,16055,16053.3,16054.55,16053.4,16053.9,16054.8,16055.2,16053.1,16053.5,16054.4,16054.7,0.3,1174.290017
2026-06-11T09:15:00+00:00,16054.6,16054.75,16052.9,16053.25,16054.5,16054.7,16054.6,16054.9,16052.7,16053.1,16052.9,16053.6,0.7,1037.490016
2026-06-11T09:30:00+00:00,16053.5,16054.85,16053.2,16053.4,16053.3,16053.7,16054.7,16055,16053,16053.4,16053.2,16053.6,0.4,714.19001
2026-06-11T09:45:00+00:00,16053.35,16054.05,16051.55,16053.2,16053.2,16053.5,16053.9,16054.2,16051.4,16051.7,16052.9,16053.5,0.6,1327.970019
2026-06-11T10:00:00+00:00,16053.2,16054.7,16052.9,16054.35,16053.1,16053.3,16054.5,16054.9,16052.7,16053.1,16054.2,16054.5,0.3,1013.730014
2026-06-11T10:15:00+00:00,16054.4,16055.4,16054.3,16054.8,16054.3,16054.5,16055.2,16055.6,16054.1,16054.5,16054.6,16055,0.4,744.3600128
2026-06-11T10:30:00+00:00,16054.75,16055,16052.65,16053.55,16054.6,16054.9,16054.8,16055.2,16052.5,16052.8,16053.3,16053.8,0.5,1555.420018
2026-06-11T10:45:00+00:00,16053.4,16053.75,16052.45,16052.8,16053.2,16053.6,16053.5,16054,16052.3,16052.6,16052.6,16053,0.4,3453.130035
2026-06-11T11:00:00+00:00,16052.75,16053.55,16051,16052.45,16052.6,16052.9,16053.4,16053.7,16050.8,16051.2,16052.2,16052.7,0.5,3818.510054
2026-06-11T11:15:00+00:00,16052.4,16053.2,16051.85,16052.6,16052.2,16052.6,16053,16053.4,16051.8,16051.9,16052.4,16052.8,0.4,2350.570039
2026-06-11T11:30:00+00:00,16052.65,16052.95,16050.9,16052.3,16052.5,16052.8,16052.8,16053.1,16050.7,16051.1,16052.1,16052.5,0.4,2773.220035
2026-06-11T11:45:00+00:00,16052.25,16053.65,16051.35,16053.65,16052,16052.5,16053.5,16053.8,16051.2,16051.5,16053.5,16053.8,0.3,1878.330024
2026-06-11T12:00:00+00:00,16053.75,16053.95,16052.7,16053.35,16053.6,16053.9,16053.8,16054.1,16052.5,16052.9,16053,16053.7,0.7,1983.280021
2026-06-11T12:15:00+00:00,16053,16059.35,16052.7,16057.25,16052.8,16053.2,16059.2,16059.5,16052.5,16052.9,16056.2,16058.3,2.1,4803.970063
2026-06-11T12:30:00+00:00,16057.3,16059.6,16053.05,16056.6,16056.2,16058.4,16059.4,16059.8,16052.8,16053.3,16056.3,16056.9,0.6,5502.100082
2026-06-11T12:45:00+00:00,16056.5,16058,16052.25,16053.3,16056.2,16056.8,16057.7,16058.3,16052.1,16052.4,16053.1,16053.5,0.4,8476.850101
2026-06-11T13:00:00+00:00,16053.35,16055.85,16053.15,16054.3,16053.2,16053.5,16055.6,16056.1,16052.9,16053.4,16054.1,16054.5,0.4,6075.25006
2026-06-11T13:15:00+00:00,16054.25,16055.95,16052.45,16053.75,16054.1,16054.4,16055.7,16056.2,16052.2,16052.7,16053.6,16053.9,0.3,4066.590043
2026-06-11T13:30:00+00:00,16053.55,16054.35,16050.8,16052.6,16053.4,16053.7,16054.2,16054.5,16050.5,16051.1,16052.4,16052.8,0.4,4400.740055
2026-06-11T13:45:00+00:00,16052.65,16053.35,16045.8,16048.75,16052.4,16052.9,16053.1,16053.6,16045.6,16046,16048.5,16049,0.5,7905.720082
2026-06-11T14:00:00+00:00,16048.7,16051.45,16047.25,16050.85,16048.5,16048.9,16051.2,16051.7,16047,16047.5,16050.6,16051.1,0.5,4206.500052
2026-06-11T14:15:00+00:00,16050.9,16055.15,16050.65,16054.35,16050.7,16051.1,16054.9,16055.4,16050.4,16050.9,16054.1,16054.6,0.5,2111.000028
2026-06-11T14:30:00+00:00,16054.25,16055.35,16051.15,16051.2,16054.1,16054.4,16055.2,16055.5,16051,16051.3,16051.1,16051.3,0.2,3069.280032
2026-06-11T14:45:00+00:00,16051.25,16053.15,16049.65,16050.75,16051.1,16051.4,16052.9,16053.4,16049.5,16049.8,16050.5,16051,0.5,4247.070061
2026-06-11T15:00:00+00:00,16050.9,16051.25,16047.15,16050.3,16050.7,16051.1,16051.1,16051.4,16047,16047.3,16050.2,16050.4,0.2,5603.520063
2026-06-11T15:15:00+00:00,16050.25,16050.25,16047.3,16048.25,16050.1,16050.4,16050.1,16050.4,16047.1,16047.5,16048.1,16048.4,0.3,1966.940024
2026-06-11T15:30:00+00:00,16048.05,16051.5,16047.3,16051.25,16047.9,16048.2,16051.3,16051.7,16047.2,16047.4,16051,16051.5,0.5,1608.490028
2026-06-11T15:45:00+00:00,16051.05,16052.15,16049.3,16051,16050.8,16051.3,16052,16052.3,16049.2,16049.4,16050.8,16051.2,0.4,889.3000171
2026-06-11T16:00:00+00:00,16050.85,16053.9,16050.5,16053.45,16050.7,16051,16053.7,16054.1,16050.4,16050.6,16053.3,16053.6,0.3,1020.270015
2026-06-11T16:15:00+00:00,16053.6,16055.8,16053.2,16053.85,16053.4,16053.8,16055.7,16055.9,16053,16053.4,16053.7,16054,0.3,1059.570017
2026-06-11T16:30:00+00:00,16053.95,16054.6,16052.1,16052.15,16053.8,16054.1,16054.5,16054.7,16051.9,16052.3,16052,16052.3,0.3,1417.190029
2026-06-11T16:45:00+00:00,16052.15,16053.95,16052.1,16053.05,16052,16052.3,16053.8,16054.1,16051.9,16052.3,16052.9,16053.2,0.3,1630.870025
2026-06-11T17:00:00+00:00,16053.15,16054.85,16052.05,16052.7,16053,16053.3,16054.7,16055,16051.9,16052.2,16052.5,16052.9,0.4,2088.810028
2026-06-11T17:15:00+00:00,16052.95,16053.95,16040,16040.2,16052.8,16053.1,16053.8,16054.1,16039.8,16040.2,16040,16040.4,0.4,2991.780046
2026-06-11T17:30:00+00:00,16040,16040.05,16003.2,16007.15,16039.7,16040.3,16039.8,16040.3,16003,16003.4,16006.9,16007.4,0.5,14795.04025
2026-06-11T17:45:00+00:00,16007,16018.55,16004.25,16012.55,16006.7,16007.3,16018.3,16018.8,16004,16004.5,16012.3,16012.8,0.5,10390.43016
2026-06-11T18:00:00+00:00,16012.45,16028.45,16011.25,16014.25,16012.2,16012.7,16028.3,16028.6,16011,16011.5,16014,16014.5,0.5,10561.04015
2026-06-11T18:15:00+00:00,16014.5,16014.7,16005,16010.9,16014.3,16014.7,16014.4,16015,16004.8,16005.2,16010.7,16011.1,0.4,7517.980106
2026-06-11T18:30:00+00:00,16010.75,16017,16006.2,16007,16010.5,16011,16016.8,16017.2,16006,16006.4,16006.8,16007.2,0.4,3319.550064
2026-06-11T18:45:00+00:00,16007.05,16008.35,15994.05,16007.95,16006.8,16007.3,16008.3,16008.4,15993.8,15994.3,16007.8,16008.1,0.3,4355.370086
2026-06-11T19:00:00+00:00,16008.05,16008.35,15986.5,15987.2,16007.8,16008.3,16008.2,16008.5,15986.3,15986.7,15987,15987.4,0.4,7920.060144
2026-06-11T19:15:00+00:00,15987.1,15989.95,15982.1,15983.9,15986.8,15987.4,15989.8,15990.1,15981.9,15982.3,15983.6,15984.2,0.6,4203.740082
2026-06-11T19:30:00+00:00,15983.8,15983.85,15957.55,15976,15983.6,15984,15983.7,15984,15956.3,15958.8,15975.7,15976.3,0.6,9603.630171
2026-06-11T19:45:00+00:00,15975.85,15980.8,15975.2,15979.45,15975.6,15976.1,15980.5,15981.1,15975,15975.4,15979.1,15979.8,0.7,6343.560089
2026-06-11T20:00:00+00:00,15978.95,15984.95,15974.6,15984.9,15978.7,15979.2,15984.7,15985.2,15974.3,15974.9,15984.6,15985.2,0.6,3488.800048
2026-06-11T20:15:00+00:00,15984.6,15989.8,15984.3,15988.5,15984.4,15984.8,15989.5,15990.1,15984.1,15984.5,15988.2,15988.8,0.6,1352.200022
2026-06-11T20:30:00+00:00,15988.35,15994.95,15986,15994.8,15988.1,15988.6,15994.6,15995.3,15985.8,15986.2,15994.4,15995.2,0.8,1438.660025
2026-06-11T20:45:00+00:00,15994.85,15998.15,15991.5,15993.15,15994.5,15995.2,15997.7,15998.6,15989.6,15993.4,15989.6,15996.7,7.1,2486.570026
2026-06-11T21:00:00+00:00,15993.25,15995.55,15990.55,15994.05,15989.6,15996.9,15989.6,16001.5,15985.3,15995.8,15988.5,15999.6,11.1,144.8200011
2026-06-11T21:15:00+00:00,15993.95,15996.3,15991.95,15994.8,15988.3,15999.6,15992.9,15999.7,15987.4,15996.5,15992.9,15996.7,3.8,145.9500015
2026-06-11T21:30:00+00:00,15994.75,15999.55,15993.8,15996.45,15992.9,15996.6,15998.4,16000.7,15991.6,15996,15994.9,15998,3.1,778.3200147
2026-06-11T21:45:00+00:00,15996.5,15998.6,15995.25,15996.65,15994.9,15998.1,15997.2,16000,15992.7,15997.8,15994.8,15998.5,3.7,1255.050012
2026-06-11T22:00:00+00:00,15996.6,16002.25,15994.1,16001.35,15994.8,15998.4,16001.6,16002.9,15993.6,15994.6,16001.1,16001.6,0.5,836.2300089
2026-06-11T22:15:00+00:00,16001.2,16005.85,15999.45,16004.15,16000.8,16001.6,16005.5,16006.2,15999.1,15999.8,16003.9,16004.4,0.5,2012.010045
2026-06-11T22:30:00+00:00,16004.1,16009,16003.9,16004.9,16003.8,16004.4,16008.6,16009.4,16003.6,16004.2,16004.6,16005.2,0.6,2678.37005
2026-06-11T22:45:00+00:00,16004.75,16004.95,15999.25,16001.8,16004.4,16005.1,16004.5,16005.4,15998.9,15999.6,16001.3,16002.3,1,1512.600024
2026-06-11T23:00:00+00:00,16001.8,16002.35,15997.35,16001.8,16001.3,16002.3,16001.9,16002.8,15997.2,15997.5,16001.4,16002.2,0.8,1640.17002
2026-06-11T23:15:00+00:00,16001.7,16005.2,15999.5,16005.15,16001.4,16002,16004.9,16005.5,15999.2,15999.8,16004.9,16005.4,0.5,1391.910022
2026-06-11T23:30:00+00:00,16005.2,16009.1,16004.9,16008.55,16004.9,16005.5,16008.8,16009.4,16004.6,16005.2,16008.2,16008.9,0.7,2036.470024
2026-06-11T23:45:00+00:00,16008.7,16015.05,16008.4,16013.8,16008.5,16008.9,16014.7,16015.4,16008.1,16008.7,16013.5,16014.1,0.6,2489.78003
2026-06-12T00:00:00+00:00,16014.05,16019.8,16013.55,16016.2,16013.8,16014.3,16019.5,16020.1,16013.2,16013.9,16015.9,16016.5,0.6,4641.750053
2026-06-12T00:15:00+00:00,16016.15,16020.15,16015.05,16018,16015.9,16016.4,16019.8,16020.5,16014.9,16015.2,16017.8,16018.2,0.4,2482.110039
2026-06-12T00:30:00+00:00,16017.95,16021.95,16017,16021.75,16017.7,16018.2,16021.7,16022.2,16016.8,16017.2,16021.5,16022,0.5,2244.370045
2026-06-12T00:45:00+00:00,16021.7,16021.9,16012.8,16017.15,16021.5,16021.9,16021.7,16022.1,16012.5,16013.1,16016.9,16017.4,0.5,4506.190061
2026-06-12T01:00:00+00:00,16017.05,16020.7,16017,16018.65,16016.9,16017.2,16020.5,16020.9,16016.8,16017.2,16018.4,16018.9,0.5,3009.950052
2026-06-12T01:15:00+00:00,16018.5,16019.65,16015.25,16016.75,16018.2,16018.8,16019.4,16019.9,16015.1,16015.4,16016.6,16016.9,0.3,1343.110028
2026-06-12T01:30:00+00:00,16016.9,16021.3,16016.05,16021.15,16016.7,16017.1,16021.1,16021.5,16015.9,16016.2,16020.9,16021.4,0.5,2056.390029
2026-06-12T01:45:00+00:00,16021.1,16026.7,16021.05,16026.65,16020.9,16021.3,16026.5,16026.9,16020.8,16021.3,16026.4,16026.9,0.5,1727.090022
2026-06-12T02:00:00+00:00,16026.6,16026.95,16024.5,16025.45,16026.4,16026.8,16026.7,16027.2,16024.2,16024.8,16025.2,16025.7,0.5,1699.900018
2026-06-12T02:15:00+00:00,16025.6,16029.9,16024.95,16029.8,16025.4,16025.8,16029.6,16030.2,16024.8,16025.1,16029.5,16030.1,0.6,1572.760017
2026-06-12T02:30:00+00:00,16029.7,16030.4,16027.95,16028.6,16029.4,16030,16030.1,16030.7,16027.7,16028.2,16028.3,16028.9,0.6,1454.850013
2026-06-12T02:45:00+00:00,16028.55,16030.65,16026.4,16029,16028.3,16028.8,16030.4,16030.9,16026.2,16026.6,16028.7,16029.3,0.6,2031.450022
2026-06-12T03:00:00+00:00,16029.15,16029.65,16027.55,16028.8,16028.9,16029.4,16029.4,16029.9,16027.3,16027.8,16028.6,16029,0.4,1071.010012
2026-06-12T03:15:00+00:00,16028.65,16029.6,16024.7,16025.45,16028.4,16028.9,16029.4,16029.8,16024.5,16024.9,16025.1,16025.8,0.7,1895.640023
2026-06-12T03:30:00+00:00,16025.5,16025.9,16021.15,16022.15,16025.1,16025.9,16025.6,16026.2,16020.9,16021.4,16021.9,16022.4,0.5,2689.330028
2026-06-12T03:45:00+00:00,16022.2,16025.9,16022.2,16023.35,16022,16022.4,16025.6,16026.2,16022,16022.4,16023.1,16023.6,0.5,1856.330029
2026-06-12T04:00:00+00:00,16023.1,16027.1,16022.85,16023.4,16022.9,16023.3,16026.8,16027.4,16022.6,16023.1,16023.2,16023.6,0.4,1100.380016
2026-06-12T04:15:00+00:00,16023.35,16026.25,16022.95,16025.6,16023.2,16023.5,16026,16026.5,16022.8,16023.1,16025.4,16025.8,0.4,510.9800112
2026-06-12T04:30:00+00:00,16025.65,16026.05,16023.05,16024.55,16025.4,16025.9,16025.8,16026.3,16022.7,16023.4,16024.1,16025,0.9,1162.020021
2026-06-12T04:45:00+00:00,16024.45,16026.4,16023.2,16025.75,16024.1,16024.8,16026.2,16026.6,16023,16023.4,16025.5,16026,0.5,1248.010019
2026-06-12T05:00:00+00:00,16025.75,16027.4,16024.2,16026.9,16025.4,16026.1,16027.2,16027.6,16023.9,16024.5,16026.6,16027.2,0.6,2202.190034
2026-06-12T05:15:00+00:00,16027.05,16030.5,16026.95,16028.55,16026.7,16027.4,16030.4,16030.6,16026.7,16027.2,16028.3,16028.8,0.5,1246.25002
2026-06-12T05:30:00+00:00,16028.65,16030.45,16028.6,16029.95,16028.5,16028.8,16030.2,16030.7,16028.4,16028.8,16029.7,16030.2,0.5,977.1800151
2026-06-12T05:45:00+00:00,16029.9,16035,16029.65,16034.55,16029.6,16030.2,16034.8,16035.2,16029.4,16029.9,16034.3,16034.8,0.5,1923.620024
2026-06-12T06:00:00+00:00,16034.45,16035.85,16029.15,16030.7,16034.2,16034.7,16035.6,16036.1,16028.9,16029.4,16030.5,16030.9,0.4,2167.370024
2026-06-12T06:15:00+00:00,16030.8,16030.85,16025.85,16026.25,16030.6,16031,16030.6,16031.1,16025.6,16026.1,16026,16026.5,0.5,2330.400032
2026-06-12T06:30:00+00:00,16026.35,16033.5,16025.75,16032.35,16026.2,16026.5,16033.4,16033.6,16025.5,16026,16032.1,16032.6,0.5,3807.310045
2026-06-12T06:45:00+00:00,16032.45,16032.85,16028.9,16031.95,16032.2,16032.7,16032.6,16033.1,16028.7,16029.1,16031.7,16032.2,0.5,3411.180044
2026-06-12T07:00:00+00:00,16031.85,16035.95,16031.5,16035.5,16031.6,16032.1,16035.8,16036.1,16031.4,16031.6,16035.3,16035.7,0.4,3242.640054
2026-06-12T07:15:00+00:00,16035.5,16037.1,16034.15,16037.05,16035.2,16035.8,16037,16037.2,16034,16034.3,16036.9,16037.2,0.3,2079.190025
2026-06-12T07:30:00+00:00,16037.4,16037.5,16034.2,16034.3,16037.3,16037.5,16037.4,16037.6,16034,16034.4,16034.1,16034.5,0.4,1784.400024
2026-06-12T07:45:00+00:00,16034.35,16037.7,16026.95,16028.65,16034.1,16034.6,16037.6,16037.8,16026.7,16027.2,16028.4,16028.9,0.5,3950.940044
2026-06-12T08:00:00+00:00,16028.45,16029.4,16022.1,16023.5,16028.3,16028.6,16029.2,16029.6,16021.9,16022.3,16023.3,16023.7,0.4,4157.59006
2026-06-12T08:15:00+00:00,16023.55,16025,15995.45,16017.4,16023.3,16023.8,16024.8,16025.2,15995.1,15995.8,16017.1,16017.7,0.6,9433.980148
2026-06-12T08:30:00+00:00,16017.1,16017.15,16008,16008.15,16016.8,16017.4,16016.9,16017.4,16007.7,16008.3,16007.9,16008.4,0.5,7903.540107
2026-06-12T08:45:00+00:00,16008.2,16011.5,16006.95,16009.45,16007.9,16008.5,16011.4,16011.6,16006.7,16007.2,16009.2,16009.7,0.5,6348.55008
2026-06-12T09:00:00+00:00,16009.35,16011.3,16005.85,16007,16009.1,16009.6,16011.1,16011.5,16005.6,16006.1,16006.8,16007.2,0.4,4364.020054
2026-06-12T09:15:00+00:00,16006.95,16006.95,15995.7,16002.05,16006.8,16007.1,16006.8,16007.1,15995.4,15996,16001.8,16002.3,0.5,5273.55009
2026-06-12T09:30:00+00:00,16002,16003.5,15997.9,16003.3,16001.9,16002.1,16003.3,16003.7,15997.7,15998.1,16003,16003.6,0.6,3247.310051
2026-06-12T09:45:00+00:00,16003.2,16008.25,16002.3,16006.55,16003,16003.4,16008,16008.5,16002.1,16002.5,16006.2,16006.9,0.7,2819.590049
2026-06-12T10:00:00+00:00,16006.7,16008.3,16003.95,16005.9,16006.5,16006.9,16008.1,16008.5,16003.8,16004.1,16005.7,16006.1,0.4,2359.920038
2026-06-12T10:15:00+00:00,16005.8,16019.4,16004.9,16015.6,16005.5,16006.1,16019.2,16019.6,16004.7,16005.1,16015.4,16015.8,0.4,4266.900062
2026-06-12T10:30:00+00:00,16015.4,16016.6,16010.15,16010.8,16015.2,16015.6,16016.4,16016.8,16009.9,16010.4,16010.6,16011,0.4,2129.470041
2026-06-12T10:45:00+00:00,16010.7,16012.55,16008.4,16009.7,16010.5,16010.9,16012.4,16012.7,16008.3,16008.5,16009.5,16009.9,0.4,1578.620037
2026-06-12T11:00:00+00:00,16009.6,16017.75,16009.4,16014.8,16009.3,16009.9,16017.6,16017.9,16009.3,16009.5,16014.6,16015,0.4,2007.170032
2026-06-12T11:15:00+00:00,16015,16016.15,16012.05,16015.2,16014.9,16015.1,16016,16016.3,16011.9,16012.2,16015.1,16015.3,0.2,1821.16004
2026-06-12T11:30:00+00:00,16015.25,16015.75,16010.8,16012.1,16015.1,16015.4,16015.6,16015.9,16010.5,16011.1,16011.9,16012.3,0.4,2879.400044
2026-06-12T11:45:00+00:00,16011.95,16018.55,16011.7,16017.4,16011.7,16012.2,16018.3,16018.8,16011.5,16011.9,16017.2,16017.6,0.4,1809.010024
2026-06-12T12:00:00+00:00,16017.6,16020.65,16017.55,16019.3,16017.5,16017.7,16020.5,16020.8,16017.4,16017.7,16019.1,16019.5,0.4,3053.32006
2026-06-12T12:15:00+00:00,16019.4,16024.95,16017.4,16024.7,16019.2,16019.6,16024.7,16025.2,16017.2,16017.6,16024.5,16024.9,0.4,3009.620044
2026-06-12T12:30:00+00:00,16024.6,16028.2,16024.45,16027.1,16024.3,16024.9,16028,16028.4,16024.2,16024.7,16026.9,16027.3,0.4,3117.850038
2026-06-12T12:45:00+00:00,16027.2,16030.8,16024.3,16025.65,16027.1,16027.3,16030.6,16031,16024.1,16024.5,16025.4,16025.9,0.5,2577.780045
2026-06-12T13:00:00+00:00,16025.55,16028.3,16023.35,16026.45,16025.3,16025.8,16028.1,16028.5,16023.1,16023.6,16026.3,16026.6,0.3,3009.770041
2026-06-12T13:15:00+00:00,16026.5,16026.55,16020.65,16020.85,16026.4,16026.6,16026.4,16026.7,16020.4,16020.9,16020.6,16021.1,0.5,3350.640046
2026-06-12T13:30:00+00:00,16020.85,16034.25,16019.25,16029.8,16020.6,16021.1,16034.1,16034.4,16019,16019.5,16029.6,16030,0.4,7833.300093
2026-06-12T13:45:00+00:00,16029.75,16031.1,16026.85,16027.55,16029.5,16030,16030.9,16031.3,16026.7,16027,16027.3,16027.8,0.5,6183.330091
2026-06-12T14:00:00+00:00,16027.6,16029,16021.05,16024.25,16027.1,16028.1,16028.8,16029.2,16020.9,16021.2,16024,16024.5,0.5,5887.930077
2026-06-12T14:15:00+00:00,16024.45,16029.2,16022.8,16026.05,16024.3,16024.6,16029,16029.4,16022.6,16023,16025.9,16026.2,0.3,3406.120043
2026-06-12T14:30:00+00:00,16026.15,16026.5,16020.45,16025.45,16025.9,16026.4,16026.3,16026.7,16020.3,16020.6,16025.2,16025.7,0.5,4070.600055
2026-06-12T14:45:00+00:00,16025.4,16028.45,16016.4,16024.15,16025.2,16025.6,16028.3,16028.6,16016.1,16016.7,16024,16024.3,0.3,10818.13013
2026-06-12T15:00:00+00:00,16023.9,16025,16019,16019.95,16023.7,16024.1,16024.7,16025.3,16018.8,16019.2,16019.7,16020.2,0.5,6128.120095
2026-06-12T15:15:00+00:00,16019.9,16021.75,16017.8,16019.05,16019.7,16020.1,16021.5,16022,16017.6,16018,16018.8,16019.3,0.5,4786.760053
2026-06-12T15:30:00+00:00,16019.2,16022.5,16016.65,16022.4,16019,16019.4,16022.3,16022.7,16016.4,16016.9,16022.2,16022.6,0.4,4238.910049
2026-06-12T15:45:00+00:00,16022.45,16024.9,16021.95,16024.65,16022.3,16022.6,16024.7,16025.1,16021.8,16022.1,16024.5,16024.8,0.3,3078.680029
2026-06-12T16:00:00+00:00,16024.7,16027.95,16018.35,16022.55,16024.5,16024.9,16027.7,16028.2,16018.2,16018.5,16022.3,16022.8,0.5,3253.090047
2026-06-12T16:15:00+00:00,16022.4,16022.9,16018.65,16022.7,16022.2,16022.6,16022.7,16023.1,16018.4,16018.9,16022.4,16023,0.6,3968.250047
2026-06-12T16:30:00+00:00,16022.65,16023.6,16020.8,16023.6,16022.4,16022.9,16023.4,16023.8,16020.6,16021,16023.4,16023.8,0.4,1576.030022
2026-06-12T16:45:00+00:00,16023.7,16024.2,16021.35,16023.05,16023.5,16023.9,16024,16024.4,16021.1,16021.6,16022.8,16023.3,0.5,1609.15002
2026-06-12T17:00:00+00:00,16022.95,16023.7,16019.15,16020.95,16022.7,16023.2,16023.5,16023.9,16019.1,16019.2,16020.7,16021.2,0.5,1811.110021
2026-06-12T17:15:00+00:00,16021.1,16022.15,16019.2,16019.5,16020.9,16021.3,16021.9,16022.4,16019,16019.4,16019.3,16019.7,0.4,1307.17002
2026-06-12T17:30:00+00:00,16019.45,16021.05,16018.4,16019.2,16019.3,16019.6,16020.8,16021.3,16018.2,16018.6,16019,16019.4,0.4,1316.960019
2026-06-12T17:45:00+00:00,16019.15,16021,16018.55,16020,16019,16019.3,16020.8,16021.2,16018.3,16018.8,16019.9,16020.1,0.2,964.2900116
2026-06-12T18:00:00+00:00,16019.8,16022.6,16019.25,16022.5,16019.6,16020,16022.4,16022.8,16019,16019.5,16022.4,16022.6,0.2,1550.390023
2026-06-12T18:15:00+00:00,16022.45,16022.8,16021.25,16021.4,16022.3,16022.6,16022.7,16022.9,16021.1,16021.4,16021.2,16021.6,0.4,1102.800023
2026-06-12T18:30:00+00:00,16021.45,16021.45,16019.35,16020.25,16021.3,16021.6,16021.3,16021.6,16019.1,16019.6,16020,16020.5,0.5,949.7000086
2026-06-12T18:45:00+00:00,16020.35,16024.15,16020.2,16023.6,16020.2,16020.5,16023.9,16024.4,16020,16020.4,16023.4,16023.8,0.4,1200.45001
2026-06-12T19:00:00+00:00,16023.8,16024.35,16020,16021.3,16023.6,16024,16024.1,16024.6,16019.8,16020.2,16021.1,16021.5,0.4,1351.520018
2026-06-12T19:15:00+00:00,16021.4,16022.95,16020.2,16022.9,16021.2,16021.6,16022.7,16023.2,16020,16020.4,16022.7,16023.1,0.4,862.9500164
2026-06-12T19:30:00+00:00,16022.95,16024.3,16021.8,16022.5,16022.7,16023.2,16024,16024.6,16021.6,16022,16022.3,16022.7,0.4,1290.730017
2026-06-12T19:45:00+00:00,16022.6,16023.25,16020.35,16020.6,16022.5,16022.7,16023,16023.5,16020.1,16020.6,16020.3,16020.9,0.6,1646.440017
2026-06-12T20:00:00+00:00,16020.55,16021.85,16020.3,16021.8,16020.3,16020.8,16021.5,16022.2,16020,16020.6,16021.5,16022.1,0.6,1566.110015
2026-06-12T20:15:00+00:00,16021.55,16021.85,16021.15,16021.75,16021.3,16021.8,16021.5,16022.2,16020.8,16021.5,16021.4,16022.1,0.7,758.8300093
2026-06-12T20:30:00+00:00,16021.7,16023.2,16021.7,16023.05,16021.3,16022.1,16022.8,16023.6,16021.3,16022.1,16022.6,16023.5,0.9,1715.120021
2026-06-12T20:45:00+00:00,16023,16025.4,16019.85,16023.4,16022.5,16023.5,16022.9,16027.9,16019.1,16020.6,16020.1,16026.7,6.6,3254.850036
2026-06-14T21:00:00+00:00,16014.4,16017.05,16012,16013.5,16011.2,16017.6,16014.4,16019.7,16010.2,16013.8,16011.6,16015.4,3.8,81.15000153
2026-06-14T21:15:00+00:00,16013.65,16013.95,15995.9,15997.15,16011.8,16015.5,16011.8,16016.1,15991.9,15999.9,15993.4,16000.9,7.5,364.6400054
2026-06-14T21:30:00+00:00,15996.85,15996.85,15981.95,15984.9,15993.4,16000.3,15993.4,16000.3,15981.1,15982.8,15982.7,15987.1,4.4,325.6900063
2026-06-14T21:45:00+00:00,15984.55,15985.25,15980.65,15981.35,15982.3,15986.8,15983.2,15987.3,15979.4,15981.9,15980.1,15982.6,2.5,260.9300044
2026-06-14T22:00:00+00:00,15981.1,15987.05,15973.85,15986.8,15979.6,15982.6,15986.5,15987.6,15973.4,15974.3,15986.2,15987.4,1.2,2734.00003
2026-06-14T22:15:00+00:00,15986.6,15996.3,15984,15993.7,15985.9,15987.3,15995.9,15996.7,15983.6,15984.4,15993.3,15994.1,0.8,2840.65006
2026-06-14T22:30:00+00:00,15993.5,15995,15988.55,15989.45,15993.1,15993.9,15994.6,15995.4,15988.2,15988.9,15989.1,15989.8,0.7,2128.810053
2026-06-14T22:45:00+00:00,15989.5,15994.05,15988.6,15994.05,15989.1,15989.9,15993.6,15994.5,15988.2,15989,15993.6,15994.5,0.9,1634.910029
2026-06-14T23:00:00+00:00,15994.25,15995.6,15990.4,15995.4,15993.9,15994.6,15995.3,15995.9,15990.1,15990.7,15995.1,15995.7,0.6,1352.730025
2026-06-14T23:15:00+00:00,15995.35,15995.6,15992.1,15995.15,15994.9,15995.8,15995.3,15995.9,15991.8,15992.4,15994.9,15995.4,0.5,1201.420019
2026-06-14T23:30:00+00:00,15995.15,15996.7,15992.35,15993.25,15994.9,15995.4,15996.5,15996.9,15992.1,15992.6,15993,15993.5,0.5,1188.710017
2026-06-14T23:45:00+00:00,15993.1,15997.9,15990.1,15996.2,15992.8,15993.4,15997.7,15998.1,15989.9,15990.3,15995.9,15996.5,0.6,2354.830035
2026-06-15T00:00:00+00:00,15996.1,15996.35,15989.3,15990.45,15995.8,15996.4,15996,15996.7,15989.1,15989.5,15990.2,15990.7,0.5,3248.420039
2026-06-15T00:15:00+00:00,15990.65,15995.6,15988.5,15994.4,15990.5,15990.8,15995.4,15995.8,15988.2,15988.8,15994.2,15994.6,0.4,2869.330033
2026-06-15T00:30:00+00:00,15994.35,15997.55,15994.3,15995.55,15994,15994.7,15997.3,15997.8,15994,15994.6,15995.2,15995.9,0.7,2453.890031
2026-06-15T00:45:00+00:00,15995.5,16012.8,15994.35,16011.2,15995.3,15995.7,16012.7,16012.9,15994.2,15994.5,16011,16011.4,0.4,6893.820075
2026-06-15T01:00:00+00:00,16011.2,16014.85,16009.7,16012.05,16010.9,16011.5,16014.6,16015.1,16009.5,16009.9,16011.8,16012.3,0.5,4230.050052
2026-06-15T01:15:00+00:00,16012,16021.2,16011.85,16015.75,16011.8,16012.2,16021,16021.4,16011.6,16012.1,16015.5,16016,0.5,3155.670041
2026-06-15T01:30:00+00:00,16015.65,16018.55,16013.25,16018.25,16015.4,16015.9,16018.3,16018.8,16013,16013.5,16018,16018.5,0.5,2624.380025
2026-06-15T01:45:00+00:00,16018.15,16021.7,16016.75,16020.8,16017.9,16018.4,16021.4,16022,16016.4,16017.1,16020.6,16021,0.4,1871.750022
2026-06-15T02:00:00+00:00,16020.75,16023.15,16019.3,16021.8,16020.5,16021,16023,16023.3,16019.1,16019.5,16021.5,16022.1,0.6,924.7900143
2026-06-15T02:15:00+00:00,16021.4,16022.55,16016.65,16017.1,16021.3,16021.5,16022.4,16022.7,16016.4,16016.9,16016.9,16017.3,0.4,1402.770022
2026-06-15T02:30:00+00:00,16017,16017.1,16012.3,16014.55,16016.9,16017.1,16016.9,16017.3,16012.1,16012.5,16014.4,16014.7,0.3,1454.100024
2026-06-15T02:45:00+00:00,16014.55,16015.3,16012.5,16014.45,16014.4,16014.7,16015.1,16015.5,16012.3,16012.7,16014.2,16014.7,0.5,920.0800161
2026-06-15T03:00:00+00:00,16014.35,16014.6,16010.3,16010.45,16014.1,16014.6,16014.3,16014.9,16010.1,16010.5,16010.3,16010.6,0.3,689.5000145
2026-06-15T03:15:00+00:00,16010.5,16011,16007.35,16007.9,16010.4,16010.6,16010.8,16011.2,16007.2,16007.5,16007.7,16008.1,0.4,546.3700095
2026-06-15T03:30:00+00:00,16008,16009.25,16006.65,16007.1,16007.8,16008.2,16009.1,16009.4,16006.5,16006.8,16006.9,16007.3,0.4,643.65001
2026-06-15T03:45:00+00:00,16007.05,16007.35,16004.95,16005.85,16006.9,16007.2,16007.1,16007.6,16004.7,16005.2,16005.6,16006.1,0.5,568.6000081
2026-06-15T04:00:00+00:00,16005.8,16008.75,16005.4,16008.05,16005.6,16006,16008.6,16008.9,16005.2,16005.6,16007.8,16008.3,0.5,532.0500109
2026-06-15T04:15:00+00:00,16007.7,16009.3,16007.2,16009.15,16007.6,16007.8,16009.1,16009.5,16007,16007.4,16008.9,16009.4,0.5,1014.44001
2026-06-15T04:30:00+00:00,16009.35,16009.6,16004.35,16004.45,16009.1,16009.6,16009.3,16009.9,16004.1,16004.6,16004.2,16004.7,0.5,861.0900133
2026-06-15T04:45:00+00:00,16004.5,16005.3,16001.55,16005.15,16004.3,16004.7,16005.1,16005.5,16001.3,16001.8,16004.9,16005.4,0.5,1435.410021
2026-06-15T05:00:00+00:00,16005.2,16005.9,15999.2,15999.65,16005,16005.4,16005.6,16006.2,15999,15999.4,15999.4,15999.9,0.5,1882.110018
2026-06-15T05:15:00+00:00,15999.8,16004.25,15999.8,16002.6,15999.6,16000,16004,16004.5,15999.6,16000,16002.4,16002.8,0.4,1835.85002
2026-06-15T05:30:00+00:00,16002.6,16003.7,16000.8,16002.5,16002.3,16002.9,16003.5,16003.9,16000.6,16001,16002.3,16002.7,0.4,929.6500124
2026-06-15T05:45:00+00:00,16002.25,16005.3,16000.1,16005.25,16002,16002.5,16005,16005.6,15999.9,16000.3,16004.9,16005.6,0.7,1595.410015
2026-06-15T06:00:00+00:00,16005,16008.8,16004.55,16008.05,16004.9,16005.1,16008.6,16009,16004.4,16004.7,16007.9,16008.2,0.3,2875.220023
2026-06-15T06:15:00+00:00,16008,16013.25,16007.85,16012.05,16007.8,16008.2,16013,16013.5,16007.7,16008,16011.9,16012.2,0.3,2176.480033
2026-06-15T06:30:00+00:00,16012,16016.2,16010.85,16012.2,16011.8,16012.2,16015.9,16016.5,16010.6,16011.1,16012,16012.4,0.4,2355.820041
2026-06-15T06:45:00+00:00,16012.25,16014.55,16011.3,16012.95,16012,16012.5,16014.3,16014.8,16011.1,16011.5,16012.7,16013.2,0.5,1297.000016
2026-06-15T07:00:00+00:00,16012.95,16013.9,16007.2,16008.95,16012.7,16013.2,16013.7,16014.1,16007,16007.4,16008.8,16009.1,0.3,2261.820027
2026-06-15T07:15:00+00:00,16009,16009.45,16004.55,16006.35,16008.9,16009.1,16009.3,16009.6,16004.4,16004.7,16006.1,16006.6,0.5,1889.250032
2026-06-15T07:30:00+00:00,16006.4,16010.8,16006.25,16007.45,16006.2,16006.6,16010.6,16011,16006,16006.5,16007.3,16007.6,0.3,1782.050024
2026-06-15T07:45:00+00:00,16007.5,16014.05,16007.3,16011.25,16007.3,16007.7,16013.8,16014.3,16007.1,16007.5,16011.1,16011.4,0.3,1810.030032
2026-06-15T08:00:00+00:00,16011.15,16014.55,16008.4,16013.95,16011,16011.3,16014.4,16014.7,16008.2,16008.6,16013.7,16014.2,0.5,2586.290032
2026-06-15T08:15:00+00:00,16013.9,16013.9,16007.8,16010.7,16013.7,16014.1,16013.7,16014.1,16007.6,16008,16010.5,16010.9,0.4,1539.460027
2026-06-15T08:30:00+00:00,16010.6,16013.15,16009.9,16012.1,16010.4,16010.8,16013,16013.3,16009.8,16010,16011.9,16012.3,0.4,1369.060023
2026-06-15T08:45:00+00:00,16012.25,16014.95,16012.1,16013.65,16012.1,16012.4,16014.8,16015.1,16011.9,16012.3,16013.4,16013.9,0.5,1097.710017
2026-06-15T09:00:00+00:00,16013.9,16014.35,16009.1,16011.3,16013.8,16014,16014.2,16014.5,16008.9,16009.3,16011.1,16011.5,0.4,1549.43002
2026-06-15T09:15:00+00:00,16011.45,16013.7,16011,16012.6,16011.3,16011.6,16013.5,16013.9,16010.8,16011.2,16012.4,16012.8,0.4,1243.360022
2026-06-15T09:30:00+00:00,16012.7,16014,16011.2,16013.95,16012.6,16012.8,16013.7,16014.3,16011,16011.4,16013.6,16014.3,0.7,1429.770016
2026-06-15T09:45:00+00:00,16013.9,16014.75,16012.4,16012.45,16013.7,16014.1,16014.6,16014.9,16012.2,16012.6,16012.2,16012.7,0.5,1524.060026
2026-06-15T10:00:00+00:00,16012.4,16014.8,16012.4,16014.05,16012.2,16012.6,16014.6,16015,16012.2,16012.6,16013.9,16014.2,0.3,935.2500156
2026-06-15T10:15:00+00:00,16014.1,16014.45,16011.65,16012,16013.9,16014.3,16014.3,16014.6,16011.4,16011.9,16011.8,16012.2,0.4,703.2400111
2026-06-15T10:30:00+00:00,16012.15,16013.05,16009.15,16010.15,16011.9,16012.4,16012.9,16013.2,16008.9,16009.4,16010,16010.3,0.3,1203.660014
2026-06-15T10:45:00+00:00,16010.2,16012.7,16009.7,16012.65,16010.1,16010.3,16012.5,16012.9,16009.5,16009.9,16012.5,16012.8,0.3,929.5500101
2026-06-15T11:00:00+00:00,16012.7,16013.9,16011.3,16013.8,16012.5,16012.9,16013.7,16014.1,16011.1,16011.5,16013.6,16014,0.4,1069.710015
2026-06-15T11:15:00+00:00,16013.9,16016.5,16013.75,16016.35,16013.7,16014.1,16016.4,16016.6,16013.6,16013.9,16016.1,16016.6,0.5,1837.970021
2026-06-15T11:30:00+00:00,16016.25,16020.8,16014.9,16019.7,16016,16016.5,16020.6,16021,16014.7,16015.1,16019.6,16019.8,0.2,1833.030025
2026-06-15T11:45:00+00:00,16019.65,16020.05,16016.1,16018.65,16019.5,16019.8,16019.9,16020.2,16015.8,16016.4,16018.5,16018.8,0.3,2266.540031
2026-06-15T12:00:00+00:00,16018.6,16019.05,16016.2,16017.45,16018.4,16018.8,16019,16019.1,16016,16016.4,16017.3,16017.6,0.3,2726.710027
2026-06-15T12:15:00+00:00,16017.4,16018.5,16015.1,16015.3,16017.2,16017.6,16018.2,16018.8,16014.8,16015.4,16015.1,16015.5,0.4,1853.670022
2026-06-15T12:30:00+00:00,16015.4,16016,16012.95,16014.2,16015.2,16015.6,16015.8,16016.2,16012.7,16013.2,16014,16014.4,0.4,1524.450024
2026-06-15T12:45:00+00:00,16014.25,16014.5,16012.05,16014,16014,16014.5,16014.3,16014.7,16011.8,16012.3,16013.8,16014.2,0.4,1894.440024
2026-06-15T13:00:00+00:00,16014.1,16015.55,16011.85,16013.4,16013.9,16014.3,16015.4,16015.7,16011.6,16012.1,16013.2,16013.6,0.4,1576.39002
2026-06-15T13:15:00+00:00,16013.25,16013.4,16010.2,16010.4,16013,16013.5,16013.2,16013.6,16010,16010.4,16010.2,16010.6,0.4,1106.250016
2026-06-15T13:30:00+00:00,16010.35,16011.85,16006.95,16009.6,16010.2,16010.5,16011.6,16012.1,16006.7,16007.2,16009.4,16009.8,0.4,2961.870034
2026-06-15T13:45:00+00:00,16009.45,16010.85,16007.3,16007.35,16009.3,16009.6,16010.6,16011.1,16007.1,16007.5,16007.2,16007.5,0.3,4227.550062
2026-06-15T14:00:00+00:00,16007.4,16008.5,16003.15,16006.85,16007.2,16007.6,16008.3,16008.7,16003,16003.3,16006.7,16007,0.3,4251.120062
2026-06-15T14:15:00+00:00,16006.7,16007.95,16003.55,16004.25,16006.5,16006.9,16007.7,16008.2,16003.4,16003.7,16004,16004.5,0.5,2931.940045
2026-06-15T14:30:00+00:00,16004.15,16009.75,16004.15,16008.6,16003.9,16004.4,16009.5,16010,16003.9,16004.4,16008.4,16008.8,0.4,4926.040043
2026-06-15T14:45:00+00:00,16008.65,16013.9,16005,16013.7,16008.5,16008.8,16013.8,16014,16004.8,16005.2,16013.6,16013.8,0.2,7888.930075
2026-06-15T15:00:00+00:00,16013.75,16015.85,16012.8,16015.1,16013.6,16013.9,16015.7,16016,16012.6,16013,16014.9,16015.3,0.4,3673.440031
2026-06-15T15:15:00+00:00,16015.05,16016,16013.7,16014.9,16014.8,16015.3,16015.8,16016.2,16013.4,16014,16014.7,16015.1,0.4,2893.640003
2026-06-15T15:30:00+00:00,16014.85,16018.65,16014.2,16017.9,16014.6,16015.1,16018.4,16018.9,16014,16014.4,16017.7,16018.1,0.4,3222.320005
2026-06-15T15:45:00+00:00,16017.85,16020.55,16017.65,16020.05,16017.6,16018.1,16020.4,16020.7,16017.4,16017.9,16019.9,16020.2,0.3,1673.60001
2026-06-15T16:00:00+00:00,16020.1,16020.75,16016.25,16016.4,16019.9,16020.3,16020.5,16021,16016,16016.5,16016.2,16016.6,0.4,1839.950021
2026-06-15T16:15:00+00:00,16016.45,16020.35,16014.75,16019.15,16016.2,16016.7,16020.2,16020.5,16014.6,16014.9,16018.9,16019.4,0.5,2814.010027
2026-06-15T16:30:00+00:00,16019.2,16024.15,16019.1,16024.05,16019,16019.4,16023.9,16024.4,16018.9,16019.3,16023.9,16024.2,0.3,1396.510011
2026-06-15T16:45:00+00:00,16024.1,16024.15,16021.15,16021.8,16023.9,16024.3,16023.9,16024.4,16021,16021.3,16021.5,16022.1,0.6,1261.700018
2026-06-15T17:00:00+00:00,16021.85,16025,16021.4,16023.9,16021.7,16022,16024.9,16025.1,16021.1,16021.7,16023.7,16024.1,0.4,1076.730015
2026-06-15T17:15:00+00:00,16023.85,16027.05,16023.45,16027.05,16023.7,16024,16026.8,16027.3,16023.3,16023.6,16026.8,16027.3,0.5,934.4000092
2026-06-15T17:30:00+00:00,16027.1,16027.9,16025.15,16026.65,16026.9,16027.3,16027.7,16028.1,16025,16025.3,16026.5,16026.8,0.3,1820.200025
2026-06-15T17:45:00+00:00,16026.6,16028.25,16025.35,16027.25,16026.4,16026.8,16028,16028.5,16025.2,16025.5,16027,16027.5,0.5,1153.480012
2026-06-15T18:00:00+00:00,16027.3,16028.3,16025.6,16026.65,16027.1,16027.5,16028,16028.6,16025.4,16025.8,16026.4,16026.9,0.5,1305.600012
2026-06-15T18:15:00+00:00,16026.6,16029.45,16026.5,16029.35,16026.4,16026.8,16029.3,16029.6,16026.2,16026.8,16029.2,16029.5,0.3,1055.830011
2026-06-15T18:30:00+00:00,16029.4,16030.85,16026.6,16027.55,16029.2,16029.6,16030.8,16030.9,16026.4,16026.8,16027.2,16027.9,0.7,2896.350042
2026-06-15T18:45:00+00:00,16027.35,16032.05,16026.75,16030.9,16027.2,16027.5,16031.9,16032.2,16026.5,16027,16030.7,16031.1,0.4,2344.030034
2026-06-15T19:00:00+00:00,16030.8,16033.3,16029.3,16031.5,16030.6,16031,16033.1,16033.5,16029.1,16029.5,16031.4,16031.6,0.2,1733.310023
2026-06-15T19:15:00+00:00,16031.55,16032.3,16029.25,16032,16031.4,16031.7,16032.1,16032.5,16029.1,16029.4,16031.8,16032.2,0.4,887.440011
2026-06-15T19:30:00+00:00,16031.95,16032,16028.4,16031,16031.8,16032.1,16031.8,16032.2,16028.2,16028.6,16030.8,16031.2,0.4,1022.60001
2026-06-15T19:45:00+00:00,16030.95,16039.3,16029.45,16038.95,16030.8,16031.1,16039.1,16039.5,16029.2,16029.7,16038.8,16039.1,0.3,1872.360032
2026-06-15T20:00:00+00:00,16038.9,16039.65,16034.55,16034.9,16038.7,16039.1,16039.5,16039.8,16034.3,16034.8,16034.7,16035.1,0.4,2498.890024
2026-06-15T20:15:00+00:00,16034.95,16035.05,16033.2,16033.95,16034.8,16035.1,16034.8,16035.3,16033,16033.4,16033.7,16034.2,0.5,983.6200101
2026-06-15T20:30:00+00:00,16033.9,16036.55,16033.5,16035.2,16033.7,16034.1,16036.3,16036.8,16033.3,16033.7,16034.9,16035.5,0.6,2354.99002
2026-06-15T20:45:00+00:00,16035.05,16036.75,16032.5,16033.9,16034.8,16035.3,16036.4,16037.1,16031.3,16033.7,16031.9,16035.9,4,2157.840026
2026-06-15T21:00:00+00:00,16034.65,16036,16032.1,16033.85,16031.9,16037.4,16031.9,16040.1,16029,16035.2,16030,16037.7,7.7,77.25000054
2026-06-15T21:15:00+00:00,16033.85,16034.85,16031,16033.55,16029.9,16037.8,16031.9,16037.8,16027.7,16034.3,16031.9,16035.2,3.3,72.00000072
2026-06-15T21:30:00+00:00,16033.45,16037.25,16031.05,16031.9,16031.7,16035.2,16036.1,16038.4,16028.5,16033.6,16028.6,16035.2,6.6,491.020011
2026-06-15T21:45:00+00:00,16031.85,16037,16031.35,16035.1,16028.5,16035.2,16035.8,16038.2,16028.5,16034.2,16033.6,16036.6,3,293.2500061
2026-06-15T22:00:00+00:00,16035.2,16035.7,16032.15,16033.35,16033.7,16036.7,16034.5,16036.9,16031.6,16032.7,16032.9,16033.8,0.9,454.3799966
2026-06-15T22:15:00+00:00,16033.85,16035.6,16032.55,16032.6,16033.4,16034.3,16035.2,16036,16032.2,16032.9,16032.2,16033,0.8,534.3500072
2026-06-15T22:30:00+00:00,16032.55,16033.4,16031.9,16032.9,16032.3,16032.8,16032.9,16033.9,16031.5,16032.3,16032.5,16033.3,0.8,448.9600023
2026-06-15T22:45:00+00:00,16032.85,16034.8,16032.55,16032.75,16032.5,16033.2,16034.4,16035.2,16032.2,16032.9,16032.4,16033.1,0.7,443.570006
2026-06-15T23:00:00+00:00,16032.7,16032.85,16028.6,16029.8,16032.3,16033.1,16032.6,16033.1,16028.4,16028.8,16029.5,16030.1,0.6,584.7400143
2026-06-15T23:15:00+00:00,16029.85,16030.25,16027.55,16027.85,16029.6,16030.1,16029.9,16030.6,16027.3,16027.8,16027.6,16028.1,0.5,443.7700027
2026-06-15T23:30:00+00:00,16027.8,16027.95,16026.6,16026.75,16027.5,16028.1,16027.6,16028.3,16026.4,16026.8,16026.4,16027.1,0.7,745.4100075
2026-06-15T23:45:00+00:00,16026.7,16026.75,16022.35,16024.7,16026.4,16027,16026.5,16027,16022.1,16022.6,16024.4,16025,0.6,1193.350017
2026-06-16T00:00:00+00:00,16024.65,16027.6,16023.4,16025.95,16024.4,16024.9,16027.3,16027.9,16023.1,16023.7,16025.6,16026.3,0.7,1451.120017
2026-06-16T00:15:00+00:00,16025.8,16026.8,16024.25,16024.35,16025.5,16026.1,16026.5,16027.1,16024,16024.5,16024.1,16024.6,0.5,1173.560022
2026-06-16T00:30:00+00:00,16024.15,16024.35,16015.7,16018.9,16023.9,16024.4,16024.1,16024.6,16015.4,16016,16018.6,16019.2,0.6,1580.100017
2026-06-16T00:45:00+00:00,16018.75,16026.7,16018.2,16019.95,16018.5,16019,16026.4,16027,16018,16018.4,16019.7,16020.2,0.5,4215.830058
2026-06-16T01:00:00+00:00,16019.8,16021.5,16010.4,16015.4,16019.6,16020,16021.3,16021.7,16010.2,16010.6,16015.2,16015.6,0.4,3035.710041
2026-06-16T01:15:00+00:00,16015.35,16016.45,16011.65,16014.8,16015.1,16015.6,16016.3,16016.6,16011.4,16011.9,16014.6,16015,0.4,1554.100021
2026-06-16T01:30:00+00:00,16014.7,16016.7,16012.15,16014.4,16014.6,16014.8,16016.5,16016.9,16011.9,16012.4,16014.2,16014.6,0.4,2060.490025
2026-06-16T01:45:00+00:00,16014.3,16017.75,16013.55,16016.15,16014.1,16014.5,16017.5,16018,16013.5,16013.6,16015.9,16016.4,0.5,1257.400021
2026-06-16T02:00:00+00:00,16016.25,16018.95,16015.95,16018.75,16016,16016.5,16018.7,16019.2,16015.7,16016.2,16018.6,16018.9,0.3,709.7900144
2026-06-16T02:15:00+00:00,16018.7,16019.7,16014.65,16015.35,16018.4,16019,16019.5,16019.9,16014.4,16014.9,16015.1,16015.6,0.5,672.5200124
2026-06-16T02:30:00+00:00,16015.25,16015.35,16011.15,16013.75,16015,16015.5,16015.1,16015.6,16011,16011.3,16013.6,16013.9,0.3,1066.86002
2026-06-16T02:45:00+00:00,16013.85,16015.8,16010.3,16014,16013.7,16014,16015.6,16016,16010,16010.6,16013.7,16014.3,0.6,1603.950017
2026-06-16T03:00:00+00:00,16014.1,16014.95,16005.05,16009.3,16013.8,16014.4,16014.7,16015.2,16004.8,16005.3,16009,16009.6,0.6,2923.960032
2026-06-16T03:15:00+00:00,16009.35,16024.3,16007.25,16023.5,16008.9,16009.8,16023.9,16024.7,16006.9,16007.6,16023.3,16023.7,0.4,3889.430064
2026-06-16T03:30:00+00:00,16023.95,16024.95,16021,16024.1,16023.8,16024.1,16024.8,16025.1,16020.7,16021.3,16023.8,16024.4,0.6,1692.830025
2026-06-16T03:45:00+00:00,16024.3,16024.55,16020.5,16020.95,16024,16024.6,16024.4,16024.7,16020.2,16020.8,16020.7,16021.2,0.5,1680.650031
2026-06-16T04:00:00+00:00,16021.05,16029.55,16019.3,16028.9,16020.8,16021.3,16029.4,16029.7,16019,16019.6,16028.8,16029,0.2,2492.320041
2026-06-16T04:15:00+00:00,16028.8,16034.8,16028.05,16032.95,16028.7,16028.9,16034.5,16035.1,16027.9,16028.2,16032.6,16033.3,0.7,2869.30004
2026-06-16T04:30:00+00:00,16032.85,16033.9,16031,16031.15,16032.4,16033.3,16033.8,16034,16030.7,16031.3,16030.7,16031.6,0.9,2024.300024
2026-06-16T04:45:00+00:00,16031.1,16031.55,16024.3,16025.45,16030.8,16031.4,16031.3,16031.8,16024.1,16024.5,16025.3,16025.6,0.3,2352.190036
2026-06-16T05:00:00+00:00,16025.5,16030.35,16024.55,16029.2,16025.3,16025.7,16030.1,16030.6,16024.4,16024.7,16028.9,16029.5,0.6,1194.920021
2026-06-16T05:15:00+00:00,16029.1,16029.1,16025.25,16025.7,16028.9,16029.3,16028.9,16029.3,16025,16025.5,16025.5,16025.9,0.4,783.1900125
2026-06-16T05:30:00+00:00,16025.75,16027.6,16023.3,16027.15,16025.6,16025.9,16027.4,16027.8,16023.1,16023.5,16027,16027.3,0.3,958.5400175
2026-06-16T05:45:00+00:00,16027.1,16030.2,16026.2,16029.45,16026.9,16027.3,16030.1,16030.3,16026,16026.4,16029.1,16029.8,0.7,837.5300127
2026-06-16T06:00:00+00:00,16029.65,16029.7,16026.05,16028.7,16029.4,16029.9,16029.4,16030,16025.9,16026.2,16028.5,16028.9,0.4,1447.760021
2026-06-16T06:15:00+00:00,16028.8,16029.65,16023.55,16023.85,16028.7,16028.9,16029.4,16029.9,16023.3,16023.8,16023.7,16024,0.3,1617.82002
2026-06-16T06:30:00+00:00,16023.8,16026.3,16014.9,16021.05,16023.6,16024,16026.1,16026.5,16014.7,16015.1,16020.8,16021.3,0.5,4680.870069
2026-06-16T06:45:00+00:00,16021.15,16022.6,16019.2,16021.05,16020.9,16021.4,16022.4,16022.8,16019,16019.4,16020.9,16021.2,0.3,2974.240033
2026-06-16T07:00:00+00:00,16021.1,16034.6,16019.8,16033.3,16020.9,16021.3,16034.4,16034.8,16019.6,16020,16033.1,16033.5,0.4,3896.640053
2026-06-16T07:15:00+00:00,16033.35,16034.5,16026.65,16027.95,16033.1,16033.6,16034.3,16034.7,16026.5,16026.8,16027.7,16028.2,0.5,2877.99005
2026-06-16T07:30:00+00:00,16027.85,16033,16027.65,16031.85,16027.5,16028.2,16032.9,16033.1,16027.4,16027.9,16031.6,16032.1,0.5,2526.910041
2026-06-16T07:45:00+00:00,16031.85,16032.85,16023.35,16023.7,16031.6,16032.1,16032.6,16033.1,16023.1,16023.6,16023.5,16023.9,0.4,3068.240036
2026-06-16T08:00:00+00:00,16023.55,16026.4,16022.6,16024.4,16023.4,16023.7,16026.2,16026.6,16022.3,16022.9,16024.2,16024.6,0.4,3188.350043
2026-06-16T08:15:00+00:00,16024.25,16029.85,16024.1,16027.65,16024.1,16024.4,16029.6,16030.1,16023.9,16024.3,16027.4,16027.9,0.5,4684.140035
2026-06-16T08:30:00+00:00,16027.55,16032.95,16026.45,16031.9,16027.3,16027.8,16032.8,16033.1,16026.2,16026.7,16031.7,16032.1,0.4,3483.580027
2026-06-16T08:45:00+00:00,16031.95,16033.3,16030.8,16032.25,16031.7,16032.2,16033.1,16033.5,16030.6,16031,16032.1,16032.4,0.3,2500.690033
2026-06-16T09:00:00+00:00,16032.2,16033.55,16031.7,16032.95,16032,16032.4,16033.4,16033.7,16031.5,16031.9,16032.7,16033.2,0.5,1940.960024
2026-06-16T09:15:00+00:00,16032.9,16033.55,16030.75,16032,16032.7,16033.1,16033.3,16033.8,16030.5,16031,16031.8,16032.2,0.4,2560.770031
2026-06-16T09:30:00+00:00,16032.05,16033.65,16031.4,16033.35,16031.9,16032.2,16033.5,16033.8,16031.2,16031.6,16033.2,16033.5,0.3,1449.020011
2026-06-16T09:45:00+00:00,16033.25,16036.15,16033.25,16034.2,16033,16033.5,16035.9,16036.4,16033,16033.5,16034,16034.4,0.4,4339.200056
2026-06-16T10:00:00+00:00,16034.25,16034.6,16031.45,16032.25,16034.1,16034.4,16034.4,16034.8,16031.3,16031.6,16032.1,16032.4,0.3,2239.360037
2026-06-16T10:15:00+00:00,16032.3,16032.45,16030.5,16031.35,16032.2,16032.4,16032.3,16032.6,16030.3,16030.7,16031.2,16031.5,0.3,2319.480038
2026-06-16T10:30:00+00:00,16031.45,16031.8,16028.05,16028.3,16031.3,16031.6,16031.6,16032,16027.9,16028.2,16028.1,16028.5,0.4,1275.54002
2026-06-16T10:45:00+00:00,16028.3,16032.45,16028.25,16029.15,16028.1,16028.5,16032.3,16032.6,16028.1,16028.4,16028.9,16029.4,0.5,1524.730023
2026-06-16T11:00:00+00:00,16029.25,16033.8,16029.25,16033.7,16029.1,16029.4,16033.6,16034,16029.1,16029.4,16033.5,16033.9,0.4,1227.890024
2026-06-16T11:15:00+00:00,16034.2,16034.4,16031.6,16032.1,16034.1,16034.3,16034.2,16034.6,16031.4,16031.8,16031.9,16032.3,0.4,1296.840019
2026-06-16T11:30:00+00:00,16032.1,16035.55,16031.85,16034.75,16031.9,16032.3,16035.3,16035.8,16031.7,16032,16034.5,16035,0.5,928.9200119
2026-06-16T11:45:00+00:00,16034.85,16036.1,16033.45,16035.95,16034.7,16035,16035.9,16036.3,16033.2,16033.7,16035.8,16036.1,0.3,1339.500013
2026-06-16T12:00:00+00:00,16036,16037.7,16035.45,16035.8,16035.8,16036.2,16037.5,16037.9,16035.2,16035.7,16035.5,16036.1,0.6,3311.800044
2026-06-16T12:15:00+00:00,16036,16037.5,16033.6,16033.65,16035.8,16036.2,16037.3,16037.7,16033.5,16033.7,16033.5,16033.8,0.3,2003.100021
2026-06-16T12:30:00+00:00,16033.65,16034.65,16032.2,16033.25,16033.5,16033.8,16034.4,16034.9,16032,16032.4,16033.1,16033.4,0.3,1737.280019
2026-06-16T12:45:00+00:00,16033.2,16033.5,16031.85,16032.55,16033,16033.4,16033.3,16033.7,16031.6,16032.1,16032.4,16032.7,0.3,2143.07003
2026-06-16T13:00:00+00:00,16032.55,16034.9,16032.4,16034.55,16032.5,16032.6,16034.7,16035.1,16032.2,16032.6,16034.3,16034.8,0.5,2135.870025
2026-06-16T13:15:00+00:00,16034.55,16040.85,16034.45,16038.7,16034.2,16034.9,16040.6,16041.1,16034.2,16034.7,16038.5,16038.9,0.4,2721.730032
2026-06-16T13:30:00+00:00,16038.75,16039.3,16034.2,16037.55,16038.4,16039.1,16039.1,16039.5,16034,16034.4,16037.3,16037.8,0.5,4289.430053
2026-06-16T13:45:00+00:00,16037.6,16040.35,16037.15,16039.65,16037.4,16037.8,16040.1,16040.6,16036.9,16037.4,16039.4,16039.9,0.5,2905.260032
2026-06-16T14:00:00+00:00,16039.9,16043.8,16038.5,16042.2,16039.7,16040.1,16043.6,16044,16038.3,16038.7,16042,16042.4,0.4,2118.190034
2026-06-16T14:15:00+00:00,16042.25,16043.4,16041.25,16042.55,16042.1,16042.4,16043.2,16043.6,16041.1,16041.4,16042.4,16042.7,0.3,1804.690023
2026-06-16T14:30:00+00:00,16042.65,16046.6,16042.2,16043.1,16042.5,16042.8,16046.4,16046.8,16042,16042.4,16042.9,16043.3,0.4,2761.280045
2026-06-16T14:45:00+00:00,16043.15,16043.55,16037.25,16040.15,16043,16043.3,16043.3,16043.8,16037.1,16037.4,16040,16040.3,0.3,3850.330047
2026-06-16T15:00:00+00:00,16040.1,16045.75,16039.2,16045.5,16040,16040.2,16045.6,16045.9,16039,16039.4,16045.2,16045.8,0.6,2820.540033
2026-06-16T15:15:00+00:00,16045.45,16046.15,16043.6,16045.15,16045.2,16045.7,16046,16046.3,16043.4,16043.8,16045,16045.3,0.3,1421.830017
2026-06-16T15:30:00+00:00,16045.2,16045.9,16041,16043.5,16045.1,16045.3,16045.7,16046.1,16040.8,16041.2,16043.3,16043.7,0.4,1910.34003
2026-06-16T15:45:00+00:00,16043.55,16045.2,16033.65,16039.25,16043.4,16043.7,16045,16045.4,16033.4,16033.9,16039.1,16039.4,0.3,4828.480072
2026-06-16T16:00:00+00:00,16039.2,16040,16036.4,16037.3,16038.9,16039.5,16039.8,16040.2,16036.2,16036.6,16037.1,16037.5,0.4,2791.260044
2026-06-16T16:15:00+00:00,16037.25,16037.85,16033.5,16036.85,16037.1,16037.4,16037.7,16038,16033.3,16033.7,16036.7,16037,0.3,2115.650032
2026-06-16T16:30:00+00:00,16036.8,16040.4,16036,16040.05,16036.6,16037,16040.2,16040.6,16035.8,16036.2,16039.8,16040.3,0.5,1942.060025
2026-06-16T16:45:00+00:00,16040.2,16040.85,16038.7,16039.65,16040,16040.4,16040.7,16041,16038.5,16038.9,16039.5,16039.8,0.3,776.3600127
2026-06-16T17:00:00+00:00,16039.7,16042.25,16038.85,16041.65,16039.6,16039.8,16042.1,16042.4,16038.7,16039,16041.4,16041.9,0.5,960.0700111
2026-06-16T17:15:00+00:00,16041.55,16043.1,16041.1,16042.95,16041.4,16041.7,16042.9,16043.3,16040.9,16041.3,16042.8,16043.1,0.3,465.6600064
2026-06-16T17:30:00+00:00,16042.9,16044.15,16041.65,16042.95,16042.8,16043,16044,16044.3,16041.5,16041.8,16042.8,16043.1,0.3,647.4100113
2026-06-16T17:45:00+00:00,16043.05,16044.45,16042.9,16043.85,16042.9,16043.2,16044.3,16044.6,16042.8,16043,16043.7,16044,0.3,491.520007
2026-06-16T18:00:00+00:00,16043.8,16044.1,16042.1,16043.45,16043.7,16043.9,16043.9,16044.3,16041.9,16042.3,16043.3,16043.6,0.3,692.9800129
2026-06-16T18:15:00+00:00,16043.5,16045.15,16043.05,16044.5,16043.3,16043.7,16044.9,16045.4,16042.9,16043.2,16044.3,16044.7,0.4,790.7000115
2026-06-16T18:30:00+00:00,16044.55,16045.7,16043.5,16045.2,16044.4,16044.7,16045.5,16045.9,16043.3,16043.7,16045,16045.4,0.4,1048.200012
2026-06-16T18:45:00+00:00,16045.1,16046.15,16043.45,16043.7,16044.9,16045.3,16046,16046.3,16043.3,16043.6,16043.4,16044,0.6,624.0900096
2026-06-16T19:00:00+00:00,16043.6,16043.65,16040.15,16040.95,16043.4,16043.8,16043.5,16043.8,16040,16040.3,16040.8,16041.1,0.3,467.8800077
2026-06-16T19:15:00+00:00,16041.05,16042.75,16040,16041,16040.8,16041.3,16042.5,16043,16039.9,16040.1,16040.8,16041.2,0.4,1480.410022
2026-06-16T19:30:00+00:00,16041.1,16045.65,16040,16045.1,16040.9,16041.3,16045.4,16045.9,16039.8,16040.2,16044.9,16045.3,0.4,2187.870032
2026-06-16T19:45:00+00:00,16045.05,16047.95,16044.75,16046.8,16044.9,16045.2,16047.7,16048.2,16044.6,16044.9,16046.7,16046.9,0.2,1798.180029
2026-06-16T20:00:00+00:00,16046.85,16046.95,16046.2,16046.55,16046.7,16047,16046.8,16047.1,16046.1,16046.3,16046.3,16046.8,0.5,428.1000073
2026-06-16T20:15:00+00:00,16046.65,16046.95,16046,16046.75,16046.4,16046.9,16046.7,16047.2,16045.8,16046.2,16046.4,16047.1,0.7,557.2600068
2026-06-16T20:30:00+00:00,16046.4,16048.1,16046.4,16047.75,16046.3,16046.5,16047.9,16048.3,16046.3,16046.5,16047.4,16048.1,0.7,258.1300057
2026-06-16T20:45:00+00:00,16047.8,16048.3,16044.2,16044.5,16047.6,16048,16048,16048.6,16042.6,16045.8,16042.6,16046.4,3.8,1076.750014
2026-06-16T21:00:00+00:00,16042.65,16043.4,16037.85,16040.9,16038.9,16046.4,16039.1,16047.7,16030.8,16044.9,16036.7,16045.1,8.4,139.0899998
2026-06-16T21:15:00+00:00,16040.95,16042.4,16036.75,16038.9,16036.7,16045.2,16037.6,16047.2,16032.1,16041.4,16036.3,16041.5,5.2,493.6600085
2026-06-16T21:30:00+00:00,16039.15,16045.65,16037.25,16044.1,16036.3,16042,16043.5,16047.8,16034.4,16040.1,16042.1,16046.1,4,573.3300101
2026-06-16T21:45:00+00:00,16044.15,16046.25,16040.65,16042.05,16042.1,16046.2,16044.9,16047.6,16037.9,16043.4,16040.3,16043.8,3.5,408.1200091
2026-06-16T22:00:00+00:00,16042.85,16044.85,16041.55,16044.1,16042.1,16043.6,16044.1,16045.6,16041,16042.1,16043.5,16044.7,1.2,1063.890009
2026-06-16T22:15:00+00:00,16044.05,16044.2,16041.95,16042.3,16043.5,16044.6,16043.7,16044.7,16041.5,16042.4,16041.9,16042.7,0.8,401.8400081
2026-06-16T22:30:00+00:00,16042.4,16043.2,16042.1,16043.1,16042,16042.8,16043,16043.4,16041.7,16042.5,16042.9,16043.3,0.4,866.8100133
2026-06-16T22:45:00+00:00,16043.1,16044.05,16040.35,16040.4,16042.9,16043.3,16043.6,16044.5,16040,16040.7,16040.1,16040.7,0.6,856.6000154
2026-06-16T23:00:00+00:00,16040.55,16043,16039.65,16040.9,16040.4,16040.7,16042.6,16043.4,16039.4,16039.9,16040.7,16041.1,0.4,696.0100133
2026-06-16T23:15:00+00:00,16040.8,16040.95,16040.15,16040.25,16040.6,16041,16040.7,16041.2,16039.9,16040.4,16040,16040.5,0.5,423.3000057
2026-06-16T23:30:00+00:00,16040.2,16041.75,16039.9,16040.75,16040,16040.4,16041.5,16042,16039.7,16040.1,16040.4,16041.1,0.7,225.1500046
2026-06-16T23:45:00+00:00,16040.8,16044.3,16040.7,16042.7,16040.6,16041,16044.1,16044.5,16040.4,16041,16042.5,16042.9,0.4,676.5200135
2026-06-17T00:00:00+00:00,16042.45,16042.65,16040.4,16041.45,16042.2,16042.7,16042.4,16042.9,16040.2,16040.6,16041.2,16041.7,0.5,1175.340023
2026-06-17T00:15:00+00:00,16041.35,16041.35,16036.95,16038.9,16041.1,16041.6,16041.1,16041.6,16036.8,16037.1,16038.7,16039.1,0.4,993.6800175
2026-06-17T00:30:00+00:00,16038.75,16039,16034.75,16036.7,16038.5,16039,16038.8,16039.2,16034.5,16035,16036.4,16037,0.6,1116.630019
2026-06-17T00:45:00+00:00,16036.85,16041.5,16035.1,16035.35,16036.7,16037,16041.3,16041.7,16034.9,16035.3,16035,16035.7,0.7,2763.880038
2026-06-17T01:00:00+00:00,16035.25,16037.3,16031.4,16033.6,16035,16035.5,16037.1,16037.5,16031.1,16031.7,16033.3,16033.9,0.6,1790.12002
2026-06-17T01:15:00+00:00,16033.6,16035.5,16031.4,16033.1,16033.2,16034,16035.3,16035.7,16031.2,16031.6,16032.9,16033.3,0.4,1823.62002
2026-06-17T01:30:00+00:00,16033.15,16034.3,16032.3,16033.25,16033,16033.3,16034.1,16034.5,16032.1,16032.5,16033.1,16033.4,0.3,957.5800079
2026-06-17T01:45:00+00:00,16032.85,16035.2,16032.2,16034.9,16032.7,16033,16035,16035.4,16032,16032.4,16034.7,16035.1,0.4,533.5500084
2026-06-17T02:00:00+00:00,16034.8,16035.3,16033.5,16033.8,16034.6,16035,16035.1,16035.5,16033.3,16033.7,16033.6,16034,0.4,572.0200113
2026-06-17T02:15:00+00:00,16033.9,16033.9,16031.3,16033,16033.7,16034.1,16033.7,16034.1,16031,16031.6,16032.7,16033.3,0.6,756.500012
2026-06-17T02:30:00+00:00,16032.95,16034.2,16032.4,16032.95,16032.7,16033.2,16033.9,16034.5,16032.3,16032.5,16032.8,16033.1,0.3,791.9400116
2026-06-17T02:45:00+00:00,16033.55,16033.65,16031.6,16033.35,16033.4,16033.7,16033.4,16033.9,16031.4,16031.8,16033.3,16033.4,0.1,546.5400087
2026-06-17T03:00:00+00:00,16033.15,16035.45,16031.4,16033.5,16033,16033.3,16035.3,16035.6,16031.1,16031.7,16033.2,16033.8,0.6,909.090012
2026-06-17T03:15:00+00:00,16033.55,16035,16032.35,16032.7,16033.3,16033.8,16034.8,16035.2,16032.1,16032.6,16032.6,16032.8,0.2,730.590014
2026-06-17T03:30:00+00:00,16032.75,16033.65,16031.8,16032.1,16032.6,16032.9,16033.5,16033.8,16031.6,16032,16031.9,16032.3,0.4,294.0000064
2026-06-17T03:45:00+00:00,16032.3,16032.6,16031.7,16032.2,16032.2,16032.4,16032.4,16032.8,16031.6,16031.8,16032,16032.4,0.4,394.6500074
2026-06-17T04:00:00+00:00,16032.35,16032.55,16027.3,16028.4,16032.2,16032.5,16032.4,16032.7,16027.2,16027.4,16028.2,16028.6,0.4,855.0200139
2026-06-17T04:15:00+00:00,16028.45,16029.75,16027.6,16029.2,16028.3,16028.6,16029.6,16029.9,16027.5,16027.7,16029,16029.4,0.4,474.3600093
2026-06-17T04:30:00+00:00,16029.4,16029.45,16027.05,16027.1,16029.2,16029.6,16029.2,16029.7,16026.8,16027.3,16026.8,16027.4,0.6,596.270005
2026-06-17T04:45:00+00:00,16027.05,16027.6,16025.75,16026.8,16026.9,16027.2,16027.3,16027.9,16025.6,16025.9,16026.5,16027.1,0.6,728.8700103
2026-06-17T05:00:00+00:00,16026.85,16028.35,16026.5,16028,16026.6,16027.1,16028.1,16028.6,16026.3,16026.7,16027.8,16028.2,0.4,340.1100072
2026-06-17T05:15:00+00:00,16027.95,16028.95,16026.2,16028.25,16027.8,16028.1,16028.9,16029,16026,16026.4,16028.1,16028.4,0.3,397.9100089
2026-06-17T05:30:00+00:00,16028.1,16029.3,16027.6,16029.05,16027.9,16028.3,16029,16029.6,16027.4,16027.8,16028.9,16029.2,0.3,539.4300076
2026-06-17T05:45:00+00:00,16029.05,16033.05,16029,16032.7,16028.8,16029.3,16032.8,16033.3,16028.8,16029.2,16032.4,16033,0.6,964.8900112
2026-06-17T06:00:00+00:00,16032.7,16033.45,16028.55,16028.55,16032.3,16033.1,16033.3,16033.6,16028.4,16028.7,16028.4,16028.7,0.3,1696.290026
2026-06-17T06:15:00+00:00,16028.65,16030.85,16026.8,16029.95,16028.5,16028.8,16030.6,16031.1,16026.6,16027,16029.7,16030.2,0.5,1914.270022
2026-06-17T06:30:00+00:00,16029.85,16029.9,16026.9,16027.35,16029.7,16030,16029.7,16030.1,16026.7,16027.1,16027.2,16027.5,0.3,1580.410018
2026-06-17T06:45:00+00:00,16027.3,16028.1,16024.85,16025.55,16027.1,16027.5,16027.9,16028.3,16024.7,16025,16025.3,16025.8,0.5,1616.050017
2026-06-17T07:00:00+00:00,16025.5,16028,16025.2,16026.7,16025.2,16025.8,16027.8,16028.2,16025,16025.4,16026.5,16026.9,0.4,1992.270025
2026-06-17T07:15:00+00:00,16026.75,16028.6,16026,16027.3,16026.6,16026.9,16028.4,16028.8,16025.8,16026.2,16027.1,16027.5,0.4,1144.840018
2026-06-17T07:30:00+00:00,16027.35,16030.6,16022.95,16022.95,16027.2,16027.5,16030.4,16030.8,16022.8,16023.1,16022.8,16023.1,0.3,1884.81002
2026-06-17T07:45:00+00:00,16023,16024.55,16018.3,16019.05,16022.8,16023.2,16024.3,16024.8,16018.1,16018.5,16018.9,16019.2,0.3,2444.690022
2026-06-17T08:00:00+00:00,16019,16019,16011.75,16017.6,16018.8,16019.2,16018.8,16019.2,16011.6,16011.9,16017.4,16017.8,0.4,3782.01005
2026-06-17T08:15:00+00:00,16017.55,16025.55,16017.1,16021.75,16017.4,16017.7,16025.3,16025.8,16016.9,16017.3,16021.5,16022,0.5,2968.13004
2026-06-17T08:30:00+00:00,16021.8,16023.05,16014,16014.65,16021.6,16022,16022.9,16023.2,16013.8,16014.2,16014.4,16014.9,0.5,3078.52005
2026-06-17T08:45:00+00:00,16014.7,16021.45,16014.45,16020.85,16014.5,16014.9,16021.2,16021.7,16014.2,16014.7,16020.6,16021.1,0.5,2243.600037
2026-06-17T09:00:00+00:00,16020.9,16022.35,16017.45,16020.1,16020.5,16021.3,16022.1,16022.6,16017.2,16017.7,16020,16020.2,0.2,1204.730019
2026-06-17T09:15:00+00:00,16020.25,16020.3,16016.4,16019.1,16020.1,16020.4,16020.1,16020.5,16016.3,16016.5,16018.8,16019.4,0.6,1212.510021
2026-06-17T09:30:00+00:00,16019.05,16022.55,16018,16022.3,16018.9,16019.2,16022.3,16022.8,16017.9,16018.1,16022.1,16022.5,0.4,647.0900133
2026-06-17T09:45:00+00:00,16022.4,16022.65,16018.1,16018.5,16022.2,16022.6,16022.4,16022.9,16017.9,16018.3,16018.3,16018.7,0.4,591.4900087
2026-06-17T10:00:00+00:00,16018.65,16020.5,16018.3,16019.75,16018.4,16018.9,16020.3,16020.7,16018.1,16018.5,16019.6,16019.9,0.3,920.3800123
2026-06-17T10:15:00+00:00,16019.7,16022.45,16018.75,16022.3,16019.5,16019.9,16022.3,16022.6,16018.5,16019,16022.1,16022.5,0.4,1610.680024
2026-06-17T10:30:00+00:00,16022.3,16022.85,16020.7,16022.05,16022.1,16022.5,16022.7,16023,16020.5,16020.9,16021.9,16022.2,0.3,1018.220014
2026-06-17T10:45:00+00:00,16022.1,16024.45,16020.9,16023.7,16022,16022.2,16024.2,16024.7,16020.7,16021.1,16023.6,16023.8,0.2,1712.760023
2026-06-17T11:00:00+00:00,16023.75,16028.8,16023.05,16028.35,16023.6,16023.9,16028.6,16029,16022.9,16023.2,16028.1,16028.6,0.5,1636.900021
2026-06-17T11:15:00+00:00,16028.4,16028.4,16026.6,16027.7,16028.2,16028.6,16028.2,16028.6,16026.4,16026.8,16027.5,16027.9,0.4,1546.540015
2026-06-17T11:30:00+00:00,16027.75,16033.45,16027.75,16032,16027.5,16028,16033.3,16033.6,16027.5,16028,16031.8,16032.2,0.4,1474.820019
2026-06-17T11:45:00+00:00,16031.95,16033.5,16029.35,16031.2,16031.8,16032.1,16033.3,16033.7,16029.1,16029.6,16031,16031.4,0.4,1810.260023
2026-06-17T12:00:00+00:00,16031,16032.5,16030.1,16031.7,16030.8,16031.2,16032.4,16032.6,16029.9,16030.3,16031.5,16031.9,0.4,1978.080022
2026-06-17T12:15:00+00:00,16031.7,16031.95,16026.75,16029.9,16031.5,16031.9,16031.7,16032.2,16026.6,16026.9,16029.2,16030.6,1.4,1357.640021
2026-06-17T12:30:00+00:00,16030,16031.7,16025.75,16027.55,16029.6,16030.4,16031.5,16031.9,16025.6,16025.9,16027.4,16027.7,0.3,1650.230022
2026-06-17T12:45:00+00:00,16027.5,16027.7,16023.25,16024.7,16027.4,16027.6,16027.5,16027.9,16023,16023.5,16024.5,16024.9,0.4,889.6300156
2026-06-17T13:00:00+00:00,16024.55,16027.8,16024.25,16026.2,16024.4,16024.7,16027.6,16028,16024,16024.5,16026,16026.4,0.4,1552.400025
2026-06-17T13:15:00+00:00,16026.3,16030.05,16025.85,16029.7,16026.1,16026.5,16029.9,16030.2,16025.6,16026.1,16029.5,16029.9,0.4,1525.490025
2026-06-17T13:30:00+00:00,16029.75,16030,16025.95,16028.35,16029.5,16030,16029.8,16030.2,16025.7,16026.2,16028.1,16028.6,0.5,2042.940037
2026-06-17T13:45:00+00:00,16028.5,16028.9,16018.8,16019.7,16028.3,16028.7,16028.7,16029.1,16018.6,16019,16019.5,16019.9,0.4,2118.370035
2026-06-17T14:00:00+00:00,16019.75,16024.95,16019.75,16024.3,16019.5,16020,16024.7,16025.2,16019.5,16020,16024.1,16024.5,0.4,3194.78005
2026-06-17T14:15:00+00:00,16024.4,16027.8,16023.45,16025,16024.1,16024.7,16027.5,16028.1,16023.2,16023.7,16024.8,16025.2,0.4,1697.590027
2026-06-17T14:30:00+00:00,16024.9,16025.75,16023.35,16025.35,16024.8,16025,16025.5,16026,16023.2,16023.5,16025.3,16025.4,0.1,1734.350027
2026-06-17T14:45:00+00:00,16025.3,16035.05,16025.3,16032.1,16025.2,16025.4,16034.8,16035.3,16025.2,16025.4,16031.9,16032.3,0.4,5121.790083
2026-06-17T15:00:00+00:00,16032.25,16033.65,16028.05,16028.4,16032.1,16032.4,16033.5,16033.8,16027.8,16028.3,16028.2,16028.6,0.4,2402.500039
2026-06-17T15:15:00+00:00,16028.5,16029.1,16021.6,16023.05,16028.3,16028.7,16028.9,16029.3,16021.3,16021.9,16022.9,16023.2,0.3,1623.490033
2026-06-17T15:30:00+00:00,16023.25,16026.25,16019.2,16024.7,16023,16023.5,16026.1,16026.4,16019,16019.4,16024.5,16024.9,0.4,1469.190028
2026-06-17T15:45:00+00:00,16024.65,16024.65,16020.35,16022.15,16024.5,16024.8,16024.5,16024.8,16020.2,16020.5,16022,16022.3,0.3,972.8000171
2026-06-17T16:00:00+00:00,16022,16023.6,16020.2,16023.15,16021.9,16022.1,16023.4,16023.8,16020,16020.4,16023,16023.3,0.3,812.6100163
2026-06-17T16:15:00+00:00,16023.05,16023.2,16020,16020.45,16022.9,16023.2,16023.1,16023.3,16019.8,16020.2,16020.3,16020.6,0.3,707.5400144
2026-06-17T16:30:00+00:00,16020.55,16021.9,16020.25,16021.1,16020.4,16020.7,16021.8,16022,16020.1,16020.4,16020.9,16021.3,0.4,563.5600079
2026-06-17T16:45:00+00:00,16020.95,16021.55,16019.9,16019.95,16020.8,16021.1,16021.3,16021.8,16019.7,16020.1,16019.8,16020.1,0.3,509.8500078
2026-06-17T17:00:00+00:00,16020.25,16023.8,16019.85,16020.75,16020.2,16020.3,16023.7,16023.9,16019.7,16020,16020.5,16021,0.5,1362.180024
2026-06-17T17:15:00+00:00,16020.6,16022.65,16020,16020.05,16020.4,16020.8,16022.5,16022.8,16019.9,16020.1,16019.9,16020.2,0.3,680.3200103
2026-06-17T17:30:00+00:00,16020.1,16022.05,16019.65,16021.4,16020,16020.2,16021.9,16022.2,16019.5,16019.8,16021.2,16021.6,0.4,696.6700165
2026-06-17T17:45:00+00:00,16021.4,16022.55,16019.65,16020.3,16021.3,16021.5,16022.3,16022.8,16019.2,16020.1,16019.3,16021.3,2,1120.29002
2026-06-17T18:00:00+00:00,16020.25,16047.65,16019.85,16045.2,16019.3,16021.2,16047.4,16047.9,16018.8,16020.9,16045,16045.4,0.4,11477.31019
2026-06-17T18:15:00+00:00,16045.25,16047.6,16040,16046.5,16045.1,16045.4,16047.3,16047.9,16039.8,16040.2,16046.2,16046.8,0.6,6063.490088
2026-06-17T18:30:00+00:00,16046.3,16050.6,16033.3,16035.05,16046,16046.6,16050.5,16050.7,16033.1,16033.5,16034.9,16035.2,0.3,12357.75022
2026-06-17T18:45:00+00:00,16035.25,16049.9,16033.6,16049.25,16034.9,16035.6,16049.7,16050.1,16033.5,16033.7,16049.1,16049.4,0.3,8439.830165
2026-06-17T19:00:00+00:00,16049.35,16059.95,16046.95,16055.2,16049.2,16049.5,16059.8,16060.1,16046.7,16047.2,16055,16055.4,0.4,11229.81018
2026-06-17T19:15:00+00:00,16055.3,16069.55,16055,16069.35,16055,16055.6,16069.4,16069.7,16054.8,16055.2,16069.2,16069.5,0.3,13934.71025
2026-06-17T19:30:00+00:00,16069.3,16079.65,16068.6,16073.45,16069,16069.6,16079.5,16079.8,16068.5,16068.7,16073.2,16073.7,0.5,9178.110153
2026-06-17T19:45:00+00:00,16073.5,16077.3,16067.5,16073.15,16073.3,16073.7,16077.2,16077.4,16067.3,16067.7,16073,16073.3,0.3,6270.63009
2026-06-17T20:00:00+00:00,16073.05,16075.8,16070.15,16074.05,16072.9,16073.2,16075.6,16076,16070,16070.3,16073.8,16074.3,0.5,2494.290047
2026-06-17T20:15:00+00:00,16074.1,16075.15,16067.9,16068.4,16073.9,16074.3,16074.9,16075.4,16067.7,16068.1,16068.2,16068.6,0.4,1989.10003
2026-06-17T20:30:00+00:00,16068.35,16070.75,16066.15,16068.8,16068.1,16068.6,16070.5,16071,16065.9,16066.4,16068.5,16069.1,0.6,2439.150038
2026-06-17T20:45:00+00:00,16068.65,16069.7,16064.25,16065,16068.4,16068.9,16069.4,16070,16063.5,16065,16063.5,16066.5,3,2655.760049
2026-06-17T21:00:00+00:00,16064.6,16067.7,16063.65,16064.45,16063.2,16066,16063.6,16071.8,16061.3,16066,16061.7,16067.2,5.5,33.29999983
2026-06-17T21:15:00+00:00,16064.65,16065.85,16058.85,16059.05,16061.9,16067.4,16064.1,16067.6,16057.3,16060.4,16057.5,16060.6,3.1,211.0500041
2026-06-17T21:30:00+00:00,16059.05,16059.65,16057.7,16058.25,16057.6,16060.5,16058.8,16060.5,16056.7,16058.7,16057.3,16059.2,1.9,163.2000033
2026-06-17T21:45:00+00:00,16058.7,16067.65,16052,16059.05,16057.3,16060.1,16065.9,16069.4,16049.2,16054.8,16052.6,16065.5,12.9,1336.300014
2026-06-17T22:00:00+00:00,16059,16065.45,16056.6,16061.85,16052.4,16065.6,16064.5,16066.4,16052.4,16060.8,16061.6,16062.1,0.5,2208.170028
2026-06-17T22:15:00+00:00,16061.75,16064.9,16061.3,16062.1,16061.5,16062,16064.5,16065.3,16061,16061.6,16061.7,16062.5,0.8,1095.050025
2026-06-17T22:30:00+00:00,16061.95,16063.3,16061.8,16062.2,16061.4,16062.5,16063,16063.6,16061.4,16062.2,16061.8,16062.6,0.8,627.4400131
2026-06-17T22:45:00+00:00,16061.9,16062.15,16060.45,16061,16061.5,16062.3,16061.7,16062.6,16060,16060.9,16060.5,16061.5,1,672.0500066
2026-06-17T23:00:00+00:00,16061.1,16061.15,16054.2,16054.25,16060.7,16061.5,16060.8,16061.5,16053.9,16054.5,16054,16054.5,0.5,785.3700114
2026-06-17T23:15:00+00:00,16054.3,16058.9,16054.05,16058.7,16054.1,16054.5,16058.6,16059.2,16053.7,16054.4,16058.5,16058.9,0.4,903.0000091
2026-06-17T23:30:00+00:00,16058.75,16060.15,16056.95,16057.15,16058.6,16058.9,16059.9,16060.4,16056.7,16057.2,16057,16057.3,0.3,791.9900095
2026-06-17T23:45:00+00:00,16057.1,16062.45,16057.1,16060.8,16056.9,16057.3,16062.2,16062.7,16056.9,16057.3,16060.6,16061,0.4,1080.350021
2026-06-18T00:00:00+00:00,16060.5,16061.85,16053.6,16060.7,16060.4,16060.6,16061.6,16062.1,16053.3,16053.9,16060.5,16060.9,0.4,3131.900059
2026-06-18T00:15:00+00:00,16060.6,16064.6,16059.15,16064.2,16060.4,16060.8,16064.4,16064.8,16059,16059.3,16064,16064.4,0.4,1661.23003
2026-06-18T00:30:00+00:00,16064.3,16068.65,16062.85,16067.3,16064.1,16064.5,16068.5,16068.8,16062.6,16063.1,16067.1,16067.5,0.4,1303.650024
2026-06-18T00:45:00+00:00,16067.5,16075.05,16067.4,16070.05,16067.3,16067.7,16074.8,16075.3,16067.2,16067.6,16069.8,16070.3,0.5,3164.080066
2026-06-18T01:00:00+00:00,16069.95,16069.95,16066.55,16067.8,16069.6,16070.3,16069.6,16070.3,16066.3,16066.8,16067.4,16068.2,0.8,2281.210029
2026-06-18T01:15:00+00:00,16067.9,16068.2,16064.55,16065.45,16067.7,16068.1,16068.1,16068.3,16064.4,16064.7,16065.3,16065.6,0.3,1316.70002
2026-06-18T01:30:00+00:00,16065.2,16068.5,16063.95,16063.95,16065,16065.4,16068.4,16068.6,16063.8,16064.1,16063.8,16064.1,0.3,1180.570024
2026-06-18T01:45:00+00:00,16063.85,16065.4,16062.45,16063.55,16063.7,16064,16065.2,16065.6,16062.3,16062.6,16063.4,16063.7,0.3,1115.470019
2026-06-18T02:00:00+00:00,16063.65,16066.5,16061.5,16062.55,16063.6,16063.7,16066.3,16066.7,16061.3,16061.7,16062.4,16062.7,0.3,1128.180021
2026-06-18T02:15:00+00:00,16062.6,16064.1,16062,16062.25,16062.4,16062.8,16063.9,16064.3,16061.8,16062.2,16062.1,16062.4,0.3,967.1200185
2026-06-18T02:30:00+00:00,16062.4,16064.5,16057.8,16058.05,16062.2,16062.6,16064.3,16064.7,16057.5,16058.1,16057.7,16058.4,0.7,787.7700131
2026-06-18T02:45:00+00:00,16058.1,16059.45,16056.3,16058.3,16057.8,16058.4,16059.1,16059.8,16056.1,16056.5,16058.2,16058.4,0.2,1626.81003
2026-06-18T03:00:00+00:00,16058.2,16061.7,16057.95,16059.55,16057.9,16058.5,16061.5,16061.9,16057.8,16058.1,16059.4,16059.7,0.3,1653.030025
2026-06-18T03:15:00+00:00,16059.4,16059.4,16057.05,16058.45,16059.3,16059.5,16059.3,16059.5,16056.9,16057.2,16058.3,16058.6,0.3,1347.480024
2026-06-18T03:30:00+00:00,16058.35,16060.3,16057.6,16059,16058.2,16058.5,16060.1,16060.5,16057.4,16057.8,16058.8,16059.2,0.4,753.990011
2026-06-18T03:45:00+00:00,16059.1,16059.25,16057.9,16058.5,16058.9,16059.3,16059.1,16059.4,16057.7,16058.1,16058.3,16058.7,0.4,379.9500065
2026-06-18T04:00:00+00:00,16058.4,16059.45,16057.7,16059.45,16058.2,16058.6,16059.3,16059.6,16057.5,16057.9,16059.3,16059.6,0.3,551.2000092
2026-06-18T04:15:00+00:00,16059.65,16062.25,16059,16061.45,16059.5,16059.8,16062.1,16062.4,16058.9,16059.1,16061.3,16061.6,0.3,634.1400126
2026-06-18T04:30:00+00:00,16061.6,16062.25,16058.85,16059,16061.4,16061.8,16061.9,16062.6,16058.6,16059.1,16058.8,16059.2,0.4,616.9500071
2026-06-18T04:45:00+00:00,16059.05,16060.95,16058.85,16059.5,16058.9,16059.2,16060.8,16061.1,16058.7,16059,16059.3,16059.7,0.4,1095.360017
2026-06-18T05:00:00+00:00,16059.4,16060.95,16058.8,16059.7,16059.2,16059.6,16060.8,16061.1,16058.6,16059,16059.5,16059.9,0.4,1763.760019
2026-06-18T05:15:00+00:00,16059.8,16060.9,16058.3,16060.9,16059.6,16060,16060.6,16061.2,16058.1,16058.5,16060.6,16061.2,0.6,2072.850024
2026-06-18T05:30:00+00:00,16060.75,16061.95,16059,16060.7,16060.5,16061,16061.8,16062.1,16058.8,16059.2,16060.5,16060.9,0.4,1272.450022
2026-06-18T05:45:00+00:00,16060.85,16065.1,16060.75,16064.45,16060.6,16061.1,16064.8,16065.4,16060.6,16060.9,16064.2,16064.7,0.5,833.5900133
2026-06-18T06:00:00+00:00,16064.5,16064.6,16059.3,16061.1,16064.2,16064.8,16064.3,16064.9,16059.1,16059.5,16060.9,16061.3,0.4,2501.110034
2026-06-18T06:15:00+00:00,16061.15,16065.15,16060.55,16063.65,16060.9,16061.4,16064.9,16065.4,16060.3,16060.8,16063.4,16063.9,0.5,2006.250034
2026-06-18T06:30:00+00:00,16063.6,16067.6,16063.15,16063.3,16063.4,16063.8,16067.4,16067.8,16063,16063.3,16063.2,16063.4,0.2,1400.450024
2026-06-18T06:45:00+00:00,16063.4,16068.15,16063.05,16063.5,16063.2,16063.6,16068,16068.3,16062.9,16063.2,16063.4,16063.6,0.2,2173.250036
2026-06-18T07:00:00+00:00,16063.55,16063.55,16058,16060.35,16063.4,16063.7,16063.4,16063.7,16057.8,16058.2,16060.2,16060.5,0.3,2732.520046
2026-06-18T07:15:00+00:00,16060.4,16063.35,16059.5,16060.55,16060.2,16060.6,16063.1,16063.6,16059.4,16059.6,16060.3,16060.8,0.5,1673.880022
2026-06-18T07:30:00+00:00,16060.6,16068.3,16060.45,16060.55,16060.2,16061,16068.1,16068.5,16060.2,16060.7,16060.4,16060.7,0.3,2206.410034
2026-06-18T07:45:00+00:00,16060.5,16063.25,16057.4,16059.7,16060.3,16060.7,16063.1,16063.4,16057.1,16057.7,16059.5,16059.9,0.4,2381.800041
2026-06-18T08:00:00+00:00,16059.65,16062.2,16059.25,16061.8,16059.5,16059.8,16062,16062.4,16059.1,16059.4,16061.6,16062,0.4,1761.890033
2026-06-18T08:15:00+00:00,16061.7,16064.85,16061.4,16063.75,16061.6,16061.8,16064.7,16065,16061.2,16061.6,16063.6,16063.9,0.3,1172.900022
2026-06-18T08:30:00+00:00,16063.8,16069.85,16062.85,16069.6,16063.6,16064,16069.6,16070.1,16062.7,16063,16069.4,16069.8,0.4,1498.450026
2026-06-18T08:45:00+00:00,16069.85,16077.7,16068.8,16077.65,16069.7,16070,16077.5,16077.9,16068.6,16069,16077.4,16077.9,0.5,2163.230039
2026-06-18T09:00:00+00:00,16077.6,16079.85,16047.75,16070.55,16077.4,16077.8,16079.6,16080.1,16047.5,16048,16070.3,16070.8,0.5,9566.730154
2026-06-18T09:15:00+00:00,16070.65,16075.2,16066.8,16071.75,16070.4,16070.9,16075,16075.4,16066.6,16067,16071.6,16071.9,0.3,6248.450085
2026-06-18T09:30:00+00:00,16071.8,16075.65,16071.3,16072.85,16071.7,16071.9,16075.5,16075.8,16071.2,16071.4,16072.7,16073,0.3,3621.18005
2026-06-18T09:45:00+00:00,16072.75,16080.25,16072.25,16079.15,16072.4,16073.1,16080.2,16080.3,16072,16072.5,16078.9,16079.4,0.5,3007.740037
2026-06-18T10:00:00+00:00,16079.3,16089.2,16079,16084.85,16079.1,16079.5,16089,16089.4,16078.7,16079.3,16084.6,16085.1,0.5,4639.780062
2026-06-18T10:15:00+00:00,16084.4,16085.75,16075.1,16082.85,16084.3,16084.5,16085.5,16086,16074.8,16075.4,16082.7,16083,0.3,4188.200058
2026-06-18T10:30:00+00:00,16082.85,16089.95,16082,16089.95,16082.6,16083.1,16089.7,16090.2,16081.8,16082.2,16089.7,16090.2,0.5,1968.880031
2026-06-18T10:45:00+00:00,16089.9,16095,16088.95,16092.3,16089.7,16090.1,16094.9,16095.1,16088.8,16089.1,16092,16092.6,0.6,2104.200031
2026-06-18T11:00:00+00:00,16092.25,16095.15,16090.5,16094.2,16092,16092.5,16094.9,16095.4,16090.3,16090.7,16094,16094.4,0.4,3615.160045
2026-06-18T11:15:00+00:00,16094.25,16095.1,16089.85,16091.25,16093.9,16094.6,16094.9,16095.3,16089.6,16090.1,16091,16091.5,0.5,2613.480038
2026-06-18T11:30:00+00:00,16091.2,16093.5,16086.85,16093.25,16091,16091.4,16093.3,16093.7,16086.7,16087,16092.9,16093.6,0.7,2624.830035
2026-06-18T11:45:00+00:00,16093.15,16093.7,16091.2,16093.1,16092.9,16093.4,16093.5,16093.9,16091,16091.4,16092.9,16093.3,0.4,3452.260054
2026-06-18T12:00:00+00:00,16093.2,16094.5,16089.75,16090.25,16093,16093.4,16094.4,16094.6,16089.5,16090,16090,16090.5,0.5,3600.790042
2026-06-18T12:15:00+00:00,16090.35,16093,16083.3,16089.5,16090.1,16090.6,16092.8,16093.2,16083,16083.6,16089.1,16089.9,0.8,5666.250081
2026-06-18T12:30:00+00:00,16089.05,16092.45,16086.45,16091.35,16088.2,16089.9,16092.2,16092.7,16086.2,16086.7,16091.1,16091.6,0.5,3389.780042
2026-06-18T12:45:00+00:00,16091.25,16091.75,16087.05,16087.4,16091,16091.5,16091.5,16092,16086.8,16087.3,16087.2,16087.6,0.4,3497.920048
2026-06-18T13:00:00+00:00,16087.35,16092.9,16086.05,16087.75,16087.1,16087.6,16092.7,16093.1,16085.8,16086.3,16087.6,16087.9,0.3,3867.210057
2026-06-18T13:15:00+00:00,16088,16090.1,16083.9,16083.9,16087.9,16088.1,16089.8,16090.4,16083.8,16084,16083.8,16084,0.2,3775.970057
2026-06-18T13:30:00+00:00,16084,16086.2,16080.1,16085.85,16083.7,16084.3,16086,16086.4,16079.9,16080.3,16085.6,16086.1,0.5,5018.590078
2026-06-18T13:45:00+00:00,16085.95,16089.55,16083.3,16088.7,16085.7,16086.2,16089.3,16089.8,16083,16083.6,16088.5,16088.9,0.4,5076.99008
2026-06-18T14:00:00+00:00,16088.75,16091.45,16087,16087.25,16088.5,16089,16091.2,16091.7,16086.8,16087.2,16087,16087.5,0.5,4985.460053
2026-06-18T14:15:00+00:00,16087.35,16089.05,16084.95,16087.75,16087.1,16087.6,16088.8,16089.3,16084.7,16085.2,16087.5,16088,0.5,2678.860034
2026-06-18T14:30:00+00:00,16088,16089.95,16086.9,16087.75,16087.9,16088.1,16089.8,16090.1,16086.7,16087.1,16087.6,16087.9,0.3,2977.590039
2026-06-18T14:45:00+00:00,16088,16088.4,16084.05,16085.8,16087.9,16088.1,16088.2,16088.6,16083.8,16084.3,16085.6,16086,0.4,3701.340052
2026-06-18T15:00:00+00:00,16085.65,16089.45,16085.1,16089.35,16085.5,16085.8,16089.2,16089.7,16084.9,16085.3,16089.1,16089.6,0.5,4992.940066
2026-06-18T15:15:00+00:00,16089.15,16098.6,16088.75,16098.05,16089,16089.3,16098.4,16098.8,16088.5,16089,16097.8,16098.3,0.5,3787.550038
2026-06-18T15:30:00+00:00,16098.1,16109.75,16097.65,16107.9,16097.9,16098.3,16109.5,16110,16097.5,16097.8,16107.7,16108.1,0.4,5870.40008
2026-06-18T15:45:00+00:00,16107.85,16137.45,16107.8,16136.8,16107.6,16108.1,16137.1,16137.8,16107.6,16108,16136.7,16136.9,0.2,5784.110077
2026-06-18T16:00:00+00:00,16137.15,16137.45,16119.95,16130.25,16136.9,16137.4,16137.3,16137.6,16119.8,16120.1,16130,16130.5,0.5,8040.750111
2026-06-18T16:15:00+00:00,16130.3,16139.8,16126.2,16131.1,16130,16130.6,16139.5,16140.1,16125.9,16126.5,16130.8,16131.4,0.6,7711.920109
2026-06-18T16:30:00+00:00,16131.15,16134.65,16126.2,16129.75,16130.9,16131.4,16134.5,16134.8,16125.9,16126.5,16129.6,16129.9,0.3,5605.000082
2026-06-18T16:45:00+00:00,16129.8,16145.3,16129.2,16142.9,16129.7,16129.9,16145.2,16145.4,16129,16129.4,16142.6,16143.2,0.6,6358.960105
2026-06-18T17:00:00+00:00,16142.8,16145.7,16140.4,16141.35,16142.6,16143,16145.6,16145.8,16140.2,16140.6,16141.1,16141.6,0.5,3692.810063
2026-06-18T17:15:00+00:00,16141.4,16141.4,16133.8,16138.8,16141.2,16141.6,16141.2,16141.6,16133.6,16134,16138.7,16138.9,0.2,2838.000039
2026-06-18T17:30:00+00:00,16138.65,16143.15,16138.65,16141.6,16138.5,16138.8,16142.9,16143.4,16138.5,16138.8,16141.4,16141.8,0.4,2909.710036
2026-06-18T17:45:00+00:00,16141.65,16144.75,16140.25,16144.7,16141.4,16141.9,16144.6,16144.9,16140,16140.5,16144.5,16144.9,0.4,3156.58004
2026-06-18T18:00:00+00:00,16144.75,16145.55,16140.5,16141.15,16144.6,16144.9,16145.4,16145.7,16140.3,16140.7,16140.9,16141.4,0.5,4159.890035
2026-06-18T18:15:00+00:00,16141.1,16144.25,16140.65,16144.05,16140.9,16141.3,16144,16144.5,16140.5,16140.8,16143.8,16144.3,0.5,3120.560041
2026-06-18T18:30:00+00:00,16144.2,16149.15,16144.2,16147.55,16144,16144.4,16149,16149.3,16144,16144.4,16147.3,16147.8,0.5,2987.210034
2026-06-18T18:45:00+00:00,16147.45,16168.75,16146.6,16167.9,16147.3,16147.6,16168.5,16169,16146.4,16146.8,16167.7,16168.1,0.4,6421.040114
2026-06-18T19:00:00+00:00,16167.75,16181,16167.7,16172.6,16167.4,16168.1,16180.7,16181.3,16167.4,16168,16172.4,16172.8,0.4,10733.54011
2026-06-18T19:15:00+00:00,16172.55,16179.4,16171.9,16174.7,16172.3,16172.8,16179.1,16179.7,16171.7,16172.1,16174.4,16175,0.6,5618.470071
2026-06-18T19:30:00+00:00,16174.85,16174.85,16093.2,16143.3,16174.6,16175.1,16174.6,16175.1,16092.8,16093.6,16143,16143.6,0.6,15711.75028
2026-06-18T19:45:00+00:00,16143.25,16144.15,16128.55,16143.3,16143.1,16143.4,16143.8,16144.5,16128.3,16128.8,16143.1,16143.5,0.4,5664.440125
2026-06-18T20:00:00+00:00,16143,16146.2,16133.05,16135.4,16142.8,16143.2,16146,16146.4,16132.7,16133.4,16135,16135.8,0.8,2241.920038
2026-06-18T20:15:00+00:00,16135.5,16140.85,16135.2,16137.1,16135,16136,16140.5,16141.2,16134.8,16135.6,16136.8,16137.4,0.6,1286.700024
2026-06-18T20:30:00+00:00,16137.05,16141.45,16136.7,16140.9,16136.8,16137.3,16141.2,16141.7,16136.4,16137,16140.6,16141.2,0.6,870.8600152
2026-06-18T20:45:00+00:00,16140.75,16141.45,16137.25,16137.4,16140.5,16141,16141.1,16141.8,16136,16138.5,16136,16138.8,2.8,2057.440035
2026-06-18T21:00:00+00:00,16137,16141.35,16134.6,16138.25,16133.9,16140.1,16134.8,16147.9,16129.1,16140.1,16134.1,16142.4,8.3,273.1699998
2026-06-18T21:15:00+00:00,16140.5,16143.55,16137.75,16141.5,16134.1,16146.9,16140.2,16146.9,16134,16141.5,16138.7,16144.3,5.6,206.7600038
2026-06-18T21:30:00+00:00,16141.3,16141.4,16135.55,16136.85,16138.4,16144.2,16138.6,16144.2,16132.9,16138.2,16134.4,16139.3,4.9,281.9400077
2026-06-18T21:45:00+00:00,16136.9,16137.8,16133.15,16134.9,16134.4,16139.4,16135.6,16140,16130.5,16135.8,16132.2,16137.6,5.4,413.5500056
2026-06-18T22:00:00+00:00,16134.05,16143,16132.35,16134.15,16132,16136.1,16142,16144,16131.5,16133.2,16133.6,16134.7,1.1,1152.640008
2026-06-18T22:15:00+00:00,16134.25,16138.2,16134.2,16135.8,16133.7,16134.8,16137.8,16138.6,16133.7,16134.7,16135.4,16136.2,0.8,750.6400146
2026-06-18T22:30:00+00:00,16135.85,16135.95,16129.85,16130.2,16135.4,16136.3,16135.5,16136.4,16129.6,16130.1,16129.8,16130.6,0.8,529.3700109
2026-06-18T22:45:00+00:00,16130.3,16130.4,16117.8,16127.95,16129.9,16130.7,16130,16130.8,16117.4,16118.2,16127.6,16128.3,0.7,2495.750045
2026-06-18T23:00:00+00:00,16126.8,16133.5,16125.3,16130.7,16126.7,16126.9,16133.1,16133.9,16124.9,16125.7,16130.6,16130.8,0.2,1792.560036
2026-06-18T23:15:00+00:00,16130.45,16136.1,16129.15,16133.25,16130.4,16130.5,16135.8,16136.4,16128.9,16129.4,16132.7,16133.8,1.1,902.120013
2026-06-18T23:30:00+00:00,16133.2,16135.85,16128.4,16128.5,16132.6,16133.8,16135.5,16136.2,16128.1,16128.7,16128.2,16128.8,0.6,752.2200147
2026-06-18T23:45:00+00:00,16128.4,16134.6,16126.55,16129.8,16128.1,16128.7,16134.4,16134.8,16126.2,16126.9,16129.6,16130,0.4,1567.690028
2026-06-19T00:00:00+00:00,16130.1,16130.25,16122.75,16126.85,16129.8,16130.4,16130,16130.5,16122.5,16123,16126.5,16127.2,0.7,3807.590056
2026-06-19T00:15:00+00:00,16126.65,16126.7,16122.35,16123.25,16126.5,16126.8,16126.5,16126.9,16122.2,16122.5,16123,16123.5,0.5,2116.130038
2026-06-19T00:30:00+00:00,16123.35,16123.35,16101.55,16112.4,16123.1,16123.6,16123.1,16123.6,16101.2,16101.9,16112.2,16112.6,0.4,3663.540061
2026-06-19T00:45:00+00:00,16112.65,16115.55,16102.5,16110.7,16112.4,16112.9,16115.3,16115.8,16102.2,16102.8,16110.4,16111,0.6,6897.850102
2026-06-19T01:00:00+00:00,16110.55,16113.2,16098.8,16111.9,16110.3,16110.8,16112.9,16113.5,16098.6,16099,16111.6,16112.2,0.6,5500.860069
2026-06-19T01:15:00+00:00,16111.95,16114.7,16105.35,16107.5,16111.6,16112.3,16114.4,16115,16105.1,16105.6,16107.2,16107.8,0.6,4521.600069
2026-06-19T01:30:00+00:00,16107.4,16119.5,16107.25,16119.4,16107.1,16107.7,16119.3,16119.7,16107,16107.5,16119.2,16119.6,0.4,2271.160044
2026-06-19T01:45:00+00:00,16119.35,16121.15,16117.65,16119.8,16119.2,16119.5,16121,16121.3,16117.3,16118,16119.7,16119.9,0.2,2034.120028
2026-06-19T02:00:00+00:00,16119.85,16122.25,16116,16121.05,16119.7,16120,16122,16122.5,16115.8,16116.2,16120.8,16121.3,0.5,1576.460031
2026-06-19T02:15:00+00:00,16121.1,16122.45,16114.55,16117.85,16120.9,16121.3,16122.3,16122.6,16114.3,16114.8,16117.7,16118,0.3,1450.880032
2026-06-19T02:30:00+00:00,16117.8,16120.45,16110.65,16117.85,16117.6,16118,16120.3,16120.6,16110.3,16111,16117.6,16118.1,0.5,2484.190051
2026-06-19T02:45:00+00:00,16117.95,16124.3,16117.5,16123.05,16117.8,16118.1,16124.1,16124.5,16117.3,16117.7,16122.8,16123.3,0.5,2426.700032
2026-06-19T03:00:00+00:00,16123.25,16125.35,16120.45,16122.65,16123.1,16123.4,16125.1,16125.6,16120.2,16120.7,16122.4,16122.9,0.5,1325.910017
2026-06-19T03:15:00+00:00,16122.7,16130.35,16122.65,16130.05,16122.5,16122.9,16130,16130.7,16122.4,16122.9,16129.7,16130.4,0.7,1635.450029
2026-06-19T03:30:00+00:00,16130.1,16130.2,16126.9,16126.95,16129.9,16130.3,16130,16130.4,16126.7,16127.1,16126.8,16127.1,0.3,1803.930027
2026-06-19T03:45:00+00:00,16127,16134.55,16126.3,16134.55,16126.8,16127.2,16134.4,16134.7,16126.1,16126.5,16134.4,16134.7,0.3,1944.340029
2026-06-19T04:00:00+00:00,16134.7,16141.3,16134.7,16137.3,16134.5,16134.9,16141.1,16141.5,16134.5,16134.9,16137.1,16137.5,0.4,2040.780033
2026-06-19T04:15:00+00:00,16137.35,16140.15,16136.25,16138.55,16137.2,16137.5,16139.9,16140.4,16136.1,16136.4,16138.3,16138.8,0.5,1424.030019
2026-06-19T04:30:00+00:00,16138.45,16138.55,16135.75,16136.1,16138.2,16138.7,16138.4,16138.7,16135.5,16136,16135.9,16136.3,0.4,1627.440019
2026-06-19T04:45:00+00:00,16136.15,16138.75,16133.95,16137.75,16135.9,16136.4,16138.6,16138.9,16133.7,16134.2,16137.5,16138,0.5,1958.04004
2026-06-19T05:00:00+00:00,16137.8,16141,16133.85,16140.9,16137.6,16138,16140.8,16141.2,16133.6,16134.1,16140.7,16141.1,0.4,3138.390042
2026-06-19T05:15:00+00:00,16140.9,16145.8,16139.5,16140.1,16140.6,16141.2,16145.6,16146,16139.2,16139.8,16139.9,16140.3,0.4,1955.080038
2026-06-19T05:30:00+00:00,16139.95,16141.65,16137.45,16139.45,16139.7,16140.2,16141.4,16141.9,16137.2,16137.7,16139.3,16139.6,0.3,2071.350041
2026-06-19T05:45:00+00:00,16139.35,16140.2,16133.35,16134,16139.2,16139.5,16140,16140.4,16133.2,16133.5,16133.8,16134.2,0.4,2370.100028
2026-06-19T06:00:00+00:00,16134.05,16136.45,16130.1,16134.3,16133.7,16134.4,16136.2,16136.7,16129.9,16130.3,16134.1,16134.5,0.4,3947.740061
2026-06-19T06:15:00+00:00,16134.35,16138.75,16133.55,16134.95,16134.1,16134.6,16138.5,16139,16133.3,16133.8,16134.7,16135.2,0.5,3045.750036
2026-06-19T06:30:00+00:00,16134.9,16140.25,16133.1,16135.7,16134.7,16135.1,16140,16140.5,16132.9,16133.3,16135.5,16135.9,0.4,2857.590032
2026-06-19T06:45:00+00:00,16135.5,16136,16126.9,16127.55,16135.4,16135.6,16135.8,16136.2,16126.6,16127.2,16127.4,16127.7,0.3,3745.490033
2026-06-19T07:00:00+00:00,16127.65,16128.6,16124.05,16126.95,16127.4,16127.9,16128.4,16128.8,16123.8,16124.3,16126.8,16127.1,0.3,6359.250039
2026-06-19T07:15:00+00:00,16126.9,16135.2,16126.35,16130.3,16126.7,16127.1,16135,16135.4,16126.1,16126.6,16130.1,16130.5,0.4,5119.290021
2026-06-19T07:30:00+00:00,16130.75,16132.2,16129.2,16131.35,16130.7,16130.8,16132,16132.4,16129,16129.4,16131.2,16131.5,0.3,2436.650034
2026-06-19T07:45:00+00:00,16131.15,16134.65,16127.85,16131.95,16130.9,16131.4,16134.4,16134.9,16127.6,16128.1,16131.8,16132.1,0.3,3126.370034
2026-06-19T08:00:00+00:00,16131.9,16132.55,16124.1,16130.65,16131.7,16132.1,16132.3,16132.8,16123.8,16124.4,16130.5,16130.8,0.3,4368.820068
2026-06-19T08:15:00+00:00,16130.85,16131.4,16126.85,16130.55,16130.7,16131,16131.2,16131.6,16126.6,16127.1,16130.3,16130.8,0.5,2143.580035
2026-06-19T08:30:00+00:00,16130.45,16132,16128.1,16129.9,16130.2,16130.7,16131.8,16132.2,16127.9,16128.3,16129.7,16130.1,0.4,1881.610026
2026-06-19T08:45:00+00:00,16129.85,16130.9,16128.2,16128.7,16129.7,16130,16130.7,16131.1,16128,16128.4,16128.5,16128.9,0.4,1041.670014
2026-06-19T09:00:00+00:00,16128.65,16132.9,16127.95,16128.4,16128.4,16128.9,16132.8,16133,16127.8,16128.1,16128.2,16128.6,0.4,1708.420023
2026-06-19T09:15:00+00:00,16128.45,16130.15,16127.05,16128.6,16128.3,16128.6,16130,16130.3,16126.8,16127.3,16128.4,16128.8,0.4,1696.85002
2026-06-19T09:30:00+00:00,16128.65,16128.65,16123.6,16124.75,16128.4,16128.9,16128.4,16128.9,16123.4,16123.8,16124.6,16124.9,0.3,1809.140022
2026-06-19T09:45:00+00:00,16124.8,16127.25,16124.65,16126.3,16124.5,16125.1,16127.1,16127.4,16124.4,16124.9,16126.1,16126.5,0.4,1370.970021
2026-06-19T10:00:00+00:00,16126.4,16127.2,16124.25,16126.9,16126.2,16126.6,16127,16127.4,16124,16124.5,16126.7,16127.1,0.4,1027.720015
2026-06-19T10:15:00+00:00,16127,16132,16126.65,16130.35,16126.9,16127.1,16131.9,16132.1,16126.5,16126.8,16130.2,16130.5,0.3,1426.050023
2026-06-19T10:30:00+00:00,16130.25,16133.25,16129.1,16131.7,16130.1,16130.4,16133.1,16133.4,16128.9,16129.3,16131.5,16131.9,0.4,1040.270017
2026-06-19T10:45:00+00:00,16131.55,16131.95,16127.65,16127.95,16131.4,16131.7,16131.7,16132.2,16127.5,16127.8,16127.8,16128.1,0.3,1434.970027
2026-06-19T11:00:00+00:00,16128.05,16130.9,16126.65,16129.45,16127.9,16128.2,16130.6,16131.2,16126.5,16126.8,16129.2,16129.7,0.5,1643.890029
2026-06-19T11:15:00+00:00,16129.4,16129.55,16126.45,16129.5,16129.2,16129.6,16129.3,16129.8,16126.3,16126.6,16129.2,16129.8,0.6,1428.740018
2026-06-19T11:30:00+00:00,16129.6,16129.65,16126.15,16126.85,16129.3,16129.9,16129.4,16129.9,16126,16126.3,16126.7,16127,0.3,1080.550016
2026-06-19T11:45:00+00:00,16126.75,16126.95,16123.65,16125.9,16126.6,16126.9,16126.7,16127.2,16123.5,16123.8,16125.8,16126,0.2,893.4500144
2026-06-19T12:00:00+00:00,16125.8,16127.45,16121.55,16122.2,16125.6,16126,16127.3,16127.6,16121.4,16121.7,16121.9,16122.5,0.6,2113.52004
2026-06-19T12:15:00+00:00,16122.15,16127.5,16121.9,16127.3,16121.8,16122.5,16127.3,16127.7,16121.7,16122.1,16127,16127.6,0.6,1345.520012
2026-06-19T12:30:00+00:00,16127.05,16128.15,16124.45,16126.65,16126.9,16127.2,16127.9,16128.4,16124.3,16124.6,16126.5,16126.8,0.3,1939.740014
2026-06-19T12:45:00+00:00,16126.7,16127,16115.95,16116.95,16126.6,16126.8,16126.9,16127.1,16115.8,16116.1,16116.7,16117.2,0.5,5938.540085
2026-06-19T13:00:00+00:00,16116.75,16123.05,16115.65,16122.95,16116.5,16117,16122.8,16123.3,16115.5,16115.8,16122.8,16123.1,0.3,3761.780047
2026-06-19T13:15:00+00:00,16122.75,16126.95,16120.8,16125.25,16122.5,16123,16126.8,16127.1,16120.6,16121,16125.1,16125.4,0.3,1763.580024
2026-06-19T13:30:00+00:00,16125.35,16128.7,16125.25,16127.15,16125.3,16125.4,16128.5,16128.9,16125.1,16125.4,16127,16127.3,0.3,1813.970027
2026-06-19T13:45:00+00:00,16127,16130.2,16125.6,16129.7,16126.8,16127.2,16130,16130.4,16125.3,16125.9,16129.5,16129.9,0.4,2406.030038
2026-06-19T14:00:00+00:00,16129.85,16132.15,16128.5,16128.95,16129.8,16129.9,16132,16132.3,16128.2,16128.8,16128.8,16129.1,0.3,2321.030027
2026-06-19T14:15:00+00:00,16128.9,16129.4,16126.65,16127.65,16128.8,16129,16129.3,16129.5,16126.5,16126.8,16127.5,16127.8,0.3,1414.270021
2026-06-19T14:30:00+00:00,16127.6,16129.5,16127.4,16127.85,16127.4,16127.8,16129.3,16129.7,16127.2,16127.6,16127.7,16128,0.3,1342.560021
2026-06-19T14:45:00+00:00,16127.9,16129.1,16114.95,16116.4,16127.6,16128.2,16129,16129.2,16114.8,16115.1,16116.2,16116.6,0.4,5205.290063
2026-06-19T15:00:00+00:00,16116.65,16123,16113.25,16121.95,16116.5,16116.8,16122.8,16123.2,16113.1,16113.4,16121.7,16122.2,0.5,6090.030073
2026-06-19T15:15:00+00:00,16121.85,16126.8,16121.7,16126.55,16121.6,16122.1,16126.6,16127,16121.4,16122,16126.3,16126.8,0.5,2093.890023
2026-06-19T15:30:00+00:00,16126.65,16128.15,16125.95,16127.9,16126.4,16126.9,16128,16128.3,16125.7,16126.2,16127.7,16128.1,0.4,1313.520022
2026-06-19T15:45:00+00:00,16127.85,16130.9,16127.1,16130.65,16127.7,16128,16130.7,16131.1,16126.9,16127.3,16130.4,16130.9,0.5,1008.600015
2026-06-19T16:00:00+00:00,16130.6,16132.65,16129.6,16131.8,16130.4,16130.8,16132.4,16132.9,16129.4,16129.8,16131.5,16132.1,0.6,818.4600143
2026-06-19T16:15:00+00:00,16131.85,16132.95,16126.8,16127,16131.6,16132.1,16132.7,16133.2,16126.6,16127,16126.8,16127.2,0.4,810.0900122
2026-06-19T16:30:00+00:00,16126.75,16134.15,16126.7,16133.05,16126.6,16126.9,16133.9,16134.4,16126.5,16126.9,16132.7,16133.4,0.7,1095.740016
2026-06-19T16:45:00+00:00,16133.75,16133.9,16132.35,16133.5,16133.6,16133.9,16133.6,16134.2,16132.1,16132.6,16133.3,16133.7,0.4,1063.580014
2026-06-19T17:00:00+00:00,16133.8,16133.8,16132.15,16133.15,16133.4,16134.2,16133.4,16134.2,16131.9,16132.4,16132.9,16133.4,0.5,152.770003
2026-06-19T17:15:00+00:00,16133.1,16133.25,16131.65,16131.8,16132.9,16133.3,16133,16133.5,16131.4,16131.9,16131.7,16131.9,0.2,204.890003
2026-06-19T17:30:00+00:00,16131.7,16132.6,16130.6,16131,16131.4,16132,16132.5,16132.7,16130.5,16130.7,16130.7,16131.3,0.6,329.0200062
2026-06-19T17:45:00+00:00,16130.9,16130.9,16126.4,16127.3,16130.7,16131.1,16130.7,16131.1,16126.1,16126.7,16127.1,16127.5,0.4,524.5100119
2026-06-19T18:00:00+00:00,16127.15,16128.45,16125.65,16127.95,16127,16127.3,16128.2,16128.7,16125.4,16125.9,16127.7,16128.2,0.5,408.030007
2026-06-19T18:15:00+00:00,16128,16128,16126.3,16126.9,16127.8,16128.2,16127.8,16128.2,16126.1,16126.5,16126.7,16127.1,0.4,317.0200111
2026-06-19T18:30:00+00:00,16127,16127.65,16124.4,16124.45,16126.8,16127.2,16127.5,16127.8,16124.2,16124.6,16124.2,16124.7,0.5,135.3000022
2026-06-19T18:45:00+00:00,16124.2,16127.05,16123.1,16126.95,16124.1,16124.3,16126.8,16127.3,16123,16123.2,16126.7,16127.2,0.5,273.3700055
2026-06-19T19:00:00+00:00,16126.3,16126.35,16123.25,16126,16126.1,16126.5,16126.1,16126.6,16122.9,16123.6,16125.7,16126.3,0.6,618.5900185
2026-06-19T19:15:00+00:00,16125.85,16128.45,16125.85,16127.05,16125.6,16126.1,16128.2,16128.7,16125.6,16126.1,16126.8,16127.3,0.5,287.2900056
2026-06-19T19:30:00+00:00,16127,16127,16126.4,16126.75,16126.8,16127.2,16126.8,16127.2,16126.1,16126.7,16126.4,16127.1,0.7,80.38000214
2026-06-19T19:45:00+00:00,16126.8,16129.95,16126.8,16129.2,16126.4,16127.2,16129.4,16130.5,16126.4,16127.2,16128.9,16129.5,0.6,208.020005
2026-06-19T20:00:00+00:00,16129.3,16132.1,16124.65,16126.5,16129,16129.6,16131.2,16133,16123.5,16125.8,16125.9,16127.1,1.2,14953.14035
2026-06-19T20:15:00+00:00,16126.4,16132.9,16125.55,16130.9,16125.6,16127.2,16132.2,16133.6,16124.5,16126.6,16130.2,16131.6,1.4,6290.520159
2026-06-19T20:30:00+00:00,16131,16131.65,16126.15,16127.65,16130.3,16131.7,16130.9,16132.4,16125.5,16126.8,16126.2,16129.1,2.9,6673.800123
2026-06-19T20:45:00+00:00,16128.25,16134.1,16125.75,16131.3,16127.6,16128.9,16130.8,16137.4,16123.8,16127.7,16125.5,16137.1,11.6,3242.510087
2026-06-21T21:00:00+00:00,16125.75,16126.95,16125,16126.35,16122.5,16129,16122.8,16131.1,16121,16129,16122.3,16130.4,8.1,87.86000144
2026-06-21T21:15:00+00:00,16126.35,16127.55,16126.05,16126.6,16122.3,16130.4,16124.6,16130.5,16121.9,16130.2,16122.9,16130.3,7.4,118.5300002
2026-06-21T21:30:00+00:00,16126.65,16134.35,16126.45,16133,16122.9,16130.4,16131.9,16136.8,16122.8,16130.1,16131.1,16134.9,3.8,275.8700018
2026-06-21T21:45:00+00:00,16133,16133.05,16132.65,16132.95,16131.2,16134.8,16131.3,16134.8,16130.9,16134.4,16131.2,16134.7,3.5,100.1999997
2026-06-21T22:00:00+00:00,16133.25,16143.65,16132.75,16141.4,16131.4,16135.1,16143.1,16144.2,16131.4,16134.1,16140.2,16142.6,2.4,1724.940019
2026-06-21T22:15:00+00:00,16141.4,16142.7,16138.95,16141.8,16140.2,16142.6,16141.5,16143.9,16137.7,16140.2,16140.8,16142.8,2,1414.80001
2026-06-21T22:30:00+00:00,16141.75,16145.95,16141.45,16145.85,16140.7,16142.8,16145.5,16146.4,16140.6,16142.3,16145.4,16146.3,0.9,1937.090028
2026-06-21T22:45:00+00:00,16145.7,16145.9,16143.9,16145.05,16145.4,16146,16145.7,16146.1,16143.5,16144.3,16144.5,16145.6,1.1,1272.45004
2026-06-21T23:00:00+00:00,16145.15,16146.6,16141.85,16145.4,16144.7,16145.6,16146.3,16146.9,16141.7,16142,16145.2,16145.6,0.4,1079.400024
2026-06-21T23:15:00+00:00,16145.65,16145.8,16142.15,16144.25,16145.5,16145.8,16145.5,16146.1,16142,16142.3,16144,16144.5,0.5,1138.230017
2026-06-21T23:30:00+00:00,16144.3,16148.6,16143.6,16148.05,16144,16144.6,16148.4,16148.8,16143.3,16143.9,16147.8,16148.3,0.5,854.2200118
2026-06-21T23:45:00+00:00,16148,16151.7,16143,16144.15,16147.8,16148.2,16151.4,16152,16142.8,16143.2,16143.9,16144.4,0.5,2095.800023
2026-06-22T00:00:00+00:00,16144.1,16150.6,16141.95,16149,16143.9,16144.3,16150.3,16150.9,16141.7,16142.2,16148.8,16149.2,0.4,3270.870031
2026-06-22T00:15:00+00:00,16148.95,16149.45,16142.55,16146.05,16148.8,16149.1,16149.2,16149.7,16142.3,16142.8,16145.7,16146.4,0.7,3503.320033
2026-06-22T00:30:00+00:00,16146.1,16149.85,16144.85,16148.6,16145.9,16146.3,16149.7,16150,16144.6,16145.1,16148.4,16148.8,0.4,3434.900026
2026-06-22T00:45:00+00:00,16148.5,16156.9,16148.15,16149.7,16148.3,16148.7,16156.7,16157.1,16148,16148.3,16149.5,16149.9,0.4,3834.020068
2026-06-22T01:00:00+00:00,16149.8,16149.9,16143.75,16144.7,16149.6,16150,16149.7,16150.1,16143.5,16144,16144.4,16145,0.6,3634.600059
2026-06-22T01:15:00+00:00,16144.65,16149.55,16143.9,16146.85,16144.4,16144.9,16149.4,16149.7,16143.6,16144.2,16146.7,16147,0.3,2175.000042
2026-06-22T01:30:00+00:00,16146.7,16150.2,16145.45,16148.65,16146.5,16146.9,16150,16150.4,16145.3,16145.6,16148.4,16148.9,0.5,1639.220037
2026-06-22T01:45:00+00:00,16148.6,16154.8,16148.35,16153.7,16148.4,16148.8,16154.7,16154.9,16148.1,16148.6,16153.5,16153.9,0.4,1279.460022
2026-06-22T02:00:00+00:00,16153.8,16157.85,16153.6,16157.85,16153.5,16154.1,16157.6,16158.1,16153.4,16153.8,16157.6,16158.1,0.5,1115.570015
2026-06-22T02:15:00+00:00,16157.8,16160,16152.35,16156.3,16157.5,16158.1,16159.8,16160.2,16152.1,16152.6,16156.1,16156.5,0.4,2181.830034
2026-06-22T02:30:00+00:00,16156.35,16156.35,16151.9,16152.85,16156.2,16156.5,16156.2,16156.5,16151.6,16152.2,16152.6,16153.1,0.5,1042.190017
2026-06-22T02:45:00+00:00,16153.1,16154.5,16152.8,16153.8,16153,16153.2,16154.2,16154.8,16152.5,16153.1,16153.6,16154,0.4,1213.300021
2026-06-22T03:00:00+00:00,16153.55,16157.15,16153.25,16156.45,16153.4,16153.7,16156.9,16157.4,16153.1,16153.4,16156.3,16156.6,0.3,1285.360017
2026-06-22T03:15:00+00:00,16156.65,16157.8,16155,16157.7,16156.6,16156.7,16157.5,16158.1,16154.8,16155.2,16157.5,16157.9,0.4,1044.580016
2026-06-22T03:30:00+00:00,16158.2,16160.65,16157.65,16158,16158.1,16158.3,16160.4,16160.9,16157.5,16157.8,16157.8,16158.2,0.4,1067.630015
2026-06-22T03:45:00+00:00,16157.75,16159.2,16156.15,16158.8,16157.6,16157.9,16159,16159.4,16155.9,16156.4,16158.5,16159.1,0.6,896.8100097
2026-06-22T04:00:00+00:00,16158.7,16164.85,16158.55,16164.85,16158.5,16158.9,16164.6,16165.1,16158.3,16158.8,16164.6,16165.1,0.5,1281.100019
2026-06-22T04:15:00+00:00,16165.25,16166.75,16164,16165.85,16165.2,16165.3,16166.6,16166.9,16163.8,16164.2,16165.6,16166.1,0.5,992.230013
2026-06-22T04:30:00+00:00,16165.75,16167.6,16165.55,16166.6,16165.5,16166,16167.4,16167.8,16165.4,16165.7,16166.4,16166.8,0.4,879.1200157
2026-06-22T04:45:00+00:00,16166.55,16169.3,16165.7,16166.85,16166.4,16166.7,16169.1,16169.5,16165.5,16165.9,16166.6,16167.1,0.5,985.7200154
2026-06-22T05:00:00+00:00,16166.8,16168.45,16164.75,16166.7,16166.6,16167,16168.2,16168.7,16164.5,16165,16166.5,16166.9,0.4,1539.240018
2026-06-22T05:15:00+00:00,16166.65,16167.5,16164.65,16164.8,16166.4,16166.9,16167.3,16167.7,16164.4,16164.9,16164.6,16165,0.4,1841.890023
2026-06-22T05:30:00+00:00,16164.75,16166.2,16164.2,16166,16164.6,16164.9,16166,16166.4,16164,16164.4,16165.8,16166.2,0.4,1122.650013
2026-06-22T05:45:00+00:00,16165.95,16170.2,16165.7,16170.1,16165.8,16166.1,16170,16170.4,16165.5,16165.9,16169.9,16170.3,0.4,1577.550025
2026-06-22T06:00:00+00:00,16170,16171.2,16161.3,16165.6,16169.8,16170.2,16171,16171.4,16161.1,16161.5,16165.4,16165.8,0.4,4032.83005
2026-06-22T06:15:00+00:00,16165.65,16166.25,16163.05,16164.6,16165.5,16165.8,16166,16166.5,16162.8,16163.3,16164.4,16164.8,0.4,4530.660043
2026-06-22T06:30:00+00:00,16164.65,16171.5,16164.25,16167.35,16164.5,16164.8,16171.3,16171.7,16164,16164.5,16167.2,16167.5,0.3,2749.920034
2026-06-22T06:45:00+00:00,16167.25,16168.75,16165.4,16168.25,16167.1,16167.4,16168.5,16169,16165.1,16165.7,16168,16168.5,0.5,2431.190027
2026-06-22T07:00:00+00:00,16168.1,16170.9,16165.05,16169.2,16167.9,16168.3,16170.8,16171,16164.9,16165.2,16169,16169.4,0.4,3775.990044
2026-06-22T07:15:00+00:00,16169.3,16174.2,16168.25,16173.9,16169.1,16169.5,16174,16174.4,16168.1,16168.4,16173.7,16174.1,0.4,2303.050031
2026-06-22T07:30:00+00:00,16173.9,16176.75,16172.95,16176.6,16173.7,16174.1,16176.6,16176.9,16172.8,16173.1,16176.4,16176.8,0.4,1891.570031
2026-06-22T07:45:00+00:00,16176.65,16176.65,16173.45,16174.15,16176.5,16176.8,16176.5,16176.8,16173.3,16173.6,16174,16174.3,0.3,1413.180022
2026-06-22T08:00:00+00:00,16174.1,16177.9,16170.7,16177.6,16173.8,16174.4,16177.7,16178.1,16170.5,16170.9,16177.4,16177.8,0.4,2001.410039
2026-06-22T08:15:00+00:00,16177.85,16178.55,16172.5,16174.7,16177.7,16178,16178.4,16178.7,16172.2,16172.8,16174.5,16174.9,0.4,3014.870044
2026-06-22T08:30:00+00:00,16174.8,16177.45,16171.85,16176,16174.6,16175,16177.2,16177.7,16171.7,16172,16175.7,16176.3,0.6,3659.370056
2026-06-22T08:45:00+00:00,16175.95,16178.8,16175.95,16177.1,16175.7,16176.2,16178.6,16179,16175.7,16176.2,16177,16177.2,0.2,1878.410026
2026-06-22T09:00:00+00:00,16177,16177.5,16170.85,16172.35,16176.8,16177.2,16177.3,16177.7,16170.6,16171.1,16172.1,16172.6,0.5,3036.010036
2026-06-22T09:15:00+00:00,16172.3,16175.85,16172.25,16175,16172,16172.6,16175.6,16176.1,16172,16172.5,16174.8,16175.2,0.4,2799.010025
2026-06-22T09:30:00+00:00,16175.05,16175.9,16172.1,16175.65,16174.8,16175.3,16175.7,16176.1,16171.9,16172.3,16175.5,16175.8,0.3,3017.010033
2026-06-22T09:45:00+00:00,16175.55,16176.55,16171.7,16174.45,16175.3,16175.8,16176.4,16176.7,16171.5,16171.9,16174.2,16174.7,0.5,2317.29003
2026-06-22T10:00:00+00:00,16174.55,16175.05,16171.15,16172.2,16174.3,16174.8,16174.8,16175.3,16170.9,16171.4,16172,16172.4,0.4,2860.560037
2026-06-22T10:15:00+00:00,16172.25,16173.25,16165.6,16168.7,16172,16172.5,16173,16173.5,16165.4,16165.8,16168.5,16168.9,0.4,1683.730028
2026-06-22T10:30:00+00:00,16168.75,16174.2,16168.3,16172.6,16168.5,16169,16173.9,16174.5,16168.1,16168.5,16172.3,16172.9,0.6,1767.840024
2026-06-22T10:45:00+00:00,16172.6,16172.9,16171.05,16172.75,16172.3,16172.9,16172.7,16173.1,16170.8,16171.3,16172.6,16172.9,0.3,2061.26003
2026-06-22T11:00:00+00:00,16172.7,16174.7,16167.65,16171.95,16172.5,16172.9,16174.4,16175,16167.4,16167.9,16171.7,16172.2,0.5,4787.280055
2026-06-22T11:15:00+00:00,16172,16174.6,16171.35,16174.1,16171.9,16172.1,16174.4,16174.8,16171.1,16171.6,16173.9,16174.3,0.4,1839.960026
2026-06-22T11:30:00+00:00,16174.1,16174.15,16170.9,16172.9,16173.9,16174.3,16174,16174.3,16170.7,16171.1,16172.7,16173.1,0.4,1415.18002
2026-06-22T11:45:00+00:00,16172.9,16178.3,16172.3,16176.65,16172.7,16173.1,16178.1,16178.5,16172.1,16172.5,16176.4,16176.9,0.5,1484.710027
2026-06-22T12:00:00+00:00,16176.55,16178.4,16174.35,16176.5,16176.3,16176.8,16178.2,16178.6,16174.2,16174.5,16176.3,16176.7,0.4,3122.830044
2026-06-22T12:15:00+00:00,16176.55,16178.25,16173.55,16175.1,16176.4,16176.7,16178.1,16178.4,16173.4,16173.7,16174.9,16175.3,0.4,2781.070042
2026-06-22T12:30:00+00:00,16175.15,16175.85,16172.6,16175.4,16174.9,16175.4,16175.7,16176,16172.4,16172.8,16175.2,16175.6,0.4,2834.030045
2026-06-22T12:45:00+00:00,16175.5,16178.1,16173.3,16177.45,16175.2,16175.8,16177.9,16178.3,16173.2,16173.4,16177.3,16177.6,0.3,3118.420042
2026-06-22T13:00:00+00:00,16177.5,16180.15,16173.5,16178.1,16177.3,16177.7,16180,16180.3,16173.3,16173.7,16177.8,16178.4,0.6,8109.500116
2026-06-22T13:15:00+00:00,16178.2,16185.25,16177.85,16184.15,16178.1,16178.3,16185.1,16185.4,16177.7,16178,16184,16184.3,0.3,3707.530064
2026-06-22T13:30:00+00:00,16184.1,16188.6,16181.65,16186.95,16184,16184.2,16188.3,16188.9,16181.4,16181.9,16186.7,16187.2,0.5,6717.360075
2026-06-22T13:45:00+00:00,16186.95,16190.5,16184.65,16189.85,16186.6,16187.3,16190.4,16190.6,16184.4,16184.9,16189.6,16190.1,0.5,6050.210068
2026-06-22T14:00:00+00:00,16189.9,16192.75,16120.65,16169.6,16189.7,16190.1,16192.6,16192.9,16120.5,16120.8,16169.3,16169.9,0.6,14503.95019
2026-06-22T14:15:00+00:00,16169.55,16178.6,16165.8,16169.25,16169.2,16169.9,16178.3,16178.9,16165.6,16166,16168.9,16169.6,0.7,9813.070109
2026-06-22T14:30:00+00:00,16169.2,16175.9,16132.25,16151.25,16168.9,16169.5,16175.7,16176.1,16132.1,16132.4,16151,16151.5,0.5,9773.480123
2026-06-22T14:45:00+00:00,16151.5,16153.05,16107.55,16133,16151.3,16151.7,16152.7,16153.4,16107.1,16108,16132.8,16133.2,0.4,19040.76029
2026-06-22T15:00:00+00:00,16133.15,16136.15,16116.65,16120.55,16133,16133.3,16135.9,16136.4,16116.4,16116.9,16120.3,16120.8,0.5,13344.4002
2026-06-22T15:15:00+00:00,16120.6,16146.7,16116.75,16141,16120.4,16120.8,16146.5,16146.9,16116.6,16116.9,16140.8,16141.2,0.4,8435.250131
2026-06-22T15:30:00+00:00,16141.1,16145.2,16135.05,16141.6,16140.9,16141.3,16145,16145.4,16134.8,16135.3,16141.4,16141.8,0.4,4448.750077
2026-06-22T15:45:00+00:00,16141.65,16154.7,16141.6,16150.75,16141.5,16141.8,16154.6,16154.8,16141.4,16141.8,16150.6,16150.9,0.3,5928.26011
2026-06-22T16:00:00+00:00,16150.8,16159.7,16147.7,16157.2,16150.6,16151,16159.5,16159.9,16147.6,16147.8,16156.8,16157.6,0.8,4501.150072
2026-06-22T16:15:00+00:00,16157.2,16165,16152.8,16157,16157,16157.4,16164.8,16165.2,16152.6,16153,16156.8,16157.2,0.4,3960.080069
2026-06-22T16:30:00+00:00,16157.05,16158.9,16149.65,16156.3,16156.9,16157.2,16158.7,16159.1,16149.5,16149.8,16156.1,16156.5,0.4,2171.720039
2026-06-22T16:45:00+00:00,16156.4,16157.5,16153.45,16155.6,16156.2,16156.6,16157.3,16157.7,16153.3,16153.6,16155.4,16155.8,0.4,3248.700057
2026-06-22T17:00:00+00:00,16155.55,16156.5,16149.65,16153.3,16155.3,16155.8,16156.3,16156.7,16149.4,16149.9,16153.1,16153.5,0.4,3905.410058
2026-06-22T17:15:00+00:00,16153.35,16154.4,16148.6,16151.85,16153.1,16153.6,16154.1,16154.7,16148.4,16148.8,16151.6,16152.1,0.5,1667.020028
2026-06-22T17:30:00+00:00,16151.95,16156.6,16151.9,16154.35,16151.7,16152.2,16156.4,16156.8,16151.7,16152.1,16154.1,16154.6,0.5,2734.040036
2026-06-22T17:45:00+00:00,16154.45,16154.85,16149.8,16150.15,16154.2,16154.7,16154.7,16155,16149.6,16150,16150,16150.3,0.3,1477.360022
2026-06-22T18:00:00+00:00,16150.1,16152.55,16149.35,16149.6,16149.9,16150.3,16152.3,16152.8,16149.1,16149.6,16149.4,16149.8,0.4,1397.270023
2026-06-22T18:15:00+00:00,16149.65,16152.15,16148.75,16150.7,16149.4,16149.9,16151.9,16152.4,16148.6,16148.9,16150.4,16151,0.6,2758.940031
2026-06-22T18:30:00+00:00,16150.55,16150.95,16142.35,16143,16150.3,16150.8,16150.8,16151.1,16142.2,16142.5,16142.9,16143.1,0.2,1474.200025
2026-06-22T18:45:00+00:00,16143.05,16146.6,16140.15,16142.05,16142.9,16143.2,16146.4,16146.8,16140,16140.3,16141.8,16142.3,0.5,3585.620045
2026-06-22T19:00:00+00:00,16142.1,16157.85,16142.1,16156.2,16141.9,16142.3,16157.7,16158,16141.9,16142.3,16156,16156.4,0.4,2121.790029
2026-06-22T19:15:00+00:00,16155.95,16163.3,16155.8,16163.3,16155.8,16156.1,16163.1,16163.5,16155.6,16156,16163.1,16163.5,0.4,2937.580046
2026-06-22T19:30:00+00:00,16163.25,16167.9,16161.65,16167.35,16163,16163.5,16167.7,16168.1,16161.5,16161.8,16167.1,16167.6,0.5,2575.420035
2026-06-22T19:45:00+00:00,16167.4,16169.05,16160.1,16160.5,16167.2,16167.6,16168.8,16169.3,16159.9,16160.3,16160.3,16160.7,0.4,2351.73004
2026-06-22T20:00:00+00:00,16160.4,16160.85,16158.05,16159.4,16160.2,16160.6,16160.6,16161.1,16157.8,16158.3,16159.2,16159.6,0.4,1002.620016
2026-06-22T20:15:00+00:00,16159.65,16161.5,16156.4,16159,16159.4,16159.9,16161.2,16161.8,16156.1,16156.7,16158.7,16159.3,0.6,1818.630021
2026-06-22T20:30:00+00:00,16159.2,16160.65,16159.1,16159.6,16159,16159.4,16160.4,16160.9,16158.9,16159.3,16159.3,16159.9,0.6,1230.330025
2026-06-22T20:45:00+00:00,16159.85,16161.5,16156.15,16156.15,16159.7,16160,16161.2,16161.8,16153.8,16158.5,16153.8,16158.5,4.7,2503.600022
2026-06-22T21:00:00+00:00,16156.45,16157.35,16153.1,16154.9,16153.4,16159.5,16153.4,16161.3,16147.8,16158.4,16151.4,16158.4,7,74.98000002
2026-06-22T21:15:00+00:00,16154.85,16155.8,16154.45,16154.9,16151.3,16158.4,16152.8,16158.8,16151.3,16157.6,16152.2,16157.6,5.4,239.8500009
2026-06-22T21:30:00+00:00,16154.65,16156.25,16154.4,16154.95,16151.6,16157.7,16152.7,16159.8,16151.3,16157.5,16151.7,16158.2,6.5,826.59001
2026-06-22T21:45:00+00:00,16155.05,16156.55,16153.8,16155.65,16151.9,16158.2,16153.7,16159.4,16151.6,16156,16151.9,16159.4,7.5,542.4000149
2026-06-22T22:00:00+00:00,16155.75,16161.2,16154.05,16160.2,16152.1,16159.4,16160.6,16161.8,16152,16156.1,16159.8,16160.6,0.8,805.2300097
2026-06-22T22:15:00+00:00,16160.1,16163.85,16160.1,16161.25,16159.7,16160.5,16163.6,16164.1,16159.7,16160.5,16160.8,16161.7,0.9,872.5100178
2026-06-22T22:30:00+00:00,16161.15,16161.35,16159.65,16159.75,16160.8,16161.5,16161.1,16161.6,16159.3,16160,16159.3,16160.2,0.9,505.3500072
2026-06-22T22:45:00+00:00,16159.8,16160.25,16154.15,16158.1,16159.5,16160.1,16159.9,16160.6,16153.9,16154.4,16157.7,16158.5,0.8,816.0000135
2026-06-22T23:00:00+00:00,16158.25,16158.35,16155.65,16157.25,16157.8,16158.7,16158,16158.7,16155.4,16155.9,16157,16157.5,0.5,619.4900092
2026-06-22T23:15:00+00:00,16157.1,16158.75,16155.75,16157.5,16156.9,16157.3,16158.5,16159,16155.5,16156,16157.3,16157.7,0.4,372.520007
2026-06-22T23:30:00+00:00,16157.75,16158.4,16155.7,16158.15,16157.6,16157.9,16158.1,16158.7,16155.4,16156,16157.8,16158.5,0.7,431.0100074
2026-06-22T23:45:00+00:00,16157.95,16158.85,16155.55,16157.8,16157.5,16158.4,16158.6,16159.1,16155.3,16155.8,16157.6,16158,0.4,869.8800117
2026-06-23T00:00:00+00:00,16157.75,16159,16152.65,16155.9,16157.5,16158,16158.7,16159.3,16152.5,16152.8,16155.7,16156.1,0.4,3098.60005
2026-06-23T00:15:00+00:00,16155.85,16158.2,16154.7,16155.4,16155.6,16156.1,16157.9,16158.5,16154.5,16154.9,16155.2,16155.6,0.4,2230.090034
2026-06-23T00:30:00+00:00,16155.35,16160.1,16154.4,16159.2,16155.1,16155.6,16159.9,16160.3,16154.1,16154.7,16159,16159.4,0.4,1818.920032
2026-06-23T00:45:00+00:00,16159.35,16163.45,16152.55,16157.95,16159.1,16159.6,16163.2,16163.7,16152.4,16152.7,16157.7,16158.2,0.5,5938.540085
2026-06-23T01:00:00+00:00,16157.8,16159.25,16155.75,16157.65,16157.5,16158.1,16159,16159.5,16155.5,16156,16157.3,16158,0.7,1686.750027
2026-06-23T01:15:00+00:00,16157.6,16159.15,16155.75,16157.5,16157.3,16157.9,16158.9,16159.4,16155.6,16155.9,16157.3,16157.7,0.4,1961.360019
2026-06-23T01:30:00+00:00,16157.3,16159.5,16157.3,16158.8,16157.1,16157.5,16159.3,16159.7,16157.1,16157.5,16158.6,16159,0.4,1650.380019
2026-06-23T01:45:00+00:00,16158.8,16160.55,16158.7,16159,16158.6,16159,16160.4,16160.7,16158.5,16158.9,16158.8,16159.2,0.4,1143.090014
2026-06-23T02:00:00+00:00,16158.95,16159,16154.55,16154.55,16158.8,16159.1,16158.8,16159.2,16154.3,16154.8,16154.3,16154.8,0.5,2070.240025
2026-06-23T02:15:00+00:00,16154.55,16155.85,16152.45,16155.65,16154.3,16154.8,16155.6,16156.1,16152.3,16152.6,16155.4,16155.9,0.5,1088.440013
2026-06-23T02:30:00+00:00,16155.5,16155.75,16153.2,16154.75,16155.3,16155.7,16155.6,16155.9,16153,16153.4,16154.6,16154.9,0.3,2070.760021
2026-06-23T02:45:00+00:00,16155,16159.75,16155,16158.25,16154.8,16155.2,16159.5,16160,16154.8,16155.2,16158,16158.5,0.5,2446.200014
2026-06-23T03:00:00+00:00,16158.3,16159.1,16156.25,16158.95,16158.1,16158.5,16158.9,16159.3,16156,16156.5,16158.7,16159.2,0.5,789.3000094
2026-06-23T03:15:00+00:00,16158.9,16160.6,16157,16159.4,16158.7,16159.1,16160.4,16160.8,16156.8,16157.2,16159.2,16159.6,0.4,1193.020017
2026-06-23T03:30:00+00:00,16159.55,16160.2,16153.95,16155.6,16159.4,16159.7,16160,16160.4,16153.7,16154.2,16155.4,16155.8,0.4,963.050017
2026-06-23T03:45:00+00:00,16155.55,16156.95,16155.15,16155.55,16155.2,16155.9,16156.8,16157.1,16155.1,16155.2,16155.3,16155.8,0.5,929.8100147
2026-06-23T04:00:00+00:00,16155.5,16158.95,16155.3,16158.95,16155.3,16155.7,16158.8,16159.1,16155.1,16155.5,16158.8,16159.1,0.3,958.3500149
2026-06-23T04:15:00+00:00,16158.85,16159.35,16157.15,16157.75,16158.7,16159,16159.2,16159.5,16157,16157.3,16157.6,16157.9,0.3,455.8500097
2026-06-23T04:30:00+00:00,16157.7,16160.25,16157.7,16159.65,16157.5,16157.9,16160.1,16160.4,16157.5,16157.9,16159.4,16159.9,0.5,1052.56001
2026-06-23T04:45:00+00:00,16159.6,16161.4,16158.7,16161.1,16159.4,16159.8,16161.3,16161.5,16158.5,16158.9,16160.9,16161.3,0.4,848.7600135
2026-06-23T05:00:00+00:00,16161.2,16163,16160,16161.85,16161,16161.4,16162.8,16163.2,16159.8,16160.2,16161.6,16162.1,0.5,1807.500024
2026-06-23T05:15:00+00:00,16161.9,16162.1,16159,16160.55,16161.7,16162.1,16161.8,16162.4,16158.8,16159.2,16160.3,16160.8,0.5,1770.200023
2026-06-23T05:30:00+00:00,16160.65,16163.3,16160.1,16161.95,16160.4,16160.9,16163.1,16163.5,16160,16160.2,16161.8,16162.1,0.3,2779.950032
2026-06-23T05:45:00+00:00,16161.9,16168.7,16161.85,16165.25,16161.8,16162,16168.5,16168.9,16161.7,16162,16165,16165.5,0.5,3494.780045
2026-06-23T06:00:00+00:00,16165.15,16168.25,16165,16166.8,16165,16165.3,16168,16168.5,16164.8,16165.2,16166.6,16167,0.4,3935.610038
2026-06-23T06:15:00+00:00,16166.95,16174.15,16166.25,16172.55,16166.7,16167.2,16173.9,16174.4,16166,16166.5,16172.3,16172.8,0.5,3465.320048
2026-06-23T06:30:00+00:00,16172.65,16173.85,16168.3,16169.7,16172.4,16172.9,16173.7,16174,16168.2,16168.4,16169.4,16170,0.6,3395.260053
2026-06-23T06:45:00+00:00,16169.8,16169.8,16164.2,16164.45,16169.6,16170,16169.6,16170,16164,16164.4,16164.2,16164.7,0.5,3573.720036
2026-06-23T07:00:00+00:00,16164.35,16166.05,16132.45,16157.65,16164.1,16164.6,16165.9,16166.2,16132.1,16132.8,16157.4,16157.9,0.5,13379.04019
2026-06-23T07:15:00+00:00,16157.6,16157.7,16138.95,16147.05,16157.4,16157.8,16157.4,16158,16138.7,16139.2,16146.8,16147.3,0.5,6267.740084
2026-06-23T07:30:00+00:00,16147.1,16154.65,16142.8,16151.25,16146.8,16147.4,16154.5,16154.8,16142.7,16142.9,16151,16151.5,0.5,4604.360088
2026-06-23T07:45:00+00:00,16151.2,16152.15,16143.3,16146.7,16151,16151.4,16152,16152.3,16143.1,16143.5,16146.5,16146.9,0.4,4252.720066
2026-06-23T08:00:00+00:00,16146.3,16148.55,16127.3,16139.85,16146.1,16146.5,16148.4,16148.7,16127,16127.6,16139.7,16140,0.3,7805.400121
2026-06-23T08:15:00+00:00,16139.95,16144.45,16136.55,16142.2,16139.8,16140.1,16144.2,16144.7,16136.3,16136.8,16141.9,16142.5,0.6,3918.850063
2026-06-23T08:30:00+00:00,16142.35,16148.1,16139.95,16145.2,16142.1,16142.6,16147.9,16148.3,16139.7,16140.2,16145,16145.4,0.4,2979.030037
2026-06-23T08:45:00+00:00,16145.3,16146.8,16140.55,16143.5,16145.1,16145.5,16146.6,16147,16140.4,16140.7,16143.3,16143.7,0.4,2075.590032
2026-06-23T09:00:00+00:00,16143.6,16146.75,16134.3,16138.4,16143.5,16143.7,16146.5,16147,16134.2,16134.4,16138.2,16138.6,0.4,3415.020053
2026-06-23T09:15:00+00:00,16138.3,16143.85,16138.2,16142.2,16138.2,16138.4,16143.6,16144.1,16138,16138.4,16142,16142.4,0.4,2203.910028
2026-06-23T09:30:00+00:00,16142.25,16144.8,16138.75,16142.6,16142.1,16142.4,16144.6,16145,16138.5,16139,16142.4,16142.8,0.4,1876.44003
2026-06-23T09:45:00+00:00,16142.5,16143.05,16138.1,16138.6,16142.4,16142.6,16142.8,16143.3,16138,16138.2,16138.4,16138.8,0.4,1858.220028
2026-06-23T10:00:00+00:00,16138.75,16142.6,16138.4,16140.2,16138.5,16139,16142.4,16142.8,16138.2,16138.6,16140,16140.4,0.4,2625.650036
2026-06-23T10:15:00+00:00,16140,16140.35,16136.4,16137.9,16139.9,16140.1,16140.1,16140.6,16136.2,16136.6,16137.7,16138.1,0.4,1488.980025
2026-06-23T10:30:00+00:00,16137.8,16142.05,16135.2,16142,16137.5,16138.1,16141.9,16142.2,16135.1,16135.3,16141.9,16142.1,0.2,1750.970033
2026-06-23T10:45:00+00:00,16142.05,16148.05,16141.5,16145.35,16141.9,16142.2,16147.9,16148.2,16141.3,16141.7,16145.1,16145.6,0.5,2055.940039
2026-06-23T11:00:00+00:00,16145.25,16148.65,16144.45,16146.7,16145.1,16145.4,16148.5,16148.8,16144.2,16144.7,16146.5,16146.9,0.4,1582.940027
2026-06-23T11:15:00+00:00,16146.5,16150.8,16143.3,16150.75,16146.3,16146.7,16150.6,16151,16143.1,16143.5,16150.5,16151,0.5,2845.460032
2026-06-23T11:30:00+00:00,16150.7,16160.4,16150.7,16158.55,16150.5,16150.9,16160.3,16160.5,16150.5,16150.9,16158.3,16158.8,0.5,2872.950033
2026-06-23T11:45:00+00:00,16158.45,16161.55,16157.95,16159.1,16158.2,16158.7,16161.3,16161.8,16157.7,16158.2,16158.9,16159.3,0.4,2394.75004
2026-06-23T12:00:00+00:00,16159.05,16160.85,16149.7,16152.85,16158.9,16159.2,16160.7,16161,16149.5,16149.9,16152.6,16153.1,0.5,2795.170044
2026-06-23T12:15:00+00:00,16152.95,16154.15,16148.55,16149.6,16152.8,16153.1,16153.9,16154.4,16148.3,16148.8,16149.4,16149.8,0.4,3542.180045
2026-06-23T12:30:00+00:00,16149.75,16152.1,16144.7,16151.8,16149.5,16150,16151.9,16152.3,16144.5,16144.9,16151.7,16151.9,0.2,2904.710042
2026-06-23T12:45:00+00:00,16151.9,16156.45,16150.05,16155.7,16151.8,16152,16156.2,16156.7,16149.8,16150.3,16155.5,16155.9,0.4,2895.08004
2026-06-23T13:00:00+00:00,16155.75,16158.15,16152,16155.95,16155.6,16155.9,16158,16158.3,16151.8,16152.2,16155.7,16156.2,0.5,3572.410053
2026-06-23T13:15:00+00:00,16155.8,16156.45,16150.6,16150.8,16155.6,16156,16156.2,16156.7,16150.4,16150.8,16150.5,16151.1,0.6,2676.38004
2026-06-23T13:30:00+00:00,16150.7,16152.9,16146.8,16147.95,16150.6,16150.8,16152.6,16153.2,16146.6,16147,16147.4,16148.5,1.1,4056.760061
2026-06-23T13:45:00+00:00,16148,16153.4,16147.1,16152.55,16147.4,16148.6,16153.2,16153.6,16146.9,16147.3,16152.3,16152.8,0.5,2893.830047
2026-06-23T14:00:00+00:00,16152.15,16156.3,16148.8,16155.55,16151.9,16152.4,16156.1,16156.5,16148.6,16149,16155.4,16155.7,0.3,4263.170048
2026-06-23T14:15:00+00:00,16155.7,16158.5,16153.75,16158.05,16155.5,16155.9,16158.3,16158.7,16153.6,16153.9,16157.9,16158.2,0.3,3457.910035
2026-06-23T14:30:00+00:00,16157.95,16158,16154.35,16155.75,16157.8,16158.1,16157.9,16158.1,16154.1,16154.6,16155.6,16155.9,0.3,3130.75004
2026-06-23T14:45:00+00:00,16155.8,16158.3,16151.1,16154.4,16155.6,16156,16158.1,16158.5,16150.9,16151.3,16154.2,16154.6,0.4,4068.290051
2026-06-23T15:00:00+00:00,16154.45,16158.7,16154.2,16155.4,16154.3,16154.6,16158.5,16158.9,16154,16154.4,16155.2,16155.6,0.4,2536.860027
2026-06-23T15:15:00+00:00,16155.3,16158.35,16153.2,16154.3,16155.1,16155.5,16158.2,16158.5,16153,16153.4,16154.1,16154.5,0.4,2392.220034
2026-06-23T15:30:00+00:00,16154.15,16154.4,16150.6,16151.7,16153.9,16154.4,16154.2,16154.6,16150.4,16150.8,16151.5,16151.9,0.4,2720.670036
2026-06-23T15:45:00+00:00,16151.6,16157.35,16150.9,16155,16151.4,16151.8,16157.1,16157.6,16150.6,16151.2,16154.8,16155.2,0.4,1560.070024
2026-06-23T16:00:00+00:00,16155.15,16158.65,16155,16155.05,16155,16155.3,16158.5,16158.8,16154.8,16155.2,16154.9,16155.2,0.3,725.4100131
2026-06-23T16:15:00+00:00,16155,16157.8,16154.15,16157.65,16154.8,16155.2,16157.6,16158,16154,16154.3,16157.5,16157.8,0.3,947.5900146
2026-06-23T16:30:00+00:00,16157.75,16158.05,16154.15,16154.35,16157.6,16157.9,16157.9,16158.2,16153.9,16154.4,16154.2,16154.5,0.3,800.8300122
2026-06-23T16:45:00+00:00,16154.4,16160.05,16154.4,16159.75,16154.2,16154.6,16159.9,16160.2,16154.2,16154.6,16159.6,16159.9,0.3,893.8500171
2026-06-23T17:00:00+00:00,16159.85,16161,16158.4,16160.4,16159.7,16160,16160.8,16161.2,16158.2,16158.6,16160.1,16160.7,0.6,1057.900017
2026-06-23T17:15:00+00:00,16160.35,16162,16159.95,16160.5,16160.2,16160.5,16161.8,16162.2,16159.7,16160.2,16160.4,16160.6,0.2,922.9200171
2026-06-23T17:30:00+00:00,16160.55,16161.35,16155.65,16155.9,16160.4,16160.7,16161.2,16161.5,16155.5,16155.8,16155.8,16156,0.2,2530.590038
2026-06-23T17:45:00+00:00,16155.95,16159.3,16154.65,16155.95,16155.8,16156.1,16159.1,16159.5,16154.5,16154.8,16155.8,16156.1,0.3,1952.210024
2026-06-23T18:00:00+00:00,16155.9,16157.5,16155.5,16157.25,16155.8,16156,16157.3,16157.7,16155.3,16155.7,16157.1,16157.4,0.3,1150.040017
2026-06-23T18:15:00+00:00,16157.15,16158.65,16156.6,16157.95,16157,16157.3,16158.4,16158.9,16156.4,16156.8,16157.7,16158.2,0.5,634.6600118
2026-06-23T18:30:00+00:00,16158,16159.6,16155.7,16156.85,16157.7,16158.3,16159.4,16159.8,16155.5,16155.9,16156.8,16156.9,0.1,1063.52002
2026-06-23T18:45:00+00:00,16156.8,16158.2,16154.6,16156.85,16156.7,16156.9,16158,16158.4,16154.4,16154.8,16156.6,16157.1,0.5,1918.730026
2026-06-23T19:00:00+00:00,16156.8,16157.35,16155,16155.25,16156.6,16157,16157.1,16157.6,16154.8,16155.2,16155,16155.5,0.5,1530.660015
2026-06-23T19:15:00+00:00,16155.3,16156.95,16154.4,16155.3,16155.1,16155.5,16156.7,16157.2,16154.2,16154.6,16155.1,16155.5,0.4,986.2600137
2026-06-23T19:30:00+00:00,16155.25,16155.3,16151.35,16154.25,16155.1,16155.4,16155.1,16155.5,16151.1,16151.6,16154,16154.5,0.5,1086.750016
2026-06-23T19:45:00+00:00,16154.3,16157.8,16152.8,16157.8,16154,16154.6,16157.7,16157.9,16152.6,16153,16157.7,16157.9,0.2,2010.22003
2026-06-23T20:00:00+00:00,16157.9,16161.2,16157.15,16159.1,16157.7,16158.1,16161,16161.4,16156.9,16157.4,16158.9,16159.3,0.4,1957.970024
2026-06-23T20:15:00+00:00,16159.15,16160.25,16157.25,16157.3,16158.9,16159.4,16160,16160.5,16157,16157.5,16157,16157.6,0.6,493.3900088
2026-06-23T20:30:00+00:00,16157.4,16159.1,16157.4,16159.05,16157.1,16157.7,16158.8,16159.4,16157.1,16157.7,16158.8,16159.3,0.5,240.0000037
2026-06-23T20:45:00+00:00,16159,16159.5,16156.05,16156.3,16158.7,16159.3,16159.2,16159.8,16154.4,16157.7,16154.4,16158.2,3.8,944.9200085
2026-06-23T21:00:00+00:00,16157.2,16157.5,16149.95,16151.05,16154.4,16160,16154.4,16160.6,16145.8,16154.1,16148,16154.1,6.1,161.4799994
2026-06-23T21:15:00+00:00,16151.1,16154.5,16150.25,16154.25,16148.1,16154.1,16152.5,16156.5,16148.1,16152.4,16152.5,16156,3.5,286.2000039
2026-06-23T21:30:00+00:00,16154.3,16155,16152.3,16153.4,16152.5,16156.1,16152.9,16157.1,16149.9,16154.7,16151,16155.8,4.8,391.9200088
2026-06-23T21:45:00+00:00,16153.35,16157.2,16150.75,16154.15,16151.1,16155.6,16155.3,16159.1,16148.5,16153,16152,16156.3,4.3,364.2600067
2026-06-23T22:00:00+00:00,16154.05,16160.65,16153.8,16158.15,16152,16156.1,16160.2,16161.1,16152,16155.6,16157.7,16158.6,0.9,466.2200025
2026-06-23T22:15:00+00:00,16157.8,16158.5,16156.5,16157.6,16157.4,16158.2,16158.2,16158.8,16156.1,16156.9,16157.2,16158,0.8,429.6900079
2026-06-23T22:30:00+00:00,16157.5,16157.55,16154.45,16154.75,16157.1,16157.9,16157.2,16157.9,16154.1,16154.8,16154.4,16155.1,0.7,821.310014
2026-06-23T22:45:00+00:00,16154.65,16156.7,16153.55,16156.15,16154.3,16155,16156.4,16157,16153.2,16153.9,16155.7,16156.6,0.9,403.4000043
2026-06-23T23:00:00+00:00,16156.1,16156.15,16153.6,16155.55,16155.7,16156.5,16155.7,16156.6,16153.3,16153.9,16155.3,16155.8,0.5,757.7600125
2026-06-23T23:15:00+00:00,16155.6,16157.5,16155.25,16156.65,16155.4,16155.8,16157.3,16157.7,16155,16155.5,16156.4,16156.9,0.5,292.0500044
2026-06-23T23:30:00+00:00,16156.7,16157.55,16155.05,16155.35,16156.4,16157,16157.2,16157.9,16154.8,16155.3,16155.1,16155.6,0.5,329.2500031
2026-06-23T23:45:00+00:00,16155.3,16160.95,16155.2,16160.35,16155,16155.6,16160.7,16161.2,16154.9,16155.5,16160,16160.7,0.7,1840.700022
2026-06-24T00:00:00+00:00,16160.2,16160.2,16155,16157.35,16159.9,16160.5,16159.9,16160.5,16154.8,16155.2,16157.1,16157.6,0.5,2557.630031
2026-06-24T00:15:00+00:00,16157.3,16161.7,16156.1,16160.4,16157,16157.6,16161.4,16162,16155.9,16156.3,16160.1,16160.7,0.6,3468.07004
2026-06-24T00:30:00+00:00,16160.3,16161.75,16159.35,16161.6,16160.1,16160.5,16161.5,16162,16159.1,16159.6,16161.4,16161.8,0.4,1193.570019
2026-06-24T00:45:00+00:00,16161.5,16163.65,16157.85,16162.5,16161.2,16161.8,16163.5,16163.8,16157.6,16158.1,16162.3,16162.7,0.4,2850.060038
2026-06-24T01:00:00+00:00,16162.55,16162.75,16157.1,16158.15,16162.4,16162.7,16162.5,16163,16156.9,16157.3,16157.8,16158.5,0.7,3143.980043
2026-06-24T01:15:00+00:00,16158.15,16158.7,16156.85,16157.5,16157.8,16158.5,16158.5,16158.9,16156.6,16157.1,16157.3,16157.7,0.4,1350.000013
2026-06-24T01:30:00+00:00,16157.75,16158.7,16155.8,16156.1,16157.6,16157.9,16158.5,16158.9,16155.6,16156,16155.9,16156.3,0.4,875.1900163
2026-06-24T01:45:00+00:00,16156.35,16158.35,16155,16157,16156.2,16156.5,16158.1,16158.6,16154.7,16155.3,16156.8,16157.2,0.4,821.3700145
2026-06-24T02:00:00+00:00,16157.05,16158.8,16156.3,16156.6,16156.9,16157.2,16158.6,16159,16156.1,16156.5,16156.4,16156.8,0.4,854.1600157
2026-06-24T02:15:00+00:00,16156.55,16156.55,16153.5,16155.5,16156.3,16156.8,16156.3,16156.8,16153.3,16153.7,16155.3,16155.7,0.4,1059.300013
2026-06-24T02:30:00+00:00,16155.45,16156.75,16154.75,16156.3,16155.2,16155.7,16156.6,16156.9,16154.5,16155,16156,16156.6,0.6,1293.450019
2026-06-24T02:45:00+00:00,16156.6,16156.7,16154.8,16155.05,16156.4,16156.8,16156.4,16157,16154.6,16155,16154.9,16155.2,0.3,901.0600104
2026-06-24T03:00:00+00:00,16155.1,16160.35,16154.9,16160,16154.9,16155.3,16160.1,16160.6,16154.7,16155.1,16159.7,16160.3,0.6,1621.410018
2026-06-24T03:15:00+00:00,16159.95,16159.95,16155.25,16155.7,16159.7,16160.2,16159.7,16160.2,16155.1,16155.4,16155.6,16155.8,0.2,1557.230021
2026-06-24T03:30:00+00:00,16155.65,16156.75,16155.25,16156.7,16155.6,16155.7,16156.6,16156.9,16155.1,16155.4,16156.6,16156.8,0.2,1419.260025
2026-06-24T03:45:00+00:00,16156.65,16156.95,16154.65,16155.2,16156.5,16156.8,16156.7,16157.2,16154.5,16154.8,16155,16155.4,0.4,550.1000087
2026-06-24T04:00:00+00:00,16155.1,16156.4,16153.2,16155.6,16154.9,16155.3,16156.2,16156.6,16153,16153.4,16155.4,16155.8,0.4,853.1800112
2026-06-24T04:15:00+00:00,16155.4,16156.2,16154.4,16155.95,16155.3,16155.5,16156,16156.4,16154.2,16154.6,16155.7,16156.2,0.5,1020.560019
2026-06-24T04:30:00+00:00,16156,16156.2,16154.35,16155.5,16155.8,16156.2,16156,16156.4,16154.2,16154.5,16155.3,16155.7,0.4,545.1000084
2026-06-24T04:45:00+00:00,16155.45,16156,16154.5,16155.85,16155.3,16155.6,16155.7,16156.3,16154.2,16154.8,16155.6,16156.1,0.5,808.5000156
2026-06-24T05:00:00+00:00,16155.9,16156.8,16154.7,16155,16155.7,16156.1,16156.6,16157,16154.5,16154.9,16154.8,16155.2,0.4,608.1900123
2026-06-24T05:15:00+00:00,16155.2,16161.7,16155,16160.45,16155,16155.4,16161.4,16162,16154.8,16155.2,16160.2,16160.7,0.5,1854.630033
2026-06-24T05:30:00+00:00,16160.5,16161.45,16158.8,16159.6,16160.3,16160.7,16161.3,16161.6,16158.5,16159.1,16159.4,16159.8,0.4,723.3700188
2026-06-24T05:45:00+00:00,16159.4,16161.45,16157.9,16160.95,16159.2,16159.6,16161.2,16161.7,16157.7,16158.1,16160.7,16161.2,0.5,505.1900146
2026-06-24T06:00:00+00:00,16161.1,16165.4,16161.1,16163.75,16160.8,16161.4,16165.2,16165.6,16160.8,16161.4,16163.4,16164.1,0.7,1369.580041
2026-06-24T06:15:00+00:00,16163.9,16168.8,16163.15,16168.65,16163.6,16164.2,16168.5,16169.1,16162.7,16163.6,16168.3,16169,0.7,1657.21003
2026-06-24T06:30:00+00:00,16168.65,16168.85,16158.75,16167.55,16168.3,16169,16168.6,16169.1,16158.3,16159.2,16167.3,16167.8,0.5,1695.080034
2026-06-24T06:45:00+00:00,16167.65,16171.8,16165.7,16171.1,16167.4,16167.9,16171.5,16172.1,16165.3,16166.1,16170.8,16171.4,0.6,1260.150029
2026-06-24T07:00:00+00:00,16171,16172.85,16168.5,16172.2,16170.7,16171.3,16172.5,16173.2,16168.2,16168.8,16171.9,16172.5,0.6,1581.000039
2026-06-24T07:15:00+00:00,16172.35,16172.6,16168.5,16168.65,16172,16172.7,16172.3,16172.9,16168.2,16168.8,16168.4,16168.9,0.5,1119.300026
2026-06-24T07:30:00+00:00,16168.75,16169.9,16166.7,16167.1,16168.5,16169,16169.7,16170.1,16166.4,16167,16166.8,16167.4,0.6,1076.830026
2026-06-24T07:45:00+00:00,16167.4,16173.9,16167.4,16171.7,16167.1,16167.7,16173.7,16174.1,16167.1,16167.7,16171.5,16171.9,0.4,910.5800261
2026-06-24T08:00:00+00:00,16171.6,16175.5,16168.55,16173.75,16171.4,16171.8,16175.3,16175.7,16168.3,16168.8,16173.5,16174,0.5,1557.840041
2026-06-24T08:15:00+00:00,16173.85,16173.95,16169,16169.95,16173.6,16174.1,16173.7,16174.2,16168.8,16169.2,16169.6,16170.3,0.7,1072.400029
2026-06-24T08:30:00+00:00,16170,16174.05,16168.4,16173.35,16169.6,16170.4,16173.8,16174.3,16168.1,16168.7,16173.2,16173.5,0.3,1006.340026
2026-06-24T08:45:00+00:00,16173.5,16175.65,16171.75,16175.55,16173.2,16173.8,16175.4,16175.9,16171.5,16172,16175.3,16175.8,0.5,1084.160026
2026-06-24T09:00:00+00:00,16175.35,16177.95,16174.85,16176.75,16175.1,16175.6,16177.7,16178.2,16174.6,16175.1,16176.5,16177,0.5,1151.260027
2026-06-24T09:15:00+00:00,16176.65,16177.45,16175.1,16176.4,16176.4,16176.9,16177.1,16177.8,16174.6,16175.6,16176.1,16176.7,0.6,3087.16003
2026-06-24T09:30:00+00:00,16176.55,16177.45,16171.15,16174.65,16176.2,16176.9,16177.2,16177.7,16170.9,16171.4,16174.4,16174.9,0.5,903.490019
2026-06-24T09:45:00+00:00,16174.55,16175.45,16172.3,16174.35,16174.3,16174.8,16175.2,16175.7,16172.1,16172.5,16174.1,16174.6,0.5,831.8800191
2026-06-24T10:00:00+00:00,16174.2,16175.25,16171,16171.95,16173.9,16174.5,16175,16175.5,16170.7,16171.3,16171.7,16172.2,0.5,1373.990031
2026-06-24T10:15:00+00:00,16172.05,16174.7,16171.45,16172.6,16171.8,16172.3,16174.5,16174.9,16171.1,16171.8,16172.4,16172.8,0.4,766.9800192
2026-06-24T10:30:00+00:00,16172.55,16173.2,16168.4,16168.85,16172.4,16172.7,16173,16173.4,16168.2,16168.6,16168.6,16169.1,0.5,1037.360025
2026-06-24T10:45:00+00:00,16168.7,16172.25,16168.4,16169.15,16168.5,16168.9,16172,16172.5,16168.3,16168.5,16169,16169.3,0.3,1154.89002
2026-06-24T11:00:00+00:00,16169.05,16170.95,16166.85,16169.95,16168.7,16169.4,16170.8,16171.1,16166.6,16167.1,16169.8,16170.1,0.3,1367.27002
2026-06-24T11:15:00+00:00,16169.7,16171.75,16165.5,16166.15,16169.6,16169.8,16171.6,16171.9,16165.2,16165.8,16166,16166.3,0.3,1156.400022
2026-06-24T11:30:00+00:00,16166.1,16169.55,16165.55,16167,16166,16166.2,16169.3,16169.8,16165.3,16165.8,16166.8,16167.2,0.4,2337.670038
2026-06-24T11:45:00+00:00,16166.95,16168.4,16162.5,16165.55,16166.7,16167.2,16168.2,16168.6,16162.3,16162.7,16165.3,16165.8,0.5,3856.630057
2026-06-24T12:00:00+00:00,16165.75,16169.55,16163.65,16168.15,16165.6,16165.9,16169.3,16169.8,16163.4,16163.9,16167.9,16168.4,0.5,3139.79004
2026-06-24T12:15:00+00:00,16168.1,16169.8,16166.25,16168.85,16167.9,16168.3,16169.7,16169.9,16166,16166.5,16168.7,16169,0.3,1717.020027
2026-06-24T12:30:00+00:00,16168.7,16174.2,16168.7,16172.35,16168.5,16168.9,16174,16174.4,16168.5,16168.9,16172.2,16172.5,0.3,2916.710044
2026-06-24T12:45:00+00:00,16172.3,16175.4,16171.35,16175.3,16172.1,16172.5,16175.2,16175.6,16171.2,16171.5,16175.1,16175.5,0.4,2133.450031
2026-06-24T13:00:00+00:00,16175.35,16176.05,16171.2,16173.95,16175.2,16175.5,16175.9,16176.2,16171,16171.4,16173.8,16174.1,0.3,3042.890054
2026-06-24T13:15:00+00:00,16174,16175.45,16170.6,16171.1,16173.8,16174.2,16175.2,16175.7,16170.4,16170.8,16170.9,16171.3,0.4,2592.07004
2026-06-24T13:30:00+00:00,16171,16174.6,16170,16172.5,16170.9,16171.1,16174.4,16174.8,16169.8,16170.2,16172.2,16172.8,0.6,3573.830058
2026-06-24T13:45:00+00:00,16172.65,16176.6,16172.65,16175.2,16172.4,16172.9,16176.5,16176.7,16172.4,16172.9,16174.8,16175.6,0.8,3911.160057
2026-06-24T14:00:00+00:00,16175.15,16175.6,16170.7,16172.6,16174.8,16175.5,16175.4,16175.8,16170.5,16170.9,16172.4,16172.8,0.4,3805.430049
2026-06-24T14:15:00+00:00,16172.55,16175.55,16172.05,16173.9,16172.4,16172.7,16175.3,16175.8,16171.9,16172.2,16173.8,16174,0.2,2162.500031
2026-06-24T14:30:00+00:00,16173.95,16175.1,16172.65,16173.75,16173.8,16174.1,16174.9,16175.3,16172.5,16172.8,16173.6,16173.9,0.3,2498.920028
2026-06-24T14:45:00+00:00,16173.7,16181.75,16172.7,16179.2,16173.5,16173.9,16181.6,16181.9,16172.5,16172.9,16179,16179.4,0.4,2724.090038
2026-06-24T15:00:00+00:00,16179.15,16181.2,16176.5,16179.1,16178.8,16179.5,16181,16181.4,16176.3,16176.7,16179,16179.2,0.2,3224.490057
2026-06-24T15:15:00+00:00,16179.2,16179.4,16173.35,16177.2,16179.1,16179.3,16179.2,16179.6,16173.1,16173.6,16177,16177.4,0.4,4204.08007
2026-06-24T15:30:00+00:00,16177.15,16179.15,16174.95,16175.2,16177,16177.3,16179,16179.3,16174.8,16175.1,16175,16175.4,0.4,2760.970041
2026-06-24T15:45:00+00:00,16175.3,16176.9,16174.9,16175.95,16175.1,16175.5,16176.8,16177,16174.7,16175.1,16175.8,16176.1,0.3,2196.520029
2026-06-24T16:00:00+00:00,16175.75,16176.75,16172.6,16176,16175.6,16175.9,16176.6,16176.9,16172.4,16172.8,16175.8,16176.2,0.4,2394.870034
2026-06-24T16:15:00+00:00,16175.9,16176.95,16172.9,16173.05,16175.8,16176,16176.8,16177.1,16172.7,16173.1,16172.9,16173.2,0.3,1643.400026
2026-06-24T16:30:00+00:00,16173.15,16174.2,16168.9,16173.95,16173,16173.3,16174,16174.4,16168.7,16169.1,16173.7,16174.2,0.5,1855.940021
2026-06-24T16:45:00+00:00,16173.9,16176.1,16173.7,16175.8,16173.7,16174.1,16176,16176.2,16173.4,16174,16175.6,16176,0.4,965.0700144
2026-06-24T17:00:00+00:00,16175.95,16179.4,16174.75,16179.25,16175.8,16176.1,16179.2,16179.6,16174.6,16174.9,16179.1,16179.4,0.3,1382.380021
2026-06-24T17:15:00+00:00,16179.1,16180.8,16177.6,16179,16178.9,16179.3,16180.5,16181.1,16177.4,16177.8,16178.8,16179.2,0.4,877.7800121
2026-06-24T17:30:00+00:00,16179.05,16179.1,16173.7,16178.4,16179,16179.1,16179,16179.2,16173.6,16173.8,16178.2,16178.6,0.4,2996.770043
2026-06-24T17:45:00+00:00,16178.45,16182.15,16178.35,16181.7,16178.1,16178.8,16181.9,16182.4,16178.1,16178.6,16181.6,16181.8,0.2,1314.430026
2026-06-24T18:00:00+00:00,16181.65,16182.3,16180.35,16181.8,16181.5,16181.8,16182.1,16182.5,16180.2,16180.5,16181.6,16182,0.4,1102.480025
2026-06-24T18:15:00+00:00,16181.7,16183,16179.05,16179.3,16181.5,16181.9,16182.7,16183.3,16178.8,16179.3,16179.1,16179.5,0.4,2574.450025
2026-06-24T18:30:00+00:00,16179.35,16180.6,16176.55,16179.05,16179.1,16179.6,16180.4,16180.8,16176.4,16176.7,16178.9,16179.2,0.3,2062.330035
2026-06-24T18:45:00+00:00,16179.1,16179.2,16176.2,16176.2,16178.9,16179.3,16179,16179.4,16176,16176.4,16176,16176.4,0.4,2776.340036
2026-06-24T19:00:00+00:00,16176.3,16179.1,16174.9,16178.95,16176.1,16176.5,16178.9,16179.3,16174.7,16175.1,16178.8,16179.1,0.3,1675.410019
2026-06-24T19:15:00+00:00,16179.05,16184.15,16179.05,16183.7,16178.9,16179.2,16184,16184.3,16178.9,16179.2,16183.5,16183.9,0.4,1220.120015
2026-06-24T19:30:00+00:00,16183.5,16184,16180.95,16181.35,16183.4,16183.6,16183.8,16184.2,16180.7,16181.2,16181.2,16181.5,0.3,1380.380021
2026-06-24T19:45:00+00:00,16181.1,16182.6,16179.1,16182.5,16180.9,16181.3,16182.4,16182.8,16179,16179.2,16182.2,16182.8,0.6,1825.760029
2026-06-24T20:00:00+00:00,16182.35,16183.25,16179.8,16182.05,16182.1,16182.6,16183,16183.5,16179.6,16180,16181.9,16182.2,0.3,2386.230038
2026-06-24T20:15:00+00:00,16182.1,16182.95,16180.85,16181.2,16181.9,16182.3,16182.7,16183.2,16180.6,16181.1,16181,16181.4,0.4,996.5500139
2026-06-24T20:30:00+00:00,16181.15,16182.75,16180.15,16180.75,16181,16181.3,16182.5,16183,16179.8,16180.5,16180.5,16181,0.5,1274.780012
2026-06-24T20:45:00+00:00,16180.8,16182.25,16177.9,16178.45,16180.5,16181.1,16181.9,16182.6,16175.8,16180,16175.8,16181.1,5.3,3360.040025
2026-06-24T21:00:00+00:00,16178.45,16178.7,16173.9,16176.95,16175.6,16181.3,16175.6,16181.8,16171.3,16176.5,16174.4,16179.5,5.1,137.1000025
2026-06-24T21:15:00+00:00,16176.85,16177.9,16176.05,16176.55,16174.6,16179.1,16176.4,16179.4,16174.2,16177.9,16174.4,16178.7,4.3,139.0500004
2026-06-24T21:30:00+00:00,16177.8,16177.85,16175.4,16177.55,16176,16179.6,16176.1,16179.6,16173.8,16177,16176,16179.1,3.1,1075.050019
2026-06-24T21:45:00+00:00,16177.5,16180.1,16176.55,16177.3,16176,16179,16179,16181.2,16175.3,16177.8,16175.9,16178.7,2.8,730.3500099
2026-06-24T22:00:00+00:00,16177.4,16178.6,16175.75,16177.2,16176.1,16178.7,16178.1,16179.1,16175.2,16176.3,16176.8,16177.6,0.8,872.6899994
2026-06-24T22:15:00+00:00,16177.3,16177.5,16175.7,16176,16176.9,16177.7,16177.1,16177.9,16175.3,16176.1,16175.6,16176.4,0.8,490.9100138
2026-06-24T22:30:00+00:00,16175.8,16175.9,16174.25,16175.25,16175.4,16176.2,16175.5,16176.3,16173.8,16174.7,16174.9,16175.6,0.7,615.0700097
2026-06-24T22:45:00+00:00,16175.3,16177.95,16175.25,16177.05,16175,16175.6,16177.6,16178.3,16174.9,16175.6,16176.5,16177.6,1.1,441.1500044
2026-06-24T23:00:00+00:00,16177.05,16178.65,16176.3,16176.95,16176.5,16177.6,16178.3,16179,16176.1,16176.5,16176.7,16177.2,0.5,324.450006
2026-06-24T23:15:00+00:00,16177,16178.4,16175.25,16178.4,16176.8,16177.2,16178.2,16178.6,16175.1,16175.4,16178.2,16178.6,0.4,413.2500082
2026-06-24T23:30:00+00:00,16178.45,16179.05,16176.75,16176.95,16178.2,16178.7,16178.8,16179.3,16176.5,16177,16176.7,16177.2,0.5,488.2500095
2026-06-24T23:45:00+00:00,16176.75,16178.95,16176.7,16177.15,16176.5,16177,16178.7,16179.2,16176.5,16176.9,16176.9,16177.4,0.5,538.6500098
2026-06-25T00:00:00+00:00,16176.8,16177.85,16173,16176.75,16176.7,16176.9,16177.7,16178,16172.8,16173.2,16176.5,16177,0.5,2160.300036
2026-06-25T00:15:00+00:00,16176.85,16178.15,16173.4,16174.6,16176.7,16177,16177.9,16178.4,16173,16173.8,16174.3,16174.9,0.6,1402.44002
2026-06-25T00:30:00+00:00,16174.55,16175.2,16173.1,16173.45,16174.3,16174.8,16174.9,16175.5,16172.8,16173.4,16173.2,16173.7,0.5,1430.580011
2026-06-25T00:45:00+00:00,16173.5,16175.05,16169.9,16171.5,16173.2,16173.8,16174.9,16175.2,16169.7,16170.1,16171.3,16171.7,0.4,3104.200049
2026-06-25T01:00:00+00:00,16171.45,16174.45,16170.55,16170.9,16171.2,16171.7,16174.2,16174.7,16170.2,16170.9,16170.6,16171.2,0.6,3107.19004
2026-06-25T01:15:00+00:00,16170.8,16171.75,16155.7,16166.85,16170.5,16171.1,16171.5,16172,16155.5,16155.9,16166.6,16167.1,0.5,4574.570069
2026-06-25T01:30:00+00:00,16166.8,16168.85,16164,16167.65,16166.5,16167.1,16168.6,16169.1,16163.8,16164.2,16167.4,16167.9,0.5,1837.360031
2026-06-25T01:45:00+00:00,16167.75,16173.95,16167.75,16171.55,16167.6,16167.9,16173.8,16174.1,16167.6,16167.9,16171.2,16171.9,0.7,1324.560027
2026-06-25T02:00:00+00:00,16171.6,16172.9,16167.45,16167.95,16171.3,16171.9,16172.7,16173.1,16167.2,16167.7,16167.7,16168.2,0.5,2240.110029
2026-06-25T02:15:00+00:00,16167.75,16168.25,16166.25,16167.85,16167.5,16168,16168,16168.5,16166.1,16166.4,16167.6,16168.1,0.5,1274.760019
2026-06-25T02:30:00+00:00,16167.95,16170.85,16167.95,16170,16167.7,16168.2,16170.7,16171,16167.7,16168.2,16169.8,16170.2,0.4,761.100016
2026-06-25T02:45:00+00:00,16170.1,16172.05,16170,16171.3,16169.9,16170.3,16171.9,16172.2,16169.8,16170.2,16171.1,16171.5,0.4,640.7400103
2026-06-25T03:00:00+00:00,16171.5,16172,16169.75,16171,16171.2,16171.8,16171.9,16172.1,16169.6,16169.9,16170.8,16171.2,0.4,783.060016
2026-06-25T03:15:00+00:00,16170.85,16172.5,16169.75,16171.7,16170.7,16171,16172.3,16172.7,16169.6,16169.9,16171.5,16171.9,0.4,702.0800138
2026-06-25T03:30:00+00:00,16171.7,16173.25,16170.9,16173.25,16171.4,16172,16173.1,16173.4,16170.8,16171,16173.1,16173.4,0.3,466.5500085
2026-06-25T03:45:00+00:00,16173.25,16175.25,16172.05,16172.3,16173.1,16173.4,16174.9,16175.6,16171.8,16172.3,16172.1,16172.5,0.4,1861.420027
2026-06-25T04:00:00+00:00,16172.4,16174,16171.5,16172.9,16172.2,16172.6,16173.8,16174.2,16171.2,16171.8,16172.6,16173.2,0.6,1105.170018
2026-06-25T04:15:00+00:00,16173,16174.15,16171,16172.5,16172.7,16173.3,16173.8,16174.5,16170.8,16171.2,16172.3,16172.7,0.4,800.7600114
2026-06-25T04:30:00+00:00,16172.25,16174.95,16171.15,16174.45,16172.1,16172.4,16174.7,16175.2,16170.9,16171.4,16174.2,16174.7,0.5,588.1100059
2026-06-25T04:45:00+00:00,16174.5,16177.55,16174.4,16176.5,16174.1,16174.9,16177.3,16177.8,16174.1,16174.7,16176.3,16176.7,0.4,699.0600114
2026-06-25T05:00:00+00:00,16176.55,16176.8,16174.55,16175.95,16176.3,16176.8,16176.6,16177,16174.3,16174.8,16175.6,16176.3,0.7,881.2800093
2026-06-25T05:15:00+00:00,16175.9,16176,16172.85,16173.45,16175.6,16176.2,16175.6,16176.4,16172.6,16173.1,16173.2,16173.7,0.5,1052.320011
2026-06-25T05:30:00+00:00,16173.6,16177.3,16173.55,16176.3,16173.4,16173.8,16177,16177.6,16173.3,16173.8,16176.1,16176.5,0.4,1048.960015
2026-06-25T05:45:00+00:00,16176,16183.15,16176,16182.65,16175.8,16176.2,16183,16183.3,16175.8,16176.2,16182.4,16182.9,0.5,2319.360032
2026-06-25T06:00:00+00:00,16182.2,16184,16178.6,16180.9,16181.9,16182.5,16183.8,16184.2,16178.4,16178.8,16180.7,16181.1,0.4,1753.670028
2026-06-25T06:15:00+00:00,16180.95,16183.5,16180.9,16183.45,16180.8,16181.1,16183.3,16183.7,16180.7,16181.1,16183.3,16183.6,0.3,1558.690024
2026-06-25T06:30:00+00:00,16183.5,16185.25,16182.1,16183.75,16183.3,16183.7,16185,16185.5,16181.8,16182.4,16183.6,16183.9,0.3,1742.880024
2026-06-25T06:45:00+00:00,16183.85,16188.95,16183.8,16188.35,16183.7,16184,16188.7,16189.2,16183.6,16184,16188.1,16188.6,0.5,2711.800021
2026-06-25T07:00:00+00:00,16188.4,16188.55,16175.55,16186.5,16188.2,16188.6,16188.3,16188.8,16175.4,16175.7,16186.3,16186.7,0.4,4840.390053
2026-06-25T07:15:00+00:00,16186.45,16189.95,16180.8,16182.2,16186.2,16186.7,16189.7,16190.2,16180.6,16181,16182,16182.4,0.4,4093.800055
2026-06-25T07:30:00+00:00,16182.15,16185.1,16180.3,16184.35,16182,16182.3,16184.9,16185.3,16180,16180.6,16184.2,16184.5,0.3,2132.210026
2026-06-25T07:45:00+00:00,16184.3,16185.8,16180.6,16181.4,16184.1,16184.5,16185.6,16186,16180.4,16180.8,16181.2,16181.6,0.4,1910.450027
2026-06-25T08:00:00+00:00,16181.25,16183.5,16179.55,16181.75,16181.1,16181.4,16183.3,16183.7,16179.3,16179.8,16181.5,16182,0.5,2230.860028
2026-06-25T08:15:00+00:00,16181.8,16181.85,16177.4,16179.85,16181.6,16182,16181.6,16182.1,16177.2,16177.6,16179.7,16180,0.3,2075.020025
2026-06-25T08:30:00+00:00,16179.9,16180.5,16177.7,16179.6,16179.7,16180.1,16180.3,16180.7,16177.5,16177.9,16179.4,16179.8,0.4,1783.080024
2026-06-25T08:45:00+00:00,16179.65,16183.6,16178.3,16179.95,16179.4,16179.9,16183.4,16183.8,16178.1,16178.5,16179.8,16180.1,0.3,2087.040035
2026-06-25T09:00:00+00:00,16179.9,16182.65,16179.5,16181.8,16179.7,16180.1,16182.4,16182.9,16179.3,16179.7,16181.6,16182,0.4,2036.860021
2026-06-25T09:15:00+00:00,16181.85,16184.1,16181.05,16183.6,16181.7,16182,16183.9,16184.3,16180.8,16181.3,16183.4,16183.8,0.4,1133.410015
2026-06-25T09:30:00+00:00,16183.5,16183.5,16178.85,16181.9,16183.3,16183.7,16183.3,16183.7,16178.6,16179.1,16181.6,16182.2,0.6,1887.510022
2026-06-25T09:45:00+00:00,16181.95,16182.7,16181.1,16181.55,16181.8,16182.1,16182.5,16182.9,16180.9,16181.3,16181.3,16181.8,0.5,1632.630015
2026-06-25T10:00:00+00:00,16181.65,16182.25,16180.6,16182.2,16181.4,16181.9,16182.1,16182.4,16180.4,16180.8,16182,16182.4,0.4,1067.390012
2026-06-25T10:15:00+00:00,16182.3,16183.35,16181.8,16183.05,16182.1,16182.5,16183.1,16183.6,16181.6,16182,16182.8,16183.3,0.5,640.2000113
2026-06-25T10:30:00+00:00,16183,16184.65,16182.6,16184.5,16182.8,16183.2,16184.4,16184.9,16182.4,16182.8,16184.3,16184.7,0.4,871.9600091
2026-06-25T10:45:00+00:00,16184.6,16189.65,16184.6,16187.7,16184.4,16184.8,16189.5,16189.8,16184.4,16184.8,16187.5,16187.9,0.4,1954.620021
2026-06-25T11:00:00+00:00,16187.7,16188.8,16186,16187.95,16187.5,16187.9,16188.6,16189,16185.8,16186.2,16187.7,16188.2,0.5,1427.790016
2026-06-25T11:15:00+00:00,16187.9,16190.3,16187.7,16189.75,16187.7,16188.1,16190.1,16190.5,16187.5,16187.9,16189.5,16190,0.5,1357.750018
2026-06-25T11:30:00+00:00,16189.8,16193.9,16188.1,16192.35,16189.6,16190,16193.8,16194,16187.9,16188.3,16192.1,16192.6,0.5,2759.970037
2026-06-25T11:45:00+00:00,16192.3,16194.95,16175.2,16186.85,16192.1,16192.5,16194.8,16195.1,16174.9,16175.5,16186.6,16187.1,0.5,4631.550065
2026-06-25T12:00:00+00:00,16186.75,16190.15,16184.7,16186.75,16186.5,16187,16190,16190.3,16184.5,16184.9,16186.5,16187,0.5,2538.640033
2026-06-25T12:15:00+00:00,16186.7,16190.05,16185.7,16188.9,16186.6,16186.8,16189.8,16190.3,16185.5,16185.9,16187.8,16190,2.2,1915.28003
2026-06-25T12:30:00+00:00,16188.8,16189.05,16177.45,16179.4,16187.7,16189.9,16188.1,16190,16177.2,16177.7,16179.2,16179.6,0.4,7825.740117
2026-06-25T12:45:00+00:00,16179.2,16185.05,16178.2,16183.9,16179.1,16179.3,16184.9,16185.2,16178,16178.4,16183.7,16184.1,0.4,4027.800058
2026-06-25T13:00:00+00:00,16183.8,16185.6,16179.95,16182.45,16183.6,16184,16185.5,16185.7,16179.8,16180.1,16182.2,16182.7,0.5,3530.31005
2026-06-25T13:15:00+00:00,16182.5,16184.1,16178.35,16178.4,16182.3,16182.7,16183.9,16184.3,16178.2,16178.5,16178.2,16178.6,0.4,3128.370034
2026-06-25T13:30:00+00:00,16178.5,16181.3,16176.95,16180.9,16178.3,16178.7,16181.1,16181.5,16176.8,16177.1,16180.7,16181.1,0.4,2585.840043
2026-06-25T13:45:00+00:00,16180.85,16182.25,16170.35,16174.45,16180.7,16181,16182.1,16182.4,16170.2,16170.5,16174.2,16174.7,0.5,4641.980066
2026-06-25T14:00:00+00:00,16174.4,16175.75,16155.95,16170.45,16174.2,16174.6,16175.6,16175.9,16155.7,16156.2,16170.2,16170.7,0.5,6087.210094
2026-06-25T14:15:00+00:00,16170.5,16176.25,16168.5,16174.6,16170.4,16170.6,16176,16176.5,16168.4,16168.6,16174.3,16174.9,0.6,5460.040074
2026-06-25T14:30:00+00:00,16174.5,16174.6,16167.35,16168,16174.3,16174.7,16174.4,16174.8,16167.2,16167.5,16167.8,16168.2,0.4,3989.380057
2026-06-25T14:45:00+00:00,16168.05,16168.25,16161.35,16167.85,16167.9,16168.2,16168,16168.5,16161.2,16161.5,16167.5,16168.2,0.7,4461.760063
2026-06-25T15:00:00+00:00,16167.95,16171,16161.5,16169.7,16167.6,16168.3,16170.8,16171.2,16161.3,16161.7,16169.5,16169.9,0.4,4351.320069
2026-06-25T15:15:00+00:00,16169.8,16171.8,16162.2,16165,16169.6,16170,16171.6,16172,16162,16162.4,16164.8,16165.2,0.4,3016.260056
2026-06-25T15:30:00+00:00,16164.85,16172.45,16163.45,16170.3,16164.6,16165.1,16172.2,16172.7,16163.2,16163.7,16170.1,16170.5,0.4,2925.520062
2026-06-25T15:45:00+00:00,16170.35,16172.35,16165.8,16167.4,16170.1,16170.6,16172.2,16172.5,16165.7,16165.9,16167.2,16167.6,0.4,3597.550055
2026-06-25T16:00:00+00:00,16167.3,16171.4,16166.05,16169.85,16167.1,16167.5,16171.1,16171.7,16165.8,16166.3,16169.6,16170.1,0.5,2275.370037
2026-06-25T16:15:00+00:00,16169.7,16170.25,16166.35,16168.85,16169.5,16169.9,16170.1,16170.4,16166.1,16166.6,16168.6,16169.1,0.5,1547.810021
2026-06-25T16:30:00+00:00,16168.8,16172.6,16168.8,16172.25,16168.6,16169,16172.4,16172.8,16168.6,16169,16172.1,16172.4,0.3,1151.410022
2026-06-25T16:45:00+00:00,16172.3,16176.8,16171.3,16176.8,16172,16172.6,16176.6,16177,16171.1,16171.5,16176.6,16177,0.4,1313.280019
2026-06-25T17:00:00+00:00,16176.9,16177.5,16173.05,16175.65,16176.7,16177.1,16177.3,16177.7,16173,16173.1,16175.4,16175.9,0.5,1534.160026
2026-06-25T17:15:00+00:00,16175.7,16178.25,16175.55,16177.35,16175.4,16176,16178.1,16178.4,16175.2,16175.9,16177.2,16177.5,0.3,1201.450017
2026-06-25T17:30:00+00:00,16177.3,16180.8,16177.2,16180.7,16177.1,16177.5,16180.6,16181,16177.1,16177.3,16180.5,16180.9,0.4,1006.330017
2026-06-25T17:45:00+00:00,16180.6,16180.9,16175.1,16177.9,16180.4,16180.8,16180.7,16181.1,16174.9,16175.3,16177.7,16178.1,0.4,1051.260019
2026-06-25T18:00:00+00:00,16177.85,16184.3,16176.5,16176.6,16177.7,16178,16184.1,16184.5,16176.3,16176.7,16176.4,16176.8,0.4,2987.190045
2026-06-25T18:15:00+00:00,16177.15,16177.8,16176.45,16176.55,16177.1,16177.2,16177.6,16178,16176.2,16176.7,16176.4,16176.7,0.3,1183.100013
2026-06-25T18:30:00+00:00,16176.6,16181,16176.6,16180.55,16176.4,16176.8,16180.8,16181.2,16176.4,16176.8,16180.4,16180.7,0.3,1240.190019
2026-06-25T18:45:00+00:00,16180.6,16181.5,16177.05,16179.4,16180.5,16180.7,16181.3,16181.7,16176.9,16177.2,16179.2,16179.6,0.4,1230.310019
2026-06-25T19:00:00+00:00,16179.35,16182.65,16178.55,16180.9,16179.2,16179.5,16182.4,16182.9,16178.3,16178.8,16180.7,16181.1,0.4,975.8200115
2026-06-25T19:15:00+00:00,16180.95,16181.05,16177.75,16178.35,16180.8,16181.1,16180.8,16181.3,16177.5,16178,16178.2,16178.5,0.3,977.1000087
2026-06-25T19:30:00+00:00,16178.3,16180.5,16175,16179.65,16178.2,16178.4,16180.3,16180.7,16174.8,16175.2,16179.3,16180,0.7,1496.110022
2026-06-25T19:45:00+00:00,16179.75,16182.3,16178.1,16179.1,16179.5,16180,16182.1,16182.5,16178,16178.2,16178.9,16179.3,0.4,2987.980028
2026-06-25T20:00:00+00:00,16179.15,16181.6,16177.7,16180.75,16178.9,16179.4,16181.3,16181.9,16177.5,16177.9,16180.5,16181,0.5,2139.390027
2026-06-25T20:15:00+00:00,16180.85,16180.9,16179.4,16179.8,16180.6,16181.1,16180.6,16181.2,16179.1,16179.7,16179.5,16180.1,0.6,1120.800018
2026-06-25T20:30:00+00:00,16180.1,16180.95,16179.3,16179.85,16179.9,16180.3,16180.7,16181.2,16179.1,16179.5,16179.6,16180.1,0.5,514.06001
2026-06-25T20:45:00+00:00,16179.95,16180.95,16178.55,16178.8,16179.7,16180.2,16180.5,16181.4,16177.8,16179.3,16177.8,16179.8,2,1279.640021
2026-06-25T21:00:00+00:00,16179.25,16180.45,16178,16178.25,16177.7,16180.8,16177.7,16183.2,16175.3,16180.7,16175.6,16180.9,5.3,91.70999962
2026-06-25T21:15:00+00:00,16178.2,16180.6,16169.35,16180.25,16175.6,16180.8,16179.4,16181.8,16165.2,16173.5,16178.8,16181.7,2.9,480.42001
2026-06-25T21:30:00+00:00,16180.5,16183.4,16177.15,16178.65,16179.4,16181.6,16181.8,16185,16175.2,16179.1,16176.1,16181.2,5.1,969.6400264
2026-06-25T21:45:00+00:00,16178.7,16183.35,16173.75,16178.8,16176.1,16181.3,16181.3,16185.4,16171.2,16176.3,16176,16181.6,5.6,1878.150047
2026-06-25T22:00:00+00:00,16178.9,16180.95,16176.9,16179.2,16176,16181.8,16180.1,16181.8,16175.9,16177.9,16178.8,16179.6,0.8,638.9900015
2026-06-25T22:15:00+00:00,16179.55,16180.2,16177.45,16178.8,16179.4,16179.7,16179.8,16180.6,16177.1,16177.8,16178.5,16179.1,0.6,448.5900073
2026-06-25T22:30:00+00:00,16178.75,16178.75,16177.25,16177.85,16178.4,16179.1,16178.4,16179.1,16177,16177.5,16177.5,16178.2,0.7,232.0400053
2026-06-25T22:45:00+00:00,16177.9,16180.05,16177.4,16178.75,16177.6,16178.2,16179.8,16180.3,16177.1,16177.7,16178.4,16179.1,0.7,913.600011
2026-06-25T23:00:00+00:00,16178.9,16180.3,16176.3,16180,16178.6,16179.2,16180,16180.6,16176,16176.6,16179.8,16180.2,0.4,850.2400168
2026-06-25T23:15:00+00:00,16179.95,16181.7,16179.8,16179.95,16179.8,16180.1,16181.5,16181.9,16179.5,16180.1,16179.5,16180.4,0.9,834.4600159
2026-06-25T23:30:00+00:00,16180,16181.15,16176.95,16180.05,16179.6,16180.4,16181,16181.3,16176.7,16177.2,16179.8,16180.3,0.5,498.6500105
2026-06-25T23:45:00+00:00,16180,16180.95,16178.8,16180.65,16179.7,16180.3,16180.7,16181.2,16178.6,16179,16180.4,16180.9,0.5,707.7600079
2026-06-26T00:00:00+00:00,16180.5,16182.8,16179.35,16180.75,16180.3,16180.7,16182.7,16182.9,16179.1,16179.6,16180.5,16181,0.5,1317.40002
2026-06-26T00:15:00+00:00,16180.65,16182.4,16179.7,16182,16180.5,16180.8,16182.3,16182.5,16179.5,16179.9,16181.8,16182.2,0.4,874.6300128
2026-06-26T00:30:00+00:00,16181.95,16183.2,16179.85,16180.65,16181.8,16182.1,16183,16183.4,16179.6,16180.1,16180.4,16180.9,0.5,1312.300018
2026-06-26T00:45:00+00:00,16180.7,16184.2,16180.35,16183.3,16180.5,16180.9,16184,16184.4,16180.1,16180.6,16183,16183.6,0.6,1538.140033
2026-06-26T01:00:00+00:00,16183.1,16184.1,16181.05,16181.8,16182.9,16183.3,16184,16184.2,16180.9,16181.2,16181.5,16182.1,0.6,1318.220026
2026-06-26T01:15:00+00:00,16181.9,16184.45,16181.4,16184.3,16181.6,16182.2,16184.3,16184.6,16181.2,16181.6,16184.2,16184.4,0.2,639.0600122
2026-06-26T01:30:00+00:00,16184.3,16184.9,16182.45,16184.35,16184.2,16184.4,16184.7,16185.1,16182.2,16182.7,16184.1,16184.6,0.5,1100.440015
2026-06-26T01:45:00+00:00,16184.4,16184.5,16179.2,16180.55,16184.2,16184.6,16184.2,16184.8,16179,16179.4,16180.3,16180.8,0.5,1074.950017
2026-06-26T02:00:00+00:00,16180.65,16181.1,16178.4,16179.35,16180.4,16180.9,16180.9,16181.3,16178.2,16178.6,16179,16179.7,0.7,1061.780015
2026-06-26T02:15:00+00:00,16179.4,16181.8,16179,16181,16179.2,16179.6,16181.4,16182.2,16178.8,16179.2,16180.8,16181.2,0.4,1293.840017
2026-06-26T02:30:00+00:00,16180.95,16180.95,16178.35,16179.4,16180.7,16181.2,16180.7,16181.2,16178.1,16178.6,16179.2,16179.6,0.4,859.3600142
2026-06-26T02:45:00+00:00,16179.5,16180.5,16177.2,16177.7,16179.3,16179.7,16180.2,16180.8,16177,16177.4,16177.5,16177.9,0.4,1589.630023
2026-06-26T03:00:00+00:00,16177.75,16177.95,16172.65,16174.65,16177.6,16177.9,16177.7,16178.2,16172.5,16172.8,16174.3,16175,0.7,2232.620031
2026-06-26T03:15:00+00:00,16174.5,16175.75,16172.6,16173.05,16174.2,16174.8,16175.5,16176,16172.5,16172.7,16172.8,16173.3,0.5,1181.170015
2026-06-26T03:30:00+00:00,16173,16173.65,16165.3,16165.35,16172.8,16173.2,16173.4,16173.9,16165.2,16165.4,16165.2,16165.5,0.3,2081.170028
2026-06-26T03:45:00+00:00,16165.25,16167.5,16162.35,16165.15,16165.1,16165.4,16167.4,16167.6,16162.1,16162.6,16164.9,16165.4,0.5,2487.040035
2026-06-26T04:00:00+00:00,16165.3,16168.45,16159.6,16163.8,16165.1,16165.5,16168.2,16168.7,16159.4,16159.8,16163.7,16163.9,0.2,2471.18004
2026-06-26T04:15:00+00:00,16163.7,16165.5,16156.75,16160.1,16163.6,16163.8,16165.2,16165.8,16156.5,16157,16159.9,16160.3,0.4,1611.350031
2026-06-26T04:30:00+00:00,16160.05,16162.9,16157.7,16161.6,16159.8,16160.3,16162.7,16163.1,16157.4,16158,16161.4,16161.8,0.4,2042.200038
2026-06-26T04:45:00+00:00,16161.55,16165.65,16161.55,16162.9,16161.3,16161.8,16165.4,16165.9,16161.3,16161.8,16162.7,16163.1,0.4,1528.340022
2026-06-26T05:00:00+00:00,16162.95,16164.4,16161.7,16162.95,16162.7,16163.2,16164.2,16164.6,16161.5,16161.9,16162.7,16163.2,0.5,950.1700157
2026-06-26T05:15:00+00:00,16162.9,16163.9,16159.65,16160.45,16162.7,16163.1,16163.7,16164.1,16159.4,16159.9,16160.2,16160.7,0.5,1896.010018
2026-06-26T05:30:00+00:00,16160.75,16162.6,16156.5,16157.05,16160.7,16160.8,16162.4,16162.8,16156.3,16156.7,16156.8,16157.3,0.5,1870.450021
2026-06-26T05:45:00+00:00,16157.2,16159.5,16153.95,16154.35,16157,16157.4,16159.3,16159.7,16153.8,16154.1,16154.1,16154.6,0.5,2390.480028
2026-06-26T06:00:00+00:00,16154.45,16164.1,16153.35,16161.15,16154.3,16154.6,16163.9,16164.3,16153.1,16153.6,16160.9,16161.4,0.5,3066.370044
2026-06-26T06:15:00+00:00,16161.1,16168.65,16160.85,16167.55,16160.9,16161.3,16168.4,16168.9,16160.6,16161.1,16167.3,16167.8,0.5,1843.490036
2026-06-26T06:30:00+00:00,16167.65,16170.25,16162.75,16169.85,16167.3,16168,16170.1,16170.4,16162.5,16163,16169.8,16169.9,0.1,2012.790026
2026-06-26T06:45:00+00:00,16169.75,16174.85,16169.7,16171.75,16169.6,16169.9,16174.7,16175,16169.5,16169.9,16171.5,16172,0.5,2902.66004
2026-06-26T07:00:00+00:00,16171.7,16172.7,16164.3,16166,16171.5,16171.9,16172.5,16172.9,16164,16164.6,16165.8,16166.2,0.4,3302.390046
2026-06-26T07:15:00+00:00,16166.25,16170.85,16165.4,16169.2,16165.9,16166.6,16170.7,16171,16165.2,16165.6,16169,16169.4,0.4,1825.650025
2026-06-26T07:30:00+00:00,16169.3,16170.5,16162.05,16164.9,16169.1,16169.5,16170.3,16170.7,16161.9,16162.2,16164.7,16165.1,0.4,1939.31003
2026-06-26T07:45:00+00:00,16165.1,16166.4,16162.2,16162.65,16164.9,16165.3,16166.3,16166.5,16162.1,16162.3,16162.5,16162.8,0.3,2486.700028
2026-06-26T08:00:00+00:00,16162.7,16163.75,16153.75,16157.3,16162.5,16162.9,16163.5,16164,16153.5,16154,16157.1,16157.5,0.4,4096.79005
2026-06-26T08:15:00+00:00,16157.35,16160.1,16156,16158.5,16157.2,16157.5,16159.9,16160.3,16155.8,16156.2,16158.4,16158.6,0.2,3217.770048
2026-06-26T08:30:00+00:00,16158.65,16165.75,16158.5,16161.4,16158.5,16158.8,16165.5,16166,16158.4,16158.6,16161.2,16161.6,0.4,2463.740044
2026-06-26T08:45:00+00:00,16161.5,16164.1,16156.75,16158.9,16161.3,16161.7,16164,16164.2,16156.5,16157,16158.7,16159.1,0.4,2048.230038
2026-06-26T09:00:00+00:00,16158.8,16159.85,16154.5,16156.95,16158.6,16159,16159.6,16160.1,16154.3,16154.7,16156.7,16157.2,0.5,1736.040025
2026-06-26T09:15:00+00:00,16156.95,16162.55,16155,16159.3,16156.7,16157.2,16162.3,16162.8,16154.8,16155.2,16159.1,16159.5,0.4,2353.730051
2026-06-26T09:30:00+00:00,16159.25,16162.5,16156.65,16158.1,16159.1,16159.4,16162.3,16162.7,16156.4,16156.9,16157.9,16158.3,0.4,1696.600024
2026-06-26T09:45:00+00:00,16158.05,16161,16153.35,16160.85,16157.8,16158.3,16160.8,16161.2,16153.1,16153.6,16160.6,16161.1,0.5,2902.890046
2026-06-26T10:00:00+00:00,16160.95,16161.25,16157.05,16159.55,16160.8,16161.1,16161,16161.5,16156.9,16157.2,16159.4,16159.7,0.3,1724.520031
2026-06-26T10:15:00+00:00,16159.6,16164.25,16159.6,16160.6,16159.5,16159.7,16164.1,16164.4,16159.5,16159.7,16160.5,16160.7,0.2,935.7000149
2026-06-26T10:30:00+00:00,16160.55,16161.75,16158.75,16161.45,16160.4,16160.7,16161.5,16162,16158.6,16158.9,16161.3,16161.6,0.3,1247.660022
2026-06-26T10:45:00+00:00,16161.55,16163.3,16161.2,16161.95,16161.4,16161.7,16163.1,16163.5,16161,16161.4,16161.8,16162.1,0.3,1229.190016
2026-06-26T11:00:00+00:00,16161.85,16164.7,16160.85,16163.05,16161.7,16162,16164.6,16164.8,16160.6,16161.1,16162.9,16163.2,0.3,1357.290018
2026-06-26T11:15:00+00:00,16163.2,16163.85,16161.25,16161.95,16163,16163.4,16163.7,16164,16161.1,16161.4,16161.8,16162.1,0.3,1483.450022
2026-06-26T11:30:00+00:00,16162,16164.9,16161.85,16163.85,16161.9,16162.1,16164.7,16165.1,16161.7,16162,16163.7,16164,0.3,983.2500091
2026-06-26T11:45:00+00:00,16163.75,16168.15,16163.75,16166.5,16163.6,16163.9,16168,16168.3,16163.6,16163.9,16166.2,16166.8,0.6,2069.580027
2026-06-26T12:00:00+00:00,16166.4,16166.8,16163.9,16165.9,16166.2,16166.6,16166.7,16166.9,16163.7,16164.1,16165.7,16166.1,0.4,2499.76003
2026-06-26T12:15:00+00:00,16165.85,16168.1,16164.1,16167.25,16165.5,16166.2,16167.9,16168.3,16163.9,16164.3,16167,16167.5,0.5,2681.340033
2026-06-26T12:30:00+00:00,16167.45,16170.5,16166.5,16170,16167.2,16167.7,16170.3,16170.7,16166.3,16166.7,16169.8,16170.2,0.4,1803.540021
2026-06-26T12:45:00+00:00,16169.95,16170.2,16164.85,16165.85,16169.8,16170.1,16170,16170.4,16164.6,16165.1,16165.6,16166.1,0.5,4642.330061
2026-06-26T13:00:00+00:00,16165.8,16168.25,16163.35,16166.4,16165.6,16166,16168.1,16168.4,16163.2,16163.5,16166.2,16166.6,0.4,12231.54012
2026-06-26T13:15:00+00:00,16166.5,16172.25,16164.05,16165.5,16166.3,16166.7,16172.1,16172.4,16163.9,16164.2,16165.4,16165.6,0.2,10747.78014
2026-06-26T13:30:00+00:00,16165.6,16167.2,16162.15,16163.15,16165.4,16165.8,16167,16167.4,16162,16162.3,16162.9,16163.4,0.5,9755.500133
2026-06-26T13:45:00+00:00,16163.2,16168.9,16162.5,16163.2,16163,16163.4,16168.7,16169.1,16162.3,16162.7,16162.7,16163.7,1,7208.600083
2026-06-26T14:00:00+00:00,16163.1,16164.6,16160.6,16162.7,16162.7,16163.5,16164.4,16164.8,16160.4,16160.8,16162.5,16162.9,0.4,8355.580086
2026-06-26T14:15:00+00:00,16162.8,16162.85,16157.9,16161.55,16162.6,16163,16162.7,16163,16157.7,16158.1,16161.4,16161.7,0.3,6041.710062
2026-06-26T14:30:00+00:00,16161.6,16164.1,16160.2,16161.25,16161.4,16161.8,16163.9,16164.3,16160.1,16160.3,16161,16161.5,0.5,5981.720066
2026-06-26T14:45:00+00:00,16161.3,16174.15,16159.35,16172.7,16161.1,16161.5,16174,16174.3,16159.3,16159.4,16172.6,16172.8,0.2,11806.75013
2026-06-26T15:00:00+00:00,16172.55,16174.8,16164.1,16165.75,16172.3,16172.8,16174.6,16175,16163.8,16164.4,16165.5,16166,0.5,11753.16009
2026-06-26T15:15:00+00:00,16165.7,16168,16164.6,16166.1,16165.5,16165.9,16167.8,16168.2,16164.4,16164.8,16165.9,16166.3,0.4,7309.540093
2026-06-26T15:30:00+00:00,16166.15,16167.5,16164.65,16165.35,16165.9,16166.4,16167.3,16167.7,16164.5,16164.8,16165.1,16165.6,0.5,6263.880069
2026-06-26T15:45:00+00:00,16165.35,16172.6,16163.5,16167.25,16165.1,16165.6,16172.4,16172.8,16163.3,16163.7,16167,16167.5,0.5,11176.18011
2026-06-26T16:00:00+00:00,16167.2,16170.1,16166.2,16169.9,16166.9,16167.5,16169.9,16170.3,16166,16166.4,16169.8,16170,0.2,5153.920063
2026-06-26T16:15:00+00:00,16169.85,16174.75,16169.15,16173.65,16169.8,16169.9,16174.5,16175,16169,16169.3,16173.5,16173.8,0.3,4988.910059
2026-06-26T16:30:00+00:00,16173.7,16177.2,16171.55,16173.8,16173.6,16173.8,16177,16177.4,16171.4,16171.7,16173.7,16173.9,0.2,5713.210068
2026-06-26T16:45:00+00:00,16173.85,16176.7,16173.6,16175.65,16173.7,16174,16176.6,16176.8,16173.4,16173.8,16175.4,16175.9,0.5,4601.540062
2026-06-26T17:00:00+00:00,16175.5,16176.75,16173.1,16174.75,16175.3,16175.7,16176.7,16176.8,16173,16173.2,16174.6,16174.9,0.3,5149.090045
2026-06-26T17:15:00+00:00,16174.8,16175.2,16173.4,16174.45,16174.6,16175,16175,16175.4,16173.2,16173.6,16174.2,16174.7,0.5,5566.140054
2026-06-26T17:30:00+00:00,16174.4,16176.55,16174,16174.7,16174.2,16174.6,16176.3,16176.8,16173.7,16174.3,16174.5,16174.9,0.4,5731.890066
2026-06-26T17:45:00+00:00,16174.65,16177.8,16174.2,16177.2,16174.4,16174.9,16177.6,16178,16174,16174.4,16177,16177.4,0.4,3953.610036
2026-06-26T18:00:00+00:00,16177.15,16177.75,16174.55,16176,16177,16177.3,16177.5,16178,16174.4,16174.7,16175.8,16176.2,0.4,4776.08004
2026-06-26T18:15:00+00:00,16176.05,16176.85,16173.3,16173.8,16175.9,16176.2,16176.7,16177,16173.1,16173.5,16173.6,16174,0.4,4089.160031
2026-06-26T18:30:00+00:00,16173.7,16174.25,16171.9,16173.1,16173.5,16173.9,16174,16174.5,16171.7,16172.1,16172.9,16173.3,0.4,3245.440042
2026-06-26T18:45:00+00:00,16173.25,16174.85,16171.2,16173.75,16173.1,16173.4,16174.7,16175,16171,16171.4,16173.5,16174,0.5,3780.940044
2026-06-26T19:00:00+00:00,16174,16174.65,16171.7,16172.6,16173.9,16174.1,16174.5,16174.8,16171.5,16171.9,16172.3,16172.9,0.6,4428.600049
2026-06-26T19:15:00+00:00,16172.75,16174.15,16172.55,16174.1,16172.6,16172.9,16174,16174.3,16172.4,16172.7,16174,16174.2,0.2,1269.72002
2026-06-26T19:30:00+00:00,16174.05,16176,16173.1,16175.45,16173.9,16174.2,16175.7,16176.3,16172.9,16173.3,16175.3,16175.6,0.3,1597.020026
2026-06-26T19:45:00+00:00,16175.35,16176.5,16171.2,16175.8,16175.2,16175.5,16176.2,16176.8,16171,16171.4,16175.5,16176.1,0.6,4935.390049
2026-06-26T20:00:00+00:00,16175.6,16176.75,16174.55,16175.2,16175.5,16175.7,16176.5,16177,16174.3,16174.8,16175,16175.4,0.4,3062.33003
2026-06-26T20:15:00+00:00,16175.25,16177.95,16173.05,16174.4,16175,16175.5,16177.6,16178.3,16172.8,16173.3,16174.1,16174.7,0.6,3260.140025
2026-06-26T20:30:00+00:00,16174.25,16177.75,16173.05,16174.75,16174,16174.5,16177.5,16178,16172.8,16173.3,16174.4,16175.1,0.7,6275.600041
2026-06-26T20:45:00+00:00,16174.7,16177.75,16171.65,16173.75,16174.4,16175,16177,16178.5,16169.1,16174.2,16169.2,16178.3,9.1,1903.980033
2026-06-28T21:00:00+00:00,16173.8,16176.35,16171.6,16174.25,16167.6,16180,16172.5,16180.2,16167.5,16175.7,16172.3,16176.2,3.9,50.55000055
2026-06-28T21:15:00+00:00,16174.45,16175.25,16173.95,16174.85,16172.3,16176.6,16172.9,16177.6,16171.5,16176.4,16172.2,16177.5,5.3,90.23000085
2026-06-28T21:30:00+00:00,16174.85,16180.15,16172.85,16173.25,16172.2,16177.5,16179.4,16180.9,16171.2,16174.5,16171.6,16174.9,3.3,210.4100037
2026-06-28T21:45:00+00:00,16173.4,16181.45,16173.4,16181.15,16171.8,16175,16179.7,16183.2,16171.8,16175,16179.7,16182.6,2.9,262.3500018
2026-06-28T22:00:00+00:00,16183.25,16188.55,16175.15,16177.65,16182.8,16183.7,16187.4,16189.7,16174.7,16175.6,16177.4,16177.9,0.5,3156.57
2026-06-28T22:15:00+00:00,16177.55,16180.35,16177.35,16179.15,16177.4,16177.7,16180.1,16180.6,16177.1,16177.6,16179,16179.3,0.3,1460.140014
2026-06-28T22:30:00+00:00,16179.05,16181,16178.1,16179.3,16178.8,16179.3,16180.7,16181.3,16177.8,16178.4,16179,16179.6,0.6,2239.510022
2026-06-28T22:45:00+00:00,16179.3,16180.9,16178.1,16179.35,16179,16179.6,16180.6,16181.2,16177.8,16178.4,16178.9,16179.8,0.9,2139.150019
2026-06-28T23:00:00+00:00,16178.9,16179.8,16177.75,16179.75,16178.7,16179.1,16179.5,16180.1,16177.4,16178.1,16179.4,16180.1,0.7,5385.990031
2026-06-28T23:15:00+00:00,16179.65,16179.85,16179.05,16179.4,16179.4,16179.9,16179.6,16180.1,16178.8,16179.3,16179.1,16179.7,0.6,2387.46002
2026-06-28T23:30:00+00:00,16179.55,16180.95,16178.6,16179.3,16179.3,16179.8,16180.7,16181.2,16178.4,16178.8,16179.1,16179.5,0.4,2440.840022
2026-06-28T23:45:00+00:00,16179.25,16180.75,16177.9,16179.55,16179,16179.5,16180.5,16181,16177.7,16178.1,16179.4,16179.7,0.3,2713.27003
2026-06-29T00:00:00+00:00,16179.6,16179.6,16173.9,16174.45,16179.4,16179.8,16179.4,16179.8,16173.7,16174.1,16174.2,16174.7,0.5,6414.980073
2026-06-29T00:15:00+00:00,16174.3,16178.95,16172.7,16176.95,16174.2,16174.4,16178.7,16179.2,16172.5,16172.9,16176.7,16177.2,0.5,5254.070067
2026-06-29T00:30:00+00:00,16176.8,16177.25,16173.9,16174.2,16176.6,16177,16177,16177.5,16173.7,16174.1,16174,16174.4,0.4,2145.400025
2026-06-29T00:45:00+00:00,16174.25,16177,16171.9,16176.1,16174.1,16174.4,16176.9,16177.1,16171.8,16172,16175.9,16176.3,0.4,4699.920053
2026-06-29T01:00:00+00:00,16176.05,16177.5,16174.65,16175.45,16175.9,16176.2,16177.3,16177.7,16174.4,16174.9,16175.2,16175.7,0.5,3124.56003
2026-06-29T01:15:00+00:00,16175.4,16177.75,16173.5,16177.1,16175.1,16175.7,16177.6,16177.9,16173.3,16173.7,16176.9,16177.3,0.4,5902.270072
2026-06-29T01:30:00+00:00,16177.05,16177.75,16175.35,16177.45,16176.9,16177.2,16177.6,16177.9,16175.2,16175.5,16177.3,16177.6,0.3,1722.000028
2026-06-29T01:45:00+00:00,16177.35,16179.4,16177,16179,16177.2,16177.5,16179.2,16179.6,16176.8,16177.2,16178.8,16179.2,0.4,3093.880038
2026-06-29T02:00:00+00:00,16179.15,16179.25,16174.45,16175.65,16179,16179.3,16179,16179.5,16174.3,16174.6,16175.5,16175.8,0.3,3135.490035
2026-06-29T02:15:00+00:00,16175.6,16176.3,16173.3,16176.05,16175.4,16175.8,16176.1,16176.5,16173.2,16173.4,16175.9,16176.2,0.3,2354.160029
2026-06-29T02:30:00+00:00,16176.2,16178.4,16175.95,16177.4,16176,16176.4,16178.3,16178.5,16175.7,16176.2,16177.3,16177.5,0.2,3309.19004
2026-06-29T02:45:00+00:00,16177.35,16179.15,16176.7,16178.8,16177.2,16177.5,16178.9,16179.4,16176.5,16176.9,16178.5,16179.1,0.6,3181.130025
2026-06-29T03:00:00+00:00,16178.7,16179.35,16178.05,16178.6,16178.4,16179,16179.1,16179.6,16177.9,16178.2,16178.4,16178.8,0.4,3629.850036
2026-06-29T03:15:00+00:00,16178.55,16178.9,16177.65,16177.95,16178.4,16178.7,16178.7,16179.1,16177.5,16177.8,16177.8,16178.1,0.3,1832.800033
2026-06-29T03:30:00+00:00,16178,16178.85,16177.45,16178.6,16177.9,16178.1,16178.7,16179,16177.2,16177.7,16178.4,16178.8,0.4,1121.310017
2026-06-29T03:45:00+00:00,16178.55,16179.75,16177.5,16179.75,16178.4,16178.7,16179.6,16179.9,16177.4,16177.6,16179.6,16179.9,0.3,2168.85003
2026-06-29T04:00:00+00:00,16179.7,16179.7,16178.65,16179.1,16179.6,16179.8,16179.6,16179.8,16178.4,16178.9,16178.9,16179.3,0.4,2171.250023
2026-06-29T04:15:00+00:00,16179.05,16181.4,16179.05,16181.25,16178.8,16179.3,16181.2,16181.6,16178.8,16179.3,16181.1,16181.4,0.3,1898.700023
2026-06-29T04:30:00+00:00,16181.15,16181.45,16179.9,16180.5,16181,16181.3,16181.3,16181.6,16179.7,16180.1,16180.3,16180.7,0.4,1470.600018
2026-06-29T04:45:00+00:00,16180.4,16181.6,16179.3,16181.4,16180.3,16180.5,16181.4,16181.8,16179.1,16179.5,16181.2,16181.6,0.4,2033.130026
2026-06-29T05:00:00+00:00,16181.45,16181.65,16178.65,16179.1,16181.2,16181.7,16181.4,16181.9,16178.4,16178.9,16178.8,16179.4,0.6,2277.230026
2026-06-29T05:15:00+00:00,16179.05,16181.1,16178.95,16180.25,16178.8,16179.3,16180.9,16181.3,16178.7,16179.2,16180,16180.5,0.5,2369.80003
2026-06-29T05:30:00+00:00,16180.3,16180.6,16179.25,16179.55,16180.1,16180.5,16180.4,16180.8,16179.1,16179.4,16179.2,16179.9,0.7,2389.810015
2026-06-29T05:45:00+00:00,16179.6,16180.85,16178.45,16180.3,16179.4,16179.8,16180.6,16181.1,16178.3,16178.6,16180.1,16180.5,0.4,4441.160048
2026-06-29T06:00:00+00:00,16180.35,16182.2,16179.45,16181.3,16180.1,16180.6,16182,16182.4,16179.3,16179.6,16181.1,16181.5,0.4,6654.560058
2026-06-29T06:15:00+00:00,16181.35,16185,16181.1,16184.3,16181.1,16181.6,16184.8,16185.2,16180.9,16181.3,16184.2,16184.4,0.2,5926.020046
2026-06-29T06:30:00+00:00,16184.25,16185.1,16180.5,16180.5,16184.2,16184.3,16184.9,16185.3,16180.4,16180.6,16180.4,16180.6,0.2,4659.950053
2026-06-29T06:45:00+00:00,16180.55,16181.65,16177.85,16179.1,16180.4,16180.7,16181.5,16181.8,16177.7,16178,16178.9,16179.3,0.4,7456.580046
2026-06-29T07:00:00+00:00,16179.25,16181.8,16179.25,16180.6,16179.1,16179.4,16181.6,16182,16179.1,16179.4,16180.4,16180.8,0.4,10416.23007
2026-06-29T07:15:00+00:00,16180.65,16181.8,16178.85,16179.1,16180.5,16180.8,16181.6,16182,16178.7,16179,16178.9,16179.3,0.4,4551.300038
2026-06-29T07:30:00+00:00,16179.05,16181.2,16179.05,16180.7,16178.9,16179.2,16181,16181.4,16178.9,16179.2,16180.5,16180.9,0.4,5314.110048
2026-06-29T07:45:00+00:00,16180.65,16183.1,16180.3,16182.5,16180.5,16180.8,16183,16183.2,16180.1,16180.5,16182.4,16182.6,0.2,5970.330063
2026-06-29T08:00:00+00:00,16182.5,16182.95,16180.25,16180.8,16182.4,16182.6,16182.7,16183.2,16180.1,16180.4,16180.6,16181,0.4,6682.210045
2026-06-29T08:15:00+00:00,16181,16185.15,16180.9,16184.35,16180.9,16181.1,16185,16185.3,16180.7,16181.1,16184.2,16184.5,0.3,5481.51003
2026-06-29T08:30:00+00:00,16184.4,16185.6,16183.65,16185.45,16184.3,16184.5,16185.4,16185.8,16183.5,16183.8,16185.3,16185.6,0.3,4408.230029
2026-06-29T08:45:00+00:00,16185.5,16185.9,16183.85,16185.4,16185.4,16185.6,16185.7,16186.1,16183.7,16184,16185.2,16185.6,0.4,3283.350028
2026-06-29T09:00:00+00:00,16185.35,16186,16183.35,16185.95,16185.1,16185.6,16185.8,16186.2,16183.1,16183.6,16185.8,16186.1,0.3,5195.910041
2026-06-29T09:15:00+00:00,16186,16188.2,16185.45,16187.45,16185.9,16186.1,16188,16188.4,16185.3,16185.6,16187.3,16187.6,0.3,5060.270035
2026-06-29T09:30:00+00:00,16187.5,16189.8,16187.05,16189.55,16187.3,16187.7,16189.6,16190,16186.9,16187.2,16189.4,16189.7,0.3,5110.200048
2026-06-29T09:45:00+00:00,16189.5,16190,16188.05,16188.5,16189.4,16189.6,16189.8,16190.2,16187.9,16188.2,16188.3,16188.7,0.4,5148.420046
2026-06-29T10:00:00+00:00,16188.55,16190.1,16188.05,16188.4,16188.4,16188.7,16189.9,16190.3,16187.9,16188.2,16188.2,16188.6,0.4,6788.090055
2026-06-29T10:15:00+00:00,16188.5,16189.9,16188.15,16188.2,16188.3,16188.7,16189.8,16190,16188,16188.3,16188.1,16188.3,0.2,5430.300043
2026-06-29T10:30:00+00:00,16188.3,16188.35,16187,16187.65,16188.2,16188.4,16188.2,16188.5,16186.8,16187.2,16187.5,16187.8,0.3,4687.740035
2026-06-29T10:45:00+00:00,16187.7,16188.5,16184.75,16185.7,16187.5,16187.9,16188.3,16188.7,16184.6,16184.9,16185.5,16185.9,0.4,7317.78005
2026-06-29T11:00:00+00:00,16185.75,16186.3,16184.4,16185.8,16185.6,16185.9,16186.1,16186.5,16184.2,16184.6,16185.6,16186,0.4,4845.470045
2026-06-29T11:15:00+00:00,16185.85,16186.15,16183.25,16183.65,16185.7,16186,16186,16186.3,16183.1,16183.4,16183.5,16183.8,0.3,4800.910039
2026-06-29T11:30:00+00:00,16183.7,16184.8,16181.5,16184.7,16183.5,16183.9,16184.7,16184.9,16181.3,16181.7,16184.6,16184.8,0.2,6449.410073
2026-06-29T11:45:00+00:00,16184.75,16185.25,16181.7,16183.8,16184.6,16184.9,16185,16185.5,16181.5,16181.9,16183.5,16184.1,0.6,5021.300061
2026-06-29T12:00:00+00:00,16183.85,16186,16183.4,16185.25,16183.7,16184,16185.8,16186.2,16183.2,16183.6,16185.2,16185.3,0.1,5979.040055
2026-06-29T12:15:00+00:00,16185.15,16188.85,16184.9,16188.5,16185.1,16185.2,16188.7,16189,16184.8,16185,16188.3,16188.7,0.4,7144.440092
2026-06-29T12:30:00+00:00,16188.55,16190.35,16186.9,16189.55,16188.4,16188.7,16190.2,16190.5,16186.7,16187.1,16189.4,16189.7,0.3,6349.020042
2026-06-29T12:45:00+00:00,16189.6,16190.2,16188,16189.45,16189.4,16189.8,16190,16190.4,16187.8,16188.2,16189.1,16189.8,0.7,7804.720085
2026-06-29T13:00:00+00:00,16189.4,16190,16188.55,16189.4,16189.1,16189.7,16189.8,16190.2,16188.3,16188.8,16189.2,16189.6,0.4,9521.800069
2026-06-29T13:15:00+00:00,16189.45,16193.65,16189.05,16192.45,16189.3,16189.6,16193.5,16193.8,16188.9,16189.2,16192.3,16192.6,0.3,11565.05007
2026-06-29T13:30:00+00:00,16192.4,16194.65,16189.75,16194.2,16192.3,16192.5,16194.5,16194.8,16189.6,16189.9,16194.1,16194.3,0.2,10811.32007
2026-06-29T13:45:00+00:00,16194.15,16196.55,16190.1,16195.8,16194.1,16194.2,16196.4,16196.7,16190,16190.2,16195.7,16195.9,0.2,13735.16007
2026-06-29T14:00:00+00:00,16195.85,16195.85,16181.05,16190.95,16195.7,16196,16195.7,16196,16180.9,16181.2,16190.8,16191.1,0.3,15901.04011
2026-06-29T14:15:00+00:00,16191,16192.9,16188.2,16192.15,16190.8,16191.2,16192.7,16193.1,16188,16188.4,16192,16192.3,0.3,14108.10009
2026-06-29T14:30:00+00:00,16192.1,16192.8,16189.75,16192.55,16192,16192.2,16192.6,16193,16189.6,16189.9,16192.4,16192.7,0.3,9555.440072
2026-06-29T14:45:00+00:00,16192.5,16193.85,16190.8,16192.95,16192.4,16192.6,16193.7,16194,16190.6,16191,16192.8,16193.1,0.3,11310.17008
2026-06-29T15:00:00+00:00,16192.8,16194.45,16192.75,16193.2,16192.6,16193,16194.3,16194.6,16192.6,16192.9,16193.1,16193.3,0.2,7107.530072
2026-06-29T15:15:00+00:00,16193.5,16194.8,16192.15,16193.55,16193.4,16193.6,16194.5,16195.1,16192,16192.3,16193.4,16193.7,0.3,5771.110068
2026-06-29T15:30:00+00:00,16193.6,16195.25,16192.75,16193.25,16193.5,16193.7,16195.1,16195.4,16192.7,16192.8,16193.1,16193.4,0.3,7758.070067
2026-06-29T15:45:00+00:00,16193.35,16194.15,16192.65,16193.35,16193.3,16193.4,16194,16194.3,16192.5,16192.8,16193.2,16193.5,0.3,6821.730087
2026-06-29T16:00:00+00:00,16193.3,16193.95,16191.85,16193.45,16193.1,16193.5,16193.7,16194.2,16191.7,16192,16193.3,16193.6,0.3,4419.690053
2026-06-29T16:15:00+00:00,16193.4,16194.05,16192.65,16193.9,16193.3,16193.5,16193.9,16194.2,16192.5,16192.8,16193.7,16194.1,0.4,4162.440059
2026-06-29T16:30:00+00:00,16193.8,16194.1,16192.9,16193.3,16193.6,16194,16193.9,16194.3,16192.7,16193.1,16193.1,16193.5,0.4,4109.490039
2026-06-29T16:45:00+00:00,16193.1,16194.65,16192.1,16194.4,16193,16193.2,16194.5,16194.8,16191.9,16192.3,16194.2,16194.6,0.4,7692.000056
2026-06-29T17:00:00+00:00,16194.35,16194.7,16193.6,16193.85,16194.1,16194.6,16194.5,16194.9,16193.4,16193.8,16193.7,16194,0.3,5338.380044
2026-06-29T17:15:00+00:00,16193.8,16196.05,16193.7,16195.05,16193.6,16194,16195.9,16196.2,16193.5,16193.9,16194.9,16195.2,0.3,5393.030056
2026-06-29T17:30:00+00:00,16195.1,16195.2,16193.25,16194.8,16195,16195.2,16195,16195.4,16193.1,16193.4,16194.6,16195,0.4,4387.980037
2026-06-29T17:45:00+00:00,16194.75,16195.15,16192.05,16193.65,16194.5,16195,16194.9,16195.4,16191.9,16192.2,16193.4,16193.9,0.5,4978.240003
2026-06-29T18:00:00+00:00,16193.8,16194.9,16193.1,16193.55,16193.6,16194,16194.7,16195.1,16193,16193.2,16193.4,16193.7,0.3,4244.940014
2026-06-29T18:15:00+00:00,16193.6,16194.65,16192.7,16194.45,16193.4,16193.8,16194.5,16194.8,16192.6,16192.8,16194.3,16194.6,0.3,2298.680022
2026-06-29T18:30:00+00:00,16194.35,16194.95,16194.3,16194.55,16194.1,16194.6,16194.8,16195.1,16194.1,16194.5,16194.4,16194.7,0.3,2336.850021
2026-06-29T18:45:00+00:00,16194.6,16198.35,16194.55,16197.15,16194.5,16194.7,16198.2,16198.5,16194.4,16194.7,16197,16197.3,0.3,9045.480053
2026-06-29T19:00:00+00:00,16197.1,16197.2,16194.8,16196.05,16196.8,16197.4,16197,16197.4,16194.6,16195,16195.9,16196.2,0.3,2884.440028
2026-06-29T19:15:00+00:00,16196,16196.15,16193.8,16194.1,16195.8,16196.2,16196,16196.3,16193.7,16193.9,16193.9,16194.3,0.4,3315.520045
2026-06-29T19:30:00+00:00,16194.05,16194.15,16192.75,16193.15,16193.8,16194.3,16193.9,16194.4,16192.6,16192.9,16193,16193.3,0.3,5232.800046
2026-06-29T19:45:00+00:00,16193.2,16194.85,16190.8,16194.15,16193.1,16193.3,16194.7,16195,16190.6,16191,16193.9,16194.4,0.5,6714.070065
2026-06-29T20:00:00+00:00,16194.2,16195.7,16193.6,16193.65,16194,16194.4,16195.5,16195.9,16193.4,16193.8,16193.5,16193.8,0.3,4217.640049
2026-06-29T20:15:00+00:00,16193.7,16194.55,16192.95,16194.05,16193.5,16193.9,16194.3,16194.8,16192.7,16193.2,16193.8,16194.3,0.5,2398.320026
2026-06-29T20:30:00+00:00,16194.05,16196.4,16193.95,16195.05,16193.7,16194.4,16196.2,16196.6,16193.7,16194.2,16194.9,16195.2,0.3,2688.510025
2026-06-29T20:45:00+00:00,16195,16196.55,16193.4,16193.85,16194.8,16195.2,16196.3,16196.8,16192.8,16194,16192.8,16194.9,2.1,1319.330014
2026-06-29T21:00:00+00:00,16194,16194.65,16191.1,16193,16192.7,16195.3,16193,16196.3,16189,16193.2,16190.4,16195.6,5.2,609.6100012
2026-06-29T21:15:00+00:00,16193.15,16194.1,16189.85,16191.4,16190.7,16195.6,16192.3,16195.9,16188.9,16190.8,16190.2,16192.6,2.4,664.7700055
2026-06-29T21:30:00+00:00,16191.35,16192.05,16190.75,16191.35,16190.2,16192.5,16191,16193.1,16190,16191.5,16190.6,16192.1,1.5,1478.890011
2026-06-29T21:45:00+00:00,16191.45,16192.9,16189.6,16192.5,16190.7,16192.2,16191,16194.8,16188.1,16191.1,16190.6,16194.4,3.8,1064.01001
2026-06-29T22:00:00+00:00,16192.25,16194.25,16191.55,16193.5,16190.5,16194,16193.7,16194.8,16190.2,16192.9,16193.1,16193.9,0.8,2104.590006
2026-06-29T22:15:00+00:00,16193.55,16194.6,16192.75,16193.15,16193.1,16194,16194.2,16195,16192.4,16193.1,16192.7,16193.6,0.9,1339.870009
2026-06-29T22:30:00+00:00,16193.2,16194.05,16192.9,16193.6,16192.8,16193.6,16193.7,16194.4,16192.5,16193.3,16193.3,16193.9,0.6,2135.50001
2026-06-29T22:45:00+00:00,16193.55,16193.95,16192.25,16192.5,16193.3,16193.8,16193.6,16194.3,16191.9,16192.6,16192.1,16192.9,0.8,1495.820008
2026-06-29T23:00:00+00:00,16192.35,16192.65,16191.25,16192.45,16191.9,16192.8,16192.3,16193,16191,16191.5,16192.2,16192.7,0.5,1179.180009
2026-06-29T23:15:00+00:00,16192.5,16193.15,16191.85,16192.25,16192.2,16192.8,16192.9,16193.4,16191.6,16192.1,16191.9,16192.6,0.7,1497.45002
2026-06-29T23:30:00+00:00,16192.35,16192.85,16191,16191.45,16192.1,16192.6,16192.6,16193.1,16190.8,16191.2,16191.3,16191.6,0.3,1600.740024
2026-06-29T23:45:00+00:00,16191.5,16193,16191.4,16192.6,16191.4,16191.6,16192.7,16193.3,16191.2,16191.6,16192.4,16192.8,0.4,2189.500019
2026-06-30T00:00:00+00:00,16192.5,16195.6,16192.45,16195.3,16192.3,16192.7,16195.5,16195.7,16192.3,16192.6,16195.2,16195.4,0.2,5131.120037
2026-06-30T00:15:00+00:00,16195.15,16196.45,16193.95,16195.45,16194.9,16195.4,16196.2,16196.7,16193.7,16194.2,16195.3,16195.6,0.3,4885.500042
2026-06-30T00:30:00+00:00,16195.4,16197.2,16194.9,16197.05,16195.2,16195.6,16197,16197.4,16194.7,16195.1,16196.9,16197.2,0.3,3600.980046
2026-06-30T00:45:00+00:00,16197,16240.4,16196.65,16213.7,16196.8,16197.2,16240.1,16240.7,16196.5,16196.8,16213.5,16213.9,0.4,19308.67017
2026-06-30T01:00:00+00:00,16213.65,16230.55,16210.5,16226.55,16213.4,16213.9,16230.3,16230.8,16210.3,16210.7,16226.4,16226.7,0.3,14365.87015
2026-06-30T01:15:00+00:00,16226.65,16226.65,16206.45,16212.7,16226.5,16226.8,16226.5,16226.8,16206.2,16206.7,16212.4,16213,0.6,9404.220124
2026-06-30T01:30:00+00:00,16212.65,16219.4,16205.4,16218.95,16212.5,16212.8,16219.1,16219.7,16205.2,16205.6,16218.7,16219.2,0.5,8260.530125
2026-06-30T01:45:00+00:00,16219,16220.65,16214.5,16218.45,16218.8,16219.2,16220.4,16220.9,16214.3,16214.7,16218.1,16218.8,0.7,10351.66011
2026-06-30T02:00:00+00:00,16218.5,16219.8,16212.55,16213.35,16218.3,16218.7,16219.6,16220,16212.4,16212.7,16213.1,16213.6,0.5,7682.710096
2026-06-30T02:15:00+00:00,16213.45,16217.45,16211,16214.75,16213.2,16213.7,16217.2,16217.7,16210.8,16211.2,16214.5,16215,0.5,4556.140067
2026-06-30T02:30:00+00:00,16214.85,16215.2,16211.65,16213.2,16214.7,16215,16215,16215.4,16211.4,16211.9,16213,16213.4,0.4,2247.490041
2026-06-30T02:45:00+00:00,16212.9,16218.8,16212.35,16214.8,16212.8,16213,16218.6,16219,16212.1,16212.6,16214.6,16215,0.4,7093.740083
2026-06-30T03:00:00+00:00,16214.75,16220.4,16213.35,16220.4,16214.5,16215,16220.2,16220.6,16213.1,16213.6,16220.2,16220.6,0.4,4975.270062
2026-06-30T03:15:00+00:00,16220.5,16224.55,16204.25,16214.95,16220.2,16220.8,16224.4,16224.7,16204.2,16204.3,16214.8,16215.1,0.3,5870.440086
2026-06-30T03:30:00+00:00,16215.05,16217.35,16211.9,16217.1,16214.8,16215.3,16217.1,16217.6,16211.7,16212.1,16216.9,16217.3,0.4,4105.440069
2026-06-30T03:45:00+00:00,16217.05,16218,16216.5,16217.45,16216.9,16217.2,16217.8,16218.2,16216.3,16216.7,16217.2,16217.7,0.5,1784.240027
2026-06-30T04:00:00+00:00,16217.5,16219.65,16216.35,16218.35,16217.3,16217.7,16219.5,16219.8,16216.1,16216.6,16218.1,16218.6,0.5,2124.360024
2026-06-30T04:15:00+00:00,16218.4,16218.95,16216.5,16217.5,16218.2,16218.6,16218.8,16219.1,16216.4,16216.6,16217.3,16217.7,0.4,1844.550025
2026-06-30T04:30:00+00:00,16217.55,16219.3,16215.05,16218.05,16217.4,16217.7,16219.1,16219.5,16215,16215.1,16218,16218.1,0.1,2262.440029
2026-06-30T04:45:00+00:00,16218.1,16220.3,16217,16220.3,16218,16218.2,16220.1,16220.5,16216.9,16217.1,16220.1,16220.5,0.4,3897.900058
2026-06-30T05:00:00+00:00,16220.7,16222.65,16215.5,16221.25,16220.6,16220.8,16222.4,16222.9,16215.3,16215.7,16221.1,16221.4,0.3,4460.380057
2026-06-30T05:15:00+00:00,16221.2,16221.5,16217.6,16220.15,16221,16221.4,16221.3,16221.7,16217.4,16217.8,16220,16220.3,0.3,2537.440036
2026-06-30T05:30:00+00:00,16220.2,16223.4,16219.9,16222.5,16220,16220.4,16223.2,16223.6,16219.7,16220.1,16222.2,16222.8,0.6,2429.450033
2026-06-30T05:45:00+00:00,16222.55,16229.1,16222.35,16229.1,16222.3,16222.8,16228.8,16229.4,16222.1,16222.6,16228.8,16229.4,0.6,5294.950054
2026-06-30T06:00:00+00:00,16229.15,16241.45,16225.5,16232.55,16228.9,16229.4,16241.2,16241.7,16225.4,16225.6,16232.3,16232.8,0.5,14462.85014
2026-06-30T06:15:00+00:00,16232.5,16233.55,16223.6,16224.6,16232.3,16232.7,16233.4,16233.7,16223.4,16223.8,16224.3,16224.9,0.6,15240.78015
2026-06-30T06:30:00+00:00,16224.7,16231.9,16224.7,16226.6,16224.6,16224.8,16231.7,16232.1,16224.6,16224.8,16226.4,16226.8,0.4,10144.47012
2026-06-30T06:45:00+00:00,16226.5,16229.2,16220.5,16220.6,16226.3,16226.7,16229.1,16229.3,16220.3,16220.7,16220.4,16220.8,0.4,10552.6401
2026-06-30T07:00:00+00:00,16220.5,16223.9,16218.35,16222.15,16220.4,16220.6,16223.7,16224.1,16218.2,16218.5,16222,16222.3,0.3,6947.600102
2026-06-30T07:15:00+00:00,16222.2,16223.25,16215.7,16216.9,16222,16222.4,16223.1,16223.4,16215.4,16216,16216.7,16217.1,0.4,7863.700083
2026-06-30T07:30:00+00:00,16216.75,16217.85,16211.95,16217.75,16216.6,16216.9,16217.6,16218.1,16211.8,16212.1,16217.6,16217.9,0.3,6058.650077
2026-06-30T07:45:00+00:00,16217.65,16226.85,16216.65,16225.8,16217.4,16217.9,16226.7,16227,16216.5,16216.8,16225.6,16226,0.4,8187.550091
2026-06-30T08:00:00+00:00,16225.95,16232.65,16222.65,16232.65,16225.8,16226.1,16232.5,16232.8,16222.4,16222.9,16232.5,16232.8,0.3,12280.19013
2026-06-30T08:15:00+00:00,16232.7,16233.95,16229.15,16231.05,16232.5,16232.9,16233.7,16234.2,16229,16229.3,16230.9,16231.2,0.3,7502.58007
2026-06-30T08:30:00+00:00,16231.1,16238.9,16230.15,16238.3,16231,16231.2,16238.7,16239.1,16230,16230.3,16238.1,16238.5,0.4,6743.890064
2026-06-30T08:45:00+00:00,16238.35,16241.5,16231,16231.8,16238.2,16238.5,16241.3,16241.7,16230.8,16231.2,16231.7,16231.9,0.2,8458.900092
2026-06-30T09:00:00+00:00,16231.9,16234.9,16226.85,16229.55,16231.6,16232.2,16234.8,16235,16226.7,16227,16229.4,16229.7,0.3,7628.200088
2026-06-30T09:15:00+00:00,16229.6,16232.75,16227.65,16230.35,16229.4,16229.8,16232.6,16232.9,16227.5,16227.8,16230.2,16230.5,0.3,8635.080084
2026-06-30T09:30:00+00:00,16230.25,16232.15,16229.1,16230.65,16230.1,16230.4,16232,16232.3,16228.9,16229.3,16230.5,16230.8,0.3,5306.840074
2026-06-30T09:45:00+00:00,16230.6,16231.6,16227.35,16229.35,16230.4,16230.8,16231.5,16231.7,16227.2,16227.5,16229.2,16229.5,0.3,4887.490069
2026-06-30T10:00:00+00:00,16229.3,16233.15,16229.25,16232.7,16229.1,16229.5,16232.9,16233.4,16229.1,16229.4,16232.5,16232.9,0.4,5982.810066
2026-06-30T10:15:00+00:00,16232.75,16233.65,16230.65,16233.45,16232.6,16232.9,16233.5,16233.8,16230.4,16230.9,16233.3,16233.6,0.3,4581.820061
2026-06-30T10:30:00+00:00,16233.4,16235.55,16232.65,16235.1,16233.2,16233.6,16235.4,16235.7,16232.4,16232.9,16234.9,16235.3,0.4,3295.360054
2026-06-30T10:45:00+00:00,16235,16235.7,16231.45,16231.7,16234.8,16235.2,16235.5,16235.9,16231.2,16231.7,16231.5,16231.9,0.4,5959.75008
2026-06-30T11:00:00+00:00,16231.65,16235.4,16231.6,16234.8,16231.5,16231.8,16235.2,16235.6,16231.4,16231.8,16234.7,16234.9,0.2,6171.240084
2026-06-30T11:15:00+00:00,16234.75,16239.45,16234.7,16238.25,16234.6,16234.9,16239.3,16239.6,16234.5,16234.9,16238.1,16238.4,0.3,7280.170097
2026-06-30T11:30:00+00:00,16238.2,16242.75,16237.55,16239.3,16238,16238.4,16242.6,16242.9,16237.3,16237.8,16239.1,16239.5,0.4,5864.420071
2026-06-30T11:45:00+00:00,16239.25,16242.25,16238.7,16241.6,16239,16239.5,16242.1,16242.4,16238.5,16238.9,16241.4,16241.8,0.4,5684.880065
2026-06-30T12:00:00+00:00,16241.5,16244.95,16240.4,16242.1,16241.4,16241.6,16244.8,16245.1,16240.3,16240.5,16241.9,16242.3,0.4,6285.800071
2026-06-30T12:15:00+00:00,16242.15,16249.8,16241.9,16247.9,16242,16242.3,16249.7,16249.9,16241.7,16242.1,16247.7,16248.1,0.4,7510.020089
2026-06-30T12:30:00+00:00,16248,16251.2,16202.85,16240.95,16247.8,16248.2,16251,16251.4,16202.7,16203,16240.8,16241.1,0.3,17083.81019
2026-06-30T12:45:00+00:00,16241,16244.05,16238.05,16240.55,16240.8,16241.2,16243.9,16244.2,16237.9,16238.2,16240.3,16240.8,0.5,9818.2301
2026-06-30T13:00:00+00:00,16240.35,16241.9,16235.05,16237.85,16240.1,16240.6,16241.7,16242.1,16234.9,16235.2,16237.7,16238,0.3,5428.94007
2026-06-30T13:15:00+00:00,16237.8,16238.45,16231.65,16233.75,16237.6,16238,16238.3,16238.6,16231.5,16231.8,16233.6,16233.9,0.3,8885.250108
2026-06-30T13:30:00+00:00,16233.7,16242.55,16232.7,16239.75,16233.5,16233.9,16242.3,16242.8,16232.5,16232.9,16239.6,16239.9,0.3,5888.450082
2026-06-30T13:45:00+00:00,16239.8,16247.85,16239.8,16247.15,16239.7,16239.9,16247.6,16248.1,16239.7,16239.9,16246.7,16247.6,0.9,10965.6001
2026-06-30T14:00:00+00:00,16247.25,16251.3,16241.75,16245.3,16246.9,16247.6,16250.5,16252.1,16241.6,16241.9,16245.2,16245.4,0.2,13909.89017
2026-06-30T14:15:00+00:00,16245.2,16245.85,16238.9,16240.95,16245,16245.4,16245.7,16246,16238.8,16239,16240.7,16241.2,0.5,12550.16016
2026-06-30T14:30:00+00:00,16240.9,16243.45,16240.35,16241.15,16240.6,16241.2,16243.2,16243.7,16240.2,16240.5,16241,16241.3,0.3,12116.31016
2026-06-30T14:45:00+00:00,16241.1,16255.1,16235.7,16251.6,16241,16241.2,16254.9,16255.3,16235.5,16235.9,16251.5,16251.7,0.2,23983.40028
2026-06-30T15:00:00+00:00,16251.55,16254.3,16247.2,16251.05,16251.5,16251.6,16254.2,16254.4,16247,16247.4,16250.9,16251.2,0.3,15838.06018
2026-06-30T15:15:00+00:00,16251.1,16254.8,16251,16254.5,16251,16251.2,16254.6,16255,16250.8,16251.2,16254.4,16254.6,0.2,8739.240097
2026-06-30T15:30:00+00:00,16254.45,16266.4,16253.05,16265.85,16254.4,16254.5,16266.2,16266.6,16252.9,16253.2,16265.7,16266,0.3,11070.34013
2026-06-30T15:45:00+00:00,16265.8,16265.8,16258.55,16261.5,16265.7,16265.9,16265.7,16265.9,16258.3,16258.8,16261.2,16261.8,0.6,5594.23008
2026-06-30T16:00:00+00:00,16261.55,16266.75,16261.3,16265.8,16261.4,16261.7,16266.6,16266.9,16261.1,16261.5,16265.6,16266,0.4,6074.940079
2026-06-30T16:15:00+00:00,16265.75,16267.15,16261.9,16262.5,16265.6,16265.9,16267,16267.3,16261.7,16262.1,16262.3,16262.7,0.4,4834.710054
2026-06-30T16:30:00+00:00,16262.45,16263.6,16260.3,16261.55,16262.2,16262.7,16263.4,16263.8,16260.1,16260.5,16261.3,16261.8,0.5,6487.680072
2026-06-30T16:45:00+00:00,16261.6,16265.85,16260.2,16264.85,16261.4,16261.8,16265.6,16266.1,16260,16260.4,16264.7,16265,0.3,5786.150069
2026-06-30T17:00:00+00:00,16264.75,16264.95,16261.3,16263.1,16264.7,16264.8,16264.8,16265.1,16261.1,16261.5,16262.9,16263.3,0.4,4408.320044
2026-06-30T17:15:00+00:00,16263.15,16263.2,16258.4,16259.05,16263,16263.3,16263,16263.4,16258.2,16258.6,16258.9,16259.2,0.3,4445.360053
2026-06-30T17:30:00+00:00,16259.1,16261.15,16259,16260.1,16258.9,16259.3,16261,16261.3,16258.8,16259.2,16259.9,16260.3,0.4,4134.100052
2026-06-30T17:45:00+00:00,16260.2,16260.45,16255.8,16258.55,16260.1,16260.3,16260.2,16260.7,16255.6,16256,16258.4,16258.7,0.3,3856.190051
2026-06-30T18:00:00+00:00,16258.6,16260.65,16256.7,16259.5,16258.4,16258.8,16260.5,16260.8,16256.5,16256.9,16259.3,16259.7,0.4,4382.510053
2026-06-30T18:15:00+00:00,16259.65,16260.85,16257.9,16258.6,16259.4,16259.9,16260.7,16261,16257.7,16258.1,16258.5,16258.7,0.2,4326.79004
2026-06-30T18:30:00+00:00,16258.7,16261.6,16258.1,16261.35,16258.5,16258.9,16261.4,16261.8,16257.9,16258.3,16261.2,16261.5,0.3,4029.890045
2026-06-30T18:45:00+00:00,16261.4,16262.15,16256.1,16261.9,16261.3,16261.5,16262,16262.3,16255.9,16256.3,16261.7,16262.1,0.4,5610.810069
2026-06-30T19:00:00+00:00,16262.1,16262.15,16257.5,16259.3,16262,16262.2,16262,16262.3,16257.3,16257.7,16259.1,16259.5,0.4,7523.580101
2026-06-30T19:15:00+00:00,16259.35,16263.2,16258.15,16262.55,16259.2,16259.5,16263,16263.4,16257.9,16258.4,16262.4,16262.7,0.3,4376.710055
2026-06-30T19:30:00+00:00,16262.6,16263.25,16259.35,16261.1,16262.5,16262.7,16263,16263.5,16259.2,16259.5,16260.8,16261.4,0.6,4193.680063
2026-06-30T19:45:00+00:00,16261.15,16262.3,16258.25,16258.25,16261,16261.3,16262.1,16262.5,16258.1,16258.4,16258.1,16258.4,0.3,5355.240069
2026-06-30T20:00:00+00:00,16258.3,16259.6,16257.2,16257.9,16258.1,16258.5,16259.4,16259.8,16257,16257.4,16257.7,16258.1,0.4,6359.960068
2026-06-30T20:15:00+00:00,16257.85,16258.6,16255.3,16258.2,16257.7,16258,16258.5,16258.7,16255.1,16255.5,16257.9,16258.5,0.6,3200.610038
2026-06-30T20:30:00+00:00,16258.35,16261.35,16257.45,16257.5,16258.2,16258.5,16261.1,16261.6,16257.2,16257.7,16257.3,16257.7,0.4,3230.32003
2026-06-30T20:45:00+00:00,16257.55,16259.5,16254.1,16256.1,16257.4,16257.7,16258.8,16260.2,16252.7,16255.5,16252.8,16259.4,6.6,2643.250054
2026-06-30T21:00:00+00:00,16254.95,16263.9,16253.05,16262.95,16250.5,16259.4,16262,16265.8,16247.6,16258.5,16261,16264.9,3.9,660.6900057
2026-06-30T21:15:00+00:00,16262.8,16263.1,16260.25,16262.45,16260.7,16264.9,16261.3,16264.9,16259.2,16261.3,16261.3,16263.6,2.3,1888.949993
2026-06-30T21:30:00+00:00,16262.35,16262.8,16256.15,16256.7,16261.1,16263.6,16261.1,16264.5,16253.7,16258.6,16254.6,16258.8,4.2,3151.619978
2026-06-30T21:45:00+00:00,16256.5,16259.05,16254.95,16257.65,16254.6,16258.4,16256.6,16261.5,16253.1,16256.8,16255.2,16260.1,4.9,4754.759972
2026-06-30T22:00:00+00:00,16257.85,16262.5,16257.55,16262,16255.2,16260.5,16261.7,16263.3,16255.2,16259.9,16261.7,16262.3,0.6,1939.980016
2026-06-30T22:15:00+00:00,16261.95,16262.55,16260.8,16262.3,16261.7,16262.2,16262.2,16262.9,16260.4,16261.2,16261.9,16262.7,0.8,2701.650028
2026-06-30T22:30:00+00:00,16262.4,16262.75,16260.75,16261.05,16262,16262.8,16262.4,16263.1,16260.4,16261.1,16260.7,16261.4,0.7,1566.600008
2026-06-30T22:45:00+00:00,16261.15,16262.3,16260.7,16260.75,16260.8,16261.5,16261.9,16262.7,16260.3,16261.1,16260.3,16261.2,0.9,2265.890018
