timestamp,open,high,low,close,open_bid,open_ask,high_bid,high_ask,low_bid,low_ask,close_bid,close_ask,spread,volume
2026-04-26T21:00:00+00:00,15958.95,15962.15,15955.15,15959,15954.9,15963,15956,15968.3,15947.4,15962.9,15952.7,15965.3,12.6,186.330002
2026-04-26T21:15:00+00:00,15959.05,15960.15,15952.7,15955.3,15952.8,15965.3,15953.5,15966.8,15950.4,15955,15951.8,15958.8,7,298.6000049
2026-04-26T21:30:00+00:00,15955.2,15956.45,15953.8,15956.2,15951.7,15958.7,15952.1,15960.8,15950.9,15956.7,15951.6,15960.8,9.2,114.9000022
2026-04-26T21:45:00+00:00,15956.35,15958.75,15956,15956.8,15951.6,15961.1,15955,15962.5,15950.9,15961.1,15951.8,15961.8,10,35.1000005
2026-04-26T22:00:00+00:00,15956.5,15959.2,15951.4,15956.3,15951.8,15961.2,15957.2,15961.2,15950.5,15952.3,15955.9,15956.7,0.8,1329.640002
2026-04-26T22:15:00+00:00,15956.05,15957.6,15954.4,15956,15955.6,15956.5,15957.1,15958.1,15954,15954.8,15955.6,15956.4,0.8,589.6500168
2026-04-26T22:30:00+00:00,15955.85,15958.75,15955.05,15958.6,15955.6,15956.1,15958.4,15959.1,15954.6,15955.5,15958.1,15959.1,1,676.2700173
2026-04-26T22:45:00+00:00,15958.7,15958.85,15954.65,15954.8,15958.3,15959.1,15958.5,15959.2,15954.1,15955.2,15954.2,15955.4,1.2,784.0900161
2026-04-26T23:00:00+00:00,15954.7,15955.1,15950.85,15953.35,15954.1,15955.3,15954.6,15955.6,15950.7,15951,15953,15953.7,0.7,1315.090022
2026-04-26T23:15:00+00:00,15953.4,15957.45,15951.7,15956.95,15953.1,15953.7,15957.1,15957.8,15951.4,15952,15956.5,15957.4,0.9,860.9300148
2026-04-26T23:30:00+00:00,15957.1,15959,15956.65,15956.8,15956.7,15957.5,15958.7,15959.3,15956.4,15956.9,15956.5,15957.1,0.6,945.7500198
2026-04-26T23:45:00+00:00,15956.9,15959.7,15955.75,15958.5,15956.6,15957.2,15959.4,15960,15955.4,15956.1,15958.2,15958.8,0.6,807.9600173
2026-04-27T00:00:00+00:00,15958.6,15958.6,15950.1,15951.8,15958.3,15958.9,15958.3,15958.9,15949.8,15950.4,15951.5,15952.1,0.6,2072.130033
2026-04-27T00:15:00+00:00,15951.9,15953.3,15949.6,15950.9,15951.6,15952.2,15953,15953.6,15949.4,15949.8,15950.6,15951.2,0.6,1352.670022
2026-04-27T00:30:00+00:00,15950.55,15952.55,15947.4,15947.9,15950.4,15950.7,15952.2,15952.9,15947.1,15947.7,15947.6,15948.2,0.6,1027.800013
2026-04-27T00:45:00+00:00,15947.5,15953.8,15945,15948.05,15947.2,15947.8,15953.6,15954,15944.7,15945.3,15947.7,15948.4,0.7,2910.440044
2026-04-27T01:00:00+00:00,15947.75,15947.8,15934.75,15937.75,15947.6,15947.9,15947.6,15948,15934.4,15935.1,15937.4,15938.1,0.7,5990.340112
2026-04-27T01:15:00+00:00,15937.65,15939.6,15932.25,15937.95,15937.4,15937.9,15939.3,15939.9,15932,15932.5,15937.7,15938.2,0.5,5011.190088
2026-04-27T01:30:00+00:00,15937.85,15940.7,15935.75,15936.3,15937.6,15938.1,15940.4,15941,15935.5,15936,15936.1,15936.5,0.4,2030.27003
2026-04-27T01:45:00+00:00,15936.25,15937.15,15925.6,15932.9,15936,15936.5,15936.9,15937.4,15925.3,15925.9,15932.7,15933.1,0.4,2331.370041
2026-04-27T02:00:00+00:00,15932.95,15935.75,15930.05,15934.3,15932.8,15933.1,15935.4,15936.1,15929.9,15930.2,15934.1,15934.5,0.4,1591.200033
2026-04-27T02:15:00+00:00,15934.4,15936.65,15933,15933.8,15934.2,15934.6,15936.3,15937,15932.8,15933.2,15933.6,15934,0.4,1402.500021
2026-04-27T02:30:00+00:00,15934,15934,15927.75,15930.2,15933.8,15934.2,15933.8,15934.2,15927.5,15928,15930,15930.4,0.4,976.5000216
2026-04-27T02:45:00+00:00,15930,15930.9,15927,15930.15,15929.8,15930.2,15930.7,15931.1,15926.8,15927.2,15930,15930.3,0.3,947.6000187
2026-04-27T03:00:00+00:00,15930.1,15931.3,15924.95,15926.7,15930,15930.2,15931.1,15931.5,15924.8,15925.1,15926.4,15927,0.6,1507.290033
2026-04-27T03:15:00+00:00,15926.55,15929.9,15926.4,15928.8,15926.4,15926.7,15929.7,15930.1,15926.2,15926.6,15928.6,15929,0.4,1290.000023
2026-04-27T03:30:00+00:00,15928.9,15929.2,15920.15,15921.1,15928.7,15929.1,15928.9,15929.5,15920,15920.3,15920.9,15921.3,0.4,1501.970027
2026-04-27T03:45:00+00:00,15921.3,15922.9,15919.25,15922.9,15921.1,15921.5,15922.7,15923.1,15919,15919.5,15922.7,15923.1,0.4,1186.870028
2026-04-27T04:00:00+00:00,15922.6,15923.05,15919.8,15921.3,15922.4,15922.8,15922.8,15923.3,15919.7,15919.9,15921.1,15921.5,0.4,675.2000149
2026-04-27T04:15:00+00:00,15921.25,15921.4,15915.15,15916.45,15921,15921.5,15921.1,15921.7,15914.8,15915.5,15916.2,15916.7,0.5,1136.540024
2026-04-27T04:30:00+00:00,15916.35,15920.55,15916,15920.25,15916.2,15916.5,15920.2,15920.9,15915.8,15916.2,15920,15920.5,0.5,1439.780027
2026-04-27T04:45:00+00:00,15920.4,15926,15918.6,15923.7,15920,15920.8,15925.8,15926.2,15918.4,15918.8,15923.5,15923.9,0.4,1347.380024
2026-04-27T05:00:00+00:00,15923.9,15928,15923.5,15926.6,15923.7,15924.1,15927.8,15928.2,15923.3,15923.7,15926.4,15926.8,0.4,822.0700179
2026-04-27T05:15:00+00:00,15926.75,15929.7,15926.55,15928,15926.6,15926.9,15929.5,15929.9,15926.3,15926.8,15927.8,15928.2,0.4,580.0100148
2026-04-27T05:30:00+00:00,15928.1,15935.45,15927.85,15933.6,15927.9,15928.3,15935.2,15935.7,15927.7,15928,15933.3,15933.9,0.6,1567.110028
2026-04-27T05:45:00+00:00,15933.8,15942.1,15931,15941.45,15933.5,15934.1,15941.8,15942.4,15930.8,15931.2,15941.2,15941.7,0.5,2295.240031
2026-04-27T06:00:00+00:00,15941.55,15948.25,15939.95,15944.1,15941.2,15941.9,15948.1,15948.4,15939.7,15940.2,15943.9,15944.3,0.4,3678.580076
2026-04-27T06:15:00+00:00,15944.2,15947.25,15939.8,15940.3,15944,15944.4,15946.9,15947.6,15939.6,15940,15940.1,15940.5,0.4,1498.080032
2026-04-27T06:30:00+00:00,15940.35,15943.4,15935.9,15936,15940.2,15940.5,15943.2,15943.6,15935.6,15936.2,15935.7,15936.3,0.6,2483.050047
2026-04-27T06:45:00+00:00,15935.95,15937,15926.15,15926.55,15935.7,15936.2,15936.7,15937.3,15926,15926.3,15926.4,15926.7,0.3,1950.170029
2026-04-27T07:00:00+00:00,15926.65,15928.85,15922.85,15926.55,15926.5,15926.8,15928.6,15929.1,15922.6,15923.1,15926.3,15926.8,0.5,3540.55004
2026-04-27T07:15:00+00:00,15926.7,15930.55,15922.35,15924.05,15926.4,15927,15930.2,15930.9,15922.1,15922.6,15923.8,15924.3,0.5,3047.690047
2026-04-27T07:30:00+00:00,15923.95,15925.7,15918.7,15922.3,15923.7,15924.2,15925.5,15925.9,15918.4,15919,15922,15922.6,0.6,2607.600036
2026-04-27T07:45:00+00:00,15922.35,15926.45,15920.8,15922.75,15922.1,15922.6,15926.2,15926.7,15920.5,15921.1,15922.5,15923,0.5,3059.83004
2026-04-27T08:00:00+00:00,15922.9,15926.9,15914.25,15917.65,15922.6,15923.2,15926.6,15927.2,15914,15914.5,15917.4,15917.9,0.5,5162.770071
2026-04-27T08:15:00+00:00,15917.7,15921.4,15915.7,15917.6,15917.5,15917.9,15921.3,15921.5,15915.4,15916,15917.3,15917.9,0.6,2492.520036
2026-04-27T08:30:00+00:00,15917.5,15919.8,15915.7,15915.75,15917.3,15917.7,15919.6,15920,15915.4,15916,15915.5,15916,0.5,2400.570032
2026-04-27T08:45:00+00:00,15915.85,15917.35,15911.15,15915.05,15915.6,15916.1,15917.2,15917.5,15911,15911.3,15914.8,15915.3,0.5,1974.730031
2026-04-27T09:00:00+00:00,15914.6,15915.3,15909.7,15909.9,15914.4,15914.8,15915,15915.6,15909.4,15910,15909.5,15910.3,0.8,2144.460031
2026-04-27T09:15:00+00:00,15909.85,15916.25,15909.7,15915.5,15909.6,15910.1,15916,15916.5,15909.5,15909.9,15915.1,15915.9,0.8,1937.550027
2026-04-27T09:30:00+00:00,15915.7,15916.4,15913.25,15916.3,15915.4,15916,15916.1,15916.7,15913,15913.5,15916,15916.6,0.6,1562.340019
2026-04-27T09:45:00+00:00,15916.35,15923.3,15916.1,15922.55,15916,15916.7,15923.1,15923.5,15915.8,15916.4,15922.3,15922.8,0.5,3463.280042
2026-04-27T10:00:00+00:00,15922.45,15924.75,15919.25,15924.75,15922.2,15922.7,15924.5,15925,15919,15919.5,15924.5,15925,0.5,2106.910033
2026-04-27T10:15:00+00:00,15924.65,15927.5,15919.5,15921.1,15924.4,15924.9,15927.2,15927.8,15919.2,15919.8,15920.9,15921.3,0.4,1826.490024
2026-04-27T10:30:00+00:00,15921.05,15921.5,15914.8,15914.9,15920.8,15921.3,15921.3,15921.7,15914.5,15915.1,15914.6,15915.2,0.6,1451.730016
2026-04-27T10:45:00+00:00,15915.15,15916.45,15913.25,15915.15,15915.1,15915.2,15916.2,15916.7,15913.1,15913.4,15914.9,15915.4,0.5,1606.260026
2026-04-27T11:00:00+00:00,15915.2,15917.35,15910.55,15916.9,15915,15915.4,15917.1,15917.6,15910.3,15910.8,15916.7,15917.1,0.4,1614.690023
2026-04-27T11:15:00+00:00,15916.9,15921,15912.7,15913.65,15916.7,15917.1,15920.7,15921.3,15912.4,15913,15913.4,15913.9,0.5,1821.960026
2026-04-27T11:30:00+00:00,15913.55,15918.65,15912.35,15916.9,15913.3,15913.8,15918.4,15918.9,15912.1,15912.6,15916.7,15917.1,0.4,1327.470032
2026-04-27T11:45:00+00:00,15917,15921.35,15914.3,15919.55,15916.8,15917.2,15921.1,15921.6,15914,15914.6,15919.3,15919.8,0.5,1983.390034
2026-04-27T12:00:00+00:00,15919.7,15922.7,15917.05,15917.4,15919.5,15919.9,15922.4,15923,15916.9,15917.2,15917.2,15917.6,0.4,2761.120041
2026-04-27T12:15:00+00:00,15917.35,15917.6,15910.7,15912.25,15917.2,15917.5,15917.3,15917.9,15910.4,15911,15912,15912.5,0.5,4255.020049
2026-04-27T12:30:00+00:00,15912.3,15918.9,15911.1,15915.95,15912.1,15912.5,15918.7,15919.1,15910.9,15911.3,15915.6,15916.3,0.7,4128.550043
2026-04-27T12:45:00+00:00,15916,15923.25,15912.4,15923,15915.8,15916.2,15923,15923.5,15912.2,15912.6,15922.7,15923.3,0.6,4482.410047
2026-04-27T13:00:00+00:00,15922.9,15924.95,15916.8,15921,15922.7,15923.1,15924.7,15925.2,15916.5,15917.1,15920.8,15921.2,0.4,8458.450102
2026-04-27T13:15:00+00:00,15920.95,15921.25,15914.55,15916.85,15920.8,15921.1,15921,15921.5,15914.3,15914.8,15916.6,15917.1,0.5,5862.72003
2026-04-27T13:30:00+00:00,15916.8,15924,15916.75,15923.55,15916.6,15917,15923.8,15924.2,15916.5,15917,15923.3,15923.8,0.5,4455.220054
2026-04-27T13:45:00+00:00,15923.45,15928.8,15921.15,15926.15,15923.2,15923.7,15928.7,15928.9,15920.9,15921.4,15925.9,15926.4,0.5,4178.850059
2026-04-27T14:00:00+00:00,15926.2,15929.1,15922.45,15926.1,15926,15926.4,15929,15929.2,15922.2,15922.7,15925.9,15926.3,0.4,3693.500058
2026-04-27T14:15:00+00:00,15926,15926.2,15921.85,15923.5,15925.8,15926.2,15926,15926.4,15921.7,15922,15923.3,15923.7,0.4,2833.440043
2026-04-27T14:30:00+00:00,15923.4,15925.25,15912.35,15913.8,15923.1,15923.7,15925.1,15925.4,15912.2,15912.5,15913.7,15913.9,0.2,5302.650072
2026-04-27T14:45:00+00:00,15913.75,15923.05,15910.85,15922,15913.6,15913.9,15922.8,15923.3,15910.6,15911.1,15921.8,15922.2,0.4,4879.310067
2026-04-27T15:00:00+00:00,15921.9,15927.25,15921.6,15925.1,15921.7,15922.1,15927.1,15927.4,15921.4,15921.8,15924.9,15925.3,0.4,3367.240049
2026-04-27T15:15:00+00:00,15925,15930.6,15921.45,15926,15924.8,15925.2,15930.3,15930.9,15921.2,15921.7,15925.9,15926.1,0.2,4123.310073
2026-04-27T15:30:00+00:00,15925.95,15929.5,15923.65,15926.75,15925.9,15926,15929.3,15929.7,15923.4,15923.9,15926.6,15926.9,0.3,2174.400041
2026-04-27T15:45:00+00:00,15927,15931.35,15926.35,15929.6,15926.8,15927.2,15931.1,15931.6,15926.2,15926.5,15929.4,15929.8,0.4,2273.250039
2026-04-27T16:00:00+00:00,15929.4,15934.15,15927.9,15931.55,15929.2,15929.6,15934,15934.3,15927.7,15928.1,15931.4,15931.7,0.3,2507.200033
2026-04-27T16:15:00+00:00,15931.6,15934.5,15929.35,15933.2,15931.4,15931.8,15934.2,15934.8,15929.2,15929.5,15933,15933.4,0.4,1925.450034
2026-04-27T16:30:00+00:00,15933.3,15938.15,15932.2,15937.95,15933.1,15933.5,15938,15938.3,15932,15932.4,15937.6,15938.3,0.7,2538.570034
2026-04-27T16:45:00+00:00,15938.05,15938.75,15935.05,15938.7,15937.8,15938.3,15938.5,15939,15934.9,15935.2,15938.5,15938.9,0.4,1738.410029
2026-04-27T17:00:00+00:00,15938.75,15943.7,15938.3,15940.6,15938.4,15939.1,15943.4,15944,15938,15938.6,15940.3,15940.9,0.6,1918.590029
2026-04-27T17:15:00+00:00,15940.55,15946.35,15939.3,15942.9,15940.3,15940.8,15946.2,15946.5,15939,15939.6,15942.6,15943.2,0.6,2800.610052
2026-04-27T17:30:00+00:00,15943,15943,15934.75,15936.25,15942.7,15943.3,15942.7,15943.3,15934.5,15935,15936,15936.5,0.5,1985.990029
2026-04-27T17:45:00+00:00,15936.3,15939.3,15936.1,15938.8,15936,15936.6,15939,15939.6,15935.9,15936.3,15938.5,15939.1,0.6,1515.120025
2026-04-27T18:00:00+00:00,15938.85,15942.9,15938.85,15941.2,15938.6,15939.1,15942.6,15943.2,15938.6,15939.1,15941,15941.4,0.4,2741.850039
2026-04-27T18:15:00+00:00,15941.3,15942,15939.25,15940.6,15941,15941.6,15941.7,15942.3,15939,15939.5,15940.4,15940.8,0.4,2270.91003
2026-04-27T18:30:00+00:00,15940.75,15941.8,15938.85,15940.8,15940.6,15940.9,15941.7,15941.9,15938.5,15939.2,15940.6,15941,0.4,1752.360032
2026-04-27T18:45:00+00:00,15940.9,15945.5,15939.4,15944.7,15940.7,15941.1,15945.4,15945.6,15939.2,15939.6,15944.5,15944.9,0.4,1590.20003
2026-04-27T19:00:00+00:00,15944.65,15944.95,15941.4,15942,15944.5,15944.8,15944.8,15945.1,15941.3,15941.5,15941.8,15942.2,0.4,752.520014
2026-04-27T19:15:00+00:00,15942.1,15942.3,15937.05,15938.3,15941.9,15942.3,15942.2,15942.4,15936.8,15937.3,15938.1,15938.5,0.4,845.1700165
2026-04-27T19:30:00+00:00,15938.35,15941.35,15937.5,15940.35,15938.1,15938.6,15941.1,15941.6,15937.2,15937.8,15940.2,15940.5,0.3,1288.230022
2026-04-27T19:45:00+00:00,15940.4,15943.55,15937.8,15942.45,15940.3,15940.5,15943.3,15943.8,15937.6,15938,15942.2,15942.7,0.5,1571.790026
2026-04-27T20:00:00+00:00,15942.35,15942.5,15939.7,15941.2,15942.1,15942.6,15942.3,15942.7,15939.4,15940,15940.9,15941.5,0.6,688.5000119
2026-04-27T20:15:00+00:00,15941.15,15941.45,15939.65,15941.45,15940.9,15941.4,15941.1,15941.8,15939.4,15939.9,15941.1,15941.8,0.7,427.0500089
2026-04-27T20:30:00+00:00,15941.5,15942.75,15940,15941.35,15941.1,15941.9,15942.4,15943.1,15939.6,15940.4,15940.9,15941.8,0.9,552.5300097
2026-04-27T20:45:00+00:00,15941.45,15942.8,15938.85,15942.1,15941,15941.9,15941.9,15943.7,15938.5,15939.2,15940.7,15943.5,2.8,835.2200112
2026-04-27T21:00:00+00:00,15942.15,15945.9,15939.1,15941.95,15940.7,15943.6,15940.7,15951.1,15934.6,15943.6,15934.8,15949.1,14.3,61.33000058
2026-04-27T21:15:00+00:00,15939.1,15944.55,15936.7,15941.2,15934.6,15943.6,15940,15949.1,15933.3,15940.1,15937.9,15944.5,6.6,160.6199971
2026-04-27T21:30:00+00:00,15941.25,15942.7,15939.25,15941.5,15937.9,15944.6,15939.7,15945.7,15935.6,15942.9,15939,15944,5,136.7999973
2026-04-27T21:45:00+00:00,15941.45,15944.1,15939.9,15941.85,15938.9,15944,15941,15947.2,15936.7,15943.1,15939.4,15944.3,4.9,254.5499967
2026-04-27T22:00:00+00:00,15941.65,15946.25,15939,15942.05,15939.4,15943.9,15946,15946.5,15937.3,15940.7,15941.6,15942.5,0.9,756.6600085
2026-04-27T22:15:00+00:00,15942,15943.45,15939.15,15942,15941.6,15942.4,15943,15943.9,15938.7,15939.6,15941.6,15942.4,0.8,677.1400151
2026-04-27T22:30:00+00:00,15941.9,15942.55,15939.55,15942,15941.5,15942.3,15942.2,15942.9,15939.2,15939.9,15941.6,15942.4,0.8,327.6000079
2026-04-27T22:45:00+00:00,15941.9,15942.05,15940.55,15940.9,15941.5,15942.3,15941.6,15942.5,15940.1,15941,15940.3,15941.5,1.2,339.0000056
2026-04-27T23:00:00+00:00,15940.85,15942.3,15937.95,15939.4,15940.3,15941.4,15941.9,15942.7,15937.7,15938.2,15939.2,15939.6,0.4,461.53001
2026-04-27T23:15:00+00:00,15939.45,15945.3,15939.2,15943.05,15939.3,15939.6,15945,15945.6,15939,15939.4,15942.5,15943.6,1.1,1314.580021
2026-04-27T23:30:00+00:00,15942.95,15944.85,15940.9,15942.15,15942.3,15943.6,15944.4,15945.3,15940.6,15941.2,15941.8,15942.5,0.7,355.2000087
2026-04-27T23:45:00+00:00,15942.25,15942.25,15935.5,15936.8,15941.9,15942.6,15941.9,15942.6,15935.2,15935.8,15936.5,15937.1,0.6,584.8500124
2026-04-28T00:00:00+00:00,15936.9,15936.95,15931.15,15935.75,15936.5,15937.3,15936.6,15937.3,15930.8,15931.5,15935.4,15936.1,0.7,2349.230033
2026-04-28T00:15:00+00:00,15935.8,15939.65,15932.95,15937.05,15935.4,15936.2,15939.3,15940,15932.6,15933.3,15936.7,15937.4,0.7,1940.510031
2026-04-28T00:30:00+00:00,15936.75,15941,15936.75,15939.75,15936.4,15937.1,15940.8,15941.2,15936.4,15937.1,15939.5,15940,0.5,848.2200133
2026-04-28T00:45:00+00:00,15939.95,15948.75,15937.7,15946.9,15939.7,15940.2,15948.5,15949,15937.3,15938.1,15946.5,15947.3,0.8,2979.110054
2026-04-28T01:00:00+00:00,15947,15954.85,15946.9,15949.75,15946.6,15947.4,15954.7,15955,15946.6,15947.2,15949.5,15950,0.5,2818.640045
2026-04-28T01:15:00+00:00,15949.8,15953.4,15947.25,15948.2,15949.5,15950.1,15953.2,15953.6,15947.1,15947.4,15947.8,15948.6,0.8,2718.480036
2026-04-28T01:30:00+00:00,15948.3,15951.25,15946.55,15948.2,15948,15948.6,15951.1,15951.4,15946.3,15946.8,15948,15948.4,0.4,1216.430025
2026-04-28T01:45:00+00:00,15948.25,15955.45,15946.9,15955.45,15948,15948.5,15955.3,15955.6,15946.7,15947.1,15955.3,15955.6,0.3,1775.640025
2026-04-28T02:00:00+00:00,15956.45,15956.8,15950.55,15950.7,15956.2,15956.7,15956.5,15957.1,15950.3,15950.8,15950.5,15950.9,0.4,1613.720024
2026-04-28T02:15:00+00:00,15950.65,15954.35,15950.15,15950.9,15950.4,15950.9,15954.1,15954.6,15949.9,15950.4,15950.6,15951.2,0.6,1484.070027
2026-04-28T02:30:00+00:00,15951.1,15953.65,15950.3,15951.65,15950.8,15951.4,15953.2,15954.1,15950,15950.6,15951.3,15952,0.7,788.850014
2026-04-28T02:45:00+00:00,15951.4,15953.15,15949.2,15952.1,15951.3,15951.5,15952.8,15953.5,15948.9,15949.5,15951.7,15952.5,0.8,786.8100131
2026-04-28T03:00:00+00:00,15952.1,15956.4,15917.5,15921.6,15951.6,15952.6,15956.1,15956.7,15917.2,15917.8,15921.4,15921.8,0.4,8273.110133
2026-04-28T03:15:00+00:00,15921.7,15928.55,15912.55,15912.9,15921.6,15921.8,15928.2,15928.9,15912.3,15912.8,15912.6,15913.2,0.6,3523.520062
2026-04-28T03:30:00+00:00,15912.95,15913.9,15898.4,15912.5,15912.8,15913.1,15913.6,15914.2,15898.2,15898.6,15912.3,15912.7,0.4,4842.600081
2026-04-28T03:45:00+00:00,15912.45,15913.9,15905.75,15907.65,15912.1,15912.8,15913.6,15914.2,15905.5,15906,15907.3,15908,0.7,1679.120031
2026-04-28T04:00:00+00:00,15907.65,15907.7,15901.7,15903.65,15907.4,15907.9,15907.4,15908,15901.4,15902,15903.2,15904.1,0.9,2537.040047
2026-04-28T04:15:00+00:00,15903.6,15907.7,15902.3,15905.1,15903.3,15903.9,15907.3,15908.1,15902,15902.6,15904.8,15905.4,0.6,2314.940033
2026-04-28T04:30:00+00:00,15905.55,15907.45,15897.1,15897.25,15905.3,15905.8,15907,15907.9,15896.9,15897.3,15897,15897.5,0.5,2162.38004
2026-04-28T04:45:00+00:00,15897.3,15909.15,15896.2,15908.5,15897,15897.6,15908.8,15909.5,15896,15896.4,15908,15909,1,2543.170038
2026-04-28T05:00:00+00:00,15908.55,15916.05,15905.55,15912.35,15908,15909.1,15915.7,15916.4,15905.2,15905.9,15912.2,15912.5,0.3,2278.000033
2026-04-28T05:15:00+00:00,15912.3,15913.7,15905.4,15907.2,15912.1,15912.5,15913.5,15913.9,15905,15905.8,15907,15907.4,0.4,1734.060025
2026-04-28T05:30:00+00:00,15907.5,15916.3,15906.85,15916.2,15907.4,15907.6,15916,15916.6,15906.6,15907.1,15915.8,15916.6,0.8,2000.620034
2026-04-28T05:45:00+00:00,15916.15,15921.4,15911.6,15920.25,15915.8,15916.5,15921.2,15921.6,15911.4,15911.8,15920,15920.5,0.5,1560.060026
2026-04-28T06:00:00+00:00,15920.35,15925.05,15914.4,15919.5,15920.2,15920.5,15924.8,15925.3,15914.1,15914.7,15919.3,15919.7,0.4,2861.350036
2026-04-28T06:15:00+00:00,15919.55,15925.7,15919.1,15920.6,15919.3,15919.8,15925.5,15925.9,15918.8,15919.4,15920.3,15920.9,0.6,2571.780043
2026-04-28T06:30:00+00:00,15920.55,15921.95,15903.2,15921.5,15920.3,15920.8,15921.7,15922.2,15903,15903.4,15921.2,15921.8,0.6,4263.240079
2026-04-28T06:45:00+00:00,15921.4,15936.1,15918.1,15935.3,15921.1,15921.7,15935.9,15936.3,15917.8,15918.4,15935.1,15935.5,0.4,6240.530094
2026-04-28T07:00:00+00:00,15935.5,15942.5,15926.9,15942.1,15935.4,15935.6,15942.1,15942.9,15926.7,15927.1,15941.8,15942.4,0.6,5435.41009
2026-04-28T07:15:00+00:00,15942.2,15942.4,15934.4,15941.05,15941.9,15942.5,15942.1,15942.7,15934.1,15934.7,15940.8,15941.3,0.5,4135.320064
2026-04-28T07:30:00+00:00,15941.1,15945.65,15937.1,15942.05,15940.9,15941.3,15945.3,15946,15936.7,15937.5,15941.9,15942.2,0.3,3995.620063
2026-04-28T07:45:00+00:00,15942,15954.7,15941.95,15953.75,15941.8,15942.2,15954.4,15955,15941.7,15942.2,15953.6,15953.9,0.3,4365.880057
2026-04-28T08:00:00+00:00,15953.6,15968.8,15952.8,15960.15,15953.4,15953.8,15968.5,15969.1,15952.6,15953,15959.9,15960.4,0.5,8844.5601
2026-04-28T08:15:00+00:00,15960.1,15961.45,15950.65,15950.65,15959.9,15960.3,15961.2,15961.7,15950.5,15950.8,15950.5,15950.8,0.3,4612.530073
2026-04-28T08:30:00+00:00,15950.6,15955.95,15945.7,15950.85,15950.4,15950.8,15955.7,15956.2,15945.4,15946,15950.6,15951.1,0.5,3405.800052
2026-04-28T08:45:00+00:00,15951,15954.55,15947.6,15947.65,15950.8,15951.2,15954.3,15954.8,15947.4,15947.8,15947.4,15947.9,0.5,3356.780051
2026-04-28T09:00:00+00:00,15947.55,15954.7,15941.75,15950.5,15947.3,15947.8,15954.4,15955,15941.5,15942,15950.3,15950.7,0.4,3226.390053
2026-04-28T09:15:00+00:00,15950.6,15951.65,15944.65,15950,15950.4,15950.8,15951.4,15951.9,15944.6,15944.7,15949.8,15950.2,0.4,2572.520048
2026-04-28T09:30:00+00:00,15949.9,15959.55,15949.3,15956.4,15949.6,15950.2,15959.4,15959.7,15949.1,15949.5,15956.1,15956.7,0.6,1934.910043
2026-04-28T09:45:00+00:00,15956.45,15958.65,15949.25,15957.45,15956.2,15956.7,15958.4,15958.9,15949,15949.5,15957.2,15957.7,0.5,2622.710039
2026-04-28T10:00:00+00:00,15957.35,15958.8,15953.75,15957.75,15957.1,15957.6,15958.6,15959,15953.5,15954,15957.5,15958,0.5,2086.880033
2026-04-28T10:15:00+00:00,15957.9,15964.3,15957.6,15963.65,15957.7,15958.1,15964,15964.6,15957.4,15957.8,15963.3,15964,0.7,2361.680041
2026-04-28T10:30:00+00:00,15963.65,15964.9,15958.45,15960.85,15963.4,15963.9,15964.6,15965.2,15958.1,15958.8,15960.6,15961.1,0.5,2181.780034
2026-04-28T10:45:00+00:00,15960.95,15963.95,15959.9,15963.35,15960.7,15961.2,15963.7,15964.2,15959.6,15960.2,15963.1,15963.6,0.5,2208.380038
2026-04-28T11:00:00+00:00,15963.35,15968.55,15960.35,15968.25,15963.1,15963.6,15968.3,15968.8,15960.1,15960.6,15968,15968.5,0.5,2444.240033
2026-04-28T11:15:00+00:00,15968.45,15971.85,15967.15,15969.75,15968.2,15968.7,15971.7,15972,15966.9,15967.4,15969.6,15969.9,0.3,2059.960035
2026-04-28T11:30:00+00:00,15969.8,15976,15969.6,15974,15969.6,15970,15975.7,15976.3,15969.4,15969.8,15973.8,15974.2,0.4,2746.770034
2026-04-28T11:45:00+00:00,15973.9,15978.85,15973.75,15975.8,15973.6,15974.2,15978.7,15979,15973.4,15974.1,15975.5,15976.1,0.6,4589.230051
2026-04-28T12:00:00+00:00,15975.55,15978.25,15971.8,15973.2,15975.5,15975.6,15978.1,15978.4,15971.6,15972,15972.9,15973.5,0.6,4883.100066
2026-04-28T12:15:00+00:00,15973.05,15974.55,15957.2,15965.45,15972.9,15973.2,15974.2,15974.9,15956.9,15957.5,15965.2,15965.7,0.5,6777.320104
2026-04-28T12:30:00+00:00,15965.7,15970.05,15956.4,15957.4,15965.5,15965.9,15969.8,15970.3,15956.1,15956.7,15957.1,15957.7,0.6,4857.120063
2026-04-28T12:45:00+00:00,15957.3,15957.35,15941.45,15946.45,15957.1,15957.5,15957.1,15957.6,15941.2,15941.7,15946,15946.9,0.9,5861.980085
2026-04-28T13:00:00+00:00,15946.45,15956.05,15943.35,15956.05,15946.2,15946.7,15955.8,15956.3,15943,15943.7,15955.8,15956.3,0.5,4749.940067
2026-04-28T13:15:00+00:00,15955.95,15960.75,15943.45,15945,15955.7,15956.2,15960.5,15961,15943.1,15943.8,15944.6,15945.4,0.8,5401.000083
2026-04-28T13:30:00+00:00,15944.9,15957,15944.85,15949.25,15944.5,15945.3,15956.7,15957.3,15944.5,15945.2,15949.1,15949.4,0.3,7089.020124
2026-04-28T13:45:00+00:00,15949.2,15954.6,15946.45,15951.5,15949,15949.4,15954.4,15954.8,15946,15946.9,15951.1,15951.9,0.8,5601.910085
2026-04-28T14:00:00+00:00,15951.55,15959.65,15950.95,15958.55,15951.2,15951.9,15959.3,15960,15950.5,15951.4,15958.3,15958.8,0.5,6057.470073
2026-04-28T14:15:00+00:00,15958.55,15965.25,15957.6,15962.55,15958.3,15958.8,15965.1,15965.4,15957.4,15957.8,15962.3,15962.8,0.5,6775.360076
2026-04-28T14:30:00+00:00,15962.45,15968.4,15955.7,15967.6,15962.2,15962.7,15968.2,15968.6,15955.4,15956,15967.4,15967.8,0.4,7449.200108
2026-04-28T14:45:00+00:00,15967.45,15975,15965.9,15972.15,15967.2,15967.7,15974.8,15975.2,15965.7,15966.1,15971.8,15972.5,0.7,9538.690131
2026-04-28T15:00:00+00:00,15972.25,15972.25,15963.15,15966.1,15971.8,15972.7,15971.8,15972.7,15962.9,15963.4,15965.8,15966.4,0.6,7965.530113
2026-04-28T15:15:00+00:00,15966.2,15967.5,15957.4,15958.8,15965.9,15966.5,15967.2,15967.8,15957.1,15957.7,15958.6,15959,0.4,4501.850065
2026-04-28T15:30:00+00:00,15959.05,15963.15,15956.05,15957.3,15958.9,15959.2,15962.9,15963.4,15955.8,15956.3,15957.1,15957.5,0.4,3832.930051
2026-04-28T15:45:00+00:00,15957.35,15959.1,15952.95,15954.25,15957.1,15957.6,15958.8,15959.4,15952.7,15953.2,15954,15954.5,0.5,2774.960042
2026-04-28T16:00:00+00:00,15954.15,15956.75,15950.95,15951.6,15953.9,15954.4,15956.5,15957,15950.8,15951.1,15951.4,15951.8,0.4,3136.630042
2026-04-28T16:15:00+00:00,15951.45,15959.4,15951.45,15958.2,15951.2,15951.7,15959.1,15959.7,15951.2,15951.7,15958,15958.4,0.4,3625.750049
2026-04-28T16:30:00+00:00,15958.35,15962.5,15955.4,15956.4,15958.1,15958.6,15962.2,15962.8,15955.2,15955.6,15956.1,15956.7,0.6,3090.370045
2026-04-28T16:45:00+00:00,15956.45,15957.8,15952.8,15956.15,15956.2,15956.7,15957.6,15958,15952.6,15953,15955.9,15956.4,0.5,3023.670041
2026-04-28T17:00:00+00:00,15955.95,15960.25,15954.65,15958.15,15955.7,15956.2,15960,15960.5,15954.4,15954.9,15957.9,15958.4,0.5,2234.000036
2026-04-28T17:15:00+00:00,15958.15,15962.7,15957.15,15958.65,15957.9,15958.4,15962.5,15962.9,15956.9,15957.4,15958.4,15958.9,0.5,2006.710031
2026-04-28T17:30:00+00:00,15958.75,15959.75,15953.15,15955.35,15958.5,15959,15959.5,15960,15952.9,15953.4,15955.1,15955.6,0.5,1802.890028
2026-04-28T17:45:00+00:00,15955.4,15955.65,15951.05,15954.4,15955.1,15955.7,15955.4,15955.9,15950.8,15951.3,15954.2,15954.6,0.4,2494.53003
2026-04-28T18:00:00+00:00,15954.35,15959.2,15953.85,15956.65,15954.1,15954.6,15959,15959.4,15953.7,15954,15956.4,15956.9,0.5,2177.400021
2026-04-28T18:15:00+00:00,15956.45,15956.8,15952.5,15953.75,15956.1,15956.8,15956.6,15957,15952.4,15952.6,15953.5,15954,0.5,2271.040031
2026-04-28T18:30:00+00:00,15953.7,15958.75,15953.45,15956.15,15953.5,15953.9,15958.5,15959,15953.2,15953.7,15955.9,15956.4,0.5,2436.720025
2026-04-28T18:45:00+00:00,15956.25,15962.8,15955.85,15962.45,15956,15956.5,15962.7,15962.9,15955.6,15956.1,15962.2,15962.7,0.5,1675.860023
2026-04-28T19:00:00+00:00,15962.2,15962.45,15957.9,15961.45,15962,15962.4,15962.2,15962.7,15957.7,15958.1,15961.2,15961.7,0.5,1224.58002
2026-04-28T19:15:00+00:00,15961.55,15965.8,15961.4,15965,15961.2,15961.9,15965.6,15966,15961.1,15961.7,15964.9,15965.1,0.2,1371.040021
2026-04-28T19:30:00+00:00,15965.05,15966.3,15963,15965.05,15964.9,15965.2,15966.1,15966.5,15962.9,15963.1,15964.8,15965.3,0.5,1007.400019
2026-04-28T19:45:00+00:00,15965.1,15968.85,15964.9,15965.85,15964.9,15965.3,15968.7,15969,15964.6,15965.2,15965.6,15966.1,0.5,1885.47003
2026-04-28T20:00:00+00:00,15965.9,15966.55,15959.4,15960,15965.6,15966.2,15966.4,15966.7,15959.2,15959.6,15959.7,15960.3,0.6,996.3900204
2026-04-28T20:15:00+00:00,15959.95,15963.8,15959.95,15962.6,15959.7,15960.2,15963.7,15963.9,15959.7,15960.2,15962.4,15962.8,0.4,630.4500103
2026-04-28T20:30:00+00:00,15962.3,15962.3,15959.75,15961.25,15962.1,15962.5,15962.1,15962.5,15959.5,15960,15960.9,15961.6,0.7,452.8500081
2026-04-28T20:45:00+00:00,15961.3,15962.15,15959.6,15961.45,15961,15961.6,15961.5,15962.8,15959.3,15959.9,15960.7,15962.2,1.5,859.2400061
2026-04-28T21:00:00+00:00,15961.1,15961.85,15951.35,15957.75,15959.9,15962.3,15959.9,15963.8,15949.1,15953.6,15954,15961.5,7.5,392.5700025
2026-04-28T21:15:00+00:00,15957.55,15963.15,15956.5,15961.35,15956,15959.1,15959.8,15966.5,15953.9,15959.1,15959,15963.7,4.7,249.2999998
2026-04-28T21:30:00+00:00,15961.4,15964.1,15960.4,15960.8,15959.1,15963.7,15961.2,15967,15958.7,15962.1,15959,15962.6,3.6,322.5000035
2026-04-28T21:45:00+00:00,15960.75,15961.15,15956.5,15957.95,15959,15962.5,15959.2,15963.1,15953.3,15959.7,15955,15960.9,5.9,376.3500065
2026-04-28T22:00:00+00:00,15958.4,15961.05,15956.25,15957.7,15955.9,15960.9,15960,15962.1,15955,15957.5,15957.3,15958.1,0.8,392.2499989
2026-04-28T22:15:00+00:00,15957.95,15960.15,15957.95,15960,15957.5,15958.4,15959.7,15960.6,15957.5,15958.4,15959.6,15960.4,0.8,211.2000034
2026-04-28T22:30:00+00:00,15959.95,15959.95,15957,15957.05,15959.5,15960.4,15959.5,15960.4,15956.5,15957.5,15956.5,15957.6,1.1,267.1500043
2026-04-28T22:45:00+00:00,15957.5,15958.85,15957.1,15957.25,15957.4,15957.6,15958.4,15959.3,15956.6,15957.6,15956.7,15957.8,1.1,219.2300035
2026-04-28T23:00:00+00:00,15957.15,15957.9,15955.05,15957.5,15956.6,15957.7,15957.6,15958.2,15954.7,15955.4,15957.1,15957.9,0.8,403.5100051
2026-04-28T23:15:00+00:00,15957.45,15957.45,15954.05,15956.5,15957.1,15957.8,15957.1,15957.8,15953.7,15954.4,15956.3,15956.7,0.4,555.6200116
2026-04-28T23:30:00+00:00,15956.55,15959.75,15956.55,15957.75,15956.3,15956.8,15959.5,15960,15956.3,15956.8,15957.5,15958,0.5,399.490007
2026-04-28T23:45:00+00:00,15957.7,15958.95,15955.9,15956,15957.4,15958,15958.6,15959.3,15955.6,15956.2,15955.7,15956.3,0.6,585.9000125
2026-04-29T00:00:00+00:00,15955.9,15956.65,15953.6,15955.65,15955.7,15956.1,15956.4,15956.9,15953.4,15953.8,15955.4,15955.9,0.5,2118.810035
2026-04-29T00:15:00+00:00,15955.7,15959.3,15954.85,15957.25,15955.4,15956,15959.1,15959.5,15954.5,15955.2,15956.9,15957.6,0.7,1575.470016
2026-04-29T00:30:00+00:00,15957.2,15957.35,15952.75,15953.45,15956.8,15957.6,15957.1,15957.6,15952.5,15953,15953.1,15953.8,0.7,1117.050016
2026-04-29T00:45:00+00:00,15953.4,15956.2,15951.9,15954.9,15953,15953.8,15956,15956.4,15951.6,15952.2,15954.6,15955.2,0.6,2055.880036
2026-04-29T01:00:00+00:00,15954.8,15966.4,15952.8,15963.9,15954.5,15955.1,15966.1,15966.7,15952.4,15953.2,15963.6,15964.2,0.6,4265.230079
2026-04-29T01:15:00+00:00,15964.15,15965.3,15961.2,15963.25,15963.9,15964.4,15964.9,15965.7,15960.8,15961.6,15962.9,15963.6,0.7,1795.85003
2026-04-29T01:30:00+00:00,15963.3,15964.6,15955.65,15958.25,15963,15963.6,15964.3,15964.9,15955.4,15955.9,15957.9,15958.6,0.7,4018.970058
2026-04-29T01:45:00+00:00,15958,15963.75,15957.25,15961.3,15957.7,15958.3,15963.5,15964,15956.9,15957.6,15961,15961.6,0.6,2731.470042
2026-04-29T02:00:00+00:00,15961,15961,15957.3,15959.6,15960.8,15961.2,15960.8,15961.2,15957,15957.6,15959.3,15959.9,0.6,1565.250029
2026-04-29T02:15:00+00:00,15959.45,15960.9,15957.3,15960.1,15959.2,15959.7,15960.6,15961.2,15957.1,15957.5,15959.8,15960.4,0.6,1192.910022
2026-04-29T02:30:00+00:00,15960.05,15963.2,15959.1,15962.25,15959.8,15960.3,15962.9,15963.5,15958.8,15959.4,15961.9,15962.6,0.7,1894.200026
2026-04-29T02:45:00+00:00,15962.2,15962.65,15960.1,15962.45,15961.9,15962.5,15962.5,15962.8,15959.8,15960.4,15962.2,15962.7,0.5,1082.940012
2026-04-29T03:00:00+00:00,15962.4,15962.45,15960.2,15961.4,15962.1,15962.7,15962.2,15962.7,15959.9,15960.5,15961.2,15961.6,0.4,1261.690019
2026-04-29T03:15:00+00:00,15961.5,15961.65,15958.95,15961.5,15961.2,15961.8,15961.4,15961.9,15958.7,15959.2,15961.3,15961.7,0.4,676.9500098
2026-04-29T03:30:00+00:00,15961.6,15963.7,15961.3,15962.6,15961.3,15961.9,15963.4,15964,15961,15961.6,15962.2,15963,0.8,740.5500106
2026-04-29T03:45:00+00:00,15962.7,15963.9,15961.3,15961.85,15962.4,15963,15963.6,15964.2,15961,15961.6,15961.6,15962.1,0.5,606.6000082
2026-04-29T04:00:00+00:00,15961.8,15964.35,15961.65,15963,15961.5,15962.1,15964.1,15964.6,15961.4,15961.9,15962.7,15963.3,0.6,610.4000118
2026-04-29T04:15:00+00:00,15963.15,15964.85,15962.7,15964.2,15963,15963.3,15964.6,15965.1,15962.3,15963.1,15963.9,15964.5,0.6,516.150009
2026-04-29T04:30:00+00:00,15964.05,15964.05,15962.45,15962.8,15963.8,15964.3,15963.8,15964.3,15962.2,15962.7,15962.5,15963.1,0.6,953.4000123
2026-04-29T04:45:00+00:00,15962.7,15963.95,15962.55,15963.65,15962.4,15963,15963.7,15964.2,15962.3,15962.8,15963.4,15963.9,0.5,279.7800057
2026-04-29T05:00:00+00:00,15963.6,15967.55,15963.45,15967.25,15963.4,15963.8,15967.2,15967.9,15963.2,15963.7,15967,15967.5,0.5,851.7700107
2026-04-29T05:15:00+00:00,15967.05,15967.95,15965.55,15965.7,15966.8,15967.3,15967.7,15968.2,15965.4,15965.7,15965.6,15965.8,0.2,584.8900102
2026-04-29T05:30:00+00:00,15965.6,15969.55,15964.25,15967.3,15965.5,15965.7,15969.3,15969.8,15964.1,15964.4,15967.1,15967.5,0.4,1204.59002
2026-04-29T05:45:00+00:00,15967.2,15971.2,15966,15971.05,15967,15967.4,15970.9,15971.5,15965.8,15966.2,15970.8,15971.3,0.5,1595.490022
2026-04-29T06:00:00+00:00,15971.1,15973.45,15967.2,15973.15,15970.8,15971.4,15973.2,15973.7,15967,15967.4,15972.9,15973.4,0.5,2671.580029
2026-04-29T06:15:00+00:00,15973.5,15974,15970.75,15971.45,15973.3,15973.7,15973.8,15974.2,15970.5,15971,15971.2,15971.7,0.5,1864.500023
2026-04-29T06:30:00+00:00,15971.5,15973.05,15965.6,15968.85,15971.3,15971.7,15973,15973.1,15965.3,15965.9,15968.5,15969.2,0.7,2835.720024
2026-04-29T06:45:00+00:00,15969.05,15969.05,15960.55,15965.65,15968.8,15969.3,15968.8,15969.3,15960.4,15960.7,15965.5,15965.8,0.3,4024.760036
2026-04-29T07:00:00+00:00,15965.75,15966.9,15962.35,15963.9,15965.5,15966,15966.6,15967.2,15962.1,15962.6,15963.7,15964.1,0.4,5063.67006
2026-04-29T07:15:00+00:00,15963.85,15970.35,15963.75,15964.35,15963.6,15964.1,15970.2,15970.5,15963.5,15964,15964.2,15964.5,0.3,3300.900047
2026-04-29T07:30:00+00:00,15964.4,15968.9,15961.95,15968.75,15964.2,15964.6,15968.8,15969,15961.7,15962.2,15968.5,15969,0.5,2688.870047
2026-04-29T07:45:00+00:00,15968.5,15970.25,15964.1,15967.15,15968.4,15968.6,15969.9,15970.6,15963.9,15964.3,15966.9,15967.4,0.5,2333.260035
2026-04-29T08:00:00+00:00,15967,15973.95,15963.85,15972.8,15966.8,15967.2,15973.8,15974.1,15963.6,15964.1,15972.5,15973.1,0.6,4900.360068
2026-04-29T08:15:00+00:00,15972.85,15974.7,15971.2,15974.45,15972.6,15973.1,15974.5,15974.9,15971.1,15971.3,15974.3,15974.6,0.3,2132.370038
2026-04-29T08:30:00+00:00,15974.65,15978.5,15974.2,15976.6,15974.4,15974.9,15978.3,15978.7,15973.9,15974.5,15976.4,15976.8,0.4,2489.010029
2026-04-29T08:45:00+00:00,15976.5,15978.75,15975.2,15978.35,15976.2,15976.8,15978.5,15979,15974.9,15975.5,15978.1,15978.6,0.5,1562.050012
2026-04-29T09:00:00+00:00,15978.2,15978.7,15975.3,15976.45,15978,15978.4,15978.5,15978.9,15975.1,15975.5,15976.2,15976.7,0.5,1820.04003
2026-04-29T09:15:00+00:00,15976.45,15979.35,15975.3,15979.1,15976.2,15976.7,15979.1,15979.6,15975,15975.6,15979,15979.2,0.2,1682.970022
2026-04-29T09:30:00+00:00,15979.2,15981.85,15977.65,15981.25,15979,15979.4,15981.7,15982,15977.4,15977.9,15981,15981.5,0.5,2167.300031
2026-04-29T09:45:00+00:00,15981.3,15984.25,15980.35,15983.55,15981,15981.6,15984,15984.5,15980.1,15980.6,15983.3,15983.8,0.5,2416.920034
2026-04-29T10:00:00+00:00,15983.4,15984,15978.85,15979.05,15983.2,15983.6,15983.7,15984.3,15978.6,15979.1,15978.7,15979.4,0.7,1706.890028
2026-04-29T10:15:00+00:00,15979.1,15979.4,15976.3,15978.85,15978.9,15979.3,15979.2,15979.6,15976.1,15976.5,15978.7,15979,0.3,1050.000016
2026-04-29T10:30:00+00:00,15978.8,15978.9,15975,15978.35,15978.7,15978.9,15978.7,15979.1,15974.8,15975.2,15978.1,15978.6,0.5,1313.490021
2026-04-29T10:45:00+00:00,15978.25,15978.9,15975.4,15975.7,15978,15978.5,15978.6,15979.2,15975.2,15975.6,15975.4,15976,0.6,1139.760015
2026-04-29T11:00:00+00:00,15975.25,15982.9,15974,15981.75,15975.1,15975.4,15982.7,15983.1,15973.8,15974.2,15981.5,15982,0.5,2754.130039
2026-04-29T11:15:00+00:00,15981.8,15984.2,15980.85,15983.95,15981.5,15982.1,15983.9,15984.5,15980.6,15981.1,15983.7,15984.2,0.5,2512.230026
2026-04-29T11:30:00+00:00,15984.05,15985.05,15979.45,15984.7,15983.8,15984.3,15984.9,15985.2,15979.2,15979.7,15984.5,15984.9,0.4,2288.470036
2026-04-29T11:45:00+00:00,15984.75,15985.25,15982.95,15984.65,15984.6,15984.9,15985.1,15985.4,15982.7,15983.2,15984.4,15984.9,0.5,1587.300021
2026-04-29T12:00:00+00:00,15984.7,15985.45,15981.65,15985.2,15984.5,15984.9,15985.4,15985.5,15981.5,15981.8,15985.1,15985.3,0.2,1792.120031
2026-04-29T12:15:00+00:00,15985.2,15986.55,15982.9,15984.7,15985.1,15985.3,15986.4,15986.7,15982.6,15983.2,15984.3,15985.1,0.8,2441.230035
2026-04-29T12:30:00+00:00,15984.35,15994.05,15984.3,15993.05,15984.1,15984.6,15993.8,15994.3,15984.1,15984.5,15992.8,15993.3,0.5,4698.210053
2026-04-29T12:45:00+00:00,15993.1,15997.95,15991.35,15997.65,15992.9,15993.3,15997.8,15998.1,15991.1,15991.6,15997.4,15997.9,0.5,4007.660044
2026-04-29T13:00:00+00:00,15997.4,15998.35,15995.35,15997.9,15997.2,15997.6,15998.2,15998.5,15995,15995.7,15997.7,15998.1,0.4,3650.820051
2026-04-29T13:15:00+00:00,15998.15,16008.4,15995.65,16007.1,15998,15998.3,16008.1,16008.7,15995.4,15995.9,16006.8,16007.4,0.6,7011.480072
2026-04-29T13:30:00+00:00,16007.45,16013.55,16005.3,16012.95,16007.3,16007.6,16013.4,16013.7,16005.1,16005.5,16012.7,16013.2,0.5,6799.830074
2026-04-29T13:45:00+00:00,16013.2,16019.1,16012.1,16018.45,16013.1,16013.3,16018.9,16019.3,16011.8,16012.4,16018.2,16018.7,0.5,5403.790061
2026-04-29T14:00:00+00:00,16018.6,16020.05,16012.4,16013.45,16018.3,16018.9,16019.8,16020.3,16012.1,16012.7,16013.3,16013.6,0.3,4510.460069
2026-04-29T14:15:00+00:00,16013.9,16014.6,16006.05,16011,16013.8,16014,16014.2,16015,16005.7,16006.4,16010.8,16011.2,0.4,4784.890057
2026-04-29T14:30:00+00:00,16010.95,16017.65,16009.15,16017.3,16010.7,16011.2,16017.4,16017.9,16008.9,16009.4,16017,16017.6,0.6,5289.190067
2026-04-29T14:45:00+00:00,16017.15,16018.45,16001.35,16010.15,16016.8,16017.5,16018.2,16018.7,16001.1,16001.6,16010,16010.3,0.3,6517.54008
2026-04-29T15:00:00+00:00,16010.2,16019.85,16009.55,16019.6,16010,16010.4,16019.7,16020,16009.2,16009.9,16019.4,16019.8,0.4,5077.640069
2026-04-29T15:15:00+00:00,16019.65,16024.55,16017.45,16022.7,16019.5,16019.8,16024.4,16024.7,16017.1,16017.8,16022.5,16022.9,0.4,3455.170046
2026-04-29T15:30:00+00:00,16022.6,16024.6,16019.75,16020.2,16022.5,16022.7,16024.4,16024.8,16019.5,16020,16019.9,16020.5,0.6,3996.08006
2026-04-29T15:45:00+00:00,16020.25,16032.65,16018.4,16023.55,16020,16020.5,16032.3,16033,16018.2,16018.6,16023.3,16023.8,0.5,8412.410131
2026-04-29T16:00:00+00:00,16023.5,16025.5,16017,16024.95,16023.2,16023.8,16025.2,16025.8,16016.7,16017.3,16024.7,16025.2,0.5,4565.770066
2026-04-29T16:15:00+00:00,16024.8,16025,16018.15,16022.05,16024.6,16025,16024.8,16025.2,16017.8,16018.5,16021.7,16022.4,0.7,3049.65005
2026-04-29T16:30:00+00:00,16022.25,16029.15,16021.2,16028.85,16022,16022.5,16028.8,16029.5,16021,16021.4,16028.6,16029.1,0.5,4759.560069
2026-04-29T16:45:00+00:00,16028.35,16031.85,16027.35,16031.1,16028.2,16028.5,16031.6,16032.1,16027.1,16027.6,16030.8,16031.4,0.6,3132.240043
2026-04-29T17:00:00+00:00,16031.15,16036.65,16029.1,16034.05,16030.9,16031.4,16036.4,16036.9,16028.8,16029.4,16033.8,16034.3,0.5,3420.720047
2026-04-29T17:15:00+00:00,16034.1,16035.1,16030.15,16031.75,16033.9,16034.3,16034.8,16035.4,16029.9,16030.4,16031.5,16032,0.5,3783.73006
2026-04-29T17:30:00+00:00,16031.7,16032.3,16027.6,16028.5,16031.4,16032,16032.1,16032.5,16027.3,16027.9,16028.2,16028.8,0.6,3430.080055
2026-04-29T17:45:00+00:00,16028.4,16030,16021.6,16022.05,16028.2,16028.6,16029.7,16030.3,16020.1,16023.1,16020.4,16023.7,3.3,3623.750066
2026-04-29T18:00:00+00:00,16022.1,16040.8,16017.1,16035.5,16020.5,16023.7,16040.6,16041,16016.7,16017.5,16035.3,16035.7,0.4,10464.71017
2026-04-29T18:15:00+00:00,16035.6,16036.6,16021.95,16028.7,16035.4,16035.8,16036.4,16036.8,16021.7,16022.2,16028.5,16028.9,0.4,8035.9701
2026-04-29T18:30:00+00:00,16028.65,16042.15,16020.15,16041.5,16028.4,16028.9,16042,16042.3,16019.9,16020.4,16041.3,16041.7,0.4,8638.740157
2026-04-29T18:45:00+00:00,16041.6,16042.75,16034.8,16035,16041.4,16041.8,16042.6,16042.9,16034.5,16035.1,16034.6,16035.4,0.8,8354.080129
2026-04-29T19:00:00+00:00,16035,16039.85,16030.4,16031.15,16034.8,16035.2,16039.6,16040.1,16030.1,16030.7,16030.9,16031.4,0.5,8244.950122
2026-04-29T19:15:00+00:00,16031.3,16037.75,16028.65,16036.2,16031.1,16031.5,16037.5,16038,16028.4,16028.9,16036,16036.4,0.4,5019.910067
2026-04-29T19:30:00+00:00,16036.3,16044.25,16033.4,16043.6,16036.1,16036.5,16044,16044.5,16033.1,16033.7,16043.4,16043.8,0.4,4298.450068
2026-04-29T19:45:00+00:00,16043.5,16043.5,16036.2,16038.2,16043.2,16043.8,16043.2,16043.8,16036,16036.4,16037.9,16038.5,0.6,3539.340051
2026-04-29T20:00:00+00:00,16038.35,16042.85,16035.7,16041.85,16038.1,16038.6,16042.4,16043.3,16035.5,16035.9,16041.6,16042.1,0.5,1742.270032
2026-04-29T20:15:00+00:00,16041.8,16043.35,16040.4,16042.8,16041.6,16042,16043.1,16043.6,16040.1,16040.7,16042.6,16043,0.4,1099.650018
2026-04-29T20:30:00+00:00,16042.65,16045.2,16041.55,16043.3,16042.4,16042.9,16044.9,16045.5,16041.3,16041.8,16042.9,16043.7,0.8,1686.430024
2026-04-29T20:45:00+00:00,16043.15,16047.9,16040.55,16041.45,16042.9,16043.4,16047.4,16048.4,16039,16042.1,16039,16043.9,4.9,4154.92003
2026-04-29T21:00:00+00:00,16036.2,16043.25,16031.65,16037.45,16032.7,16039.7,16038.9,16047.6,16024.2,16039.1,16033.4,16041.5,8.1,315.3900034
2026-04-29T21:15:00+00:00,16034.75,16037.7,16031.95,16035.1,16028,16041.5,16033.2,16042.2,16028,16035.9,16033.1,16037.1,4,302.6999962
2026-04-29T21:30:00+00:00,16035.05,16037.05,16032.65,16033.85,16033,16037.1,16034,16040.1,16029.4,16035.9,16030.3,16037.4,7.1,285.8100013
2026-04-29T21:45:00+00:00,16033.6,16041.7,16031.85,16040.4,16030.3,16036.9,16036.2,16047.2,16029.1,16034.6,16036.2,16044.6,8.4,813.8100109
2026-04-29T22:00:00+00:00,16037.35,16044,16035.6,16039.4,16034.1,16040.6,16043.4,16044.6,16034.1,16037.1,16038.9,16039.9,1,1652.180014
2026-04-29T22:15:00+00:00,16039.3,16039.8,16032.6,16034.35,16038.8,16039.8,16039.4,16040.2,16032.2,16033,16034,16034.7,0.7,1314.490023
2026-04-29T22:30:00+00:00,16034.4,16036.6,16032.95,16035.7,16034.1,16034.7,16036.3,16036.9,16032.6,16033.3,16035.4,16036,0.6,913.4100137
2026-04-29T22:45:00+00:00,16035.6,16035.8,16032.4,16032.95,16035.2,16036,16035.4,16036.2,16032,16032.8,16032.6,16033.3,0.7,1500.810027
2026-04-29T23:00:00+00:00,16032.8,16034.9,16029.45,16029.7,16032.6,16033,16034.5,16035.3,16029.2,16029.7,16029.6,16029.8,0.2,1832.420035
2026-04-29T23:15:00+00:00,16029.75,16029.75,16025.45,16026.8,16029.6,16029.9,16029.6,16029.9,16025.2,16025.7,16026.6,16027,0.4,944.1700257
2026-04-29T23:30:00+00:00,16026.9,16029.3,16015.35,16015.9,16026.5,16027.3,16029,16029.6,16015.1,16015.6,16015.6,16016.2,0.6,1425.67003
2026-04-29T23:45:00+00:00,16015.55,16020.2,16015.45,16020.15,16015.3,16015.8,16019.9,16020.5,16015.1,16015.8,16019.9,16020.4,0.5,1560.660026
2026-04-30T00:00:00+00:00,16020.05,16020.55,16007.5,16009.25,16019.8,16020.3,16020.3,16020.8,16007.3,16007.7,16009,16009.5,0.5,4933.320086
2026-04-30T00:15:00+00:00,16009.05,16015.45,16008.85,16014.5,16008.8,16009.3,16015.1,16015.8,16008.6,16009.1,16014.3,16014.7,0.4,2623.880053
2026-04-30T00:30:00+00:00,16014.45,16021.1,16013.55,16019.5,16014.3,16014.6,16020.8,16021.4,16013.4,16013.7,16019.2,16019.8,0.6,2167.250036
2026-04-30T00:45:00+00:00,16019.4,16030.65,16017.05,16029.7,16019.1,16019.7,16030.4,16030.9,16016.7,16017.4,16029.5,16029.9,0.4,5646.130088
2026-04-30T01:00:00+00:00,16030.15,16032,16025.2,16028.35,16030,16030.3,16031.7,16032.3,16025,16025.4,16028,16028.7,0.7,3928.930063
2026-04-30T01:15:00+00:00,16028.3,16029.85,16022.95,16024.35,16027.9,16028.7,16029.6,16030.1,16022.7,16023.2,16024.1,16024.6,0.5,2455.280049
2026-04-30T01:30:00+00:00,16024.55,16029.25,16021.8,16028.05,16024.3,16024.8,16029,16029.5,16021.6,16022,16027.8,16028.3,0.5,2515.590044
2026-04-30T01:45:00+00:00,16028.15,16029.55,16021.2,16022.75,16027.9,16028.4,16029.3,16029.8,16020.9,16021.5,16022.5,16023,0.5,3075.290065
2026-04-30T02:00:00+00:00,16022.95,16027.8,16021.45,16024.55,16022.8,16023.1,16027.4,16028.2,16021.3,16021.6,16024.3,16024.8,0.5,2376.090037
2026-04-30T02:15:00+00:00,16024.65,16031.8,16024,16030.75,16024.5,16024.8,16031.6,16032,16023.8,16024.2,16030.4,16031.1,0.7,1594.320026
2026-04-30T02:30:00+00:00,16030.8,16037.35,16030.65,16034.6,16030.5,16031.1,16037.2,16037.5,16030.4,16030.9,16034.4,16034.8,0.4,5728.260073
2026-04-30T02:45:00+00:00,16034.85,16040.15,16033.65,16034.55,16034.7,16035,16039.9,16040.4,16033.4,16033.9,16034.3,16034.8,0.5,2802.690045
2026-04-30T03:00:00+00:00,16034.5,16038.5,16032.1,16037.45,16034.2,16034.8,16038.1,16038.9,16031.9,16032.3,16037.2,16037.7,0.5,2137.050038
2026-04-30T03:15:00+00:00,16037.35,16040.6,16037.15,16037.65,16037.1,16037.6,16040.4,16040.8,16036.9,16037.4,16037.3,16038,0.7,2610.350043
2026-04-30T03:30:00+00:00,16037.55,16040.85,16036.05,16040.8,16037.2,16037.9,16040.6,16041.1,16035.8,16036.3,16040.6,16041,0.4,1866.350029
2026-04-30T03:45:00+00:00,16040.85,16042.75,16039.35,16042.5,16040.6,16041.1,16042.6,16042.9,16039.1,16039.6,16042.4,16042.6,0.2,984.4700198
2026-04-30T04:00:00+00:00,16042.6,16044.4,16036.7,16040.6,16042.4,16042.8,16044.2,16044.6,16036.4,16037,16040.5,16040.7,0.2,3007.760046
2026-04-30T04:15:00+00:00,16040.5,16053.95,16040.15,16047.35,16040.3,16040.7,16053.7,16054.2,16040,16040.3,16047.2,16047.5,0.3,3573.880067
2026-04-30T04:30:00+00:00,16047.9,16058.05,16047.15,16053.95,16047.8,16048,16057.8,16058.3,16046.9,16047.4,16053.7,16054.2,0.5,5276.900082
2026-04-30T04:45:00+00:00,16053.55,16054.95,16051,16053.95,16053.4,16053.7,16054.7,16055.2,16050.7,16051.3,16053.7,16054.2,0.5,1762.680034
2026-04-30T05:00:00+00:00,16054,16054.05,16046.55,16048.85,16053.6,16054.4,16053.7,16054.4,16046.3,16046.8,16048.6,16049.1,0.5,2547.250041
2026-04-30T05:15:00+00:00,16048.8,16056.25,16047.7,16055.6,16048.5,16049.1,16056,16056.5,16047.5,16047.9,16055.3,16055.9,0.6,1492.340024
2026-04-30T05:30:00+00:00,16055.95,16056.65,16053.6,16056.1,16055.7,16056.2,16056.4,16056.9,16053.3,16053.9,16055.9,16056.3,0.4,2578.230034
2026-04-30T05:45:00+00:00,16056.05,16065.55,16055.3,16065.5,16055.8,16056.3,16065.4,16065.7,16055.1,16055.5,16065.3,16065.7,0.4,3942.980051
2026-04-30T06:00:00+00:00,16065.75,16071.4,16058.6,16070.25,16065.5,16066,16071.1,16071.7,16058.5,16058.7,16070,16070.5,0.5,4449.110065
2026-04-30T06:15:00+00:00,16070.3,16072.55,16061.9,16062.3,16070,16070.6,16072.3,16072.8,16061.6,16062.2,16062.1,16062.5,0.4,4479.010054
2026-04-30T06:30:00+00:00,16062.25,16063.7,16053.7,16061.3,16062,16062.5,16063.5,16063.9,16053.4,16054,16061.1,16061.5,0.4,7071.920067
2026-04-30T06:45:00+00:00,16061.2,16063.45,16057.65,16061.25,16061,16061.4,16063.2,16063.7,16057.3,16058,16061,16061.5,0.5,6426.950044
2026-04-30T07:00:00+00:00,16061.5,16061.9,16047.5,16047.55,16061.4,16061.6,16061.7,16062.1,16047.3,16047.7,16047.4,16047.7,0.3,6487.070089
2026-04-30T07:15:00+00:00,16047.6,16051.9,16044.5,16047.3,16047.4,16047.8,16051.7,16052.1,16044.2,16044.8,16047.1,16047.5,0.4,4763.360065
2026-04-30T07:30:00+00:00,16047.25,16060.05,16047.25,16057.9,16047.1,16047.4,16059.8,16060.3,16047.1,16047.4,16057.7,16058.1,0.4,3884.210053
2026-04-30T07:45:00+00:00,16057.7,16059.8,15979,16013.5,16057.4,16058,16059.5,16060.1,15977.6,15980.4,16013.3,16013.7,0.4,6882.610109
2026-04-30T08:00:00+00:00,16013.7,16018.1,15993.1,16004.6,16013.3,16014.1,16017.6,16018.6,15992.7,15993.5,16004.3,16004.9,0.6,14624.35022
2026-04-30T08:15:00+00:00,16004.75,16009.9,15992.05,15992.1,16004.4,16005.1,16009.6,16010.2,15991.8,15992.3,15991.9,15992.3,0.4,9182.540143
2026-04-30T08:30:00+00:00,15992.15,15997.9,15960.5,15967.95,15991.8,15992.5,15997.7,15998.1,15960.2,15960.8,15967.6,15968.3,0.7,9714.110175
2026-04-30T08:45:00+00:00,15967.95,15973,15945.5,15959.05,15967.5,15968.4,15972.7,15973.3,15945.2,15945.8,15958.7,15959.4,0.7,9259.230164
2026-04-30T09:00:00+00:00,15958.35,15959.65,15930.65,15931.5,15958.2,15958.5,15959.4,15959.9,15930.4,15930.9,15931.2,15931.8,0.6,10330.17016
2026-04-30T09:15:00+00:00,15931.7,15951.8,15930.85,15937.6,15931.4,15932,15951.6,15952,15930.5,15931.2,15937.2,15938,0.8,8866.010133
2026-04-30T09:30:00+00:00,15937.5,15938.95,15922.4,15933.55,15937.1,15937.9,15938.6,15939.3,15922.1,15922.7,15933.3,15933.8,0.5,10737.08016
2026-04-30T09:45:00+00:00,15933.5,15942.2,15930.95,15934.25,15933.2,15933.8,15941.9,15942.5,15930.7,15931.2,15934,15934.5,0.5,6786.470108
2026-04-30T10:00:00+00:00,15934.15,15935.6,15918.15,15925.2,15933.9,15934.4,15935.3,15935.9,15918,15918.3,15924.8,15925.6,0.8,7872.230115
2026-04-30T10:15:00+00:00,15925.2,15927,15821.05,15845.45,15924.9,15925.5,15926.6,15927.4,15820.6,15821.5,15844.3,15846.6,2.3,10283.66016
2026-04-30T10:30:00+00:00,15844.7,15850.5,15754.95,15764.9,15843.3,15846.1,15849.9,15851.1,15754.5,15755.4,15764.5,15765.3,0.8,36056.74042
2026-04-30T10:45:00+00:00,15764.85,15796.9,15699.6,15716.8,15764.4,15765.3,15796.4,15797.4,15699.3,15699.9,15715.6,15718,2.4,30511.76038
2026-04-30T11:00:00+00:00,15716.8,15746.95,15682.85,15689.8,15715.8,15717.8,15746.8,15747.1,15682.3,15683.4,15689.1,15690.5,1.4,24315.21032
2026-04-30T11:15:00+00:00,15689.6,15709.1,15637.35,15650.6,15689.1,15690.1,15708.6,15709.6,15637,15637.7,15650.3,15650.9,0.6,26941.94034
2026-04-30T11:30:00+00:00,15650.3,15677.85,15580,15587.25,15650.2,15650.4,15677.4,15678.3,15579.7,15580.3,15586.6,15587.9,1.3,25236.89033
2026-04-30T11:45:00+00:00,15587.25,15637.9,15555.75,15637.65,15586.6,15587.9,15637.6,15638.2,15555.4,15556.1,15637.4,15637.9,0.5,21254.9603
2026-04-30T12:00:00+00:00,15637.75,15671.85,15634.55,15640.3,15637.5,15638,15671.6,15672.1,15634.1,15635,15639.6,15641,1.4,13434.59022
2026-04-30T12:15:00+00:00,15639.3,15677.25,15639.25,15668.8,15639,15639.6,15676.9,15677.6,15638.9,15639.6,15668.2,15669.4,1.2,11553.2502
2026-04-30T12:30:00+00:00,15669,15711.05,15662.9,15710.7,15668.4,15669.6,15710.7,15711.4,15662.4,15663.4,15710.3,15711.1,0.8,12052.28017
2026-04-30T12:45:00+00:00,15710.45,15710.95,15675.1,15682.3,15710.2,15710.7,15710.6,15711.3,15675,15675.2,15682.1,15682.5,0.4,9115.560157
2026-04-30T13:00:00+00:00,15682.4,15689.5,15619.7,15667.1,15682.2,15682.6,15689.4,15689.6,15618.8,15620.6,15666.9,15667.3,0.4,12836.66024
2026-04-30T13:15:00+00:00,15667.25,15686.35,15657,15657,15666.8,15667.7,15686.1,15686.6,15656.8,15657.2,15656.8,15657.2,0.4,8568.690183
2026-04-30T13:30:00+00:00,15657.4,15683.8,15654.2,15679.05,15657.2,15657.6,15683.7,15683.9,15654,15654.4,15678.8,15679.3,0.5,6821.350138
2026-04-30T13:45:00+00:00,15679.2,15696.1,15672.5,15692.5,15678.9,15679.5,15695.8,15696.4,15672.2,15672.8,15692.4,15692.6,0.2,8561.250154
2026-04-30T14:00:00+00:00,15692.4,15696.25,15670.05,15680,15692.3,15692.5,15696,15696.5,15669.9,15670.2,15679.7,15680.3,0.6,10029.53017
2026-04-30T14:15:00+00:00,15680.25,15682.05,15663.1,15669.45,15680,15680.5,15681.8,15682.3,15662.8,15663.4,15669.1,15669.8,0.7,8976.62016
2026-04-30T14:30:00+00:00,15669.55,15683.7,15657.5,15660.5,15669.2,15669.9,15683.5,15683.9,15657.2,15657.8,15660.3,15660.7,0.4,9670.760171
2026-04-30T14:45:00+00:00,15660.95,15670.8,15646.15,15667.75,15660.7,15661.2,15670.6,15671,15645.9,15646.4,15667.5,15668,0.5,10060.94018
2026-04-30T15:00:00+00:00,15667.7,15683.25,15664.1,15666.4,15667.4,15668,15683,15683.5,15663.9,15664.3,15666.1,15666.7,0.6,13647.15022
2026-04-30T15:15:00+00:00,15666.5,15676.05,15666.05,15674,15666.1,15666.9,15675.9,15676.2,15665.8,15666.3,15673.8,15674.2,0.4,8114.66011
2026-04-30T15:30:00+00:00,15674.05,15677.8,15660.4,15666.65,15673.8,15674.3,15677.6,15678,15660.2,15660.6,15666.3,15667,0.7,6987.550118
2026-04-30T15:45:00+00:00,15666.75,15674.5,15663.45,15666.35,15666.4,15667.1,15674.2,15674.8,15663.3,15663.6,15666.2,15666.5,0.3,7084.860107
2026-04-30T16:00:00+00:00,15666.3,15667.35,15651.05,15653.6,15666.2,15666.4,15667.2,15667.5,15650.9,15651.2,15653.4,15653.8,0.4,5279.910085
2026-04-30T16:15:00+00:00,15653.7,15674.2,15653.35,15671.15,15653.4,15654,15673.9,15674.5,15653.1,15653.6,15670.9,15671.4,0.5,6066.980113
2026-04-30T16:30:00+00:00,15671,15672.9,15660.1,15661.65,15670.8,15671.2,15672.6,15673.2,15659.8,15660.4,15661.4,15661.9,0.5,4811.040078
2026-04-30T16:45:00+00:00,15662,15665.25,15655.65,15658.05,15661.9,15662.1,15664.9,15665.6,15655.4,15655.9,15657.9,15658.2,0.3,4031.880065
2026-04-30T17:00:00+00:00,15658,15670.05,15651.8,15663.3,15657.8,15658.2,15669.7,15670.4,15651.6,15652,15663,15663.6,0.6,4718.230081
2026-04-30T17:15:00+00:00,15663.35,15665.25,15652.6,15652.65,15663.1,15663.6,15665,15665.5,15652.4,15652.8,15652.4,15652.9,0.5,4006.530064
2026-04-30T17:30:00+00:00,15652.75,15652.75,15642.9,15648.85,15652.5,15653,15652.5,15653,15642.7,15643.1,15648.6,15649.1,0.5,6317.230087
2026-04-30T17:45:00+00:00,15648.9,15651.25,15646.1,15648.45,15648.5,15649.3,15651,15651.5,15645.9,15646.3,15648.2,15648.7,0.5,4398.570068
2026-04-30T18:00:00+00:00,15648.25,15648.4,15641.15,15645.45,15648,15648.5,15648.1,15648.7,15641,15641.3,15645.2,15645.7,0.5,4179.810066
2026-04-30T18:15:00+00:00,15645.35,15645.35,15634.05,15639.45,15645.1,15645.6,15645.1,15645.6,15633.8,15634.3,15639.2,15639.7,0.5,3557.800061
2026-04-30T18:30:00+00:00,15639.05,15642.05,15631.45,15632.35,15638.8,15639.3,15641.8,15642.3,15631.2,15631.7,15632.1,15632.6,0.5,4171.380051
2026-04-30T18:45:00+00:00,15632.5,15642.55,15631.9,15641.45,15632.2,15632.8,15642.3,15642.8,15631.7,15632.1,15641.2,15641.7,0.5,3739.570047
2026-04-30T19:00:00+00:00,15641.4,15646.25,15630.8,15636,15641.1,15641.7,15646,15646.5,15630.6,15631,15635.7,15636.3,0.6,5206.400073
2026-04-30T19:15:00+00:00,15636.05,15654.7,15633.15,15648.45,15635.7,15636.4,15654.4,15655,15632.9,15633.4,15648.2,15648.7,0.5,4464.840072
2026-04-30T19:30:00+00:00,15648.5,15652.1,15641.1,15645.65,15648.3,15648.7,15651.8,15652.4,15640.8,15641.4,15645.3,15646,0.7,3585.46007
2026-04-30T19:45:00+00:00,15645.65,15657.1,15644.8,15656.85,15645.3,15646,15656.8,15657.4,15644.5,15645.1,15656.5,15657.2,0.7,4071.970066
2026-04-30T20:00:00+00:00,15656.9,15660.2,15652.6,15657.25,15656.6,15657.2,15659.9,15660.5,15652.3,15652.9,15656.9,15657.6,0.7,3065.660049
2026-04-30T20:15:00+00:00,15657.05,15657.3,15652.55,15655,15656.7,15657.4,15657,15657.6,15652.2,15652.9,15654.7,15655.3,0.6,1115.770021
2026-04-30T20:30:00+00:00,15655.3,15661.1,15651.15,15660.95,15655,15655.6,15660.7,15661.5,15650.8,15651.5,15660.6,15661.3,0.7,1349.370024
2026-04-30T20:45:00+00:00,15660.8,15663.4,15658.55,15658.9,15660.5,15661.1,15662.9,15663.9,15657.7,15659.4,15658,15659.8,1.8,1815.030028
2026-04-30T21:00:00+00:00,15658.95,15660.9,15649.2,15657.35,15658,15659.9,15658.5,15663.3,15638.5,15659.9,15651.4,15663.3,11.9,134.9900014
2026-04-30T21:15:00+00:00,15657.25,15660.3,15656.65,15659.5,15651.4,15663.1,15656.9,15663.7,15651.4,15661.9,15655.6,15663.4,7.8,132.7500026
2026-04-30T21:30:00+00:00,15659.9,15666.45,15658.95,15665.95,15656.5,15663.3,15665,15667.9,15656.5,15661.4,15664.2,15667.7,3.5,314.3300081
2026-04-30T21:45:00+00:00,15666.1,15666.55,15657.45,15658.7,15664.5,15667.7,15665.1,15668,15656.5,15658.4,15657,15660.4,3.4,443.3400106
2026-04-30T22:00:00+00:00,15658.6,15665.75,15657.5,15665.2,15656.9,15660.3,15665.4,15666.1,15656.3,15658.7,15664.8,15665.6,0.8,807.2300082
2026-04-30T22:15:00+00:00,15665.1,15667.25,15661.85,15666.7,15664.7,15665.5,15666.8,15667.7,15661.4,15662.3,15666.3,15667.1,0.8,369.1800098
2026-04-30T22:30:00+00:00,15666.55,15674.9,15666.3,15672.45,15666.1,15667,15674.5,15675.3,15665.9,15666.7,15672.1,15672.8,0.7,983.4000212
2026-04-30T22:45:00+00:00,15672.25,15673.6,15665.2,15666.5,15671.8,15672.7,15673.2,15674,15664.7,15665.7,15666,15667,1,1046.720017
2026-04-30T23:00:00+00:00,15666.75,15678.05,15664.4,15677.6,15666.3,15667.2,15677.8,15678.3,15663.9,15664.9,15677.3,15677.9,0.6,1681.480024
2026-04-30T23:15:00+00:00,15677.1,15677.85,15668.7,15671.25,15677,15677.2,15677.5,15678.2,15668.4,15669,15670.7,15671.8,1.1,1019.700019
2026-04-30T23:30:00+00:00,15671.3,15690.4,15671.05,15690.05,15670.8,15671.8,15689.9,15690.9,15670.8,15671.3,15689.7,15690.4,0.7,3259.340049
2026-04-30T23:45:00+00:00,15689.95,15702.35,15689.9,15699.25,15689.6,15690.3,15702.1,15702.6,15689.5,15690.3,15698.9,15699.6,0.7,5869.840085
2026-05-01T00:00:00+00:00,15699,15717,15696.7,15711.7,15698.8,15699.2,15716.6,15717.4,15696.4,15697,15711.5,15711.9,0.4,6439.420133
2026-05-01T00:15:00+00:00,15711.8,15730.75,15710.25,15728.3,15711.5,15712.1,15730.5,15731,15709.9,15710.6,15728.1,15728.5,0.4,6503.360091
2026-05-01T00:30:00+00:00,15728.25,15728.55,15714.6,15723.9,15727.9,15728.6,15728.2,15728.9,15714.2,15715,15723.6,15724.2,0.6,6431.980087
2026-05-01T00:45:00+00:00,15723.8,15728.35,15699.2,15708.15,15723.4,15724.2,15728,15728.7,15698.8,15699.6,15707.9,15708.4,0.5,7739.620121
2026-05-01T01:00:00+00:00,15708.1,15725.7,15705,15719.05,15707.8,15708.4,15725.4,15726,15704.8,15705.2,15718.7,15719.4,0.7,4280.43007
2026-05-01T01:15:00+00:00,15718.9,15724.4,15710.65,15719.25,15718.6,15719.2,15724.1,15724.7,15710.4,15710.9,15719,15719.5,0.5,3312.040063
2026-05-01T01:30:00+00:00,15719.15,15720.9,15706.75,15720.35,15718.8,15719.5,15720.7,15721.1,15706.5,15707,15720,15720.7,0.7,3955.130063
2026-05-01T01:45:00+00:00,15720.15,15723.35,15711.95,15720.1,15719.9,15720.4,15723.2,15723.5,15711.6,15712.3,15719.7,15720.5,0.8,3708.680062
2026-05-01T02:00:00+00:00,15719.45,15720.8,15714.35,15716.75,15719.4,15719.5,15720.5,15721.1,15714,15714.7,15716.5,15717,0.5,2929.500047
2026-05-01T02:15:00+00:00,15716.7,15721.3,15712.95,15718.2,15716.4,15717,15721,15721.6,15712.7,15713.2,15717.9,15718.5,0.6,2157.800036
2026-05-01T02:30:00+00:00,15718.15,15727.95,15715.35,15727.8,15717.9,15718.4,15727.7,15728.2,15715.2,15715.5,15727.6,15728,0.4,2275.11004
2026-05-01T02:45:00+00:00,15727.85,15732.9,15723.85,15723.9,15727.6,15728.1,15732.6,15733.2,15723.6,15724.1,15723.6,15724.2,0.6,2658.880049
2026-05-01T03:00:00+00:00,15723.7,15729.3,15719.8,15727.8,15723.3,15724.1,15729,15729.6,15719.5,15720.1,15727.5,15728.1,0.6,1881.030035
2026-05-01T03:15:00+00:00,15727.7,15728.35,15714.15,15717,15727.3,15728.1,15728.1,15728.6,15713.9,15714.4,15716.7,15717.3,0.6,1671.090027
2026-05-01T03:30:00+00:00,15716.75,15720.15,15699.5,15717.5,15716.4,15717.1,15719.8,15720.5,15699.1,15699.9,15717.2,15717.8,0.6,3897.140067
2026-05-01T03:45:00+00:00,15717.6,15723.9,15716.3,15718.8,15717.3,15717.9,15723.6,15724.2,15716,15716.6,15718.5,15719.1,0.6,2164.150039
2026-05-01T04:00:00+00:00,15718.8,15719.55,15711,15715,15718.4,15719.2,15719.4,15719.7,15710.8,15711.2,15714.6,15715.4,0.8,2684.830053
2026-05-01T04:15:00+00:00,15715.05,15721.75,15715,15721.5,15714.8,15715.3,15721.4,15722.1,15714.7,15715.3,15721.2,15721.8,0.6,1946.170026
2026-05-01T04:30:00+00:00,15721.55,15724.2,15718.45,15722.75,15721.3,15721.8,15723.9,15724.5,15718.1,15718.8,15722.3,15723.2,0.9,1685.48002
2026-05-01T04:45:00+00:00,15722.7,15728.05,15720.25,15724.6,15722.3,15723.1,15727.8,15728.3,15719.9,15720.6,15724.2,15725,0.8,2139.200024
2026-05-01T05:00:00+00:00,15724.65,15729.05,15720.3,15728.55,15724.3,15725,15728.8,15729.3,15720.2,15720.4,15728.2,15728.9,0.7,2742.060034
2026-05-01T05:15:00+00:00,15728.8,15730.05,15724.25,15728.95,15728.5,15729.1,15729.8,15730.3,15724,15724.5,15728.6,15729.3,0.7,1353.480018
2026-05-01T05:30:00+00:00,15728.75,15729.15,15720.5,15721.2,15728.4,15729.1,15728.8,15729.5,15720.2,15720.8,15721,15721.4,0.4,2155.800025
2026-05-01T05:45:00+00:00,15721.3,15729.25,15720.9,15728.05,15721.1,15721.5,15728.9,15729.6,15720.6,15721.2,15727.7,15728.4,0.7,1898.010032
2026-05-01T06:00:00+00:00,15727.95,15729.6,15719.45,15728,15727.7,15728.2,15729.4,15729.8,15719.2,15719.7,15727.7,15728.3,0.6,3044.900054
2026-05-01T06:15:00+00:00,15728.05,15729.2,15720.9,15725.4,15727.7,15728.4,15728.9,15729.5,15720.6,15721.2,15725.1,15725.7,0.6,2749.59004
2026-05-01T06:30:00+00:00,15725.45,15727.1,15705.3,15705.4,15725.2,15725.7,15726.9,15727.3,15704.9,15705.7,15705.1,15705.7,0.6,3924.920062
2026-05-01T06:45:00+00:00,15705.35,15705.7,15549.1,15596.75,15705,15705.7,15705.4,15706,15548.6,15549.6,15596.5,15597,0.5,23491.8603
2026-05-01T07:00:00+00:00,15596.7,15664.2,15586.8,15635.6,15596.5,15596.9,15663.7,15664.7,15586.3,15587.3,15635.2,15636,0.8,20838.5703
2026-05-01T07:15:00+00:00,15635.65,15646.75,15626.65,15632.05,15635.3,15636,15646.4,15647.1,15626.3,15627,15631.5,15632.6,1.1,7354.870112
2026-05-01T07:30:00+00:00,15631.75,15662.8,15628.05,15646.7,15631.2,15632.3,15662.5,15663.1,15627.7,15628.4,15646.3,15647.1,0.8,7427.780107
2026-05-01T07:45:00+00:00,15646.75,15672.5,15636.25,15662.5,15646.3,15647.2,15672.1,15672.9,15635.8,15636.7,15662.1,15662.9,0.8,7115.730087
2026-05-01T08:00:00+00:00,15662.45,15665.8,15644,15656.75,15662,15662.9,15665.5,15666.1,15643.8,15644.2,15656.5,15657,0.5,7680.460091
2026-05-01T08:15:00+00:00,15656.05,15657.05,15626.3,15634.55,15655.9,15656.2,15656.8,15657.3,15626,15626.6,15634.3,15634.8,0.5,4178.490085
2026-05-01T08:30:00+00:00,15634.75,15650.95,15633.1,15644.45,15634.5,15635,15650.8,15651.1,15632.9,15633.3,15644.2,15644.7,0.5,3713.540076
2026-05-01T08:45:00+00:00,15644.35,15654.7,15643.7,15647.35,15644.1,15644.6,15654.6,15654.8,15643.5,15643.9,15647.1,15647.6,0.5,3109.930061
2026-05-01T09:00:00+00:00,15647.4,15657.05,15642.35,15656.9,15647.1,15647.7,15656.7,15657.4,15642,15642.7,15656.7,15657.1,0.4,3865.530069
2026-05-01T09:15:00+00:00,15656.8,15671.8,15654.5,15671.15,15656.6,15657,15671.6,15672,15654.3,15654.7,15670.9,15671.4,0.5,3328.800063
2026-05-01T09:30:00+00:00,15671.2,15676.15,15654.6,15656.3,15670.9,15671.5,15675.9,15676.4,15654.3,15654.9,15656.1,15656.5,0.4,3241.060057
2026-05-01T09:45:00+00:00,15656.5,15663.9,15653.6,15657.95,15656.3,15656.7,15663.7,15664.1,15653.3,15653.9,15657.7,15658.2,0.5,3201.120051
2026-05-01T10:00:00+00:00,15657.9,15662.8,15648.9,15650.55,15657.6,15658.2,15662.5,15663.1,15648.7,15649.1,15650.3,15650.8,0.5,3168.450047
2026-05-01T10:15:00+00:00,15650.45,15655.55,15649.2,15653.85,15650.2,15650.7,15655.2,15655.9,15648.9,15649.5,15653.6,15654.1,0.5,2273.680034
2026-05-01T10:30:00+00:00,15653.9,15658.15,15650.05,15654.75,15653.6,15654.2,15657.8,15658.5,15649.7,15650.4,15654.5,15655,0.5,1748.760023
2026-05-01T10:45:00+00:00,15654.85,15660.5,15652,15659.2,15654.6,15655.1,15660.2,15660.8,15651.8,15652.2,15658.9,15659.5,0.6,2450.750034
2026-05-01T11:00:00+00:00,15659.25,15662.45,15653.1,15657.4,15659,15659.5,15662.2,15662.7,15652.7,15653.5,15657.1,15657.7,0.6,2827.490053
2026-05-01T11:15:00+00:00,15657.6,15659.75,15643.8,15651.55,15657.3,15657.9,15659.5,15660,15643.7,15643.9,15651.2,15651.9,0.7,2586.650044
2026-05-01T11:30:00+00:00,15651.45,15661.15,15649.85,15660.55,15651.1,15651.8,15660.9,15661.4,15649.7,15650,15660.3,15660.8,0.5,2483.380043
2026-05-01T11:45:00+00:00,15660.25,15662.15,15655.45,15658.3,15660,15660.5,15661.9,15662.4,15655.2,15655.7,15657.9,15658.7,0.8,2205.610035
2026-05-01T12:00:00+00:00,15658.5,15664.3,15647.75,15653.05,15658.3,15658.7,15664.1,15664.5,15647.5,15648,15652.6,15653.5,0.9,7013.720107
2026-05-01T12:15:00+00:00,15653.2,15655.75,15638.95,15645.25,15652.9,15653.5,15655.5,15656,15638.7,15639.2,15645,15645.5,0.5,8001.210131
2026-05-01T12:30:00+00:00,15645.4,15656.7,15645.05,15656.3,15645.1,15645.7,15656.4,15657,15644.8,15645.3,15656,15656.6,0.6,3684.760072
2026-05-01T12:45:00+00:00,15656.45,15661.05,15653.65,15659.5,15656.1,15656.8,15660.8,15661.3,15653.4,15653.9,15659.3,15659.7,0.4,3009.32005
2026-05-01T13:00:00+00:00,15659.9,15662.1,15655.65,15660.55,15659.8,15660,15661.8,15662.4,15655.4,15655.9,15660.3,15660.8,0.5,4368.92008
2026-05-01T13:15:00+00:00,15660.65,15666,15659.55,15661.05,15660.4,15660.9,15665.7,15666.3,15659.3,15659.8,15660.8,15661.3,0.5,3290.500055
2026-05-01T13:30:00+00:00,15660.95,15665.7,15652.75,15660.1,15660.7,15661.2,15665.4,15666,15652.4,15653.1,15659.6,15660.6,1,6051.460085
2026-05-01T13:45:00+00:00,15660.35,15675.75,15633.75,15650,15659.8,15660.9,15675.4,15676.1,15633.5,15634,15649.1,15650.9,1.8,13855.79021
2026-05-01T14:00:00+00:00,15649.85,15650.95,15637.05,15644,15648.7,15651,15650.3,15651.6,15636.7,15637.4,15643.7,15644.3,0.6,11590.16017
2026-05-01T14:15:00+00:00,15643.7,15650.2,15638.85,15649.9,15643.4,15644,15649.9,15650.5,15638.6,15639.1,15649.6,15650.2,0.6,8008.710128
2026-05-01T14:30:00+00:00,15649.95,15662.4,15642.15,15659.75,15649.6,15650.3,15662.2,15662.6,15641.9,15642.4,15659.4,15660.1,0.7,7295.420127
2026-05-01T14:45:00+00:00,15659.4,15672.75,15659.35,15663.85,15659.1,15659.7,15672.5,15673,15659,15659.7,15663.6,15664.1,0.5,9489.860139
2026-05-01T15:00:00+00:00,15663.8,15670.95,15663.65,15664.75,15663.6,15664,15670.7,15671.2,15663.4,15663.9,15664.5,15665,0.5,6662.320134
2026-05-01T15:15:00+00:00,15664.6,15675.75,15662.4,15673.45,15664.4,15664.8,15675.5,15676,15662.2,15662.6,15673.2,15673.7,0.5,3630.010069
2026-05-01T15:30:00+00:00,15673.35,15676.25,15663.15,15671.05,15673.1,15673.6,15676,15676.5,15662.8,15663.5,15670.8,15671.3,0.5,4434.240092
2026-05-01T15:45:00+00:00,15671.2,15689.9,15668.95,15676.1,15670.9,15671.5,15689.6,15690.2,15668.7,15669.2,15675.9,15676.3,0.4,7005.840141
2026-05-01T16:00:00+00:00,15676.4,15679,15667.25,15677.3,15676.3,15676.5,15678.7,15679.3,15667,15667.5,15677,15677.6,0.6,4721.070084
2026-05-01T16:15:00+00:00,15677.25,15688.6,15672.3,15687.25,15677,15677.5,15688.5,15688.7,15672,15672.6,15686.9,15687.6,0.7,4959.380098
2026-05-01T16:30:00+00:00,15687.35,15691.35,15682.25,15683.45,15687,15687.7,15691.1,15691.6,15682,15682.5,15683.1,15683.8,0.7,3663.940057
2026-05-01T16:45:00+00:00,15683.65,15694.6,15682.95,15694.4,15683.4,15683.9,15694.2,15695,15682.7,15683.2,15694,15694.8,0.8,3405.650061
2026-05-01T17:00:00+00:00,15694.45,15696,15690.7,15693.25,15694,15694.9,15695.7,15696.3,15690.4,15691,15693,15693.5,0.5,3202.930052
2026-05-01T17:15:00+00:00,15693.25,15695.45,15687.2,15694.25,15693,15693.5,15695.3,15695.6,15686.9,15687.5,15693.9,15694.6,0.7,4434.23006
2026-05-01T17:30:00+00:00,15694.35,15702.85,15693.45,15701.35,15694,15694.7,15702.5,15703.2,15693.2,15693.7,15701.1,15701.6,0.5,2511.830042
2026-05-01T17:45:00+00:00,15701.45,15701.65,15685.45,15693.3,15701.2,15701.7,15701.4,15701.9,15685.3,15685.6,15693,15693.6,0.6,2956.690048
2026-05-01T18:00:00+00:00,15693.35,15708.95,15692.3,15707.2,15693.1,15693.6,15708.7,15709.2,15692,15692.6,15706.9,15707.5,0.6,2597.830041
2026-05-01T18:15:00+00:00,15707.25,15712.15,15702.4,15704.65,15706.9,15707.6,15711.8,15712.5,15702.3,15702.5,15704.5,15704.8,0.3,2866.070046
2026-05-01T18:30:00+00:00,15704.8,15709.1,15691.45,15702.8,15704.5,15705.1,15708.8,15709.4,15691,15691.9,15702.5,15703.1,0.6,4655.990097
2026-05-01T18:45:00+00:00,15703.1,15705.65,15698.7,15701.6,15702.7,15703.5,15705.4,15705.9,15698.4,15699,15701.4,15701.8,0.4,3907.130068
2026-05-01T19:00:00+00:00,15701.65,15706.2,15700.2,15704.2,15701.4,15701.9,15705.9,15706.5,15699.9,15700.5,15703.9,15704.5,0.6,1848.970026
2026-05-01T19:15:00+00:00,15704.1,15704.5,15701.3,15704.4,15703.8,15704.4,15704.2,15704.8,15701,15701.6,15704.1,15704.7,0.6,1574.730021
2026-05-01T19:30:00+00:00,15704.35,15706.95,15703.6,15706.65,15704.1,15704.6,15706.7,15707.2,15703.3,15703.9,15706.4,15706.9,0.5,1559.950028
2026-05-01T19:45:00+00:00,15706.6,15709.2,15704.2,15706.3,15706.4,15706.8,15709,15709.4,15703.8,15704.6,15706,15706.6,0.6,1887.76004
2026-05-01T20:00:00+00:00,15706.35,15708.2,15702.8,15706.55,15706.1,15706.6,15707.9,15708.5,15702.5,15703.1,15706.1,15707,0.9,1546.890027
2026-05-01T20:15:00+00:00,15706.4,15707.85,15700.95,15703.1,15706,15706.8,15707.6,15708.1,15700.7,15701.2,15702.6,15703.6,1,1915.560024
2026-05-01T20:30:00+00:00,15703.3,15706.35,15696.6,15702.85,15703,15703.6,15705.9,15706.8,15696.3,15696.9,15702.5,15703.2,0.7,2507.250047
2026-05-01T20:45:00+00:00,15702.95,15709.5,15701.6,15706.05,15702.5,15703.4,15708.5,15710.5,15700.9,15702.3,15703.3,15708.8,5.5,4467.630064
2026-05-03T21:00:00+00:00,15677.5,15680.25,15675.7,15678.8,15670.8,15684.2,15675.1,15685.4,15668.9,15682.5,15675.1,15682.5,7.4,166.9500043
2026-05-03T21:15:00+00:00,15678.75,15680.1,15668.9,15669.15,15675.1,15682.4,15677.6,15682.6,15667.2,15670.6,15667.7,15670.6,2.9,277.5500064
2026-05-03T21:30:00+00:00,15669.25,15670.3,15669,15669.6,15667.7,15670.8,15669,15671.6,15667.6,15670.4,15668.7,15670.5,1.8,123.9000022
2026-05-03T21:45:00+00:00,15669.55,15677.25,15668.6,15673.35,15668.7,15670.4,15672.8,15681.7,15667.8,15669.4,15670.6,15676.1,5.5,1011.760015
2026-05-03T22:00:00+00:00,15673.7,15681.45,15668.6,15680.8,15670.5,15676.9,15681.1,15681.8,15668.2,15669,15680.4,15681.2,0.8,1684.700007
2026-05-03T22:15:00+00:00,15680.65,15693,15679.85,15686.85,15680.4,15680.9,15692.6,15693.4,15679.5,15680.2,15686.5,15687.2,0.7,988.8000284
2026-05-03T22:30:00+00:00,15686.7,15688.3,15680.45,15681.1,15686.2,15687.2,15687.9,15688.7,15680.1,15680.8,15680.7,15681.5,0.8,832.9500229
2026-05-03T22:45:00+00:00,15680.65,15686,15680.6,15683.35,15680.2,15681.1,15685.6,15686.4,15680.2,15681,15682.8,15683.9,1.1,523.0800105
2026-05-03T23:00:00+00:00,15683.5,15687.25,15680.45,15680.85,15682.9,15684.1,15686.8,15687.7,15680.2,15680.7,15680.6,15681.1,0.5,856.1400177
2026-05-03T23:15:00+00:00,15680.8,15686.75,15680.8,15684.55,15680.5,15681.1,15686.5,15687,15680.5,15681.1,15684.2,15684.9,0.7,624.1000149
2026-05-03T23:30:00+00:00,15684.6,15685.55,15679.6,15685.55,15684.2,15685,15685.3,15685.8,15679.3,15679.9,15685.3,15685.8,0.5,832.6000152
2026-05-03T23:45:00+00:00,15685.85,15690.45,15682.5,15690.15,15685.6,15686.1,15690.1,15690.8,15682.2,15682.8,15689.8,15690.5,0.7,1692.450027
2026-05-04T00:00:00+00:00,15690.35,15693.7,15686.8,15690.9,15690,15690.7,15693.4,15694,15686.5,15687.1,15690.6,15691.2,0.6,3659.310062
2026-05-04T00:15:00+00:00,15690.8,15699.35,15689.05,15697.6,15690.5,15691.1,15699.1,15699.6,15688.8,15689.3,15697.3,15697.9,0.6,3014.330047
2026-05-04T00:30:00+00:00,15697.4,15697.6,15692.25,15695.65,15697.1,15697.7,15697.3,15697.9,15692,15692.5,15695.4,15695.9,0.5,2210.74003
2026-05-04T00:45:00+00:00,15695.45,15696.35,15690.9,15690.95,15695.2,15695.7,15696.1,15696.6,15690.6,15691.2,15690.7,15691.2,0.5,2053.540036
2026-05-04T01:00:00+00:00,15691,15705.45,15689.8,15701,15690.7,15691.3,15705.2,15705.7,15689.5,15690.1,15700.7,15701.3,0.6,4190.230068
2026-05-04T01:15:00+00:00,15700.8,15704.85,15660.6,15700.2,15700.6,15701,15704.5,15705.2,15659.7,15661.5,15699.9,15700.5,0.6,5392.940086
2026-05-04T01:30:00+00:00,15699.5,15705.35,15696.9,15699.75,15699.4,15699.6,15705,15705.7,15696.6,15697.2,15699.4,15700.1,0.7,4207.920054
2026-05-04T01:45:00+00:00,15699.8,15708.2,15697.85,15704.15,15699.4,15700.2,15707.9,15708.5,15697.5,15698.2,15703.9,15704.4,0.5,4084.690047
2026-05-04T02:00:00+00:00,15704.1,15716.4,15702.65,15711.45,15703.8,15704.4,15716.2,15716.6,15702.4,15702.9,15711.2,15711.7,0.5,2831.99005
2026-05-04T02:15:00+00:00,15711.55,15716.65,15710.05,15716.65,15711.3,15711.8,15716.4,15716.9,15709.8,15710.3,15716.4,15716.9,0.5,2095.740046
2026-05-04T02:30:00+00:00,15716.7,15719.65,15715.95,15718.35,15716.4,15717,15719.5,15719.8,15715.8,15716.1,15718.1,15718.6,0.5,1521.190027
2026-05-04T02:45:00+00:00,15718.4,15720,15706.7,15712.7,15718.2,15718.6,15719.7,15720.3,15706.2,15707.2,15712.4,15713,0.6,2333.250037
2026-05-04T03:00:00+00:00,15712.95,15725.15,15712.8,15722.25,15712.7,15713.2,15724.9,15725.4,15712.5,15713.1,15722,15722.5,0.5,2812.340056
2026-05-04T03:15:00+00:00,15722.2,15723.85,15719.3,15723.8,15721.9,15722.5,15723.5,15724.2,15719,15719.6,15723.4,15724.2,0.8,1969.680025
2026-05-04T03:30:00+00:00,15723.9,15724.85,15719.55,15721.05,15723.6,15724.2,15724.6,15725.1,15719.4,15719.7,15720.6,15721.5,0.9,1363.330024
2026-05-04T03:45:00+00:00,15721.2,15721.2,15570.5,15620.6,15721,15721.4,15721,15721.4,15569.8,15571.2,15619.7,15621.5,1.8,27887.20029
2026-05-04T04:00:00+00:00,15620.45,15654.05,15613.8,15652.75,15619.5,15621.4,15653.8,15654.3,15613.1,15614.5,15652.3,15653.2,0.9,7568.540141
2026-05-04T04:15:00+00:00,15652.85,15670.3,15650.3,15668.55,15652.4,15653.3,15670.1,15670.5,15649.8,15650.8,15668.3,15668.8,0.5,3816.380073
2026-05-04T04:30:00+00:00,15668.4,15674.45,15663.45,15672.55,15668.1,15668.7,15674.1,15674.8,15663.1,15663.8,15672.3,15672.8,0.5,2801.130055
2026-05-04T04:45:00+00:00,15673.75,15679.05,15672.6,15673.3,15673.6,15673.9,15678.7,15679.4,15672.3,15672.9,15672.9,15673.7,0.8,2014.550032
2026-05-04T05:00:00+00:00,15673.4,15677.45,15653.3,15674.15,15673,15673.8,15677.2,15677.7,15652.9,15653.7,15673.7,15674.6,0.9,4118.400039
2026-05-04T05:15:00+00:00,15674.1,15684.4,15659.95,15679.6,15673.7,15674.5,15684.1,15684.7,15659.7,15660.2,15679.2,15680,0.8,6195.810073
2026-05-04T05:30:00+00:00,15679.4,15686.55,15657.5,15680.7,15679,15679.8,15686.2,15686.9,15657.2,15657.8,15680.3,15681.1,0.8,3986.680058
2026-05-04T05:45:00+00:00,15680.65,15681.7,15668.85,15678.45,15680.3,15681,15681.3,15682.1,15668.6,15669.1,15678.1,15678.8,0.7,3123.29005
2026-05-04T06:00:00+00:00,15678.5,15683.9,15673.6,15683.6,15678.2,15678.8,15683.7,15684.1,15673.2,15674,15683.3,15683.9,0.6,4508.310074
2026-05-04T06:15:00+00:00,15683.55,15683.8,15673.95,15680,15683.1,15684,15683.5,15684.1,15673.5,15674.4,15679.6,15680.4,0.8,3718.580066
2026-05-04T06:30:00+00:00,15680.1,15693,15676.4,15690.95,15679.8,15680.4,15692.8,15693.2,15676.1,15676.7,15690.8,15691.1,0.3,4365.680075
2026-05-04T06:45:00+00:00,15690.85,15693.95,15684.4,15692.75,15690.6,15691.1,15693.6,15694.3,15684.1,15684.7,15692.5,15693,0.5,4786.480079
2026-05-04T07:00:00+00:00,15692.8,15698.2,15690.7,15697.1,15692.6,15693,15697.9,15698.5,15690.4,15691,15696.8,15697.4,0.6,4173.600061
2026-05-04T07:15:00+00:00,15696.8,15696.8,15687.2,15691.55,15696.7,15696.9,15696.7,15696.9,15687,15687.4,15691.3,15691.8,0.5,3594.980059
2026-05-04T07:30:00+00:00,15691.5,15691.95,15681.8,15687.7,15691.2,15691.8,15691.7,15692.2,15681.6,15682,15687.4,15688,0.6,2757.31005
2026-05-04T07:45:00+00:00,15687.65,15692.55,15684.45,15689.55,15687.4,15687.9,15692.3,15692.8,15684.2,15684.7,15689.3,15689.8,0.5,2642.340055
2026-05-04T08:00:00+00:00,15689.45,15695.8,15689.45,15693.35,15689.2,15689.7,15695.5,15696.1,15689.2,15689.7,15693.1,15693.6,0.5,2747.400066
2026-05-04T08:15:00+00:00,15693.3,15697.9,15690.8,15691.5,15693,15693.6,15697.6,15698.2,15690.5,15691.1,15691.2,15691.8,0.6,3272.690051
2026-05-04T08:30:00+00:00,15691.45,15693.9,15688.8,15693.35,15691,15691.9,15693.6,15694.2,15688.7,15688.9,15693.1,15693.6,0.5,2394.630035
2026-05-04T08:45:00+00:00,15693.4,15697.9,15692.6,15695.25,15693.1,15693.7,15697.7,15698.1,15692.3,15692.9,15695,15695.5,0.5,2309.200035
2026-05-04T09:00:00+00:00,15695.15,15697.95,15692.05,15696.95,15694.9,15695.4,15697.7,15698.2,15691.8,15692.3,15696.7,15697.2,0.5,3018.42004
2026-05-04T09:15:00+00:00,15696.7,15701.4,15696.2,15697.35,15696.5,15696.9,15701.1,15701.7,15695.9,15696.5,15697,15697.7,0.7,2760.500052
2026-05-04T09:30:00+00:00,15697.45,15699.65,15695,15698.9,15697.1,15697.8,15699.3,15700,15694.7,15695.3,15698.6,15699.2,0.6,2008.240029
2026-05-04T09:45:00+00:00,15698.8,15700.2,15689.65,15696.9,15698.5,15699.1,15699.9,15700.5,15689.3,15690,15696.6,15697.2,0.6,2176.480042
2026-05-04T10:00:00+00:00,15697,15720.1,15696.9,15716.4,15696.7,15697.3,15720,15720.2,15696.6,15697.2,15716,15716.8,0.8,8918.390189
2026-05-04T10:15:00+00:00,15716.35,15720.45,15704.2,15707.5,15716.1,15716.6,15720.3,15720.6,15704,15704.4,15707.2,15707.8,0.6,6967.620126
2026-05-04T10:30:00+00:00,15707.6,15712.05,15696.35,15706.45,15707.4,15707.8,15711.8,15712.3,15696,15696.7,15706.1,15706.8,0.7,8090.590155
2026-05-04T10:45:00+00:00,15706.5,15714.25,15703.55,15711.6,15706.2,15706.8,15714,15714.5,15703.2,15703.9,15711.3,15711.9,0.6,3199.760054
2026-05-04T11:00:00+00:00,15711.4,15717.2,15706.7,15715.75,15711.3,15711.5,15716.9,15717.5,15706.5,15706.9,15715.4,15716.1,0.7,4654.360076
2026-05-04T11:15:00+00:00,15715.55,15716.2,15711.2,15711.45,15715.3,15715.8,15715.9,15716.5,15710.9,15711.5,15711.2,15711.7,0.5,2873.880049
2026-05-04T11:30:00+00:00,15711.55,15717.75,15711.2,15716.05,15711.3,15711.8,15717.5,15718,15710.9,15711.5,15715.9,15716.2,0.3,3601.040059
2026-05-04T11:45:00+00:00,15716,15718.35,15714.7,15717.65,15715.8,15716.2,15718.1,15718.6,15714.4,15715,15717.4,15717.9,0.5,3211.49005
2026-05-04T12:00:00+00:00,15717.55,15718.35,15708.65,15710.5,15717.3,15717.8,15718.1,15718.6,15708.4,15708.9,15710.2,15710.8,0.6,4063.790055
2026-05-04T12:15:00+00:00,15710.4,15712.5,15702.4,15708.45,15710.1,15710.7,15712.3,15712.7,15702.1,15702.7,15708.2,15708.7,0.5,5855.840074
2026-05-04T12:30:00+00:00,15708.5,15710.85,15703.2,15707.35,15708.2,15708.8,15710.6,15711.1,15702.9,15703.5,15707.1,15707.6,0.5,4483.170056
2026-05-04T12:45:00+00:00,15707.2,15715.15,15706.45,15714.05,15706.8,15707.6,15714.9,15715.4,15706.2,15706.7,15713.9,15714.2,0.3,3604.60006
2026-05-04T13:00:00+00:00,15714.35,15718.35,15698.65,15705.25,15714,15714.7,15718,15718.7,15698.5,15698.8,15705.1,15705.4,0.3,8920.340149
2026-05-04T13:15:00+00:00,15705.75,15709.7,15702.85,15707.3,15705.7,15705.8,15709.5,15709.9,15702.6,15703.1,15707,15707.6,0.6,4592.10007
2026-05-04T13:30:00+00:00,15706.8,15710.55,15697,15701.15,15706.7,15706.9,15710.3,15710.8,15696.6,15697.4,15700.9,15701.4,0.5,5344.530094
2026-05-04T13:45:00+00:00,15700.95,15704.15,15699.1,15702.05,15700.7,15701.2,15703.9,15704.4,15698.8,15699.4,15701.3,15702.8,1.5,4540.850076
2026-05-04T14:00:00+00:00,15702.1,15715.9,15702.05,15711.75,15701.4,15702.8,15715.6,15716.2,15701.3,15702.8,15711.5,15712,0.5,5569.290098
2026-05-04T14:15:00+00:00,15712.15,15713.7,15703.65,15706.7,15712,15712.3,15713.4,15714,15703.5,15703.8,15706.5,15706.9,0.4,4287.090067
2026-05-04T14:30:00+00:00,15706.75,15707.65,15692.7,15703.55,15706.6,15706.9,15707.4,15707.9,15692.5,15692.9,15703.2,15703.9,0.7,4818.960082
2026-05-04T14:45:00+00:00,15703.6,15709.95,15702.05,15709.3,15703.4,15703.8,15709.7,15710.2,15701.8,15702.3,15709.1,15709.5,0.4,5831.770094
2026-05-04T15:00:00+00:00,15709.4,15712.25,15694.5,15706.3,15709.3,15709.5,15712.1,15712.4,15694.4,15694.6,15706.1,15706.5,0.4,6958.700134
2026-05-04T15:15:00+00:00,15706.35,15722.05,15702.1,15712.7,15706.2,15706.5,15721.9,15722.2,15701.9,15702.3,15712.4,15713,0.6,8264.670171
2026-05-04T15:30:00+00:00,15712.5,15721.2,15712,15717.6,15712.2,15712.8,15720.9,15721.5,15711.7,15712.3,15717.2,15718,0.8,6512.530111
2026-05-04T15:45:00+00:00,15717.65,15730.15,15713.55,15720,15717.3,15718,15730,15730.3,15713.1,15714,15719.7,15720.3,0.6,7334.440121
2026-05-04T16:00:00+00:00,15720.05,15730.2,15713.95,15729.75,15719.9,15720.2,15730.1,15730.3,15713.6,15714.3,15729.6,15729.9,0.3,6740.070135
2026-05-04T16:15:00+00:00,15729.8,15730.15,15715.9,15724.9,15729.7,15729.9,15729.9,15730.4,15715.1,15716.7,15724.6,15725.2,0.6,7176.980137
2026-05-04T16:30:00+00:00,15725.1,15728.05,15722.3,15727.5,15724.9,15725.3,15727.8,15728.3,15722,15722.6,15727.3,15727.7,0.4,4469.040085
2026-05-04T16:45:00+00:00,15727.65,15728.45,15724.75,15727.2,15727.5,15727.8,15728.2,15728.7,15724.4,15725.1,15726.8,15727.6,0.8,3899.750058
2026-05-04T17:00:00+00:00,15727.2,15728.65,15722,15723.85,15726.8,15727.6,15728.4,15728.9,15721.7,15722.3,15723.5,15724.2,0.7,4441.040082
2026-05-04T17:15:00+00:00,15723.9,15724.6,15716.75,15718,15723.7,15724.1,15724.3,15724.9,15716.5,15717,15717.5,15718.5,1,4593.600064
2026-05-04T17:30:00+00:00,15718.05,15726,15717.2,15724.7,15717.7,15718.4,15725.7,15726.3,15717.1,15717.3,15724.4,15725,0.6,3022.740045
2026-05-04T17:45:00+00:00,15724.75,15725.6,15721.25,15722.75,15724.5,15725,15725.4,15725.8,15721,15721.5,15722.4,15723.1,0.7,2327.140041
2026-05-04T18:00:00+00:00,15722.85,15723.55,15718.5,15723.15,15722.5,15723.2,15723.3,15723.8,15718.3,15718.7,15722.9,15723.4,0.5,2605.050049
2026-05-04T18:15:00+00:00,15723.1,15727.8,15723,15724.2,15722.8,15723.4,15727.6,15728,15722.7,15723.3,15723.9,15724.5,0.6,3015.670057
2026-05-04T18:30:00+00:00,15724.1,15724.45,15720.25,15720.75,15723.9,15724.3,15724.3,15724.6,15720,15720.5,15720.5,15721,0.5,2537.330061
2026-05-04T18:45:00+00:00,15720.7,15722.85,15655.55,15673.75,15720.4,15721,15722.8,15722.9,15654.7,15656.4,15673.2,15674.3,1.1,7124.620128
2026-05-04T19:00:00+00:00,15675.2,15713.4,15675.2,15704.6,15674.9,15675.5,15713,15713.8,15674.9,15675.5,15704.4,15704.8,0.4,7307.720147
2026-05-04T19:15:00+00:00,15704.65,15709.7,15702.1,15704.75,15704.4,15704.9,15709.4,15710,15701.8,15702.4,15704.4,15705.1,0.7,3574.430073
2026-05-04T19:30:00+00:00,15704.7,15710.85,15704.6,15707.5,15704.4,15705,15710.5,15711.2,15704.3,15704.9,15707.4,15707.6,0.2,2015.210046
2026-05-04T19:45:00+00:00,15707.85,15711.4,15705.6,15709.9,15707.8,15707.9,15711.1,15711.7,15705.5,15705.7,15709.6,15710.2,0.6,2763.680055
2026-05-04T20:00:00+00:00,15709.95,15720.55,15709.9,15718.95,15709.7,15710.2,15720.4,15720.7,15709.6,15710.2,15718.6,15719.3,0.7,1356.000035
2026-05-04T20:15:00+00:00,15719,15728.55,15717.1,15721.85,15718.7,15719.3,15728.2,15728.9,15716.8,15717.4,15721.5,15722.2,0.7,1663.900039
2026-05-04T20:30:00+00:00,15721.75,15723.5,15719.6,15721.6,15721.4,15722.1,15723.2,15723.8,15719.2,15720,15721.3,15721.9,0.6,1143.060029
2026-05-04T20:45:00+00:00,15721.65,15727.1,15720.7,15723.4,15721.4,15721.9,15726.2,15728,15720.3,15721.1,15721.5,15725.3,3.8,1830.910021
2026-05-04T21:00:00+00:00,15724.1,15724.8,15719.65,15722.75,15721.4,15726.8,15721.4,15728.2,15715.7,15723.6,15721.4,15724.1,2.7,95.52000079
2026-05-04T21:15:00+00:00,15722.6,15722.75,15717.65,15720,15721.3,15723.9,15721.4,15724.1,15715.1,15720.2,15719.1,15720.9,1.8,147.8300037
2026-05-04T21:30:00+00:00,15718.55,15721.15,15717.45,15720,15716.2,15720.9,15719.4,15722.9,15715.3,15719.6,15718.9,15721.1,2.2,214.4600037
2026-05-04T21:45:00+00:00,15719.9,15722,15713.6,15716.25,15718.5,15721.3,15719.8,15724.2,15711.6,15715.6,15712.9,15719.6,6.7,300.2400026
2026-05-04T22:00:00+00:00,15716.15,15727.2,15714.4,15724.4,15712.9,15719.4,15726.9,15727.5,15712.2,15716.6,15724,15724.8,0.8,521.8699971
2026-05-04T22:15:00+00:00,15724.55,15726.95,15720.25,15720.8,15724.1,15725,15726.5,15727.4,15719.7,15720.8,15720.3,15721.3,1,421.0500089
2026-05-04T22:30:00+00:00,15721.05,15722.95,15720.9,15721.2,15720.8,15721.3,15722.6,15723.3,15720.5,15721.3,15720.8,15721.6,0.8,478.8000077
2026-05-04T22:45:00+00:00,15721.15,15724.25,15719.75,15723.1,15720.7,15721.6,15723.8,15724.7,15719.3,15720.2,15722.7,15723.5,0.8,297.1900082
2026-05-04T23:00:00+00:00,15723.05,15724,15718.45,15721.1,15722.6,15723.5,15723.6,15724.4,15718.2,15718.7,15720.7,15721.5,0.8,679.7000175
2026-05-04T23:15:00+00:00,15721.15,15722.55,15720.1,15720.65,15720.8,15721.5,15722.2,15722.9,15719.8,15720.4,15720.3,15721,0.7,252.0800045
2026-05-04T23:30:00+00:00,15720.6,15721.95,15717.75,15720.55,15720.3,15720.9,15721.6,15722.3,15717.5,15718,15720.2,15720.9,0.7,460.5900108
2026-05-04T23:45:00+00:00,15720.5,15721.85,15717.9,15721.7,15720,15721,15721.5,15722.2,15717.6,15718.2,15721.4,15722,0.6,895.3900207
2026-05-05T00:00:00+00:00,15721.85,15723.25,15719,15721.15,15721.4,15722.3,15722.9,15723.6,15718.7,15719.3,15720.9,15721.4,0.5,2576.300043
2026-05-05T00:15:00+00:00,15721.3,15725.8,15719.9,15723.85,15720.9,15721.7,15725.5,15726.1,15719.5,15720.3,15723.5,15724.2,0.7,1552.120033
2026-05-05T00:30:00+00:00,15723.75,15725.4,15721.9,15723.55,15723.4,15724.1,15725.1,15725.7,15721.6,15722.2,15723.3,15723.8,0.5,895.3100154
2026-05-05T00:45:00+00:00,15723.5,15723.5,15717,15721.4,15723.2,15723.8,15723.2,15723.8,15716.7,15717.3,15721.1,15721.7,0.6,1829.520033
2026-05-05T01:00:00+00:00,15721.3,15725.15,15721.1,15724.9,15721,15721.6,15724.8,15725.5,15720.8,15721.4,15724.6,15725.2,0.6,1260.020022
2026-05-05T01:15:00+00:00,15725,15727.05,15722.65,15726,15724.6,15725.4,15726.8,15727.3,15722.4,15722.9,15725.7,15726.3,0.6,1183.660022
2026-05-05T01:30:00+00:00,15725.9,15727.2,15719.7,15723.85,15725.6,15726.2,15726.9,15727.5,15719.6,15719.8,15723.6,15724.1,0.5,2387.380043
2026-05-05T01:45:00+00:00,15723.9,15724.75,15719.1,15721.3,15723.6,15724.2,15724.5,15725,15718.8,15719.4,15721,15721.6,0.6,1662.690029
2026-05-05T02:00:00+00:00,15721.25,15721.8,15719.5,15721.5,15720.9,15721.6,15721.5,15722.1,15719.2,15719.8,15721.2,15721.8,0.6,1307.990021
2026-05-05T02:15:00+00:00,15721.95,15723.3,15718.9,15721.5,15721.9,15722,15723,15723.6,15718.6,15719.2,15721.2,15721.8,0.6,949.8600141
2026-05-05T02:30:00+00:00,15721.7,15722.95,15720.3,15720.4,15721.4,15722,15722.7,15723.2,15720,15720.6,15720,15720.8,0.8,953.3900182
2026-05-05T02:45:00+00:00,15720.35,15722.9,15719.7,15722.4,15720.1,15720.6,15722.5,15723.3,15719.4,15720,15722.1,15722.7,0.6,1426.840022
2026-05-05T03:00:00+00:00,15722.45,15724.1,15722.2,15723.45,15722.1,15722.8,15723.7,15724.5,15721.9,15722.5,15723.2,15723.7,0.5,986.9400105
2026-05-05T03:15:00+00:00,15723.6,15723.8,15721.5,15722.75,15723.3,15723.9,15723.5,15724.1,15721.2,15721.8,15722.5,15723,0.5,1000.520013
2026-05-05T03:30:00+00:00,15722.8,15724.9,15722.35,15724.7,15722.5,15723.1,15724.6,15725.2,15722,15722.7,15724.5,15724.9,0.4,672.7900119
2026-05-05T03:45:00+00:00,15724.6,15726.95,15723.85,15726.75,15724.3,15724.9,15726.7,15727.2,15723.5,15724.2,15726.5,15727,0.5,703.0700122
2026-05-05T04:00:00+00:00,15726.8,15727.1,15725.15,15725.7,15726.5,15727.1,15726.8,15727.4,15724.9,15725.4,15725.4,15726,0.6,649.6100119
2026-05-05T04:15:00+00:00,15725.55,15726.85,15723.95,15726.3,15725.4,15725.7,15726.6,15727.1,15723.8,15724.1,15725.9,15726.7,0.8,685.820011
2026-05-05T04:30:00+00:00,15726.4,15727.6,15724.75,15726.8,15726,15726.8,15727.2,15728,15724.4,15725.1,15726.5,15727.1,0.6,1445.950025
2026-05-05T04:45:00+00:00,15726.85,15730.05,15726.2,15728.7,15726.6,15727.1,15729.8,15730.3,15725.9,15726.5,15728.4,15729,0.6,1058.27002
2026-05-05T05:00:00+00:00,15728.7,15730.15,15725,15727.3,15728.4,15729,15730,15730.3,15724.7,15725.3,15727,15727.6,0.6,1858.550032
2026-05-05T05:15:00+00:00,15727.35,15728.75,15722.85,15725.45,15727.1,15727.6,15728.4,15729.1,15722.6,15723.1,15725.2,15725.7,0.5,1776.370031
2026-05-05T05:30:00+00:00,15725.35,15726.45,15721.55,15722.85,15725.1,15725.6,15726.2,15726.7,15721.2,15721.9,15722.6,15723.1,0.5,2935.320055
2026-05-05T05:45:00+00:00,15723.1,15729.85,15722.75,15728,15722.9,15723.3,15729.5,15730.2,15722.4,15723.1,15727.7,15728.3,0.6,1779.000034
2026-05-05T06:00:00+00:00,15727.8,15729.45,15723.45,15728.4,15727.6,15728,15729.1,15729.8,15723.1,15723.8,15728.1,15728.7,0.6,3189.460047
2026-05-05T06:15:00+00:00,15728.35,15730.05,15724.8,15725.45,15728.1,15728.6,15729.9,15730.2,15724.5,15725.1,15725.2,15725.7,0.5,2028.170032
2026-05-05T06:30:00+00:00,15726,15727.35,15719.45,15723.9,15725.8,15726.2,15727.1,15727.6,15719.2,15719.7,15723.7,15724.1,0.4,1751.480031
2026-05-05T06:45:00+00:00,15723.8,15726.45,15721.45,15722.75,15723.6,15724,15726.1,15726.8,15721.2,15721.7,15722.4,15723.1,0.7,2129.960039
2026-05-05T07:00:00+00:00,15722.65,15723.7,15712.6,15716.3,15722.4,15722.9,15723.4,15724,15712.3,15712.9,15716,15716.6,0.6,3778.630055
2026-05-05T07:15:00+00:00,15716.2,15723.4,15713.3,15723.25,15715.9,15716.5,15723.1,15723.7,15713.1,15713.5,15722.9,15723.6,0.7,2342.540036
2026-05-05T07:30:00+00:00,15723.4,15723.85,15708.2,15719.55,15723.1,15723.7,15723.5,15724.2,15708,15708.4,15719.3,15719.8,0.5,4939.580076
2026-05-05T07:45:00+00:00,15719.35,15723.75,15717.6,15723.75,15719.1,15719.6,15723.5,15724,15717.3,15717.9,15723.5,15724,0.5,2776.500041
2026-05-05T08:00:00+00:00,15723.85,15728.55,15720.55,15728.55,15723.5,15724.2,15728.3,15728.8,15720.3,15720.8,15728.3,15728.8,0.5,2297.020038
2026-05-05T08:15:00+00:00,15728.45,15728.55,15724.7,15726.95,15728.1,15728.8,15728.3,15728.8,15724.4,15725,15726.7,15727.2,0.5,1690.350021
2026-05-05T08:30:00+00:00,15727.1,15728.4,15724.3,15726.95,15726.9,15727.3,15728.2,15728.6,15724.1,15724.5,15726.7,15727.2,0.5,2738.560033
2026-05-05T08:45:00+00:00,15726.9,15728.5,15725.45,15728.05,15726.7,15727.1,15728.2,15728.8,15725.2,15725.7,15727.8,15728.3,0.5,3527.290011
2026-05-05T09:00:00+00:00,15728.1,15786.85,15728.05,15752.7,15727.8,15728.4,15786.8,15786.9,15727.8,15728.3,15752.4,15753,0.6,9025.580126
2026-05-05T09:15:00+00:00,15752.55,15769.35,15751.05,15756.9,15752.1,15753,15769,15769.7,15750.7,15751.4,15756.6,15757.2,0.6,8085.000098
2026-05-05T09:30:00+00:00,15756.95,15758.95,15711,15756.95,15756.6,15757.3,15758.7,15759.2,15709.8,15712.2,15756.6,15757.3,0.7,6643.940106
2026-05-05T09:45:00+00:00,15757.15,15762.05,15749.1,15751.4,15756.8,15757.5,15761.7,15762.4,15748.8,15749.4,15751.1,15751.7,0.6,2283.640043
2026-05-05T10:00:00+00:00,15751.2,15763.25,15749.15,15761.65,15750.9,15751.5,15763,15763.5,15748.8,15749.5,15761.3,15762,0.7,1961.930044
2026-05-05T10:15:00+00:00,15761.35,15763.75,15752.75,15756.15,15761.1,15761.6,15763.5,15764,15752.5,15753,15755.9,15756.4,0.5,2207.320044
2026-05-05T10:30:00+00:00,15756.2,15760.8,15749.55,15759.8,15755.9,15756.5,15760.5,15761.1,15749.3,15749.8,15759.5,15760.1,0.6,2684.47005
2026-05-05T10:45:00+00:00,15759.65,15767.15,15759.25,15761.8,15759.2,15760.1,15766.8,15767.5,15759,15759.5,15761.5,15762.1,0.6,2321.420042
2026-05-05T11:00:00+00:00,15761.95,15774.3,15761.25,15769.9,15761.7,15762.2,15774.1,15774.5,15760.9,15761.6,15769.5,15770.3,0.8,3909.150064
2026-05-05T11:15:00+00:00,15769.95,15779.5,15764.4,15768.1,15769.7,15770.2,15779.2,15779.8,15764.1,15764.7,15767.7,15768.5,0.8,3393.710058
2026-05-05T11:30:00+00:00,15768.15,15771.3,15764.5,15770.75,15767.9,15768.4,15771,15771.6,15764.2,15764.8,15770.5,15771,0.5,2026.84004
2026-05-05T11:45:00+00:00,15770.7,15777,15770.55,15774.7,15770.4,15771,15776.7,15777.3,15770.4,15770.7,15774.4,15775,0.6,2763.970047
2026-05-05T12:00:00+00:00,15774.9,15783.95,15764.1,15774.25,15774.6,15775.2,15783.7,15784.2,15763.9,15764.3,15774,15774.5,0.5,7535.16011
2026-05-05T12:15:00+00:00,15773.95,15777.8,15765.45,15769.25,15773.7,15774.2,15777.6,15778,15765,15765.9,15768.6,15769.9,1.3,4877.410089
2026-05-05T12:30:00+00:00,15769.2,15779.8,15768.35,15777.95,15768.5,15769.9,15779.6,15780,15767.9,15768.8,15777.7,15778.2,0.5,3778.720064
2026-05-05T12:45:00+00:00,15778,15780.95,15776.4,15777.15,15777.7,15778.3,15780.8,15781.1,15776.2,15776.6,15776.9,15777.4,0.5,2810.310048
2026-05-05T13:00:00+00:00,15777.2,15778.95,15769.95,15771.25,15777,15777.4,15778.8,15779.1,15769.7,15770.2,15770.9,15771.6,0.7,4177.700081
2026-05-05T13:15:00+00:00,15771.35,15774.35,15767.45,15773.25,15771,15771.7,15774,15774.7,15767.3,15767.6,15773,15773.5,0.5,3149.930052
2026-05-05T13:30:00+00:00,15773.05,15775.55,15769.2,15774.45,15772.9,15773.2,15775.3,15775.8,15768.9,15769.5,15774.2,15774.7,0.5,3771.060064
2026-05-05T13:45:00+00:00,15774.7,15779.85,15773.75,15778.45,15774.2,15775.2,15779.6,15780.1,15773.5,15774,15777.7,15779.2,1.5,4546.420083
2026-05-05T14:00:00+00:00,15777.9,15779.7,15767.9,15777.25,15777.3,15778.5,15779.4,15780,15767.7,15768.1,15777,15777.5,0.5,6590.550119
2026-05-05T14:15:00+00:00,15777,15782.9,15771.65,15777.15,15776.7,15777.3,15782.6,15783.2,15771.4,15771.9,15776.9,15777.4,0.5,6073.600114
2026-05-05T14:30:00+00:00,15777.15,15779.55,15773.2,15774.75,15777,15777.3,15779.2,15779.9,15772.9,15773.5,15774.5,15775,0.5,4392.660073
2026-05-05T14:45:00+00:00,15774.7,15776.05,15767.35,15767.95,15774.4,15775,15775.8,15776.3,15767.1,15767.6,15767.7,15768.2,0.5,4337.760069
2026-05-05T15:00:00+00:00,15767.9,15770.2,15760.95,15768.25,15767.6,15768.2,15770,15770.4,15760.7,15761.2,15767.9,15768.6,0.7,4682.820079
2026-05-05T15:15:00+00:00,15768.15,15773.05,15767.9,15770.7,15767.8,15768.5,15772.8,15773.3,15767.6,15768.2,15770.5,15770.9,0.4,3244.950049
2026-05-05T15:30:00+00:00,15770.65,15771.6,15763.5,15766.15,15770.4,15770.9,15771.4,15771.8,15763.3,15763.7,15766,15766.3,0.3,4104.62008
2026-05-05T15:45:00+00:00,15766.2,15768.4,15764.3,15768.2,15766,15766.4,15768.2,15768.6,15764,15764.6,15767.9,15768.5,0.6,2937.450046
2026-05-05T16:00:00+00:00,15768.25,15770.7,15765.5,15770.55,15768,15768.5,15770.4,15771,15765.3,15765.7,15770.4,15770.7,0.3,1795.390038
2026-05-05T16:15:00+00:00,15770.65,15775.55,15769.9,15773.3,15770.5,15770.8,15775.4,15775.7,15769.6,15770.2,15773.1,15773.5,0.4,2259.250027
2026-05-05T16:30:00+00:00,15773.25,15778.2,15773.2,15775.75,15773,15773.5,15777.9,15778.5,15773,15773.4,15775.6,15775.9,0.3,1538.930025
2026-05-05T16:45:00+00:00,15775.7,15780.35,15775.4,15778.9,15775.6,15775.8,15780.2,15780.5,15775.2,15775.6,15778.6,15779.2,0.6,1508.37003
2026-05-05T17:00:00+00:00,15779,15787,15777.15,15785.9,15778.8,15779.2,15786.8,15787.2,15777,15777.3,15785.7,15786.1,0.4,2464.980044
2026-05-05T17:15:00+00:00,15785.95,15788.65,15784,15784.55,15785.8,15786.1,15788.5,15788.8,15783.7,15784.3,15784.4,15784.7,0.3,1856.620027
2026-05-05T17:30:00+00:00,15784.7,15785.3,15780.05,15785.25,15784.6,15784.8,15785.1,15785.5,15779.8,15780.3,15785,15785.5,0.5,2211.260037
2026-05-05T17:45:00+00:00,15785.15,15786.4,15782.75,15785.25,15784.9,15785.4,15786.1,15786.7,15782.5,15783,15785.1,15785.4,0.3,1308.750022
2026-05-05T18:00:00+00:00,15785.2,15786.9,15783.7,15786.75,15785,15785.4,15786.6,15787.2,15783.4,15784,15786.5,15787,0.5,1025.420014
2026-05-05T18:15:00+00:00,15786.8,15788.55,15786.15,15788.05,15786.5,15787.1,15788.4,15788.7,15785.9,15786.4,15787.8,15788.3,0.5,778.19001
2026-05-05T18:30:00+00:00,15788.1,15791.95,15788,15789.75,15787.9,15788.3,15791.6,15792.3,15787.7,15788.3,15789.5,15790,0.5,1048.070014
2026-05-05T18:45:00+00:00,15789.7,15791.4,15787.4,15787.55,15789.3,15790.1,15791.2,15791.6,15787.2,15787.6,15787.3,15787.8,0.5,1349.400019
2026-05-05T19:00:00+00:00,15787.75,15789.55,15786.35,15787.65,15787.5,15788,15789.3,15789.8,15786.1,15786.6,15787.3,15788,0.7,1588.220023
2026-05-05T19:15:00+00:00,15787.7,15791.7,15787.65,15791.45,15787.4,15788,15791.5,15791.9,15787.3,15788,15791.2,15791.7,0.5,651.5600128
2026-05-05T19:30:00+00:00,15791.5,15791.55,15787.8,15789.4,15791.3,15791.7,15791.3,15791.8,15787.6,15788,15789.2,15789.6,0.4,870.0300108
2026-05-05T19:45:00+00:00,15789.35,15790.7,15786.3,15788.2,15789.2,15789.5,15790.4,15791,15786,15786.6,15788,15788.4,0.4,1359.990021
2026-05-05T20:00:00+00:00,15788.25,15789.1,15784.3,15785.6,15787.9,15788.6,15788.9,15789.3,15784,15784.6,15785.4,15785.8,0.4,1554.430025
2026-05-05T20:15:00+00:00,15785.55,15789.1,15785.55,15788.05,15785.3,15785.8,15788.8,15789.4,15785.3,15785.8,15787.8,15788.3,0.5,920.6200171
2026-05-05T20:30:00+00:00,15788,15789.6,15787.7,15789.6,15787.7,15788.3,15789.3,15789.9,15787.4,15788,15789.3,15789.9,0.6,630.9900125
2026-05-05T20:45:00+00:00,15789.55,15790.35,15787.2,15788.3,15789.3,15789.8,15789.9,15790.8,15786.8,15787.6,15786.8,15789.8,3,1371.300026
2026-05-05T21:00:00+00:00,15788.35,15790.5,15782,15787.2,15786.9,15789.8,15786.9,15794.1,15776.4,15787.6,15783.5,15790.9,7.4,103.2800006
2026-05-05T21:15:00+00:00,15787.2,15790.35,15786.35,15788.3,15783.5,15790.9,15787.9,15792.8,15783.4,15789.3,15783.8,15792.8,9,150.1500026
2026-05-05T21:30:00+00:00,15788.05,15789.4,15786.45,15787.7,15784.5,15791.6,15785.7,15793.1,15783.6,15789.3,15784.8,15790.6,5.8,183.0000048
2026-05-05T21:45:00+00:00,15788.35,15790.6,15786.55,15790.25,15785.6,15791.1,15789.3,15791.9,15783.8,15789.3,15789.1,15791.4,2.3,183.0400035
2026-05-05T22:00:00+00:00,15789.25,15793.6,15787.9,15788.05,15788.6,15789.9,15793,15794.2,15787.4,15788.4,15787.6,15788.5,0.9,968.0500069
2026-05-05T22:15:00+00:00,15788.05,15790.2,15786.3,15786.4,15787.6,15788.5,15789.8,15790.6,15786,15786.6,15786.1,15786.7,0.6,713.190012
2026-05-05T22:30:00+00:00,15786.5,15790.2,15786.35,15788.95,15786.2,15786.8,15790,15790.4,15786.1,15786.6,15788.6,15789.3,0.7,644.0600132
2026-05-05T22:45:00+00:00,15788.85,15790.2,15758.75,15773.15,15788.5,15789.2,15789.8,15790.6,15758.4,15759.1,15772.2,15774.1,1.9,5031.910087
2026-05-05T23:00:00+00:00,15773.15,15773.65,15754.3,15756.6,15772.2,15774.1,15773,15774.3,15753.9,15754.7,15756.2,15757,0.8,4367.190075
2026-05-05T23:15:00+00:00,15756.35,15768.75,15755.5,15768.7,15756,15756.7,15768.3,15769.2,15755.1,15755.9,15768.2,15769.2,1,2462.580051
2026-05-05T23:30:00+00:00,15768.7,15772.3,15763.1,15772.15,15768.2,15769.2,15771.9,15772.7,15762.7,15763.5,15771.8,15772.5,0.7,1922.67003
2026-05-05T23:45:00+00:00,15772.25,15772.35,15767.5,15767.85,15772,15772.5,15772.1,15772.6,15767.2,15767.8,15767.5,15768.2,0.7,2870.100056
2026-05-06T00:00:00+00:00,15767.75,15770.8,15761.35,15765.95,15767.3,15768.2,15770.6,15771,15761,15761.7,15765.7,15766.2,0.5,6969.760124
2026-05-06T00:15:00+00:00,15765.9,15770.3,15758.35,15763.5,15765.7,15766.1,15770,15770.6,15758,15758.7,15763.2,15763.8,0.6,3941.990069
2026-05-06T00:30:00+00:00,15763.3,15764.75,15756.95,15759.05,15763,15763.6,15764.4,15765.1,15756.6,15757.3,15759,15759.1,0.1,4092.480065
2026-05-06T00:45:00+00:00,15759.15,15760.7,15755.4,15759.5,15759,15759.3,15760.4,15761,15755.1,15755.7,15759.2,15759.8,0.6,4089.18006
2026-05-06T01:00:00+00:00,15759.75,15766.7,15757.8,15765.45,15759.5,15760,15766.5,15766.9,15757.7,15757.9,15765.1,15765.8,0.7,4131.730061
2026-05-06T01:15:00+00:00,15765.65,15767,15760.2,15764.15,15765.3,15766,15766.8,15767.2,15759.9,15760.5,15763.8,15764.5,0.7,3215.980054
2026-05-06T01:30:00+00:00,15764.1,15767.2,15763.85,15765.4,15763.6,15764.6,15766.9,15767.5,15763.6,15764.1,15765.1,15765.7,0.6,2577.47005
2026-05-06T01:45:00+00:00,15765.35,15769.9,15763.4,15769.8,15765.1,15765.6,15769.6,15770.2,15763.1,15763.7,15769.5,15770.1,0.6,2703.690043
2026-05-06T02:00:00+00:00,15770.2,15770.6,15765.4,15770.3,15770.1,15770.3,15770.4,15770.8,15765.2,15765.6,15770,15770.6,0.6,2961.590043
2026-05-06T02:15:00+00:00,15770.3,15779.2,15769.2,15778.5,15770.1,15770.5,15778.9,15779.5,15768.8,15769.6,15778.3,15778.7,0.4,3029.660036
2026-05-06T02:30:00+00:00,15778.55,15783.25,15777.1,15781.6,15778.3,15778.8,15783,15783.5,15776.9,15777.3,15781.3,15781.9,0.6,2710.430029
2026-05-06T02:45:00+00:00,15781.75,15783.15,15777.35,15781.45,15781.5,15782,15782.8,15783.5,15777.1,15777.6,15781.2,15781.7,0.5,1860.900028
2026-05-06T03:00:00+00:00,15781.5,15786.75,15778.8,15785.85,15781.3,15781.7,15786.5,15787,15778.6,15779,15785.6,15786.1,0.5,2730.620052
2026-05-06T03:15:00+00:00,15785.9,15788.1,15783.95,15787.15,15785.7,15786.1,15787.8,15788.4,15783.7,15784.2,15786.9,15787.4,0.5,1573.740025
2026-05-06T03:30:00+00:00,15787.25,15789.3,15772.45,15777.85,15787,15787.5,15789,15789.6,15772.3,15772.6,15777.5,15778.2,0.7,2983.770059
2026-05-06T03:45:00+00:00,15777.8,15781.75,15775.3,15777.65,15777.4,15778.2,15781.4,15782.1,15774.9,15775.7,15777.3,15778,0.7,2270.910037
2026-05-06T04:00:00+00:00,15777.7,15781.9,15777.5,15780.15,15777.4,15778,15781.7,15782.1,15777.2,15777.8,15779.9,15780.4,0.5,1951.810029
2026-05-06T04:15:00+00:00,15779.9,15782.55,15683.2,15687.8,15779.7,15780.1,15782.3,15782.8,15681.8,15684.6,15687.1,15688.5,1.4,7851.170117
2026-05-06T04:30:00+00:00,15687.7,15702.85,15585.8,15589.95,15687.1,15688.3,15702.2,15703.5,15585.3,15586.3,15589.1,15590.8,1.7,28442.90042
2026-05-06T04:45:00+00:00,15590.05,15601.8,15503.15,15593.5,15589.3,15590.8,15601.4,15602.2,15502.9,15503.4,15593.2,15593.8,0.6,31507.66051
2026-05-06T05:00:00+00:00,15593.35,15621.4,15575.6,15618.5,15592.5,15594.2,15621.1,15621.7,15575.2,15576,15618.1,15618.9,0.8,12715.4903
2026-05-06T05:15:00+00:00,15618.75,15639.1,15617.9,15631,15618.3,15619.2,15638.8,15639.4,15617.4,15618.4,15630.8,15631.2,0.4,5838.100144
2026-05-06T05:30:00+00:00,15631.2,15637.8,15629.55,15635.4,15630.8,15631.6,15637.6,15638,15629.1,15630,15634.9,15635.9,1,4015.020084
2026-05-06T05:45:00+00:00,15635.45,15637.1,15627.2,15632.1,15635,15635.9,15636.8,15637.4,15626.8,15627.6,15631.8,15632.4,0.6,5254.170076
2026-05-06T06:00:00+00:00,15632,15645.8,15630.65,15639.95,15631.6,15632.4,15645.4,15646.2,15630.2,15631.1,15639.6,15640.3,0.7,7866.800124
2026-05-06T06:15:00+00:00,15640,15643.4,15631.15,15635.4,15639.7,15640.3,15643,15643.8,15630.7,15631.6,15635,15635.8,0.8,5097.490085
2026-05-06T06:30:00+00:00,15635.9,15639.35,15631.2,15634.45,15635.8,15636,15639,15639.7,15630.9,15631.5,15634.2,15634.7,0.5,4311.71008
2026-05-06T06:45:00+00:00,15634.15,15641,15631.7,15638.95,15633.9,15634.4,15640.7,15641.3,15631.4,15632,15638.7,15639.2,0.5,3302.720064
2026-05-06T07:00:00+00:00,15638.8,15654.3,15637.3,15654,15638.7,15638.9,15654,15654.6,15637,15637.6,15653.7,15654.3,0.6,4512.51008
2026-05-06T07:15:00+00:00,15654.1,15656.7,15644.05,15650.05,15653.8,15654.4,15656.5,15656.9,15643.7,15644.4,15649.8,15650.3,0.5,4928.040087
2026-05-06T07:30:00+00:00,15650.1,15654.8,15647.5,15647.65,15649.8,15650.4,15654.5,15655.1,15647.3,15647.7,15647.4,15647.9,0.5,3889.530072
2026-05-06T07:45:00+00:00,15647.7,15647.7,15573.15,15582.6,15647.4,15648,15647.4,15648,15572.6,15573.7,15582.1,15583.1,1,9774.620182
2026-05-06T08:00:00+00:00,15582.05,15628.1,15575.95,15621.95,15581.6,15582.5,15627.8,15628.4,15575.6,15576.3,15621.7,15622.2,0.5,8006.500158
2026-05-06T08:15:00+00:00,15622,15629.25,15617.1,15623.95,15621.7,15622.3,15629,15629.5,15616.8,15617.4,15623.7,15624.2,0.5,5111.7901
2026-05-06T08:30:00+00:00,15623.95,15624.85,15606.85,15615.4,15623.7,15624.2,15624.5,15625.2,15606.5,15607.2,15615.1,15615.7,0.6,5595.180103
2026-05-06T08:45:00+00:00,15615.6,15617.45,15582,15598.05,15615.3,15615.9,15617.2,15617.7,15581.7,15582.3,15597.8,15598.3,0.5,15190.61028
2026-05-06T09:00:00+00:00,15597.95,15611.05,15592.75,15604.9,15597.6,15598.3,15610.8,15611.3,15592.5,15593,15604.6,15605.2,0.6,7971.86014
2026-05-06T09:15:00+00:00,15604.5,15609.6,15595.55,15608.5,15604.2,15604.8,15609.3,15609.9,15595.2,15595.9,15608.2,15608.8,0.6,6586.080114
2026-05-06T09:30:00+00:00,15608.4,15609.1,15593.35,15600.3,15608.1,15608.7,15608.8,15609.4,15593.2,15593.5,15600.1,15600.5,0.4,6195.990104
2026-05-06T09:45:00+00:00,15600.35,15601.7,15591.9,15592.75,15600.2,15600.5,15601.3,15602.1,15591.7,15592.1,15592.6,15592.9,0.3,4717.400091
2026-05-06T10:00:00+00:00,15592.8,15600.75,15586.95,15600.5,15592.6,15593,15600.4,15601.1,15586.8,15587.1,15600.3,15600.7,0.4,5400.190102
2026-05-06T10:15:00+00:00,15600.6,15612.45,15592.4,15596.05,15600.4,15600.8,15612.3,15612.6,15592.3,15592.5,15595.9,15596.2,0.3,6281.32012
2026-05-06T10:30:00+00:00,15594.85,15599,15581.75,15583.35,15594.6,15595.1,15598.8,15599.2,15581.6,15581.9,15583.1,15583.6,0.5,7314.480122
2026-05-06T10:45:00+00:00,15583.4,15587.05,15561.6,15575.8,15583.2,15583.6,15586.8,15587.3,15561.3,15561.9,15575.5,15576.1,0.6,9755.900184
2026-05-06T11:00:00+00:00,15575.75,15593.5,15570.35,15593.5,15575.5,15576,15593.2,15593.8,15570,15570.7,15593.2,15593.8,0.6,9753.110195
2026-05-06T11:15:00+00:00,15593.45,15595.1,15585.35,15592.7,15593.1,15593.8,15594.8,15595.4,15585,15585.7,15592.4,15593,0.6,6952.580126
2026-05-06T11:30:00+00:00,15592.6,15610.6,15588.2,15608.1,15592.3,15592.9,15610.3,15610.9,15587.9,15588.5,15607.8,15608.4,0.6,8605.570148
2026-05-06T11:45:00+00:00,15607.95,15610.8,15602.8,15608.65,15607.8,15608.1,15610.5,15611.1,15602.6,15603,15608.4,15608.9,0.5,7616.740133
2026-05-06T12:00:00+00:00,15608.75,15630.75,15608.75,15627.8,15608.5,15609,15630.6,15630.9,15608.5,15609,15626.7,15628.9,2.2,6359.82012
2026-05-06T12:15:00+00:00,15627.85,15629.75,15611.3,15618.4,15626.8,15628.9,15629.7,15629.8,15611.1,15611.5,15618.2,15618.6,0.4,8921.720147
2026-05-06T12:30:00+00:00,15618.35,15618.85,15612.1,15613.4,15618.2,15618.5,15618.4,15619.3,15612,15612.2,15613.2,15613.6,0.4,4898.230092
2026-05-06T12:45:00+00:00,15613.5,15628.8,15612.85,15628.3,15613.3,15613.7,15628.5,15629.1,15612.6,15613.1,15627.9,15628.7,0.8,4773.820091
2026-05-06T13:00:00+00:00,15628.6,15631.8,15616.25,15625.95,15628.4,15628.8,15631.4,15632.2,15615.9,15616.6,15625.7,15626.2,0.5,9248.000154
2026-05-06T13:15:00+00:00,15626,15627.3,15619.55,15624.05,15625.8,15626.2,15627.1,15627.5,15619.3,15619.8,15623.8,15624.3,0.5,5197.300089
2026-05-06T13:30:00+00:00,15624.15,15624.65,15608.7,15613.75,15623.9,15624.4,15624.4,15624.9,15608.4,15609,15613.5,15614,0.5,6662.94012
2026-05-06T13:45:00+00:00,15613.65,15617.2,15605.7,15611.8,15613.4,15613.9,15616.9,15617.5,15605.4,15606,15611.7,15611.9,0.2,5993.810099
2026-05-06T14:00:00+00:00,15611.95,15623.85,15611.7,15620.7,15611.8,15612.1,15623.6,15624.1,15611.4,15612,15620.5,15620.9,0.4,5912.260104
2026-05-06T14:15:00+00:00,15620.8,15622.35,15613.5,15621.05,15620.6,15621,15622.1,15622.6,15613.3,15613.7,15620.8,15621.3,0.5,5069.850085
2026-05-06T14:30:00+00:00,15621,15621.35,15608.8,15609,15620.8,15621.2,15621.2,15621.5,15608.5,15609.1,15608.8,15609.2,0.4,6086.370095
2026-05-06T14:45:00+00:00,15608.95,15629.7,15605,15628.2,15608.8,15609.1,15629.4,15630,15604.7,15605.3,15627.9,15628.5,0.6,7348.520118
2026-05-06T15:00:00+00:00,15628.4,15645.85,15628.05,15640.3,15628.1,15628.7,15645.7,15646,15627.8,15628.3,15640,15640.6,0.6,6827.03012
2026-05-06T15:15:00+00:00,15640.3,15641.6,15629.15,15631.05,15640.1,15640.5,15641.3,15641.9,15628.9,15629.4,15630.8,15631.3,0.5,3793.410066
2026-05-06T15:30:00+00:00,15630.75,15638,15627.15,15635.1,15630.5,15631,15637.8,15638.2,15626.9,15627.4,15634.7,15635.5,0.8,4384.450074
2026-05-06T15:45:00+00:00,15635,15644.2,15632.45,15643.9,15634.6,15635.4,15644,15644.4,15632.2,15632.7,15643.7,15644.1,0.4,4576.700083
2026-05-06T16:00:00+00:00,15643.95,15648.9,15641.55,15644.1,15643.8,15644.1,15648.6,15649.2,15641.2,15641.9,15643.8,15644.4,0.6,3494.620078
2026-05-06T16:15:00+00:00,15644.3,15646.5,15640.25,15644.65,15644,15644.6,15646.3,15646.7,15639.8,15640.7,15644.3,15645,0.7,2795.790056
2026-05-06T16:30:00+00:00,15644.8,15647.5,15641.85,15645,15644.6,15645,15647.2,15647.8,15641.6,15642.1,15644.8,15645.2,0.4,2757.61005
2026-05-06T16:45:00+00:00,15645.05,15647.15,15636.65,15643,15644.9,15645.2,15646.9,15647.4,15636.4,15636.9,15642.8,15643.2,0.4,3876.610065
2026-05-06T17:00:00+00:00,15643.4,15646.3,15635.65,15641.8,15643.2,15643.6,15646,15646.6,15635.4,15635.9,15641.5,15642.1,0.6,3582.580076
2026-05-06T17:15:00+00:00,15641.65,15644.3,15638.35,15641.65,15641.3,15642,15644,15644.6,15638.1,15638.6,15641.4,15641.9,0.5,2423.390042
2026-05-06T17:30:00+00:00,15641.55,15650.15,15639.8,15648.5,15641.3,15641.8,15649.9,15650.4,15639.5,15640.1,15648.2,15648.8,0.6,2616.30005
2026-05-06T17:45:00+00:00,15648.3,15651.55,15647.3,15648.95,15648.1,15648.5,15651.4,15651.7,15647.1,15647.5,15648.7,15649.2,0.5,2120.700041
2026-05-06T18:00:00+00:00,15648.9,15649,15642.05,15645.75,15648.6,15649.2,15648.8,15649.2,15641.8,15642.3,15645.5,15646,0.5,2582.000044
2026-05-06T18:15:00+00:00,15645.6,15647.45,15638,15646.65,15645.4,15645.8,15647.2,15647.7,15637.7,15638.3,15646.4,15646.9,0.5,2357.55004
2026-05-06T18:30:00+00:00,15646.6,15647.9,15644.05,15645.35,15646.4,15646.8,15647.7,15648.1,15643.8,15644.3,15645.1,15645.6,0.5,1966.270031
2026-05-06T18:45:00+00:00,15645.45,15645.45,15635.85,15640.3,15645.2,15645.7,15645.2,15645.7,15635.6,15636.1,15640.1,15640.5,0.4,2306.970037
2026-05-06T19:00:00+00:00,15640.55,15643.9,15637,15638.05,15640.3,15640.8,15643.7,15644.1,15636.7,15637.3,15637.8,15638.3,0.5,3233.350053
2026-05-06T19:15:00+00:00,15638.2,15639.15,15635.25,15639.15,15638,15638.4,15638.9,15639.4,15635,15635.5,15638.9,15639.4,0.5,1931.170028
2026-05-06T19:30:00+00:00,15639.25,15643.45,15637.2,15641.7,15639,15639.5,15643.2,15643.7,15636.9,15637.5,15641.5,15641.9,0.4,1774.060025
2026-05-06T19:45:00+00:00,15641.75,15642.3,15637.15,15642,15641.5,15642,15642,15642.6,15636.9,15637.4,15641.8,15642.2,0.4,2578.910044
2026-05-06T20:00:00+00:00,15641.8,15645.7,15629.65,15635.15,15641.6,15642,15645.5,15645.9,15629.2,15630.1,15634.7,15635.6,0.9,3447.790068
2026-05-06T20:15:00+00:00,15635.25,15638.35,15631.3,15635.95,15634.8,15635.7,15638,15638.7,15631,15631.6,15635.6,15636.3,0.7,2194.290046
2026-05-06T20:30:00+00:00,15636,15642.35,15635.6,15642.25,15635.7,15636.3,15642,15642.7,15635.2,15636,15642,15642.5,0.5,1253.070031
2026-05-06T20:45:00+00:00,15642.45,15643.15,15636.95,15638.35,15642.1,15642.8,15642.7,15643.6,15635.4,15638.5,15635.4,15641.3,5.9,1847.400036
2026-05-06T21:00:00+00:00,15638.9,15638.9,15627.05,15631.1,15632.3,15645.5,15632.3,15645.5,15623.7,15630.4,15626.3,15635.9,9.6,203.7400036
2026-05-06T21:15:00+00:00,15631.05,15634.65,15629.85,15632.4,15626.2,15635.9,15630.8,15638.5,15625.5,15634.2,15629.2,15635.6,6.4,203.2200027
2026-05-06T21:30:00+00:00,15632.3,15634.7,15630.5,15632.35,15629.3,15635.3,15630.9,15638.5,15627.5,15633.5,15629.9,15634.8,4.9,283.3500022
2026-05-06T21:45:00+00:00,15632.45,15633.3,15624.4,15625.3,15630.1,15634.8,15631.7,15634.9,15622.5,15626.3,15623.8,15626.8,3,448.9500073
2026-05-06T22:00:00+00:00,15625.45,15636.6,15624.1,15631.6,15623.8,15627.1,15636.2,15637,15621.9,15626.3,15631.2,15632,0.8,694.4400063
2026-05-06T22:15:00+00:00,15631.7,15637.35,15631.55,15636.85,15631.3,15632.1,15636.9,15637.8,15631.1,15632,15636.5,15637.2,0.7,283.5000094
2026-05-06T22:30:00+00:00,15636.8,15638.25,15632.8,15632.9,15636.4,15637.2,15637.9,15638.6,15632.4,15633.2,15632.5,15633.3,0.8,1535.940035
2026-05-06T22:45:00+00:00,15632.95,15635.65,15631.3,15634.05,15632.5,15633.4,15635.2,15636.1,15631.1,15631.5,15633.6,15634.5,0.9,737.8400155
2026-05-06T23:00:00+00:00,15634.2,15639.85,15628.1,15638.8,15633.6,15634.8,15639.5,15640.2,15627.8,15628.4,15638.6,15639,0.4,1123.750027
2026-05-06T23:15:00+00:00,15639.05,15644.75,15637.3,15642.7,15638.8,15639.3,15644.5,15645,15637,15637.6,15642.5,15642.9,0.4,672.4200134
2026-05-06T23:30:00+00:00,15642.5,15644.3,15641.15,15642.7,15642.1,15642.9,15643.9,15644.7,15640.9,15641.4,15642.5,15642.9,0.4,635.1000171
2026-05-06T23:45:00+00:00,15642.4,15652.65,15640.95,15652.3,15642,15642.8,15652.4,15652.9,15640.6,15641.3,15652,15652.6,0.6,2158.440038
2026-05-07T00:00:00+00:00,15652.5,15652.75,15623.15,15623.3,15652.2,15652.8,15652.5,15653,15622.9,15623.4,15622.9,15623.7,0.8,7607.510105
2026-05-07T00:15:00+00:00,15623.35,15645.9,15621.95,15643.15,15623,15623.7,15645.5,15646.3,15621.7,15622.2,15642.9,15643.4,0.5,5292.830098
2026-05-07T00:30:00+00:00,15643.1,15649.45,15638.4,15645.25,15642.8,15643.4,15649.1,15649.8,15638.3,15638.5,15644.9,15645.6,0.7,3837.290061
2026-05-07T00:45:00+00:00,15645.2,15648.4,15629.4,15632.35,15644.9,15645.5,15648.1,15648.7,15629.1,15629.7,15632.1,15632.6,0.5,6178.690095
2026-05-07T01:00:00+00:00,15632.2,15635.5,15610.05,15614.45,15631.9,15632.5,15635.2,15635.8,15609.8,15610.3,15614.1,15614.8,0.7,5617.690089
2026-05-07T01:15:00+00:00,15614.35,15619.2,15612.55,15615.6,15613.9,15614.8,15619,15619.4,15612.2,15612.9,15615.3,15615.9,0.6,4294.310078
2026-05-07T01:30:00+00:00,15615.55,15618.55,15602.2,15604.5,15615.2,15615.9,15618.2,15618.9,15601.9,15602.5,15604.2,15604.8,0.6,4282.000068
2026-05-07T01:45:00+00:00,15604.55,15622.65,15603.9,15622,15604.3,15604.8,15622.4,15622.9,15603.6,15604.2,15621.6,15622.4,0.8,3697.890071
2026-05-07T02:00:00+00:00,15622.2,15626.7,15615.3,15624.85,15621.9,15622.5,15626.3,15627.1,15615,15615.6,15624.6,15625.1,0.5,3226.320051
2026-05-07T02:15:00+00:00,15624.9,15628.5,15622.65,15625,15624.7,15625.1,15628.3,15628.7,15622.2,15623.1,15624.7,15625.3,0.6,2110.960039
2026-05-07T02:30:00+00:00,15624.9,15626.85,15621.25,15625.3,15624.6,15625.2,15626.6,15627.1,15620.9,15621.6,15625.1,15625.5,0.4,1986.770043
2026-05-07T02:45:00+00:00,15625.25,15635.15,15623.75,15633.85,15625.1,15625.4,15634.9,15635.4,15623.5,15624,15633.6,15634.1,0.5,2878.040055
2026-05-07T03:00:00+00:00,15633.9,15636.85,15631.6,15633.6,15633.6,15634.2,15636.7,15637,15631.4,15631.8,15633.2,15634,0.8,1897.790044
2026-05-07T03:15:00+00:00,15633.7,15636,15632,15633.8,15633.5,15633.9,15635.6,15636.4,15631.7,15632.3,15633.6,15634,0.4,1841.760034
2026-05-07T03:30:00+00:00,15633.65,15636.05,15630.95,15634.7,15633.4,15633.9,15635.7,15636.4,15630.6,15631.3,15634.4,15635,0.6,2138.610036
2026-05-07T03:45:00+00:00,15634.75,15643.85,15634.75,15641.8,15634.5,15635,15643.8,15643.9,15634.5,15635,15641.5,15642.1,0.6,1794.190035
2026-05-07T04:00:00+00:00,15642,15642.25,15637.6,15637.85,15641.7,15642.3,15642,15642.5,15637.4,15637.8,15637.7,15638,0.3,2259.230039
2026-05-07T04:15:00+00:00,15637.9,15638.3,15632,15635.8,15637.7,15638.1,15638.1,15638.5,15631.8,15632.2,15635.6,15636,0.4,2450.330042
2026-05-07T04:30:00+00:00,15635.85,15637.1,15631.9,15636.25,15635.5,15636.2,15636.9,15637.3,15631.7,15632.1,15636.1,15636.4,0.3,1044.310022
2026-05-07T04:45:00+00:00,15636.2,15638.9,15630.95,15635.85,15636,15636.4,15638.6,15639.2,15630.7,15631.2,15635.6,15636.1,0.5,2084.210041
2026-05-07T05:00:00+00:00,15635.75,15636.6,15630.4,15633.55,15635.5,15636,15636.3,15636.9,15630.2,15630.6,15633.3,15633.8,0.5,2100.300031
2026-05-07T05:15:00+00:00,15634.25,15639.8,15634.25,15638.75,15634.2,15634.3,15639.6,15640,15634.2,15634.3,15638.5,15639,0.5,1931.190032
2026-05-07T05:30:00+00:00,15638.9,15639.75,15633.7,15634.85,15638.6,15639.2,15639.5,15640,15633.4,15634,15634.5,15635.2,0.7,2463.390038
2026-05-07T05:45:00+00:00,15634.9,15638.75,15632.75,15637.6,15634.5,15635.3,15638.5,15639,15632.4,15633.1,15637.3,15637.9,0.6,1875.860025
2026-05-07T06:00:00+00:00,15637.2,15640.35,15635.05,15638.7,15637,15637.4,15640.2,15640.5,15634.8,15635.3,15638.5,15638.9,0.4,2923.610023
2026-05-07T06:15:00+00:00,15638.75,15641.3,15635.65,15638.75,15638.5,15639,15641.1,15641.5,15635.5,15635.8,15638.4,15639.1,0.7,2716.320023
2026-05-07T06:30:00+00:00,15638.8,15640.3,15610.7,15614.75,15638.6,15639,15640.1,15640.5,15610.5,15610.9,15614.4,15615.1,0.7,6226.050082
2026-05-07T06:45:00+00:00,15614.85,15632.4,15614.75,15628.95,15614.5,15615.2,15632.1,15632.7,15614.4,15615.1,15628.7,15629.2,0.5,4241.900073
2026-05-07T07:00:00+00:00,15629,15629.45,15604.95,15605.7,15628.8,15629.2,15629.2,15629.7,15604.7,15605.2,15605.4,15606,0.6,7837.510121
2026-05-07T07:15:00+00:00,15605.65,15618.1,15602.3,15614.6,15605.3,15606,15617.8,15618.4,15602.1,15602.5,15614.4,15614.8,0.4,6693.69009
2026-05-07T07:30:00+00:00,15614.75,15626.65,15613.65,15625.1,15614.5,15615,15626.4,15626.9,15613.4,15613.9,15624.9,15625.3,0.4,4364.230063
2026-05-07T07:45:00+00:00,15625.05,15627.5,15621.2,15626.45,15624.9,15625.2,15627.3,15627.7,15621,15621.4,15626.2,15626.7,0.5,3291.000062
2026-05-07T08:00:00+00:00,15626.4,15630.15,15622.8,15626.6,15626.2,15626.6,15629.9,15630.4,15622.5,15623.1,15626.4,15626.8,0.4,4702.630059
2026-05-07T08:15:00+00:00,15626.5,15629.9,15621.25,15621.7,15626.3,15626.7,15629.5,15630.3,15621,15621.5,15621.4,15622,0.6,4877.650064
2026-05-07T08:30:00+00:00,15621.4,15629.15,15618.65,15629,15621.1,15621.7,15629,15629.3,15618.4,15618.9,15628.8,15629.2,0.4,4148.680037
2026-05-07T08:45:00+00:00,15629.05,15634.05,15626.65,15632.75,15628.9,15629.2,15633.8,15634.3,15626.5,15626.8,15632.5,15633,0.5,3416.72003
2026-05-07T09:00:00+00:00,15632.8,15640.7,15632.65,15636.4,15632.6,15633,15640.4,15641,15632.4,15632.9,15636.1,15636.7,0.6,3361.950052
2026-05-07T09:15:00+00:00,15636.2,15641.95,15636,15639.75,15635.8,15636.6,15641.7,15642.2,15635.7,15636.3,15639.6,15639.9,0.3,2640.890039
2026-05-07T09:30:00+00:00,15639.6,15641.3,15631.6,15631.8,15639.4,15639.8,15641,15641.6,15631.3,15631.9,15631.5,15632.1,0.6,2598.940037
2026-05-07T09:45:00+00:00,15631.8,15639.7,15630.45,15637.55,15631.5,15632.1,15639.5,15639.9,15630.2,15630.7,15637.5,15637.6,0.1,2155.160039
2026-05-07T10:00:00+00:00,15637.6,15639.65,15634.7,15638.8,15637.5,15637.7,15639.4,15639.9,15634.4,15635,15638.6,15639,0.4,2229.480041
2026-05-07T10:15:00+00:00,15638.9,15639.8,15628.9,15632,15638.6,15639.2,15639.5,15640.1,15628.7,15629.1,15631.7,15632.3,0.6,1987.930032
2026-05-07T10:30:00+00:00,15631.9,15636.75,15630.75,15635.05,15631.6,15632.2,15636.6,15636.9,15630.5,15631,15634.8,15635.3,0.5,3863.330018
2026-05-07T10:45:00+00:00,15635.1,15640.25,15634.1,15639.9,15634.9,15635.3,15640,15640.5,15633.8,15634.4,15639.7,15640.1,0.4,2815.620029
2026-05-07T11:00:00+00:00,15639.5,15640.2,15635.65,15638.75,15639.4,15639.6,15639.9,15640.5,15635.3,15636,15638.6,15638.9,0.3,2497.310049
2026-05-07T11:15:00+00:00,15638.65,15640.35,15634.85,15636.9,15638.4,15638.9,15640.1,15640.6,15634.6,15635.1,15636.6,15637.2,0.6,2365.520031
2026-05-07T11:30:00+00:00,15636.85,15638.75,15635.5,15638,15636.7,15637,15638.5,15639,15635.3,15635.7,15637.8,15638.2,0.4,2084.220031
2026-05-07T11:45:00+00:00,15637.95,15647.5,15637.85,15640.5,15637.7,15638.2,15647.2,15647.8,15637.6,15638.1,15640.3,15640.7,0.4,3271.630044
2026-05-07T12:00:00+00:00,15640.35,15642.3,15635.45,15637.95,15640.2,15640.5,15642,15642.6,15635.2,15635.7,15637.7,15638.2,0.5,3228.19005
2026-05-07T12:15:00+00:00,15637.9,15639.15,15631.1,15634.1,15637.6,15638.2,15638.9,15639.4,15630.9,15631.3,15633.3,15634.9,1.6,2865.490047
2026-05-07T12:30:00+00:00,15634.15,15636.55,15630.7,15630.95,15633.4,15634.9,15636.3,15636.8,15630.4,15631,15630.7,15631.2,0.5,3109.240054
2026-05-07T12:45:00+00:00,15630.9,15633,15624.2,15628.7,15630.7,15631.1,15632.8,15633.2,15623.9,15624.5,15628.4,15629,0.6,4159.940056
2026-05-07T13:00:00+00:00,15628.7,15636.65,15628.7,15635.1,15628.4,15629,15636.5,15636.8,15628.4,15629,15634.8,15635.4,0.6,5466.00006
2026-05-07T13:15:00+00:00,15635.1,15635.4,15625.4,15631.25,15634.8,15635.4,15635.2,15635.6,15625.2,15625.6,15631,15631.5,0.5,4479.290059
2026-05-07T13:30:00+00:00,15631.35,15637.1,15629.25,15632.55,15631.2,15631.5,15636.8,15637.4,15629,15629.5,15632.3,15632.8,0.5,4840.530047
2026-05-07T13:45:00+00:00,15632.5,15640.85,15630.5,15634.15,15632.3,15632.7,15640.7,15641,15630.3,15630.7,15633.9,15634.4,0.5,4856.480083
2026-05-07T14:00:00+00:00,15634.35,15640.3,15633.8,15635.65,15634.3,15634.4,15640.1,15640.5,15633.6,15634,15635.5,15635.8,0.3,4106.120077
2026-05-07T14:15:00+00:00,15635.55,15640.5,15634.1,15635.35,15635.3,15635.8,15640.2,15640.8,15633.9,15634.3,15635.1,15635.6,0.5,3585.040053
2026-05-07T14:30:00+00:00,15635.2,15640.45,15634.6,15638.2,15635,15635.4,15640.2,15640.7,15634.4,15634.8,15638,15638.4,0.4,2780.660047
2026-05-07T14:45:00+00:00,15638.5,15639.2,15617.1,15625.5,15638.4,15638.6,15639,15639.4,15616.8,15617.4,15625.3,15625.7,0.4,5131.960078
2026-05-07T15:00:00+00:00,15625.4,15635.1,15624.8,15634.5,15625.3,15625.5,15634.8,15635.4,15624.7,15624.9,15634.2,15634.8,0.6,3752.08006
2026-05-07T15:15:00+00:00,15634.55,15647.3,15633.5,15644.7,15634.3,15634.8,15647.1,15647.5,15633.3,15633.7,15644.4,15645,0.6,5357.010083
2026-05-07T15:30:00+00:00,15644.3,15647.5,15640.4,15647.4,15644.1,15644.5,15647.3,15647.7,15640.3,15640.5,15647.2,15647.6,0.4,3434.27006
2026-05-07T15:45:00+00:00,15647.45,15651.45,15646.3,15648.55,15647.2,15647.7,15651.2,15651.7,15646.1,15646.5,15648.4,15648.7,0.3,2773.840044
2026-05-07T16:00:00+00:00,15648.4,15657.45,15647.3,15655.75,15648.1,15648.7,15657.3,15657.6,15647.1,15647.5,15655.5,15656,0.5,4992.140081
2026-05-07T16:15:00+00:00,15655.9,15662.6,15653.3,15657.6,15655.6,15656.2,15662.4,15662.8,15653.2,15653.4,15657.4,15657.8,0.4,4743.320082
2026-05-07T16:30:00+00:00,15657.7,15661.1,15656.05,15659.1,15657.5,15657.9,15660.9,15661.3,15655.9,15656.2,15658.9,15659.3,0.4,2064.180034
2026-05-07T16:45:00+00:00,15659,15664.6,15658.9,15663.6,15658.8,15659.2,15664.4,15664.8,15658.7,15659.1,15663.3,15663.9,0.6,2455.480046
2026-05-07T17:00:00+00:00,15663.45,15668,15663.35,15665.4,15663.3,15663.6,15667.8,15668.2,15663.2,15663.5,15665.2,15665.6,0.4,2299.840043
2026-05-07T17:15:00+00:00,15665.55,15675.8,15662.9,15675.5,15665.5,15665.6,15675.5,15676.1,15662.7,15663.1,15675.2,15675.8,0.6,5045.050093
2026-05-07T17:30:00+00:00,15675.55,15686.5,15671.9,15675.9,15675.2,15675.9,15686.3,15686.7,15671.6,15672.2,15675.7,15676.1,0.4,6553.25011
2026-05-07T17:45:00+00:00,15675.8,15678.65,15663.2,15667,15675.6,15676,15678.5,15678.8,15663,15663.4,15666.7,15667.3,0.6,4857.810071
2026-05-07T18:00:00+00:00,15667.2,15667.95,15661,15666.05,15667,15667.4,15667.8,15668.1,15660.8,15661.2,15665.8,15666.3,0.5,3520.27007
2026-05-07T18:15:00+00:00,15665.9,15669.8,15665.65,15669.05,15665.7,15666.1,15669.6,15670,15665.5,15665.8,15668.8,15669.3,0.5,2823.790058
2026-05-07T18:30:00+00:00,15668.75,15686.65,15668.4,15683.9,15668.5,15669,15686.5,15686.8,15668.1,15668.7,15683.6,15684.2,0.6,3536.940065
2026-05-07T18:45:00+00:00,15684.05,15686.5,15673.15,15674.5,15683.7,15684.4,15686.2,15686.8,15672.9,15673.4,15674.3,15674.7,0.4,4441.590087
2026-05-07T19:00:00+00:00,15674.4,15677.55,15669.85,15671.85,15674.2,15674.6,15677.5,15677.6,15669.6,15670.1,15671.6,15672.1,0.5,3508.350068
2026-05-07T19:15:00+00:00,15671.85,15685.4,15669,15679.6,15671.6,15672.1,15685.1,15685.7,15668.9,15669.1,15679.2,15680,0.8,6797.670111
2026-05-07T19:30:00+00:00,15679.5,15680.4,15670.45,15676.4,15679.2,15679.8,15680.1,15680.7,15670.2,15670.7,15676.1,15676.7,0.6,2453.90004
2026-05-07T19:45:00+00:00,15676.3,15687.85,15675.65,15687.45,15676.1,15676.5,15687.6,15688.1,15675.5,15675.8,15687.4,15687.5,0.1,3856.970074
2026-05-07T20:00:00+00:00,15687.25,15688.1,15674.85,15686.8,15687,15687.5,15687.9,15688.3,15674.7,15675,15686.6,15687,0.4,3624.610069
2026-05-07T20:15:00+00:00,15686.75,15687.7,15685.25,15687.7,15686.5,15687,15687.4,15688,15684.9,15685.6,15687.4,15688,0.6,916.4700135
2026-05-07T20:30:00+00:00,15687.6,15695.7,15685.05,15691.4,15687.2,15688,15695.4,15696,15684.8,15685.3,15691.1,15691.7,0.6,2701.110043
2026-05-07T20:45:00+00:00,15691.35,15695.5,15688.75,15691.3,15691,15691.7,15694.9,15696.1,15687,15690.5,15687,15695.6,8.6,2865.180038
2026-05-07T21:00:00+00:00,15692.2,15692.8,15679.85,15688.5,15687,15697.4,15687,15698.6,15674.1,15685.6,15683.8,15693.2,9.4,369.9400023
2026-05-07T21:15:00+00:00,15688.45,15690.55,15672.8,15686.35,15683.8,15693.1,15686.4,15694.7,15668.8,15676.8,15682,15690.7,8.7,752.3399954
2026-05-07T21:30:00+00:00,15684.4,15688,15676.65,15684.2,15678.1,15690.7,15682.6,15693.4,15672.8,15680.5,15680.8,15687.6,6.8,1458.150022
2026-05-07T21:45:00+00:00,15684.1,15692.4,15679.6,15684.5,15680.5,15687.7,15690.7,15694.1,15679,15680.2,15682.1,15686.9,4.8,1955.440028
2026-05-07T22:00:00+00:00,15684.1,15695.8,15683.5,15689.35,15681.3,15686.9,15695.1,15696.5,15681.3,15685.7,15689.1,15689.6,0.5,1382.490002
2026-05-07T22:15:00+00:00,15689.45,15690.5,15684.5,15687.65,15689.1,15689.8,15690.1,15690.9,15684.2,15684.8,15687.3,15688,0.7,1608.580047
2026-05-07T22:30:00+00:00,15687.55,15692.95,15687.4,15690.95,15687.2,15687.9,15692.7,15693.2,15687,15687.8,15690.6,15691.3,0.7,1815.15004
2026-05-07T22:45:00+00:00,15691,15691.05,15686.1,15689.15,15690.6,15691.4,15690.7,15691.4,15685.6,15686.6,15688.6,15689.7,1.1,1091.010016
2026-05-07T23:00:00+00:00,15689.2,15690.3,15687.4,15688.5,15688.6,15689.8,15690,15690.6,15687,15687.8,15688.2,15688.8,0.6,814.6500133
2026-05-07T23:15:00+00:00,15688.45,15691.8,15686.2,15691.4,15688.2,15688.7,15691.5,15692.1,15685.8,15686.6,15691,15691.8,0.8,714.0600141
2026-05-07T23:30:00+00:00,15691.2,15691.6,15688.5,15688.8,15690.9,15691.5,15691.2,15692,15688.2,15688.8,15688.6,15689,0.4,423.1500101
2026-05-07T23:45:00+00:00,15688.15,15688.2,15682.65,15685.1,15688.1,15688.2,15688.1,15688.3,15682.4,15682.9,15684.8,15685.4,0.6,1012.17002
2026-05-08T00:00:00+00:00,15685.8,15690.15,15681.45,15687.85,15685.7,15685.9,15689.9,15690.4,15681.2,15681.7,15687.6,15688.1,0.5,4318.730078
2026-05-08T00:15:00+00:00,15687.9,15692.1,15685,15686.5,15687.6,15688.2,15692,15692.2,15684.7,15685.3,15686.1,15686.9,0.8,3299.320056
2026-05-08T00:30:00+00:00,15686.6,15692.1,15686.3,15690.4,15686.3,15686.9,15691.9,15692.3,15686,15686.6,15690.2,15690.6,0.4,2438.510048
2026-05-08T00:45:00+00:00,15690.35,15699.25,15688.2,15697.2,15690.2,15690.5,15699,15699.5,15688,15688.4,15696.9,15697.5,0.6,3871.390074
2026-05-08T01:00:00+00:00,15697.05,15697.65,15691,15693.3,15696.9,15697.2,15697.4,15697.9,15690.8,15691.2,15693.1,15693.5,0.4,3384.930053
2026-05-08T01:15:00+00:00,15693.1,15694.4,15686.55,15690.25,15693,15693.2,15694.1,15694.7,15686.4,15686.7,15690,15690.5,0.5,2194.850043
2026-05-08T01:30:00+00:00,15690.05,15692.5,15685.3,15690.75,15689.8,15690.3,15692.3,15692.7,15685.1,15685.5,15690.5,15691,0.5,1526.270033
2026-05-08T01:45:00+00:00,15690.65,15691.65,15688.25,15690.55,15690.4,15690.9,15691.4,15691.9,15688,15688.5,15690.2,15690.9,0.7,1222.890025
2026-05-08T02:00:00+00:00,15690.55,15695.6,15690.3,15693.8,15690.3,15690.8,15695.4,15695.8,15690,15690.6,15693.3,15694.3,1,2072.190033
2026-05-08T02:15:00+00:00,15694,15695.1,15688.7,15693.45,15693.6,15694.4,15694.7,15695.5,15688.4,15689,15693.2,15693.7,0.5,2153.370029
2026-05-08T02:30:00+00:00,15693.35,15695.95,15691.15,15694.75,15693.1,15693.6,15695.7,15696.2,15690.9,15691.4,15694.4,15695.1,0.7,2068.950035
2026-05-08T02:45:00+00:00,15694.8,15694.8,15687.55,15689.15,15694.5,15695.1,15694.5,15695.1,15687.2,15687.9,15689,15689.3,0.3,1958.410031
2026-05-08T03:00:00+00:00,15689.1,15689.8,15683.4,15685,15688.9,15689.3,15689.5,15690.1,15683.1,15683.7,15684.8,15685.2,0.4,1821.540031
2026-05-08T03:15:00+00:00,15685.05,15686.7,15681.8,15685.1,15684.9,15685.2,15686.4,15687,15681.5,15682.1,15684.8,15685.4,0.6,1148.110014
2026-05-08T03:30:00+00:00,15685.2,15685.3,15677.05,15678.25,15684.9,15685.5,15685.1,15685.5,15676.8,15677.3,15678,15678.5,0.5,1766.000026
2026-05-08T03:45:00+00:00,15678.2,15684.25,15678.05,15684,15677.9,15678.5,15684,15684.5,15677.9,15678.2,15683.7,15684.3,0.6,1168.65002
2026-05-08T04:00:00+00:00,15683.9,15688.05,15682.9,15685.95,15683.6,15684.2,15687.9,15688.2,15682.6,15683.2,15685.7,15686.2,0.5,1433.160016
2026-05-08T04:15:00+00:00,15685.85,15688.8,15685.35,15686.85,15685.6,15686.1,15688.6,15689,15685.1,15685.6,15686.6,15687.1,0.5,1786.350022
2026-05-08T04:30:00+00:00,15686.7,15690.2,15686.15,15686.7,15686.5,15686.9,15689.9,15690.5,15686,15686.3,15686.6,15686.8,0.2,1689.570025
2026-05-08T04:45:00+00:00,15686.85,15689.15,15684.55,15684.75,15686.6,15687.1,15688.9,15689.4,15684.3,15684.8,15684.4,15685.1,0.7,1029.850021
2026-05-08T05:00:00+00:00,15684.55,15688,15683.65,15687.75,15684.5,15684.6,15687.8,15688.2,15683.4,15683.9,15687.5,15688,0.5,1630.860026
2026-05-08T05:15:00+00:00,15687.95,15688.5,15684.85,15685,15687.7,15688.2,15688.3,15688.7,15684.6,15685.1,15684.7,15685.3,0.6,1340.81002
2026-05-08T05:30:00+00:00,15685,15685.25,15681.55,15683.05,15684.7,15685.3,15685.1,15685.4,15681.3,15681.8,15682.8,15683.3,0.5,2340.300027
2026-05-08T05:45:00+00:00,15682.85,15686.7,15682.2,15683.6,15682.6,15683.1,15686.4,15687,15681.9,15682.5,15683.2,15684,0.8,2074.530025
2026-05-08T06:00:00+00:00,15683.55,15684.85,15675.75,15684.85,15683.3,15683.8,15684.7,15685,15675.4,15676.1,15684.7,15685,0.3,4372.360066
2026-05-08T06:15:00+00:00,15684.6,15684.65,15675.45,15675.45,15684.4,15684.8,15684.4,15684.9,15675.2,15675.7,15675.2,15675.7,0.5,2657.72004
2026-05-08T06:30:00+00:00,15675.6,15681.25,15671.6,15676.8,15675.4,15675.8,15681,15681.5,15671.4,15671.8,15676.5,15677.1,0.6,3004.790052
2026-05-08T06:45:00+00:00,15676.75,15683.35,15676.5,15683.3,15676.6,15676.9,15683.2,15683.5,15676.4,15676.6,15683.2,15683.4,0.2,2222.500029
2026-05-08T07:00:00+00:00,15683.25,15683.85,15674,15683.5,15683,15683.5,15683.6,15684.1,15673.8,15674.2,15683.3,15683.7,0.4,3055.530052
2026-05-08T07:15:00+00:00,15683.55,15685.45,15679.95,15683.8,15683.3,15683.8,15685.2,15685.7,15679.7,15680.2,15683.6,15684,0.4,2873.300042
2026-05-08T07:30:00+00:00,15683.6,15683.7,15678.8,15681.65,15683.3,15683.9,15683.5,15683.9,15678.6,15679,15681.4,15681.9,0.5,2351.730036
2026-05-08T07:45:00+00:00,15681.5,15684.75,15679.75,15683.45,15681.2,15681.8,15684.5,15685,15679.6,15679.9,15683.2,15683.7,0.5,1875.380033
2026-05-08T08:00:00+00:00,15683.5,15685.95,15680.2,15681.25,15683.3,15683.7,15685.7,15686.2,15680,15680.4,15681,15681.5,0.5,2122.250037
2026-05-08T08:15:00+00:00,15681.15,15681.4,15672.1,15673.2,15681,15681.3,15681.1,15681.7,15671.8,15672.4,15672.9,15673.5,0.6,3405.38006
2026-05-08T08:30:00+00:00,15673.05,15673.1,15665,15665.65,15672.9,15673.2,15672.9,15673.3,15664.8,15665.2,15665.3,15666,0.7,3092.590038
2026-05-08T08:45:00+00:00,15665.75,15672.35,15663.75,15670.55,15665.5,15666,15672.1,15672.6,15663.5,15664,15670.4,15670.7,0.3,3570.860055
2026-05-08T09:00:00+00:00,15670.45,15670.95,15663,15667,15670.2,15670.7,15670.6,15671.3,15662.7,15663.3,15666.8,15667.2,0.4,2761.910035
2026-05-08T09:15:00+00:00,15667.1,15669.1,15663.4,15668.35,15667,15667.2,15668.9,15669.3,15663.2,15663.6,15668.2,15668.5,0.3,2090.060039
2026-05-08T09:30:00+00:00,15668.35,15668.45,15664,15666.15,15668.2,15668.5,15668.3,15668.6,15663.8,15664.2,15665.9,15666.4,0.5,1488.870027
2026-05-08T09:45:00+00:00,15666.2,15671.25,15665.5,15668.1,15665.9,15666.5,15671,15671.5,15665.3,15665.7,15667.9,15668.3,0.4,2212.880031
2026-05-08T10:00:00+00:00,15668.05,15670.8,15665.65,15670.5,15667.7,15668.4,15670.5,15671.1,15665.3,15666,15670.2,15670.8,0.6,1888.810026
2026-05-08T10:15:00+00:00,15670.6,15671.5,15668.2,15671.4,15670.2,15671,15671.4,15671.6,15668,15668.4,15671.2,15671.6,0.4,1271.35002
2026-05-08T10:30:00+00:00,15671.45,15673.95,15669.35,15673.75,15671.3,15671.6,15673.8,15674.1,15669,15669.7,15673.6,15673.9,0.3,1325.280026
2026-05-08T10:45:00+00:00,15674,15678.75,15673.15,15677.25,15673.8,15674.2,15678.5,15679,15672.9,15673.4,15677,15677.5,0.5,1535.570024
2026-05-08T11:00:00+00:00,15677.3,15678.65,15675,15677.05,15677.1,15677.5,15678.4,15678.9,15674.8,15675.2,15676.8,15677.3,0.5,1708.98003
2026-05-08T11:15:00+00:00,15677.2,15677.55,15675.45,15676.95,15677,15677.4,15677.3,15677.8,15675.3,15675.6,15676.6,15677.3,0.7,1042.070018
2026-05-08T11:30:00+00:00,15676.85,15678.65,15675.3,15677.85,15676.6,15677.1,15678.5,15678.8,15675.1,15675.5,15677.7,15678,0.3,1092.110021
2026-05-08T11:45:00+00:00,15677.95,15678.3,15672.75,15675.15,15677.7,15678.2,15678.1,15678.5,15672.5,15673,15674.9,15675.4,0.5,2827.360039
2026-05-08T12:00:00+00:00,15675.25,15677.65,15673.15,15676.7,15675.1,15675.4,15677.5,15677.8,15672.9,15673.4,15676.5,15676.9,0.4,2615.030043
2026-05-08T12:15:00+00:00,15676.65,15677.15,15672.85,15674.3,15676.4,15676.9,15676.9,15677.4,15672.7,15673,15673.4,15675.2,1.8,2884.470043
2026-05-08T12:30:00+00:00,15674.45,15683.05,15652.1,15658.55,15673.4,15675.5,15682.7,15683.4,15651.9,15652.3,15658.2,15658.9,0.7,9770.880185
2026-05-08T12:45:00+00:00,15658.6,15666.9,15654.05,15664.35,15658.4,15658.8,15666.6,15667.2,15653.7,15654.4,15664.2,15664.5,0.3,6286.67011
2026-05-08T13:00:00+00:00,15664.35,15670.3,15661.1,15665.85,15663.9,15664.8,15670,15670.6,15660.9,15661.3,15665.6,15666.1,0.5,5283.000091
2026-05-08T13:15:00+00:00,15665.75,15667.3,15645.6,15649.6,15665.5,15666,15667.1,15667.5,15645.4,15645.8,15649.3,15649.9,0.6,3780.440059
2026-05-08T13:30:00+00:00,15649.5,15654.4,15643.5,15650.1,15649.3,15649.7,15654.3,15654.5,15643.2,15643.8,15650,15650.2,0.2,6878.880096
2026-05-08T13:45:00+00:00,15649.95,15654.75,15646.4,15652.1,15649.7,15650.2,15654.5,15655,15646.2,15646.6,15651.5,15652.7,1.2,4730.550049
2026-05-08T14:00:00+00:00,15652.25,15666.65,15650.35,15661.25,15651.6,15652.9,15666.4,15666.9,15649.8,15650.9,15661,15661.5,0.5,4489.560067
2026-05-08T14:15:00+00:00,15661.3,15666.45,15659.25,15665.9,15661.1,15661.5,15666.2,15666.7,15659,15659.5,15665.8,15666,0.2,4536.40006
2026-05-08T14:30:00+00:00,15665.8,15665.85,15657.25,15660.3,15665.7,15665.9,15665.7,15666,15657,15657.5,15660.1,15660.5,0.4,3164.230051
2026-05-08T14:45:00+00:00,15660.8,15664.55,15655.85,15662.85,15660.5,15661.1,15664.4,15664.7,15655.6,15656.1,15662.6,15663.1,0.5,3836.410066
2026-05-08T15:00:00+00:00,15662.95,15666.35,15655.6,15663.2,15662.7,15663.2,15666.2,15666.5,15655.4,15655.8,15662.9,15663.5,0.6,5923.560087
2026-05-08T15:15:00+00:00,15663.1,15665.65,15660.7,15661.7,15662.9,15663.3,15665.5,15665.8,15660.5,15660.9,15661.5,15661.9,0.4,3654.360073
2026-05-08T15:30:00+00:00,15661.55,15667.5,15660.45,15665,15661.3,15661.8,15667.3,15667.7,15660.2,15660.7,15664.8,15665.2,0.4,3231.000059
2026-05-08T15:45:00+00:00,15665.4,15666.75,15662,15664.65,15665.1,15665.7,15666.6,15666.9,15661.8,15662.2,15664.5,15664.8,0.3,3153.810049
2026-05-08T16:00:00+00:00,15664.7,15666.8,15660.1,15666.5,15664.6,15664.8,15666.6,15667,15660,15660.2,15666.3,15666.7,0.4,3837.690036
2026-05-08T16:15:00+00:00,15666.45,15666.45,15663.05,15663.4,15666.3,15666.6,15666.3,15666.6,15662.9,15663.2,15663.2,15663.6,0.4,1740.510015
2026-05-08T16:30:00+00:00,15663.35,15670.65,15663.35,15669.55,15663.2,15663.5,15670.5,15670.8,15663.2,15663.5,15669.4,15669.7,0.3,1114.290014
2026-05-08T16:45:00+00:00,15669.6,15670.15,15666.6,15669.85,15669.4,15669.8,15669.8,15670.5,15666.4,15666.8,15669.6,15670.1,0.5,1109.670025
2026-05-08T17:00:00+00:00,15670,15671.7,15668.85,15671.7,15669.8,15670.2,15671.5,15671.9,15668.6,15669.1,15671.5,15671.9,0.4,1309.740024
2026-05-08T17:15:00+00:00,15671.55,15671.55,15661.6,15662.85,15671.3,15671.8,15671.3,15671.8,15661.5,15661.7,15662.7,15663,0.3,1475.86002
2026-05-08T17:30:00+00:00,15662.9,15666.05,15662.7,15665.65,15662.6,15663.2,15665.7,15666.4,15662.5,15662.9,15665.5,15665.8,0.3,1052.010016
2026-05-08T17:45:00+00:00,15665.55,15669.15,15665.45,15669.1,15665.4,15665.7,15668.9,15669.4,15665.2,15665.7,15668.8,15669.4,0.6,1341.690019
2026-05-08T18:00:00+00:00,15669.2,15670.2,15659.3,15660.8,15669,15669.4,15670,15670.4,15659,15659.6,15660.6,15661,0.4,5278.720054
2026-05-08T18:15:00+00:00,15660.75,15665.3,15660.4,15663.3,15660.6,15660.9,15665.1,15665.5,15660.2,15660.6,15663.1,15663.5,0.4,2867.140022
2026-05-08T18:30:00+00:00,15663.25,15670.7,15663.25,15668.6,15663,15663.5,15670.5,15670.9,15663,15663.5,15668.4,15668.8,0.4,2359.770017
2026-05-08T18:45:00+00:00,15668.7,15674.9,15666.95,15669.45,15668.5,15668.9,15674.7,15675.1,15666.7,15667.2,15669.2,15669.7,0.5,3862.290033
2026-05-08T19:00:00+00:00,15669.55,15672.25,15669.45,15669.75,15669.2,15669.9,15672.1,15672.4,15669.2,15669.7,15669.5,15670,0.5,2227.490028
2026-05-08T19:15:00+00:00,15669.7,15671.95,15668.1,15671.45,15669.4,15670,15671.8,15672.1,15667.9,15668.3,15671.2,15671.7,0.5,1358.520015
2026-05-08T19:30:00+00:00,15671.6,15675.8,15671.3,15672.55,15671.3,15671.9,15675.5,15676.1,15671,15671.6,15672.3,15672.8,0.5,1659.290029
2026-05-08T19:45:00+00:00,15672.7,15677.9,15667.55,15673.1,15672.4,15673,15677.3,15678.5,15667.2,15667.9,15672.8,15673.4,0.6,2282.390032
2026-05-08T20:00:00+00:00,15673.15,15676.15,15670.15,15670.15,15672.9,15673.4,15675.8,15676.5,15669.8,15670.5,15669.8,15670.5,0.7,955.6200203
2026-05-08T20:15:00+00:00,15669.95,15671.6,15667.7,15669.5,15669.7,15670.2,15671.3,15671.9,15667.3,15668.1,15668.9,15670.1,1.2,974.0100206
2026-05-08T20:30:00+00:00,15669.6,15670.5,15665.6,15668,15669,15670.2,15670.1,15670.9,15665.1,15666.1,15667.5,15668.5,1,2792.950032
2026-05-08T20:45:00+00:00,15667.8,15673.15,15664.85,15667.45,15667.3,15668.3,15672.8,15673.5,15662.1,15667.6,15662.1,15672.8,10.7,2075.980016
2026-05-10T21:00:00+00:00,15658.45,15663,15656.35,15660.5,15650.1,15666.8,15654.3,15671.7,15648.5,15664.2,15652.9,15668.1,15.2,167.4000041
2026-05-10T21:15:00+00:00,15660.5,15667.8,15660,15663,15653.8,15667.2,15660.3,15675.3,15652.8,15667.2,15657.9,15668.1,10.2,121.6500015
2026-05-10T21:30:00+00:00,15664.8,15666.3,15659.4,15663.2,15661.5,15668.1,15664.4,15668.2,15653.7,15665.1,15659.7,15666.7,7,524.2500073
2026-05-10T21:45:00+00:00,15663.05,15674.2,15662.75,15673.9,15659.6,15666.5,15672.9,15675.5,15659.3,15666.2,15672.7,15675.1,2.4,570.0000139
2026-05-10T22:00:00+00:00,15673.85,15697.05,15673.85,15689.9,15672.6,15675.1,15695.8,15698.3,15672.6,15675.1,15689.2,15690.6,1.4,2412.250015
2026-05-10T22:15:00+00:00,15689.9,15692.4,15684.7,15685.3,15689.2,15690.6,15692,15692.8,15684.3,15685.1,15684.7,15685.9,1.2,1458.450034
2026-05-10T22:30:00+00:00,15685.35,15690.9,15685.15,15689.7,15684.8,15685.9,15690.5,15691.3,15684.7,15685.6,15689.3,15690.1,0.8,1338.900029
2026-05-10T22:45:00+00:00,15689.65,15691,15687.1,15689.85,15689.3,15690,15690.5,15691.5,15686.7,15687.5,15689.3,15690.4,1.1,1215.750019
2026-05-10T23:00:00+00:00,15689.95,15690.25,15686.85,15688.6,15689.3,15690.6,15689.7,15690.8,15686.5,15687.2,15688.1,15689.1,1,1005.340019
2026-05-10T23:15:00+00:00,15688.7,15689.85,15687.2,15689.85,15688.3,15689.1,15689.6,15690.1,15687,15687.4,15689.6,15690.1,0.5,674.6500134
2026-05-10T23:30:00+00:00,15689.95,15689.95,15685.85,15686.2,15689.6,15690.3,15689.6,15690.3,15685.5,15686.2,15685.8,15686.6,0.8,544.7700063
2026-05-10T23:45:00+00:00,15686.2,15687.8,15683.75,15686.65,15685.8,15686.6,15687.5,15688.1,15683.4,15684.1,15686.3,15687,0.7,828.4900134
2026-05-11T00:00:00+00:00,15686.7,15691.65,15683.5,15689.8,15686.4,15687,15691.4,15691.9,15683.2,15683.8,15689.4,15690.2,0.8,3448.960065
2026-05-11T00:15:00+00:00,15689.85,15692.15,15686.35,15688.85,15689.4,15690.3,15691.9,15692.4,15686.1,15686.6,15688.6,15689.1,0.5,2150.010037
2026-05-11T00:30:00+00:00,15688.75,15696.5,15688.7,15696.25,15688.4,15689.1,15696.2,15696.8,15688.4,15689,15696,15696.5,0.5,1731.810027
2026-05-11T00:45:00+00:00,15696.15,15706.2,15693.8,15693.95,15695.9,15696.4,15705.9,15706.5,15693.5,15694.1,15693.7,15694.2,0.5,5540.700083
2026-05-11T01:00:00+00:00,15694.05,15701.9,15693.4,15698.4,15693.8,15694.3,15701.6,15702.2,15693.3,15693.5,15698.1,15698.7,0.6,3349.170042
2026-05-11T01:15:00+00:00,15698.45,15699.5,15692.6,15693.85,15698.1,15698.8,15699.2,15699.8,15692.3,15692.9,15693.4,15694.3,0.9,2441.160032
2026-05-11T01:30:00+00:00,15693.65,15704.55,15693.6,15701.9,15693.3,15694,15704.3,15704.8,15693.3,15693.9,15701.7,15702.1,0.4,2377.410041
2026-05-11T01:45:00+00:00,15701.95,15709.8,15701.95,15709.4,15701.7,15702.2,15709.6,15710,15701.7,15702.2,15709.2,15709.6,0.4,2008.960029
2026-05-11T02:00:00+00:00,15709.45,15710.35,15705.5,15707.3,15709.3,15709.6,15710.1,15710.6,15705.2,15705.8,15707,15707.6,0.6,2045.540026
2026-05-11T02:15:00+00:00,15706.85,15710,15706.65,15707.05,15706.7,15707,15709.7,15710.3,15706.3,15707,15706.9,15707.2,0.3,798.0300139
2026-05-11T02:30:00+00:00,15707.15,15715.15,15705.5,15714.2,15706.9,15707.4,15715,15715.3,15705.2,15705.8,15713.8,15714.6,0.8,1187.670026
2026-05-11T02:45:00+00:00,15714.1,15715,15711.7,15714.5,15713.8,15714.4,15714.8,15715.2,15711.4,15712,15714.1,15714.9,0.8,1283.25002
2026-05-11T03:00:00+00:00,15714.45,15717.5,15713.3,15713.35,15714,15714.9,15717.2,15717.8,15713,15713.6,15713.1,15713.6,0.5,1465.820022
2026-05-11T03:15:00+00:00,15713.4,15717.2,15713.4,15714.4,15713.2,15713.6,15716.9,15717.5,15713.2,15713.6,15714,15714.8,0.8,931.3500164
2026-05-11T03:30:00+00:00,15714.55,15714.7,15709.4,15709.6,15714.2,15714.9,15714.4,15715,15709.2,15709.6,15709.4,15709.8,0.4,893.7000144
2026-05-11T03:45:00+00:00,15709.65,15716.6,15709.65,15715.9,15709.4,15709.9,15716.4,15716.8,15709.4,15709.9,15715.7,15716.1,0.4,882.750019
2026-05-11T04:00:00+00:00,15715.95,15716.25,15713.25,15713.35,15715.8,15716.1,15716,15716.5,15713,15713.5,15713.1,15713.6,0.5,763.2000165
2026-05-11T04:15:00+00:00,15713.3,15715.55,15712.4,15715.25,15713.1,15713.5,15715.3,15715.8,15712.2,15712.6,15715,15715.5,0.5,859.5000165
2026-05-11T04:30:00+00:00,15715.35,15715.85,15713.15,15713.8,15715.1,15715.6,15715.6,15716.1,15712.9,15713.4,15713.6,15714,0.4,623.7300106
2026-05-11T04:45:00+00:00,15713.75,15714.5,15709.25,15712.75,15713.5,15714,15714.2,15714.8,15709,15709.5,15712.5,15713,0.5,944.0100158
2026-05-11T05:00:00+00:00,15712.8,15713.75,15707.15,15707.75,15712.5,15713.1,15713.5,15714,15706.9,15707.4,15707.5,15708,0.5,1485.610015
2026-05-11T05:15:00+00:00,15707.7,15709.75,15706.9,15709.6,15707.3,15708.1,15709.5,15710,15706.6,15707.2,15709.3,15709.9,0.6,1194.180015
2026-05-11T05:30:00+00:00,15709.65,15713.65,15709.6,15712.25,15709.4,15709.9,15713.4,15713.9,15709.3,15709.9,15712,15712.5,0.5,1770.910007
2026-05-11T05:45:00+00:00,15712.35,15714.65,15712.05,15713.55,15712.1,15712.6,15714.4,15714.9,15711.8,15712.3,15713.3,15713.8,0.5,2036.220014
2026-05-11T06:00:00+00:00,15713.5,15714.8,15708.05,15708.35,15713.3,15713.7,15714.6,15715,15707.8,15708.3,15708.1,15708.6,0.5,3683.760043
2026-05-11T06:15:00+00:00,15708.4,15711.05,15703.85,15704.65,15708.1,15708.7,15710.8,15711.3,15703.6,15704.1,15704.4,15704.9,0.5,2126.040027
2026-05-11T06:30:00+00:00,15705.05,15706.45,15699.05,15700.75,15704.9,15705.2,15706.2,15706.7,15698.8,15699.3,15700.5,15701,0.5,2479.230032
2026-05-11T06:45:00+00:00,15700.85,15705.55,15699.4,15699.9,15700.6,15701.1,15705.3,15705.8,15699.1,15699.7,15699.6,15700.2,0.6,2434.020033
2026-05-11T07:00:00+00:00,15699.6,15708.45,15699.2,15708.4,15699.4,15699.8,15708.2,15708.7,15698.9,15699.5,15708.2,15708.6,0.4,2680.340034
2026-05-11T07:15:00+00:00,15708.35,15708.65,15704.15,15705.6,15708.1,15708.6,15708.4,15708.9,15703.8,15704.5,15705.4,15705.8,0.4,1876.320024
2026-05-11T07:30:00+00:00,15705.65,15708.45,15705.55,15708.15,15705.5,15705.8,15708.1,15708.8,15705.3,15705.8,15707.9,15708.4,0.5,1238.170024
2026-05-11T07:45:00+00:00,15708.25,15713.6,15707.6,15712.2,15708.1,15708.4,15713.3,15713.9,15707.4,15707.8,15711.9,15712.5,0.6,1252.920018
2026-05-11T08:00:00+00:00,15712.25,15714.8,15707.9,15708.8,15712,15712.5,15714.5,15715.1,15707.7,15708.1,15708.6,15709,0.4,1826.350032
2026-05-11T08:15:00+00:00,15708.7,15708.7,15701.75,15704.45,15708.5,15708.9,15708.5,15708.9,15701.5,15702,15704.2,15704.7,0.5,2758.680043
2026-05-11T08:30:00+00:00,15704.6,15704.75,15694.9,15701.1,15704.4,15704.8,15704.5,15705,15694.6,15695.2,15700.8,15701.4,0.6,1739.660026
2026-05-11T08:45:00+00:00,15701,15709.75,15699.8,15708.8,15700.7,15701.3,15709.5,15710,15699.5,15700.1,15708.5,15709.1,0.6,1443.720023
2026-05-11T09:00:00+00:00,15708.8,15709.8,15707.15,15709.75,15708.5,15709.1,15709.6,15710,15706.9,15707.4,15709.5,15710,0.5,1207.530019
2026-05-11T09:15:00+00:00,15709.7,15711.6,15709.4,15710.5,15709.4,15710,15711.5,15711.7,15709.1,15709.7,15710.2,15710.8,0.6,1885.530016
2026-05-11T09:30:00+00:00,15710.5,15713.4,15708,15708.85,15710.2,15710.8,15713.2,15713.6,15707.7,15708.3,15708.6,15709.1,0.5,1268.580015
2026-05-11T09:45:00+00:00,15708.7,15714.65,15708.25,15714.4,15708.5,15708.9,15714.4,15714.9,15708,15708.5,15714.1,15714.7,0.6,1238.890018
2026-05-11T10:00:00+00:00,15714.8,15716.25,15711.85,15712.4,15714.7,15714.9,15716,15716.5,15711.7,15712,15712.1,15712.7,0.6,1226.510024
2026-05-11T10:15:00+00:00,15712.45,15713.55,15709.5,15711.25,15712.2,15712.7,15713.2,15713.9,15709.2,15709.8,15711,15711.5,0.5,1239.540015
2026-05-11T10:30:00+00:00,15711.2,15713.1,15708.5,15710.75,15711,15711.4,15712.8,15713.4,15708.3,15708.7,15710.5,15711,0.5,1511.700021
2026-05-11T10:45:00+00:00,15710.6,15714.5,15709.05,15714.35,15710.3,15710.9,15714.3,15714.7,15708.8,15709.3,15714.1,15714.6,0.5,2127.150036
2026-05-11T11:00:00+00:00,15714.3,15714.75,15709.65,15711.15,15714.1,15714.5,15714.5,15715,15709.4,15709.9,15710.9,15711.4,0.5,2016.93003
2026-05-11T11:15:00+00:00,15711.6,15713.15,15708.6,15709.35,15711.5,15711.7,15712.9,15713.4,15708.3,15708.9,15709.1,15709.6,0.5,1260.300023
2026-05-11T11:30:00+00:00,15709.25,15711.15,15707.15,15711.05,15709,15709.5,15710.9,15711.4,15706.9,15707.4,15710.8,15711.3,0.5,1344.730021
2026-05-11T11:45:00+00:00,15710.95,15714.35,15709.35,15712.15,15710.7,15711.2,15714.1,15714.6,15709,15709.7,15711.9,15712.4,0.5,1806.540029
2026-05-11T12:00:00+00:00,15711.85,15714.1,15711.6,15712.95,15711.7,15712,15713.9,15714.3,15711.4,15711.8,15712.7,15713.2,0.5,2518.830037
2026-05-11T12:15:00+00:00,15712.85,15713.95,15706.3,15709.15,15712.5,15713.2,15713.7,15714.2,15706,15706.6,15709,15709.3,0.3,2968.500039
2026-05-11T12:30:00+00:00,15709.25,15710.6,15707.1,15709.15,15709.2,15709.3,15710.4,15710.8,15707,15707.2,15708.8,15709.5,0.7,2574.630048
2026-05-11T12:45:00+00:00,15709.2,15713.55,15708.2,15711.6,15708.9,15709.5,15713.3,15713.8,15708,15708.4,15711.4,15711.8,0.4,3009.930053
2026-05-11T13:00:00+00:00,15711.5,15712.8,15707.25,15707.8,15711.3,15711.7,15712.6,15713,15707.1,15707.4,15707.6,15708,0.4,2545.750042
2026-05-11T13:15:00+00:00,15707.7,15708.65,15704.65,15705,15707.5,15707.9,15708.6,15708.7,15704.5,15704.8,15704.8,15705.2,0.4,1544.830028
2026-05-11T13:30:00+00:00,15704.7,15708.6,15702.1,15702.3,15704.5,15704.9,15708.5,15708.7,15702,15702.2,15702,15702.6,0.6,2062.530039
2026-05-11T13:45:00+00:00,15702.6,15704.65,15699.9,15703.45,15702.3,15702.9,15704.4,15704.9,15699.7,15700.1,15703.1,15703.8,0.7,2714.180047
2026-05-11T14:00:00+00:00,15703.4,15706.8,15702.2,15703.85,15703.1,15703.7,15706.6,15707,15702.1,15702.3,15703.6,15704.1,0.5,2100.920031
2026-05-11T14:15:00+00:00,15703.8,15703.95,15700.3,15703.75,15703.7,15703.9,15703.7,15704.2,15700.2,15700.4,15703.5,15704,0.5,2080.81003
2026-05-11T14:30:00+00:00,15703.8,15709.75,15702.2,15703.65,15703.6,15704,15709.5,15710,15702,15702.4,15703.5,15703.8,0.3,3313.770057
2026-05-11T14:45:00+00:00,15703.8,15708.6,15697.95,15699.95,15703.6,15704,15708.3,15708.9,15697.8,15698.1,15699.8,15700.1,0.3,4183.950072
2026-05-11T15:00:00+00:00,15700.1,15706.2,15698.35,15704.95,15700,15700.2,15706,15706.4,15698.1,15698.6,15704.8,15705.1,0.3,3262.540054
2026-05-11T15:15:00+00:00,15705,15707.3,15699.75,15702.3,15704.7,15705.3,15707,15707.6,15699.5,15700,15702.1,15702.5,0.4,2066.51004
2026-05-11T15:30:00+00:00,15702.25,15705.45,15700.75,15704.1,15702,15702.5,15705.4,15705.5,15700.5,15701,15703.9,15704.3,0.4,1966.430032
2026-05-11T15:45:00+00:00,15704.15,15707.3,15702.75,15704.7,15704,15704.3,15707.1,15707.5,15702.6,15702.9,15704.5,15704.9,0.4,2451.520042
2026-05-11T16:00:00+00:00,15704.8,15707.5,15703.6,15706.6,15704.5,15705.1,15707.3,15707.7,15703.4,15703.8,15706.3,15706.9,0.6,1125.90002
2026-05-11T16:15:00+00:00,15706.35,15711.35,15706.35,15711.2,15706.1,15706.6,15711.1,15711.6,15706.1,15706.6,15710.9,15711.5,0.6,1227.22002
2026-05-11T16:30:00+00:00,15711.25,15715.25,15710.25,15713.6,15711.1,15711.4,15715,15715.5,15710.2,15710.3,15713.3,15713.9,0.6,2387.110036
2026-05-11T16:45:00+00:00,15713.65,15716.35,15712.2,15715.85,15713.4,15713.9,15716,15716.7,15711.9,15712.5,15715.6,15716.1,0.5,1692.290021
2026-05-11T17:00:00+00:00,15715.75,15721.25,15714.65,15716.35,15715.5,15716,15721.1,15721.4,15714.4,15714.9,15716.1,15716.6,0.5,1794.150033
2026-05-11T17:15:00+00:00,15716.2,15718.05,15711.75,15713.6,15716,15716.4,15717.9,15718.2,15711.6,15711.9,15713.4,15713.8,0.4,1810.210032
2026-05-11T17:30:00+00:00,15713.95,15714.35,15711.15,15713.3,15713.9,15714,15714.1,15714.6,15710.9,15711.4,15713.1,15713.5,0.4,1561.100027
2026-05-11T17:45:00+00:00,15713.2,15713.4,15710.45,15711.25,15713,15713.4,15713.2,15713.6,15710.3,15710.6,15711.1,15711.4,0.3,883.9400151
2026-05-11T18:00:00+00:00,15711.3,15712.25,15709.35,15712.15,15711.2,15711.4,15712.1,15712.4,15709.1,15709.6,15712,15712.3,0.3,1223.020018
2026-05-11T18:15:00+00:00,15711.8,15715.2,15711.35,15713.45,15711.5,15712.1,15714.9,15715.5,15711.2,15711.5,15713.3,15713.6,0.3,1263.46003
2026-05-11T18:30:00+00:00,15713.5,15719.8,15713.1,15719.8,15713.3,15713.7,15719.6,15720,15712.9,15713.3,15719.6,15720,0.4,1150.900021
2026-05-11T18:45:00+00:00,15719.75,15721,15718.55,15720.7,15719.5,15720,15720.8,15721.2,15718.4,15718.7,15720.5,15720.9,0.4,1742.870026
2026-05-11T19:00:00+00:00,15720.75,15723.85,15720.3,15723.7,15720.6,15720.9,15723.6,15724.1,15720.1,15720.5,15723.4,15724,0.6,1476.510023
2026-05-11T19:15:00+00:00,15723.7,15724.7,15721,15724.6,15723.5,15723.9,15724.5,15724.9,15720.8,15721.2,15724.5,15724.7,0.2,833.1100136
2026-05-11T19:30:00+00:00,15724.45,15726.75,15724.35,15726.2,15724.2,15724.7,15726.5,15727,15724.2,15724.5,15726,15726.4,0.4,1100.240018
2026-05-11T19:45:00+00:00,15726.1,15726.4,15724.15,15724.45,15725.9,15726.3,15726.2,15726.6,15724,15724.3,15724.3,15724.6,0.3,1142.270015
2026-05-11T20:00:00+00:00,15724.4,15727.35,15721.25,15723.6,15724.3,15724.5,15727.2,15727.5,15721.1,15721.4,15723.3,15723.9,0.6,1358.620031
2026-05-11T20:15:00+00:00,15723.5,15724.5,15721.85,15722.3,15723.2,15723.8,15724.2,15724.8,15721.6,15722.1,15722,15722.6,0.6,694.5300146
2026-05-11T20:30:00+00:00,15722.25,15722.4,15720.85,15721.4,15721.9,15722.6,15722.1,15722.7,15720.6,15721.1,15721.1,15721.7,0.6,888.1200069
2026-05-11T20:45:00+00:00,15721.35,15723.4,15716.75,15717.1,15721.1,15721.6,15722.8,15724,15714.8,15718.7,15715.5,15718.7,3.2,1579.510013
2026-05-11T21:00:00+00:00,15717.2,15720.6,15711.9,15717.75,15715.2,15719.2,15715.2,15726,15705,15718.8,15714,15721.5,7.5,302.3599941
2026-05-11T21:15:00+00:00,15717.85,15720.7,15716.85,15720.1,15714.2,15721.5,15715.4,15726,15713.5,15720.2,15715.3,15724.9,9.6,409.5999925
2026-05-11T21:30:00+00:00,15718.8,15719.75,15718.3,15718.95,15715.3,15722.3,15717.1,15722.4,15715.1,15721.5,15716.3,15721.6,5.3,398.6399982
2026-05-11T21:45:00+00:00,15718.6,15719.15,15713.45,15715.15,15716.3,15720.9,15716.4,15721.9,15709.9,15717,15711.9,15718.4,6.5,582.470001
2026-05-11T22:00:00+00:00,15716.3,15720.4,15714.15,15717.75,15711.5,15721.1,15719.6,15721.2,15711.5,15716.8,15717.2,15718.3,1.1,529.0999975
2026-05-11T22:15:00+00:00,15717.9,15720.5,15716.75,15719.55,15717.4,15718.4,15720.1,15720.9,15716.3,15717.2,15719.2,15719.9,0.7,331.7600092
2026-05-11T22:30:00+00:00,15719.6,15719.9,15719.1,15719.35,15719.2,15720,15719.5,15720.3,15718.7,15719.5,15718.9,15719.8,0.9,232.560006
2026-05-11T22:45:00+00:00,15719.25,15719.8,15718.6,15719.45,15718.8,15719.7,15719.4,15720.2,15718.2,15719,15719,15719.9,0.9,237.410004
2026-05-11T23:00:00+00:00,15719.35,15720.65,15718.45,15720,15719,15719.7,15720.5,15720.8,15718.2,15718.7,15719.7,15720.3,0.6,400.9900073
2026-05-11T23:15:00+00:00,15719.7,15723.25,15719.3,15723.2,15719.5,15719.9,15723,15723.5,15719.2,15719.4,15722.9,15723.5,0.6,250.1000036
2026-05-11T23:30:00+00:00,15723.1,15724.45,15722.05,15723.95,15722.8,15723.4,15724.2,15724.7,15721.7,15722.4,15723.6,15724.3,0.7,613.0200087
2026-05-11T23:45:00+00:00,15724.1,15724.7,15720.05,15724.1,15723.8,15724.4,15724.5,15724.9,15719.7,15720.4,15723.8,15724.4,0.6,1254.600022
2026-05-12T00:00:00+00:00,15724.05,15729.9,15724.05,15727.6,15723.8,15724.3,15729.6,15730.2,15723.8,15724.3,15727.4,15727.8,0.4,2313.420053
2026-05-12T00:15:00+00:00,15727.55,15729.85,15725.4,15727.85,15727.4,15727.7,15729.6,15730.1,15725.1,15725.7,15727.6,15728.1,0.5,1487.78003
2026-05-12T00:30:00+00:00,15727.75,15733.05,15727.6,15732.85,15727.5,15728,15732.9,15733.2,15727.3,15727.9,15732.6,15733.1,0.5,1722.570021
2026-05-12T00:45:00+00:00,15732.8,15743.5,15729.95,15742.1,15732.6,15733,15743.2,15743.8,15729.7,15730.2,15741.8,15742.4,0.6,4717.410061
2026-05-12T01:00:00+00:00,15742.5,15750.4,15737.6,15749.05,15742.4,15742.6,15750.2,15750.6,15737.4,15737.8,15748.6,15749.5,0.9,4671.160066
2026-05-12T01:15:00+00:00,15749.2,15755,15746.75,15754.7,15748.9,15749.5,15754.8,15755.2,15746.5,15747,15754.5,15754.9,0.4,3595.050045
2026-05-12T01:30:00+00:00,15754.65,15758.75,15749.5,15756.75,15754.4,15754.9,15758.4,15759.1,15749.2,15749.8,15756.5,15757,0.5,2949.120046
2026-05-12T01:45:00+00:00,15756.8,15757.85,15751.35,15753.85,15756.5,15757.1,15757.6,15758.1,15751.1,15751.6,15753.7,15754,0.3,2664.850041
2026-05-12T02:00:00+00:00,15753.75,15756.8,15753.05,15755.4,15753.6,15753.9,15756.6,15757,15752.8,15753.3,15755.2,15755.6,0.4,1501.030026
2026-05-12T02:15:00+00:00,15755.35,15758.75,15755,15757.65,15755.1,15755.6,15758.6,15758.9,15754.8,15755.2,15757.4,15757.9,0.5,1593.080024
2026-05-12T02:30:00+00:00,15757.8,15765.4,15757.45,15762.75,15757.7,15757.9,15765.1,15765.7,15757.2,15757.7,15762.5,15763,0.5,2358.490032
2026-05-12T02:45:00+00:00,15762.65,15763,15755.95,15758.95,15762.4,15762.9,15762.8,15763.2,15755.7,15756.2,15758.8,15759.1,0.3,1769.620027
2026-05-12T03:00:00+00:00,15759,15762.65,15757.8,15758.6,15758.9,15759.1,15762.4,15762.9,15757.6,15758,15758.4,15758.8,0.4,1401.000024
2026-05-12T03:15:00+00:00,15758.55,15758.6,15755.1,15757.35,15758.3,15758.8,15758.4,15758.8,15754.9,15755.3,15757.1,15757.6,0.5,973.0300179
2026-05-12T03:30:00+00:00,15757.25,15760.8,15757.2,15759.5,15757,15757.5,15760.7,15760.9,15757,15757.4,15759.3,15759.7,0.4,995.0200156
2026-05-12T03:45:00+00:00,15759.45,15764.1,15759.35,15761.45,15759.2,15759.7,15763.9,15764.3,15759.1,15759.6,15761.2,15761.7,0.5,1364.080022
2026-05-12T04:00:00+00:00,15761.5,15763.95,15760.85,15762.55,15761.3,15761.7,15763.7,15764.2,15760.7,15761,15762.3,15762.8,0.5,1689.410032
2026-05-12T04:15:00+00:00,15762.45,15764,15761.4,15763.9,15762.3,15762.6,15763.8,15764.2,15761.2,15761.6,15763.7,15764.1,0.4,1378.750019
2026-05-12T04:30:00+00:00,15763.75,15763.75,15755.05,15755.65,15763.5,15764,15763.5,15764,15754.7,15755.4,15755.4,15755.9,0.5,1771.000022
2026-05-12T04:45:00+00:00,15755.4,15758.8,15755.05,15758.75,15755.2,15755.6,15758.6,15759,15754.9,15755.2,15758.5,15759,0.5,1423.380026
2026-05-12T05:00:00+00:00,15758.65,15765.6,15758.65,15764.4,15758.4,15758.9,15765.3,15765.9,15758.4,15758.9,15764.1,15764.7,0.6,1381.060024
2026-05-12T05:15:00+00:00,15764.15,15769,15763.6,15766.85,15763.9,15764.4,15768.8,15769.2,15763.4,15763.8,15766.6,15767.1,0.5,1514.860023
2026-05-12T05:30:00+00:00,15766.8,15775,15765.55,15773.7,15766.6,15767,15774.7,15775.3,15765.3,15765.8,15773.4,15774,0.6,2308.280036
2026-05-12T05:45:00+00:00,15773.5,15774.45,15673.7,15731.1,15773.1,15773.9,15774.2,15774.7,15672.6,15674.8,15730.6,15731.6,1,8293.500146
2026-05-12T06:00:00+00:00,15731.65,15739.2,15706.7,15729.7,15731.5,15731.8,15738.8,15739.6,15706.4,15707,15729.3,15730.1,0.8,10644.7302
2026-05-12T06:15:00+00:00,15729.65,15749.95,15728.35,15746.5,15729.3,15730,15749.7,15750.2,15727.9,15728.8,15746.2,15746.8,0.6,6559.360105
2026-05-12T06:30:00+00:00,15746.45,15750,15729.3,15741.7,15746.2,15746.7,15749.7,15750.3,15729,15729.6,15741.5,15741.9,0.4,6394.940101
2026-05-12T06:45:00+00:00,15741.2,15752.7,15737.8,15751.3,15740.9,15741.5,15752.5,15752.9,15737.6,15738,15751,15751.6,0.6,4266.310072
2026-05-12T07:00:00+00:00,15751.35,15755,15748.9,15751.45,15750.9,15751.8,15754.8,15755.2,15748.6,15749.2,15751.2,15751.7,0.5,4260.220074
2026-05-12T07:15:00+00:00,15751.55,15753.65,15739.35,15746.65,15751.2,15751.9,15753.3,15754,15739.2,15739.5,15746.4,15746.9,0.5,4722.12007
2026-05-12T07:30:00+00:00,15746.7,15751.45,15741.4,15751.45,15746.4,15747,15751.2,15751.7,15741.3,15741.5,15751.2,15751.7,0.5,3245.450058
2026-05-12T07:45:00+00:00,15751.6,15757.05,15748.85,15750.75,15751.3,15751.9,15756.8,15757.3,15748.7,15749,15750.5,15751,0.5,4412.830072
2026-05-12T08:00:00+00:00,15750.55,15760.1,15749.1,15760,15750.4,15750.7,15759.9,15760.3,15748.9,15749.3,15759.8,15760.2,0.4,4119.100065
2026-05-12T08:15:00+00:00,15759.95,15762.85,15755.25,15762.55,15759.7,15760.2,15762.5,15763.2,15755,15755.5,15762.2,15762.9,0.7,4260.740056
2026-05-12T08:30:00+00:00,15762.45,15765.8,15760.4,15765.3,15762.1,15762.8,15765.5,15766.1,15760.2,15760.6,15765,15765.6,0.6,2335.56004
2026-05-12T08:45:00+00:00,15765.4,15765.4,15755.1,15761.85,15765.1,15765.7,15765.1,15765.7,15755,15755.2,15761.6,15762.1,0.5,3281.78006
2026-05-12T09:00:00+00:00,15762.3,15766.5,15760.9,15764,15762,15762.6,15766.2,15766.8,15760.7,15761.1,15763.8,15764.2,0.4,2433.130046
2026-05-12T09:15:00+00:00,15764.1,15766.6,15759.9,15760,15763.9,15764.3,15766.5,15766.7,15759.6,15760.2,15759.8,15760.2,0.4,2484.880037
2026-05-12T09:30:00+00:00,15759.95,15762.6,15754.1,15760,15759.8,15760.1,15762.3,15762.9,15754,15754.2,15759.8,15760.2,0.4,3661.610059
2026-05-12T09:45:00+00:00,15759.95,15761.4,15754.2,15756.35,15759.6,15760.3,15761.2,15761.6,15754,15754.4,15756.2,15756.5,0.3,2021.210033
2026-05-12T10:00:00+00:00,15756.4,15759.9,15755.15,15757.7,15756.3,15756.5,15759.7,15760.1,15754.9,15755.4,15757.5,15757.9,0.4,1448.970026
2026-05-12T10:15:00+00:00,15757.7,15761.65,15755.5,15755.5,15757.5,15757.9,15761.5,15761.8,15755.3,15755.7,15755.3,15755.7,0.4,1584.760027
2026-05-12T10:30:00+00:00,15755.5,15755.55,15749.45,15751.8,15755.2,15755.8,15755.3,15755.8,15749.2,15749.7,15751.6,15752,0.4,2281.320038
2026-05-12T10:45:00+00:00,15751.9,15757.1,15751.55,15756.15,15751.7,15752.1,15756.9,15757.3,15751.3,15751.8,15756,15756.3,0.3,1402.450023
2026-05-12T11:00:00+00:00,15756,15760.8,15750.2,15755.1,15755.8,15756.2,15760.6,15761,15750,15750.4,15754.9,15755.3,0.4,3424.740043
2026-05-12T11:15:00+00:00,15754.9,15756.7,15753.1,15756.4,15754.7,15755.1,15756.5,15756.9,15752.9,15753.3,15756.1,15756.7,0.6,1563.430024
2026-05-12T11:30:00+00:00,15756.5,15756.65,15750.4,15752.8,15756.3,15756.7,15756.4,15756.9,15750.1,15750.7,15752.6,15753,0.4,1922.540034
2026-05-12T11:45:00+00:00,15752.85,15757.95,15751.35,15757.4,15752.7,15753,15757.8,15758.1,15751.1,15751.6,15757.2,15757.6,0.4,2863.980038
2026-05-12T12:00:00+00:00,15757.45,15759.3,15752.7,15759.1,15757.3,15757.6,15759.1,15759.5,15752.4,15753,15758.7,15759.5,0.8,3590.120052
2026-05-12T12:15:00+00:00,15759.05,15762.6,15756,15758.6,15758.6,15759.5,15762.4,15762.8,15755.8,15756.2,15757.9,15759.3,1.4,2886.10005
2026-05-12T12:30:00+00:00,15758.8,15764.8,15754.05,15755.35,15757.6,15760,15764.4,15765.2,15753.8,15754.3,15755.1,15755.6,0.5,5501.210099
2026-05-12T12:45:00+00:00,15755.4,15758.1,15751.85,15755.3,15755.2,15755.6,15758,15758.2,15751.6,15752.1,15755.1,15755.5,0.4,3337.84006
2026-05-12T13:00:00+00:00,15755.35,15757.9,15748.4,15757.8,15755.1,15755.6,15757.6,15758.2,15748.1,15748.7,15757.5,15758.1,0.6,4917.48007
2026-05-12T13:15:00+00:00,15757.95,15762.7,15754.5,15758,15757.7,15758.2,15762.5,15762.9,15754.3,15754.7,15757.8,15758.2,0.4,3981.700068
2026-05-12T13:30:00+00:00,15758.2,15762.7,15755.75,15761.3,15758,15758.4,15762.5,15762.9,15755.6,15755.9,15761.1,15761.5,0.4,4160.920068
2026-05-12T13:45:00+00:00,15761.45,15766.8,15759,15765.1,15761.3,15761.6,15766.6,15767,15758.7,15759.3,15764.8,15765.4,0.6,3624.270065
2026-05-12T14:00:00+00:00,15764.8,15765.45,15757.45,15757.8,15764.6,15765,15765.3,15765.6,15757.2,15757.7,15757.5,15758.1,0.6,3614.800064
2026-05-12T14:15:00+00:00,15757.9,15762.75,15757.65,15760.4,15757.7,15758.1,15762.5,15763,15757.4,15757.9,15760.2,15760.6,0.4,2939.060046
2026-05-12T14:30:00+00:00,15760.3,15762.85,15757.85,15761.05,15760,15760.6,15762.6,15763.1,15757.6,15758.1,15760.8,15761.3,0.5,3475.670058
2026-05-12T14:45:00+00:00,15761.2,15770.2,15759.9,15762.5,15761,15761.4,15770.1,15770.3,15759.7,15760.1,15762.4,15762.6,0.2,4882.45007
2026-05-12T15:00:00+00:00,15762.45,15767.7,15761.3,15767.7,15762.4,15762.5,15767.5,15767.9,15761.2,15761.4,15767.5,15767.9,0.4,4368.400069
2026-05-12T15:15:00+00:00,15767.75,15775.25,15766.95,15774.85,15767.6,15767.9,15774.9,15775.6,15766.7,15767.2,15774.7,15775,0.3,2950.49005
2026-05-12T15:30:00+00:00,15774.6,15775.2,15768.8,15769.15,15774.5,15774.7,15775,15775.4,15768.6,15769,15768.8,15769.5,0.7,2540.250048
2026-05-12T15:45:00+00:00,15769.1,15773.15,15768.55,15771.15,15768.8,15769.4,15772.9,15773.4,15768.3,15768.8,15770.9,15771.4,0.5,1627.340027
2026-05-12T16:00:00+00:00,15771.1,15772.95,15770.45,15771.3,15770.9,15771.3,15772.6,15773.3,15770.2,15770.7,15771.1,15771.5,0.4,1964.16003
2026-05-12T16:15:00+00:00,15771.4,15772.55,15767.55,15770.05,15771.2,15771.6,15772.4,15772.7,15767.4,15767.7,15769.9,15770.2,0.3,1785.650029
2026-05-12T16:30:00+00:00,15770.1,15772.9,15769.1,15771.8,15769.9,15770.3,15772.7,15773.1,15768.9,15769.3,15771.6,15772,0.4,1376.22003
2026-05-12T16:45:00+00:00,15771.9,15776.5,15771.4,15775.25,15771.7,15772.1,15776.3,15776.7,15771.1,15771.7,15774.9,15775.6,0.7,1467.500028
2026-05-12T17:00:00+00:00,15774.9,15775.55,15769.1,15772.8,15774.8,15775,15775.3,15775.8,15768.9,15769.3,15772.6,15773,0.4,1571.990025
2026-05-12T17:15:00+00:00,15772.75,15772.9,15768.9,15770.15,15772.5,15773,15772.7,15773.1,15768.7,15769.1,15770,15770.3,0.3,2654.990025
2026-05-12T17:30:00+00:00,15770.2,15770.8,15769,15769.5,15770,15770.4,15770.6,15771,15768.9,15769.1,15769.4,15769.6,0.2,671.9200124
2026-05-12T17:45:00+00:00,15769.55,15770.8,15768.3,15769.45,15769.4,15769.7,15770.6,15771,15768.1,15768.5,15769.3,15769.6,0.3,1002.740021
2026-05-12T18:00:00+00:00,15769.55,15772.5,15768.1,15769.35,15769.4,15769.7,15772.2,15772.8,15767.9,15768.3,15769.1,15769.6,0.5,1545.62003
2026-05-12T18:15:00+00:00,15769.2,15769.6,15760.35,15760.95,15768.9,15769.5,15769.4,15769.8,15760.2,15760.5,15760.8,15761.1,0.3,1593.960032
2026-05-12T18:30:00+00:00,15760.9,15764,15760,15762.05,15760.8,15761,15763.8,15764.2,15759.9,15760.1,15761.9,15762.2,0.3,1683.900038
2026-05-12T18:45:00+00:00,15762,15764.15,15758.9,15759.4,15761.8,15762.2,15764,15764.3,15758.8,15759,15759.2,15759.6,0.4,1052.800021
2026-05-12T19:00:00+00:00,15759.45,15759.7,15755.85,15756.95,15759.3,15759.6,15759.5,15759.9,15755.6,15756.1,15756.7,15757.2,0.5,915.430019
2026-05-12T19:15:00+00:00,15756.85,15758.4,15755.8,15756.8,15756.7,15757,15758.2,15758.6,15755.6,15756,15756.6,15757,0.4,618.7000121
2026-05-12T19:30:00+00:00,15756.3,15758.25,15752.15,15756.4,15756.2,15756.4,15758,15758.5,15752,15752.3,15756.2,15756.6,0.4,920.9100184
2026-05-12T19:45:00+00:00,15756.3,15763.85,15754.55,15763.75,15756,15756.6,15763.7,15764,15754.4,15754.7,15763.7,15763.8,0.1,1915.180035
2026-05-12T20:00:00+00:00,15763.4,15764.25,15759.7,15763.4,15763.3,15763.5,15764,15764.5,15759.5,15759.9,15763.2,15763.6,0.4,896.5800184
2026-05-12T20:15:00+00:00,15763.3,15764.45,15762,15763.5,15763,15763.6,15764.2,15764.7,15761.7,15762.3,15763.2,15763.8,0.6,439.3800129
2026-05-12T20:30:00+00:00,15763.6,15765.9,15762.95,15765.4,15763.4,15763.8,15765.6,15766.2,15762.6,15763.3,15765.1,15765.7,0.6,551.8900157
2026-05-12T20:45:00+00:00,15765.45,15766.1,15760.45,15763.3,15765.1,15765.8,15765.7,15766.5,15759.7,15761.2,15760.7,15765.9,5.2,1531.690019
2026-05-12T21:00:00+00:00,15763.25,15765.6,15758.15,15762.7,15760.6,15765.9,15760.6,15770.6,15751.3,15765,15758.9,15766.5,7.6,99.65999918
2026-05-12T21:15:00+00:00,15762.7,15762.75,15757.05,15759.9,15758.9,15766.5,15758.9,15766.6,15751.7,15762.4,15757.1,15762.7,5.6,103.7700003
2026-05-12T21:30:00+00:00,15759.95,15765,15758.6,15760.9,15757.1,15762.8,15762.7,15767.3,15755.1,15762.1,15759.6,15762.2,2.6,173.0100026
2026-05-12T21:45:00+00:00,15761,15761.15,15757.55,15758.1,15759.6,15762.4,15759.9,15762.4,15754.6,15760.5,15755.5,15760.7,5.2,386.7600112
2026-05-12T22:00:00+00:00,15759.35,15762.55,15757.35,15761.4,15759.3,15759.4,15762,15763.1,15756,15758.7,15760.8,15762,1.2,432.7500019
2026-05-12T22:15:00+00:00,15761.25,15761.45,15759.15,15760.6,15760.7,15761.8,15760.9,15762,15758.7,15759.6,15760.3,15760.9,0.6,278.3800069
2026-05-12T22:30:00+00:00,15760.75,15761.75,15760.3,15760.7,15760.3,15761.2,15761.4,15762.1,15759.9,15760.7,15760.3,15761.1,0.8,337.8100054
2026-05-12T22:45:00+00:00,15760.65,15761.2,15759,15760.25,15760.2,15761.1,15760.9,15761.5,15758.6,15759.4,15759.7,15760.8,1.1,320.5900047
2026-05-12T23:00:00+00:00,15760.15,15761.6,15758.4,15760.15,15759.6,15760.7,15761.4,15761.8,15758,15758.8,15760,15760.3,0.3,558.6900136
2026-05-12T23:15:00+00:00,15759.95,15761.95,15759.55,15760.65,15759.5,15760.4,15761.8,15762.1,15759.3,15759.8,15760.5,15760.8,0.3,519.9500093
2026-05-12T23:30:00+00:00,15760.7,15761.55,15756.55,15761.45,15760.5,15760.9,15761.3,15761.8,15756.2,15756.9,15761.2,15761.7,0.5,320.730006
2026-05-12T23:45:00+00:00,15761.4,15767.85,15761.35,15767.3,15761,15761.8,15767.5,15768.2,15761,15761.7,15767,15767.6,0.6,1020.700011
2026-05-13T00:00:00+00:00,15767.55,15771,15763.55,15770,15767.3,15767.8,15770.8,15771.2,15763.2,15763.9,15769.7,15770.3,0.6,1742.59003
2026-05-13T00:15:00+00:00,15770,15770.05,15763.8,15766.6,15769.7,15770.3,15769.7,15770.4,15763.5,15764.1,15766.3,15766.9,0.6,1813.140029
2026-05-13T00:30:00+00:00,15766.5,15772.6,15765.5,15765.8,15766.4,15766.6,15772.4,15772.8,15765.3,15765.7,15765.5,15766.1,0.6,2330.580037
2026-05-13T00:45:00+00:00,15766.15,15777,15766.15,15771.3,15766,15766.3,15776.7,15777.3,15766,15766.3,15771.1,15771.5,0.4,3380.890052
2026-05-13T01:00:00+00:00,15771.35,15776.4,15769.15,15775.75,15771.1,15771.6,15776.1,15776.7,15768.9,15769.4,15775.5,15776,0.5,2891.230056
2026-05-13T01:15:00+00:00,15775.8,15778.3,15758.85,15766.6,15775.5,15776.1,15778.1,15778.5,15758.7,15759,15766.2,15767,0.8,3387.430052
2026-05-13T01:30:00+00:00,15766.75,15768.9,15761.55,15764,15766.5,15767,15768.6,15769.2,15761.3,15761.8,15763.8,15764.2,0.4,2905.260039
2026-05-13T01:45:00+00:00,15763.95,15768.35,15756.4,15765.3,15763.7,15764.2,15768.1,15768.6,15756.2,15756.6,15765,15765.6,0.6,4011.89005
2026-05-13T02:00:00+00:00,15765.4,15771.05,15760.15,15770.35,15765.2,15765.6,15770.8,15771.3,15759.9,15760.4,15770.1,15770.6,0.5,2741.11003
2026-05-13T02:15:00+00:00,15770.8,15772.8,15767.65,15767.9,15770.5,15771.1,15772.5,15773.1,15767.4,15767.9,15767.7,15768.1,0.4,1348.780015
2026-05-13T02:30:00+00:00,15767.8,15770.4,15766.8,15766.8,15767.6,15768,15770.2,15770.6,15766.5,15767.1,15766.5,15767.1,0.6,518.3800099
2026-05-13T02:45:00+00:00,15766.75,15769.15,15763.65,15765.75,15766.5,15767,15768.7,15769.6,15763.4,15763.9,15765.5,15766,0.5,1036.550018
2026-05-13T03:00:00+00:00,15765.6,15768.15,15764.1,15766.5,15765.3,15765.9,15767.9,15768.4,15763.8,15764.4,15766.2,15766.8,0.6,1526.700026
2026-05-13T03:15:00+00:00,15766.25,15767.75,15764.9,15765.15,15766.1,15766.4,15767.5,15768,15764.8,15765,15764.9,15765.4,0.5,926.7300141
2026-05-13T03:30:00+00:00,15765.25,15766.65,15762.9,15765.1,15765,15765.5,15766.4,15766.9,15762.7,15763.1,15764.9,15765.3,0.4,1461.770022
2026-05-13T03:45:00+00:00,15765.05,15768.7,15764.3,15768.15,15764.8,15765.3,15768.5,15768.9,15764.2,15764.4,15767.9,15768.4,0.5,772.3200159
2026-05-13T04:00:00+00:00,15768,15769.15,15767.3,15768.8,15767.8,15768.2,15768.9,15769.4,15767.1,15767.5,15768.5,15769.1,0.6,762.4900131
2026-05-13T04:15:00+00:00,15768.7,15771.35,15767.8,15771.1,15768.4,15769,15771.1,15771.6,15767.6,15768,15770.7,15771.5,0.8,800.8300135
2026-05-13T04:30:00+00:00,15771.25,15775.15,15771.25,15773.45,15771,15771.5,15774.9,15775.4,15771,15771.5,15773.1,15773.8,0.7,1024.620017
2026-05-13T04:45:00+00:00,15773.5,15773.75,15771.7,15772.1,15773.1,15773.9,15773.4,15774.1,15771.4,15772,15771.9,15772.3,0.4,922.2100151
2026-05-13T05:00:00+00:00,15772.1,15773.65,15770.45,15772.6,15771.9,15772.3,15773.4,15773.9,15770.3,15770.6,15772.2,15773,0.8,1206.540024
2026-05-13T05:15:00+00:00,15772.65,15773.75,15770.1,15771.35,15772.3,15773,15773.5,15774,15769.8,15770.4,15771.1,15771.6,0.5,1259.48002
2026-05-13T05:30:00+00:00,15771.25,15772.25,15769.9,15770.45,15771,15771.5,15772,15772.5,15769.6,15770.2,15770.2,15770.7,0.5,637.0400127
2026-05-13T05:45:00+00:00,15770.35,15773.3,15768.7,15768.7,15770.1,15770.6,15773,15773.6,15768.3,15769.1,15768.3,15769.1,0.8,1590.910018
2026-05-13T06:00:00+00:00,15768.75,15774,15768.6,15773.35,15768.4,15769.1,15773.8,15774.2,15768.3,15768.9,15773.1,15773.6,0.5,1687.590026
2026-05-13T06:15:00+00:00,15773.4,15773.95,15771.9,15773.9,15773.1,15773.7,15773.7,15774.2,15771.7,15772.1,15773.7,15774.1,0.4,1274.380023
2026-05-13T06:30:00+00:00,15773.95,15774.2,15771.25,15771.7,15773.8,15774.1,15774,15774.4,15771,15771.5,15771.5,15771.9,0.4,1340.500025
2026-05-13T06:45:00+00:00,15771.85,15778.8,15771.85,15777.25,15771.6,15772.1,15778.6,15779,15771.6,15772.1,15777.1,15777.4,0.3,1662.910027
2026-05-13T07:00:00+00:00,15777.55,15777.8,15770.25,15770.8,15777.4,15777.7,15777.6,15778,15770,15770.5,15770.6,15771,0.4,2106.870034
2026-05-13T07:15:00+00:00,15770.7,15772.65,15767.65,15768.5,15770.5,15770.9,15772.5,15772.8,15767.4,15767.9,15768.3,15768.7,0.4,1450.780016
2026-05-13T07:30:00+00:00,15768.75,15777.7,15768.4,15777.3,15768.5,15769,15777.5,15777.9,15768.2,15768.6,15777.1,15777.5,0.4,1704.790029
2026-05-13T07:45:00+00:00,15777.15,15784.55,15776.4,15783.4,15776.8,15777.5,15784.4,15784.7,15776.2,15776.6,15783.1,15783.7,0.6,2445.540032
2026-05-13T08:00:00+00:00,15783.55,15784.55,15775.15,15777.9,15783.3,15783.8,15784.3,15784.8,15774.9,15775.4,15777.7,15778.1,0.4,3059.89005
2026-05-13T08:15:00+00:00,15777.8,15779.9,15776.2,15777.1,15777.5,15778.1,15779.6,15780.2,15776,15776.4,15776.9,15777.3,0.4,1229.280024
2026-05-13T08:30:00+00:00,15776.75,15780,15776.35,15779.9,15776.6,15776.9,15779.8,15780.2,15776.1,15776.6,15779.8,15780,0.2,1205.380023
2026-05-13T08:45:00+00:00,15780,15783,15778.5,15780.95,15779.8,15780.2,15782.7,15783.3,15778.3,15778.7,15780.7,15781.2,0.5,1990.150041
2026-05-13T09:00:00+00:00,15780.85,15785.7,15780.8,15784.7,15780.5,15781.2,15785.4,15786,15780.5,15781.1,15784.5,15784.9,0.4,1557.75003
2026-05-13T09:15:00+00:00,15784.9,15788.55,15783.7,15788.5,15784.7,15785.1,15788.3,15788.8,15783.5,15783.9,15788.3,15788.7,0.4,1271.190019
2026-05-13T09:30:00+00:00,15788.4,15789.75,15785.4,15788.7,15788.2,15788.6,15789.5,15790,15785.2,15785.6,15788.5,15788.9,0.4,1202.860022
2026-05-13T09:45:00+00:00,15788.75,15789.25,15778.45,15783.9,15788.6,15788.9,15789.1,15789.4,15778.1,15778.8,15783.7,15784.1,0.4,1507.860022
2026-05-13T10:00:00+00:00,15783.95,15784.6,15778.2,15780.6,15783.7,15784.2,15784.3,15784.9,15778,15778.4,15780.4,15780.8,0.4,2077.150035
2026-05-13T10:15:00+00:00,15780.65,15785.1,15779.35,15785.1,15780.5,15780.8,15784.9,15785.3,15779.2,15779.5,15784.9,15785.3,0.4,1575.130034
2026-05-13T10:30:00+00:00,15785,15785.65,15782.7,15783.7,15784.8,15785.2,15785.5,15785.8,15782.5,15782.9,15783.6,15783.8,0.2,982.650017
2026-05-13T10:45:00+00:00,15783.8,15784.6,15781.2,15781.55,15783.6,15784,15784.3,15784.9,15781.1,15781.3,15781.4,15781.7,0.3,1293.660021
2026-05-13T11:00:00+00:00,15781.6,15783.75,15781.15,15781.75,15781.5,15781.7,15783.6,15783.9,15780.9,15781.4,15781.5,15782,0.5,1545.100022
2026-05-13T11:15:00+00:00,15781.9,15782.3,15779.3,15779.6,15781.7,15782.1,15782.1,15782.5,15779.1,15779.5,15779.4,15779.8,0.4,879.4300109
2026-05-13T11:30:00+00:00,15779.65,15780,15774.5,15775.65,15779.5,15779.8,15779.8,15780.2,15774.3,15774.7,15775.5,15775.8,0.3,1133.990019
2026-05-13T11:45:00+00:00,15775.9,15780.5,15775.7,15776.75,15775.7,15776.1,15780.3,15780.7,15775.5,15775.9,15776.5,15777,0.5,1248.010019
2026-05-13T12:00:00+00:00,15776.65,15780.3,15775.5,15779.2,15776.4,15776.9,15780.1,15780.5,15775.2,15775.8,15778.9,15779.5,0.6,1815.720022
2026-05-13T12:15:00+00:00,15779.15,15784.05,15778.5,15782.9,15778.9,15779.4,15783.8,15784.3,15778.3,15778.7,15782.5,15783.3,0.8,1840.29003
2026-05-13T12:30:00+00:00,15782.25,15789.5,15781.2,15782.8,15781.6,15782.9,15789.1,15789.9,15780.6,15781.8,15782.6,15783,0.4,5130.160088
2026-05-13T12:45:00+00:00,15782.6,15786.85,15781.85,15784.7,15782.4,15782.8,15786.6,15787.1,15781.7,15782,15784.5,15784.9,0.4,3244.910038
2026-05-13T13:00:00+00:00,15784.5,15786.45,15781.75,15783.6,15784.3,15784.7,15786.1,15786.8,15781.3,15782.2,15783.3,15783.9,0.6,2822.540043
2026-05-13T13:15:00+00:00,15783.75,15784.95,15782.35,15782.85,15783.5,15784,15784.7,15785.2,15782.1,15782.6,15782.7,15783,0.3,1624.050025
2026-05-13T13:30:00+00:00,15782.8,15784.25,15776.7,15777.65,15782.6,15783,15784,15784.5,15776.5,15776.9,15777.5,15777.8,0.3,3898.540052
2026-05-13T13:45:00+00:00,15777.75,15780.9,15775.9,15777.55,15777.5,15778,15780.7,15781.1,15775.7,15776.1,15777.3,15777.8,0.5,1968.740034
2026-05-13T14:00:00+00:00,15777.5,15780.55,15775.9,15778.7,15777.3,15777.7,15780.4,15780.7,15775.7,15776.1,15778.5,15778.9,0.4,3091.290054
2026-05-13T14:15:00+00:00,15778.5,15785.7,15778.5,15782.2,15778.2,15778.8,15785.5,15785.9,15778.2,15778.8,15782,15782.4,0.4,2282.280031
2026-05-13T14:30:00+00:00,15782.3,15786.15,15781.2,15785.15,15782.1,15782.5,15785.9,15786.4,15781,15781.4,15785,15785.3,0.3,1848.39003
2026-05-13T14:45:00+00:00,15785.1,15789.75,15782.45,15786.45,15784.9,15785.3,15789.5,15790,15782.2,15782.7,15786.2,15786.7,0.5,4069.010064
2026-05-13T15:00:00+00:00,15786.4,15787,15782.7,15786.35,15786.2,15786.6,15786.8,15787.2,15782.5,15782.9,15786.2,15786.5,0.3,2761.34005
2026-05-13T15:15:00+00:00,15786.4,15787.75,15784.2,15786.15,15786.3,15786.5,15787.6,15787.9,15784.1,15784.3,15786,15786.3,0.3,1200.93002
2026-05-13T15:30:00+00:00,15786.1,15787.2,15777.65,15779.5,15785.8,15786.4,15786.9,15787.5,15777.4,15777.9,15779.2,15779.8,0.6,2452.530041
2026-05-13T15:45:00+00:00,15779.65,15785.15,15779.65,15783.75,15779.4,15779.9,15784.9,15785.4,15779.4,15779.9,15783.5,15784,0.5,1655.650031
2026-05-13T16:00:00+00:00,15783.85,15785.5,15781.3,15783.3,15783.6,15784.1,15785.3,15785.7,15781,15781.6,15783.2,15783.4,0.2,1649.580023
2026-05-13T16:15:00+00:00,15783.25,15785.75,15775.2,15776.3,15783.1,15783.4,15785.5,15786,15775,15775.4,15776.1,15776.5,0.4,3232.610062
2026-05-13T16:30:00+00:00,15776.4,15782.9,15774.75,15782.85,15776.2,15776.6,15782.7,15783.1,15774.5,15775,15782.6,15783.1,0.5,2378.170033
2026-05-13T16:45:00+00:00,15782.75,15786.25,15781.2,15785.8,15782.5,15783,15786,15786.5,15781,15781.4,15785.6,15786,0.4,1746.200025
2026-05-13T17:00:00+00:00,15785.65,15787.15,15783.4,15784.95,15785.4,15785.9,15787,15787.3,15783.2,15783.6,15784.7,15785.2,0.5,2165.84002
2026-05-13T17:15:00+00:00,15785.15,15785.4,15783.8,15785.05,15784.9,15785.4,15785.2,15785.6,15783.6,15784,15784.8,15785.3,0.5,663.7800117
2026-05-13T17:30:00+00:00,15784.9,15788.8,15784.85,15788.6,15784.7,15785.1,15788.6,15789,15784.6,15785.1,15788.4,15788.8,0.4,1200.370016
2026-05-13T17:45:00+00:00,15788.65,15792.4,15788.5,15792.4,15788.5,15788.8,15792.2,15792.6,15788.3,15788.7,15792.2,15792.6,0.4,1577.060024
2026-05-13T18:00:00+00:00,15792.45,15792.55,15789.4,15790.15,15792.2,15792.7,15792.3,15792.8,15789.1,15789.7,15790.1,15790.2,0.1,1529.690022
2026-05-13T18:15:00+00:00,15790.25,15790.65,15788.3,15789.5,15790.2,15790.3,15790.4,15790.9,15788.1,15788.5,15789.3,15789.7,0.4,1156.290024
2026-05-13T18:30:00+00:00,15789.55,15789.8,15785.7,15787.15,15789.3,15789.8,15789.6,15790,15785.5,15785.9,15786.9,15787.4,0.5,881.3600154
2026-05-13T18:45:00+00:00,15787.2,15791.15,15785.95,15789.4,15787,15787.4,15790.9,15791.4,15785.7,15786.2,15789.2,15789.6,0.4,1812.200028
2026-05-13T19:00:00+00:00,15789.5,15790.2,15787.15,15787.45,15789.4,15789.6,15790.1,15790.3,15786.9,15787.4,15787.2,15787.7,0.5,1043.280018
2026-05-13T19:15:00+00:00,15787.85,15787.95,15784.2,15784.45,15787.7,15788,15787.8,15788.1,15784,15784.4,15784.2,15784.7,0.5,1100.510016
2026-05-13T19:30:00+00:00,15784.45,15788.55,15783.95,15788.1,15784.2,15784.7,15788.3,15788.8,15783.7,15784.2,15787.9,15788.3,0.4,1750.130025
2026-05-13T19:45:00+00:00,15788.05,15789.2,15786.4,15787.25,15787.8,15788.3,15788.9,15789.5,15786.2,15786.6,15787,15787.5,0.5,1696.110027
2026-05-13T20:00:00+00:00,15787.15,15790.35,15786.6,15787.3,15786.9,15787.4,15790.1,15790.6,15786.5,15786.7,15787.2,15787.4,0.2,2263.62004
2026-05-13T20:15:00+00:00,15787.25,15788.55,15786.35,15787.6,15787.2,15787.3,15788.3,15788.8,15786.2,15786.5,15787.4,15787.8,0.4,604.4000143
2026-05-13T20:30:00+00:00,15787.5,15789,15786.65,15787.85,15787.1,15787.9,15788.8,15789.2,15786.3,15787,15787.5,15788.2,0.7,729.7200185
2026-05-13T20:45:00+00:00,15787.8,15789.7,15786.1,15786.2,15787.5,15788.1,15788.9,15790.5,15784.6,15787.6,15784.6,15787.8,3.2,801.2300079
2026-05-13T21:00:00+00:00,15787,15787.35,15782.8,15785.25,15784.1,15789.9,15784.1,15790.6,15779.1,15786.5,15783,15787.5,4.5,116.5100003
2026-05-13T21:15:00+00:00,15785.25,15786.2,15769.95,15774.65,15783,15787.5,15784.6,15787.8,15765,15774.9,15768.3,15781,12.7,1388.960025
2026-05-13T21:30:00+00:00,15774.8,15785.8,15771.35,15782.75,15768.3,15781.3,15782.9,15788.7,15766.2,15776.5,15780.2,15785.3,5.1,788.800011
2026-05-13T21:45:00+00:00,15782.4,15788.1,15774.45,15783.25,15778.7,15786.1,15786.8,15789.4,15771.1,15777.8,15781.3,15785.2,3.9,1655.780014
2026-05-13T22:00:00+00:00,15783.25,15785.8,15780.45,15782.65,15781.4,15785.1,15783.3,15788.3,15780.2,15780.7,15782.2,15783.1,0.9,893.440004
2026-05-13T22:15:00+00:00,15782.55,15782.85,15780.15,15780.4,15782.1,15783,15782.4,15783.3,15779.7,15780.6,15780,15780.8,0.8,474.2100098
2026-05-13T22:30:00+00:00,15780.25,15781.2,15779.5,15779.7,15779.8,15780.7,15780.7,15781.7,15779,15780,15779.4,15780,0.6,359.2500081
2026-05-13T22:45:00+00:00,15779.9,15782.7,15779.7,15781.15,15779.6,15780.2,15782.4,15783,15779.4,15780,15780.7,15781.6,0.9,524.6700096
2026-05-13T23:00:00+00:00,15781.05,15781.5,15778.55,15780,15780.6,15781.5,15781.1,15781.9,15778.2,15778.9,15779.7,15780.3,0.6,534.9600089
2026-05-13T23:15:00+00:00,15780.2,15780.6,15778.1,15780.35,15779.8,15780.6,15780.3,15780.9,15777.8,15778.4,15780,15780.7,0.7,390.7900046
2026-05-13T23:30:00+00:00,15780.6,15784.15,15780.6,15783.7,15780.4,15780.8,15783.9,15784.4,15780.4,15780.8,15783.4,15784,0.6,524.6500068
2026-05-13T23:45:00+00:00,15783.65,15786.35,15783.35,15785.85,15783.3,15784,15786.1,15786.6,15783,15783.7,15785.6,15786.1,0.5,564.6100112
2026-05-14T00:00:00+00:00,15785.95,15787.5,15783.3,15784.05,15785.8,15786.1,15787.3,15787.7,15783,15783.6,15783.7,15784.4,0.7,1894.150033
2026-05-14T00:15:00+00:00,15784,15784,15781.3,15782.05,15783.7,15784.3,15783.7,15784.3,15781.1,15781.5,15781.8,15782.3,0.5,1187.270018
2026-05-14T00:30:00+00:00,15781.8,15783.9,15781.05,15783.8,15781.5,15782.1,15783.6,15784.2,15780.9,15781.2,15783.6,15784,0.4,952.5000131
2026-05-14T00:45:00+00:00,15783.75,15787.55,15781.35,15785.4,15783.5,15784,15787.3,15787.8,15781.1,15781.6,15785.1,15785.7,0.6,2785.060039
2026-05-14T01:00:00+00:00,15785.5,15789.75,15785,15787.35,15785.2,15785.8,15789.5,15790,15784.7,15785.3,15787,15787.7,0.7,2362.810035
2026-05-14T01:15:00+00:00,15787.35,15789.1,15786.8,15788.15,15787,15787.7,15788.8,15789.4,15786.6,15787,15787.9,15788.4,0.5,2664.860027
2026-05-14T01:30:00+00:00,15788.25,15789.35,15787.9,15789.25,15788,15788.5,15789,15789.7,15787.6,15788.2,15788.9,15789.6,0.7,1141.890013
2026-05-14T01:45:00+00:00,15789.15,15792.15,15788.6,15791.45,15788.9,15789.4,15792,15792.3,15788.3,15788.9,15791.3,15791.6,0.3,1260.75002
2026-05-14T02:00:00+00:00,15791.5,15795.15,15788.75,15793.4,15791.3,15791.7,15794.9,15795.4,15788.4,15789.1,15793.3,15793.5,0.2,2268.090023
2026-05-14T02:15:00+00:00,15793.4,15795.2,15791.55,15792.25,15793.2,15793.6,15795,15795.4,15791.2,15791.9,15792,15792.5,0.5,1203.220019
2026-05-14T02:30:00+00:00,15792.3,15793.3,15791.7,15792,15792.1,15792.5,15793.1,15793.5,15791.5,15791.9,15791.8,15792.2,0.4,1002.490018
2026-05-14T02:45:00+00:00,15791.9,15794,15791.2,15792.3,15791.7,15792.1,15793.8,15794.2,15791,15791.4,15792.1,15792.5,0.4,1010.650018
2026-05-14T03:00:00+00:00,15792.2,15799.45,15792.15,15796.5,15791.9,15792.5,15799.2,15799.7,15791.9,15792.4,15796.3,15796.7,0.4,2610.380038
2026-05-14T03:15:00+00:00,15796.45,15796.45,15792.7,15793.25,15796.1,15796.8,15796.1,15796.8,15792.4,15793,15793.1,15793.4,0.3,1699.700027
2026-05-14T03:30:00+00:00,15793.3,15796.55,15792.2,15795.35,15793.1,15793.5,15796.3,15796.8,15792,15792.4,15795.1,15795.6,0.5,698.8600161
2026-05-14T03:45:00+00:00,15795.45,15797.45,15794.75,15797.15,15795.3,15795.6,15797.3,15797.6,15794.5,15795,15796.9,15797.4,0.5,603.3300111
2026-05-14T04:00:00+00:00,15797.5,15797.6,15751.65,15782.1,15797.3,15797.7,15797.4,15797.8,15751.4,15751.9,15781.8,15782.4,0.6,5139.620087
2026-05-14T04:15:00+00:00,15782.15,15783.65,15773.4,15782.25,15781.8,15782.5,15783.4,15783.9,15773,15773.8,15782,15782.5,0.5,2611.580044
2026-05-14T04:30:00+00:00,15782.3,15787.7,15782.05,15786.1,15782,15782.6,15787.6,15787.8,15781.8,15782.3,15785.8,15786.4,0.6,1176.210022
2026-05-14T04:45:00+00:00,15786.05,15787.3,15782.65,15786.9,15785.8,15786.3,15787,15787.6,15782.5,15782.8,15786.7,15787.1,0.4,967.9500147
2026-05-14T05:00:00+00:00,15786.95,15790.25,15786.5,15790.1,15786.7,15787.2,15790,15790.5,15786.4,15786.6,15789.8,15790.4,0.6,2975.100037
2026-05-14T05:15:00+00:00,15790.1,15794.8,15790.05,15793.3,15789.7,15790.5,15794.7,15794.9,15789.7,15790.4,15793.1,15793.5,0.4,988.9800183
2026-05-14T05:30:00+00:00,15793.35,15793.95,15789.6,15790.3,15793,15793.7,15793.8,15794.1,15789.3,15789.9,15790,15790.6,0.6,1092.400022
2026-05-14T05:45:00+00:00,15790.3,15791.8,15787,15791.1,15790,15790.6,15791.5,15792.1,15786.7,15787.3,15790.7,15791.5,0.8,2598.82003
2026-05-14T06:00:00+00:00,15791.15,15791.85,15785.75,15790.8,15790.8,15791.5,15791.7,15792,15785.5,15786,15790.6,15791,0.4,2891.930029
2026-05-14T06:15:00+00:00,15790.85,15790.85,15785.95,15787.15,15790.6,15791.1,15790.6,15791.1,15785.7,15786.2,15786.9,15787.4,0.5,3396.640022
2026-05-14T06:30:00+00:00,15787.05,15791.3,15786.05,15787.35,15786.8,15787.3,15791.1,15791.5,15785.8,15786.3,15787.1,15787.6,0.5,1969.500035
2026-05-14T06:45:00+00:00,15787.25,15787.25,15780.85,15784.7,15787.1,15787.4,15787.1,15787.4,15780.6,15781.1,15784.5,15784.9,0.4,4393.840063
2026-05-14T07:00:00+00:00,15784.6,15791.45,15783.5,15790.8,15784.4,15784.8,15791.2,15791.7,15783.4,15783.6,15790.5,15791.1,0.6,2846.16004
2026-05-14T07:15:00+00:00,15790.9,15793.75,15788.75,15789.05,15790.7,15791.1,15793.4,15794.1,15788.4,15789.1,15788.8,15789.3,0.5,2837.670037
2026-05-14T07:30:00+00:00,15789.1,15789.2,15786.05,15787.55,15788.8,15789.4,15788.9,15789.5,15785.9,15786.2,15787.4,15787.7,0.3,3004.470039
2026-05-14T07:45:00+00:00,15787.5,15792.45,15782.1,15791.6,15787.3,15787.7,15792.3,15792.6,15781.8,15782.4,15791.4,15791.8,0.4,2746.770042
2026-05-14T08:00:00+00:00,15791.8,15795,15789.6,15790.95,15791.6,15792,15794.7,15795.3,15789.3,15789.9,15790.8,15791.1,0.3,2200.730032
2026-05-14T08:15:00+00:00,15790.75,15791.3,15785.45,15786.35,15790.6,15790.9,15791.1,15791.5,15785.2,15785.7,15786.2,15786.5,0.3,2327.270044
2026-05-14T08:30:00+00:00,15786.3,15793.25,15785.55,15792,15786.1,15786.5,15793,15793.5,15785.3,15785.8,15791.8,15792.2,0.4,2768.760041
2026-05-14T08:45:00+00:00,15791.95,15792,15788.35,15790.2,15791.7,15792.2,15791.7,15792.3,15788.1,15788.6,15790,15790.4,0.4,2107.890028
2026-05-14T09:00:00+00:00,15789.85,15793.25,15789.35,15791.05,15789.7,15790,15793.1,15793.4,15789.2,15789.5,15790.8,15791.3,0.5,1971.720031
2026-05-14T09:15:00+00:00,15791.2,15792.5,15789.8,15790,15790.9,15791.5,15792.3,15792.7,15789.6,15790,15789.8,15790.2,0.4,1322.510018
2026-05-14T09:30:00+00:00,15789.9,15792,15789.65,15791,15789.8,15790,15791.8,15792.2,15789.4,15789.9,15790.8,15791.2,0.4,1255.350023
2026-05-14T09:45:00+00:00,15790.85,15791.9,15788.65,15791.3,15790.7,15791,15791.6,15792.2,15788.5,15788.8,15791,15791.6,0.6,1404.180017
2026-05-14T10:00:00+00:00,15791.35,15793.1,15787.8,15790.65,15791.1,15791.6,15792.8,15793.4,15787.5,15788.1,15790.3,15791,0.7,2146.850032
2026-05-14T10:15:00+00:00,15790.3,15791.75,15787.95,15789.25,15790,15790.6,15791.5,15792,15787.8,15788.1,15789,15789.5,0.5,1672.820029
2026-05-14T10:30:00+00:00,15789.25,15793.3,15788.5,15793,15789,15789.5,15793.1,15793.5,15788.3,15788.7,15792.8,15793.2,0.4,2214.470015
2026-05-14T10:45:00+00:00,15792.7,15794.3,15790.05,15793.45,15792.5,15792.9,15794,15794.6,15789.7,15790.4,15793.3,15793.6,0.3,2758.240039
2026-05-14T11:00:00+00:00,15793.4,15795.55,15792.05,15792.35,15793.2,15793.6,15795.3,15795.8,15791.8,15792.3,15792,15792.7,0.7,2332.440035
2026-05-14T11:15:00+00:00,15792.25,15793.4,15791.3,15793.15,15791.9,15792.6,15793.2,15793.6,15791.1,15791.5,15792.9,15793.4,0.5,1604.180023
2026-05-14T11:30:00+00:00,15793.25,15795.6,15792.7,15794.95,15793,15793.5,15795.4,15795.8,15792.4,15793,15794.7,15795.2,0.5,1286.480019
2026-05-14T11:45:00+00:00,15794.95,15797.8,15792.45,15797.35,15794.7,15795.2,15797.5,15798.1,15792.3,15792.6,15797.1,15797.6,0.5,2008.260023
2026-05-14T12:00:00+00:00,15797.75,15799.4,15793.3,15793.55,15797.6,15797.9,15799.3,15799.5,15793.1,15793.5,15793.2,15793.9,0.7,4152.080049
2026-05-14T12:15:00+00:00,15793.65,15793.8,15790.6,15792.45,15793.4,15793.9,15793.6,15794,15790.4,15790.8,15791.7,15793.2,1.5,3098.010039
2026-05-14T12:30:00+00:00,15792.75,15797.8,15791.8,15797.6,15791.7,15793.8,15797.5,15798.1,15791.3,15792.3,15797.4,15797.8,0.4,2450.460037
2026-05-14T12:45:00+00:00,15797.35,15797.75,15795.55,15797.35,15797.3,15797.4,15797.5,15798,15795.3,15795.8,15797.1,15797.6,0.5,1970.340022
2026-05-14T13:00:00+00:00,15797.55,15799.35,15795.8,15798.15,15797.5,15797.6,15799.1,15799.6,15795.6,15796,15797.9,15798.4,0.5,2867.950037
2026-05-14T13:15:00+00:00,15798.2,15800.3,15793.35,15796.2,15798,15798.4,15800.2,15800.4,15793.2,15793.5,15795.9,15796.5,0.6,4253.640066
2026-05-14T13:30:00+00:00,15796.35,15816.95,15757,15767.2,15796.1,15796.6,15816.7,15817.2,15756.8,15757.2,15766.3,15768.1,1.8,9936.840129
2026-05-14T13:45:00+00:00,15767.65,15791.1,15731.45,15791.1,15767,15768.3,15790.8,15791.4,15730.7,15732.2,15790.8,15791.4,0.6,16411.84027
2026-05-14T14:00:00+00:00,15791.3,15794.6,15784.45,15786.65,15791,15791.6,15794.3,15794.9,15784.1,15784.8,15786.3,15787,0.7,8805.160126
2026-05-14T14:15:00+00:00,15786.9,15794.45,15785.8,15791.2,15786.7,15787.1,15794.2,15794.7,15785.5,15786.1,15790.9,15791.5,0.6,5476.550072
2026-05-14T14:30:00+00:00,15791.3,15794.55,15790.9,15792.95,15791,15791.6,15794.3,15794.8,15790.6,15791.2,15792.7,15793.2,0.5,3230.010051
2026-05-14T14:45:00+00:00,15793.05,15815.75,15790.9,15815.75,15792.7,15793.4,15815.6,15815.9,15790.6,15791.2,15815.6,15815.9,0.3,11033.81013
2026-05-14T15:00:00+00:00,15815.7,15819.45,15810.35,15814.75,15815.5,15815.9,15819.2,15819.7,15810.2,15810.5,15814.5,15815,0.5,8117.670111
2026-05-14T15:15:00+00:00,15814.95,15817.85,15812.8,15814.3,15814.8,15815.1,15817.7,15818,15812.6,15813,15814.1,15814.5,0.4,3037.670045
2026-05-14T15:30:00+00:00,15814.5,15815.35,15810.55,15812.75,15814.4,15814.6,15815.1,15815.6,15810.4,15810.7,15812.5,15813,0.5,3941.440049
2026-05-14T15:45:00+00:00,15812.8,15813,15808,15808.85,15812.6,15813,15812.8,15813.2,15807.8,15808.2,15808.7,15809,0.3,1854.700025
2026-05-14T16:00:00+00:00,15808.7,15816,15808.1,15814.45,15808.6,15808.8,15815.8,15816.2,15807.9,15808.3,15814.2,15814.7,0.5,3009.070063
2026-05-14T16:15:00+00:00,15814.5,15819.95,15810.95,15819.4,15814.2,15814.8,15819.7,15820.2,15810.7,15811.2,15819,15819.8,0.8,3612.700043
2026-05-14T16:30:00+00:00,15819.45,15820.25,15816.5,15820.2,15819.1,15819.8,15820.1,15820.4,15816.3,15816.7,15820.1,15820.3,0.2,3677.46005
2026-05-14T16:45:00+00:00,15820.2,15820.2,15816.5,15816.95,15820.1,15820.3,15820.1,15820.3,15816.2,15816.8,15816.5,15817.4,0.9,2451.33003
2026-05-14T17:00:00+00:00,15816.85,15818.25,15813.6,15817.95,15816.6,15817.1,15818,15818.5,15813.3,15813.9,15817.8,15818.1,0.3,2062.330026
2026-05-14T17:15:00+00:00,15818,15820.05,15815.6,15816.6,15817.8,15818.2,15819.9,15820.2,15815.3,15815.9,15816.4,15816.8,0.4,1685.590027
2026-05-14T17:30:00+00:00,15816.5,15818.15,15815.95,15817.35,15816.4,15816.6,15817.9,15818.4,15815.7,15816.2,15817.1,15817.6,0.5,1728.12003
2026-05-14T17:45:00+00:00,15817.65,15820,15816.9,15819.45,15817.5,15817.8,15819.8,15820.2,15816.7,15817.1,15819.3,15819.6,0.3,1228.800023
2026-05-14T18:00:00+00:00,15819.4,15820.25,15818.25,15819.3,15819.1,15819.7,15820.1,15820.4,15818,15818.5,15819.1,15819.5,0.4,2437.580031
2026-05-14T18:15:00+00:00,15819.25,15819.65,15817,15818.15,15819,15819.5,15819.4,15819.9,15816.8,15817.2,15817.9,15818.4,0.5,1899.990026
2026-05-14T18:30:00+00:00,15818.2,15820.45,15817.95,15819.2,15818,15818.4,15820.3,15820.6,15817.7,15818.2,15819,15819.4,0.4,1285.460023
2026-05-14T18:45:00+00:00,15819.45,15820.1,15818.2,15818.65,15819.3,15819.6,15819.9,15820.3,15818,15818.4,15818.4,15818.9,0.5,1087.460014
2026-05-14T19:00:00+00:00,15818.55,15820.2,15817.2,15819.7,15818.4,15818.7,15820,15820.4,15817,15817.4,15819.5,15819.9,0.4,2097.850019
2026-05-14T19:15:00+00:00,15819.75,15830.25,15819.4,15829.2,15819.5,15820,15830.1,15830.4,15819.1,15819.7,15828.9,15829.5,0.6,4265.050048
2026-05-14T19:30:00+00:00,15829.25,15838.4,15827.85,15832.7,15829,15829.5,15838.2,15838.6,15827.6,15828.1,15832.4,15833,0.6,3695.630038
2026-05-14T19:45:00+00:00,15833.25,15838.2,15832.3,15835.85,15833.2,15833.3,15838,15838.4,15832.1,15832.5,15835.7,15836,0.3,3751.550042
2026-05-14T20:00:00+00:00,15835.9,15838.55,15834.65,15838.3,15835.7,15836.1,15838.2,15838.9,15834.3,15835,15837.9,15838.7,0.8,1226.870024
2026-05-14T20:15:00+00:00,15838.2,15839.3,15837.35,15838.65,15837.9,15838.5,15839.1,15839.5,15837.1,15837.6,15838.4,15838.9,0.5,667.3100104
2026-05-14T20:30:00+00:00,15838.55,15842.25,15838.4,15842.15,15838.4,15838.7,15841.9,15842.6,15838.1,15838.7,15841.9,15842.4,0.5,987.2800157
2026-05-14T20:45:00+00:00,15842,15842.15,15836.1,15836.25,15841.8,15842.2,15841.8,15842.5,15834.2,15838,15834.2,15838.3,4.1,1336.080011
2026-05-14T21:00:00+00:00,15835.2,15836.75,15832.95,15835.5,15831.5,15838.9,15832.6,15840.9,15828.7,15837.2,15830.9,15840.1,9.2,92.81000113
2026-05-14T21:15:00+00:00,15835.1,15836.5,15830.25,15833.1,15830.8,15839.4,15833.1,15839.9,15826.1,15834.4,15830.3,15835.9,5.6,535.7300067
2026-05-14T21:30:00+00:00,15833,15837.35,15829.45,15836.7,15830.3,15835.7,15835.4,15839.3,15826.4,15832.5,15834.8,15838.6,3.8,768.0900153
2026-05-14T21:45:00+00:00,15836.8,15837.75,15832.25,15834.75,15834.9,15838.7,15836.3,15839.2,15831.5,15833,15832.3,15837.2,4.9,464.8300008
2026-05-14T22:00:00+00:00,15835,15839.45,15832.1,15839.05,15833.2,15836.8,15839,15839.9,15831,15833.2,15838.6,15839.5,0.9,519.7000035
2026-05-14T22:15:00+00:00,15838.95,15839.05,15836.5,15837,15838.5,15839.4,15838.7,15839.4,15836.2,15836.8,15836.6,15837.4,0.8,341.7600081
2026-05-14T22:30:00+00:00,15837.05,15839.4,15836.9,15837.9,15836.6,15837.5,15839,15839.8,15836.5,15837.3,15837.5,15838.3,0.8,285.1800057
2026-05-14T22:45:00+00:00,15838,15838.6,15836.6,15837.7,15837.6,15838.4,15838.2,15839,15836.2,15837,15837.2,15838.2,1,442.6500084
2026-05-14T23:00:00+00:00,15837.75,15843.45,15836.75,15842.7,15837.3,15838.2,15843.2,15843.7,15836.4,15837.1,15842.3,15843.1,0.8,646.3100079
2026-05-14T23:15:00+00:00,15842.75,15844.1,15840.95,15841,15842.4,15843.1,15843.8,15844.4,15840.6,15841.3,15840.7,15841.3,0.6,833.7100137
2026-05-14T23:30:00+00:00,15841.25,15841.7,15839.3,15839.5,15841.1,15841.4,15841.4,15842,15839,15839.6,15839.2,15839.8,0.6,621.6700065
2026-05-14T23:45:00+00:00,15839.6,15840.5,15832.5,15838.3,15839.3,15839.9,15840.2,15840.8,15832.3,15832.7,15838,15838.6,0.6,1990.220031
2026-05-15T00:00:00+00:00,15838.45,15841.8,15835.3,15837.95,15838.1,15838.8,15841.5,15842.1,15835.2,15835.4,15837.8,15838.1,0.3,2527.230043
2026-05-15T00:15:00+00:00,15838,15840.95,15832.7,15839.3,15837.9,15838.1,15840.7,15841.2,15832.5,15832.9,15839.1,15839.5,0.4,4152.840069
2026-05-15T00:30:00+00:00,15839.25,15845.1,15839,15844.25,15839.1,15839.4,15845,15845.2,15838.7,15839.3,15844,15844.5,0.5,1402.050027
2026-05-15T00:45:00+00:00,15844.2,15851.5,15843.6,15847.15,15844,15844.4,15851.2,15851.8,15843.4,15843.8,15846.9,15847.4,0.5,3688.340059
2026-05-15T01:00:00+00:00,15847.1,15848.6,15844.55,15846.5,15847,15847.2,15848.3,15848.9,15844.3,15844.8,15846.1,15846.9,0.8,2518.630044
2026-05-15T01:15:00+00:00,15846.65,15856.6,15843.95,15855.2,15846.3,15847,15856.2,15857,15843.7,15844.2,15854.9,15855.5,0.6,4075.330067
2026-05-15T01:30:00+00:00,15855.15,15855.6,15842.6,15845.7,15854.8,15855.5,15855.4,15855.8,15842.3,15842.9,15845.4,15846,0.6,5204.360075
2026-05-15T01:45:00+00:00,15845.6,15853.4,15844.75,15853.05,15845.4,15845.8,15853.2,15853.6,15844.5,15845,15852.9,15853.2,0.3,2474.260032
2026-05-15T02:00:00+00:00,15853.1,15859,15851.5,15852.15,15852.9,15853.3,15858.7,15859.3,15851.3,15851.7,15851.9,15852.4,0.5,2770.32005
2026-05-15T02:15:00+00:00,15852.2,15853.3,15848.05,15851,15852,15852.4,15853,15853.6,15847.8,15848.3,15850.8,15851.2,0.4,1517.320028
2026-05-15T02:30:00+00:00,15851.15,15852.35,15846.25,15847,15850.9,15851.4,15852.1,15852.6,15845.9,15846.6,15846.8,15847.2,0.4,1191.320021
2026-05-15T02:45:00+00:00,15846.85,15852.8,15844.4,15852.65,15846.6,15847.1,15852.5,15853.1,15844.2,15844.6,15852.4,15852.9,0.5,2042.330039
2026-05-15T03:00:00+00:00,15852.7,15853.4,15848.85,15852.8,15852.5,15852.9,15853.2,15853.6,15848.6,15849.1,15852.6,15853,0.4,1229.910028
2026-05-15T03:15:00+00:00,15852.95,15853.3,15850.5,15850.65,15852.6,15853.3,15853.1,15853.5,15850.3,15850.7,15850.5,15850.8,0.3,970.1200225
2026-05-15T03:30:00+00:00,15850.6,15850.65,15847.95,15850.4,15850.3,15850.9,15850.4,15850.9,15847.7,15848.2,15850.1,15850.7,0.6,1134.600017
2026-05-15T03:45:00+00:00,15850.3,15850.65,15847.95,15848.85,15850,15850.6,15850.3,15851,15847.7,15848.2,15848.5,15849.2,0.7,1199.260018
2026-05-15T04:00:00+00:00,15849.1,15850.4,15847.95,15848.2,15848.9,15849.3,15850.2,15850.6,15847.7,15848.2,15847.9,15848.5,0.6,759.9800099
2026-05-15T04:15:00+00:00,15848.15,15850.2,15847.9,15850.1,15847.9,15848.4,15849.9,15850.5,15847.6,15848.2,15849.8,15850.4,0.6,392.9900086
2026-05-15T04:30:00+00:00,15850.15,15851.7,15849.65,15851.5,15849.8,15850.5,15851.4,15852,15849.5,15849.8,15851.3,15851.7,0.4,1103.870021
2026-05-15T04:45:00+00:00,15851.55,15852.5,15849.1,15851.9,15851.3,15851.8,15852.3,15852.7,15848.9,15849.3,15851.6,15852.2,0.6,2235.760022
2026-05-15T05:00:00+00:00,15851.95,15857.8,15851.7,15856.8,15851.7,15852.2,15857.5,15858.1,15851.4,15852,15856.4,15857.2,0.8,1911.220033
2026-05-15T05:15:00+00:00,15856.8,15859.05,15852.75,15852.95,15856.5,15857.1,15858.7,15859.4,15852.5,15853,15852.7,15853.2,0.5,1582.320028
2026-05-15T05:30:00+00:00,15852.9,15858.1,15852.85,15857.75,15852.7,15853.1,15857.9,15858.3,15852.6,15853.1,15857.6,15857.9,0.3,2429.500041
2026-05-15T05:45:00+00:00,15857.85,15864.6,15857.8,15861.1,15857.6,15858.1,15864.5,15864.7,15857.6,15858,15860.8,15861.4,0.6,4758.14006
2026-05-15T06:00:00+00:00,15861.4,15867.55,15856.25,15856.45,15861.3,15861.5,15867.3,15867.8,15856,15856.5,15856.2,15856.7,0.5,5019.150076
2026-05-15T06:15:00+00:00,15856.5,15861.15,15854.55,15858.95,15856.2,15856.8,15860.9,15861.4,15854.3,15854.8,15858.7,15859.2,0.5,3446.110054
2026-05-15T06:30:00+00:00,15859.15,15860.35,15843.35,15845.55,15858.9,15859.4,15860.1,15860.6,15843.2,15843.5,15845.3,15845.8,0.5,3668.75007
2026-05-15T06:45:00+00:00,15845.65,15849.2,15843.1,15843.35,15845.5,15845.8,15849,15849.4,15843,15843.2,15843.1,15843.6,0.5,3458.180066
2026-05-15T07:00:00+00:00,15843.45,15848.45,15837.75,15841.85,15843.2,15843.7,15848.2,15848.7,15837.5,15838,15841.7,15842,0.3,3105.160058
2026-05-15T07:15:00+00:00,15841.95,15845.7,15835.2,15837.95,15841.8,15842.1,15845.5,15845.9,15835,15835.4,15837.7,15838.2,0.5,2508.370049
2026-05-15T07:30:00+00:00,15837.9,15840.9,15836.2,15840.5,15837.7,15838.1,15840.6,15841.2,15835.9,15836.5,15840.3,15840.7,0.4,3862.080032
2026-05-15T07:45:00+00:00,15840.55,15846.15,15839.2,15844.9,15840.2,15840.9,15845.9,15846.4,15839,15839.4,15844.6,15845.2,0.6,3122.87004
2026-05-15T08:00:00+00:00,15844.5,15848.75,15842.7,15846.75,15844.4,15844.6,15848.5,15849,15842.6,15842.8,15846.5,15847,0.5,3487.340036
2026-05-15T08:15:00+00:00,15846.65,15849.9,15844.05,15847.75,15846.5,15846.8,15849.7,15850.1,15843.9,15844.2,15847.5,15848,0.5,3055.450037
2026-05-15T08:30:00+00:00,15847.85,15849.25,15840.4,15845.2,15847.6,15848.1,15849,15849.5,15840.1,15840.7,15844.8,15845.6,0.8,4283.810066
2026-05-15T08:45:00+00:00,15844.95,15857.7,15844.4,15856.55,15844.7,15845.2,15857.5,15857.9,15844.2,15844.6,15856.3,15856.8,0.5,3765.450048
2026-05-15T09:00:00+00:00,15856.25,15860.4,15853.3,15855.5,15856,15856.5,15860.3,15860.5,15853,15853.6,15855.2,15855.8,0.6,6208.450078
2026-05-15T09:15:00+00:00,15855.5,15856.35,15849.85,15851.2,15855.2,15855.8,15856.1,15856.6,15849.6,15850.1,15850.9,15851.5,0.6,5607.520057
2026-05-15T09:30:00+00:00,15851.25,15854.5,15846.7,15851.05,15851,15851.5,15854.2,15854.8,15846.5,15846.9,15850.8,15851.3,0.5,5028.790054
2026-05-15T09:45:00+00:00,15851.2,15852.8,15846.5,15851.4,15851,15851.4,15852.5,15853.1,15846.3,15846.7,15851.1,15851.7,0.6,4388.740059
2026-05-15T10:00:00+00:00,15851.25,15853.45,15846.3,15847.25,15850.9,15851.6,15853.1,15853.8,15846,15846.6,15847,15847.5,0.5,3125.510038
2026-05-15T10:15:00+00:00,15847.25,15849.65,15845.35,15848.2,15847,15847.5,15849.4,15849.9,15845.2,15845.5,15848,15848.4,0.4,2214.330041
2026-05-15T10:30:00+00:00,15848.25,15849.85,15844.55,15844.85,15848,15848.5,15849.5,15850.2,15844.4,15844.7,15844.6,15845.1,0.5,3065.330049
2026-05-15T10:45:00+00:00,15845,15845.45,15829.4,15836.85,15844.7,15845.3,15845.1,15845.8,15829.1,15829.7,15836.6,15837.1,0.5,9410.150122
2026-05-15T11:00:00+00:00,15837.1,15846,15836.05,15844.55,15837,15837.2,15845.7,15846.3,15835.8,15836.3,15844.4,15844.7,0.3,4263.330057
2026-05-15T11:15:00+00:00,15844.6,15851.85,15843.65,15851.75,15844.4,15844.8,15851.6,15852.1,15843.4,15843.9,15851.5,15852,0.5,1655.870032
2026-05-15T11:30:00+00:00,15851.6,15855.1,15850.75,15855,15851.4,15851.8,15854.9,15855.3,15850.5,15851,15854.8,15855.2,0.4,2104.980042
2026-05-15T11:45:00+00:00,15855.05,15858.75,15853.05,15857.25,15854.8,15855.3,15858.4,15859.1,15852.8,15853.3,15857.1,15857.4,0.3,2346.780047
2026-05-15T12:00:00+00:00,15857.4,15858.05,15852.75,15856.55,15857.3,15857.5,15857.9,15858.2,15852.5,15853,15856.2,15856.9,0.7,3757.690057
2026-05-15T12:15:00+00:00,15856.7,15856.7,15851.1,15853.1,15856.4,15857,15856.4,15857,15851,15851.2,15852.7,15853.5,0.8,3182.030051
2026-05-15T12:30:00+00:00,15852.9,15858.35,15852.65,15857.4,15852.3,15853.5,15858.1,15858.6,15852.3,15853,15857.1,15857.7,0.6,3093.490042
2026-05-15T12:45:00+00:00,15857.6,15858.35,15854.2,15857.65,15857.3,15857.9,15858.1,15858.6,15854,15854.4,15857.5,15857.8,0.3,2521.210033
2026-05-15T13:00:00+00:00,15857.55,15858.4,15853.2,15854.4,15857.4,15857.7,15858.2,15858.6,15853,15853.4,15854.1,15854.7,0.6,2731.300046
2026-05-15T13:15:00+00:00,15854.5,15860.25,15854.4,15857.6,15854.2,15854.8,15860.1,15860.4,15854.1,15854.7,15857.5,15857.7,0.2,2574.140041
2026-05-15T13:30:00+00:00,15857.6,15869.7,15857,15869.4,15857.3,15857.9,15869.6,15869.8,15856.8,15857.2,15869.2,15869.6,0.4,4884.580081
2026-05-15T13:45:00+00:00,15869.45,15874.25,15866.85,15868.75,15869.2,15869.7,15874.1,15874.4,15866.7,15867,15868.5,15869,0.5,6011.37008
2026-05-15T14:00:00+00:00,15869,15874.15,15861.2,15866.55,15868.8,15869.2,15873.9,15874.4,15861.1,15861.3,15866.3,15866.8,0.5,6456.740087
2026-05-15T14:15:00+00:00,15866.65,15868.85,15861.65,15866.8,15866.4,15866.9,15868.8,15868.9,15861.4,15861.9,15866.6,15867,0.4,5460.960085
2026-05-15T14:30:00+00:00,15866.95,15870.65,15865.7,15870.3,15866.8,15867.1,15870.4,15870.9,15865.5,15865.9,15870.1,15870.5,0.4,3555.740058
2026-05-15T14:45:00+00:00,15870.35,15874.1,15859.2,15859.2,15870.1,15870.6,15873.9,15874.3,15859,15859.4,15859,15859.4,0.4,4679.050067
2026-05-15T15:00:00+00:00,15859.25,15866.05,15855.1,15864.35,15859,15859.5,15865.8,15866.3,15855,15855.2,15864,15864.7,0.7,6334.330079
2026-05-15T15:15:00+00:00,15864.35,15869.35,15861.75,15868.15,15863.9,15864.8,15869.2,15869.5,15861.5,15862,15868,15868.3,0.3,3840.660056
2026-05-15T15:30:00+00:00,15868.05,15871.2,15866.9,15870.4,15867.9,15868.2,15871,15871.4,15866.7,15867.1,15870.1,15870.7,0.6,2839.900044
2026-05-15T15:45:00+00:00,15870.55,15874.5,15869.75,15869.75,15870.2,15870.9,15874.3,15874.7,15869.5,15870,15869.5,15870,0.5,2847.23005
2026-05-15T16:00:00+00:00,15869.7,15873.4,15869,15870.65,15869.5,15869.9,15873.2,15873.6,15868.8,15869.2,15870.4,15870.9,0.5,2889.640042
2026-05-15T16:15:00+00:00,15870.7,15870.9,15867.3,15869.75,15870.5,15870.9,15870.7,15871.1,15867.1,15867.5,15869.5,15870,0.5,2054.950029
2026-05-15T16:30:00+00:00,15869.65,15870.9,15866.55,15870.15,15869.3,15870,15870.7,15871.1,15866.3,15866.8,15870,15870.3,0.3,1876.290023
2026-05-15T16:45:00+00:00,15869.8,15871.2,15868.55,15871.2,15869.7,15869.9,15870.9,15871.5,15868.3,15868.8,15870.9,15871.5,0.6,2062.150029
2026-05-15T17:00:00+00:00,15870.6,15871.45,15866,15866,15870.5,15870.7,15871.2,15871.7,15865.8,15866.2,15865.8,15866.2,0.4,2656.980035
2026-05-15T17:15:00+00:00,15866.1,15868.5,15864.45,15867.25,15865.8,15866.4,15868.3,15868.7,15864.1,15864.8,15867,15867.5,0.5,1564.360022
2026-05-15T17:30:00+00:00,15867.45,15869.75,15866.75,15869.65,15867.1,15867.8,15869.6,15869.9,15866.5,15867,15869.5,15869.8,0.3,1984.940024
2026-05-15T17:45:00+00:00,15869.6,15872.95,15869.15,15872.95,15869.4,15869.8,15872.6,15873.3,15868.9,15869.4,15872.6,15873.3,0.7,2663.320018
2026-05-15T18:00:00+00:00,15872.85,15875.15,15872.2,15873.35,15872.6,15873.1,15875,15875.3,15871.9,15872.5,15873.1,15873.6,0.5,1314.610023
2026-05-15T18:15:00+00:00,15873.5,15874.3,15870.6,15870.75,15873.3,15873.7,15874,15874.6,15870.4,15870.8,15870.6,15870.9,0.3,1835.070041
2026-05-15T18:30:00+00:00,15870.85,15875.1,15870.75,15873.2,15870.6,15871.1,15874.9,15875.3,15870.6,15870.9,15873,15873.4,0.4,2224.410031
2026-05-15T18:45:00+00:00,15873.25,15873.85,15870.5,15870.6,15873.1,15873.4,15873.6,15874.1,15870.2,15870.8,15870.4,15870.8,0.4,2116.440043
2026-05-15T19:00:00+00:00,15870.55,15872.3,15869.4,15872.15,15870.4,15870.7,15872.1,15872.5,15869.3,15869.5,15871.9,15872.4,0.5,1717.36002
2026-05-15T19:15:00+00:00,15872.2,15873.45,15871.75,15872.2,15872,15872.4,15873.3,15873.6,15871.5,15872,15872,15872.4,0.4,1284.330023
2026-05-15T19:30:00+00:00,15872.15,15874.35,15870.6,15874.25,15872,15872.3,15874,15874.7,15870.3,15870.9,15874,15874.5,0.5,1458.960017
2026-05-15T19:45:00+00:00,15874.2,15878.6,15873.3,15877.4,15874,15874.4,15878.3,15878.9,15873,15873.6,15877.1,15877.7,0.6,1952.800028
2026-05-15T20:00:00+00:00,15877.3,15879.25,15876.4,15877.05,15877,15877.6,15879,15879.5,15876.1,15876.7,15876.7,15877.4,0.7,1532.790029
2026-05-15T20:15:00+00:00,15876.9,15884.5,15876.75,15880.25,15876.5,15877.3,15884.2,15884.8,15876.4,15877.1,15879.9,15880.6,0.7,1736.10003
2026-05-15T20:30:00+00:00,15880.2,15880.2,15874.4,15874.85,15879.8,15880.6,15879.8,15880.6,15874.1,15874.7,15874.4,15875.3,0.9,2209.800042
2026-05-15T20:45:00+00:00,15874.7,15880.55,15873.55,15874.4,15874.3,15875.1,15879.8,15881.3,15873.1,15874,15873.1,15875.7,2.6,2784.600038
2026-05-17T21:00:00+00:00,15868.05,15870.2,15858.7,15859.8,15856.4,15879.7,15858.2,15882.2,15850.8,15866.6,15852.5,15867.1,14.6,184.6100043
2026-05-17T21:15:00+00:00,15859.5,15874.6,15859.25,15874.1,15851.9,15867.1,15865.8,15883.4,15851.4,15867.1,15864.8,15883.4,18.6,147.6400031
2026-05-17T21:30:00+00:00,15874.15,15877.2,15871.85,15876.2,15865,15883.3,15869.7,15884.7,15863.6,15880.1,15869.7,15882.7,13,444.1300026
2026-05-17T21:45:00+00:00,15876.25,15877.55,15864.15,15869.35,15870.1,15882.4,15871.9,15883.2,15856.4,15871.9,15859.1,15879.6,20.5,1097.520019
2026-05-17T22:00:00+00:00,15870.85,15883.1,15868.85,15879.4,15864.3,15877.4,15881.4,15884.8,15862.9,15874.8,15878.5,15880.3,1.8,1791.110015
2026-05-17T22:15:00+00:00,15879.4,15881.45,15878.45,15880.1,15878.5,15880.3,15880.7,15882.2,15878,15878.9,15879.5,15880.7,1.2,664.1200181
2026-05-17T22:30:00+00:00,15880.4,15881.2,15877.2,15879.7,15879.8,15881,15880.5,15881.9,15877,15877.4,15879,15880.4,1.4,634.8500142
2026-05-17T22:45:00+00:00,15879.8,15880.1,15877.6,15879.3,15879,15880.6,15879.5,15880.7,15876.9,15878.3,15878.7,15879.9,1.2,887.1200254
2026-05-17T23:00:00+00:00,15878.7,15883.35,15876.5,15882.4,15878.3,15879.1,15883.1,15883.6,15876.2,15876.8,15882.1,15882.7,0.6,447.2300117
2026-05-17T23:15:00+00:00,15882.35,15883.8,15879.35,15883.35,15882.1,15882.6,15883.5,15884.1,15879,15879.7,15883.1,15883.6,0.5,515.1300106
2026-05-17T23:30:00+00:00,15883.65,15888.35,15883.65,15886.7,15883.5,15883.8,15888.1,15888.6,15883.5,15883.8,15886.5,15886.9,0.4,898.390018
2026-05-17T23:45:00+00:00,15886.8,15888.35,15884.1,15885.35,15886.6,15887,15888,15888.7,15884,15884.2,15885.1,15885.6,0.5,1179.370021
2026-05-18T00:00:00+00:00,15885.2,15888.05,15880.55,15884.7,15884.9,15885.5,15887.8,15888.3,15880.3,15880.8,15884.4,15885,0.6,2831.37005
2026-05-18T00:15:00+00:00,15884.6,15886.15,15882.05,15883.35,15884.3,15884.9,15885.8,15886.5,15881.8,15882.3,15883.1,15883.6,0.5,1543.410026
2026-05-18T00:30:00+00:00,15883.3,15888.55,15883.1,15888.5,15883,15883.6,15888.3,15888.8,15882.8,15883.4,15888.2,15888.8,0.6,1268.480023
2026-05-18T00:45:00+00:00,15888.7,15895.3,15886.7,15893.5,15888.4,15889,15895.2,15895.4,15886.4,15887,15893.2,15893.8,0.6,2975.870046
2026-05-18T01:00:00+00:00,15893.55,15895.4,15890.7,15893.3,15893.3,15893.8,15895.2,15895.6,15890.4,15891,15893,15893.6,0.6,1838.900035
2026-05-18T01:15:00+00:00,15893.2,15895.1,15886.9,15894.3,15892.7,15893.7,15894.8,15895.4,15886.6,15887.2,15894.1,15894.5,0.4,3598.610049
2026-05-18T01:30:00+00:00,15894.15,15895.05,15889.25,15893.35,15893.9,15894.4,15894.9,15895.2,15889,15889.5,15893.1,15893.6,0.5,2127.970036
2026-05-18T01:45:00+00:00,15893.25,15894.15,15888.25,15893.3,15893,15893.5,15893.9,15894.4,15888,15888.5,15893.1,15893.5,0.4,1641.700029
2026-05-18T02:00:00+00:00,15893.4,15894.95,15889.6,15891.75,15893.2,15893.6,15894.7,15895.2,15889.4,15889.8,15891.6,15891.9,0.3,1379.700027
2026-05-18T02:15:00+00:00,15892,15892.35,15890.75,15891.35,15891.8,15892.2,15892.1,15892.6,15890.5,15891,15891,15891.7,0.7,938.0000217
2026-05-18T02:30:00+00:00,15891.25,15891.35,15889.15,15890.85,15891,15891.5,15891.1,15891.6,15888.9,15889.4,15890.6,15891.1,0.5,891.5000153
2026-05-18T02:45:00+00:00,15890.95,15893.5,15890.2,15891.45,15890.7,15891.2,15893.2,15893.8,15890,15890.4,15891.2,15891.7,0.5,1357.64002
2026-05-18T03:00:00+00:00,15891.5,15893.65,15890.7,15893.3,15891.3,15891.7,15893.4,15893.9,15890.4,15891,15893.1,15893.5,0.4,1278.990022
2026-05-18T03:15:00+00:00,15893.25,15894.4,15892.6,15893.45,15893,15893.5,15894.3,15894.5,15892.3,15892.9,15893.1,15893.8,0.7,2036.800034
2026-05-18T03:30:00+00:00,15893.5,15894.95,15893.35,15894.6,15893.2,15893.8,15894.7,15895.2,15893.1,15893.6,15894.4,15894.8,0.4,1283.170019
2026-05-18T03:45:00+00:00,15894.55,15905.85,15894.25,15903.85,15894.2,15894.9,15905.5,15906.2,15893.9,15894.6,15903.5,15904.2,0.7,3786.280044
2026-05-18T04:00:00+00:00,15903.9,15907.45,15881.85,15902.15,15903.6,15904.2,15907.2,15907.7,15881.4,15882.3,15901.9,15902.4,0.5,5506.740073
2026-05-18T04:15:00+00:00,15902.2,15903.9,15899.3,15900.55,15901.9,15902.5,15903.6,15904.2,15898.9,15899.7,15900.2,15900.9,0.7,1631.73002
2026-05-18T04:30:00+00:00,15900.65,15900.8,15894.2,15895.65,15900.3,15901,15900.5,15901.1,15893.9,15894.5,15895.4,15895.9,0.5,1987.480028
2026-05-18T04:45:00+00:00,15895.6,15898.85,15894.1,15898.4,15895.3,15895.9,15898.6,15899.1,15893.9,15894.3,15898.1,15898.7,0.6,1908.03002
2026-05-18T05:00:00+00:00,15898.7,15900.05,15896.7,15898.45,15898.4,15899,15899.8,15900.3,15896.4,15897,15898.2,15898.7,0.5,3021.840028
2026-05-18T05:15:00+00:00,15898.55,15900,15894.5,15895.8,15898.3,15898.8,15899.7,15900.3,15894.2,15894.8,15895.5,15896.1,0.6,1425.900018
2026-05-18T05:30:00+00:00,15895.7,15897.1,15890.55,15894.8,15895.4,15896,15896.7,15897.5,15890.2,15890.9,15894.5,15895.1,0.6,1581.380026
2026-05-18T05:45:00+00:00,15895,15896.4,15893.1,15894.85,15894.7,15895.3,15896.1,15896.7,15892.8,15893.4,15894.6,15895.1,0.5,1706.120026
2026-05-18T06:00:00+00:00,15894.9,15895.5,15888.65,15891.15,15894.6,15895.2,15895.3,15895.7,15888.4,15888.9,15890.9,15891.4,0.5,3441.670025
2026-05-18T06:15:00+00:00,15891.1,15891.1,15883.8,15888.4,15890.9,15891.3,15890.9,15891.3,15883.5,15884.1,15888.1,15888.7,0.6,2812.400032
2026-05-18T06:30:00+00:00,15888.35,15890.6,15884.25,15888.9,15888.1,15888.6,15890.3,15890.9,15884,15884.5,15888.6,15889.2,0.6,2537.270033
2026-05-18T06:45:00+00:00,15889.1,15890.65,15886.5,15889.5,15888.8,15889.4,15890.4,15890.9,15886.3,15886.7,15889.3,15889.7,0.4,2518.600038
2026-05-18T07:00:00+00:00,15889.45,15898.45,15888.7,15896.2,15889.2,15889.7,15898.1,15898.8,15888.4,15889,15896,15896.4,0.4,2606.96003
2026-05-18T07:15:00+00:00,15896.3,15897.6,15882.15,15883.9,15896.1,15896.5,15897.3,15897.9,15881.9,15882.4,15883.6,15884.2,0.6,3685.730049
2026-05-18T07:30:00+00:00,15884,15888.55,15880.8,15885.75,15883.7,15884.3,15888.3,15888.8,15880.6,15881,15885.5,15886,0.5,3993.920053
2026-05-18T07:45:00+00:00,15885.8,15892.25,15885.45,15892.1,15885.6,15886,15892.1,15892.4,15885.2,15885.7,15891.9,15892.3,0.4,3877.370065
2026-05-18T08:00:00+00:00,15892.2,15893.35,15888.9,15889.65,15891.9,15892.5,15893.2,15893.5,15888.7,15889.1,15889.5,15889.8,0.3,3402.630058
2026-05-18T08:15:00+00:00,15889.55,15890.75,15883.15,15883.3,15889.4,15889.7,15890.5,15891,15882.9,15883.4,15883.1,15883.5,0.4,2179.060034
2026-05-18T08:30:00+00:00,15883.25,15887.05,15879.15,15886.85,15883,15883.5,15886.9,15887.2,15878.8,15879.5,15886.5,15887.2,0.7,2140.010032
2026-05-18T08:45:00+00:00,15886.9,15887.45,15879.25,15882.75,15886.7,15887.1,15887.2,15887.7,15878.9,15879.6,15882.5,15883,0.5,2763.500037
2026-05-18T09:00:00+00:00,15882.65,15888.45,15882.65,15886.6,15882.4,15882.9,15888.3,15888.6,15882.4,15882.9,15886.3,15886.9,0.6,1776.830026
2026-05-18T09:15:00+00:00,15886.7,15887.35,15884.4,15886.35,15886.5,15886.9,15887.2,15887.5,15884.2,15884.6,15886.1,15886.6,0.5,1192.400026
2026-05-18T09:30:00+00:00,15886.45,15887.9,15883.05,15886.15,15886.2,15886.7,15887.6,15888.2,15882.9,15883.2,15885.9,15886.4,0.5,1452.040028
2026-05-18T09:45:00+00:00,15886.25,15893.45,15885.45,15893.4,15886.1,15886.4,15893.2,15893.7,15885.2,15885.7,15893.2,15893.6,0.4,1534.990017
2026-05-18T10:00:00+00:00,15893.45,15895.3,15890.55,15891.05,15893.2,15893.7,15895.1,15895.5,15890.3,15890.8,15890.8,15891.3,0.5,1278.590027
2026-05-18T10:15:00+00:00,15891.15,15892.7,15890.35,15890.45,15891,15891.3,15892.4,15893,15890.1,15890.6,15890.2,15890.7,0.5,954.8500115
2026-05-18T10:30:00+00:00,15890.65,15892.55,15889.9,15890.45,15890.4,15890.9,15892.3,15892.8,15889.7,15890.1,15890.2,15890.7,0.5,1546.010018
2026-05-18T10:45:00+00:00,15890.35,15893.35,15890.15,15893.1,15890.2,15890.5,15893.1,15893.6,15890,15890.3,15892.9,15893.3,0.4,1019.410022
2026-05-18T11:00:00+00:00,15893,15896,15891.8,15894.7,15892.7,15893.3,15895.8,15896.2,15891.6,15892,15894.5,15894.9,0.4,1608.99002
2026-05-18T11:15:00+00:00,15894.8,15895.45,15891.85,15894.05,15894.6,15895,15895.2,15895.7,15891.6,15892.1,15893.8,15894.3,0.5,865.0100152
2026-05-18T11:30:00+00:00,15894.15,15894.5,15868.4,15873.2,15893.8,15894.5,15894.3,15894.7,15868.1,15868.7,15872.8,15873.6,0.8,6617.900105
2026-05-18T11:45:00+00:00,15873.1,15885.9,15873.05,15883.75,15872.7,15873.5,15885.6,15886.2,15872.6,15873.5,15883.3,15884.2,0.9,3579.320057
2026-05-18T12:00:00+00:00,15883.65,15884.4,15875.3,15879.2,15883.3,15884,15884.1,15884.7,15875.1,15875.5,15878.9,15879.5,0.6,3307.120053
2026-05-18T12:15:00+00:00,15879.15,15884.2,15878.25,15882.25,15878.9,15879.4,15883.9,15884.5,15877.9,15878.6,15882,15882.5,0.5,3057.400051
2026-05-18T12:30:00+00:00,15882.25,15883.35,15868.35,15868.8,15882,15882.5,15883.2,15883.5,15868.1,15868.6,15868.7,15868.9,0.2,6695.930083
2026-05-18T12:45:00+00:00,15868.85,15874.55,15861.4,15869.1,15868.7,15869,15874.2,15874.9,15861.1,15861.7,15868.9,15869.3,0.4,6537.180096
2026-05-18T13:00:00+00:00,15869.15,15874.3,15868.1,15872.05,15869,15869.3,15874,15874.6,15867.8,15868.4,15871.8,15872.3,0.5,7340.300082
2026-05-18T13:15:00+00:00,15872.1,15878.2,15872.1,15874.25,15871.9,15872.3,15878,15878.4,15871.9,15872.3,15874,15874.5,0.5,3965.970037
2026-05-18T13:30:00+00:00,15874.05,15876.55,15869.65,15874.05,15873.9,15874.2,15876.3,15876.8,15869.6,15869.7,15873.8,15874.3,0.5,5978.830066
2026-05-18T13:45:00+00:00,15874.1,15875.8,15865,15874.75,15873.8,15874.4,15875.7,15875.9,15864.8,15865.2,15874.6,15874.9,0.3,6732.380093
2026-05-18T14:00:00+00:00,15874.7,15888.15,15873.4,15886.75,15874.6,15874.8,15888,15888.3,15873.3,15873.5,15886.4,15887.1,0.7,9565.360099
2026-05-18T14:15:00+00:00,15886.85,15889.2,15882.75,15885.55,15886.7,15887,15889,15889.4,15882.6,15882.9,15885.3,15885.8,0.5,4999.550059
2026-05-18T14:30:00+00:00,15885.55,15891.7,15885.2,15889.6,15885.3,15885.8,15891.4,15892,15885,15885.4,15889.5,15889.7,0.2,6028.680061
2026-05-18T14:45:00+00:00,15889.4,15890.55,15880.35,15884.15,15889.2,15889.6,15890.3,15890.8,15880.1,15880.6,15883.9,15884.4,0.5,4579.690081
2026-05-18T15:00:00+00:00,15883.95,15893.95,15882.95,15889.7,15883.7,15884.2,15893.7,15894.2,15882.8,15883.1,15889.4,15890,0.6,8712.680098
2026-05-18T15:15:00+00:00,15889.7,15891.85,15886.75,15887.1,15889.4,15890,15891.6,15892.1,15886.6,15886.9,15886.9,15887.3,0.4,4107.090058
2026-05-18T15:30:00+00:00,15887.05,15887.1,15880.45,15884.2,15886.8,15887.3,15886.9,15887.3,15880.2,15880.7,15884,15884.4,0.4,4519.360072
2026-05-18T15:45:00+00:00,15884.1,15886.8,15880.1,15883.3,15883.8,15884.4,15886.5,15887.1,15879.9,15880.3,15883.2,15883.4,0.2,3109.240054
2026-05-18T16:00:00+00:00,15883.35,15885.5,15879.05,15879.2,15883.3,15883.4,15885.4,15885.6,15878.8,15879.3,15879,15879.4,0.4,3290.52006
2026-05-18T16:15:00+00:00,15879.25,15893.1,15877.55,15892.75,15879,15879.5,15892.9,15893.3,15877.3,15877.8,15892.6,15892.9,0.3,4355.570073
2026-05-18T16:30:00+00:00,15892.9,15894.3,15888.55,15890.55,15892.7,15893.1,15894,15894.6,15888.3,15888.8,15890.4,15890.7,0.3,3113.270048
2026-05-18T16:45:00+00:00,15890.5,15894.55,15888.05,15893.55,15890.3,15890.7,15894.4,15894.7,15887.9,15888.2,15893.4,15893.7,0.3,2819.960039
2026-05-18T17:00:00+00:00,15893.75,15895.2,15890.45,15892.45,15893.5,15894,15894.9,15895.5,15890.2,15890.7,15892.2,15892.7,0.5,3925.380052
2026-05-18T17:15:00+00:00,15892.5,15893.15,15888.8,15893,15892.3,15892.7,15892.9,15893.4,15888.6,15889,15892.8,15893.2,0.4,2768.350019
2026-05-18T17:30:00+00:00,15893.1,15894.05,15889.2,15891.15,15892.9,15893.3,15893.7,15894.4,15889,15889.4,15891,15891.3,0.3,2758.400018
2026-05-18T17:45:00+00:00,15891.1,15891.95,15889.45,15891.65,15891,15891.2,15891.7,15892.2,15889.3,15889.6,15891.5,15891.8,0.3,2123.090026
2026-05-18T18:00:00+00:00,15891.5,15896.35,15891.45,15895.2,15891.2,15891.8,15896.2,15896.5,15891.2,15891.7,15895,15895.4,0.4,2269.980035
2026-05-18T18:15:00+00:00,15895.3,15903.65,15895.15,15900.5,15895.1,15895.5,15903.5,15903.8,15894.9,15895.4,15900.3,15900.7,0.4,2933.490037
2026-05-18T18:30:00+00:00,15900.35,15902.45,15898.05,15901.25,15900.1,15900.6,15902.3,15902.6,15897.8,15898.3,15901,15901.5,0.5,2964.510047
2026-05-18T18:45:00+00:00,15901.25,15907.85,15901.2,15907.7,15901,15901.5,15907.6,15908.1,15901,15901.4,15907.4,15908,0.6,3663.230028
2026-05-18T19:00:00+00:00,15907.6,15908.3,15881.05,15890.3,15907.3,15907.9,15908.1,15908.5,15880.8,15881.3,15890,15890.6,0.6,11179.88017
2026-05-18T19:15:00+00:00,15890.3,15894.2,15886.95,15890.65,15889.9,15890.7,15893.9,15894.5,15886.7,15887.2,15890.3,15891,0.7,3455.670056
2026-05-18T19:30:00+00:00,15890.6,15892.85,15885.6,15888,15890.4,15890.8,15892.7,15893,15885.4,15885.8,15887.8,15888.2,0.4,4091.170036
2026-05-18T19:45:00+00:00,15888.05,15889.1,15883.35,15888.7,15887.9,15888.2,15888.9,15889.3,15883.1,15883.6,15888.5,15888.9,0.4,2789.820047
2026-05-18T20:00:00+00:00,15888.55,15888.55,15883,15884.45,15888.4,15888.7,15888.4,15888.7,15882.8,15883.2,15884.2,15884.7,0.5,2575.360031
2026-05-18T20:15:00+00:00,15884.45,15884.45,15880.2,15880.9,15884.2,15884.7,15884.2,15884.7,15879.9,15880.5,15880.5,15881.3,0.8,1352.560018
2026-05-18T20:30:00+00:00,15880.85,15887,15874.4,15879.15,15880.5,15881.2,15886.7,15887.3,15874.1,15874.7,15878.9,15879.4,0.5,1392.460022
2026-05-18T20:45:00+00:00,15879.4,15886.05,15879.05,15881.45,15879.1,15879.7,15885.4,15886.7,15878.4,15879.7,15878.4,15884.5,6.1,1922.460029
2026-05-18T21:00:00+00:00,15881.8,15885.05,15879.7,15881.2,15878.4,15885.2,15878.4,15891.7,15874.2,15885.2,15874.2,15888.2,14,64.71000054
2026-05-18T21:15:00+00:00,15881.15,15884.35,15878.3,15883.7,15874.3,15888,15879.9,15888.8,15874.3,15882.3,15878.6,15888.8,10.2,111.2100011
2026-05-18T21:30:00+00:00,15883.1,15883.1,15877,15879.7,15879.2,15887,15879.2,15887,15874.6,15879.4,15876.7,15882.7,6,417.7200126
2026-05-18T21:45:00+00:00,15879.95,15880.9,15875.3,15877.1,15877.6,15882.3,15878.6,15883.2,15872.6,15878,15873.7,15880.5,6.8,387.6600089
2026-05-18T22:00:00+00:00,15876.05,15880.95,15875.1,15880.5,15873.9,15878.2,15880.5,15881.4,15873.9,15876.3,15880.1,15880.9,0.8,1072.490004
2026-05-18T22:15:00+00:00,15880.55,15881.85,15879.2,15881.7,15880.2,15880.9,15881.4,15882.3,15878.8,15879.6,15881.3,15882.1,0.8,208.0300039
2026-05-18T22:30:00+00:00,15881.75,15882,15879.5,15881.8,15881.4,15882.1,15881.6,15882.4,15879.1,15879.9,15881.4,15882.2,0.8,492.3500082
2026-05-18T22:45:00+00:00,15881.9,15883.55,15880.6,15883.25,15881.5,15882.3,15883.2,15883.9,15880.2,15881,15882.7,15883.8,1.1,305.090006
2026-05-18T23:00:00+00:00,15883.1,15884.45,15882.8,15883.2,15882.7,15883.5,15884,15884.9,15882.4,15883.2,15882.9,15883.5,0.6,634.290013
2026-05-18T23:15:00+00:00,15883.05,15883.4,15880.55,15881.3,15882.8,15883.3,15883.1,15883.7,15880.3,15880.8,15880.9,15881.7,0.8,536.6100068
2026-05-18T23:30:00+00:00,15881.35,15883.3,15880.75,15882.7,15881,15881.7,15883,15883.6,15880.5,15881,15882.3,15883.1,0.8,473.320009
2026-05-18T23:45:00+00:00,15882.7,15887.15,15882.7,15887.15,15882.3,15883.1,15886.8,15887.5,15882.3,15883.1,15886.8,15887.5,0.7,754.2500122
2026-05-19T00:00:00+00:00,15887.25,15891.15,15885.95,15890.6,15886.9,15887.6,15890.9,15891.4,15885.7,15886.2,15890.3,15890.9,0.6,2330.680029
2026-05-19T00:15:00+00:00,15890.7,15894.2,15890.7,15893.2,15890.4,15891,15893.9,15894.5,15890.4,15891,15893,15893.4,0.4,1541.820029
2026-05-19T00:30:00+00:00,15893.15,15898.9,15892.7,15897.2,15892.9,15893.4,15898.6,15899.2,15892.4,15893,15897,15897.4,0.4,1160.820026
2026-05-19T00:45:00+00:00,15897.05,15902.1,15894.55,15901.25,15896.8,15897.3,15901.9,15902.3,15894.3,15894.8,15901,15901.5,0.5,2660.420052
2026-05-19T01:00:00+00:00,15901.35,15903,15896.5,15898.15,15901.1,15901.6,15902.8,15903.2,15896.4,15896.6,15897.9,15898.4,0.5,1967.77004
2026-05-19T01:15:00+00:00,15898.1,15899.55,15895.9,15897.05,15897.8,15898.4,15899.3,15899.8,15895.7,15896.1,15896.8,15897.3,0.5,1323.410021
2026-05-19T01:30:00+00:00,15897.1,15897.35,15889.1,15889.4,15896.9,15897.3,15897.1,15897.6,15888.9,15889.3,15889.1,15889.7,0.6,1998.31003
2026-05-19T01:45:00+00:00,15889.3,15898.55,15889.3,15898.45,15889,15889.6,15898.3,15898.8,15889,15889.6,15898.2,15898.7,0.5,1741.260028
2026-05-19T02:00:00+00:00,15898.7,15900.65,15897.05,15899.4,15898.6,15898.8,15900.4,15900.9,15896.9,15897.2,15899.2,15899.6,0.4,2754.61004
2026-05-19T02:15:00+00:00,15899.4,15900.75,15895.4,15897.95,15899.2,15899.6,15900.5,15901,15895.1,15895.7,15897.7,15898.2,0.5,1371.880018
2026-05-19T02:30:00+00:00,15898.15,15898.95,15895.1,15896.6,15898,15898.3,15898.7,15899.2,15894.8,15895.4,15896.4,15896.8,0.4,824.9200144
2026-05-19T02:45:00+00:00,15896.65,15899.15,15895.5,15896.6,15896.4,15896.9,15898.9,15899.4,15895.3,15895.7,15896.3,15896.9,0.6,1029.000021
2026-05-19T03:00:00+00:00,15896.5,15899.15,15895.55,15896.4,15896.3,15896.7,15899,15899.3,15895.3,15895.8,15896,15896.8,0.8,1624.56002
2026-05-19T03:15:00+00:00,15896.45,15896.8,15893.75,15894.85,15896.2,15896.7,15896.6,15897,15893.5,15894,15894.7,15895,0.3,1284.560016
2026-05-19T03:30:00+00:00,15894.85,15896.1,15893.05,15895.3,15894.7,15895,15895.8,15896.4,15892.8,15893.3,15895.2,15895.4,0.2,1430.840022
2026-05-19T03:45:00+00:00,15895.5,15897.55,15895.4,15895.9,15895.3,15895.7,15897.4,15897.7,15895.2,15895.6,15895.7,15896.1,0.4,1217.980025
2026-05-19T04:00:00+00:00,15895.75,15895.9,15892.2,15893.15,15895.5,15896,15895.7,15896.1,15892,15892.4,15893,15893.3,0.3,682.1100112
2026-05-19T04:15:00+00:00,15893.2,15895.35,15892.7,15894.8,15893.1,15893.3,15895.2,15895.5,15892.4,15893,15894.6,15895,0.4,943.3600173
2026-05-19T04:30:00+00:00,15894.9,15898.6,15893.5,15897.95,15894.6,15895.2,15898.3,15898.9,15893.2,15893.8,15897.7,15898.2,0.5,953.5500146
2026-05-19T04:45:00+00:00,15897.9,15900.75,15896.35,15899.5,15897.6,15898.2,15900.5,15901,15896.1,15896.6,15899.3,15899.7,0.4,857.3900135
2026-05-19T05:00:00+00:00,15899.55,15900.75,15895.3,15897.65,15899.3,15899.8,15900.5,15901,15895,15895.6,15897.3,15898,0.7,1128.840018
2026-05-19T05:15:00+00:00,15897.7,15900.6,15897.15,15899.5,15897.4,15898,15900.4,15900.8,15896.9,15897.4,15899.3,15899.7,0.4,1233.860022
2026-05-19T05:30:00+00:00,15899.45,15902.2,15898.8,15899.95,15899.3,15899.6,15902,15902.4,15898.6,15899,15899.6,15900.3,0.7,1279.260021
2026-05-19T05:45:00+00:00,15900.1,15903.45,15899.3,15901,15899.9,15900.3,15903.2,15903.7,15899.1,15899.5,15900.7,15901.3,0.6,1698.120032
2026-05-19T06:00:00+00:00,15900.95,15904.95,15900.6,15903.3,15900.7,15901.2,15904.7,15905.2,15900.4,15900.8,15903.1,15903.5,0.4,3645.880046
2026-05-19T06:15:00+00:00,15903.25,15904.45,15901.2,15903.5,15903,15903.5,15904.2,15904.7,15901,15901.4,15903.3,15903.7,0.4,1941.40003
2026-05-19T06:30:00+00:00,15903.45,15905.7,15903.1,15905.45,15903.3,15903.6,15905.5,15905.9,15902.9,15903.3,15905.2,15905.7,0.5,1870.170041
2026-05-19T06:45:00+00:00,15905.5,15911.35,15901.4,15907.4,15905.3,15905.7,15911.1,15911.6,15901.3,15901.5,15907.1,15907.7,0.6,2432.480052
2026-05-19T07:00:00+00:00,15907.5,15914.3,15907.5,15913.1,15907.4,15907.6,15914.1,15914.5,15907.4,15907.6,15912.9,15913.3,0.4,2709.860047
2026-05-19T07:15:00+00:00,15913.15,15914.2,15910.1,15910.65,15913,15913.3,15914,15914.4,15909.9,15910.3,15910.4,15910.9,0.5,1237.800024
2026-05-19T07:30:00+00:00,15910.7,15910.8,15903.2,15908.05,15910.5,15910.9,15910.6,15911,15903,15903.4,15907.8,15908.3,0.5,1770.820032
2026-05-19T07:45:00+00:00,15908.15,15908.15,15900.45,15904.45,15907.9,15908.4,15907.9,15908.4,15900.2,15900.7,15904.3,15904.6,0.3,2550.650043
2026-05-19T08:00:00+00:00,15904.4,15909.55,15900.55,15906.1,15904.1,15904.7,15909.3,15909.8,15900.3,15900.8,15905.9,15906.3,0.4,2472.640038
2026-05-19T08:15:00+00:00,15905.95,15908.3,15905.55,15907.65,15905.7,15906.2,15908,15908.6,15905.3,15905.8,15907.4,15907.9,0.5,1818.120027
2026-05-19T08:30:00+00:00,15907.85,15908.75,15904.85,15907.3,15907.6,15908.1,15908.5,15909,15904.6,15905.1,15907.1,15907.5,0.4,1848.170033
2026-05-19T08:45:00+00:00,15907.65,15914.6,15907.1,15914.05,15907.5,15907.8,15914.4,15914.8,15906.9,15907.3,15913.9,15914.2,0.3,1434.720029
2026-05-19T09:00:00+00:00,15913.9,15917,15911.15,15915.75,15913.7,15914.1,15916.7,15917.3,15911,15911.3,15915.4,15916.1,0.7,1910.130029
2026-05-19T09:15:00+00:00,15915.85,15917.4,15910.55,15912.75,15915.7,15916,15917.2,15917.6,15910.3,15910.8,15912.6,15912.9,0.3,2132.14003
2026-05-19T09:30:00+00:00,15912.8,15915.45,15910.9,15912.2,15912.5,15913.1,15915.3,15915.6,15910.7,15911.1,15912,15912.4,0.4,1144.420021
2026-05-19T09:45:00+00:00,15912.3,15913.35,15906.95,15910.15,15912.1,15912.5,15913.2,15913.5,15906.7,15907.2,15909.9,15910.4,0.5,1570.040027
2026-05-19T10:00:00+00:00,15910.2,15910.75,15906.6,15907.25,15910,15910.4,15910.4,15911.1,15906.4,15906.8,15907,15907.5,0.5,1433.660021
2026-05-19T10:15:00+00:00,15907.2,15909.45,15905.65,15907.95,15906.9,15907.5,15909.2,15909.7,15905.4,15905.9,15907.8,15908.1,0.3,1198.500023
2026-05-19T10:30:00+00:00,15907.9,15917.95,15907.8,15916.85,15907.7,15908.1,15917.7,15918.2,15907.6,15908,15916.6,15917.1,0.5,2143.680036
2026-05-19T10:45:00+00:00,15916.8,15917.95,15909.05,15909.35,15916.4,15917.2,15917.7,15918.2,15908.8,15909.3,15909.2,15909.5,0.3,3197.67006
2026-05-19T11:00:00+00:00,15909.3,15914.2,15907.65,15912.1,15909.1,15909.5,15914,15914.4,15907.5,15907.8,15911.9,15912.3,0.4,3390.670035
2026-05-19T11:15:00+00:00,15912.2,15913.2,15910.1,15912,15912,15912.4,15913,15913.4,15909.9,15910.3,15911.8,15912.2,0.4,2195.430024
2026-05-19T11:30:00+00:00,15911.9,15912,15910,15911.05,15911.6,15912.2,15911.8,15912.2,15909.9,15910.1,15910.8,15911.3,0.5,2038.100022
2026-05-19T11:45:00+00:00,15911.15,15914.3,15910.15,15913.45,15910.9,15911.4,15914.1,15914.5,15909.9,15910.4,15913.3,15913.6,0.3,1831.780033
2026-05-19T12:00:00+00:00,15913.55,15914.25,15909.3,15910.35,15913.5,15913.6,15914,15914.5,15909.1,15909.5,15910,15910.7,0.7,2186.50004
2026-05-19T12:15:00+00:00,15910.6,15913.25,15909.65,15911.65,15910.3,15910.9,15913,15913.5,15909.4,15909.9,15911.5,15911.8,0.3,2098.210032
2026-05-19T12:30:00+00:00,15911.95,15912.95,15865.1,15895.35,15911.7,15912.2,15912.7,15913.2,15865,15865.2,15895,15895.7,0.7,7795.73013
2026-05-19T12:45:00+00:00,15895.65,15906.8,15892.8,15906.7,15895.3,15896,15906.5,15907.1,15892.4,15893.2,15906.5,15906.9,0.4,5311.710085
2026-05-19T13:00:00+00:00,15906.7,15916.3,15904.4,15914.3,15906.4,15907,15916.1,15916.5,15904.2,15904.6,15914.1,15914.5,0.4,5136.480074
2026-05-19T13:15:00+00:00,15913.65,15919.4,15913.4,15918.55,15913.5,15913.8,15919.1,15919.7,15913.2,15913.6,15918.3,15918.8,0.5,5993.470074
2026-05-19T13:30:00+00:00,15918.45,15918.45,15908.45,15908.45,15918.2,15918.7,15918.2,15918.7,15908.2,15908.7,15908.2,15908.7,0.5,6582.660102
2026-05-19T13:45:00+00:00,15908.35,15911.1,15892.4,15905,15908.1,15908.6,15910.8,15911.4,15892.1,15892.7,15904.8,15905.2,0.4,6615.06012
2026-05-19T14:00:00+00:00,15904.95,15915.65,15903.45,15915.5,15904.7,15905.2,15915.4,15915.9,15903.3,15903.6,15915.1,15915.9,0.8,6484.300107
2026-05-19T14:15:00+00:00,15915.6,15925.3,15912.65,15919.35,15915.3,15915.9,15925.1,15925.5,15912.4,15912.9,15919.1,15919.6,0.5,6261.83009
2026-05-19T14:30:00+00:00,15919.3,15920.55,15914.15,15917,15919.1,15919.5,15920.4,15920.7,15913.8,15914.5,15916.8,15917.2,0.4,4959.810073
2026-05-19T14:45:00+00:00,15917.15,15918.35,15899.35,15906.9,15917,15917.3,15918.1,15918.6,15899.1,15899.6,15906.7,15907.1,0.4,6934.370118
2026-05-19T15:00:00+00:00,15906.85,15911.75,15896.25,15910.55,15906.6,15907.1,15911.4,15912.1,15896,15896.5,15910.4,15910.7,0.3,6594.010107
2026-05-19T15:15:00+00:00,15910.5,15915.15,15906.2,15914.85,15910.3,15910.7,15914.9,15915.4,15906,15906.4,15914.5,15915.2,0.7,4032.560058
2026-05-19T15:30:00+00:00,15915.15,15917.35,15912.35,15914.3,15914.9,15915.4,15917.2,15917.5,15912.1,15912.6,15914,15914.6,0.6,3975.110048
2026-05-19T15:45:00+00:00,15914.4,15914.8,15909.45,15911.85,15914.1,15914.7,15914.5,15915.1,15909.2,15909.7,15911.6,15912.1,0.5,4181.500027
2026-05-19T16:00:00+00:00,15911.75,15917.65,15879.25,15886.85,15911.5,15912,15917.5,15917.8,15879,15879.5,15886.5,15887.2,0.7,10446.89011
2026-05-19T16:15:00+00:00,15887.25,15901.25,15887.05,15889.5,15886.8,15887.7,15901.1,15901.4,15886.6,15887.5,15889.1,15889.9,0.8,6194.190106
2026-05-19T16:30:00+00:00,15889.65,15890.65,15878,15881.65,15889.3,15890,15890.4,15890.9,15877.7,15878.3,15881.4,15881.9,0.5,7210.770122
2026-05-19T16:45:00+00:00,15881.75,15884.85,15878.3,15882.5,15881.4,15882.1,15884.6,15885.1,15878,15878.6,15882.3,15882.7,0.4,4656.220057
2026-05-19T17:00:00+00:00,15882.45,15885.05,15879.35,15882.05,15882.3,15882.6,15884.8,15885.3,15879.1,15879.6,15881.9,15882.2,0.3,4146.300053
2026-05-19T17:15:00+00:00,15881.95,15885.65,15881.1,15883.5,15881.7,15882.2,15885.4,15885.9,15880.9,15881.3,15883.2,15883.8,0.6,2274.58002
2026-05-19T17:30:00+00:00,15883.45,15888.75,15879.55,15879.7,15883.2,15883.7,15888.6,15888.9,15879.3,15879.8,15879.4,15880,0.6,2681.150036
2026-05-19T17:45:00+00:00,15879.65,15887.1,15878.35,15886.4,15879.3,15880,15886.9,15887.3,15878,15878.7,15886.2,15886.6,0.4,3488.580033
2026-05-19T18:00:00+00:00,15886.2,15890.2,15885.75,15889.75,15885.9,15886.5,15890,15890.4,15885.5,15886,15889.6,15889.9,0.3,3881.360047
2026-05-19T18:15:00+00:00,15889.85,15900.75,15889.7,15900.75,15889.7,15890,15900.6,15900.9,15889.5,15889.9,15900.6,15900.9,0.3,2831.46005
2026-05-19T18:30:00+00:00,15900.8,15903.75,15897.2,15897.95,15900.7,15900.9,15903.6,15903.9,15897,15897.4,15897.6,15898.3,0.7,4406.330041
2026-05-19T18:45:00+00:00,15898,15909.05,15897.95,15904.5,15897.8,15898.2,15908.8,15909.3,15897.7,15898.2,15904.3,15904.7,0.4,4373.360041
2026-05-19T19:00:00+00:00,15904.45,15908,15902.25,15902.6,15904.2,15904.7,15907.8,15908.2,15902.1,15902.4,15902.4,15902.8,0.4,2114.090032
2026-05-19T19:15:00+00:00,15902.75,15907.45,15901.8,15905.4,15902.6,15902.9,15907.3,15907.6,15901.6,15902,15905.2,15905.6,0.4,1250.090023
2026-05-19T19:30:00+00:00,15905.35,15906.1,15899.6,15900.6,15905.1,15905.6,15906,15906.2,15899.3,15899.9,15900.4,15900.8,0.4,1608.410024
2026-05-19T19:45:00+00:00,15900.9,15906,15900.35,15905.6,15900.5,15901.3,15905.8,15906.2,15900.1,15900.6,15905.4,15905.8,0.4,1982.550027
2026-05-19T20:00:00+00:00,15905.65,15909.45,15904.55,15908.45,15905.3,15906,15909.2,15909.7,15904.3,15904.8,15908.2,15908.7,0.5,1263.110024
2026-05-19T20:15:00+00:00,15908.4,15909.75,15906.75,15908.4,15908.1,15908.7,15909.5,15910,15906.6,15906.9,15908.3,15908.5,0.2,864.4300073
2026-05-19T20:30:00+00:00,15908.3,15908.95,15906.85,15908.7,15908.1,15908.5,15908.7,15909.2,15906.7,15907,15908.5,15908.9,0.4,583.3500115
2026-05-19T20:45:00+00:00,15908.8,15910.55,15905.65,15906.75,15908.6,15909,15910.2,15910.9,15904.5,15906.8,15904.5,15909,4.5,1818.170022
2026-05-19T21:00:00+00:00,15906.9,15907.6,15902.45,15903.9,15904,15909.8,15904,15911.2,15898.7,15906.2,15898.7,15909.1,10.4,80.10000217
2026-05-19T21:15:00+00:00,15903.75,15908.6,15901.9,15907.2,15898.3,15909.2,15906.3,15910.9,15898.3,15905.5,15905.2,15909.2,4,206.1000042
2026-05-19T21:30:00+00:00,15907.35,15908.05,15906.95,15907.6,15905.2,15909.5,15906.4,15909.7,15905.1,15908.8,15906.2,15909,2.8,110.7000034
2026-05-19T21:45:00+00:00,15906.2,15907.9,15904.95,15907.4,15904.8,15907.6,15906.5,15909.3,15903.9,15906,15905.9,15908.9,3,82.50000238
2026-05-19T22:00:00+00:00,15907.45,15908.15,15905.95,15906.8,15906,15908.9,15907.4,15908.9,15905.2,15906.7,15906.1,15907.5,1.4,459.1500051
2026-05-19T22:15:00+00:00,15906.95,15910.65,15906.6,15908.9,15906.1,15907.8,15910.2,15911.1,15906.1,15907.1,15908.5,15909.3,0.8,498.9900099
2026-05-19T22:30:00+00:00,15908.75,15909.25,15907.3,15908.55,15908.4,15909.1,15908.9,15909.6,15906.9,15907.7,15908.1,15909,0.9,509.310008
2026-05-19T22:45:00+00:00,15908.5,15910.45,15905.85,15907.2,15908.1,15908.9,15910.2,15910.7,15905.3,15906.4,15906.6,15907.8,1.2,439.5600059
2026-05-19T23:00:00+00:00,15907.1,15907.45,15903.2,15904.45,15906.6,15907.6,15907,15907.9,15902.9,15903.5,15904.2,15904.7,0.5,815.7600144
2026-05-19T23:15:00+00:00,15904.35,15905.15,15902.2,15903.45,15904.2,15904.5,15904.8,15905.5,15901.9,15902.5,15903.2,15903.7,0.5,660.310009
2026-05-19T23:30:00+00:00,15903.5,15903.65,15899.3,15900.45,15903.2,15903.8,15903.3,15904,15899.1,15899.5,15900.1,15900.8,0.7,1559.670023
2026-05-19T23:45:00+00:00,15900.55,15905.8,15900.5,15904.6,15900.3,15900.8,15905.6,15906,15900.2,15900.8,15904.3,15904.9,0.6,1459.490022
2026-05-20T00:00:00+00:00,15904.65,15910.4,15904.3,15908.85,15904.3,15905,15910.1,15910.7,15904,15904.6,15908.6,15909.1,0.5,4537.260054
2026-05-20T00:15:00+00:00,15908.8,15909.95,15902.1,15904.8,15908.5,15909.1,15909.7,15910.2,15901.8,15902.4,15904.5,15905.1,0.6,5367.360054
2026-05-20T00:30:00+00:00,15904.5,15906.2,15902.35,15904.8,15904.4,15904.6,15905.9,15906.5,15902.1,15902.6,15904.5,15905.1,0.6,2142.870042
2026-05-20T00:45:00+00:00,15904.85,15905.65,15895.5,15899.8,15904.6,15905.1,15905.5,15905.8,15895.4,15895.6,15899.5,15900.1,0.6,5484.380066
2026-05-20T01:00:00+00:00,15899.85,15904.75,15899.85,15904.65,15899.6,15900.1,15904.4,15905.1,15899.6,15900.1,15904.2,15905.1,0.9,4336.340042
2026-05-20T01:15:00+00:00,15904.55,15908.6,15903.25,15907.7,15904.3,15904.8,15908.4,15908.8,15903,15903.5,15907.5,15907.9,0.4,1662.250022
2026-05-20T01:30:00+00:00,15907.65,15909.3,15903.05,15903.3,15907.4,15907.9,15909,15909.6,15902.9,15903.2,15903.1,15903.5,0.4,2348.600037
2026-05-20T01:45:00+00:00,15903.45,15905.1,15897.6,15903.85,15903.1,15903.8,15904.7,15905.5,15897.3,15897.9,15903.6,15904.1,0.5,3052.610055
2026-05-20T02:00:00+00:00,15903.8,15904.55,15899.5,15900.55,15903.5,15904.1,15904.3,15904.8,15899.2,15899.8,15900.3,15900.8,0.5,1926.420027
2026-05-20T02:15:00+00:00,15900.5,15901.6,15884,15896.3,15900.1,15900.9,15901.3,15901.9,15883.8,15884.2,15896,15896.6,0.6,3320.930049
2026-05-20T02:30:00+00:00,15896.15,15900.1,15891.75,15892.85,15895.9,15896.4,15899.8,15900.4,15891.5,15892,15892.6,15893.1,0.5,3479.630053
2026-05-20T02:45:00+00:00,15892.95,15893.9,15889.75,15892.55,15892.7,15893.2,15893.6,15894.2,15889.5,15890,15892.2,15892.9,0.7,2462.800037
2026-05-20T03:00:00+00:00,15892.55,15895.2,15892.1,15893.55,15892.3,15892.8,15895,15895.4,15891.8,15892.4,15893.3,15893.8,0.5,1985.400031
2026-05-20T03:15:00+00:00,15893.35,15894.35,15887.15,15889.35,15893.1,15893.6,15894.2,15894.5,15886.9,15887.4,15889.2,15889.5,0.3,1368.040027
2026-05-20T03:30:00+00:00,15889.4,15890,15885.7,15886,15889.2,15889.6,15889.8,15890.2,15885.5,15885.9,15885.7,15886.3,0.6,3877.690065
2026-05-20T03:45:00+00:00,15885.95,15890.8,15885.9,15887.45,15885.7,15886.2,15890.6,15891,15885.7,15886.1,15887.1,15887.8,0.7,1808.490026
2026-05-20T04:00:00+00:00,15887.4,15887.45,15882.1,15885.55,15887.1,15887.7,15887.2,15887.7,15881.7,15882.5,15885.3,15885.8,0.5,1552.180021
2026-05-20T04:15:00+00:00,15885.55,15890.95,15885.5,15889.65,15885.3,15885.8,15890.7,15891.2,15885.2,15885.8,15889.5,15889.8,0.3,1309.650014
2026-05-20T04:30:00+00:00,15889.7,15900.3,15889.7,15899.35,15889.5,15889.9,15900,15900.6,15889.5,15889.9,15899.1,15899.6,0.5,2125.920031
2026-05-20T04:45:00+00:00,15899.55,15899.85,15896.4,15898.15,15899.3,15899.8,15899.6,15900.1,15896.2,15896.6,15897.9,15898.4,0.5,2651.300028
2026-05-20T05:00:00+00:00,15898.25,15898.75,15894.2,15895.95,15898.1,15898.4,15898.5,15899,15893.9,15894.5,15895.7,15896.2,0.5,2260.31003
2026-05-20T05:15:00+00:00,15895.9,15896.7,15892.65,15895.45,15895.6,15896.2,15896.4,15897,15892.4,15892.9,15895.2,15895.7,0.5,2125.090022
2026-05-20T05:30:00+00:00,15895.5,15895.55,15891.75,15893.9,15895.1,15895.9,15895.2,15895.9,15891.5,15892,15893.6,15894.2,0.6,1653.670022
2026-05-20T05:45:00+00:00,15894.1,15899.45,15894.1,15897.35,15893.8,15894.4,15899.1,15899.8,15893.8,15894.4,15897.1,15897.6,0.5,1254.880022
2026-05-20T06:00:00+00:00,15897.4,15900.25,15894.1,15895.6,15897.2,15897.6,15900,15900.5,15893.8,15894.4,15895.3,15895.9,0.6,3184.130039
2026-05-20T06:15:00+00:00,15895.5,15895.5,15887.3,15889.1,15895.2,15895.8,15895.2,15895.8,15887.1,15887.5,15888.9,15889.3,0.4,4113.470063
2026-05-20T06:30:00+00:00,15888.75,15897.55,15888.4,15895.75,15888.6,15888.9,15897.3,15897.8,15888.1,15888.7,15895.5,15896,0.5,2989.250049
2026-05-20T06:45:00+00:00,15895.45,15900.3,15895.15,15898,15895.3,15895.6,15900.1,15900.5,15894.9,15895.4,15897.7,15898.3,0.6,2306.740033
2026-05-20T07:00:00+00:00,15898.1,15899.35,15892.95,15896.05,15897.9,15898.3,15899.1,15899.6,15892.7,15893.2,15895.8,15896.3,0.5,3062.76004
2026-05-20T07:15:00+00:00,15896.1,15899.6,15896,15896.65,15895.9,15896.3,15899.4,15899.8,15895.8,15896.2,15896.3,15897,0.7,2734.75003
2026-05-20T07:30:00+00:00,15896.7,15903.55,15895.7,15903.55,15896.4,15897,15903.3,15903.8,15895.4,15896,15903.3,15903.8,0.5,2735.830036
2026-05-20T07:45:00+00:00,15903.4,15906.3,15902.1,15906.15,15903.2,15903.6,15906.1,15906.5,15901.9,15902.3,15906,15906.3,0.3,2779.440038
2026-05-20T08:00:00+00:00,15906.55,15909.6,15903.2,15907.95,15906.4,15906.7,15909.3,15909.9,15902.9,15903.5,15907.7,15908.2,0.5,3374.650056
2026-05-20T08:15:00+00:00,15908,15910.2,15905.75,15906.75,15907.8,15908.2,15910.1,15910.3,15905.4,15906.1,15906.5,15907,0.5,2044.640032
2026-05-20T08:30:00+00:00,15906.7,15907.2,15902,15903.1,15906.5,15906.9,15907,15907.4,15901.8,15902.2,15902.8,15903.4,0.6,2009.840032
2026-05-20T08:45:00+00:00,15903,15907,15901.95,15904.4,15902.8,15903.2,15906.8,15907.2,15901.7,15902.2,15904.2,15904.6,0.4,2130.890034
2026-05-20T09:00:00+00:00,15904.45,15904.6,15899.4,15901.85,15904.3,15904.6,15904.4,15904.8,15899.2,15899.6,15901.7,15902,0.3,1782.560031
2026-05-20T09:15:00+00:00,15901.7,15907.4,15900.75,15906.35,15901.5,15901.9,15907.2,15907.6,15900.5,15901,15906.2,15906.5,0.3,1479.01002
2026-05-20T09:30:00+00:00,15906.5,15907.05,15904.4,15905.95,15906.3,15906.7,15906.8,15907.3,15904.2,15904.6,15905.7,15906.2,0.5,748.3200148
2026-05-20T09:45:00+00:00,15905.8,15907.9,15904.35,15907.05,15905.6,15906,15907.7,15908.1,15904.2,15904.5,15906.9,15907.2,0.3,1333.370026
2026-05-20T10:00:00+00:00,15907.1,15907.25,15904.1,15904.7,15907,15907.2,15907.1,15907.4,15903.9,15904.3,15904.4,15905,0.6,1144.240023
2026-05-20T10:15:00+00:00,15904.7,15906.7,15903.5,15904.6,15904.4,15905,15906.5,15906.9,15903.4,15903.6,15904.5,15904.7,0.2,1312.410025
2026-05-20T10:30:00+00:00,15904.55,15904.95,15897.2,15900,15904.4,15904.7,15904.9,15905,15897.1,15897.3,15899.7,15900.3,0.6,1948.750028
2026-05-20T10:45:00+00:00,15899.9,15900.55,15896,15899.8,15899.7,15900.1,15900.3,15900.8,15895.8,15896.2,15899.6,15900,0.4,1627.300024
2026-05-20T11:00:00+00:00,15899.9,15905.3,15899.9,15903.55,15899.7,15900.1,15905.1,15905.5,15899.7,15900.1,15903.4,15903.7,0.3,1347.600025
2026-05-20T11:15:00+00:00,15903.55,15905.4,15899.55,15901.4,15903.4,15903.7,15905.2,15905.6,15899.4,15899.7,15901.1,15901.7,0.6,1301.170026
2026-05-20T11:30:00+00:00,15901.2,15902.4,15897.15,15900.4,15901,15901.4,15902.2,15902.6,15896.9,15897.4,15900.2,15900.6,0.4,3213.670053
2026-05-20T11:45:00+00:00,15900.5,15904.45,15897.85,15903.65,15900.3,15900.7,15904.3,15904.6,15897.7,15898,15903.5,15903.8,0.3,1989.040033
2026-05-20T12:00:00+00:00,15903.6,15904.4,15900.35,15901.75,15903.4,15903.8,15904.1,15904.7,15900,15900.7,15901.5,15902,0.5,1999.580034
2026-05-20T12:15:00+00:00,15901.9,15904.25,15899.8,15902,15901.7,15902.1,15904,15904.5,15899.5,15900.1,15901.8,15902.2,0.4,1854.650032
2026-05-20T12:30:00+00:00,15902.05,15902.35,15898.65,15900.9,15901.7,15902.4,15902.2,15902.5,15898.5,15898.8,15900.7,15901.1,0.4,2153.630032
2026-05-20T12:45:00+00:00,15900.95,15902.7,15900.15,15901.8,15900.7,15901.2,15902.5,15902.9,15899.9,15900.4,15901.6,15902,0.4,1336.030022
2026-05-20T13:00:00+00:00,15901.85,15904.3,15900.8,15903.2,15901.6,15902.1,15904.1,15904.5,15900.6,15901,15903,15903.4,0.4,2309.700029
2026-05-20T13:15:00+00:00,15902.95,15907.75,15902.85,15907.2,15902.8,15903.1,15907.4,15908.1,15902.6,15903.1,15906.9,15907.5,0.6,2099.430029
2026-05-20T13:30:00+00:00,15907.2,15908.25,15902.8,15905.8,15907,15907.4,15908,15908.5,15902.6,15903,15905.5,15906.1,0.6,4011.560042
2026-05-20T13:45:00+00:00,15905.8,15911.4,15903.35,15910.5,15905.4,15906.2,15911.1,15911.7,15903.2,15903.5,15910.3,15910.7,0.4,4874.960053
2026-05-20T14:00:00+00:00,15910.45,15916.85,15908,15911.85,15910.2,15910.7,15916.6,15917.1,15907.8,15908.2,15911.7,15912,0.3,7152.530057
2026-05-20T14:15:00+00:00,15911.8,15911.95,15887,15894.1,15911.7,15911.9,15911.8,15912.1,15886.7,15887.3,15893.9,15894.3,0.4,16658.16023
2026-05-20T14:30:00+00:00,15894.2,15895.35,15886.05,15891.65,15893.9,15894.5,15895.1,15895.6,15885.8,15886.3,15891.4,15891.9,0.5,10213.04014
2026-05-20T14:45:00+00:00,15891.45,15892.35,15878.95,15887.2,15891.3,15891.6,15892.1,15892.6,15878.7,15879.2,15887,15887.4,0.4,9430.84013
2026-05-20T15:00:00+00:00,15887,15892.4,15877.15,15889.75,15886.7,15887.3,15892.1,15892.7,15876.8,15877.5,15889.6,15889.9,0.3,8189.270123
2026-05-20T15:15:00+00:00,15889.95,15890.25,15858.9,15880.7,15889.8,15890.1,15890,15890.5,15858.6,15859.2,15880.5,15880.9,0.4,12934.62023
2026-05-20T15:30:00+00:00,15880.65,15881.4,15865.4,15875.95,15880.3,15881,15881.2,15881.6,15865.2,15865.6,15875.7,15876.2,0.5,7830.030116
2026-05-20T15:45:00+00:00,15875.6,15885.2,15873.25,15884.55,15875.4,15875.8,15885,15885.4,15873,15873.5,15884.2,15884.9,0.7,5768.370084
2026-05-20T16:00:00+00:00,15884.65,15885.45,15875.35,15877.75,15884.3,15885,15885.1,15885.8,15875.1,15875.6,15877.6,15877.9,0.3,4606.360064
2026-05-20T16:15:00+00:00,15877.7,15890.7,15877.05,15888.15,15877.4,15878,15890.5,15890.9,15876.8,15877.3,15888,15888.3,0.3,5408.500097
2026-05-20T16:30:00+00:00,15888.05,15891.6,15882.55,15882.55,15887.9,15888.2,15891.4,15891.8,15882.3,15882.8,15882.3,15882.8,0.5,3791.850054
2026-05-20T16:45:00+00:00,15882.4,15885.9,15878.75,15883.7,15882.3,15882.5,15885.7,15886.1,15878.6,15878.9,15883.5,15883.9,0.4,4943.070081
2026-05-20T17:00:00+00:00,15883.6,15890.9,15881.7,15884.55,15883.5,15883.7,15890.6,15891.2,15881.6,15881.8,15884.3,15884.8,0.5,4511.300071
2026-05-20T17:15:00+00:00,15884.75,15888.95,15882.95,15885.55,15884.6,15884.9,15888.7,15889.2,15882.7,15883.2,15885.3,15885.8,0.5,3187.810047
2026-05-20T17:30:00+00:00,15885.35,15892.6,15884.15,15892,15885.1,15885.6,15892.5,15892.7,15883.9,15884.4,15891.8,15892.2,0.4,3748.180064
2026-05-20T17:45:00+00:00,15891.95,15893.65,15889.05,15892.35,15891.8,15892.1,15893.5,15893.8,15888.8,15889.3,15891.9,15892.8,0.9,2582.400046
2026-05-20T18:00:00+00:00,15892.2,15896.35,15889,15890.05,15891.9,15892.5,15896.1,15896.6,15888.7,15889.3,15889.7,15890.4,0.7,2497.510046
2026-05-20T18:15:00+00:00,15890.15,15890.25,15882.75,15885.15,15889.9,15890.4,15890,15890.5,15882.6,15882.9,15884.8,15885.5,0.7,3367.430041
2026-05-20T18:30:00+00:00,15885.15,15886.85,15880.75,15886.75,15884.9,15885.4,15886.7,15887,15880.6,15880.9,15886.5,15887,0.5,2846.340037
2026-05-20T18:45:00+00:00,15886.55,15887,15879.7,15884.3,15886.3,15886.8,15886.8,15887.2,15879.4,15880,15884.2,15884.4,0.2,3333.830043
2026-05-20T19:00:00+00:00,15884.45,15885.5,15880.6,15882.7,15884.4,15884.5,15885.2,15885.8,15880.4,15880.8,15882.5,15882.9,0.4,1885.910034
2026-05-20T19:15:00+00:00,15882.65,15884.45,15881.65,15882.05,15882.4,15882.9,15884.2,15884.7,15881.5,15881.8,15881.8,15882.3,0.5,1471.96003
2026-05-20T19:30:00+00:00,15882.1,15883.8,15877.95,15883.45,15881.8,15882.4,15883.6,15884,15877.8,15878.1,15883.2,15883.7,0.5,1667.160035
2026-05-20T19:45:00+00:00,15883.5,15889.75,15882.3,15885.85,15883.3,15883.7,15889.5,15890,15882.1,15882.5,15885.5,15886.2,0.7,2576.36004
2026-05-20T20:00:00+00:00,15885.8,15889.05,15884.85,15886.8,15885.5,15886.1,15888.8,15889.3,15884.6,15885.1,15886.6,15887,0.4,1685.570039
2026-05-20T20:15:00+00:00,15887.25,15889.05,15886.9,15888.25,15887.1,15887.4,15888.8,15889.3,15886.6,15887.2,15888,15888.5,0.5,1294.620023
2026-05-20T20:30:00+00:00,15888.1,15891.25,15888.1,15890.8,15887.8,15888.4,15890.9,15891.6,15887.8,15888.4,15890.5,15891.1,0.6,850.9300164
2026-05-20T20:45:00+00:00,15890.7,15893.75,15890.4,15891.3,15890.3,15891.1,15893.2,15894.3,15889.9,15890.9,15889.9,15892.7,2.8,1525.670019
2026-05-20T21:00:00+00:00,15891.3,15892.5,15885.15,15887.35,15889.7,15892.9,15889.7,15895.3,15881.3,15889,15882.6,15892.1,9.5,376.6900048
2026-05-20T21:15:00+00:00,15887.2,15888.95,15885.35,15886.9,15882.6,15891.8,15885.3,15892.6,15881.9,15888.8,15884.5,15889.3,4.8,159.6800036
2026-05-20T21:30:00+00:00,15887.5,15889.2,15885,15885.85,15885.7,15889.3,15885.7,15892.7,15882.1,15887.9,15883.6,15888.1,4.5,136.9800024
2026-05-20T21:45:00+00:00,15885.75,15886.5,15883.9,15885.85,15883.5,15888,15884.7,15888.3,15882.4,15885.4,15884,15887.7,3.7,256.8800053
2026-05-20T22:00:00+00:00,15886,15888.65,15883.85,15883.95,15884.6,15887.4,15887.9,15889.4,15883.4,15884.3,15883.6,15884.3,0.7,791.1400072
2026-05-20T22:15:00+00:00,15884,15886.85,15884,15886.8,15883.7,15884.3,15886.4,15887.3,15883.7,15884.3,15886.4,15887.2,0.8,283.4700077
2026-05-20T22:30:00+00:00,15886.75,15886.85,15883.75,15884.1,15886.4,15887.1,15886.4,15887.3,15883.4,15884.1,15883.6,15884.6,1,223.9600036
2026-05-20T22:45:00+00:00,15884.2,15885.5,15884.1,15885.4,15883.8,15884.6,15885.1,15885.9,15883.7,15884.5,15885.1,15885.7,0.6,299.7200025
2026-05-20T23:00:00+00:00,15885.65,15885.8,15882.6,15885.15,15885.3,15886,15885.4,15886.2,15882.3,15882.9,15884.8,15885.5,0.7,536.4400076
2026-05-20T23:15:00+00:00,15885.2,15890.05,15884.9,15889.15,15884.8,15885.6,15889.7,15890.4,15884.7,15885.1,15888.8,15889.5,0.7,548.29001
2026-05-20T23:30:00+00:00,15889.3,15892.45,15889.3,15891.95,15889.1,15889.5,15892.2,15892.7,15889.1,15889.5,15891.7,15892.2,0.5,828.7200141
2026-05-20T23:45:00+00:00,15891.9,15891.9,15885.95,15889,15891.6,15892.2,15891.6,15892.2,15885.6,15886.3,15888.6,15889.4,0.8,920.280012
2026-05-21T00:00:00+00:00,15889.05,15892.6,15888.65,15890.95,15888.7,15889.4,15892.2,15893,15888.4,15888.9,15890.6,15891.3,0.7,2976.740038
2026-05-21T00:15:00+00:00,15891,15892.75,15888.1,15888.6,15890.7,15891.3,15892.5,15893,15887.8,15888.4,15888.3,15888.9,0.6,2029.610038
2026-05-21T00:30:00+00:00,15888.7,15891.1,15886.35,15887.55,15888.4,15889,15890.8,15891.4,15886.1,15886.6,15887.3,15887.8,0.5,1933.710031
2026-05-21T00:45:00+00:00,15887.65,15888.85,15885,15886.7,15887.4,15887.9,15888.6,15889.1,15884.8,15885.2,15886.4,15887,0.6,2666.210034
2026-05-21T01:00:00+00:00,15886.5,15887.85,15883.45,15884.2,15886.3,15886.7,15887.6,15888.1,15883.2,15883.7,15883.9,15884.5,0.6,1690.410028
2026-05-21T01:15:00+00:00,15884.05,15885.7,15883.7,15884.7,15883.7,15884.4,15885.4,15886,15883.4,15884,15884.4,15885,0.6,1019.140019
2026-05-21T01:30:00+00:00,15884.75,15886.8,15881.1,15886.7,15884.5,15885,15886.5,15887.1,15880.8,15881.4,15886.4,15887,0.6,3422.040048
2026-05-21T01:45:00+00:00,15886.45,15890.1,15886.1,15888.55,15886.2,15886.7,15889.9,15890.3,15886,15886.2,15888.4,15888.7,0.3,2482.850036
2026-05-21T02:00:00+00:00,15888.55,15889.25,15885.05,15889.1,15888.4,15888.7,15889,15889.5,15884.9,15885.2,15888.8,15889.4,0.6,1665.170026
2026-05-21T02:15:00+00:00,15889,15892.2,15888.2,15891.45,15888.8,15889.2,15892,15892.4,15887.9,15888.5,15891.2,15891.7,0.5,916.4500188
2026-05-21T02:30:00+00:00,15891.55,15893.15,15889.75,15891.95,15891.2,15891.9,15892.9,15893.4,15889.5,15890,15891.7,15892.2,0.5,1086.270021
2026-05-21T02:45:00+00:00,15892.05,15898,15892.05,15897.5,15891.7,15892.4,15897.7,15898.3,15891.7,15892.4,15897.2,15897.8,0.6,1829.070026
2026-05-21T03:00:00+00:00,15897.55,15898.6,15895.55,15896.8,15897.3,15897.8,15898.4,15898.8,15895.3,15895.8,15896.6,15897,0.4,952.550018
2026-05-21T03:15:00+00:00,15896.85,15897.6,15892.25,15893.35,15896.7,15897,15897.3,15897.9,15891.9,15892.6,15893.2,15893.5,0.3,670.7700129
2026-05-21T03:30:00+00:00,15893.5,15894.95,15893.1,15893.6,15893.4,15893.6,15894.7,15895.2,15892.9,15893.3,15893.3,15893.9,0.6,811.9200134
2026-05-21T03:45:00+00:00,15893.55,15898.45,15892.35,15896.75,15893.4,15893.7,15898.2,15898.7,15892.2,15892.5,15896.5,15897,0.5,951.420018
2026-05-21T04:00:00+00:00,15896.8,15898.1,15894.85,15896.15,15896.6,15897,15897.9,15898.3,15894.6,15895.1,15895.8,15896.5,0.7,896.3500178
2026-05-21T04:15:00+00:00,15896.25,15897.75,15895.5,15895.5,15896.1,15896.4,15897.4,15898.1,15895.3,15895.7,15895.3,15895.7,0.4,1148.050015
2026-05-21T04:30:00+00:00,15895.55,15898.5,15895.55,15897.55,15895.4,15895.7,15898.3,15898.7,15895.4,15895.7,15897.3,15897.8,0.5,509.5500107
2026-05-21T04:45:00+00:00,15897.6,15900.35,15897.3,15899.85,15897.4,15897.8,15900.2,15900.5,15897.1,15897.5,15899.6,15900.1,0.5,1160.190017
2026-05-21T05:00:00+00:00,15899.95,15900.5,15897.75,15900.3,15899.7,15900.2,15900.2,15900.8,15897.5,15898,15900,15900.6,0.6,983.83002
2026-05-21T05:15:00+00:00,15900.4,15905.2,15900.35,15903.2,15900.2,15900.6,15905,15905.4,15900.1,15900.6,15903,15903.4,0.4,1083.610025
2026-05-21T05:30:00+00:00,15902.9,15903.85,15899.05,15900.8,15902.8,15903,15903.6,15904.1,15898.8,15899.3,15900.5,15901.1,0.6,2074.870031
2026-05-21T05:45:00+00:00,15900.7,15903.7,15899.3,15901.05,15900.5,15900.9,15903.5,15903.9,15899.1,15899.5,15900.7,15901.4,0.7,1929.040035
2026-05-21T06:00:00+00:00,15901.25,15903.05,15899.2,15901.25,15901,15901.5,15902.8,15903.3,15898.8,15899.6,15901,15901.5,0.5,1894.120029
2026-05-21T06:15:00+00:00,15901.45,15905.9,15899.45,15903.9,15901.2,15901.7,15905.7,15906.1,15899.2,15899.7,15903.6,15904.2,0.6,1980.170037
2026-05-21T06:30:00+00:00,15904,15907.25,15902.65,15905.95,15903.8,15904.2,15907.1,15907.4,15902.5,15902.8,15905.8,15906.1,0.3,1532.010025
2026-05-21T06:45:00+00:00,15906,15907.45,15905.3,15906.35,15905.8,15906.2,15907.3,15907.6,15905.1,15905.5,15906.1,15906.6,0.5,1730.910024
2026-05-21T07:00:00+00:00,15906.5,15908.75,15904.8,15905.4,15906.2,15906.8,15908.5,15909,15904.6,15905,15905.1,15905.7,0.6,2983.250045
2026-05-21T07:15:00+00:00,15905.5,15907.55,15903.9,15905.8,15905.2,15905.8,15907.3,15907.8,15903.6,15904.2,15905.5,15906.1,0.6,5846.700075
2026-05-21T07:30:00+00:00,15905.95,15907.05,15900,15902.5,15905.6,15906.3,15906.8,15907.3,15899.8,15900.2,15902.3,15902.7,0.4,3672.320053
2026-05-21T07:45:00+00:00,15902.6,15905.3,15900.75,15902.7,15902.4,15902.8,15905.2,15905.4,15900.6,15900.9,15902.4,15903,0.6,2579.010035
2026-05-21T08:00:00+00:00,15902.85,15903.3,15892.4,15892.75,15902.5,15903.2,15903.1,15903.5,15892.3,15892.5,15892.6,15892.9,0.3,4311.92007
2026-05-21T08:15:00+00:00,15892.7,15900.5,15890.4,15895.25,15892.6,15892.8,15900.2,15900.8,15890.2,15890.6,15895,15895.5,0.5,3812.270056
2026-05-21T08:30:00+00:00,15895.45,15901.35,15895.1,15900.85,15895.3,15895.6,15901.1,15901.6,15894.8,15895.4,15900.6,15901.1,0.5,2262.220034
2026-05-21T08:45:00+00:00,15900.75,15901.3,15892.4,15898.15,15900.5,15901,15901.1,15901.5,15892.1,15892.7,15897.9,15898.4,0.5,2531.880047
2026-05-21T09:00:00+00:00,15898.35,15899.25,15895.85,15896.85,15898.1,15898.6,15899,15899.5,15895.7,15896,15896.7,15897,0.3,1924.200033
2026-05-21T09:15:00+00:00,15896.95,15897.35,15892.05,15893,15896.8,15897.1,15897.2,15897.5,15891.9,15892.2,15892.8,15893.2,0.4,1439.690022
2026-05-21T09:30:00+00:00,15893.1,15895.95,15891.2,15894.95,15892.9,15893.3,15895.8,15896.1,15891,15891.4,15894.7,15895.2,0.5,1353.860025
2026-05-21T09:45:00+00:00,15894.85,15897.85,15893.1,15897.65,15894.6,15895.1,15897.7,15898,15892.9,15893.3,15897.4,15897.9,0.5,1299.110021
2026-05-21T10:00:00+00:00,15897.5,15899.9,15897.1,15897.6,15897.3,15897.7,15899.7,15900.1,15897,15897.2,15897.5,15897.7,0.2,1268.930024
2026-05-21T10:15:00+00:00,15897.3,15907,15896.15,15905.25,15897.1,15897.5,15906.8,15907.2,15896,15896.3,15905.1,15905.4,0.3,4892.380078
2026-05-21T10:30:00+00:00,15905.2,15912.45,15905.2,15910.1,15905,15905.4,15912.2,15912.7,15905,15905.4,15909.8,15910.4,0.6,5611.580077
2026-05-21T10:45:00+00:00,15910.05,15913.8,15909.5,15912.75,15909.9,15910.2,15913.6,15914,15909.3,15909.7,15912.5,15913,0.5,4429.740057
2026-05-21T11:00:00+00:00,15912.85,15913.05,15906.8,15907.6,15912.6,15913.1,15912.7,15913.4,15906.6,15907,15907.3,15907.9,0.6,3902.060055
2026-05-21T11:15:00+00:00,15907.65,15908.85,15904.4,15906.25,15907.3,15908,15908.6,15909.1,15904.2,15904.6,15906.1,15906.4,0.3,3288.06005
2026-05-21T11:30:00+00:00,15906.3,15912.35,15905.5,15911.15,15906.2,15906.4,15912.1,15912.6,15905.3,15905.7,15910.9,15911.4,0.5,2127.180031
2026-05-21T11:45:00+00:00,15911.25,15916.85,15910.95,15915.7,15911.1,15911.4,15916.7,15917,15910.7,15911.2,15915.4,15916,0.6,2199.67003
2026-05-21T12:00:00+00:00,15915.75,15916.45,15912.15,15914.45,15915.5,15916,15916.3,15916.6,15912,15912.3,15914.3,15914.6,0.3,2209.390041
2026-05-21T12:15:00+00:00,15914.4,15918.55,15914.35,15918.1,15914.2,15914.6,15918.3,15918.8,15914.1,15914.6,15917.4,15918.8,1.4,2125.820032
2026-05-21T12:30:00+00:00,15918.25,15918.9,15910.55,15912.85,15917.7,15918.8,15918.5,15919.3,15910.3,15910.8,15912.6,15913.1,0.5,5623.870076
2026-05-21T12:45:00+00:00,15912.8,15916.25,15909.15,15916.25,15912.5,15913.1,15916,15916.5,15908.9,15909.4,15916,15916.5,0.5,3733.330058
2026-05-21T13:00:00+00:00,15916.35,15919.95,15913.75,15918.85,15916.1,15916.6,15919.7,15920.2,15913.5,15914,15918.7,15919,0.3,4626.580075
2026-05-21T13:15:00+00:00,15918.8,15927.7,15918.5,15920.9,15918.7,15918.9,15927.5,15927.9,15918.3,15918.7,15920.7,15921.1,0.4,3756.680058
2026-05-21T13:30:00+00:00,15920.75,15935.2,15920.1,15933.45,15920.6,15920.9,15935,15935.4,15919.9,15920.3,15932.9,15934,1.1,4466.270071
2026-05-21T13:45:00+00:00,15933.3,15933.75,15912.1,15920.2,15932.4,15934.2,15933.3,15934.2,15911.9,15912.3,15919.9,15920.5,0.6,10074.30014
2026-05-21T14:00:00+00:00,15920.15,15926.4,15918.15,15922,15919.9,15920.4,15926.2,15926.6,15917.9,15918.4,15921.9,15922.1,0.2,5175.580066
2026-05-21T14:15:00+00:00,15922.05,15928,15920.85,15920.95,15921.9,15922.2,15927.9,15928.1,15920.5,15921.2,15920.7,15921.2,0.5,5373.400072
2026-05-21T14:30:00+00:00,15921,15921.3,15916.65,15918.75,15920.8,15921.2,15921.1,15921.5,15916.4,15916.9,15918.5,15919,0.5,3927.690068
2026-05-21T14:45:00+00:00,15918.6,15919.55,15912.2,15916.65,15918.3,15918.9,15919.4,15919.7,15912.1,15912.3,15916.4,15916.9,0.5,4696.570065
2026-05-21T15:00:00+00:00,15916.45,15925.75,15915.25,15917.85,15916.2,15916.7,15925.5,15926,15914.9,15915.6,15917.6,15918.1,0.5,6179.350097
2026-05-21T15:15:00+00:00,15917.75,15920.65,15914.75,15919,15917.5,15918,15920.4,15920.9,15914.5,15915,15918.8,15919.2,0.4,3379.740059
2026-05-21T15:30:00+00:00,15919.05,15920.7,15916.3,15920.25,15918.8,15919.3,15920.4,15921,15916.1,15916.5,15920,15920.5,0.5,3036.26004
2026-05-21T15:45:00+00:00,15920.1,15922.95,15916.95,15917.05,15919.9,15920.3,15922.7,15923.2,15916.8,15917.1,15916.9,15917.2,0.3,2173.670043
2026-05-21T16:00:00+00:00,15916.8,15918.7,15912.05,15915.65,15916.6,15917,15918.6,15918.8,15911.8,15912.3,15915.3,15916,0.7,3966.340081
2026-05-21T16:15:00+00:00,15915.6,15919.85,15914.75,15915.15,15915.4,15915.8,15919.6,15920.1,15914.5,15915,15914.8,15915.5,0.7,2442.610039
2026-05-21T16:30:00+00:00,15915.35,15917.75,15913.4,15914.3,15915.1,15915.6,15917.5,15918,15913.2,15913.6,15914.1,15914.5,0.4,1798.350025
2026-05-21T16:45:00+00:00,15914.25,15916.65,15913.35,15914.35,15914,15914.5,15916.5,15916.8,15913.1,15913.6,15914.1,15914.6,0.5,2115.530028
2026-05-21T17:00:00+00:00,15914.5,15917.5,15904.7,15907.8,15914.3,15914.7,15917.3,15917.7,15904.6,15904.8,15907.5,15908.1,0.6,6124.370096
2026-05-21T17:15:00+00:00,15907.55,15907.55,15891.55,15895.65,15907.3,15907.8,15907.3,15907.8,15891.3,15891.8,15895.4,15895.9,0.5,10511.27018
2026-05-21T17:30:00+00:00,15895.75,15900.8,15889.25,15889.25,15895.5,15896,15900.6,15901,15888.9,15889.6,15888.9,15889.6,0.7,5797.460106
2026-05-21T17:45:00+00:00,15889.35,15890.7,15881.95,15888.7,15889,15889.7,15890.5,15890.9,15881.8,15882.1,15888.6,15888.8,0.2,5546.6401
2026-05-21T18:00:00+00:00,15888.85,15900.6,15883.9,15895.45,15888.6,15889.1,15900.4,15900.8,15883.7,15884.1,15895.3,15895.6,0.3,5485.30011
2026-05-21T18:15:00+00:00,15895.4,15897.3,15888.85,15891.45,15895.1,15895.7,15897.1,15897.5,15888.5,15889.2,15891.3,15891.6,0.3,3488.720057
2026-05-21T18:30:00+00:00,15891.4,15895.3,15888.1,15891.1,15891.2,15891.6,15895.1,15895.5,15887.9,15888.3,15890.8,15891.4,0.6,2394.920035
2026-05-21T18:45:00+00:00,15890.8,15910.4,15889.65,15908,15890.7,15890.9,15910.2,15910.6,15889.4,15889.9,15907.7,15908.3,0.6,8773.240131
2026-05-21T19:00:00+00:00,15908.05,15909.55,15902.9,15903.4,15907.7,15908.4,15909.3,15909.8,15902.6,15903.2,15903.1,15903.7,0.6,5274.210069
2026-05-21T19:15:00+00:00,15903.35,15903.4,15896.45,15897.85,15903.1,15903.6,15903.1,15903.7,15896.2,15896.7,15897.6,15898.1,0.5,2177.920031
2026-05-21T19:30:00+00:00,15897.8,15897.85,15888.85,15895.5,15897.6,15898,15897.6,15898.1,15888.6,15889.1,15895.3,15895.7,0.4,3225.490049
2026-05-21T19:45:00+00:00,15895.45,15900.55,15887.9,15892.3,15895.3,15895.6,15900.3,15900.8,15887.7,15888.1,15892,15892.6,0.6,6524.810099
2026-05-21T20:00:00+00:00,15892.35,15898.05,15888.8,15896.8,15892.1,15892.6,15897.8,15898.3,15888.7,15888.9,15896.5,15897.1,0.6,2002.930032
2026-05-21T20:15:00+00:00,15896.5,15898.3,15896.1,15897.6,15896.3,15896.7,15898.1,15898.5,15896,15896.2,15897.3,15897.9,0.6,554.0400072
2026-05-21T20:30:00+00:00,15897.55,15899.65,15897.25,15899.2,15897.2,15897.9,15899.3,15900,15897,15897.5,15898.9,15899.5,0.6,806.3600208
2026-05-21T20:45:00+00:00,15899.1,15901.25,15896.6,15897.7,15898.8,15899.4,15900.9,15901.6,15894.7,15898.5,15894.7,15900.7,6,1522.030026
2026-05-21T21:00:00+00:00,15897.9,15899.45,15890.8,15893.25,15894.7,15901.1,15894.7,15904.2,15885.1,15896.5,15888.7,15897.8,9.1,393.2300016
2026-05-21T21:15:00+00:00,15892.2,15897.05,15890.85,15896.55,15886.6,15897.8,15895.1,15899,15886.6,15895.1,15894.5,15898.6,4.1,243.7800014
2026-05-21T21:30:00+00:00,15895.7,15898.9,15894.5,15896.2,15894.4,15897,15897.6,15900.2,15892.1,15896.9,15894.6,15897.8,3.2,267.4500069
2026-05-21T21:45:00+00:00,15896.45,15897.35,15895.85,15896.05,15895.1,15897.8,15895.5,15899.2,15894.2,15897.5,15894.5,15897.6,3.1,107.2200022
2026-05-21T22:00:00+00:00,15896.1,15902.05,15895.95,15900.55,15894.6,15897.6,15901.6,15902.5,15894.5,15897.4,15900.2,15900.9,0.7,540.4700082
2026-05-21T22:15:00+00:00,15900.6,15902.3,15900.6,15902.3,15900.2,15901,15901.9,15902.7,15900.2,15901,15901.9,15902.7,0.8,232.1200043
2026-05-21T22:30:00+00:00,15902.25,15902.3,15898.3,15899.3,15901.9,15902.6,15901.9,15902.7,15898,15898.6,15898.9,15899.7,0.8,545.2100106
2026-05-21T22:45:00+00:00,15899.2,15900.7,15898.05,15900.55,15898.8,15899.6,15900.3,15901.1,15897.7,15898.4,15900.1,15901,0.9,709.5300094
2026-05-21T23:00:00+00:00,15900.45,15903.05,15899.25,15901.35,15900,15900.9,15902.8,15903.3,15898.9,15899.6,15901,15901.7,0.7,512.9700094
2026-05-21T23:15:00+00:00,15900.75,15900.85,15898.8,15899.75,15900.7,15900.8,15900.7,15901,15898.6,15899,15899.2,15900.3,1.1,666.3200126
2026-05-21T23:30:00+00:00,15899.8,15904.1,15899.2,15901.55,15899.2,15900.4,15903.6,15904.6,15898.9,15899.5,15901.2,15901.9,0.7,576.9200099
2026-05-21T23:45:00+00:00,15901.8,15904.2,15900.4,15902.75,15901.5,15902.1,15903.9,15904.5,15900.1,15900.7,15902.5,15903,0.5,606.1400106
2026-05-22T00:00:00+00:00,15902.85,15907.35,15902.75,15906.1,15902.6,15903.1,15907,15907.7,15902.5,15903,15905.8,15906.4,0.6,2842.130037
2026-05-22T00:15:00+00:00,15906.1,15908.8,15905.25,15907.9,15905.8,15906.4,15908.5,15909.1,15904.9,15905.6,15907.6,15908.2,0.6,1711.330026
2026-05-22T00:30:00+00:00,15908,15909.2,15904.8,15904.8,15907.8,15908.2,15909,15909.4,15904.6,15905,15904.6,15905,0.4,1095.890016
2026-05-22T00:45:00+00:00,15904.5,15912.55,15902.6,15909.35,15904.4,15904.6,15912.3,15912.8,15902.4,15902.8,15909.1,15909.6,0.5,2762.380041
2026-05-22T01:00:00+00:00,15909.75,15912.1,15908.5,15911.45,15909.7,15909.8,15911.9,15912.3,15908.3,15908.7,15911.1,15911.8,0.7,1565.280025
2026-05-22T01:15:00+00:00,15911.4,15912.55,15908.5,15909,15911.1,15911.7,15912.2,15912.9,15908.2,15908.8,15908.8,15909.2,0.4,1044.430018
2026-05-22T01:30:00+00:00,15909.1,15909.25,15906.4,15907.65,15908.9,15909.3,15909,15909.5,15906.2,15906.6,15907.4,15907.9,0.5,479.0900105
2026-05-22T01:45:00+00:00,15907.6,15910.25,15905.7,15910.1,15907.4,15907.8,15910,15910.5,15905.5,15905.9,15909.9,15910.3,0.4,527.9600104
2026-05-22T02:00:00+00:00,15910.15,15910.6,15908.8,15909,15909.9,15910.4,15910.3,15910.9,15908.5,15909.1,15908.8,15909.2,0.4,446.4600098
2026-05-22T02:15:00+00:00,15908.85,15908.95,15906.55,15907.65,15908.6,15909.1,15908.6,15909.3,15906.3,15906.8,15907.4,15907.9,0.5,768.9700124
2026-05-22T02:30:00+00:00,15907.7,15907.75,15903.35,15904.1,15907.5,15907.9,15907.5,15908,15903.2,15903.5,15903.9,15904.3,0.4,701.5000114
2026-05-22T02:45:00+00:00,15904.2,15905.95,15900.2,15903.5,15904,15904.4,15905.6,15906.3,15900,15900.4,15903.3,15903.7,0.4,997.5700165
2026-05-22T03:00:00+00:00,15903.25,15905.35,15900.9,15904.25,15903.1,15903.4,15905,15905.7,15900.6,15901.2,15903.9,15904.6,0.7,882.320014
2026-05-22T03:15:00+00:00,15904.35,15905.3,15903.9,15904.55,15904.1,15904.6,15905.1,15905.5,15903.7,15904.1,15904.4,15904.7,0.3,773.100011
2026-05-22T03:30:00+00:00,15904.5,15905.4,15903.9,15904,15904.3,15904.7,15905.2,15905.6,15903.7,15904.1,15903.8,15904.2,0.4,358.5300056
2026-05-22T03:45:00+00:00,15903.55,15904.4,15903.1,15904,15903.4,15903.7,15904.2,15904.6,15902.9,15903.3,15903.8,15904.2,0.4,350.9400047
2026-05-22T04:00:00+00:00,15903.65,15904.1,15901.55,15902.05,15903.5,15903.8,15903.8,15904.4,15901.3,15901.8,15901.8,15902.3,0.5,648.480008
2026-05-22T04:15:00+00:00,15902.15,15904.4,15901.4,15904.35,15901.9,15902.4,15904.1,15904.7,15901.1,15901.7,15904.1,15904.6,0.5,356.7100055
2026-05-22T04:30:00+00:00,15904.4,15905.3,15904.15,15904.7,15904.2,15904.6,15905.1,15905.5,15903.9,15904.4,15904.5,15904.9,0.4,815.1800193
2026-05-22T04:45:00+00:00,15904.65,15907.45,15904.25,15907,15904.4,15904.9,15907.2,15907.7,15904,15904.5,15906.6,15907.4,0.8,1497.500028
2026-05-22T05:00:00+00:00,15907.1,15908.45,15905.85,15907.65,15906.8,15907.4,15908.2,15908.7,15905.6,15906.1,15907.4,15907.9,0.5,1097.680019
2026-05-22T05:15:00+00:00,15907.8,15909.3,15907.65,15908.85,15907.6,15908,15909,15909.6,15907.4,15907.9,15908.6,15909.1,0.5,598.3300138
2026-05-22T05:30:00+00:00,15909,15910.1,15907.8,15909.65,15908.8,15909.2,15909.8,15910.4,15907.5,15908.1,15909.5,15909.8,0.3,647.8500124
2026-05-22T05:45:00+00:00,15909.7,15914,15908.15,15913.2,15909.5,15909.9,15913.8,15914.2,15907.9,15908.4,15912.9,15913.5,0.6,2024.730026
2026-05-22T06:00:00+00:00,15913.25,15914.3,15908.35,15909.35,15913,15913.5,15914.1,15914.5,15908.1,15908.6,15909.1,15909.6,0.5,2739.350031
2026-05-22T06:15:00+00:00,15909.4,15910.3,15906.6,15907.65,15909.1,15909.7,15910,15910.6,15906.4,15906.8,15907.4,15907.9,0.5,1658.390026
2026-05-22T06:30:00+00:00,15907.4,15911.65,15907.1,15909.3,15907.1,15907.7,15911.4,15911.9,15906.8,15907.4,15909.1,15909.5,0.4,1422.600023
2026-05-22T06:45:00+00:00,15909.25,15913,15909.25,15910.75,15909,15909.5,15912.8,15913.2,15909,15909.5,15910.6,15910.9,0.3,1342.42002
2026-05-22T07:00:00+00:00,15910.7,15914.25,15910.65,15913.9,15910.4,15911,15914.1,15914.4,15910.3,15911,15913.6,15914.2,0.6,1371.630021
2026-05-22T07:15:00+00:00,15914,15914.2,15911.35,15912,15913.8,15914.2,15914,15914.4,15911.2,15911.5,15911.8,15912.2,0.4,1123.680019
2026-05-22T07:30:00+00:00,15912.15,15913.85,15911.6,15913.1,15911.9,15912.4,15913.7,15914,15911.4,15911.8,15912.9,15913.3,0.4,854.5500168
2026-05-22T07:45:00+00:00,15913.2,15914.4,15911.6,15913.1,15913,15913.4,15914.2,15914.6,15911.4,15911.8,15912.9,15913.3,0.4,1010.580014
2026-05-22T08:00:00+00:00,15913.2,15913.65,15910.3,15912.9,15913,15913.4,15913.5,15913.8,15910.1,15910.5,15912.7,15913.1,0.4,1942.760032
2026-05-22T08:15:00+00:00,15912.85,15912.85,15905.7,15908.9,15912.7,15913,15912.7,15913,15905.4,15906,15908.7,15909.1,0.4,2548.720038
2026-05-22T08:30:00+00:00,15908.75,15913.1,15908.35,15910.55,15908.6,15908.9,15912.9,15913.3,15908.2,15908.5,15910.4,15910.7,0.3,2390.550037
2026-05-22T08:45:00+00:00,15910.5,15910.5,15906,15909.2,15910.4,15910.6,15910.4,15910.6,15905.9,15906.1,15909,15909.4,0.4,2072.740033
2026-05-22T09:00:00+00:00,15909.1,15911.25,15908.4,15911.2,15909,15909.2,15911.1,15911.4,15908.3,15908.5,15911.1,15911.3,0.2,2170.690035
2026-05-22T09:15:00+00:00,15911.3,15914.65,15911.3,15913.85,15911.1,15911.5,15914.5,15914.8,15911.1,15911.5,15913.7,15914,0.3,1458.860023
2026-05-22T09:30:00+00:00,15913.8,15913.9,15911.6,15912.55,15913.7,15913.9,15913.7,15914.1,15911.4,15911.8,15912.3,15912.8,0.5,675.1500129
2026-05-22T09:45:00+00:00,15912.75,15912.75,15908.5,15910.4,15912.6,15912.9,15912.6,15912.9,15908.2,15908.8,15910.1,15910.7,0.6,1903.790025
2026-05-22T10:00:00+00:00,15910.4,15910.5,15908,15910,15910,15910.8,15910.2,15910.8,15907.8,15908.2,15909.7,15910.3,0.6,1694.45002
2026-05-22T10:15:00+00:00,15910.2,15911.45,15909.25,15911.3,15910.1,15910.3,15911.2,15911.7,15909,15909.5,15911.1,15911.5,0.4,1018.400016
2026-05-22T10:30:00+00:00,15911.1,15913.4,15910.55,15912.3,15910.9,15911.3,15913.2,15913.6,15910.3,15910.8,15912.1,15912.5,0.4,1401.480016
2026-05-22T10:45:00+00:00,15912.25,15913.4,15911.7,15912.55,15912,15912.5,15913.3,15913.5,15911.5,15911.9,15912.3,15912.8,0.5,756.3500116
2026-05-22T11:00:00+00:00,15912.5,15914.5,15912.35,15913.95,15912.3,15912.7,15914.3,15914.7,15912.1,15912.6,15913.8,15914.1,0.3,1115.900014
2026-05-22T11:15:00+00:00,15914,15914.45,15912.2,15913.6,15913.9,15914.1,15914.3,15914.6,15912,15912.4,15913.4,15913.8,0.4,795.9000124
2026-05-22T11:30:00+00:00,15913.55,15914.4,15912,15913.15,15913.4,15913.7,15914.2,15914.6,15911.7,15912.3,15913.1,15913.2,0.1,1180.660019
2026-05-22T11:45:00+00:00,15913.25,15914.3,15911.4,15913.95,15913.1,15913.4,15914.1,15914.5,15911.3,15911.5,15913.8,15914.1,0.3,2239.270046
2026-05-22T12:00:00+00:00,15913.85,15914.95,15906.1,15909.15,15913.6,15914.1,15914.8,15915.1,15906,15906.2,15908.9,15909.4,0.5,3794.040064
2026-05-22T12:15:00+00:00,15909.05,15912.65,15908.05,15911.7,15908.8,15909.3,15912.4,15912.9,15907.8,15908.3,15911.5,15911.9,0.4,4022.390069
2026-05-22T12:30:00+00:00,15911.8,15912.55,15910.3,15911.5,15911.5,15912.1,15912.4,15912.7,15910.1,15910.5,15911.3,15911.7,0.4,1480.290024
2026-05-22T12:45:00+00:00,15911.4,15911.6,15907.35,15907.85,15911.2,15911.6,15911.4,15911.8,15907.2,15907.5,15907.7,15908,0.3,2587.470028
2026-05-22T13:00:00+00:00,15907.75,15910.2,15899.2,15903.35,15907.6,15907.9,15909.9,15910.5,15898.9,15899.5,15903.1,15903.6,0.5,7873.000094
2026-05-22T13:15:00+00:00,15903.4,15908.9,15902.7,15906.2,15903.2,15903.6,15908.7,15909.1,15902.4,15903,15905.9,15906.5,0.6,4493.330064
2026-05-22T13:30:00+00:00,15906.15,15912.7,15903.1,15909.35,15905.9,15906.4,15912.4,15913,15902.9,15903.3,15909.2,15909.5,0.3,4809.190078
2026-05-22T13:45:00+00:00,15909.45,15913.9,15908.9,15909.4,15909.2,15909.7,15913.7,15914.1,15908.7,15909.1,15908.8,15910,1.2,4134.420065
2026-05-22T14:00:00+00:00,15909.2,15917.6,15907.2,15916.95,15908.4,15910,15917.4,15917.8,15906.6,15907.8,15916.7,15917.2,0.5,5771.960083
2026-05-22T14:15:00+00:00,15917,15917.85,15914,15915.65,15916.8,15917.2,15917.6,15918.1,15913.8,15914.2,15915.4,15915.9,0.5,2711.930045
2026-05-22T14:30:00+00:00,15915.75,15915.9,15913.05,15914,15915.5,15916,15915.7,15916.1,15912.8,15913.3,15913.8,15914.2,0.4,2943.390052
2026-05-22T14:45:00+00:00,15913.95,15916.2,15909.15,15910.35,15913.8,15914.1,15916,15916.4,15908.9,15909.4,15910.1,15910.6,0.5,4910.680058
2026-05-22T15:00:00+00:00,15910.25,15913.85,15908.75,15911.7,15910,15910.5,15913.7,15914,15908.5,15909,15911.5,15911.9,0.4,4829.830055
2026-05-22T15:15:00+00:00,15911.5,15913.9,15909.85,15912.9,15911.3,15911.7,15913.7,15914.1,15909.6,15910.1,15912.7,15913.1,0.4,1681.560029
2026-05-22T15:30:00+00:00,15912.75,15919.85,15911.5,15919.4,15912.5,15913,15919.6,15920.1,15911.4,15911.6,15919.2,15919.6,0.4,2890.200043
2026-05-22T15:45:00+00:00,15919.5,15923.45,15917.45,15920.1,15919.4,15919.6,15923.2,15923.7,15917.1,15917.8,15919.9,15920.3,0.4,2648.760043
2026-05-22T16:00:00+00:00,15920.05,15923.25,15917.7,15919.15,15919.9,15920.2,15923,15923.5,15917.5,15917.9,15918.9,15919.4,0.5,2305.750041
2026-05-22T16:15:00+00:00,15919.25,15920.7,15916.45,15917.1,15919,15919.5,15920.6,15920.8,15916.2,15916.7,15916.8,15917.4,0.6,1715.640028
2026-05-22T16:30:00+00:00,15917.15,15921.15,15915.55,15920.05,15916.9,15917.4,15921,15921.3,15915.3,15915.8,15919.8,15920.3,0.5,1695.710031
2026-05-22T16:45:00+00:00,15920,15920.05,15917.35,15917.65,15919.8,15920.2,15919.8,15920.3,15917.1,15917.6,15917.4,15917.9,0.5,1159.620019
2026-05-22T17:00:00+00:00,15917.3,15917.4,15913.8,15914.7,15917.1,15917.5,15917.2,15917.6,15913.6,15914,15914.5,15914.9,0.4,1450.420028
2026-05-22T17:15:00+00:00,15914.75,15918.2,15909.1,15909.9,15914.6,15914.9,15918,15918.4,15908.9,15909.3,15909.7,15910.1,0.4,3743.630054
2026-05-22T17:30:00+00:00,15909.8,15912.95,15906.4,15910.85,15909.5,15910.1,15912.7,15913.2,15906.2,15906.6,15910.6,15911.1,0.5,4128.940089
2026-05-22T17:45:00+00:00,15910.8,15914.5,15910.15,15913.1,15910.5,15911.1,15914.2,15914.8,15909.9,15910.4,15912.9,15913.3,0.4,1539.070027
2026-05-22T18:00:00+00:00,15913.15,15916.9,15911.3,15914.95,15912.9,15913.4,15916.6,15917.2,15911.1,15911.5,15914.7,15915.2,0.5,1882.740034
2026-05-22T18:15:00+00:00,15915.05,15915.55,15913.15,15915.45,15914.8,15915.3,15915.4,15915.7,15913,15913.3,15915.3,15915.6,0.3,1636.93002
2026-05-22T18:30:00+00:00,15915.35,15916.45,15910.25,15913.8,15915,15915.7,15916.2,15916.7,15909.9,15910.6,15913.6,15914,0.4,1449.16002
2026-05-22T18:45:00+00:00,15913.45,15915.05,15912.55,15913.5,15913.3,15913.6,15914.8,15915.3,15912.3,15912.8,15913.2,15913.8,0.6,1111.460021
2026-05-22T19:00:00+00:00,15913.55,15915.05,15910.25,15914.35,15913.3,15913.8,15914.9,15915.2,15909.9,15910.6,15914,15914.7,0.7,2094.870037
2026-05-22T19:15:00+00:00,15914.4,15914.75,15912.8,15914.3,15914.2,15914.6,15914.5,15915,15912.6,15913,15914.1,15914.5,0.4,682.2700135
2026-05-22T19:30:00+00:00,15914.15,15915.7,15914.15,15915.3,15913.9,15914.4,15915.5,15915.9,15913.9,15914.4,15915,15915.6,0.6,650.9200119
2026-05-22T19:45:00+00:00,15915.35,15917.15,15914.3,15916.75,15915.2,15915.5,15916.9,15917.4,15914,15914.6,15916.5,15917,0.5,1261.310029
2026-05-22T20:00:00+00:00,15916.9,15917.35,15915.2,15916.55,15916.8,15917,15917.2,15917.5,15914.9,15915.5,15916.3,15916.8,0.5,618.4300138
2026-05-22T20:15:00+00:00,15916.65,15918.1,15914.25,15916.65,15916.5,15916.8,15917.9,15918.3,15914.1,15914.4,15916.3,15917,0.7,408.4500067
2026-05-22T20:30:00+00:00,15916.9,15918.2,15915.35,15918,15916.7,15917.1,15917.9,15918.5,15915.1,15915.6,15917.8,15918.2,0.4,1470.210035
2026-05-22T20:45:00+00:00,15918.1,15921.7,15916.85,15919.25,15917.9,15918.3,15920.4,15923,15915.5,15918.2,15915.5,15923,7.5,2189.580025
2026-05-24T21:00:00+00:00,15883.2,15889.35,15881.6,15884,15878.6,15887.8,15885.8,15892.9,15876.9,15886.3,15877.9,15890.1,12.2,270.7899987
2026-05-24T21:15:00+00:00,15883.95,15889.45,15881.65,15885.15,15877.8,15890.1,15885.3,15893.6,15877.4,15885.9,15878.5,15891.8,13.3,293.1000027
2026-05-24T21:30:00+00:00,15884.95,15891.9,15880.85,15884.7,15878.1,15891.8,15889.7,15894.1,15877.3,15884.4,15882.6,15886.8,4.2,428.3700052
2026-05-24T21:45:00+00:00,15884.35,15889.8,15882.85,15889.8,15881.9,15886.8,15886.9,15892.7,15881.3,15884.4,15886.9,15892.7,5.8,129.1400023
2026-05-24T22:00:00+00:00,15889.15,15898.05,15882.7,15888.1,15886.9,15891.4,15896.1,15900,15882.3,15883.1,15887.7,15888.5,0.8,2840.130022
2026-05-24T22:15:00+00:00,15888,15892.05,15884.3,15886.45,15887.5,15888.5,15891.7,15892.4,15884,15884.6,15886.2,15886.7,0.5,1787.050049
2026-05-24T22:30:00+00:00,15886.4,15886.8,15882.6,15885.7,15886,15886.8,15886.5,15887.1,15882.2,15883,15885.3,15886.1,0.8,2137.400049
2026-05-24T22:45:00+00:00,15885.6,15888.25,15884.45,15888.2,15885.3,15885.9,15887.9,15888.6,15884.1,15884.8,15887.8,15888.6,0.8,1051.950026
2026-05-24T23:00:00+00:00,15888.1,15888.35,15884.25,15887.05,15887.7,15888.5,15887.8,15888.9,15883.9,15884.6,15886.8,15887.3,0.5,1948.720035
2026-05-24T23:15:00+00:00,15886.8,15888.9,15886.35,15887.9,15886.6,15887,15888.6,15889.2,15886.1,15886.6,15887.7,15888.1,0.4,748.3500109
2026-05-24T23:30:00+00:00,15888.1,15891.4,15887.75,15890.85,15887.9,15888.3,15891.1,15891.7,15887.5,15888,15890.6,15891.1,0.5,511.4500092
2026-05-24T23:45:00+00:00,15891.1,15896.3,15890.95,15895.65,15890.9,15891.3,15896.1,15896.5,15890.7,15891.2,15895.4,15895.9,0.5,853.2800134
2026-05-25T00:00:00+00:00,15895.7,15896.35,15890.35,15891.5,15895.4,15896,15896.1,15896.6,15890.2,15890.5,15891.3,15891.7,0.4,1226.73002
2026-05-25T00:15:00+00:00,15891.65,15891.9,15888.85,15889.65,15891.3,15892,15891.5,15892.3,15888.6,15889.1,15889.4,15889.9,0.5,1423.54003
2026-05-25T00:30:00+00:00,15889.55,15893.6,15889.2,15890.55,15889.3,15889.8,15893.4,15893.8,15889,15889.4,15890.3,15890.8,0.5,766.3500162
2026-05-25T00:45:00+00:00,15890.4,15892.6,15883.3,15890,15890.2,15890.6,15892.3,15892.9,15883.1,15883.5,15889.7,15890.3,0.6,3716.770052
2026-05-25T01:00:00+00:00,15889.95,15890.15,15881.25,15881.5,15889.6,15890.3,15889.9,15890.4,15881,15881.5,15881.2,15881.8,0.6,1726.810031
2026-05-25T01:15:00+00:00,15881.45,15883.85,15875.9,15876.85,15881.1,15881.8,15883.6,15884.1,15875.6,15876.2,15876.6,15877.1,0.5,1504.720027
2026-05-25T01:30:00+00:00,15876.95,15883.35,15876.1,15883.25,15876.8,15877.1,15883.1,15883.6,15875.8,15876.4,15883,15883.5,0.5,1204.790024
2026-05-25T01:45:00+00:00,15882.95,15888.1,15882.4,15887.75,15882.8,15883.1,15888,15888.2,15882,15882.8,15887.5,15888,0.5,1410.270021
2026-05-25T02:00:00+00:00,15887.7,15887.95,15883.65,15885.9,15887.4,15888,15887.7,15888.2,15883.4,15883.9,15885.6,15886.2,0.6,798.4400183
2026-05-25T02:15:00+00:00,15885.95,15887.75,15884.75,15884.95,15885.8,15886.1,15887.5,15888,15884.5,15885,15884.7,15885.2,0.5,843.8800143
2026-05-25T02:30:00+00:00,15884.8,15886.2,15883.85,15884.85,15884.5,15885.1,15885.9,15886.5,15883.6,15884.1,15884.6,15885.1,0.5,400.4700077
2026-05-25T02:45:00+00:00,15884.75,15886.2,15883.75,15885.1,15884.5,15885,15885.9,15886.5,15883.5,15884,15884.8,15885.4,0.6,545.4700074
2026-05-25T03:00:00+00:00,15885.15,15887.45,15883.45,15886.9,15884.9,15885.4,15887.1,15887.8,15883.2,15883.7,15886.6,15887.2,0.6,1492.960011
2026-05-25T03:15:00+00:00,15886.95,15888.35,15885.55,15887.15,15886.7,15887.2,15888.1,15888.6,15885.3,15885.8,15886.9,15887.4,0.5,729.0400109
2026-05-25T03:30:00+00:00,15887.05,15887.7,15884.95,15887.45,15886.8,15887.3,15887.5,15887.9,15884.7,15885.2,15887.1,15887.8,0.7,847.7800102
2026-05-25T03:45:00+00:00,15887.4,15889.2,15887.4,15888.6,15887.1,15887.7,15889,15889.4,15887.1,15887.7,15888.4,15888.8,0.4,684.3600109
2026-05-25T04:00:00+00:00,15888.85,15890.2,15887.4,15890.05,15888.6,15889.1,15889.9,15890.5,15887.1,15887.7,15889.8,15890.3,0.5,521.1700095
2026-05-25T04:15:00+00:00,15889.9,15891.5,15889.5,15891.2,15889.6,15890.2,15891.2,15891.8,15889.3,15889.7,15891,15891.4,0.4,225.0000041
2026-05-25T04:30:00+00:00,15891.1,15891.2,15887.65,15888.7,15890.9,15891.3,15890.9,15891.5,15887.4,15887.9,15888.5,15888.9,0.4,423.1800079
2026-05-25T04:45:00+00:00,15888.55,15888.55,15884.75,15886.2,15888.4,15888.7,15888.4,15888.7,15884.5,15885,15885.9,15886.5,0.6,469.0400077
2026-05-25T05:00:00+00:00,15886.35,15886.75,15884.6,15885.45,15886.1,15886.6,15886.5,15887,15884.3,15884.9,15885.2,15885.7,0.5,765.5600078
2026-05-25T05:15:00+00:00,15885.7,15887.6,15885.6,15886.85,15885.5,15885.9,15887.4,15887.8,15885.4,15885.8,15886.6,15887.1,0.5,805.6200118
2026-05-25T05:30:00+00:00,15887,15888.95,15886.15,15887.8,15886.7,15887.3,15888.8,15889.1,15885.9,15886.4,15887.5,15888.1,0.6,630.6500139
2026-05-25T05:45:00+00:00,15887.75,15893.9,15887.35,15892.65,15887.5,15888,15893.6,15894.2,15887.1,15887.6,15892.4,15892.9,0.5,1788.350021
2026-05-25T06:00:00+00:00,15892.75,15893.85,15890.1,15891.45,15892.4,15893.1,15893.6,15894.1,15889.8,15890.4,15891.2,15891.7,0.5,2314.750025
2026-05-25T06:15:00+00:00,15891.4,15892.4,15890,15891.7,15891.2,15891.6,15892.3,15892.5,15889.7,15890.3,15891.4,15892,0.6,1065.510012
2026-05-25T06:30:00+00:00,15891.9,15892.75,15889.2,15892.65,15891.7,15892.1,15892.5,15893,15889,15889.4,15892.4,15892.9,0.5,1344.130011
2026-05-25T06:45:00+00:00,15892.65,15892.65,15890.1,15890.7,15892.4,15892.9,15892.4,15892.9,15889.8,15890.4,15890.4,15891,0.6,1433.760023
2026-05-25T07:00:00+00:00,15890.55,15899.15,15890.25,15898.95,15890.2,15890.9,15898.9,15899.4,15890,15890.5,15898.7,15899.2,0.5,1880.120022
2026-05-25T07:15:00+00:00,15899.3,15904.2,15897.4,15902.7,15899.1,15899.5,15903.9,15904.5,15897.1,15897.7,15902.4,15903,0.6,3243.820045
2026-05-25T07:30:00+00:00,15902.65,15902.75,15896.55,15897.4,15902.4,15902.9,15902.5,15903,15896.4,15896.7,15897.1,15897.7,0.6,1997.720033
2026-05-25T07:45:00+00:00,15897.35,15899.4,15896.4,15897.4,15897,15897.7,15899.1,15899.7,15896,15896.8,15897.1,15897.7,0.6,1595.630026
2026-05-25T08:00:00+00:00,15897.35,15899.25,15892.35,15894,15897.1,15897.6,15899,15899.5,15892,15892.7,15893.8,15894.2,0.4,1821.870028
2026-05-25T08:15:00+00:00,15894.05,15895.65,15893.5,15893.75,15893.8,15894.3,15895.3,15896,15893.2,15893.8,15893.5,15894,0.5,1305.140016
2026-05-25T08:30:00+00:00,15893.7,15895.3,15891.3,15893.9,15893.4,15894,15895.1,15895.5,15891,15891.6,15893.6,15894.2,0.6,1512.610027
2026-05-25T08:45:00+00:00,15893.85,15895.3,15890.1,15891.95,15893.5,15894.2,15895.1,15895.5,15889.8,15890.4,15891.8,15892.1,0.3,2282.060029
2026-05-25T09:00:00+00:00,15891.7,15894.05,15889.7,15894,15891.4,15892,15893.7,15894.4,15889.6,15889.8,15893.7,15894.3,0.6,2060.790021
2026-05-25T09:15:00+00:00,15893.95,15894.4,15892.3,15893.35,15893.7,15894.2,15894.1,15894.7,15892,15892.6,15893.1,15893.6,0.5,852.7200155
2026-05-25T09:30:00+00:00,15893.3,15893.55,15891.6,15892.3,15893,15893.6,15893.3,15893.8,15891.3,15891.9,15891.9,15892.7,0.8,835.0000091
2026-05-25T09:45:00+00:00,15892.35,15893.9,15891.7,15892.75,15892,15892.7,15893.6,15894.2,15891.5,15891.9,15892.5,15893,0.5,838.8500112
2026-05-25T10:00:00+00:00,15892.7,15894.25,15892.05,15893.4,15892.4,15893,15893.9,15894.6,15891.8,15892.3,15893.1,15893.7,0.6,902.290014
2026-05-25T10:15:00+00:00,15893.35,15894.2,15892.75,15893.7,15893.1,15893.6,15893.9,15894.5,15892.4,15893.1,15893.4,15894,0.6,791.4300104
2026-05-25T10:30:00+00:00,15893.65,15895.25,15893.1,15893.3,15893.4,15893.9,15895,15895.5,15892.8,15893.4,15892.9,15893.7,0.8,864.4000102
2026-05-25T10:45:00+00:00,15893.35,15895.05,15892.85,15894.65,15893.1,15893.6,15894.8,15895.3,15892.7,15893,15894.4,15894.9,0.5,1200.180019
2026-05-25T11:00:00+00:00,15894.7,15896.15,15893.8,15894,15894.4,15895,15895.8,15896.5,15893.5,15894.1,15893.6,15894.4,0.8,837.4800118
2026-05-25T11:15:00+00:00,15894,15894.4,15893.3,15893.9,15893.7,15894.3,15894.2,15894.6,15893,15893.6,15893.6,15894.2,0.6,864.7300107
2026-05-25T11:30:00+00:00,15893.9,15893.95,15890.05,15890.25,15893.6,15894.2,15893.7,15894.2,15889.7,15890.4,15889.9,15890.6,0.7,2051.140029
2026-05-25T11:45:00+00:00,15890.25,15894.15,15889.25,15893.65,15889.9,15890.6,15893.9,15894.4,15889,15889.5,15893.3,15894,0.7,1539.340023
2026-05-25T12:00:00+00:00,15893.6,15894.1,15889.95,15890.35,15893.3,15893.9,15894,15894.2,15889.7,15890.2,15890.1,15890.6,0.5,1887.420028
2026-05-25T12:15:00+00:00,15890.3,15892.55,15889.5,15891.45,15890,15890.6,15892.3,15892.8,15889.4,15889.6,15891.2,15891.7,0.5,1590.700021
2026-05-25T12:30:00+00:00,15891.4,15892.35,15889.2,15889.6,15891.1,15891.7,15892.1,15892.6,15888.9,15889.5,15889.3,15889.9,0.6,1517.070027
2026-05-25T12:45:00+00:00,15889.5,15891.05,15888,15890.3,15889.3,15889.7,15890.8,15891.3,15887.8,15888.2,15890,15890.6,0.6,1359.170026
2026-05-25T13:00:00+00:00,15890.35,15890.9,15888.7,15889.35,15890,15890.7,15890.6,15891.2,15888.5,15888.9,15889.1,15889.6,0.5,2322.17002
2026-05-25T13:15:00+00:00,15889.25,15891.75,15889.05,15891.4,15889,15889.5,15891.5,15892,15888.8,15889.3,15891.1,15891.7,0.6,1945.330021
2026-05-25T13:30:00+00:00,15891.35,15891.5,15889.95,15891.1,15891.1,15891.6,15891.2,15891.8,15889.7,15890.2,15890.8,15891.4,0.6,2013.240027
2026-05-25T13:45:00+00:00,15891.2,15892.6,15890.45,15891.9,15890.9,15891.5,15892.2,15893,15890.2,15890.7,15891.7,15892.1,0.4,1341.250017
2026-05-25T14:00:00+00:00,15892.25,15892.4,15890.55,15891.55,15892,15892.5,15892.2,15892.6,15890.3,15890.8,15891.3,15891.8,0.5,1417.790017
2026-05-25T14:15:00+00:00,15891.6,15891.65,15890.2,15891.1,15891.3,15891.9,15891.3,15892,15889.9,15890.5,15890.8,15891.4,0.6,1279.350018
2026-05-25T14:30:00+00:00,15890.85,15891.8,15889,15890,15890.6,15891.1,15891.6,15892,15888.8,15889.2,15889.7,15890.3,0.6,1457.030008
2026-05-25T14:45:00+00:00,15890.05,15892.65,15889.65,15891.95,15889.8,15890.3,15892.5,15892.8,15889.4,15889.9,15891.7,15892.2,0.5,2923.880018
2026-05-25T15:00:00+00:00,15892.2,15895.05,15888.7,15892.6,15892,15892.4,15894.8,15895.3,15888.5,15888.9,15892.2,15893,0.8,3609.230054
2026-05-25T15:15:00+00:00,15892.55,15892.8,15889.4,15890.75,15892.3,15892.8,15892.5,15893.1,15889.1,15889.7,15890.5,15891,0.5,2191.880036
2026-05-25T15:30:00+00:00,15890.8,15891.5,15889.4,15890.2,15890.6,15891,15891.2,15891.8,15889.1,15889.7,15889.9,15890.5,0.6,708.2900146
2026-05-25T15:45:00+00:00,15890.25,15891.3,15888.3,15889.95,15890,15890.5,15890.9,15891.7,15888,15888.6,15889.7,15890.2,0.5,853.700014
2026-05-25T16:00:00+00:00,15889.85,15891.7,15889.45,15890.4,15889.5,15890.2,15891.4,15892,15889.2,15889.7,15890.1,15890.7,0.6,863.910015
2026-05-25T16:15:00+00:00,15890.3,15892.2,15890.3,15891.6,15890,15890.6,15891.9,15892.5,15890,15890.6,15891.3,15891.9,0.6,732.3700109
2026-05-25T16:30:00+00:00,15891.65,15892.5,15890.5,15891.7,15891.3,15892,15892.2,15892.8,15890.2,15890.8,15891.4,15892,0.6,684.0200117
2026-05-25T16:45:00+00:00,15891.7,15891.7,15889.35,15889.8,15891.4,15892,15891.4,15892,15889,15889.7,15889.5,15890.1,0.6,810.5500126
2026-05-25T17:00:00+00:00,15889.75,15890.85,15889.1,15890.35,15889.4,15890.1,15890.7,15891,15888.8,15889.4,15890.1,15890.6,0.5,1123.750027
2026-05-25T17:15:00+00:00,15890.25,15890.5,15888.9,15889.95,15889.9,15890.6,15890.2,15890.8,15888.6,15889.2,15889.7,15890.2,0.5,400.190008
2026-05-25T17:30:00+00:00,15889.9,15890.45,15888.9,15889.2,15889.5,15890.3,15890.2,15890.7,15888.6,15889.2,15888.9,15889.5,0.6,242.1000024
2026-05-25T17:45:00+00:00,15889.35,15890.4,15889.2,15889.8,15889.1,15889.6,15890.1,15890.7,15888.9,15889.5,15889.5,15890.1,0.6,162.1500034
2026-05-25T18:00:00+00:00,15889.75,15889.95,15889.25,15889.35,15889.5,15890,15889.6,15890.3,15888.9,15889.6,15889,15889.7,0.7,126.7900026
2026-05-25T18:15:00+00:00,15889.25,15890.35,15889,15890.35,15888.9,15889.6,15890,15890.7,15888.7,15889.3,15890,15890.7,0.7,380.1400038
2026-05-25T18:30:00+00:00,15890.35,15890.7,15890.25,15890.7,15889.9,15890.8,15890.4,15891,15889.9,15890.6,15890.4,15891,0.6,207.4300017
2026-05-25T18:45:00+00:00,15890.65,15890.8,15890.1,15890.65,15890.3,15891,15890.5,15891.1,15889.7,15890.5,15890.3,15891,0.7,144.7000023
2026-05-25T19:00:00+00:00,15890.65,15890.65,15889.5,15890.45,15890.3,15891,15890.3,15891,15889.2,15889.8,15890.1,15890.8,0.7,128.400002
2026-05-25T19:15:00+00:00,15890.55,15890.75,15889.35,15890.3,15890.2,15890.9,15890.4,15891.1,15889,15889.7,15890,15890.6,0.6,352.3600075
2026-05-25T19:30:00+00:00,15890.35,15891,15889.9,15890.55,15890,15890.7,15890.6,15891.4,15889.6,15890.2,15890.2,15890.9,0.7,235.7100056
2026-05-25T19:45:00+00:00,15890.6,15892.15,15890.55,15891.5,15890.3,15890.9,15891.8,15892.5,15890.2,15890.9,15891.2,15891.8,0.6,207.6900038
2026-05-25T20:00:00+00:00,15891.55,15892.6,15890.9,15891.3,15891.2,15891.9,15892.4,15892.8,15890.6,15891.2,15890.9,15891.7,0.8,276.1500063
2026-05-25T20:15:00+00:00,15891.4,15892.7,15891.2,15892.2,15891.1,15891.7,15892.3,15893.1,15890.9,15891.5,15891.9,15892.5,0.6,264.9200053
2026-05-25T20:30:00+00:00,15892.4,15894.25,15892,15893.25,15892.1,15892.7,15893.9,15894.6,15891.6,15892.4,15892.9,15893.6,0.7,840.3000171
2026-05-25T20:45:00+00:00,15893.45,15893.45,15890.4,15890.65,15893,15893.9,15893,15893.9,15888.7,15892.1,15888.7,15892.6,3.9,427.3700092
2026-05-25T21:00:00+00:00,15890.7,15894.35,15885.55,15891.35,15888.7,15892.7,15888.7,15900,15878.4,15892.7,15884.6,15898.1,13.5,120.4800024
2026-05-25T21:15:00+00:00,15890.95,15893.8,15888.2,15890.6,15884.1,15897.8,15889.3,15898.3,15882.7,15893.7,15884.1,15897.1,13,151.8999994
2026-05-25T21:30:00+00:00,15890.95,15893.75,15885.8,15889.3,15884.9,15897,15889.3,15898.2,15882.4,15889.2,15887,15891.6,4.6,1188.900027
2026-05-25T21:45:00+00:00,15889.2,15890.45,15887.95,15888.75,15886.8,15891.6,15888.5,15892.4,15886.4,15889.5,15887.4,15890.1,2.7,900.3000293
2026-05-25T22:00:00+00:00,15889.55,15896.4,15888.7,15891.9,15889,15890.1,15895.9,15896.9,15887.3,15890.1,15891.7,15892.1,0.4,608.8200025
2026-05-25T22:15:00+00:00,15891.85,15892.6,15890.1,15892.6,15891.7,15892,15892.2,15893,15889.7,15890.5,15892.2,15893,0.8,258.9500065
2026-05-25T22:30:00+00:00,15892.5,15894.55,15892.3,15892.6,15892.1,15892.9,15894.2,15894.9,15891.9,15892.7,15892.2,15893,0.8,350.1900059
2026-05-25T22:45:00+00:00,15892.7,15892.8,15892.15,15892.8,15892.3,15893.1,15892.4,15893.2,15891.7,15892.6,15892.4,15893.2,0.8,168.2200015
2026-05-25T23:00:00+00:00,15892.75,15893,15891.35,15892.5,15892.3,15893.2,15892.6,15893.4,15891.1,15891.6,15892.1,15892.9,0.8,455.1700047
2026-05-25T23:15:00+00:00,15892.2,15895.25,15891.2,15894.05,15891.8,15892.6,15894.9,15895.6,15890.9,15891.5,15893.7,15894.4,0.7,443.8500056
2026-05-25T23:30:00+00:00,15894.35,15896.65,15894.2,15895.2,15894.1,15894.6,15896.4,15896.9,15894,15894.4,15895,15895.4,0.4,970.4000216
2026-05-25T23:45:00+00:00,15895.15,15895.9,15893.55,15895.85,15894.9,15895.4,15895.5,15896.3,15893.2,15893.9,15895.5,15896.2,0.7,762.8700097
2026-05-26T00:00:00+00:00,15895.55,15896.85,15893.55,15896.65,15895.2,15895.9,15896.6,15897.1,15893.4,15893.7,15896.4,15896.9,0.5,1339.230023
2026-05-26T00:15:00+00:00,15896.5,15899.35,15895.15,15897.95,15896.3,15896.7,15899.1,15899.6,15894.9,15895.4,15897.8,15898.1,0.3,1852.770034
2026-05-26T00:30:00+00:00,15897.9,15897.9,15894.85,15895.4,15897.8,15898,15897.8,15898,15894.6,15895.1,15895.2,15895.6,0.4,874.5200163
2026-05-26T00:45:00+00:00,15895.3,15899.2,15894.75,15897.1,15895.1,15895.5,15899,15899.4,15894.5,15895,15896.8,15897.4,0.6,1451.650029
2026-05-26T01:00:00+00:00,15897.3,15900.5,15895.85,15896.55,15897.1,15897.5,15900.3,15900.7,15895.7,15896,15896.3,15896.8,0.5,1252.330025
2026-05-26T01:15:00+00:00,15896.45,15897.6,15894.65,15895.35,15896.1,15896.8,15897.4,15897.8,15894.4,15894.9,15895.1,15895.6,0.5,1686.350022
2026-05-26T01:30:00+00:00,15895.3,15898.1,15895.1,15896.6,15895.1,15895.5,15897.9,15898.3,15894.9,15895.3,15896.4,15896.8,0.4,1459.200023
2026-05-26T01:45:00+00:00,15896.5,15897.35,15895.3,15896.9,15896.3,15896.7,15897.1,15897.6,15895.1,15895.5,15896.7,15897.1,0.4,1014.400019
2026-05-26T02:00:00+00:00,15897.25,15897.25,15895.3,15895.6,15897.1,15897.4,15897.1,15897.4,15895.1,15895.5,15895.4,15895.8,0.4,637.9400111
2026-05-26T02:15:00+00:00,15895.9,15896.25,15893.75,15894.9,15895.7,15896.1,15895.9,15896.6,15893.6,15893.9,15894.7,15895.1,0.4,795.2100139
2026-05-26T02:30:00+00:00,15894.8,15897.3,15893.85,15897.3,15894.6,15895,15897.1,15897.5,15893.7,15894,15897.1,15897.5,0.4,585.6000141
2026-05-26T02:45:00+00:00,15897.4,15898.6,15894.05,15894.65,15897.2,15897.6,15898.4,15898.8,15893.8,15894.3,15894.5,15894.8,0.3,810.3500181
2026-05-26T03:00:00+00:00,15894.3,15894.35,15892.4,15892.85,15894.2,15894.4,15894.2,15894.5,15892.2,15892.6,15892.6,15893.1,0.5,488.2200068
2026-05-26T03:15:00+00:00,15892.95,15893.1,15891.3,15893.05,15892.7,15893.2,15892.8,15893.4,15891,15891.6,15892.8,15893.3,0.5,665.8700109
2026-05-26T03:30:00+00:00,15893.05,15894,15891.8,15893.6,15892.7,15893.4,15893.8,15894.2,15891.5,15892.1,15893.3,15893.9,0.6,1368.770011
2026-05-26T03:45:00+00:00,15893.65,15894.25,15891.75,15894.1,15893.4,15893.9,15894.1,15894.4,15891.6,15891.9,15893.8,15894.4,0.6,886.670011
2026-05-26T04:00:00+00:00,15894.05,15894.35,15893.6,15894.15,15893.8,15894.3,15894.1,15894.6,15893.4,15893.8,15894,15894.3,0.3,492.9700089
2026-05-26T04:15:00+00:00,15894.2,15895.35,15893.35,15893.8,15894,15894.4,15895.1,15895.6,15893.2,15893.5,15893.6,15894,0.4,509.1800056
2026-05-26T04:30:00+00:00,15893.95,15895.15,15893.6,15894.9,15893.8,15894.1,15894.9,15895.4,15893.3,15893.9,15894.5,15895.3,0.8,974.0200133
2026-05-26T04:45:00+00:00,15894.9,15901.55,15894.85,15900.35,15894.6,15895.2,15901.3,15901.8,15894.6,15895.1,15900,15900.7,0.7,1321.490021
2026-05-26T05:00:00+00:00,15900.5,15901.3,15897.45,15901.05,15900.4,15900.6,15901.1,15901.5,15897.3,15897.6,15900.8,15901.3,0.5,1216.930026
2026-05-26T05:15:00+00:00,15901.05,15901.35,15899.5,15900.45,15900.8,15901.3,15901.1,15901.6,15899.3,15899.7,15900.2,15900.7,0.5,655.8800135
2026-05-26T05:30:00+00:00,15900.85,15901.1,15899.3,15900.2,15900.7,15901,15900.9,15901.3,15899.1,15899.5,15900,15900.4,0.4,1543.800028
2026-05-26T05:45:00+00:00,15900.2,15903.45,15900,15902.85,15900,15900.4,15903.2,15903.7,15899.7,15900.3,15902.6,15903.1,0.5,1040.280015
2026-05-26T06:00:00+00:00,15902.8,15904.9,15902.05,15902.9,15902.6,15903,15904.7,15905.1,15901.9,15902.2,15902.6,15903.2,0.6,1650.000023
2026-05-26T06:15:00+00:00,15903,15906.7,15902.8,15906.65,15902.7,15903.3,15906.4,15907,15902.6,15903,15906.4,15906.9,0.5,1956.65002
2026-05-26T06:30:00+00:00,15906.7,15911.2,15905.25,15910.05,15906.4,15907,15911,15911.4,15905,15905.5,15909.7,15910.4,0.7,2258.770029
2026-05-26T06:45:00+00:00,15910.1,15912.05,15907.5,15909.65,15909.9,15910.3,15911.8,15912.3,15907.2,15907.8,15909.5,15909.8,0.3,1930.130029
2026-05-26T07:00:00+00:00,15909.75,15918.3,15909.7,15915.2,15909.5,15910,15918.1,15918.5,15909.4,15910,15915,15915.4,0.4,3146.300036
2026-05-26T07:15:00+00:00,15915.25,15919.05,15915.05,15917.15,15915,15915.5,15918.9,15919.2,15914.9,15915.2,15916.9,15917.4,0.5,2059.570029
2026-05-26T07:30:00+00:00,15916.95,15919.25,15914.85,15917.9,15916.6,15917.3,15919.2,15919.3,15914.6,15915.1,15917.7,15918.1,0.4,1930.510037
2026-05-26T07:45:00+00:00,15917.8,15920.2,15916.55,15919.9,15917.5,15918.1,15920,15920.4,15916.4,15916.7,15919.6,15920.2,0.6,1539.680024
2026-05-26T08:00:00+00:00,15919.75,15924.05,15919.55,15921.9,15919.5,15920,15923.8,15924.3,15919.4,15919.7,15921.7,15922.1,0.4,2338.990034
2026-05-26T08:15:00+00:00,15922,15923.65,15920.5,15922.5,15921.8,15922.2,15923.4,15923.9,15920.3,15920.7,15922.2,15922.8,0.6,1221.230017
2026-05-26T08:30:00+00:00,15922.65,15923.55,15922.25,15922.75,15922.4,15922.9,15923.3,15923.8,15922,15922.5,15922.4,15923.1,0.7,1309.060015
2026-05-26T08:45:00+00:00,15922.7,15923,15919.7,15921.3,15922.4,15923,15922.9,15923.1,15919.5,15919.9,15921.1,15921.5,0.4,1042.550014
2026-05-26T09:00:00+00:00,15921.15,15922.6,15918.55,15919.4,15920.9,15921.4,15922.4,15922.8,15918.3,15918.8,15919.1,15919.7,0.6,1518.440015
2026-05-26T09:15:00+00:00,15919.4,15919.75,15916.45,15918.25,15919.1,15919.7,15919.6,15919.9,15916.3,15916.6,15918,15918.5,0.5,1677.900023
2026-05-26T09:30:00+00:00,15918.15,15919.8,15917.75,15919.7,15917.9,15918.4,15919.6,15920,15917.5,15918,15919.4,15920,0.6,1125.400015
2026-05-26T09:45:00+00:00,15919.6,15919.8,15915.85,15915.95,15919.4,15919.8,15919.6,15920,15915.6,15916.1,15915.7,15916.2,0.5,1380.790015
2026-05-26T10:00:00+00:00,15916,15918,15914.45,15914.95,15915.8,15916.2,15917.7,15918.3,15914.1,15914.8,15914.6,15915.3,0.7,1518.470022
2026-05-26T10:15:00+00:00,15914.9,15915.6,15913.55,15913.65,15914.5,15915.3,15915.4,15915.8,15913.4,15913.7,15913.5,15913.8,0.3,1062.680014
2026-05-26T10:30:00+00:00,15913.6,15915,15910.85,15913.7,15913.5,15913.7,15914.7,15915.3,15910.6,15911.1,15913.5,15913.9,0.4,2678.570024
2026-05-26T10:45:00+00:00,15913.8,15915.2,15913.55,15914.7,15913.6,15914,15915,15915.4,15913.4,15913.7,15914.5,15914.9,0.4,1163.390019
2026-05-26T11:00:00+00:00,15914.55,15915.05,15913.75,15914.95,15914.5,15914.6,15914.8,15915.3,15913.5,15914,15914.6,15915.3,0.7,896.5900156
2026-05-26T11:15:00+00:00,15914.85,15915.9,15913.8,15914.9,15914.6,15915.1,15915.7,15916.1,15913.6,15914,15914.7,15915.1,0.4,1071.360014
2026-05-26T11:30:00+00:00,15914.95,15920,15914.95,15919.3,15914.7,15915.2,15919.9,15920.1,15914.7,15915.2,15919.1,15919.5,0.4,2415.410034
2026-05-26T11:45:00+00:00,15919.4,15921.4,15918.8,15919.4,15919.2,15919.6,15921.2,15921.6,15918.6,15919,15919.2,15919.6,0.4,1443.920022
2026-05-26T12:00:00+00:00,15919.35,15922.55,15918.75,15921.25,15919.2,15919.5,15922.4,15922.7,15918.5,15919,15921,15921.5,0.5,2232.480037
2026-05-26T12:15:00+00:00,15921.15,15922.2,15920.65,15921.25,15921,15921.3,15922,15922.4,15920.4,15920.9,15920.9,15921.6,0.7,1267.190019
2026-05-26T12:30:00+00:00,15921.3,15921.75,15919.05,15920.85,15921,15921.6,15921.6,15921.9,15918.9,15919.2,15920.6,15921.1,0.5,1170.660019
2026-05-26T12:45:00+00:00,15920.9,15922.95,15919.85,15922.65,15920.7,15921.1,15922.8,15923.1,15919.6,15920.1,15922.4,15922.9,0.5,1279.690018
2026-05-26T13:00:00+00:00,15923.05,15926.2,15922.8,15925.05,15922.9,15923.2,15926,15926.4,15922.6,15923,15924.8,15925.3,0.5,2102.15003
2026-05-26T13:15:00+00:00,15925.15,15926.05,15923,15926.05,15924.9,15925.4,15925.8,15926.3,15922.8,15923.2,15925.8,15926.3,0.5,1376.560017
2026-05-26T13:30:00+00:00,15926.05,15928.55,15925.55,15926.3,15925.8,15926.3,15928.4,15928.7,15925.3,15925.8,15926,15926.6,0.6,2207.750028
2026-05-26T13:45:00+00:00,15926.2,15930.1,15924.6,15927.85,15926,15926.4,15929.9,15930.3,15924.4,15924.8,15927.6,15928.1,0.5,4393.450047
2026-05-26T14:00:00+00:00,15927.8,15929.15,15925.25,15927.1,15927.5,15928.1,15928.9,15929.4,15925,15925.5,15927,15927.2,0.2,3020.990053
2026-05-26T14:15:00+00:00,15927.2,15927.9,15925.85,15926.3,15927,15927.4,15927.7,15928.1,15925.7,15926,15926.1,15926.5,0.4,2642.360061
2026-05-26T14:30:00+00:00,15926.25,15926.45,15922.85,15925.2,15926.1,15926.4,15926.3,15926.6,15922.6,15923.1,15924.8,15925.6,0.8,2479.580044
2026-05-26T14:45:00+00:00,15925.25,15932.6,15924.3,15932.2,15924.9,15925.6,15932.4,15932.8,15924.1,15924.5,15932,15932.4,0.4,2300.89004
2026-05-26T15:00:00+00:00,15932.2,15934.8,15930.25,15931.15,15932,15932.4,15934.6,15935,15930,15930.5,15930.9,15931.4,0.5,3031.890044
2026-05-26T15:15:00+00:00,15931.2,15935.25,15931.2,15934.4,15931,15931.4,15935.1,15935.4,15931,15931.4,15934.1,15934.7,0.6,2183.140038
2026-05-26T15:30:00+00:00,15934.35,15938.05,15932.85,15936.55,15934.1,15934.6,15937.8,15938.3,15932.6,15933.1,15936.3,15936.8,0.5,2952.640049
2026-05-26T15:45:00+00:00,15936.65,15937.25,15935.3,15936.4,15936.4,15936.9,15937,15937.5,15935.1,15935.5,15936.2,15936.6,0.4,1449.33002
2026-05-26T16:00:00+00:00,15936.35,15936.35,15930.05,15931.45,15936.2,15936.5,15936.2,15936.5,15929.9,15930.2,15931.2,15931.7,0.5,1200.570018
2026-05-26T16:15:00+00:00,15931.4,15931.65,15928.6,15931.4,15931.2,15931.6,15931.4,15931.9,15928.3,15928.9,15931.2,15931.6,0.4,1328.030022
2026-05-26T16:30:00+00:00,15931.45,15932.65,15928.55,15931.55,15931.2,15931.7,15932.4,15932.9,15928.2,15928.9,15931.4,15931.7,0.3,1246.95002
2026-05-26T16:45:00+00:00,15931.5,15933.9,15930.2,15930.85,15931.3,15931.7,15933.7,15934.1,15930,15930.4,15930.7,15931,0.3,1187.030022
2026-05-26T17:00:00+00:00,15930.95,15931.2,15928.7,15929.8,15930.8,15931.1,15931,15931.4,15928.5,15928.9,15929.5,15930.1,0.6,1033.030015
2026-05-26T17:15:00+00:00,15929.85,15932,15929.4,15931.85,15929.6,15930.1,15931.7,15932.3,15929.2,15929.6,15931.6,15932.1,0.5,883.0800198
2026-05-26T17:30:00+00:00,15931.95,15934.5,15931.25,15934.25,15931.7,15932.2,15934.2,15934.8,15931,15931.5,15934,15934.5,0.5,634.4100132
2026-05-26T17:45:00+00:00,15934.25,15938.05,15934.2,15936.35,15934,15934.5,15937.9,15938.2,15934,15934.4,15936.1,15936.6,0.5,1442.760014
2026-05-26T18:00:00+00:00,15936.25,15937.45,15934,15934.9,15936.1,15936.4,15937.3,15937.6,15933.8,15934.2,15934.7,15935.1,0.4,1499.610022
2026-05-26T18:15:00+00:00,15934.65,15935.15,15931.8,15933.15,15934.5,15934.8,15935,15935.3,15931.6,15932,15932.9,15933.4,0.5,1143.060019
2026-05-26T18:30:00+00:00,15933.4,15934.4,15931.8,15933.9,15933.2,15933.6,15934.2,15934.6,15931.6,15932,15933.7,15934.1,0.4,1031.040018
2026-05-26T18:45:00+00:00,15933.7,15933.7,15930.2,15933.4,15933.6,15933.8,15933.6,15933.8,15930,15930.4,15933.2,15933.6,0.4,1120.900016
2026-05-26T19:00:00+00:00,15933.6,15934.65,15931.6,15933.4,15933.4,15933.8,15934.4,15934.9,15931.4,15931.8,15933.3,15933.5,0.2,896.7200141
2026-05-26T19:15:00+00:00,15933.25,15933.35,15931.75,15933.25,15933.1,15933.4,15933.2,15933.5,15931.4,15932.1,15933,15933.5,0.5,751.4700103
2026-05-26T19:30:00+00:00,15933.15,15933.25,15930.6,15932,15932.9,15933.4,15933,15933.5,15930.4,15930.8,15931.8,15932.2,0.4,640.6600112
2026-05-26T19:45:00+00:00,15932.15,15932.25,15930.25,15931.85,15932,15932.3,15932,15932.5,15929.9,15930.6,15931.6,15932.1,0.5,672.3300098
2026-05-26T20:00:00+00:00,15931.8,15932.15,15930.3,15930.7,15931.6,15932,15931.9,15932.4,15930,15930.6,15930.4,15931,0.6,438.8600085
2026-05-26T20:15:00+00:00,15930.75,15932.15,15930.15,15930.8,15930.5,15931,15931.9,15932.4,15930,15930.3,15930.5,15931.1,0.6,395.9700056
2026-05-26T20:30:00+00:00,15930.85,15933.4,15930.7,15932.15,15930.6,15931.1,15933.1,15933.7,15930.4,15931,15931.9,15932.4,0.5,1012.780014
2026-05-26T20:45:00+00:00,15932.35,15932.35,15929.5,15930.45,15932.1,15932.6,15932.1,15932.6,15928.6,15930.4,15928.6,15932.3,3.7,1713.65002
2026-05-26T21:00:00+00:00,15930.55,15932.8,15929.8,15931.75,15928.7,15932.4,15929.4,15936.2,15927.9,15931.7,15928.9,15934.6,5.7,90.50000036
2026-05-26T21:15:00+00:00,15930.75,15932.15,15930.45,15930.95,15928.8,15932.7,15929.6,15934.7,15928.8,15932.1,15929.1,15932.8,3.7,109.7999995
2026-05-26T21:30:00+00:00,15930.85,15931.9,15930.45,15930.9,15929.1,15932.6,15929.1,15934.7,15928.6,15932.3,15928.7,15933.1,4.4,175.4999973
2026-05-26T21:45:00+00:00,15930.9,15931.6,15927.2,15927.65,15928.7,15933.1,15929.5,15933.7,15925.4,15929,15925.5,15929.8,4.3,135.1499977
2026-05-26T22:00:00+00:00,15926.85,15930.75,15926.65,15929.45,15925.5,15928.2,15930.2,15931.3,15925.3,15928,15928.9,15930,1.1,1048.200004
2026-05-26T22:15:00+00:00,15929.4,15930.4,15928.9,15929.2,15928.7,15930.1,15930.1,15930.7,15928.5,15929.3,15928.8,15929.6,0.8,597.0700097
2026-05-26T22:30:00+00:00,15929.15,15930.3,15928.7,15929,15928.7,15929.6,15929.9,15930.7,15928.3,15929.1,15928.6,15929.4,0.8,282.500005
2026-05-26T22:45:00+00:00,15928.9,15929.05,15926,15926.2,15928.6,15929.2,15928.7,15929.4,15925.6,15926.4,15925.7,15926.7,1,348.6700021
2026-05-26T23:00:00+00:00,15926.15,15927.75,15925,15926.25,15925.6,15926.7,15927.6,15927.9,15924.7,15925.3,15926,15926.5,0.5,491.2500111
2026-05-26T23:15:00+00:00,15926.2,15926.45,15923.6,15924.8,15925.9,15926.5,15926.2,15926.7,15923.3,15923.9,15924.6,15925,0.4,379.400008
2026-05-26T23:30:00+00:00,15924.95,15925.15,15922.05,15922.15,15924.7,15925.2,15924.9,15925.4,15922,15922.1,15922,15922.3,0.3,207.670004
2026-05-26T23:45:00+00:00,15922.05,15925.35,15920.3,15925.25,15922,15922.1,15925.1,15925.6,15920.1,15920.5,15925,15925.5,0.5,679.650015
2026-05-27T00:00:00+00:00,15925.3,15925.4,15920.5,15922.35,15925.1,15925.5,15925.2,15925.6,15920.3,15920.7,15922.1,15922.6,0.5,1979.630029
2026-05-27T00:15:00+00:00,15922.65,15923,15917.75,15920.15,15922.6,15922.7,15922.8,15923.2,15917.5,15918,15919.9,15920.4,0.5,2171.06004
2026-05-27T00:30:00+00:00,15919.95,15924,15919.8,15922.5,15919.7,15920.2,15923.8,15924.2,15919.6,15920,15922.3,15922.7,0.4,1266.660021
2026-05-27T00:45:00+00:00,15922.25,15931.2,15920.65,15928.2,15922.1,15922.4,15931,15931.4,15920.4,15920.9,15927.9,15928.5,0.6,3382.220065
2026-05-27T01:00:00+00:00,15928,15929.65,15922.7,15923.9,15927.8,15928.2,15929.4,15929.9,15922.5,15922.9,15923.6,15924.2,0.6,1559.930026
2026-05-27T01:15:00+00:00,15923.85,15925.75,15921.8,15924.4,15923.5,15924.2,15925.5,15926,15921.6,15922,15924.2,15924.6,0.4,1350.820019
2026-05-27T01:30:00+00:00,15924.35,15928.4,15924.15,15927.05,15924.1,15924.6,15928,15928.8,15923.9,15924.4,15926.8,15927.3,0.5,1916.400034
2026-05-27T01:45:00+00:00,15927.15,15930.55,15926.45,15930.05,15926.9,15927.4,15930.2,15930.9,15926.2,15926.7,15929.8,15930.3,0.5,1032.21002
2026-05-27T02:00:00+00:00,15929.9,15930.35,15926.2,15926.3,15929.7,15930.1,15930.1,15930.6,15926,15926.4,15926.1,15926.5,0.4,2315.640049
2026-05-27T02:15:00+00:00,15926.35,15929.35,15924.9,15929.15,15926.1,15926.6,15929.2,15929.5,15924.7,15925.1,15929.1,15929.2,0.1,1376.540019
2026-05-27T02:30:00+00:00,15929.1,15929.15,15925.65,15926.8,15928.9,15929.3,15929,15929.3,15925.5,15925.8,15926.6,15927,0.4,846.400018
2026-05-27T02:45:00+00:00,15926.75,15926.8,15922.4,15922.6,15926.6,15926.9,15926.6,15927,15922.1,15922.7,15922.1,15923.1,1,1187.470013
2026-05-27T03:00:00+00:00,15922.65,15922.8,15919.15,15920.5,15922.4,15922.9,15922.5,15923.1,15918.9,15919.4,15920.2,15920.8,0.6,1626.680027
2026-05-27T03:15:00+00:00,15920.45,15921.45,15918.95,15920,15920.2,15920.7,15921.3,15921.6,15918.6,15919.3,15919.8,15920.2,0.4,1114.870018
2026-05-27T03:30:00+00:00,15920.1,15923.2,15919.2,15921.3,15919.8,15920.4,15923,15923.4,15919,15919.4,15921.2,15921.4,0.2,1045.610017
2026-05-27T03:45:00+00:00,15921.45,15922.95,15920.5,15920.5,15921.3,15921.6,15922.8,15923.1,15920.3,15920.7,15920.3,15920.7,0.4,951.3000162
2026-05-27T04:00:00+00:00,15920.65,15921.9,15920.25,15921.6,15920.4,15920.9,15921.7,15922.1,15920.1,15920.4,15921.4,15921.8,0.4,297.3000052
2026-05-27T04:15:00+00:00,15921.55,15922.3,15919.9,15922.3,15921.4,15921.7,15922.1,15922.5,15919.7,15920.1,15922.1,15922.5,0.4,671.4000083
2026-05-27T04:30:00+00:00,15922.25,15924.6,15921.5,15922.85,15922,15922.5,15924.4,15924.8,15921.3,15921.7,15922.7,15923,0.3,745.0700109
2026-05-27T04:45:00+00:00,15922.7,15924.8,15922.7,15924.45,15922.5,15922.9,15924.6,15925,15922.5,15922.9,15924.2,15924.7,0.5,798.940012
2026-05-27T05:00:00+00:00,15924.5,15927,15923.2,15925.7,15924.2,15924.8,15926.8,15927.2,15923,15923.4,15925.5,15925.9,0.4,612.1100124
2026-05-27T05:15:00+00:00,15925.85,15927.75,15925.45,15926.6,15925.7,15926,15927.5,15928,15925.3,15925.6,15926.4,15926.8,0.4,421.4300089
2026-05-27T05:30:00+00:00,15926.7,15930.8,15926.6,15930.55,15926.5,15926.9,15930.5,15931.1,15926.4,15926.8,15930.3,15930.8,0.5,1504.010014
2026-05-27T05:45:00+00:00,15930.6,15935.15,15930.25,15934.95,15930.4,15930.8,15934.9,15935.4,15930,15930.5,15934.7,15935.2,0.5,2798.130026
2026-05-27T06:00:00+00:00,15935,15937.95,15933.75,15936.4,15934.8,15935.2,15937.7,15938.2,15933.5,15934,15936.1,15936.7,0.6,2482.060031
2026-05-27T06:15:00+00:00,15936.35,15937.4,15933.65,15934.9,15936,15936.7,15937.2,15937.6,15933.4,15933.9,15934.7,15935.1,0.4,1041.730018
2026-05-27T06:30:00+00:00,15934.95,15936.4,15931.9,15932.3,15934.7,15935.2,15936.2,15936.6,15931.7,15932.1,15932.1,15932.5,0.4,1265.110021
2026-05-27T06:45:00+00:00,15932.25,15936.2,15929.8,15935.5,15932,15932.5,15935.9,15936.5,15929.5,15930.1,15935.3,15935.7,0.4,1479.220021
2026-05-27T07:00:00+00:00,15935.4,15936.7,15933.7,15934.6,15935.1,15935.7,15936.5,15936.9,15933.5,15933.9,15934.4,15934.8,0.4,1572.190026
2026-05-27T07:15:00+00:00,15934.65,15935.8,15932.85,15935,15934.4,15934.9,15935.6,15936,15932.6,15933.1,15934.8,15935.2,0.4,1070.06002
2026-05-27T07:30:00+00:00,15934.95,15935.3,15930.75,15933.15,15934.8,15935.1,15935.1,15935.5,15930.6,15930.9,15932.9,15933.4,0.5,2253.980029
2026-05-27T07:45:00+00:00,15933.25,15936.65,15932.9,15935.85,15933,15933.5,15936.4,15936.9,15932.7,15933.1,15935.8,15935.9,0.1,2242.15002
2026-05-27T08:00:00+00:00,15935.85,15937.55,15931.9,15937.35,15935.8,15935.9,15937.3,15937.8,15931.7,15932.1,15937.1,15937.6,0.5,2396.270028
2026-05-27T08:15:00+00:00,15936.95,15944.55,15936.4,15943.55,15936.8,15937.1,15944.4,15944.7,15936.2,15936.6,15943.4,15943.7,0.3,2907.370042
2026-05-27T08:30:00+00:00,15943.6,15944,15937.25,15938.95,15943.5,15943.7,15943.8,15944.2,15936.9,15937.6,15938.7,15939.2,0.5,1451.740024
2026-05-27T08:45:00+00:00,15939,15940.2,15938.35,15939.4,15938.8,15939.2,15940,15940.4,15938.2,15938.5,15939.2,15939.6,0.4,1724.390024
2026-05-27T09:00:00+00:00,15939.45,15939.95,15933.9,15934.3,15939.2,15939.7,15939.8,15940.1,15933.7,15934.1,15934.1,15934.5,0.4,1131.910019
2026-05-27T09:15:00+00:00,15934.25,15935.3,15931.85,15933.65,15934,15934.5,15935.1,15935.5,15931.7,15932,15933.4,15933.9,0.5,1187.89002
2026-05-27T09:30:00+00:00,15933.5,15935.75,15933.5,15934.95,15933.3,15933.7,15935.5,15936,15933.3,15933.7,15934.6,15935.3,0.7,768.3400158
2026-05-27T09:45:00+00:00,15934.9,15936.05,15932.15,15935.75,15934.7,15935.1,15935.8,15936.3,15931.9,15932.4,15935.5,15936,0.5,1016.000013
2026-05-27T10:00:00+00:00,15935.65,15936.9,15934.75,15935.15,15935.3,15936,15936.6,15937.2,15934.5,15935,15934.9,15935.4,0.5,1336.99002
2026-05-27T10:15:00+00:00,15935.25,15939.25,15934.95,15937.8,15935,15935.5,15939,15939.5,15934.8,15935.1,15937.6,15938,0.4,1033.410017
2026-05-27T10:30:00+00:00,15937.95,15939.2,15936.45,15938.3,15937.8,15938.1,15939,15939.4,15936.2,15936.7,15938.2,15938.4,0.2,776.0500108
2026-05-27T10:45:00+00:00,15938.15,15939.2,15937.45,15938.5,15937.9,15938.4,15939,15939.4,15937.3,15937.6,15938.3,15938.7,0.4,843.4500145
2026-05-27T11:00:00+00:00,15938.7,15941.2,15937.45,15939,15938.5,15938.9,15941,15941.4,15937.3,15937.6,15938.8,15939.2,0.4,1023.710014
2026-05-27T11:15:00+00:00,15938.9,15942.1,15938.3,15942,15938.7,15939.1,15942,15942.2,15938.2,15938.4,15941.8,15942.2,0.4,774.990018
2026-05-27T11:30:00+00:00,15942.1,15944.8,15941,15942.25,15941.9,15942.3,15944.6,15945,15940.8,15941.2,15941.9,15942.6,0.7,1313.570017
2026-05-27T11:45:00+00:00,15942.3,15944.95,15942.2,15943.35,15942,15942.6,15944.8,15945.1,15942,15942.4,15943.1,15943.6,0.5,2422.81003
2026-05-27T12:00:00+00:00,15943.15,15944.65,15941.45,15944.15,15943,15943.3,15944.5,15944.8,15941.3,15941.6,15943.9,15944.4,0.5,2242.800037
2026-05-27T12:15:00+00:00,15944.25,15944.85,15924.7,15933,15944,15944.5,15944.7,15945,15924.5,15924.9,15932.8,15933.2,0.4,10808.09018
2026-05-27T12:30:00+00:00,15933.1,15937.35,15929.25,15937.15,15933,15933.2,15937,15937.7,15929,15929.5,15936.8,15937.5,0.7,5015.810093
2026-05-27T12:45:00+00:00,15937.2,15942.35,15936.95,15941.8,15937,15937.4,15942.2,15942.5,15936.8,15937.1,15941.6,15942,0.4,2545.060044
2026-05-27T13:00:00+00:00,15941.8,15942.8,15939.05,15940.9,15941.6,15942,15942.6,15943,15938.9,15939.2,15940.7,15941.1,0.4,3460.780054
2026-05-27T13:15:00+00:00,15940.8,15943,15940.25,15941.95,15940.5,15941.1,15942.8,15943.2,15940.1,15940.4,15941.8,15942.1,0.3,2471.42004
2026-05-27T13:30:00+00:00,15942.05,15943.6,15940.7,15941.15,15941.8,15942.3,15943.4,15943.8,15940.5,15940.9,15941,15941.3,0.3,2367.120042
2026-05-27T13:45:00+00:00,15941.2,15941.85,15938.5,15938.5,15941,15941.4,15941.7,15942,15938.3,15938.7,15938.3,15938.7,0.4,4186.950075
2026-05-27T14:00:00+00:00,15938.4,15941.45,15937.6,15938.3,15938.2,15938.6,15941.2,15941.7,15937.4,15937.8,15938.1,15938.5,0.4,2567.420035
2026-05-27T14:15:00+00:00,15938.35,15941.1,15937.05,15939.55,15938.2,15938.5,15940.9,15941.3,15936.9,15937.2,15939.4,15939.7,0.3,3043.250048
2026-05-27T14:30:00+00:00,15939.3,15945.1,15938.1,15941.8,15939.2,15939.4,15944.9,15945.3,15937.9,15938.3,15941.6,15942,0.4,4459.130065
2026-05-27T14:45:00+00:00,15941.8,15951.15,15940.35,15951,15941.5,15942.1,15950.9,15951.4,15940.1,15940.6,15950.7,15951.3,0.6,9203.030112
2026-05-27T15:00:00+00:00,15951.05,15953.7,15945.25,15945.8,15950.8,15951.3,15953.5,15953.9,15945.1,15945.4,15945.6,15946,0.4,5603.850066
2026-05-27T15:15:00+00:00,15945.9,15949.3,15945.9,15947.15,15945.7,15946.1,15949.2,15949.4,15945.7,15946.1,15946.9,15947.4,0.5,2247.89004
2026-05-27T15:30:00+00:00,15946.9,15949.3,15943.65,15948.4,15946.7,15947.1,15949.1,15949.5,15943.4,15943.9,15948.2,15948.6,0.4,2866.770049
2026-05-27T15:45:00+00:00,15948.5,15950.5,15945.9,15947.4,15948.1,15948.9,15950.3,15950.7,15945.6,15946.2,15947.2,15947.6,0.4,1539.640029
2026-05-27T16:00:00+00:00,15947.1,15952.65,15946.95,15951.1,15946.9,15947.3,15952.5,15952.8,15946.8,15947.1,15950.9,15951.3,0.4,1909.140035
2026-05-27T16:15:00+00:00,15951.05,15951.7,15948.5,15950.5,15950.9,15951.2,15951.5,15951.9,15948.3,15948.7,15950.1,15950.9,0.8,925.2300137
2026-05-27T16:30:00+00:00,15950.45,15951.95,15948.5,15949.6,15950.2,15950.7,15951.8,15952.1,15948.3,15948.7,15949.4,15949.8,0.4,740.4900161
2026-05-27T16:45:00+00:00,15949.65,15950.6,15949.15,15949.8,15949.5,15949.8,15950.4,15950.8,15949,15949.3,15949.6,15950,0.4,626.7800126
2026-05-27T17:00:00+00:00,15949.75,15954.95,15949.6,15954.5,15949.5,15950,15954.8,15955.1,15949.4,15949.8,15954.4,15954.6,0.2,1704.02003
2026-05-27T17:15:00+00:00,15954.4,15957.95,15954.15,15957.05,15954.3,15954.5,15957.8,15958.1,15954,15954.3,15956.9,15957.2,0.3,1181.650016
2026-05-27T17:30:00+00:00,15957.1,15957.55,15952.85,15952.85,15957,15957.2,15957.5,15957.6,15952.7,15953,15952.7,15953,0.3,1040.40002
2026-05-27T17:45:00+00:00,15952.9,15953.35,15951.6,15952.5,15952.8,15953,15953.1,15953.6,15951.5,15951.7,15952.3,15952.7,0.4,1073.420023
2026-05-27T18:00:00+00:00,15952.75,15954.8,15951.95,15954.7,15952.6,15952.9,15954.6,15955,15951.8,15952.1,15954.5,15954.9,0.4,717.0500144
2026-05-27T18:15:00+00:00,15954.55,15955.8,15952.35,15953.25,15954.4,15954.7,15955.7,15955.9,15952.2,15952.5,15953.1,15953.4,0.3,824.7000132
2026-05-27T18:30:00+00:00,15953.3,15954.75,15952.2,15952.4,15953.1,15953.5,15954.5,15955,15952,15952.4,15952.1,15952.7,0.6,763.1500161
2026-05-27T18:45:00+00:00,15952.7,15953.4,15949.5,15950.55,15952.6,15952.8,15953.1,15953.7,15949.3,15949.7,15950.2,15950.9,0.7,866.3900129
2026-05-27T19:00:00+00:00,15950.7,15953.25,15950.2,15952.45,15950.5,15950.9,15953.1,15953.4,15950,15950.4,15952.3,15952.6,0.3,658.4200099
2026-05-27T19:15:00+00:00,15952.4,15953.1,15951.8,15952.25,15952.2,15952.6,15952.9,15953.3,15951.6,15952,15952.1,15952.4,0.3,524.4000089
2026-05-27T19:30:00+00:00,15952.4,15953.4,15950.85,15953.05,15952.2,15952.6,15953.3,15953.5,15950.7,15951,15952.9,15953.2,0.3,703.9100132
2026-05-27T19:45:00+00:00,15953.15,15955.25,15952.95,15954.05,15953,15953.3,15955,15955.5,15952.8,15953.1,15953.9,15954.2,0.3,640.8300134
2026-05-27T20:00:00+00:00,15954.1,15954.2,15950.4,15951.65,15954,15954.2,15954,15954.4,15950.1,15950.7,15951.4,15951.9,0.5,1079.590015
2026-05-27T20:15:00+00:00,15951.6,15953.75,15951.55,15952.65,15951.4,15951.8,15953.5,15954,15951.3,15951.8,15952.3,15953,0.7,546.4900109
2026-05-27T20:30:00+00:00,15952.6,15953.55,15952.05,15952.5,15952.3,15952.9,15953.3,15953.8,15951.8,15952.3,15952.3,15952.7,0.4,803.5600097
2026-05-27T20:45:00+00:00,15952.65,15954,15951.55,15952.8,15952.4,15952.9,15953.7,15954.3,15950.7,15952.4,15951.3,15954.3,3,1402.590023
2026-05-27T21:00:00+00:00,15952.1,15953.15,15946.5,15947.85,15950.3,15953.9,15950.3,15956,15941.7,15951.3,15943.6,15952.1,8.5,137.5900013
2026-05-27T21:15:00+00:00,15949,15949,15946.15,15947.35,15945.9,15952.1,15945.9,15952.1,15942.1,15950.2,15944.4,15950.3,5.9,117.9000013
2026-05-27T21:30:00+00:00,15948.05,15948.5,15945.65,15946.3,15945.8,15950.3,15945.8,15951.2,15943.8,15947.5,15944.1,15948.5,4.4,243.5000053
2026-05-27T21:45:00+00:00,15945.8,15948.45,15944.75,15947.85,15944.1,15947.5,15947,15949.9,15942.4,15947.1,15946.7,15949,2.3,285.7500021
2026-05-27T22:00:00+00:00,15947.7,15951.2,15947,15949.2,15946.4,15949,15950.8,15951.6,15946.2,15947.8,15948.8,15949.6,0.8,555.8299997
2026-05-27T22:15:00+00:00,15949.3,15949.6,15947.35,15949.5,15948.9,15949.7,15949.2,15950,15947,15947.7,15949,15950,1,284.9200065
2026-05-27T22:30:00+00:00,15949.35,15951.1,15948.35,15950.4,15949.1,15949.6,15950.8,15951.4,15948,15948.7,15950.1,15950.7,0.6,327.7400079
2026-05-27T22:45:00+00:00,15950.45,15951.8,15950.3,15950.4,15950.2,15950.7,15951.5,15952.1,15949.9,15950.7,15950,15950.8,0.8,298.2800061
2026-05-27T23:00:00+00:00,15950.7,15951.25,15949.65,15950.75,15950.3,15951.1,15951,15951.5,15949.3,15950,15950.5,15951,0.5,113.2500031
2026-05-27T23:15:00+00:00,15950.9,15954.8,15949.55,15954.35,15950.7,15951.1,15954.5,15955.1,15949.3,15949.8,15954.1,15954.6,0.5,758.9900144
2026-05-27T23:30:00+00:00,15954.8,15955.95,15952.5,15954.65,15954.6,15955,15955.7,15956.2,15952.1,15952.9,15954.4,15954.9,0.5,824.7300129
2026-05-27T23:45:00+00:00,15954.8,15957.8,15954.4,15957.15,15954.6,15955,15957.6,15958,15954.1,15954.7,15956.9,15957.4,0.5,554.9000113
2026-05-28T00:00:00+00:00,15957.4,15958.35,15955.25,15956.75,15957.2,15957.6,15958.1,15958.6,15955,15955.5,15956.4,15957.1,0.7,1235.610021
2026-05-28T00:15:00+00:00,15956.75,15957.65,15954.55,15955.05,15956.4,15957.1,15957.3,15958,15954.3,15954.8,15954.7,15955.4,0.7,998.9700187
2026-05-28T00:30:00+00:00,15954.95,15959.45,15954.95,15957.75,15954.7,15955.2,15959.2,15959.7,15954.7,15955.2,15957.5,15958,0.5,1194.540022
2026-05-28T00:45:00+00:00,15957.65,15960.2,15955.5,15955.8,15957.4,15957.9,15959.9,15960.5,15955.2,15955.8,15955.5,15956.1,0.6,2375.630033
2026-05-28T01:00:00+00:00,15956,15957.9,15954.05,15955.15,15955.8,15956.2,15957.6,15958.2,15953.8,15954.3,15954.8,15955.5,0.7,1611.190022
2026-05-28T01:15:00+00:00,15955.05,15955.75,15953.95,15955.4,15954.7,15955.4,15955.6,15955.9,15953.7,15954.2,15955.1,15955.7,0.6,905.3200132
2026-05-28T01:30:00+00:00,15955.25,15957.95,15953.95,15957.55,15955,15955.5,15957.7,15958.2,15953.7,15954.2,15957.4,15957.7,0.3,638.9500113
2026-05-28T01:45:00+00:00,15957.6,15959.2,15957.35,15958.95,15957.5,15957.7,15959,15959.4,15957.2,15957.5,15958.7,15959.2,0.5,796.3700136
2026-05-28T02:00:00+00:00,15958.85,15960.3,15957.05,15957.45,15958.5,15959.2,15960.1,15960.5,15956.9,15957.2,15957.2,15957.7,0.5,891.3600168
2026-05-28T02:15:00+00:00,15957.5,15957.5,15953,15953.9,15957.3,15957.7,15957.3,15957.7,15952.8,15953.2,15953.7,15954.1,0.4,412.7200075
2026-05-28T02:30:00+00:00,15953.75,15956.3,15952.45,15955.5,15953.6,15953.9,15956,15956.6,15952.4,15952.5,15955.3,15955.7,0.4,556.0500082
2026-05-28T02:45:00+00:00,15955.55,15958.15,15955.5,15955.85,15955.4,15955.7,15958,15958.3,15955.3,15955.7,15955.8,15955.9,0.1,975.5900196
2026-05-28T03:00:00+00:00,15955.8,15957.35,15954,15956.8,15955.7,15955.9,15957,15957.7,15953.7,15954.3,15956.6,15957,0.4,1784.030023
2026-05-28T03:15:00+00:00,15956.8,15958.95,15956.75,15958.6,15956.6,15957,15958.7,15959.2,15956.5,15957,15958.4,15958.8,0.4,1175.250019
2026-05-28T03:30:00+00:00,15958.55,15963.2,15958.5,15962.6,15958.4,15958.7,15963,15963.4,15958.3,15958.7,15962.3,15962.9,0.6,1808.490033
2026-05-28T03:45:00+00:00,15962.6,15965.3,15961.7,15961.8,15962.3,15962.9,15965.1,15965.5,15961.4,15962,15961.6,15962,0.4,1642.54002
2026-05-28T04:00:00+00:00,15961.9,15961.95,15953.35,15953.6,15961.8,15962,15961.8,15962.1,15953.2,15953.5,15953.3,15953.9,0.6,2292.410033
2026-05-28T04:15:00+00:00,15953.25,15957.7,15952.65,15956.5,15953.1,15953.4,15957.4,15958,15952.4,15952.9,15956.3,15956.7,0.4,1900.170029
2026-05-28T04:30:00+00:00,15956.4,15959,15954,15958.2,15956.2,15956.6,15958.8,15959.2,15953.8,15954.2,15957.8,15958.6,0.8,636.0700096
2026-05-28T04:45:00+00:00,15958.1,15959.55,15957.1,15957.8,15957.8,15958.4,15959.2,15959.9,15956.9,15957.3,15957.5,15958.1,0.6,738.7800099
2026-05-28T05:00:00+00:00,15957.75,15958.15,15955.05,15955.55,15957.5,15958,15957.9,15958.4,15954.8,15955.3,15955.3,15955.8,0.5,1229.790015
2026-05-28T05:15:00+00:00,15955.8,15957.75,15954.9,15956.75,15955.7,15955.9,15957.5,15958,15954.7,15955.1,15956.4,15957.1,0.7,594.6500107
2026-05-28T05:30:00+00:00,15956.65,15956.8,15953.85,15954.3,15956.4,15956.9,15956.6,15957,15953.6,15954.1,15954.1,15954.5,0.4,1099.100018
2026-05-28T05:45:00+00:00,15954.2,15956.75,15953.3,15955.8,15954,15954.4,15956.4,15957.1,15953.1,15953.5,15955.6,15956,0.4,550.0900131
2026-05-28T06:00:00+00:00,15955.6,15957.35,15952.1,15952.2,15955.4,15955.8,15957.1,15957.6,15951.8,15952.4,15951.8,15952.6,0.8,2048.820026
2026-05-28T06:15:00+00:00,15952.2,15953.35,15950.7,15952.1,15951.9,15952.5,15953.2,15953.5,15950.5,15950.9,15951.9,15952.3,0.4,1550.320022
2026-05-28T06:30:00+00:00,15952.4,15953.4,15947.35,15947.7,15952.3,15952.5,15953.2,15953.6,15947.1,15947.6,15947.5,15947.9,0.4,2171.220025
2026-05-28T06:45:00+00:00,15947.8,15949.45,15947.2,15949.15,15947.5,15948.1,15949.2,15949.7,15946.9,15947.5,15948.9,15949.4,0.5,1742.980014
2026-05-28T07:00:00+00:00,15948.95,15949.7,15944.2,15946.65,15948.6,15949.3,15949.5,15949.9,15944,15944.4,15946.5,15946.8,0.3,2186.890029
2026-05-28T07:15:00+00:00,15946.85,15951.4,15946.75,15950.75,15946.7,15947,15951.3,15951.5,15946.5,15947,15950.6,15950.9,0.3,2628.130022
2026-05-28T07:30:00+00:00,15950.7,15952.4,15949.05,15949.5,15950.5,15950.9,15952.2,15952.6,15948.8,15949.3,15949.3,15949.7,0.4,1694.140024
2026-05-28T07:45:00+00:00,15949.35,15951.3,15947.15,15947.9,15949.2,15949.5,15951.1,15951.5,15947,15947.3,15947.7,15948.1,0.4,1467.850023
2026-05-28T08:00:00+00:00,15947.7,15949.8,15945.1,15949.4,15947.5,15947.9,15949.6,15950,15945,15945.2,15949.2,15949.6,0.4,1940.67003
2026-05-28T08:15:00+00:00,15949.45,15952.65,15948.55,15950.3,15949.2,15949.7,15952.4,15952.9,15948.3,15948.8,15950.1,15950.5,0.4,1893.390019
2026-05-28T08:30:00+00:00,15950.35,15951.4,15947.15,15948,15950.1,15950.6,15951.2,15951.6,15946.9,15947.4,15947.8,15948.2,0.4,1567.080019
2026-05-28T08:45:00+00:00,15948.05,15949.15,15945.35,15945.8,15947.9,15948.2,15949,15949.3,15945.1,15945.6,15945.6,15946,0.4,973.3600166
2026-05-28T09:00:00+00:00,15945.75,15947,15942.05,15942.35,15945.6,15945.9,15946.8,15947.2,15941.8,15942.3,15942.1,15942.6,0.5,1505.680018
2026-05-28T09:15:00+00:00,15942.35,15943.15,15938.3,15939.5,15942.1,15942.6,15942.9,15943.4,15938,15938.6,15939.3,15939.7,0.4,1339.05002
2026-05-28T09:30:00+00:00,15939.8,15942.75,15939.1,15939.3,15939.6,15940,15942.5,15943,15938.9,15939.3,15939,15939.6,0.6,1314.220018
2026-05-28T09:45:00+00:00,15939.4,15942,15939.1,15941.7,15939.2,15939.6,15941.8,15942.2,15938.9,15939.3,15941.5,15941.9,0.4,916.5400192
2026-05-28T10:00:00+00:00,15941.7,15942.2,15938.2,15938.3,15941.5,15941.9,15942.1,15942.3,15938,15938.4,15938.1,15938.5,0.4,771.1100156
2026-05-28T10:15:00+00:00,15938.05,15940.8,15938,15939.15,15937.9,15938.2,15940.6,15941,15937.8,15938.2,15939,15939.3,0.3,1071.94002
2026-05-28T10:30:00+00:00,15939.2,15945.7,15939.15,15945.4,15939,15939.4,15945.5,15945.9,15939,15939.3,15945.1,15945.7,0.6,825.5000135
2026-05-28T10:45:00+00:00,15945.35,15946.7,15941.4,15946.7,15945.2,15945.5,15946.5,15946.9,15941.2,15941.6,15946.5,15946.9,0.4,2443.550043
2026-05-28T11:00:00+00:00,15946.8,15946.95,15942.25,15944.25,15946.6,15947,15946.7,15947.2,15942.1,15942.4,15944.1,15944.4,0.3,2579.310045
2026-05-28T11:15:00+00:00,15944.15,15945.9,15941.8,15945.6,15943.9,15944.4,15945.8,15946,15941.6,15942,15945.4,15945.8,0.4,1196.810021
2026-05-28T11:30:00+00:00,15945.65,15946.25,15944.55,15945.25,15945.5,15945.8,15946.1,15946.4,15944.3,15944.8,15944.9,15945.6,0.7,823.590013
2026-05-28T11:45:00+00:00,15945.2,15946.9,15944.2,15946.35,15944.9,15945.5,15946.7,15947.1,15944,15944.4,15946.3,15946.4,0.1,1933.650036
2026-05-28T12:00:00+00:00,15946.1,15946.2,15942.1,15942.1,15945.9,15946.3,15946,15946.4,15941.9,15942.3,15941.9,15942.3,0.4,2363.870039
2026-05-28T12:15:00+00:00,15942.3,15944.5,15940.85,15942.15,15942.1,15942.5,15944.2,15944.8,15940.6,15941.1,15941.5,15942.8,1.3,1911.990029
2026-05-28T12:30:00+00:00,15942.25,15942.45,15932.65,15935.25,15941.5,15943,15941.5,15943.4,15932.2,15933.1,15935,15935.5,0.5,5041.230076
2026-05-28T12:45:00+00:00,15935.35,15937.5,15931.6,15936.9,15935.1,15935.6,15937.3,15937.7,15931.4,15931.8,15936.7,15937.1,0.4,2956.890046
2026-05-28T13:00:00+00:00,15936.85,15938.9,15932.3,15938.45,15936.6,15937.1,15938.7,15939.1,15932.1,15932.5,15938.2,15938.7,0.5,3194.460047
2026-05-28T13:15:00+00:00,15938.4,15940.1,15937.45,15939,15938.1,15938.7,15939.9,15940.3,15937.2,15937.7,15938.8,15939.2,0.4,2375.080027
2026-05-28T13:30:00+00:00,15938.75,15943.55,15938.3,15941.7,15938.6,15938.9,15943.4,15943.7,15938.1,15938.5,15941.5,15941.9,0.4,2834.390035
2026-05-28T13:45:00+00:00,15941.85,15945.95,15940.2,15945.35,15941.7,15942,15945.8,15946.1,15940,15940.4,15944.9,15945.8,0.9,2184.680032
2026-05-28T14:00:00+00:00,15945.55,15949.3,15918.45,15928.9,15945.2,15945.9,15949.1,15949.5,15918,15918.9,15928.7,15929.1,0.4,6046.450101
2026-05-28T14:15:00+00:00,15928.85,15935.5,15921.5,15924.25,15928.6,15929.1,15935.3,15935.7,15921.3,15921.7,15924,15924.5,0.5,8154.40014
2026-05-28T14:30:00+00:00,15924.4,15934.1,15920.45,15923.55,15924.1,15924.7,15933.8,15934.4,15920.3,15920.6,15923.4,15923.7,0.3,9209.090127
2026-05-28T14:45:00+00:00,15923.5,15930.1,15920.35,15922.6,15923.3,15923.7,15930,15930.2,15920.1,15920.6,15922.4,15922.8,0.4,9227.350118
2026-05-28T15:00:00+00:00,15922.5,15924,15918.5,15920.75,15922.3,15922.7,15923.7,15924.3,15918.3,15918.7,15920.6,15920.9,0.3,4562.610071
2026-05-28T15:15:00+00:00,15920.6,15924.15,15918.4,15921.05,15920.4,15920.8,15924,15924.3,15918.2,15918.6,15920.9,15921.2,0.3,2316.180036
2026-05-28T15:30:00+00:00,15920.85,15929.65,15919.9,15927.65,15920.7,15921,15929.5,15929.8,15919.7,15920.1,15927.5,15927.8,0.3,2320.710044
2026-05-28T15:45:00+00:00,15927.75,15929.45,15926.6,15929.3,15927.5,15928,15929.3,15929.6,15926.4,15926.8,15929.1,15929.5,0.4,1754.940034
2026-05-28T16:00:00+00:00,15929.25,15933.9,15927.35,15927.75,15929.1,15929.4,15933.7,15934.1,15927.2,15927.5,15927.6,15927.9,0.3,2593.510045
2026-05-28T16:15:00+00:00,15927.6,15930.6,15911.4,15917.3,15927.5,15927.7,15930.4,15930.8,15911.3,15911.5,15917.2,15917.4,0.2,4657.310082
2026-05-28T16:30:00+00:00,15917.4,15921.7,15917.4,15918.65,15917.3,15917.5,15921.5,15921.9,15917.3,15917.5,15918.4,15918.9,0.5,3420.550063
2026-05-28T16:45:00+00:00,15918.55,15918.8,15915.15,15916.55,15918.3,15918.8,15918.6,15919,15914.9,15915.4,15916.4,15916.7,0.3,2599.58005
2026-05-28T17:00:00+00:00,15916.45,15920.05,15914.85,15919.95,15916.2,15916.7,15919.9,15920.2,15914.6,15915.1,15919.8,15920.1,0.3,1798.090026
2026-05-28T17:15:00+00:00,15919.85,15924.1,15918.75,15924,15919.6,15920.1,15923.9,15924.3,15918.5,15919,15923.7,15924.3,0.6,931.5700184
2026-05-28T17:30:00+00:00,15923.9,15923.9,15919.75,15921.2,15923.7,15924.1,15923.7,15924.1,15919.5,15920,15921,15921.4,0.4,717.1500182
2026-05-28T17:45:00+00:00,15921.05,15923.65,15919.1,15920.05,15920.9,15921.2,15923.5,15923.8,15919,15919.2,15919.9,15920.2,0.3,1304.850025
2026-05-28T18:00:00+00:00,15919.9,15923.2,15918.55,15920.35,15919.7,15920.1,15923.1,15923.3,15918.3,15918.8,15920.3,15920.4,0.1,1593.650036
2026-05-28T18:15:00+00:00,15920.4,15925.55,15917.5,15925,15920.3,15920.5,15925.5,15925.6,15917.3,15917.7,15924.8,15925.2,0.4,3387.700059
2026-05-28T18:30:00+00:00,15925.1,15928.45,15925.05,15927.5,15924.9,15925.3,15928.3,15928.6,15924.9,15925.2,15927.3,15927.7,0.4,1912.890027
2026-05-28T18:45:00+00:00,15927.6,15927.6,15924.75,15925.9,15927.5,15927.7,15927.5,15927.7,15924.5,15925,15925.7,15926.1,0.4,2770.610026
2026-05-28T19:00:00+00:00,15926,15928.85,15925.7,15927.8,15925.8,15926.2,15928.6,15929.1,15925.5,15925.9,15927.7,15927.9,0.2,1349.660023
2026-05-28T19:15:00+00:00,15927.7,15927.95,15925.3,15925.35,15927.5,15927.9,15927.8,15928.1,15925.2,15925.4,15925.2,15925.5,0.3,613.8300154
2026-05-28T19:30:00+00:00,15925.4,15925.55,15920.95,15920.95,15925.2,15925.6,15925.3,15925.8,15920.7,15921.2,15920.7,15921.2,0.5,1254.760031
2026-05-28T19:45:00+00:00,15921.2,15925.2,15921.1,15924.9,15921.1,15921.3,15925.1,15925.3,15920.9,15921.3,15924.7,15925.1,0.4,1531.170035
2026-05-28T20:00:00+00:00,15924.75,15926.4,15923.95,15924.95,15924.5,15925,15926.1,15926.7,15923.7,15924.2,15924.7,15925.2,0.5,1182.850021
2026-05-28T20:15:00+00:00,15924.9,15927.2,15923.8,15926.25,15924.6,15925.2,15926.9,15927.5,15923.5,15924.1,15925.9,15926.6,0.7,433.5700068
2026-05-28T20:30:00+00:00,15926.3,15927.5,15925,15926.1,15926,15926.6,15927.2,15927.8,15924.7,15925.3,15925.8,15926.4,0.6,473.4000072
2026-05-28T20:45:00+00:00,15926.05,15926.5,15923.35,15924.05,15925.8,15926.3,15926.1,15926.9,15922.2,15924.5,15922.7,15925.4,2.7,913.3300132
2026-05-28T21:00:00+00:00,15924.1,15924.5,15920.5,15921.25,15922.7,15925.5,15922.7,15926.3,15917.9,15923.1,15918.4,15924.1,5.7,67.0500018
2026-05-28T21:15:00+00:00,15921.45,15921.8,15920.55,15921.25,15919,15923.9,15919.4,15924.2,15918,15923.1,15918.8,15923.7,4.9,101.4000039
2026-05-28T21:30:00+00:00,15921.7,15926.05,15921.1,15924.15,15919.7,15923.7,15923.3,15928.8,15918.9,15923.3,15922,15926.3,4.3,1197.150032
2026-05-28T21:45:00+00:00,15924.1,15925.7,15923,15925.35,15922,15926.2,15923.2,15928.2,15920.8,15925.2,15922.6,15928.1,5.5,249.750006
2026-05-28T22:00:00+00:00,15925.2,15926.85,15921.9,15922.65,15922.5,15927.9,15925.8,15927.9,15921.1,15922.7,15922.3,15923,0.7,878.9100056
2026-05-28T22:15:00+00:00,15922.7,15925.65,15922.7,15925.3,15922.3,15923.1,15925.3,15926,15922.3,15923.1,15925,15925.6,0.6,390.9700078
2026-05-28T22:30:00+00:00,15925.3,15928,15925.2,15925.35,15925,15925.6,15927.7,15928.3,15924.9,15925.5,15925,15925.7,0.7,387.7000059
2026-05-28T22:45:00+00:00,15925.3,15927.85,15923.9,15926.6,15925,15925.6,15927.5,15928.2,15923.5,15924.3,15926.2,15927,0.8,570.7900077
2026-05-28T23:00:00+00:00,15926.6,15926.8,15923.7,15925.4,15926.2,15927,15926.5,15927.1,15923.5,15923.9,15925.2,15925.6,0.4,547.6100135
2026-05-28T23:15:00+00:00,15925.35,15925.65,15923.5,15924.05,15925.1,15925.6,15925.4,15925.9,15923.2,15923.8,15923.5,15924.6,1.1,460.550007
2026-05-28T23:30:00+00:00,15924.1,15928.15,15922.65,15926.7,15923.5,15924.7,15927.5,15928.8,15922.3,15923,15926.5,15926.9,0.4,930.3700103
2026-05-28T23:45:00+00:00,15926.8,15927.85,15922.35,15927.45,15926.4,15927.2,15927.5,15928.2,15922,15922.7,15927.2,15927.7,0.5,995.1600164
2026-05-29T00:00:00+00:00,15927.05,15931.3,15926.25,15929.15,15927,15927.1,15931.1,15931.5,15926,15926.5,15929,15929.3,0.3,2120.390029
2026-05-29T00:15:00+00:00,15929.25,15929.7,15924.85,15927.7,15929,15929.5,15929.4,15930,15924.6,15925.1,15927.5,15927.9,0.4,1760.860024
2026-05-29T00:30:00+00:00,15927.75,15930.35,15926.7,15927.55,15927.5,15928,15930.2,15930.5,15926.5,15926.9,15927.3,15927.8,0.5,1345.63002
2026-05-29T00:45:00+00:00,15927.55,15932.65,15927.4,15929.3,15927.4,15927.7,15932.5,15932.8,15927.2,15927.6,15929.1,15929.5,0.4,2458.660054
2026-05-29T01:00:00+00:00,15929.25,15931.9,15925.45,15926.35,15929.1,15929.4,15931.7,15932.1,15925.1,15925.8,15926,15926.7,0.7,1821.680033
2026-05-29T01:15:00+00:00,15926.3,15928,15925.45,15927.55,15925.9,15926.7,15927.8,15928.2,15925.2,15925.7,15927.2,15927.9,0.7,1515.45002
2026-05-29T01:30:00+00:00,15927.65,15929.4,15927.25,15928.85,15927.4,15927.9,15929.1,15929.7,15927,15927.5,15928.6,15929.1,0.5,985.5200126
2026-05-29T01:45:00+00:00,15928.95,15932.9,15928.95,15931.6,15928.7,15929.2,15932.7,15933.1,15928.7,15929.2,15931.5,15931.7,0.2,1349.300019
2026-05-29T02:00:00+00:00,15931.8,15932.3,15929.65,15929.8,15931.7,15931.9,15932,15932.6,15929.3,15930,15929.6,15930,0.4,1082.420016
2026-05-29T02:15:00+00:00,15929.85,15931.35,15929.65,15929.9,15929.5,15930.2,15931.2,15931.5,15929.4,15929.9,15929.7,15930.1,0.4,1006.55002
2026-05-29T02:30:00+00:00,15930.2,15931.05,15927.7,15928.75,15930.1,15930.3,15930.9,15931.2,15927.5,15927.9,15928.5,15929,0.5,549.9000126
2026-05-29T02:45:00+00:00,15928.2,15931.45,15927.45,15931.4,15928.1,15928.3,15931.3,15931.6,15927.3,15927.6,15931.2,15931.6,0.4,525.9500132
2026-05-29T03:00:00+00:00,15931.5,15934.05,15931.2,15933.2,15931.3,15931.7,15933.8,15934.3,15931,15931.4,15932.9,15933.5,0.6,1036.270021
2026-05-29T03:15:00+00:00,15933.15,15935.55,15932.55,15933.65,15932.7,15933.6,15935.4,15935.7,15932.3,15932.8,15933.4,15933.9,0.5,1200.540023
2026-05-29T03:30:00+00:00,15933.6,15935.2,15932.35,15934.3,15933.3,15933.9,15935,15935.4,15932.1,15932.6,15934.1,15934.5,0.4,917.4100149
2026-05-29T03:45:00+00:00,15934.2,15936.85,15934.15,15936.1,15934,15934.4,15936.7,15937,15934,15934.3,15935.9,15936.3,0.4,773.7300135
2026-05-29T04:00:00+00:00,15936.1,15937.85,15934.35,15935.1,15935.9,15936.3,15937.7,15938,15934.2,15934.5,15934.9,15935.3,0.4,805.6900159
2026-05-29T04:15:00+00:00,15934.95,15935.55,15933.75,15933.9,15934.8,15935.1,15935.4,15935.7,15933.5,15934,15933.7,15934.1,0.4,1003.500018
2026-05-29T04:30:00+00:00,15934.05,15935.8,15931.85,15932.15,15933.8,15934.3,15935.6,15936,15931.6,15932.1,15931.9,15932.4,0.5,848.3200127
2026-05-29T04:45:00+00:00,15932.15,15932.65,15930.15,15930.25,15932,15932.3,15932.4,15932.9,15930,15930.3,15930,15930.5,0.5,652.7900112
2026-05-29T05:00:00+00:00,15930.2,15932.75,15928.55,15928.6,15930,15930.4,15932.6,15932.9,15928.4,15928.7,15928.4,15928.8,0.4,628.8000131
2026-05-29T05:15:00+00:00,15928.75,15930.65,15928.75,15930.2,15928.5,15929,15930.4,15930.9,15928.5,15929,15930,15930.4,0.4,825.2200141
2026-05-29T05:30:00+00:00,15930.1,15931.35,15928.95,15928.95,15929.9,15930.3,15931.2,15931.5,15928.8,15929.1,15928.8,15929.1,0.3,737.6500111
2026-05-29T05:45:00+00:00,15929,15933.4,15928.95,15931.3,15928.9,15929.1,15933.1,15933.7,15928.8,15929.1,15931.1,15931.5,0.4,1021.140017
2026-05-29T06:00:00+00:00,15931.05,15933.2,15930.1,15930.25,15930.8,15931.3,15933,15933.4,15929.9,15930.3,15930.1,15930.4,0.3,1431.000023
2026-05-29T06:15:00+00:00,15930.3,15932.4,15929.45,15930.65,15930.1,15930.5,15932.1,15932.7,15929.3,15929.6,15930.5,15930.8,0.3,840.6600173
2026-05-29T06:30:00+00:00,15930.7,15930.8,15924.75,15924.9,15930.5,15930.9,15930.6,15931,15924.5,15925,15924.7,15925.1,0.4,1730.310027
2026-05-29T06:45:00+00:00,15924.85,15927.5,15920.05,15921.4,15924.6,15925.1,15927.3,15927.7,15919.9,15920.2,15921.2,15921.6,0.4,1778.540032
2026-05-29T07:00:00+00:00,15921.6,15925.9,15920.55,15922.35,15921.4,15921.8,15925.7,15926.1,15920.2,15920.9,15922.1,15922.6,0.5,2931.660052
2026-05-29T07:15:00+00:00,15922.5,15928.1,15920.95,15927.6,15922.3,15922.7,15927.9,15928.3,15920.8,15921.1,15927.4,15927.8,0.4,1608.010024
2026-05-29T07:30:00+00:00,15927.8,15931.75,15927.8,15929.1,15927.6,15928,15931.6,15931.9,15927.6,15928,15928.9,15929.3,0.4,1630.230029
2026-05-29T07:45:00+00:00,15929,15930.15,15926.1,15926.35,15928.8,15929.2,15930,15930.3,15925.9,15926.3,15926.2,15926.5,0.3,1347.070022
2026-05-29T08:00:00+00:00,15926.55,15927.7,15921.15,15923.15,15926.3,15926.8,15927.5,15927.9,15920.9,15921.4,15922.9,15923.4,0.5,2156.200035
2026-05-29T08:15:00+00:00,15923,15928.1,15923,15927.7,15922.8,15923.2,15927.9,15928.3,15922.8,15923.2,15927.4,15928,0.6,1036.600016
2026-05-29T08:30:00+00:00,15927.75,15930.25,15926.3,15926.95,15927.5,15928,15930,15930.5,15926.1,15926.5,15926.7,15927.2,0.5,1748.360027
2026-05-29T08:45:00+00:00,15927.2,15931.8,15927.2,15929.65,15926.9,15927.5,15931.6,15932,15926.9,15927.5,15929.4,15929.9,0.5,1563.210026
2026-05-29T09:00:00+00:00,15929.55,15930.1,15926.75,15927.7,15929.3,15929.8,15929.9,15930.3,15926.5,15927,15927.5,15927.9,0.4,1500.370021
2026-05-29T09:15:00+00:00,15927.85,15929.05,15923.85,15925.05,15927.5,15928.2,15928.8,15929.3,15923.5,15924.2,15924.8,15925.3,0.5,2011.690024
2026-05-29T09:30:00+00:00,15924.85,15928.75,15923.85,15927.05,15924.6,15925.1,15928.5,15929,15923.6,15924.1,15926.8,15927.3,0.5,1728.350018
2026-05-29T09:45:00+00:00,15927.2,15930.05,15926.1,15929.9,15926.9,15927.5,15929.8,15930.3,15925.8,15926.4,15929.7,15930.1,0.4,1641.660023
2026-05-29T10:00:00+00:00,15929.8,15932.2,15927.25,15927.7,15929.6,15930,15932,15932.4,15927,15927.5,15927.5,15927.9,0.4,2007.190025
2026-05-29T10:15:00+00:00,15927.6,15930,15927,15927.75,15927.4,15927.8,15929.8,15930.2,15926.8,15927.2,15927.5,15928,0.5,820.1300137
2026-05-29T10:30:00+00:00,15927.7,15929,15926.75,15927.5,15927.5,15927.9,15928.7,15929.3,15926.5,15927,15927.3,15927.7,0.4,760.5000145
2026-05-29T10:45:00+00:00,15927.35,15929.25,15926.4,15928.75,15927.1,15927.6,15929.1,15929.4,15926.2,15926.6,15928.5,15929,0.5,1161.270022
2026-05-29T11:00:00+00:00,15928.85,15930.2,15927.65,15928.7,15928.7,15929,15930,15930.4,15927.4,15927.9,15928.5,15928.9,0.4,934.0100143
2026-05-29T11:15:00+00:00,15928.6,15928.95,15926.9,15928.25,15928.3,15928.9,15928.8,15929.1,15926.8,15927,15928.1,15928.4,0.3,816.2600167
2026-05-29T11:30:00+00:00,15928.35,15929.85,15926.5,15927.4,15928.2,15928.5,15929.7,15930,15926.2,15926.8,15927.1,15927.7,0.6,1439.580027
2026-05-29T11:45:00+00:00,15927.25,15929.45,15925,15925.2,15927.1,15927.4,15929.3,15929.6,15924.8,15925.2,15925,15925.4,0.4,2001.76003
2026-05-29T12:00:00+00:00,15925.25,15928.45,15925.1,15926.65,15925.1,15925.4,15928.3,15928.6,15924.8,15925.4,15926.5,15926.8,0.3,2532.330034
2026-05-29T12:15:00+00:00,15926.7,15927.75,15925.55,15927.5,15926.5,15926.9,15927.5,15928,15925.3,15925.8,15927.1,15927.9,0.8,1806.780023
2026-05-29T12:30:00+00:00,15927.4,15930.75,15926.75,15928.65,15927,15927.8,15930.5,15931,15926.5,15927,15928.4,15928.9,0.5,2518.730031
2026-05-29T12:45:00+00:00,15928.7,15928.95,15925.75,15926.1,15928.5,15928.9,15928.7,15929.2,15925.5,15926,15925.9,15926.3,0.4,1541.750023
2026-05-29T13:00:00+00:00,15925.95,15928.45,15924.3,15928.4,15925.6,15926.3,15928.2,15928.7,15924.1,15924.5,15928.2,15928.6,0.4,2092.850032
2026-05-29T13:15:00+00:00,15928.4,15928.6,15925.9,15927.1,15928.2,15928.6,15928.4,15928.8,15925.7,15926.1,15926.9,15927.3,0.4,1946.570032
2026-05-29T13:30:00+00:00,15927.15,15930.45,15926.5,15927.1,15927,15927.3,15930.4,15930.5,15926.2,15926.8,15926.8,15927.4,0.6,1765.140026
2026-05-29T13:45:00+00:00,15927.05,15931.05,15926.15,15930.25,15926.8,15927.3,15930.9,15931.2,15925.9,15926.4,15930.1,15930.4,0.3,1883.270031
2026-05-29T14:00:00+00:00,15930.2,15932.95,15927.2,15932.95,15930,15930.4,15932.8,15933.1,15926.9,15927.5,15932.8,15933.1,0.3,2991.170048
2026-05-29T14:15:00+00:00,15932.8,15935.7,15932.55,15935.45,15932.6,15933,15935.5,15935.9,15932.4,15932.7,15935.3,15935.6,0.3,2213.110033
2026-05-29T14:30:00+00:00,15935.35,15935.6,15931.7,15931.8,15935.3,15935.4,15935.4,15935.8,15931.5,15931.9,15931.6,15932,0.4,2372.230043
2026-05-29T14:45:00+00:00,15931.85,15933.1,15916.25,15919.05,15931.7,15932,15932.9,15933.3,15916.1,15916.4,15918.8,15919.3,0.5,9384.410169
2026-05-29T15:00:00+00:00,15918.9,15920.8,15909.9,15915.35,15918.8,15919,15920.5,15921.1,15909.5,15910.3,15915.1,15915.6,0.5,7035.2701
2026-05-29T15:15:00+00:00,15915.3,15919.8,15913.8,15918.15,15915.1,15915.5,15919.5,15920.1,15913.4,15914.2,15917.9,15918.4,0.5,3786.130067
2026-05-29T15:30:00+00:00,15917.9,15924.3,15914.35,15922,15917.7,15918.1,15924,15924.6,15914.1,15914.6,15921.7,15922.3,0.6,4825.240102
2026-05-29T15:45:00+00:00,15922.2,15924.75,15920.2,15923.3,15921.9,15922.5,15924.5,15925,15919.9,15920.5,15923,15923.6,0.6,2630.750055
2026-05-29T16:00:00+00:00,15923.2,15925.05,15920.15,15924.05,15923,15923.4,15924.9,15925.2,15919.8,15920.5,15923.8,15924.3,0.5,1684.740045
2026-05-29T16:15:00+00:00,15924.2,15925.25,15922.1,15923.45,15924,15924.4,15925,15925.5,15921.9,15922.3,15923.2,15923.7,0.5,1075.900028
2026-05-29T16:30:00+00:00,15923.55,15924.8,15918.3,15918.45,15923.3,15923.8,15924.4,15925.2,15918.1,15918.5,15918.2,15918.7,0.5,1759.120042
2026-05-29T16:45:00+00:00,15918.6,15922.75,15918.4,15919.95,15918.4,15918.8,15922.5,15923,15918.2,15918.6,15919.7,15920.2,0.5,883.8100237
2026-05-29T17:00:00+00:00,15919.9,15923.2,15918.55,15923.2,15919.6,15920.2,15923,15923.4,15918.3,15918.8,15923,15923.4,0.4,1127.860028
2026-05-29T17:15:00+00:00,15923.1,15925.75,15922.2,15923.8,15922.9,15923.3,15925.5,15926,15922,15922.4,15923.5,15924.1,0.6,887.9200257
2026-05-29T17:30:00+00:00,15923.6,15925.65,15922.7,15924.6,15923.3,15923.9,15925.5,15925.8,15922.5,15922.9,15924.4,15924.8,0.4,636.1800187
2026-05-29T17:45:00+00:00,15924.5,15928.7,15923.4,15928.45,15924.3,15924.7,15928.5,15928.9,15923.1,15923.7,15928.3,15928.6,0.3,1007.830031
2026-05-29T18:00:00+00:00,15928.55,15929.7,15926.2,15926.7,15928.4,15928.7,15929.5,15929.9,15926,15926.4,15926.4,15927,0.6,1055.660027
2026-05-29T18:15:00+00:00,15926.85,15930.65,15926.2,15927.05,15926.7,15927,15930.4,15930.9,15926,15926.4,15926.8,15927.3,0.5,1195.720031
2026-05-29T18:30:00+00:00,15926.8,15926.8,15923.25,15924.9,15926.7,15926.9,15926.7,15926.9,15923,15923.5,15924.7,15925.1,0.4,1065.66003
2026-05-29T18:45:00+00:00,15925.1,15930.3,15922.4,15926.4,15924.9,15925.3,15930,15930.6,15922.1,15922.7,15926.1,15926.7,0.6,2529.850068
2026-05-29T19:00:00+00:00,15926.35,15926.4,15921.8,15923.7,15926.1,15926.6,15926.1,15926.7,15921.6,15922,15923.4,15924,0.6,924.4400274
2026-05-29T19:15:00+00:00,15923.85,15927.4,15922.4,15926.3,15923.6,15924.1,15927.2,15927.6,15922.2,15922.6,15926.1,15926.5,0.4,1456.310028
2026-05-29T19:30:00+00:00,15926.05,15926.85,15924.85,15926.15,15925.9,15926.2,15926.6,15927.1,15924.6,15925.1,15925.9,15926.4,0.5,983.5200276
2026-05-29T19:45:00+00:00,15926,15927.35,15924.25,15926.4,15925.8,15926.2,15927.2,15927.5,15924,15924.5,15926,15926.8,0.8,1389.56004
2026-05-29T20:00:00+00:00,15926.45,15927.35,15925.2,15926.6,15925.9,15927,15927,15927.7,15924.8,15925.6,15926.3,15926.9,0.6,1950.900046
2026-05-29T20:15:00+00:00,15926.7,15929.2,15926.7,15927.8,15926.4,15927,15928.8,15929.6,15926.4,15927,15927.4,15928.2,0.8,569.8400058
2026-05-29T20:30:00+00:00,15928,15928.2,15926.15,15926.3,15927.6,15928.4,15927.7,15928.7,15925.4,15926.9,15925.6,15927,1.4,939.6500206
2026-05-29T20:45:00+00:00,15926.65,15928.75,15925.05,15927.65,15926.3,15927,15926.8,15930.7,15924.1,15926,15924.9,15930.4,5.5,2083.340011
2026-05-31T21:00:00+00:00,15937.4,15937.85,15935.85,15936.95,15934.4,15940.4,15935.2,15940.5,15933.3,15938.4,15935.2,15938.7,3.5,45.30000019
2026-05-31T21:15:00+00:00,15936.75,15937.45,15936.35,15936.8,15935.1,15938.4,15935.6,15939.3,15934.3,15938.4,15934.3,15939.3,5,29.10000098
2026-05-31T21:30:00+00:00,15937.05,15937.45,15933.7,15933.75,15935.1,15939,15935.3,15939.6,15932.2,15935.2,15932.3,15935.2,2.9,58.80000162
2026-05-31T21:45:00+00:00,15934.35,15936.95,15934.35,15935.3,15932.7,15936,15934.3,15939.6,15932.7,15936,15933.6,15937,3.4,63.90000165
2026-05-31T22:00:00+00:00,15935.25,15942.2,15933.4,15937.95,15933.6,15936.9,15941.4,15943,15931.9,15934.9,15937.3,15938.6,1.3,2001.320024
2026-05-31T22:15:00+00:00,15937.9,15941.4,15937.5,15941.05,15937.1,15938.7,15941.1,15941.7,15936.8,15938.2,15940.5,15941.6,1.1,966.8000269
2026-05-31T22:30:00+00:00,15941.05,15943.45,15940.25,15941.1,15940.5,15941.6,15943.1,15943.8,15939.7,15940.8,15940.7,15941.5,0.8,1436.950036
2026-05-31T22:45:00+00:00,15941,15941.8,15937.4,15939.15,15940.6,15941.4,15941.6,15942,15937.1,15937.7,15938.6,15939.7,1.1,2884.000068
