timestamp,open,high,low,close,open_bid,open_ask,high_bid,high_ask,low_bid,low_ask,close_bid,close_ask,spread,volume
2026-04-26T21:00:00+00:00,15958.95,15960.85,15955.15,15957.85,15954.9,15963,15956,15965.7,15947.4,15962.9,15950.5,15965.2,14.7,75.36000133
2026-04-26T21:10:00+00:00,15957.7,15960.85,15953,15953.05,15950.5,15964.9,15953.4,15968.3,15950.4,15955.6,15950.5,15955.6,5.1,215.4100001
2026-04-26T21:20:00+00:00,15953.1,15958.65,15952.7,15955.3,15950.6,15955.6,15953.5,15963.8,15950.4,15955,15951.8,15958.8,7,194.1600053
2026-04-26T21:30:00+00:00,15955.2,15955.75,15953.8,15954.85,15951.7,15958.7,15952.1,15959.4,15950.9,15956.7,15951.9,15957.8,5.9,92.70000196
2026-04-26T21:40:00+00:00,15954.85,15957.05,15954.4,15956.65,15951.8,15957.9,15952,15962.1,15950.9,15957.9,15951.2,15962.1,10.9,29.40000057
2026-04-26T21:50:00+00:00,15957.05,15958.75,15956.75,15956.8,15952,15962.1,15955,15962.5,15951.7,15961.8,15951.8,15961.8,10,27.90000021
2026-04-26T22:00:00+00:00,15956.5,15959.2,15951.4,15952.7,15951.8,15961.2,15957.2,15961.2,15950.5,15952.3,15952.1,15953.3,1.2,1073.099995
2026-04-26T22:10:00+00:00,15952.75,15956.6,15952.7,15954.7,15952.2,15953.3,15956.2,15957,15952.2,15953.2,15954.3,15955.1,0.8,506.7400141
2026-04-26T22:20:00+00:00,15954.75,15957.6,15954.7,15956,15954.3,15955.2,15957.1,15958.1,15954.3,15955.1,15955.6,15956.4,0.8,339.4500093
2026-04-26T22:30:00+00:00,15955.85,15958.75,15955.05,15957.5,15955.6,15956.1,15958.4,15959.1,15954.6,15955.5,15957,15958,1,417.7000115
2026-04-26T22:40:00+00:00,15957.6,15958.85,15957.45,15958.45,15957.2,15958,15958.5,15959.2,15957,15957.9,15958,15958.9,0.9,309.1200069
2026-04-26T22:50:00+00:00,15958.5,15958.75,15954.65,15954.8,15958.1,15958.9,15958.3,15959.2,15954.1,15955.2,15954.2,15955.4,1.2,733.540015
2026-04-26T23:00:00+00:00,15954.7,15955.1,15951.35,15952.3,15954.1,15955.3,15954.6,15955.6,15950.8,15951.9,15951.7,15952.9,1.2,1093.840018
2026-04-26T23:10:00+00:00,15952.4,15954.85,15950.85,15953,15951.8,15953,15954.5,15955.2,15950.7,15951,15952.7,15953.3,0.6,563.5500104
2026-04-26T23:20:00+00:00,15952.9,15957.45,15951.7,15956.95,15952.7,15953.1,15957.1,15957.8,15951.4,15952,15956.5,15957.4,0.9,518.6300088
2026-04-26T23:30:00+00:00,15957.1,15958.5,15956.8,15957.65,15956.7,15957.5,15958.3,15958.7,15956.6,15957,15957.5,15957.8,0.3,536.700013
2026-04-26T23:40:00+00:00,15957.7,15959.65,15955.75,15959.1,15957.5,15957.9,15959.4,15959.9,15955.4,15956.1,15958.9,15959.3,0.4,664.9800117
2026-04-26T23:50:00+00:00,15959.15,15959.7,15957.4,15958.5,15958.9,15959.4,15959.4,15960,15957.2,15957.6,15958.2,15958.8,0.6,552.0300124
2026-04-27T00:00:00+00:00,15958.6,15958.6,15950.1,15952.8,15958.3,15958.9,15958.3,15958.9,15949.8,15950.4,15952.5,15953.1,0.6,1710.040026
2026-04-27T00:10:00+00:00,15952.85,15953.25,15949.6,15953.2,15952.6,15953.1,15952.9,15953.6,15949.4,15949.8,15952.9,15953.5,0.6,891.2900145
2026-04-27T00:20:00+00:00,15953.2,15953.3,15949.9,15950.9,15952.8,15953.6,15953,15953.6,15949.6,15950.2,15950.6,15951.2,0.6,823.470014
2026-04-27T00:30:00+00:00,15950.55,15952.55,15949.95,15951.5,15950.4,15950.7,15952.2,15952.9,15949.7,15950.2,15951.2,15951.8,0.6,784.6500094
2026-04-27T00:40:00+00:00,15951.1,15951.4,15945,15947.7,15950.8,15951.4,15951.1,15951.7,15944.7,15945.3,15947.4,15948,0.6,747.2300099
2026-04-27T00:50:00+00:00,15947.85,15953.8,15945.75,15948.05,15947.7,15948,15953.6,15954,15945.5,15946,15947.7,15948.4,0.7,2406.360038
2026-04-27T01:00:00+00:00,15947.75,15947.8,15934.75,15941.65,15947.6,15947.9,15947.6,15948,15934.4,15935.1,15941.4,15941.9,0.5,4735.470089
2026-04-27T01:10:00+00:00,15941.5,15941.7,15935.2,15935.85,15941.3,15941.7,15941.5,15941.9,15935,15935.4,15935.6,15936.1,0.5,3856.750073
2026-04-27T01:20:00+00:00,15935.8,15939.45,15932.25,15937.95,15935.6,15936,15939.1,15939.8,15932,15932.5,15937.7,15938.2,0.5,2409.310038
2026-04-27T01:30:00+00:00,15937.85,15940.7,15935.75,15936.75,15937.6,15938.1,15940.4,15941,15935.5,15936,15936.4,15937.1,0.7,1501.020022
2026-04-27T01:40:00+00:00,15936.65,15937.9,15931.85,15931.85,15936.4,15936.9,15937.7,15938.1,15931.6,15932.1,15931.6,15932.1,0.5,1204.100019
2026-04-27T01:50:00+00:00,15931.5,15933.2,15925.6,15932.9,15931.3,15931.7,15933,15933.4,15925.3,15925.9,15932.7,15933.1,0.4,1656.52003
2026-04-27T02:00:00+00:00,15932.95,15935.75,15930.05,15934.5,15932.8,15933.1,15935.4,15936.1,15929.9,15930.2,15934.2,15934.8,0.6,1302.270028
2026-04-27T02:10:00+00:00,15934.4,15936.65,15933.05,15934.4,15934.2,15934.6,15936.3,15937,15932.9,15933.2,15934.2,15934.6,0.4,681.0300122
2026-04-27T02:20:00+00:00,15934.3,15936.2,15933.1,15933.8,15934.1,15934.5,15936,15936.4,15932.8,15933.4,15933.6,15934,0.4,1010.400014
2026-04-27T02:30:00+00:00,15934,15934,15927.75,15929,15933.8,15934.2,15933.8,15934.2,15927.5,15928,15928.8,15929.2,0.4,648.1500149
2026-04-27T02:40:00+00:00,15928.9,15931.35,15927.8,15928.75,15928.7,15929.1,15931,15931.7,15927.6,15928,15928.6,15928.9,0.3,565.0500118
2026-04-27T02:50:00+00:00,15928.65,15930.4,15927,15930.15,15928.5,15928.8,15930.2,15930.6,15926.8,15927.2,15930,15930.3,0.3,710.9000137
2026-04-27T03:00:00+00:00,15930.1,15931.3,15924.95,15927.7,15930,15930.2,15931.1,15931.5,15924.8,15925.1,15927.5,15927.9,0.4,1199.490027
2026-04-27T03:10:00+00:00,15927.4,15929.9,15926.3,15927.85,15927.2,15927.6,15929.7,15930.1,15926.1,15926.5,15927.6,15928.1,0.5,677.100013
2026-04-27T03:20:00+00:00,15927.9,15929.05,15926.4,15928.8,15927.7,15928.1,15928.9,15929.2,15926.2,15926.6,15928.6,15929,0.4,920.7000157
2026-04-27T03:30:00+00:00,15928.9,15929.2,15925.55,15927.3,15928.7,15929.1,15928.9,15929.5,15925.4,15925.7,15927.1,15927.5,0.4,858.4000168
2026-04-27T03:40:00+00:00,15927.4,15927.55,15919.25,15921.6,15927.2,15927.6,15927.2,15927.9,15919,15919.5,15921.3,15921.9,0.6,1072.94002
2026-04-27T03:50:00+00:00,15921.5,15922.9,15919.85,15922.9,15921.3,15921.7,15922.7,15923.1,15919.7,15920,15922.7,15923.1,0.4,757.5000179
2026-04-27T04:00:00+00:00,15922.6,15922.7,15919.8,15921.25,15922.4,15922.8,15922.5,15922.9,15919.7,15919.9,15921.1,15921.4,0.3,355.6500092
2026-04-27T04:10:00+00:00,15921.4,15923.05,15916.95,15917.3,15921.2,15921.6,15922.8,15923.3,15916.7,15917.2,15917.1,15917.5,0.4,703.9900138
2026-04-27T04:20:00+00:00,15917,15918.9,15915.15,15916.45,15916.9,15917.1,15918.7,15919.1,15914.8,15915.5,15916.2,15916.7,0.5,752.100016
2026-04-27T04:30:00+00:00,15916.35,15920.4,15916,15917.3,15916.2,15916.5,15920.2,15920.6,15915.8,15916.2,15917,15917.6,0.6,992.2700206
2026-04-27T04:40:00+00:00,15917.5,15920.5,15917.25,15920.15,15917.2,15917.8,15920.1,15920.9,15917,15917.5,15919.9,15920.4,0.5,701.3900111
2026-04-27T04:50:00+00:00,15920.1,15926,15919.95,15923.7,15919.8,15920.4,15925.8,15926.2,15919.6,15920.3,15923.5,15923.9,0.4,1093.50002
2026-04-27T05:00:00+00:00,15923.9,15925.4,15923.5,15923.9,15923.7,15924.1,15925.2,15925.6,15923.3,15923.7,15923.7,15924.1,0.4,558.2200118
2026-04-27T05:10:00+00:00,15924,15928.85,15924,15928.6,15923.8,15924.2,15928.7,15929,15923.8,15924.2,15928.4,15928.8,0.4,520.9500124
2026-04-27T05:20:00+00:00,15928.5,15929.7,15926.8,15928,15928.3,15928.7,15929.5,15929.9,15926.6,15927,15927.8,15928.2,0.4,322.9100084
2026-04-27T05:30:00+00:00,15928.1,15933.45,15927.85,15932.75,15927.9,15928.3,15933.3,15933.6,15927.7,15928,15932.5,15933,0.5,967.9100183
2026-04-27T05:40:00+00:00,15932.7,15935.45,15931,15932.35,15932.5,15932.9,15935.2,15935.7,15930.8,15931.2,15932.1,15932.6,0.5,1004.650015
2026-04-27T05:50:00+00:00,15932.45,15942.1,15932.2,15941.45,15932.2,15932.7,15941.8,15942.4,15931.9,15932.5,15941.2,15941.7,0.5,1889.790025
2026-04-27T06:00:00+00:00,15941.55,15948.25,15939.95,15943.75,15941.2,15941.9,15948.1,15948.4,15939.7,15940.2,15943.5,15944,0.5,3133.480063
2026-04-27T06:10:00+00:00,15943.8,15947.25,15942.5,15945.75,15943.6,15944,15946.9,15947.6,15942.3,15942.7,15945.6,15945.9,0.3,1025.070023
2026-04-27T06:20:00+00:00,15946.15,15946.55,15939.8,15940.3,15946,15946.3,15946.4,15946.7,15939.6,15940,15940.1,15940.5,0.4,1018.110023
2026-04-27T06:30:00+00:00,15940.35,15943.4,15935.95,15937.05,15940.2,15940.5,15943.2,15943.6,15935.7,15936.2,15936.7,15937.4,0.7,1961.750034
2026-04-27T06:40:00+00:00,15937.2,15939.9,15930.25,15930.75,15936.9,15937.5,15939.6,15940.2,15930,15930.5,15930.5,15931,0.5,1208.960028
2026-04-27T06:50:00+00:00,15930.7,15931.6,15926.15,15926.55,15930.4,15931,15931.3,15931.9,15926,15926.3,15926.4,15926.7,0.3,1262.510014
2026-04-27T07:00:00+00:00,15926.65,15928.85,15923.05,15923.3,15926.5,15926.8,15928.6,15929.1,15922.8,15923.3,15923.1,15923.5,0.4,2305.870029
2026-04-27T07:10:00+00:00,15923.45,15929.7,15922.85,15928.95,15923.2,15923.7,15929.5,15929.9,15922.6,15923.1,15928.7,15929.2,0.5,2400.480024
2026-04-27T07:20:00+00:00,15929.05,15930.55,15922.35,15924.05,15928.8,15929.3,15930.2,15930.9,15922.1,15922.6,15923.8,15924.3,0.5,1881.890034
2026-04-27T07:30:00+00:00,15923.95,15925.7,15918.7,15920.15,15923.7,15924.2,15925.5,15925.9,15918.4,15919,15919.9,15920.4,0.5,2023.160027
2026-04-27T07:40:00+00:00,15920.25,15926.45,15919.9,15924.95,15920,15920.5,15926.2,15926.7,15919.8,15920,15924.7,15925.2,0.5,1298.840016
2026-04-27T07:50:00+00:00,15925.05,15925.55,15921.1,15922.75,15924.8,15925.3,15925.3,15925.8,15920.7,15921.5,15922.5,15923,0.5,2345.430032
2026-04-27T08:00:00+00:00,15922.9,15926.9,15914.25,15915.75,15922.6,15923.2,15926.6,15927.2,15914,15914.5,15915.5,15916,0.5,3975.180049
2026-04-27T08:10:00+00:00,15915.8,15920.1,15915.3,15919.85,15915.5,15916.1,15919.9,15920.3,15915.1,15915.5,15919.6,15920.1,0.5,2103.530033
2026-04-27T08:20:00+00:00,15919.8,15921.4,15915.9,15917.6,15919.6,15920,15921.3,15921.5,15915.6,15916.2,15917.3,15917.9,0.6,1576.580026
2026-04-27T08:30:00+00:00,15917.5,15919.8,15916.5,15918.85,15917.3,15917.7,15919.6,15920,15916.3,15916.7,15918.6,15919.1,0.5,1476.93002
2026-04-27T08:40:00+00:00,15918.8,15919.75,15915.3,15916.15,15918.6,15919,15919.5,15920,15915.1,15915.5,15915.8,15916.5,0.7,1504.980021
2026-04-27T08:50:00+00:00,15916.3,15917.35,15911.15,15915.05,15916.1,15916.5,15917.2,15917.5,15911,15911.3,15914.8,15915.3,0.5,1393.390022
2026-04-27T09:00:00+00:00,15914.6,15915.3,15911,15913.2,15914.4,15914.8,15915,15915.6,15910.7,15911.3,15912.9,15913.5,0.6,1517.040024
2026-04-27T09:10:00+00:00,15913.1,15913.1,15909.65,15912.15,15912.9,15913.3,15912.9,15913.3,15909.4,15909.9,15911.9,15912.4,0.5,1206.060016
2026-04-27T09:20:00+00:00,15911.85,15916.25,15911.85,15915.5,15911.6,15912.1,15916,15916.5,15911.6,15912.1,15915.1,15915.9,0.8,1358.910018
2026-04-27T09:30:00+00:00,15915.7,15916,15913.25,15914.75,15915.4,15916,15915.7,15916.3,15913,15913.5,15914.5,15915,0.5,968.5800143
2026-04-27T09:40:00+00:00,15914.8,15921.45,15914.65,15920.7,15914.6,15915,15921.2,15921.7,15914.4,15914.9,15920.5,15920.9,0.4,1838.86002
2026-04-27T09:50:00+00:00,15920.55,15923.3,15920.15,15922.55,15920.3,15920.8,15923.1,15923.5,15919.9,15920.4,15922.3,15922.8,0.5,2218.180027
2026-04-27T10:00:00+00:00,15922.45,15924.65,15919.25,15920.05,15922.2,15922.7,15924.4,15924.9,15919,15919.5,15919.8,15920.3,0.5,1482.840025
2026-04-27T10:10:00+00:00,15919.8,15927.5,15919.75,15925.15,15919.6,15920,15927.2,15927.8,15919.5,15920,15924.9,15925.4,0.5,1251.520015
2026-04-27T10:20:00+00:00,15925.05,15925.25,15919.5,15921.1,15924.8,15925.3,15925,15925.5,15919.2,15919.8,15920.9,15921.3,0.4,1199.040017
2026-04-27T10:30:00+00:00,15921.05,15921.5,15917.75,15919.85,15920.8,15921.3,15921.3,15921.7,15917.5,15918,15919.6,15920.1,0.5,900.8700105
2026-04-27T10:40:00+00:00,15919.95,15919.95,15913.25,15914.8,15919.7,15920.2,15919.7,15920.2,15913.1,15913.4,15914.4,15915.2,0.8,1038.000015
2026-04-27T10:50:00+00:00,15914.7,15916.45,15913.75,15915.15,15914.4,15915,15916.2,15916.7,15913.5,15914,15914.9,15915.4,0.5,1119.120017
2026-04-27T11:00:00+00:00,15915.2,15915.7,15910.55,15911.2,15915,15915.4,15915.5,15915.9,15910.3,15910.8,15911,15911.4,0.4,1169.700015
2026-04-27T11:10:00+00:00,15911.25,15921,15911.25,15916.05,15911,15911.5,15920.7,15921.3,15911,15911.5,15915.8,15916.3,0.5,910.3500154
2026-04-27T11:20:00+00:00,15916,15916.5,15912.7,15913.65,15915.8,15916.2,15916.4,15916.6,15912.4,15913,15913.4,15913.9,0.5,1356.600019
2026-04-27T11:30:00+00:00,15913.55,15918.6,15912.35,15917.2,15913.3,15913.8,15918.4,15918.8,15912.1,15912.6,15917,15917.4,0.4,880.4700227
2026-04-27T11:40:00+00:00,15917.05,15918.65,15914.3,15916.7,15916.9,15917.2,15918.4,15918.9,15914,15914.6,15916.5,15916.9,0.4,940.8900198
2026-04-27T11:50:00+00:00,15916.75,15921.35,15916.55,15919.55,15916.6,15916.9,15921.1,15921.6,15916.3,15916.8,15919.3,15919.8,0.5,1489.500024
2026-04-27T12:00:00+00:00,15919.7,15922.7,15917.25,15919.85,15919.5,15919.9,15922.4,15923,15917,15917.5,15919.7,15920,0.3,1818.610027
2026-04-27T12:10:00+00:00,15919.8,15920,15910.7,15911.25,15919.6,15920,15919.7,15920.3,15910.4,15911,15911,15911.5,0.5,2146.980026
2026-04-27T12:20:00+00:00,15911.2,15916.15,15910.75,15912.25,15911,15911.4,15915.8,15916.5,15910.5,15911,15912,15912.5,0.5,3050.550036
2026-04-27T12:30:00+00:00,15912.3,15916.3,15911.1,15915.75,15912.1,15912.5,15916.1,15916.5,15910.9,15911.3,15915.6,15915.9,0.3,2431.58003
2026-04-27T12:40:00+00:00,15915.8,15918.9,15913.2,15913.4,15915.7,15915.9,15918.7,15919.1,15913,15913.4,15913.2,15913.6,0.4,2803.950028
2026-04-27T12:50:00+00:00,15913.35,15923.25,15912.4,15923,15913.2,15913.5,15923,15923.5,15912.2,15912.6,15922.7,15923.3,0.6,3375.430032
2026-04-27T13:00:00+00:00,15922.9,15924.95,15916.8,15918.6,15922.7,15923.1,15924.7,15925.2,15916.5,15917.1,15918.4,15918.8,0.4,4428.660062
2026-04-27T13:10:00+00:00,15918.55,15922.6,15915.45,15916.7,15918.3,15918.8,15922.5,15922.7,15915.2,15915.7,15916.5,15916.9,0.4,5967.830045
2026-04-27T13:20:00+00:00,15916.75,15918.6,15914.55,15916.85,15916.5,15917,15918.4,15918.8,15914.3,15914.8,15916.6,15917.1,0.5,3924.680025
2026-04-27T13:30:00+00:00,15916.8,15922.45,15916.75,15920.3,15916.6,15917,15922.2,15922.7,15916.5,15917,15920.1,15920.5,0.4,3130.920039
2026-04-27T13:40:00+00:00,15920.35,15925.3,15919.85,15924.95,15920.1,15920.6,15925.1,15925.5,15919.6,15920.1,15924.7,15925.2,0.5,3089.900033
2026-04-27T13:50:00+00:00,15924.85,15928.8,15922.8,15926.15,15924.7,15925,15928.7,15928.9,15922.5,15923.1,15925.9,15926.4,0.5,2413.250041
2026-04-27T14:00:00+00:00,15926.2,15929.1,15924.05,15926.15,15926,15926.4,15929,15929.2,15923.8,15924.3,15925.9,15926.4,0.5,2667.230043
2026-04-27T14:10:00+00:00,15926.15,15927,15922.45,15924.9,15925.9,15926.4,15926.8,15927.2,15922.2,15922.7,15924.7,15925.1,0.4,1774.500028
2026-04-27T14:20:00+00:00,15924.95,15926.2,15921.85,15923.5,15924.7,15925.2,15926,15926.4,15921.7,15922,15923.3,15923.7,0.4,2085.21003
2026-04-27T14:30:00+00:00,15923.4,15925.25,15912.55,15914.15,15923.1,15923.7,15925.1,15925.4,15912.3,15912.8,15913.9,15914.4,0.5,3851.580049
2026-04-27T14:40:00+00:00,15914.2,15917.35,15911.15,15911.2,15913.9,15914.5,15917.1,15917.6,15910.9,15911.4,15911,15911.4,0.4,2657.040035
2026-04-27T14:50:00+00:00,15911.2,15923.05,15910.85,15922,15910.9,15911.5,15922.8,15923.3,15910.6,15911.1,15921.8,15922.2,0.4,3673.340055
2026-04-27T15:00:00+00:00,15921.9,15927.25,15921.85,15924.25,15921.7,15922.1,15927.1,15927.4,15921.7,15922,15923.9,15924.6,0.7,2597.300036
2026-04-27T15:10:00+00:00,15924.5,15925.3,15921.45,15922.3,15924.3,15924.7,15925.1,15925.5,15921.2,15921.7,15921.9,15922.7,0.8,1788.380037
2026-04-27T15:20:00+00:00,15922.35,15930.6,15921.5,15926,15922.1,15922.6,15930.3,15930.9,15921.2,15921.8,15925.9,15926.1,0.2,3104.870049
2026-04-27T15:30:00+00:00,15925.95,15929.5,15923.65,15929.05,15925.9,15926,15929.3,15929.7,15923.4,15923.9,15928.9,15929.2,0.3,1521.690029
2026-04-27T15:40:00+00:00,15929.1,15930.5,15925.2,15930.3,15929,15929.2,15930.3,15930.7,15925,15925.4,15930,15930.6,0.6,1391.400027
2026-04-27T15:50:00+00:00,15930.35,15931.35,15927.8,15929.6,15930.2,15930.5,15931.1,15931.6,15927.7,15927.9,15929.4,15929.8,0.4,1534.560025
2026-04-27T16:00:00+00:00,15929.4,15931.1,15927.9,15930.55,15929.2,15929.6,15930.9,15931.3,15927.7,15928.1,15930.5,15930.6,0.1,1516.060022
2026-04-27T16:10:00+00:00,15930.45,15934.15,15929.35,15931.4,15930.2,15930.7,15934,15934.3,15929.2,15929.5,15931.2,15931.6,0.4,1691.430022
2026-04-27T16:20:00+00:00,15931.55,15934.5,15931,15933.2,15931.3,15931.8,15934.2,15934.8,15930.8,15931.2,15933,15933.4,0.4,1225.160023
2026-04-27T16:30:00+00:00,15933.3,15937,15932.2,15936.15,15933.1,15933.5,15936.8,15937.2,15932,15932.4,15935.9,15936.4,0.5,1853.370025
2026-04-27T16:40:00+00:00,15936.1,15938.15,15935.05,15937.3,15935.8,15936.4,15938,15938.3,15934.9,15935.2,15937.1,15937.5,0.4,1072.350016
2026-04-27T16:50:00+00:00,15937.4,15938.75,15935.85,15938.7,15937.2,15937.6,15938.5,15939,15935.6,15936.1,15938.5,15938.9,0.4,1351.260023
2026-04-27T17:00:00+00:00,15938.75,15943,15938.3,15942.7,15938.4,15939.1,15942.8,15943.2,15938,15938.6,15942.5,15942.9,0.4,1551.990024
2026-04-27T17:10:00+00:00,15942.8,15945.3,15940.5,15945.15,15942.6,15943,15945.1,15945.5,15940.2,15940.8,15945,15945.3,0.3,995.8200179
2026-04-27T17:20:00+00:00,15945.25,15946.35,15939.3,15942.9,15945.1,15945.4,15946.2,15946.5,15939,15939.6,15942.6,15943.2,0.6,2171.390039
2026-04-27T17:30:00+00:00,15943,15943,15934.75,15937.2,15942.7,15943.3,15942.7,15943.3,15934.5,15935,15936.9,15937.5,0.6,1603.880024
2026-04-27T17:40:00+00:00,15937.3,15938.7,15936,15937.75,15937,15937.6,15938.4,15939,15935.7,15936.3,15937.5,15938,0.5,777.810012
2026-04-27T17:50:00+00:00,15937.95,15939.3,15937.4,15938.8,15937.8,15938.1,15939,15939.6,15937.2,15937.6,15938.5,15939.1,0.6,1119.420018
2026-04-27T18:00:00+00:00,15938.85,15942.9,15938.85,15940.8,15938.6,15939.1,15942.6,15943.2,15938.6,15939.1,15940.5,15941.1,0.6,1769.850025
2026-04-27T18:10:00+00:00,15940.75,15942,15939.25,15941.15,15940.5,15941,15941.7,15942.3,15939,15939.5,15941,15941.3,0.3,2020.200023
2026-04-27T18:20:00+00:00,15941.05,15941.9,15939.4,15940.6,15940.8,15941.3,15941.7,15942.1,15939.2,15939.6,15940.4,15940.8,0.4,1222.710021
2026-04-27T18:30:00+00:00,15940.75,15941.8,15939.6,15940.05,15940.6,15940.9,15941.7,15941.9,15939.3,15939.9,15939.9,15940.2,0.3,1083.210022
2026-04-27T18:40:00+00:00,15940.15,15941.7,15938.85,15939.75,15940,15940.3,15941.5,15941.9,15938.5,15939.2,15939.5,15940,0.5,876.6000144
2026-04-27T18:50:00+00:00,15939.85,15945.5,15939.55,15944.7,15939.7,15940,15945.4,15945.6,15939.3,15939.8,15944.5,15944.9,0.4,1382.750026
2026-04-27T19:00:00+00:00,15944.65,15944.95,15942.7,15943.6,15944.5,15944.8,15944.8,15945.1,15942.6,15942.8,15943.4,15943.8,0.4,570.4200108
2026-04-27T19:10:00+00:00,15943.7,15943.8,15940.7,15940.8,15943.5,15943.9,15943.6,15944,15940.5,15940.9,15940.6,15941,0.4,404.5500071
2026-04-27T19:20:00+00:00,15940.7,15940.7,15937.05,15938.3,15940.6,15940.8,15940.6,15940.8,15936.8,15937.3,15938.1,15938.5,0.4,622.7200127
2026-04-27T19:30:00+00:00,15938.35,15940.15,15937.5,15939.5,15938.1,15938.6,15939.9,15940.4,15937.2,15937.8,15939.2,15939.8,0.6,914.4000154
2026-04-27T19:40:00+00:00,15939.55,15942.8,15937.8,15941.45,15939.3,15939.8,15942.6,15943,15937.6,15938,15941.3,15941.6,0.3,1195.480019
2026-04-27T19:50:00+00:00,15941.3,15943.55,15939.55,15942.45,15941.1,15941.5,15943.3,15943.8,15939.2,15939.9,15942.2,15942.7,0.5,750.1400132
2026-04-27T20:00:00+00:00,15942.35,15942.5,15939.7,15941.9,15942.1,15942.6,15942.3,15942.7,15939.4,15940,15941.7,15942.1,0.4,633.6000109
2026-04-27T20:10:00+00:00,15941.6,15942,15940.75,15940.85,15941.4,15941.8,15941.7,15942.3,15940.4,15941.1,15940.6,15941.1,0.5,215.1000044
2026-04-27T20:20:00+00:00,15940.9,15941.45,15939.65,15941.45,15940.6,15941.2,15941.1,15941.8,15939.4,15939.9,15941.1,15941.8,0.7,266.8500055
2026-04-27T20:30:00+00:00,15941.5,15942.75,15940,15941.6,15941.1,15941.9,15942.4,15943.1,15939.6,15940.4,15941.3,15941.9,0.6,457.8000076
2026-04-27T20:40:00+00:00,15941.85,15942.35,15940.2,15940.5,15941.6,15942.1,15942.1,15942.6,15939.9,15940.5,15940.1,15940.9,0.8,253.4200065
2026-04-27T20:50:00+00:00,15940.4,15942.8,15938.85,15942.1,15940,15940.8,15941.9,15943.7,15938.5,15939.2,15940.7,15943.5,2.8,676.5300068
2026-04-27T21:00:00+00:00,15942.15,15945.9,15939.35,15942.4,15940.7,15943.6,15940.7,15951.1,15935.1,15943.6,15935.2,15949.6,14.4,29.41000026
2026-04-27T21:10:00+00:00,15942.5,15944.7,15936.7,15942,15935.1,15949.9,15939.5,15949.9,15933.3,15940.1,15939.5,15944.5,5,90.23999929
2026-04-27T21:20:00+00:00,15942.3,15944.55,15939.15,15941.2,15939.5,15945.1,15940,15949.1,15934.8,15943.5,15937.9,15944.5,6.6,102.2999982
2026-04-27T21:30:00+00:00,15941.25,15942.7,15939.25,15940.2,15937.9,15944.6,15939.7,15945.7,15935.6,15942.9,15937.5,15942.9,5.4,89.39999843
2026-04-27T21:40:00+00:00,15940.05,15943.1,15939.4,15940.95,15937.2,15942.9,15939,15947.2,15935.9,15942.9,15938.5,15943.4,4.9,112.4999975
2026-04-27T21:50:00+00:00,15940.6,15944,15940,15941.85,15937.9,15943.3,15941,15947,15936.9,15943.1,15939.4,15944.3,4.9,189.4499981
2026-04-27T22:00:00+00:00,15941.65,15946.25,15939,15940.65,15939.4,15943.9,15946,15946.5,15937.3,15940.7,15940.2,15941.1,0.9,551.1600032
2026-04-27T22:10:00+00:00,15940.4,15943.4,15939.15,15942.15,15940,15940.8,15943,15943.8,15938.7,15939.6,15941.7,15942.6,0.9,461.8900108
2026-04-27T22:20:00+00:00,15942.05,15943.45,15940.4,15942,15941.6,15942.5,15943,15943.9,15940,15940.8,15941.6,15942.4,0.8,420.7500095
2026-04-27T22:30:00+00:00,15941.9,15942.1,15939.55,15940.8,15941.5,15942.3,15941.7,15942.5,15939.2,15939.9,15940.4,15941.2,0.8,263.8500061
2026-04-27T22:40:00+00:00,15940.9,15942.55,15940.85,15941.8,15940.4,15941.4,15942.2,15942.9,15940.4,15941.3,15941.5,15942.1,0.6,104.8500031
2026-04-27T22:50:00+00:00,15941.75,15941.75,15940.55,15940.9,15941.3,15942.2,15941.3,15942.2,15940.1,15941,15940.3,15941.5,1.2,297.9000043
2026-04-27T23:00:00+00:00,15940.85,15942.3,15937.95,15938.3,15940.3,15941.4,15941.9,15942.7,15937.7,15938.2,15937.9,15938.7,0.8,339.9500076
2026-04-27T23:10:00+00:00,15938.35,15944.65,15938.3,15944.65,15938,15938.7,15944.4,15944.9,15938,15938.6,15944.4,15944.9,0.5,683.670011
2026-04-27T23:20:00+00:00,15944.6,15945.3,15942.15,15943.05,15944.3,15944.9,15945,15945.6,15941.9,15942.4,15942.5,15943.6,1.1,752.4900124
2026-04-27T23:30:00+00:00,15942.95,15944.85,15941,15941.15,15942.3,15943.6,15944.4,15945.3,15940.6,15941.4,15940.9,15941.4,0.5,281.8500073
2026-04-27T23:40:00+00:00,15941.2,15942.45,15940.75,15941.05,15940.8,15941.6,15942.1,15942.8,15940.4,15941.1,15940.7,15941.4,0.7,166.8000038
2026-04-27T23:50:00+00:00,15941,15941,15935.5,15936.8,15940.7,15941.3,15940.7,15941.3,15935.2,15935.8,15936.5,15937.1,0.6,491.4000101
2026-04-28T00:00:00+00:00,15936.9,15936.95,15931.15,15933.75,15936.5,15937.3,15936.6,15937.3,15930.8,15931.5,15933.5,15934,0.5,1685.700023
2026-04-28T00:10:00+00:00,15933.7,15935.95,15932.2,15935.6,15933.5,15933.9,15935.6,15936.3,15931.9,15932.5,15935.3,15935.9,0.6,1153.920017
2026-04-28T00:20:00+00:00,15935.7,15939.65,15932.95,15937.05,15935.4,15936,15939.3,15940,15932.6,15933.3,15936.7,15937.4,0.7,1450.120025
2026-04-28T00:30:00+00:00,15936.75,15940.65,15936.75,15939.75,15936.4,15937.1,15940.4,15940.9,15936.4,15937.1,15939.5,15940,0.5,498.0800068
2026-04-28T00:40:00+00:00,15940.05,15941,15936.9,15938.5,15939.9,15940.2,15940.8,15941.2,15936.6,15937.2,15938.1,15938.9,0.8,803.7400138
2026-04-28T00:50:00+00:00,15938.15,15948.75,15937.7,15946.9,15937.8,15938.5,15948.5,15949,15937.3,15938.1,15946.5,15947.3,0.8,2525.510047
2026-04-28T01:00:00+00:00,15947,15954.85,15946.95,15948.3,15946.6,15947.4,15954.7,15955,15946.6,15947.3,15948.1,15948.5,0.4,2258.390037
2026-04-28T01:10:00+00:00,15948.4,15952.9,15947,15950.2,15948.2,15948.6,15952.6,15953.2,15946.8,15947.2,15949.7,15950.7,1,1428.300021
2026-04-28T01:20:00+00:00,15950.4,15953.4,15947.25,15948.2,15949.9,15950.9,15953.2,15953.6,15947.1,15947.4,15947.8,15948.6,0.8,1850.430022
2026-04-28T01:30:00+00:00,15948.3,15951.25,15947.15,15947.35,15948,15948.6,15951.1,15951.4,15946.8,15947.5,15947.1,15947.6,0.5,867.9300184
2026-04-28T01:40:00+00:00,15947.45,15950.1,15946.55,15949.45,15947.1,15947.8,15949.9,15950.3,15946.3,15946.8,15949.1,15949.8,0.7,913.850013
2026-04-28T01:50:00+00:00,15949.55,15955.45,15949.4,15955.45,15949.3,15949.8,15955.3,15955.6,15949,15949.8,15955.3,15955.6,0.3,1210.290019
2026-04-28T02:00:00+00:00,15956.45,15956.8,15951.8,15954.35,15956.2,15956.7,15956.5,15957.1,15951.4,15952.2,15954.1,15954.6,0.5,1292.420017
2026-04-28T02:10:00+00:00,15954.4,15954.5,15950.55,15951.65,15954.1,15954.7,15954.3,15954.7,15950.3,15950.8,15951.4,15951.9,0.5,849.4500172
2026-04-28T02:20:00+00:00,15951.85,15953.05,15950.15,15950.9,15951.6,15952.1,15952.8,15953.3,15949.9,15950.4,15950.6,15951.2,0.6,955.9200163
2026-04-28T02:30:00+00:00,15951.1,15953.65,15950.3,15952,15950.8,15951.4,15953.2,15954.1,15950,15950.6,15951.8,15952.2,0.4,549.7500091
2026-04-28T02:40:00+00:00,15952.05,15952.05,15949.3,15950.5,15951.8,15952.3,15951.8,15952.3,15949.1,15949.5,15950.3,15950.7,0.4,518.3700085
2026-04-28T02:50:00+00:00,15950.55,15953.15,15949.2,15952.1,15950.3,15950.8,15952.8,15953.5,15948.9,15949.5,15951.7,15952.5,0.8,507.5400095
2026-04-28T03:00:00+00:00,15952.1,15956.4,15917.5,15929.5,15951.6,15952.6,15956.1,15956.7,15917.2,15917.8,15929.1,15929.9,0.8,5704.030096
2026-04-28T03:10:00+00:00,15929.55,15929.8,15918.45,15924.55,15929.2,15929.9,15929.5,15930.1,15918.2,15918.7,15924.2,15924.9,0.7,4040.800058
2026-04-28T03:20:00+00:00,15924.65,15924.7,15912.55,15912.9,15924.2,15925.1,15924.3,15925.1,15912.3,15912.8,15912.6,15913.2,0.6,2051.800041
2026-04-28T03:30:00+00:00,15912.95,15912.95,15898.4,15910.05,15912.8,15913.1,15912.8,15913.1,15898.2,15898.6,15909.7,15910.4,0.7,4190.310071
2026-04-28T03:40:00+00:00,15910,15913.9,15908.15,15910.7,15909.6,15910.4,15913.6,15914.2,15908,15908.3,15910.4,15911,0.6,1194.210021
2026-04-28T03:50:00+00:00,15910.75,15913.5,15905.75,15907.65,15910.4,15911.1,15913.1,15913.9,15905.5,15906,15907.3,15908,0.7,1137.20002
2026-04-28T04:00:00+00:00,15907.65,15907.7,15901.7,15906.2,15907.4,15907.9,15907.4,15908,15901.4,15902,15906,15906.4,0.4,1841.260032
2026-04-28T04:10:00+00:00,15906.1,15907.7,15902.3,15904.9,15905.9,15906.3,15907.3,15908.1,15902,15902.6,15904.5,15905.3,0.8,1768.250029
2026-04-28T04:20:00+00:00,15904.75,15906.65,15902.3,15905.1,15904.4,15905.1,15906.3,15907,15902,15902.6,15904.8,15905.4,0.6,1242.470019
2026-04-28T04:30:00+00:00,15905.55,15907.45,15902.35,15903.65,15905.3,15905.8,15907,15907.9,15902.1,15902.6,15903.3,15904,0.7,1330.820028
2026-04-28T04:40:00+00:00,15904,15904.65,15896.2,15898.9,15903.9,15904.1,15904.3,15905,15896,15896.4,15898.6,15899.2,0.6,1655.680021
2026-04-28T04:50:00+00:00,15898.8,15909.15,15897.3,15908.5,15898.5,15899.1,15908.8,15909.5,15897,15897.6,15908,15909,1,1719.050028
2026-04-28T05:00:00+00:00,15908.55,15915.95,15905.55,15912.6,15908,15909.1,15915.7,15916.2,15905.2,15905.9,15912.3,15912.9,0.6,1493.200022
2026-04-28T05:10:00+00:00,15912.5,15916,15910.85,15910.9,15912.2,15912.8,15915.6,15916.4,15910.5,15911.2,15910.6,15911.2,0.6,1345.500018
2026-04-28T05:20:00+00:00,15910.8,15910.8,15905.4,15907.2,15910.5,15911.1,15910.5,15911.1,15905,15905.8,15907,15907.4,0.4,1173.360018
2026-04-28T05:30:00+00:00,15907.5,15915.45,15906.85,15914.5,15907.4,15907.6,15915.1,15915.8,15906.6,15907.1,15914.3,15914.7,0.4,1602.000027
2026-04-28T05:40:00+00:00,15914.65,15917.35,15911.6,15914.2,15914.5,15914.8,15917.1,15917.6,15911.4,15911.8,15914,15914.4,0.4,875.6200144
2026-04-28T05:50:00+00:00,15914.25,15921.4,15912.9,15920.25,15914.1,15914.4,15921.2,15921.6,15912.7,15913.1,15920,15920.5,0.5,1083.060019
2026-04-28T06:00:00+00:00,15920.35,15925.05,15914.4,15916.05,15920.2,15920.5,15924.8,15925.3,15914.1,15914.7,15915.8,15916.3,0.5,2276.650026
2026-04-28T06:10:00+00:00,15916.15,15924.9,15915.75,15921.2,15915.8,15916.5,15924.7,15925.1,15915.5,15916,15920.9,15921.5,0.6,1777.080028
2026-04-28T06:20:00+00:00,15921.25,15925.7,15919.5,15920.6,15921,15921.5,15925.5,15925.9,15919.2,15919.8,15920.3,15920.9,0.6,1379.400025
2026-04-28T06:30:00+00:00,15920.55,15921.6,15912.4,15913.35,15920.3,15920.8,15921.4,15921.8,15912.1,15912.7,15913.1,15913.6,0.5,2218.61004
2026-04-28T06:40:00+00:00,15913.4,15933,15903.2,15928.5,15913.2,15913.6,15932.7,15933.3,15903,15903.4,15928.2,15928.8,0.6,4116.870073
2026-04-28T06:50:00+00:00,15928.65,15936.1,15925.25,15935.3,15928.4,15928.9,15935.9,15936.3,15925,15925.5,15935.1,15935.5,0.4,4168.29006
2026-04-28T07:00:00+00:00,15935.5,15938.05,15926.9,15933.45,15935.4,15935.6,15937.8,15938.3,15926.7,15927.1,15933.1,15933.8,0.7,3935.290067
2026-04-28T07:10:00+00:00,15933.35,15942.5,15931.8,15940.75,15932.9,15933.8,15942.1,15942.9,15931.5,15932.1,15940.3,15941.2,0.9,2891.100047
2026-04-28T07:20:00+00:00,15940.3,15941.6,15934.4,15941.05,15940.2,15940.4,15941.2,15942,15934.1,15934.7,15940.8,15941.3,0.5,2744.340041
2026-04-28T07:30:00+00:00,15941.1,15945.65,15937.75,15941.85,15940.9,15941.3,15945.3,15946,15937.4,15938.1,15941.5,15942.2,0.7,2996.430048
2026-04-28T07:40:00+00:00,15941.9,15949.4,15937.1,15948.45,15941.6,15942.2,15949,15949.8,15936.7,15937.5,15948.2,15948.7,0.5,1977.760032
2026-04-28T07:50:00+00:00,15948.65,15954.7,15948.35,15953.75,15948.4,15948.9,15954.4,15955,15948,15948.7,15953.6,15953.9,0.3,3387.31004
2026-04-28T08:00:00+00:00,15953.6,15968.8,15952.8,15960.8,15953.4,15953.8,15968.5,15969.1,15952.6,15953,15960.5,15961.1,0.6,6795.900078
2026-04-28T08:10:00+00:00,15960.8,15964.8,15952.2,15955.8,15960.4,15961.2,15964.4,15965.2,15951.9,15952.5,15955.6,15956,0.4,4112.040052
2026-04-28T08:20:00+00:00,15955.9,15961.45,15950.65,15950.65,15955.6,15956.2,15961.2,15961.7,15950.5,15950.8,15950.5,15950.8,0.3,2549.150043
2026-04-28T08:30:00+00:00,15950.6,15954.4,15945.7,15953.9,15950.4,15950.8,15954,15954.8,15945.4,15946,15953.6,15954.2,0.6,2518.730037
2026-04-28T08:40:00+00:00,15953.85,15955.95,15950.8,15953.15,15953.5,15954.2,15955.7,15956.2,15950.5,15951.1,15952.7,15953.6,0.9,1603.500024
2026-04-28T08:50:00+00:00,15953.05,15953.2,15947.6,15947.65,15952.8,15953.3,15952.9,15953.5,15947.4,15947.8,15947.4,15947.9,0.5,2640.350042
2026-04-28T09:00:00+00:00,15947.55,15954.7,15942.75,15943.05,15947.3,15947.8,15954.4,15955,15942.5,15943,15942.8,15943.3,0.5,1996.910035
2026-04-28T09:10:00+00:00,15943.1,15951.65,15941.75,15950.05,15942.9,15943.3,15951.4,15951.9,15941.5,15942,15949.6,15950.5,0.9,2372.23004
2026-04-28T09:20:00+00:00,15949.95,15950.85,15947,15950,15949.5,15950.4,15950.6,15951.1,15946.8,15947.2,15949.8,15950.2,0.4,1429.770027
2026-04-28T09:30:00+00:00,15949.9,15959.45,15949.3,15959.3,15949.6,15950.2,15959.2,15959.7,15949.1,15949.5,15959,15959.6,0.6,1337.310031
2026-04-28T09:40:00+00:00,15959.35,15959.55,15950.2,15950.4,15959.1,15959.6,15959.4,15959.7,15950,15950.4,15950.2,15950.6,0.4,1715.250026
2026-04-28T09:50:00+00:00,15950.45,15958.65,15949.25,15957.45,15950.2,15950.7,15958.4,15958.9,15949,15949.5,15957.2,15957.7,0.5,1505.060025
2026-04-28T10:00:00+00:00,15957.35,15958.8,15953.75,15957.85,15957.1,15957.6,15958.6,15959,15953.5,15954,15957.6,15958.1,0.5,1313.690018
2026-04-28T10:10:00+00:00,15957.85,15959.9,15955.95,15959.8,15957.6,15958.1,15959.6,15960.2,15955.6,15956.3,15959.4,15960.2,0.8,1299.900024
2026-04-28T10:20:00+00:00,15959.85,15964.3,15957.7,15963.65,15959.6,15960.1,15964,15964.6,15957.5,15957.9,15963.3,15964,0.7,1834.970032
2026-04-28T10:30:00+00:00,15963.65,15964.9,15960.95,15961.75,15963.4,15963.9,15964.6,15965.2,15960.7,15961.2,15961.5,15962,0.5,1387.440021
2026-04-28T10:40:00+00:00,15961.7,15963.45,15958.45,15962.25,15961.5,15961.9,15963.2,15963.7,15958.1,15958.8,15962.1,15962.4,0.3,1555.770028
2026-04-28T10:50:00+00:00,15962.15,15963.95,15959.9,15963.35,15962,15962.3,15963.7,15964.2,15959.6,15960.2,15963.1,15963.6,0.5,1446.950023
2026-04-28T11:00:00+00:00,15963.35,15965.8,15960.35,15964.15,15963.1,15963.6,15965.6,15966,15960.1,15960.6,15963.9,15964.4,0.5,1668.770022
2026-04-28T11:10:00+00:00,15964.05,15971,15963.35,15970.3,15963.8,15964.3,15970.7,15971.3,15963.1,15963.6,15970.1,15970.5,0.4,1625.410025
2026-04-28T11:20:00+00:00,15970.35,15971.85,15967.15,15969.75,15970.1,15970.6,15971.7,15972,15966.9,15967.4,15969.6,15969.9,0.3,1210.020021
2026-04-28T11:30:00+00:00,15969.8,15976,15969.6,15975,15969.6,15970,15975.7,15976.3,15969.4,15969.8,15974.8,15975.2,0.4,1760.620021
2026-04-28T11:40:00+00:00,15975,15978.35,15972.4,15977.25,15974.8,15975.2,15978.1,15978.6,15972.1,15972.7,15977,15977.5,0.5,2610.210029
2026-04-28T11:50:00+00:00,15977.4,15978.85,15975.5,15975.8,15977.2,15977.6,15978.7,15979,15975.2,15975.8,15975.5,15976.1,0.6,2965.170035
2026-04-28T12:00:00+00:00,15975.55,15978.25,15972.4,15977.6,15975.5,15975.6,15978.1,15978.4,15972.1,15972.7,15977.4,15977.8,0.4,3549.800046
2026-04-28T12:10:00+00:00,15977.65,15977.75,15971.45,15973.7,15977.4,15977.9,15977.5,15978,15971.2,15971.7,15973.4,15974,0.6,2364.890033
2026-04-28T12:20:00+00:00,15973.8,15974.55,15957.2,15965.45,15973.5,15974.1,15974.2,15974.9,15956.9,15957.5,15965.2,15965.7,0.5,5745.73009
2026-04-28T12:30:00+00:00,15965.7,15970.05,15962.75,15963.65,15965.5,15965.9,15969.8,15970.3,15962.5,15963,15963.4,15963.9,0.5,3008.09004
2026-04-28T12:40:00+00:00,15963.7,15964.35,15949.15,15949.7,15963.5,15963.9,15964.1,15964.6,15948.9,15949.4,15949.4,15950,0.6,4013.680045
2026-04-28T12:50:00+00:00,15949.7,15953.3,15941.45,15946.45,15949.5,15949.9,15953,15953.6,15941.2,15941.7,15946,15946.9,0.9,3697.330063
2026-04-28T13:00:00+00:00,15946.45,15954.8,15943.35,15954.15,15946.2,15946.7,15954.6,15955,15943,15943.7,15953.9,15954.4,0.5,3588.320053
2026-04-28T13:10:00+00:00,15954.2,15960.75,15949.85,15959.05,15954,15954.4,15960.5,15961,15949.6,15950.1,15958.8,15959.3,0.5,3053.360035
2026-04-28T13:20:00+00:00,15959.15,15960.5,15943.45,15945,15958.8,15959.5,15960.2,15960.8,15943.1,15943.8,15944.6,15945.4,0.8,3509.260063
2026-04-28T13:30:00+00:00,15944.9,15955.1,15944.85,15951.3,15944.5,15945.3,15954.7,15955.5,15944.5,15945.2,15951.1,15951.5,0.4,5019.750093
2026-04-28T13:40:00+00:00,15951.45,15957,15947.95,15951.35,15951.2,15951.7,15956.7,15957.3,15947.7,15948.2,15951.1,15951.6,0.5,4291.200065
2026-04-28T13:50:00+00:00,15951.25,15952.5,15946.45,15951.5,15951,15951.5,15952.3,15952.7,15946,15946.9,15951.1,15951.9,0.8,3379.980051
2026-04-28T14:00:00+00:00,15951.55,15959.65,15950.95,15956.45,15951.2,15951.9,15959.3,15960,15950.5,15951.4,15956.2,15956.7,0.5,4525.820054
2026-04-28T14:10:00+00:00,15956.35,15961.2,15955.95,15960.85,15956.1,15956.6,15961,15961.4,15955.7,15956.2,15960.6,15961.1,0.5,3304.660038
2026-04-28T14:20:00+00:00,15960.6,15965.25,15959.95,15962.55,15960.4,15960.8,15965.1,15965.4,15959.6,15960.3,15962.3,15962.8,0.5,5002.350058
2026-04-28T14:30:00+00:00,15962.45,15966.15,15955.7,15965.9,15962.2,15962.7,15966,15966.3,15955.4,15956,15965.6,15966.2,0.6,5708.240082
2026-04-28T14:40:00+00:00,15965.9,15973.15,15963.75,15971.15,15965.7,15966.1,15972.9,15973.4,15963.5,15964,15970.9,15971.4,0.5,4183.380065
2026-04-28T14:50:00+00:00,15971.35,15975,15967.2,15972.15,15971.2,15971.5,15974.8,15975.2,15967.1,15967.3,15971.8,15972.5,0.7,7096.270093
2026-04-28T15:00:00+00:00,15972.25,15972.25,15963.15,15968,15971.8,15972.7,15971.8,15972.7,15962.9,15963.4,15967.8,15968.2,0.4,6252.850089
2026-04-28T15:10:00+00:00,15968.25,15969.7,15961.05,15962.15,15968.1,15968.4,15969.4,15970,15960.8,15961.3,15962,15962.3,0.3,3294.440044
2026-04-28T15:20:00+00:00,15962.05,15964.3,15957.4,15958.8,15961.8,15962.3,15964,15964.6,15957.1,15957.7,15958.6,15959,0.4,2920.090044
2026-04-28T15:30:00+00:00,15959.05,15963.15,15957.65,15958.4,15958.9,15959.2,15962.9,15963.4,15957.5,15957.8,15958.2,15958.6,0.4,2586.930034
2026-04-28T15:40:00+00:00,15958.55,15959.25,15956.05,15957.25,15958.3,15958.8,15959,15959.5,15955.8,15956.3,15957,15957.5,0.5,2193.060031
2026-04-28T15:50:00+00:00,15957.3,15957.9,15952.95,15954.25,15957.1,15957.5,15957.6,15958.2,15952.7,15953.2,15954,15954.5,0.5,1827.900029
2026-04-28T16:00:00+00:00,15954.15,15956.75,15950.95,15953.7,15953.9,15954.4,15956.5,15957,15950.8,15951.1,15953.5,15953.9,0.4,2017.660029
2026-04-28T16:10:00+00:00,15953.6,15957.3,15951.15,15957,15953.4,15953.8,15957.2,15957.4,15950.9,15951.4,15956.8,15957.2,0.4,2405.690033
2026-04-28T16:20:00+00:00,15957,15959.4,15954.45,15958.2,15956.8,15957.2,15959.1,15959.7,15954.2,15954.7,15958,15958.4,0.4,2339.030029
2026-04-28T16:30:00+00:00,15958.35,15962.5,15957.4,15958.3,15958.1,15958.6,15962.2,15962.8,15957.1,15957.7,15958.1,15958.5,0.4,2278.00003
2026-04-28T16:40:00+00:00,15958.4,15958.5,15954.75,15956.45,15958.2,15958.6,15958.3,15958.7,15954.5,15955,15956.2,15956.7,0.5,1740.930025
2026-04-28T16:50:00+00:00,15956.5,15957.8,15952.8,15956.15,15956.2,15956.8,15957.6,15958,15952.6,15953,15955.9,15956.4,0.5,2095.110031
2026-04-28T17:00:00+00:00,15955.95,15960.2,15954.65,15958.65,15955.7,15956.2,15960,15960.4,15954.4,15954.9,15958.4,15958.9,0.5,1604.450026
2026-04-28T17:10:00+00:00,15958.85,15962.7,15957.7,15961.5,15958.6,15959.1,15962.5,15962.9,15957.5,15957.9,15961.3,15961.7,0.4,1360.690022
2026-04-28T17:20:00+00:00,15961.35,15962.45,15957.15,15958.65,15961.1,15961.6,15962.2,15962.7,15956.9,15957.4,15958.4,15958.9,0.5,1275.57002
2026-04-28T17:30:00+00:00,15958.75,15959.75,15953.15,15955.25,15958.5,15959,15959.5,15960,15952.9,15953.4,15955,15955.5,0.5,1411.590023
2026-04-28T17:40:00+00:00,15955.15,15955.5,15951.3,15951.35,15954.9,15955.4,15955.3,15955.7,15951.1,15951.5,15951.1,15951.6,0.5,1618.060022
2026-04-28T17:50:00+00:00,15951.4,15955.65,15951.05,15954.4,15951.1,15951.7,15955.4,15955.9,15950.8,15951.3,15954.2,15954.6,0.4,1267.770014
2026-04-28T18:00:00+00:00,15954.35,15959.2,15953.85,15955.35,15954.1,15954.6,15959,15959.4,15953.7,15954,15955.1,15955.6,0.5,1533.750018
2026-04-28T18:10:00+00:00,15955.4,15957.6,15955,15956.2,15955.2,15955.6,15957.3,15957.9,15954.7,15955.3,15956,15956.4,0.4,1014.33001
2026-04-28T18:20:00+00:00,15956.15,15956.75,15952.5,15953.75,15956,15956.3,15956.5,15957,15952.4,15952.6,15953.5,15954,0.5,1900.360024
2026-04-28T18:30:00+00:00,15953.7,15958.75,15953.45,15957.25,15953.5,15953.9,15958.5,15959,15953.2,15953.7,15957,15957.5,0.5,1792.65002
2026-04-28T18:40:00+00:00,15956.75,15960.15,15955.85,15959.95,15956.7,15956.8,15959.9,15960.4,15955.6,15956.1,15959.7,15960.2,0.5,1158.330012
2026-04-28T18:50:00+00:00,15960,15962.8,15959.8,15962.45,15959.8,15960.2,15962.7,15962.9,15959.6,15960,15962.2,15962.7,0.5,1161.600016
2026-04-28T19:00:00+00:00,15962.2,15962.45,15957.9,15959.4,15962,15962.4,15962.2,15962.7,15957.7,15958.1,15959.2,15959.6,0.4,898.9300129
2026-04-28T19:10:00+00:00,15959.45,15964.15,15959.2,15963.95,15959.2,15959.7,15963.9,15964.4,15959,15959.4,15963.7,15964.2,0.5,923.4000124
2026-04-28T19:20:00+00:00,15964.05,15965.8,15964,15965,15963.8,15964.3,15965.6,15966,15963.8,15964.2,15964.9,15965.1,0.2,773.2900155
2026-04-28T19:30:00+00:00,15965.05,15966.3,15963,15965.15,15964.9,15965.2,15966.1,15966.5,15962.9,15963.1,15964.9,15965.4,0.5,822.0000144
2026-04-28T19:40:00+00:00,15965.2,15967.7,15964.55,15966.5,15965,15965.4,15967.5,15967.9,15964.4,15964.7,15966.2,15966.8,0.6,735.570014
2026-04-28T19:50:00+00:00,15966.4,15968.85,15965.85,15965.85,15966.2,15966.6,15968.7,15969,15965.6,15966.1,15965.6,15966.1,0.5,1335.30002
2026-04-28T20:00:00+00:00,15965.9,15966.55,15959.7,15959.85,15965.6,15966.2,15966.4,15966.7,15959.3,15960.1,15959.6,15960.1,0.5,831.9900167
2026-04-28T20:10:00+00:00,15959.8,15962.75,15959.4,15962.6,15959.6,15960,15962.5,15963,15959.2,15959.6,15962.3,15962.9,0.6,424.0500078
2026-04-28T20:20:00+00:00,15962.55,15963.8,15962.1,15962.6,15962.3,15962.8,15963.7,15963.9,15961.9,15962.3,15962.4,15962.8,0.4,370.8000062
2026-04-28T20:30:00+00:00,15962.3,15962.3,15959.75,15960.1,15962.1,15962.5,15962.1,15962.5,15959.5,15960,15959.9,15960.3,0.4,212.2500055
2026-04-28T20:40:00+00:00,15960.2,15961.5,15959.6,15959.8,15959.9,15960.5,15961.2,15961.8,15959.3,15959.9,15959.5,15960.1,0.6,479.2500086
2026-04-28T20:50:00+00:00,15959.85,15962.15,15959.8,15961.45,15959.6,15960.1,15961.5,15962.8,15959.5,15960.1,15960.7,15962.2,1.5,620.5900002
2026-04-28T21:00:00+00:00,15961.1,15961.85,15951.35,15955.75,15959.9,15962.3,15959.9,15963.8,15949.1,15953.6,15952.1,15959.4,7.3,190.6499997
2026-04-28T21:10:00+00:00,15955.8,15959.2,15955.5,15958.25,15952.4,15959.2,15956.7,15961.7,15951.9,15959.1,15956,15960.5,4.5,219.6200032
2026-04-28T21:20:00+00:00,15957.85,15963.15,15957.15,15961.35,15953.9,15961.8,15959.8,15966.5,15953.9,15960.4,15959,15963.7,4.7,231.5999994
2026-04-28T21:30:00+00:00,15961.4,15964.1,15960.9,15961.05,15959.1,15963.7,15961.2,15967,15958.7,15963.1,15959,15963.1,4.1,191.4000024
2026-04-28T21:40:00+00:00,15961,15962.5,15959.85,15960.2,15958.8,15963.2,15959.2,15965.8,15958.7,15961,15959,15961.4,2.4,204.0000027
2026-04-28T21:50:00+00:00,15960.25,15961.1,15956.5,15957.95,15959,15961.5,15959.1,15963.1,15953.3,15959.7,15955,15960.9,5.9,303.4500048
2026-04-28T22:00:00+00:00,15958.4,15961.05,15956.35,15957.5,15955.9,15960.9,15960,15962.1,15955,15957.7,15957.1,15957.9,0.8,333.8999971
2026-04-28T22:10:00+00:00,15957.4,15958.8,15957.05,15958.7,15957,15957.8,15958.4,15959.2,15956.6,15957.5,15958.3,15959.1,0.8,114.7500024
2026-04-28T22:20:00+00:00,15958.65,15960.15,15958.4,15960,15958.3,15959,15959.7,15960.6,15958,15958.8,15959.6,15960.4,0.8,154.8000028
2026-04-28T22:30:00+00:00,15959.95,15959.95,15958.1,15958.4,15959.5,15960.4,15959.5,15960.4,15957.6,15958.6,15958,15958.8,0.8,118.3500022
2026-04-28T22:40:00+00:00,15958.35,15958.6,15957,15958.6,15957.9,15958.8,15958.2,15959,15956.5,15957.5,15958.2,15959,0.8,216.4400029
2026-04-28T22:50:00+00:00,15958.65,15958.85,15957.15,15957.25,15958.3,15959,15958.4,15959.3,15956.6,15957.7,15956.7,15957.8,1.1,151.5900027
2026-04-28T23:00:00+00:00,15957.15,15957.8,15955.05,15957.3,15956.6,15957.7,15957.4,15958.2,15954.7,15955.4,15956.9,15957.7,0.8,325.210004
2026-04-28T23:10:00+00:00,15957.35,15957.85,15954.05,15954.45,15957,15957.7,15957.6,15958.1,15953.7,15954.4,15954,15954.9,0.9,385.7000083
2026-04-28T23:20:00+00:00,15954.65,15956.8,15954.65,15956.5,15954.3,15955,15956.5,15957.1,15954.3,15955,15956.3,15956.7,0.4,248.2200044
2026-04-28T23:30:00+00:00,15956.55,15959.2,15956.55,15959.2,15956.3,15956.8,15958.9,15959.5,15956.3,15956.8,15958.9,15959.5,0.6,269.1400049
2026-04-28T23:40:00+00:00,15959.05,15959.75,15957.1,15957.4,15958.7,15959.4,15959.5,15960,15956.8,15957.4,15957.1,15957.7,0.6,370.6500067
2026-04-28T23:50:00+00:00,15957.3,15957.3,15955.9,15956,15957,15957.6,15957,15957.6,15955.6,15956.2,15955.7,15956.3,0.6,345.600008
2026-04-29T00:00:00+00:00,15955.9,15956.65,15953.6,15955.6,15955.7,15956.1,15956.4,15956.9,15953.4,15953.8,15955.3,15955.9,0.6,1693.560029
2026-04-29T00:10:00+00:00,15955.65,15958.6,15954.85,15957.75,15955.4,15955.9,15958.4,15958.8,15954.5,15955.2,15957.6,15957.9,0.3,743.2000113
2026-04-29T00:20:00+00:00,15957.65,15959.3,15956.95,15957.25,15957.4,15957.9,15959.1,15959.5,15956.6,15957.3,15956.9,15957.6,0.7,1257.520011
2026-04-29T00:30:00+00:00,15957.2,15957.35,15955.2,15955.7,15956.8,15957.6,15957.1,15957.6,15955,15955.4,15955.5,15955.9,0.4,673.5000088
2026-04-29T00:40:00+00:00,15955.6,15955.6,15952.75,15953.85,15955.4,15955.8,15955.4,15955.8,15952.5,15953,15953.6,15954.1,0.5,843.0000145
2026-04-29T00:50:00+00:00,15953.7,15956.2,15951.9,15954.9,15953.4,15954,15956,15956.4,15951.6,15952.2,15954.6,15955.2,0.6,1656.430028
2026-04-29T01:00:00+00:00,15954.8,15966.4,15952.8,15964.75,15954.5,15955.1,15966.1,15966.7,15952.4,15953.2,15964.5,15965,0.5,3358.890061
2026-04-29T01:10:00+00:00,15964.8,15965.3,15961.9,15963.8,15964.5,15965.1,15964.9,15965.7,15961.6,15962.2,15963.5,15964.1,0.6,1739.440031
2026-04-29T01:20:00+00:00,15963.9,15964.85,15961.2,15963.25,15963.6,15964.2,15964.6,15965.1,15960.8,15961.6,15962.9,15963.6,0.7,962.7500168
2026-04-29T01:30:00+00:00,15963.3,15964.6,15958.2,15960.7,15963,15963.6,15964.3,15964.9,15957.9,15958.5,15960.4,15961,0.6,3055.520043
2026-04-29T01:40:00+00:00,15960.75,15963.65,15955.65,15962.25,15960.5,15961,15963.4,15963.9,15955.4,15955.9,15962,15962.5,0.5,1885.100032
2026-04-29T01:50:00+00:00,15962.3,15963.75,15960.1,15961.3,15962,15962.6,15963.5,15964,15959.8,15960.4,15961,15961.6,0.6,1809.820025
2026-04-29T02:00:00+00:00,15961,15961,15957.35,15957.8,15960.8,15961.2,15960.8,15961.2,15957.1,15957.6,15957.5,15958.1,0.6,1010.250021
2026-04-29T02:10:00+00:00,15957.75,15960.2,15957.25,15958.3,15957.4,15958.1,15959.9,15960.5,15957,15957.5,15958.1,15958.5,0.4,1016.860018
2026-04-29T02:20:00+00:00,15958.5,15960.9,15957.8,15960.1,15958.3,15958.7,15960.6,15961.2,15957.6,15958,15959.8,15960.4,0.6,731.0500119
2026-04-29T02:30:00+00:00,15960.05,15963.2,15959.1,15962.4,15959.8,15960.3,15962.9,15963.5,15958.8,15959.4,15962.1,15962.7,0.6,1431.90002
2026-04-29T02:40:00+00:00,15962.05,15962.95,15961.1,15961.35,15962,15962.1,15962.7,15963.2,15960.8,15961.4,15961.1,15961.6,0.5,859.3500127
2026-04-29T02:50:00+00:00,15961.3,15962.65,15960.1,15962.45,15960.9,15961.7,15962.5,15962.8,15959.8,15960.4,15962.2,15962.7,0.5,685.8900058
2026-04-29T03:00:00+00:00,15962.4,15962.45,15960.2,15961.3,15962.1,15962.7,15962.2,15962.7,15959.9,15960.5,15960.9,15961.7,0.8,1042.090013
2026-04-29T03:10:00+00:00,15961.25,15961.75,15960.5,15961.1,15961,15961.5,15961.6,15961.9,15960.2,15960.8,15960.8,15961.4,0.6,479.100009
2026-04-29T03:20:00+00:00,15961.15,15961.65,15958.95,15961.5,15960.9,15961.4,15961.4,15961.9,15958.7,15959.2,15961.3,15961.7,0.4,417.4500067
2026-04-29T03:30:00+00:00,15961.6,15963.65,15961.3,15962.6,15961.3,15961.9,15963.3,15964,15961,15961.6,15962.4,15962.8,0.4,532.050007
2026-04-29T03:40:00+00:00,15962.65,15963.9,15961.75,15963.8,15962.5,15962.8,15963.6,15964.2,15961.4,15962.1,15963.5,15964.1,0.6,429.3000059
2026-04-29T03:50:00+00:00,15963.65,15963.75,15961.3,15961.85,15963.4,15963.9,15963.5,15964,15961,15961.6,15961.6,15962.1,0.5,385.8000059
2026-04-29T04:00:00+00:00,15961.8,15963.55,15961.65,15962.6,15961.5,15962.1,15963.4,15963.7,15961.4,15961.9,15962.4,15962.8,0.4,400.0700068
2026-04-29T04:10:00+00:00,15962.65,15964.35,15962.45,15963.75,15962.4,15962.9,15964.1,15964.6,15962.2,15962.7,15963.4,15964.1,0.7,350.130007
2026-04-29T04:20:00+00:00,15963.8,15964.85,15963.6,15964.2,15963.5,15964.1,15964.6,15965.1,15963.3,15963.9,15963.9,15964.5,0.6,376.3500069
2026-04-29T04:30:00+00:00,15964.05,15964.05,15962.55,15962.9,15963.8,15964.3,15963.8,15964.3,15962.3,15962.8,15962.5,15963.3,0.8,729.0000086
2026-04-29T04:40:00+00:00,15962.8,15963.85,15962.45,15963.7,15962.5,15963.1,15963.6,15964.1,15962.2,15962.7,15963.5,15963.9,0.4,325.2000065
2026-04-29T04:50:00+00:00,15963.65,15963.95,15962.55,15963.65,15963.5,15963.8,15963.7,15964.2,15962.3,15962.8,15963.4,15963.9,0.5,178.9800029
2026-04-29T05:00:00+00:00,15963.6,15967.4,15963.45,15967.3,15963.4,15963.8,15966.9,15967.9,15963.2,15963.7,15966.9,15967.7,0.8,560.9200053
2026-04-29T05:10:00+00:00,15967.35,15967.65,15966.1,15967.6,15967,15967.7,15967.3,15968,15965.8,15966.4,15967.3,15967.9,0.6,493.6500083
2026-04-29T05:20:00+00:00,15967.5,15967.95,15965.55,15965.7,15967.2,15967.8,15967.7,15968.2,15965.4,15965.7,15965.6,15965.8,0.2,382.0900073
2026-04-29T05:30:00+00:00,15965.6,15969.55,15964.25,15968.7,15965.5,15965.7,15969.3,15969.8,15964.1,15964.4,15968.5,15968.9,0.4,882.5700141
2026-04-29T05:40:00+00:00,15968.55,15969.05,15966,15968.9,15968.4,15968.7,15968.7,15969.4,15965.8,15966.2,15968.5,15969.3,0.8,967.9200137
2026-04-29T05:50:00+00:00,15968.9,15971.2,15968.15,15971.05,15968.5,15969.3,15970.9,15971.5,15967.9,15968.4,15970.8,15971.3,0.5,949.5900137
2026-04-29T06:00:00+00:00,15971.1,15971.35,15967.2,15971.15,15970.8,15971.4,15971,15971.7,15967,15967.4,15970.9,15971.4,0.5,1887.23002
2026-04-29T06:10:00+00:00,15971.05,15974,15970.2,15972.8,15970.8,15971.3,15973.8,15974.2,15969.9,15970.5,15972.5,15973.1,0.6,1371.000018
2026-04-29T06:20:00+00:00,15972.75,15973.95,15970.75,15971.45,15972.4,15973.1,15973.8,15974.1,15970.5,15971,15971.2,15971.7,0.5,1277.850014
2026-04-29T06:30:00+00:00,15971.5,15973.05,15967.1,15967.5,15971.3,15971.7,15973,15973.1,15966.9,15967.3,15967.2,15967.8,0.6,1549.420014
2026-04-29T06:40:00+00:00,15967.55,15969.45,15963.75,15963.9,15967.3,15967.8,15969.2,15969.7,15963.5,15964,15963.7,15964.1,0.4,2177.540017
2026-04-29T06:50:00+00:00,15964.2,15966,15960.55,15965.65,15964,15964.4,15965.8,15966.2,15960.4,15960.7,15965.5,15965.8,0.3,3133.520029
2026-04-29T07:00:00+00:00,15965.75,15966.9,15962.35,15963,15965.5,15966,15966.6,15967.2,15962.1,15962.6,15962.8,15963.2,0.4,3216.170042
2026-04-29T07:10:00+00:00,15963,15968.25,15962.35,15967.8,15962.7,15963.3,15968,15968.5,15962.1,15962.6,15967.6,15968,0.4,3524.01004
2026-04-29T07:20:00+00:00,15967.85,15970.35,15963.95,15964.35,15967.6,15968.1,15970.2,15970.5,15963.8,15964.1,15964.2,15964.5,0.3,1624.390025
2026-04-29T07:30:00+00:00,15964.4,15965.35,15961.95,15964.7,15964.2,15964.6,15965.1,15965.6,15961.7,15962.2,15964.4,15965,0.6,1978.260034
2026-04-29T07:40:00+00:00,15964.75,15970.25,15964.15,15968,15964.5,15965,15969.9,15970.6,15963.9,15964.4,15967.7,15968.3,0.6,1606.820028
2026-04-29T07:50:00+00:00,15967.95,15968,15964.1,15967.15,15967.8,15968.1,15967.8,15968.2,15963.9,15964.3,15966.9,15967.4,0.5,1437.050021
2026-04-29T08:00:00+00:00,15967,15973.45,15963.85,15970.65,15966.8,15967.2,15973.3,15973.6,15963.6,15964.1,15970.4,15970.9,0.5,3449.610049
2026-04-29T08:10:00+00:00,15970.7,15973.95,15968.85,15972.7,15970.4,15971,15973.8,15974.1,15968.6,15969.1,15972.5,15972.9,0.4,2113.000034
2026-04-29T08:20:00+00:00,15972.65,15974.7,15971.25,15974.45,15972.5,15972.8,15974.5,15974.9,15971.1,15971.4,15974.3,15974.6,0.3,1470.120023
2026-04-29T08:30:00+00:00,15974.65,15978.5,15974.2,15976.25,15974.4,15974.9,15978.3,15978.7,15973.9,15974.5,15976,15976.5,0.5,1848.360022
2026-04-29T08:40:00+00:00,15976.2,15978.05,15975.2,15977.8,15976,15976.4,15977.8,15978.3,15974.9,15975.5,15977.6,15978,0.4,1089.58001
2026-04-29T08:50:00+00:00,15977.85,15978.75,15976.75,15978.35,15977.7,15978,15978.5,15979,15976.5,15977,15978.1,15978.6,0.5,1113.12001
2026-04-29T09:00:00+00:00,15978.2,15978.7,15975.3,15977.4,15978,15978.4,15978.5,15978.9,15975.1,15975.5,15977,15977.8,0.8,1303.710024
2026-04-29T09:10:00+00:00,15977.35,15978,15975.3,15976.75,15977.1,15977.6,15977.7,15978.3,15975,15975.6,15976.5,15977,0.5,1084.830013
2026-04-29T09:20:00+00:00,15977.05,15979.35,15976.5,15979.1,15976.9,15977.2,15979.1,15979.6,15976.3,15976.7,15979,15979.2,0.2,1114.470016
2026-04-29T09:30:00+00:00,15979.2,15981.85,15977.65,15980,15979,15979.4,15981.7,15982,15977.4,15977.9,15979.8,15980.2,0.4,1394.59002
2026-04-29T09:40:00+00:00,15980.2,15983.95,15978.8,15981.7,15980,15980.4,15983.7,15984.2,15978.5,15979.1,15981.5,15981.9,0.4,1672.710024
2026-04-29T09:50:00+00:00,15981.75,15984.25,15980.35,15983.55,15981.5,15982,15984,15984.5,15980.1,15980.6,15983.3,15983.8,0.5,1516.920021
2026-04-29T10:00:00+00:00,15983.4,15984,15980.05,15980.05,15983.2,15983.6,15983.7,15984.3,15979.8,15980.3,15979.8,15980.3,0.5,1228.50002
2026-04-29T10:10:00+00:00,15980.15,15981.5,15976.35,15976.8,15979.8,15980.5,15981.3,15981.7,15976.2,15976.5,15976.6,15977,0.4,966.7900137
2026-04-29T10:20:00+00:00,15976.75,15979.4,15976.3,15978.85,15976.6,15976.9,15979.2,15979.6,15976.1,15976.5,15978.7,15979,0.3,561.6000111
2026-04-29T10:30:00+00:00,15978.8,15978.8,15975,15976.65,15978.7,15978.9,15978.7,15978.9,15974.8,15975.2,15976.4,15976.9,0.5,959.5800142
2026-04-29T10:40:00+00:00,15976.7,15978.95,15976.4,15977.8,15976.5,15976.9,15978.7,15979.2,15976.1,15976.7,15977.5,15978.1,0.6,704.28001
2026-04-29T10:50:00+00:00,15977.75,15977.95,15975.4,15975.7,15977.5,15978,15977.7,15978.2,15975.2,15975.6,15975.4,15976,0.6,789.3900117
2026-04-29T11:00:00+00:00,15975.25,15982.9,15974,15981.6,15975.1,15975.4,15982.7,15983.1,15973.8,15974.2,15981.4,15981.8,0.4,1832.950029
2026-04-29T11:10:00+00:00,15981.65,15983.05,15980,15982.3,15981.5,15981.8,15982.8,15983.3,15979.7,15980.3,15982,15982.6,0.6,1845.180018
2026-04-29T11:20:00+00:00,15982.25,15984.2,15981.5,15983.95,15982,15982.5,15983.9,15984.5,15981.3,15981.7,15983.7,15984.2,0.5,1588.230017
2026-04-29T11:30:00+00:00,15984.05,15984.95,15979.45,15983.8,15983.8,15984.3,15984.7,15985.2,15979.2,15979.7,15983.5,15984.1,0.6,1791.750026
2026-04-29T11:40:00+00:00,15983.75,15985.15,15982.95,15984.55,15983.4,15984.1,15984.9,15985.4,15982.7,15983.2,15984.3,15984.8,0.5,1119.070019
2026-04-29T11:50:00+00:00,15984.65,15985.25,15984.25,15984.65,15984.5,15984.8,15985.1,15985.4,15984,15984.5,15984.4,15984.9,0.5,964.9500117
2026-04-29T12:00:00+00:00,15984.7,15985.05,15981.65,15984.3,15984.5,15984.9,15984.8,15985.3,15981.5,15981.8,15984.1,15984.5,0.4,1291.860021
2026-04-29T12:10:00+00:00,15984.25,15985.65,15982.95,15983.95,15984,15984.5,15985.4,15985.9,15982.7,15983.2,15983.7,15984.2,0.5,1095.20002
2026-04-29T12:20:00+00:00,15983.8,15986.55,15982.9,15984.7,15983.6,15984,15986.4,15986.7,15982.6,15983.2,15984.3,15985.1,0.8,1846.290024
2026-04-29T12:30:00+00:00,15984.35,15993.75,15984.3,15992.75,15984.1,15984.6,15993.6,15993.9,15984.1,15984.5,15992.5,15993,0.5,3201.750038
2026-04-29T12:40:00+00:00,15992.8,15994.8,15991.35,15994.35,15992.6,15993,15994.6,15995,15991.1,15991.6,15994.2,15994.5,0.3,2749.340028
2026-04-29T12:50:00+00:00,15994.25,15997.95,15993.9,15997.65,15994,15994.5,15997.8,15998.1,15993.7,15994.1,15997.4,15997.9,0.5,2754.780031
2026-04-29T13:00:00+00:00,15997.4,15997.95,15995.35,15996.5,15997.2,15997.6,15997.7,15998.2,15995,15995.7,15996.3,15996.7,0.4,2998.560043
2026-04-29T13:10:00+00:00,15996.4,16001.45,15995.4,16000.6,15996.2,15996.6,16001.2,16001.7,15995.1,15995.7,16000.3,16000.9,0.6,2405.880021
2026-04-29T13:20:00+00:00,16000.8,16008.4,15998.75,16007.1,16000.5,16001.1,16008.1,16008.7,15998.5,15999,16006.8,16007.4,0.6,5257.860059
2026-04-29T13:30:00+00:00,16007.45,16013.55,16005.3,16012.1,16007.3,16007.6,16013.4,16013.7,16005.1,16005.5,16011.9,16012.3,0.4,5294.300059
2026-04-29T13:40:00+00:00,16012.15,16016.95,16010.6,16016.75,16011.9,16012.4,16016.7,16017.2,16010.4,16010.8,16016.6,16016.9,0.3,3277.040036
2026-04-29T13:50:00+00:00,16016.75,16019.1,16014.8,16018.45,16016.6,16016.9,16018.9,16019.3,16014.5,16015.1,16018.2,16018.7,0.5,3632.280041
2026-04-29T14:00:00+00:00,16018.6,16020.05,16017.55,16018.45,16018.3,16018.9,16019.8,16020.3,16017.4,16017.7,16018.3,16018.6,0.3,2757.480049
2026-04-29T14:10:00+00:00,16018.55,16018.55,16007.95,16009.2,16018.3,16018.8,16018.3,16018.8,16007.7,16008.2,16009,16009.4,0.4,3313.550041
2026-04-29T14:20:00+00:00,16009.1,16012.25,16006.05,16011,16008.8,16009.4,16012.1,16012.4,16005.7,16006.4,16010.8,16011.2,0.4,3224.320036
2026-04-29T14:30:00+00:00,16010.95,16014.15,16009.15,16012.8,16010.7,16011.2,16013.9,16014.4,16008.9,16009.4,16012.5,16013.1,0.6,3768.750047
2026-04-29T14:40:00+00:00,16012.8,16018.45,16011.1,16017.3,16012.6,16013,16018.2,16018.7,16010.9,16011.3,16017.1,16017.5,0.4,2755.340036
2026-04-29T14:50:00+00:00,16017.25,16017.3,16001.35,16010.15,16017.1,16017.4,16017.1,16017.5,16001.1,16001.6,16010,16010.3,0.3,5282.640063
2026-04-29T15:00:00+00:00,16010.2,16018.45,16009.55,16018.45,16010,16010.4,16018.2,16018.7,16009.2,16009.9,16018.2,16018.7,0.5,4207.030053
2026-04-29T15:10:00+00:00,16018.45,16020.1,16017.1,16019.4,16018.2,16018.7,16019.9,16020.3,16016.9,16017.3,16019.2,16019.6,0.4,1730.390028
2026-04-29T15:20:00+00:00,16019.35,16024.55,16017.85,16022.7,16019.1,16019.6,16024.4,16024.7,16017.6,16018.1,16022.5,16022.9,0.4,2595.390033
2026-04-29T15:30:00+00:00,16022.6,16024.6,16021.3,16022.05,16022.5,16022.7,16024.4,16024.8,16021.1,16021.5,16021.9,16022.2,0.3,3007.370046
2026-04-29T15:40:00+00:00,16022,16022.55,16018.65,16020.65,16021.9,16022.1,16022.3,16022.8,16018.4,16018.9,16020.4,16020.9,0.5,2164.190035
2026-04-29T15:50:00+00:00,16020.45,16032.65,16018.4,16023.55,16020.2,16020.7,16032.3,16033,16018.2,16018.6,16023.3,16023.8,0.5,7236.930109
2026-04-29T16:00:00+00:00,16023.5,16024.7,16017.2,16018.75,16023.2,16023.8,16024.4,16025,16016.9,16017.5,16018.5,16019,0.5,3289.850047
2026-04-29T16:10:00+00:00,16018.7,16025.5,16017,16024.1,16018.4,16019,16025.2,16025.8,16016.7,16017.3,16023.8,16024.4,0.6,2277.680038
2026-04-29T16:20:00+00:00,16024.35,16024.9,16018.15,16022.05,16024.1,16024.6,16024.6,16025.2,16017.8,16018.5,16021.7,16022.4,0.7,2047.890031
2026-04-29T16:30:00+00:00,16022.25,16026.45,16021.2,16023.3,16022,16022.5,16026.2,16026.7,16021,16021.4,16023.1,16023.5,0.4,3365.900042
2026-04-29T16:40:00+00:00,16023.35,16030.35,16023.2,16029.25,16023.1,16023.6,16030.1,16030.6,16022.9,16023.5,16028.9,16029.6,0.7,2550.160045
2026-04-29T16:50:00+00:00,16029.35,16031.85,16028.7,16031.1,16029.1,16029.6,16031.6,16032.1,16028.4,16029,16030.8,16031.4,0.6,1975.740024
2026-04-29T17:00:00+00:00,16031.15,16036.65,16029.1,16036.5,16030.9,16031.4,16036.4,16036.9,16028.8,16029.4,16036.2,16036.8,0.6,2796.740033
2026-04-29T17:10:00+00:00,16036.35,16036.35,16032.1,16033.05,16036.1,16036.6,16036.1,16036.6,16031.9,16032.3,16032.9,16033.2,0.3,1708.500029
2026-04-29T17:20:00+00:00,16033.25,16033.9,16030.15,16031.75,16033.1,16033.4,16033.6,16034.2,16029.9,16030.4,16031.5,16032,0.5,2699.210045
2026-04-29T17:30:00+00:00,16031.7,16032.3,16027.65,16031.25,16031.4,16032,16032.1,16032.5,16027.3,16028,16031,16031.5,0.5,2115.810031
2026-04-29T17:40:00+00:00,16031.2,16031.5,16025,16028.25,16031,16031.4,16031.2,16031.8,16024.7,16025.3,16028,16028.5,0.5,2827.010051
2026-04-29T17:50:00+00:00,16028.4,16030,16021.6,16022.05,16028.1,16028.7,16029.7,16030.3,16020.1,16023.1,16020.4,16023.7,3.3,2111.010038
2026-04-29T18:00:00+00:00,16022.1,16039.1,16017.1,16038.2,16020.5,16023.7,16038.9,16039.3,16016.7,16017.5,16037.9,16038.5,0.6,7249.490132
2026-04-29T18:10:00+00:00,16038.15,16040.8,16021.95,16026.05,16037.9,16038.4,16040.6,16041,16021.7,16022.2,16025.8,16026.3,0.5,6650.170083
2026-04-29T18:20:00+00:00,16026.2,16030.4,16024.9,16028.7,16025.9,16026.5,16030.2,16030.6,16024.6,16025.2,16028.5,16028.9,0.4,4601.020053
2026-04-29T18:30:00+00:00,16028.65,16039.35,16020.15,16034.05,16028.4,16028.9,16039,16039.7,16019.9,16020.4,16033.7,16034.4,0.7,6175.480109
2026-04-29T18:40:00+00:00,16034.35,16042.75,16033.9,16038.55,16034,16034.7,16042.6,16042.9,16033.6,16034.2,16038.3,16038.8,0.5,5532.23009
2026-04-29T18:50:00+00:00,16038.45,16040.5,16034.8,16035,16038.3,16038.6,16040.2,16040.8,16034.5,16035.1,16034.6,16035.4,0.8,5285.110087
2026-04-29T19:00:00+00:00,16035,16039.85,16031.1,16038.45,16034.8,16035.2,16039.6,16040.1,16030.8,16031.4,16038.1,16038.8,0.7,5906.790088
2026-04-29T19:10:00+00:00,16038.55,16039.25,16028.65,16031.45,16038.3,16038.8,16039,16039.5,16028.4,16028.9,16031.2,16031.7,0.5,4371.690059
2026-04-29T19:20:00+00:00,16031.5,16037.75,16031.3,16036.2,16031.2,16031.8,16037.5,16038,16031.1,16031.5,16036,16036.4,0.4,2986.380042
2026-04-29T19:30:00+00:00,16036.3,16043.95,16033.4,16041.9,16036.1,16036.5,16043.7,16044.2,16033.1,16033.7,16041.7,16042.1,0.4,3145.600052
2026-04-29T19:40:00+00:00,16041.85,16044.25,16039.1,16039.2,16041.7,16042,16044,16044.5,16038.8,16039.4,16038.8,16039.6,0.8,2181.42003
2026-04-29T19:50:00+00:00,16039.5,16040.65,16036.2,16038.2,16039.4,16039.6,16040.3,16041,16036,16036.4,16037.9,16038.5,0.6,2510.770037
2026-04-29T20:00:00+00:00,16038.35,16041.65,16035.7,16040.75,16038.1,16038.6,16041.4,16041.9,16035.5,16035.9,16040.5,16041,0.5,1053.040017
2026-04-29T20:10:00+00:00,16040.65,16042.85,16037.2,16040.85,16040.4,16040.9,16042.4,16043.3,16037,16037.4,16040.6,16041.1,0.5,1293.680022
2026-04-29T20:20:00+00:00,16040.75,16043.35,16040.4,16042.8,16040.4,16041.1,16043.1,16043.6,16040.1,16040.7,16042.6,16043,0.4,495.2000109
2026-04-29T20:30:00+00:00,16042.65,16045.2,16041.75,16041.95,16042.4,16042.9,16044.9,16045.5,16041.5,16042,16041.7,16042.2,0.5,1395.19002
2026-04-29T20:40:00+00:00,16042,16044.75,16041.55,16044.6,16041.8,16042.2,16044.4,16045.1,16041.3,16041.8,16044.2,16045,0.8,1069.830013
2026-04-29T20:50:00+00:00,16044.5,16047.9,16041.45,16041.45,16044.1,16044.9,16047.4,16048.4,16039,16043.9,16039,16043.9,4.9,3376.330021
2026-04-29T21:00:00+00:00,16036.2,16043.25,16035.9,16040.3,16032.7,16039.7,16038.9,16047.6,16032.7,16039.1,16035.6,16045,9.4,222.9900022
2026-04-29T21:10:00+00:00,16040.3,16040.35,16030.7,16034.9,16035.6,16045,16035.7,16045,16024.2,16037.2,16032.1,16037.7,5.6,187.7999996
2026-04-29T21:20:00+00:00,16035.35,16037.65,16032.55,16035.1,16032.2,16038.5,16033.2,16042.1,16029.2,16035.9,16033.1,16037.1,4,207.2999977
2026-04-29T21:30:00+00:00,16035.05,16037.05,16033.95,16035.05,16033,16037.1,16034,16040.1,16031.1,16036.8,16032.9,16037.2,4.3,139.1400002
2026-04-29T21:40:00+00:00,16035.25,16035.95,16031.85,16034.5,16033.1,16037.4,16033.1,16038.8,16029.1,16034.6,16032.5,16036.5,4,475.170005
2026-04-29T21:50:00+00:00,16034.5,16041.7,16032.3,16040.4,16030.8,16038.2,16036.2,16047.2,16029.4,16035.2,16036.2,16044.6,8.4,485.3100071
2026-04-29T22:00:00+00:00,16037.35,16044,16036.7,16039.95,16034.1,16040.6,16043.4,16044.6,16034.1,16039.3,16039.6,16040.3,0.7,1044.680005
2026-04-29T22:10:00+00:00,16039.9,16040.6,16035.2,16035.2,16039.5,16040.3,16040.2,16041,16034.8,16035.6,16034.8,16035.6,0.8,934.4100136
2026-04-29T22:20:00+00:00,16035.3,16036.15,16032.6,16034.35,16034.8,16035.8,16035.8,16036.5,16032.2,16033,16034,16034.7,0.7,987.5800183
2026-04-29T22:30:00+00:00,16034.4,16035.75,16032.95,16035.55,16034.1,16034.7,16035.4,16036.1,16032.6,16033.3,16035.1,16036,0.9,566.0300075
2026-04-29T22:40:00+00:00,16035.5,16036.6,16034.4,16034.65,16035,16036,16036.3,16036.9,16034,16034.8,16034.4,16034.9,0.5,518.5300096
2026-04-29T22:50:00+00:00,16034.7,16034.75,16032.4,16032.95,16034.3,16035.1,16034.4,16035.1,16032,16032.8,16032.6,16033.3,0.7,1329.660023
2026-04-29T23:00:00+00:00,16032.8,16034.9,16031.15,16034.1,16032.6,16033,16034.5,16035.3,16030.9,16031.4,16033.7,16034.5,0.8,1342.370024
2026-04-29T23:10:00+00:00,16033.95,16034.35,16025.45,16028.35,16033.7,16034.2,16034.1,16034.6,16025.2,16025.7,16028.2,16028.5,0.3,826.1200215
2026-04-29T23:20:00+00:00,16028.45,16029.4,16025.65,16026.8,16028.2,16028.7,16029.2,16029.6,16025.4,16025.9,16026.6,16027,0.4,608.1000158
2026-04-29T23:30:00+00:00,16026.9,16029.3,16021.55,16021.65,16026.5,16027.3,16029,16029.6,16021.2,16021.9,16021.4,16021.9,0.5,864.2400193
2026-04-29T23:40:00+00:00,16022.35,16022.65,16015.35,16017.45,16022.3,16022.4,16022.3,16023,16015.1,16015.6,16017,16017.9,0.9,1111.580019
2026-04-29T23:50:00+00:00,16017.65,16020.2,16016.7,16020.15,16017.1,16018.2,16019.9,16020.5,16016.4,16017,16019.9,16020.4,0.5,1010.510017
2026-04-30T00:00:00+00:00,16020.05,16020.55,16008.1,16008.55,16019.8,16020.3,16020.3,16020.8,16007.9,16008.3,16008.3,16008.8,0.5,3904.270072
2026-04-30T00:10:00+00:00,16008.6,16013.05,16007.5,16011.45,16008.3,16008.9,16012.8,16013.3,16007.3,16007.7,16011.3,16011.6,0.3,2095.640034
2026-04-30T00:20:00+00:00,16011.6,16015.45,16009.65,16014.5,16011.4,16011.8,16015.1,16015.8,16009.5,16009.8,16014.3,16014.7,0.4,1557.290033
2026-04-30T00:30:00+00:00,16014.45,16019.1,16013.55,16015.75,16014.3,16014.6,16018.8,16019.4,16013.4,16013.7,16015.5,16016,0.5,1197.660025
2026-04-30T00:40:00+00:00,16015.8,16021.1,16015.7,16017.45,16015.6,16016,16020.8,16021.4,16015.5,16015.9,16017.2,16017.7,0.5,1795.050027
2026-04-30T00:50:00+00:00,16017.8,16030.65,16017.7,16029.7,16017.5,16018.1,16030.4,16030.9,16017.5,16017.9,16029.5,16029.9,0.4,4820.670072
2026-04-30T01:00:00+00:00,16030.15,16032,16025.2,16027.65,16030,16030.3,16031.7,16032.3,16025,16025.4,16027.4,16027.9,0.5,2750.840047
2026-04-30T01:10:00+00:00,16027.7,16030.55,16022.95,16023.75,16027.4,16028,16030.3,16030.8,16022.7,16023.2,16023.5,16024,0.5,2105.550036
2026-04-30T01:20:00+00:00,16024.2,16028.55,16023.05,16024.35,16024,16024.4,16028.3,16028.8,16022.7,16023.4,16024.1,16024.6,0.5,1527.820029
2026-04-30T01:30:00+00:00,16024.55,16028.75,16021.8,16027.85,16024.3,16024.8,16028.5,16029,16021.6,16022,16027.5,16028.2,0.7,2015.130035
2026-04-30T01:40:00+00:00,16027.6,16029.55,16023.1,16024.25,16027.3,16027.9,16029.3,16029.8,16022.8,16023.4,16024,16024.5,0.5,1390.090028
2026-04-30T01:50:00+00:00,16024.3,16025.85,16021.2,16022.75,16024.1,16024.5,16025.6,16026.1,16020.9,16021.5,16022.5,16023,0.5,2185.660046
2026-04-30T02:00:00+00:00,16022.95,16027.8,16021.45,16025.65,16022.8,16023.1,16027.4,16028.2,16021.3,16021.6,16025.4,16025.9,0.5,1683.490025
2026-04-30T02:10:00+00:00,16025.75,16028.85,16023.4,16028.75,16025.4,16026.1,16028.6,16029.1,16023.2,16023.6,16028.4,16029.1,0.7,1288.470022
2026-04-30T02:20:00+00:00,16028.85,16031.8,16027.7,16030.75,16028.6,16029.1,16031.6,16032,16027.5,16027.9,16030.4,16031.1,0.7,998.4500157
2026-04-30T02:30:00+00:00,16030.8,16037.35,16030.65,16036.05,16030.5,16031.1,16037.2,16037.5,16030.4,16030.9,16035.8,16036.3,0.5,4474.170052
2026-04-30T02:40:00+00:00,16036.15,16040.05,16032.75,16039.5,16035.9,16036.4,16039.9,16040.2,16032.5,16033,16039.3,16039.7,0.4,2453.06004
2026-04-30T02:50:00+00:00,16039.45,16040.15,16033.65,16034.55,16039.2,16039.7,16039.9,16040.4,16033.4,16033.9,16034.3,16034.8,0.5,1603.720026
2026-04-30T03:00:00+00:00,16034.5,16034.7,16032.1,16032.3,16034.2,16034.8,16034.5,16034.9,16031.9,16032.3,16032.1,16032.5,0.4,930.3700188
2026-04-30T03:10:00+00:00,16032.4,16040.55,16032.4,16038.7,16032.2,16032.6,16040.4,16040.7,16032.2,16032.6,16038.4,16039,0.6,2461.40004
2026-04-30T03:20:00+00:00,16038.9,16040.5,16037.15,16037.65,16038.7,16039.1,16040.2,16040.8,16036.9,16037.4,16037.3,16038,0.7,1355.630022
2026-04-30T03:30:00+00:00,16037.55,16038.5,16036.05,16037.4,16037.2,16037.9,16038.2,16038.8,16035.8,16036.3,16037.1,16037.7,0.6,1370.770022
2026-04-30T03:40:00+00:00,16037.5,16041.45,16037.5,16039.6,16037.3,16037.7,16041.3,16041.6,16037.3,16037.7,16039.4,16039.8,0.4,793.5000126
2026-04-30T03:50:00+00:00,16039.65,16042.75,16039.35,16042.5,16039.5,16039.8,16042.6,16042.9,16039.1,16039.6,16042.4,16042.6,0.2,686.5500147
2026-04-30T04:00:00+00:00,16042.6,16044.4,16036.7,16039,16042.4,16042.8,16044.2,16044.6,16036.4,16037,16038.6,16039.4,0.8,1990.92003
2026-04-30T04:10:00+00:00,16038.95,16044.4,16038.2,16043.45,16038.7,16039.2,16044.2,16044.6,16037.9,16038.5,16043.2,16043.7,0.5,1643.090027
2026-04-30T04:20:00+00:00,16043.4,16053.95,16042.1,16047.35,16043.2,16043.6,16053.7,16054.2,16041.9,16042.3,16047.2,16047.5,0.3,2947.630055
2026-04-30T04:30:00+00:00,16047.9,16058.05,16047.15,16056.55,16047.8,16048,16057.8,16058.3,16046.9,16047.4,16056.4,16056.7,0.3,4267.900066
2026-04-30T04:40:00+00:00,16056.45,16057.3,16051.3,16052.6,16056.2,16056.7,16056.9,16057.7,16051,16051.6,16052.4,16052.8,0.4,1608.240031
2026-04-30T04:50:00+00:00,16052.6,16054.95,16051,16053.95,16052.3,16052.9,16054.7,16055.2,16050.7,16051.3,16053.7,16054.2,0.5,1163.440018
2026-04-30T05:00:00+00:00,16054,16054.05,16047.1,16047.4,16053.6,16054.4,16053.7,16054.4,16046.8,16047.4,16047.1,16047.7,0.6,1766.490026
2026-04-30T05:10:00+00:00,16047.45,16052,16046.55,16051.1,16047.1,16047.8,16051.9,16052.1,16046.3,16046.8,16050.9,16051.3,0.4,1238.030024
2026-04-30T05:20:00+00:00,16051.05,16056.25,16050.55,16055.6,16050.9,16051.2,16056,16056.5,16050.4,16050.7,16055.3,16055.9,0.6,1035.070014
2026-04-30T05:30:00+00:00,16055.95,16056.55,16053.6,16055.1,16055.7,16056.2,16056.3,16056.8,16053.3,16053.9,16054.9,16055.3,0.4,1725.970024
2026-04-30T05:40:00+00:00,16055.15,16058.35,16053.75,16057.9,16054.9,16055.4,16058.1,16058.6,16053.5,16054,16057.7,16058.1,0.4,1787.580026
2026-04-30T05:50:00+00:00,16057.95,16065.55,16055.95,16065.5,16057.7,16058.2,16065.4,16065.7,16055.7,16056.2,16065.3,16065.7,0.4,3007.660036
2026-04-30T06:00:00+00:00,16065.75,16067.25,16058.6,16066.65,16065.5,16066,16067,16067.5,16058.5,16058.7,16066.3,16067,0.7,2845.770043
2026-04-30T06:10:00+00:00,16066.85,16072.55,16066.65,16067.55,16066.7,16067,16072.3,16072.8,16066.3,16067,16067.2,16067.9,0.7,3358.780042
2026-04-30T06:20:00+00:00,16067.55,16068.85,16061.9,16062.3,16067.2,16067.9,16068.6,16069.1,16061.6,16062.2,16062.1,16062.5,0.4,2723.570035
2026-04-30T06:30:00+00:00,16062.25,16062.75,16053.7,16060.25,16062,16062.5,16062.5,16063,16053.4,16054,16060.1,16060.4,0.3,4599.970051
2026-04-30T06:40:00+00:00,16060.2,16063.7,16057.65,16059.95,16060,16060.4,16063.5,16063.9,16057.3,16058,16059.7,16060.2,0.5,4753.34003
2026-04-30T06:50:00+00:00,16059.85,16063.45,16058.35,16061.25,16059.6,16060.1,16063.2,16063.7,16058.1,16058.6,16061,16061.5,0.5,4145.560031
2026-04-30T07:00:00+00:00,16061.5,16061.9,16052,16052.6,16061.4,16061.6,16061.7,16062.1,16051.8,16052.2,16052.2,16053,0.8,4263.600056
2026-04-30T07:10:00+00:00,16052.55,16052.6,16044.5,16046.15,16052.3,16052.8,16052.3,16052.9,16044.2,16044.8,16045.9,16046.4,0.5,4331.51006
2026-04-30T07:20:00+00:00,16046.2,16051.9,16045.85,16047.3,16046,16046.4,16051.7,16052.1,16045.6,16046.1,16047.1,16047.5,0.4,2655.320037
2026-04-30T07:30:00+00:00,16047.25,16060.05,16047.25,16057.05,16047.1,16047.4,16059.8,16060.3,16047.1,16047.4,16056.8,16057.3,0.5,2652.350036
2026-04-30T07:40:00+00:00,16057.15,16059.8,16056.45,16058.15,16056.9,16057.4,16059.5,16060.1,16056.2,16056.7,16057.9,16058.4,0.5,2033.820025
2026-04-30T07:50:00+00:00,16058.2,16059.25,15979,16013.5,16058,16058.4,16059,16059.5,15977.6,15980.4,16013.3,16013.7,0.4,6080.6501
2026-04-30T08:00:00+00:00,16013.7,16018.1,15993.1,16002.9,16013.3,16014.1,16017.6,16018.6,15992.7,15993.5,16002.6,16003.2,0.6,10996.76017
2026-04-30T08:10:00+00:00,16003.2,16009.9,15999.65,15999.65,16002.7,16003.7,16009.6,16010.2,15999.5,15999.8,15999.5,15999.8,0.3,7092.2301
2026-04-30T08:20:00+00:00,15999.6,16003.8,15992.05,15992.1,15999.3,15999.9,16003.5,16004.1,15991.8,15992.3,15991.9,15992.3,0.4,5717.900093
2026-04-30T08:30:00+00:00,15992.15,15997.9,15960.5,15974.95,15991.8,15992.5,15997.7,15998.1,15960.2,15960.8,15974.7,15975.2,0.5,5517.330103
2026-04-30T08:40:00+00:00,15975,15976.35,15960.45,15964.65,15974.7,15975.3,15975.9,15976.8,15960.3,15960.6,15964.4,15964.9,0.5,7671.12013
2026-04-30T08:50:00+00:00,15964.6,15965,15945.5,15959.05,15964.3,15964.9,15964.7,15965.3,15945.2,15945.8,15958.7,15959.4,0.7,5784.890106
2026-04-30T09:00:00+00:00,15958.35,15959.65,15938.2,15938.4,15958.2,15958.5,15959.4,15959.9,15937.9,15938.5,15938.2,15938.6,0.4,6855.990106
2026-04-30T09:10:00+00:00,15938.5,15948.65,15930.65,15936.15,15938.2,15938.8,15948.3,15949,15930.4,15930.9,15936,15936.3,0.3,6461.060098
2026-04-30T09:20:00+00:00,15936.3,15951.8,15936.15,15937.6,15936,15936.6,15951.6,15952,15935.8,15936.5,15937.2,15938,0.8,5879.130088
2026-04-30T09:30:00+00:00,15937.5,15938.95,15922.4,15937.25,15937.1,15937.9,15938.6,15939.3,15922.1,15922.7,15936.9,15937.6,0.7,8067.740122
2026-04-30T09:40:00+00:00,15937.2,15938.5,15931.1,15932,15936.9,15937.5,15938.2,15938.8,15930.7,15931.5,15931.7,15932.3,0.6,5144.610077
2026-04-30T09:50:00+00:00,15931.85,15942.2,15930.95,15934.25,15931.6,15932.1,15941.9,15942.5,15930.7,15931.2,15934,15934.5,0.5,4311.20007
2026-04-30T10:00:00+00:00,15934.15,15935.6,15918.15,15921.7,15933.9,15934.4,15935.3,15935.9,15918,15918.3,15921.4,15922,0.6,5344.660079
2026-04-30T10:10:00+00:00,15921.55,15927,15919.25,15921.65,15921.2,15921.9,15926.6,15927.4,15919,15919.5,15921.4,15921.9,0.5,4458.040062
2026-04-30T10:20:00+00:00,15921.55,15924.4,15821.05,15845.45,15921.3,15921.8,15924.2,15924.6,15820.6,15821.5,15844.3,15846.6,2.3,8353.19013
2026-04-30T10:30:00+00:00,15844.7,15850.5,15783.3,15798.1,15843.3,15846.1,15849.9,15851.1,15782.7,15783.9,15797.7,15798.5,0.8,25349.62031
2026-04-30T10:40:00+00:00,15797.85,15806.8,15753.6,15754.95,15797.1,15798.6,15806.5,15807.1,15753.2,15754,15754.5,15755.4,0.9,19978.86023
2026-04-30T10:50:00+00:00,15754.65,15769.3,15699.6,15716.8,15754.2,15755.1,15768.8,15769.8,15699.3,15699.9,15715.6,15718,2.4,21240.02026
2026-04-30T11:00:00+00:00,15716.8,15745.65,15684.9,15733.6,15715.8,15717.8,15745.3,15746,15684.5,15685.3,15733.2,15734,0.8,15367.8502
2026-04-30T11:10:00+00:00,15733.7,15746.95,15666.15,15698.2,15733.3,15734.1,15746.8,15747.1,15665.8,15666.5,15697.5,15698.9,1.4,17761.13023
2026-04-30T11:20:00+00:00,15697.8,15698.55,15637.35,15650.6,15697.2,15698.4,15698.4,15698.7,15637,15637.7,15650.3,15650.9,0.6,18128.17023
2026-04-30T11:30:00+00:00,15650.3,15677.85,15604.9,15626.35,15650.2,15650.4,15677.4,15678.3,15604.5,15605.3,15625.7,15627,1.3,17390.45024
2026-04-30T11:40:00+00:00,15626.65,15642.75,15555.75,15605.35,15626,15627.3,15642.2,15643.3,15555.4,15556.1,15604.8,15605.9,1.1,18273.66023
2026-04-30T11:50:00+00:00,15605.25,15637.9,15586.25,15637.65,15604.6,15605.9,15637.6,15638.2,15585.5,15587,15637.4,15637.9,0.5,10827.74016
2026-04-30T12:00:00+00:00,15637.75,15671.85,15634.55,15651.9,15637.5,15638,15671.6,15672.1,15634.1,15635,15651.7,15652.1,0.4,10397.20016
2026-04-30T12:10:00+00:00,15652.2,15665.25,15634.85,15660.35,15651.9,15652.5,15664.8,15665.7,15634.4,15635.3,15660.1,15660.6,0.5,6783.490128
2026-04-30T12:20:00+00:00,15660.7,15677.25,15651.8,15668.8,15660.2,15661.2,15676.9,15677.6,15651.4,15652.2,15668.2,15669.4,1.2,7807.150123
2026-04-30T12:30:00+00:00,15669,15687.7,15662.9,15682.75,15668.4,15669.6,15687.3,15688.1,15662.4,15663.4,15682.5,15683,0.5,6755.040108
2026-04-30T12:40:00+00:00,15682.85,15711.05,15682.6,15693.75,15682.5,15683.2,15710.7,15711.4,15682.4,15682.8,15693.3,15694.2,0.9,9083.040126
2026-04-30T12:50:00+00:00,15693.7,15693.8,15675.1,15682.3,15693.3,15694.1,15693.4,15694.2,15675,15675.2,15682.1,15682.5,0.4,5329.760091
2026-04-30T13:00:00+00:00,15682.4,15689.5,15654.85,15654.85,15682.2,15682.6,15689.4,15689.6,15654.7,15655,15654.7,15655,0.3,6416.770122
2026-04-30T13:10:00+00:00,15654.6,15684.5,15619.7,15683.35,15654.4,15654.8,15684.4,15684.6,15618.8,15620.6,15683.1,15683.6,0.5,9784.080178
2026-04-30T13:20:00+00:00,15683.45,15686.35,15657,15657,15683.2,15683.7,15686.1,15686.6,15656.8,15657.2,15656.8,15657.2,0.4,5204.500119
2026-04-30T13:30:00+00:00,15657.4,15676.4,15654.2,15668.4,15657.2,15657.6,15676.2,15676.6,15654,15654.4,15668.2,15668.6,0.4,4810.680101
2026-04-30T13:40:00+00:00,15668.15,15686.1,15664.35,15685.35,15667.9,15668.4,15685.8,15686.4,15664.1,15664.6,15685.1,15685.6,0.5,4831.530091
2026-04-30T13:50:00+00:00,15685.1,15696.1,15684.1,15692.5,15684.8,15685.4,15695.8,15696.4,15683.9,15684.3,15692.4,15692.6,0.2,5740.390099
2026-04-30T14:00:00+00:00,15692.4,15696.25,15670.05,15679.05,15692.3,15692.5,15696,15696.5,15669.9,15670.2,15678.8,15679.3,0.5,7136.170115
2026-04-30T14:10:00+00:00,15679.5,15684.05,15672.55,15680.4,15679.3,15679.7,15683.8,15684.3,15672.2,15672.9,15680,15680.8,0.8,6209.150105
2026-04-30T14:20:00+00:00,15680.55,15680.55,15663.1,15669.45,15680.2,15680.9,15680.2,15680.9,15662.8,15663.4,15669.1,15669.8,0.7,5660.830105
2026-04-30T14:30:00+00:00,15669.55,15683.7,15666.15,15668.9,15669.2,15669.9,15683.5,15683.9,15665.9,15666.4,15668.6,15669.2,0.6,6331.020117
2026-04-30T14:40:00+00:00,15668.75,15671,15656.55,15658.3,15668.6,15668.9,15670.7,15671.3,15656.3,15656.8,15658,15658.6,0.6,5387.170096
2026-04-30T14:50:00+00:00,15658.3,15670.8,15646.15,15667.75,15658,15658.6,15670.6,15671,15645.9,15646.4,15667.5,15668,0.5,8013.510138
2026-04-30T15:00:00+00:00,15667.7,15683.25,15667.65,15667.9,15667.4,15668,15683,15683.5,15667.4,15667.9,15667.7,15668.1,0.4,10797.37017
2026-04-30T15:10:00+00:00,15667.95,15674.5,15664.1,15667.7,15667.7,15668.2,15674.4,15674.6,15663.9,15664.3,15667.6,15667.8,0.2,5143.120083
2026-04-30T15:20:00+00:00,15667.65,15676.05,15667.45,15674,15667.5,15667.8,15675.9,15676.2,15667.2,15667.7,15673.8,15674.2,0.4,5821.320072
2026-04-30T15:30:00+00:00,15674.05,15677.8,15663.25,15664.05,15673.8,15674.3,15677.6,15678,15663,15663.5,15663.8,15664.3,0.5,4945.830083
2026-04-30T15:40:00+00:00,15664.1,15672.7,15660.4,15669.1,15663.9,15664.3,15672.4,15673,15660.2,15660.6,15668.8,15669.4,0.6,4861.240076
2026-04-30T15:50:00+00:00,15669.05,15674.5,15663.45,15666.35,15668.7,15669.4,15674.2,15674.8,15663.3,15663.6,15666.2,15666.5,0.3,4265.340066
2026-04-30T16:00:00+00:00,15666.3,15667.35,15651.05,15658.35,15666.2,15666.4,15667.2,15667.5,15650.9,15651.2,15658.1,15658.6,0.5,3709.580058
2026-04-30T16:10:00+00:00,15658.6,15670,15651.85,15667.85,15658.4,15658.8,15669.8,15670.2,15651.7,15652,15667.6,15668.1,0.5,3503.750068
2026-04-30T16:20:00+00:00,15667.55,15674.2,15665.15,15671.15,15667.3,15667.8,15673.9,15674.5,15665,15665.3,15670.9,15671.4,0.5,4133.560072
2026-04-30T16:30:00+00:00,15671,15672.9,15666.6,15666.6,15670.8,15671.2,15672.6,15673.2,15666.4,15666.8,15666.4,15666.8,0.4,3389.050058
2026-04-30T16:40:00+00:00,15667.65,15668.15,15660.1,15661.15,15667.5,15667.8,15667.9,15668.4,15659.8,15660.4,15660.9,15661.4,0.5,3246.420046
2026-04-30T16:50:00+00:00,15661.35,15664.85,15655.65,15658.05,15661,15661.7,15664.6,15665.1,15655.4,15655.9,15657.9,15658.2,0.3,2207.45004
2026-04-30T17:00:00+00:00,15658,15669.55,15651.8,15669.15,15657.8,15658.2,15669.3,15669.8,15651.6,15652,15669,15669.3,0.3,3248.36006
2026-04-30T17:10:00+00:00,15669.1,15670.05,15657.75,15658.2,15669,15669.2,15669.7,15670.4,15657.5,15658,15657.9,15658.5,0.6,2463.970037
2026-04-30T17:20:00+00:00,15658,15660.6,15652.6,15652.65,15657.8,15658.2,15660.4,15660.8,15652.4,15652.8,15652.4,15652.9,0.5,3012.430048
2026-04-30T17:30:00+00:00,15652.75,15652.75,15642.9,15647.25,15652.5,15653,15652.5,15653,15642.7,15643.1,15647,15647.5,0.5,4128.050067
2026-04-30T17:40:00+00:00,15647.3,15651.25,15646.45,15650.05,15647.1,15647.5,15651,15651.5,15646.2,15646.7,15649.8,15650.3,0.5,4314.140056
2026-04-30T17:50:00+00:00,15650,15651.25,15646.1,15648.45,15649.7,15650.3,15651,15651.5,15645.9,15646.3,15648.2,15648.7,0.5,2273.610032
2026-04-30T18:00:00+00:00,15648.25,15648.4,15641.15,15644.75,15648,15648.5,15648.1,15648.7,15641,15641.3,15644.5,15645,0.5,3165.590051
2026-04-30T18:10:00+00:00,15644.85,15647.25,15637.7,15637.7,15644.6,15645.1,15647,15647.5,15637.4,15638,15637.4,15638,0.6,2082.28003
2026-04-30T18:20:00+00:00,15637.8,15640.15,15634.05,15639.45,15637.6,15638,15639.9,15640.4,15633.8,15634.3,15639.2,15639.7,0.5,2489.740047
2026-04-30T18:30:00+00:00,15639.05,15642.05,15633.15,15633.75,15638.8,15639.3,15641.8,15642.3,15632.9,15633.4,15633.5,15634,0.5,2823.610039
2026-04-30T18:40:00+00:00,15633.65,15637.15,15631.45,15636.15,15633.4,15633.9,15636.9,15637.4,15631.2,15631.7,15635.9,15636.4,0.5,1890.070021
2026-04-30T18:50:00+00:00,15636.05,15642.55,15634.1,15641.45,15635.8,15636.3,15642.3,15642.8,15633.8,15634.4,15641.2,15641.7,0.5,3197.270039
2026-04-30T19:00:00+00:00,15641.4,15646.25,15636.25,15636.75,15641.1,15641.7,15646,15646.5,15636,15636.5,15636.4,15637.1,0.7,3668.370051
2026-04-30T19:10:00+00:00,15636.55,15647.9,15630.8,15647.8,15636.3,15636.8,15647.6,15648.2,15630.6,15631,15647.5,15648.1,0.6,2855.810047
2026-04-30T19:20:00+00:00,15647.65,15654.7,15647.25,15648.45,15647.4,15647.9,15654.4,15655,15647,15647.5,15648.2,15648.7,0.5,3147.060048
2026-04-30T19:30:00+00:00,15648.5,15652.1,15643.5,15643.6,15648.3,15648.7,15651.8,15652.4,15643.2,15643.8,15643.3,15643.9,0.6,2287.880046
2026-04-30T19:40:00+00:00,15643.65,15649.35,15641.1,15646.15,15643.3,15644,15649.1,15649.6,15640.8,15641.4,15645.9,15646.4,0.5,2515.210039
2026-04-30T19:50:00+00:00,15645.75,15657.1,15645.3,15656.85,15645.5,15646,15656.8,15657.4,15645,15645.6,15656.5,15657.2,0.7,2854.340051
2026-04-30T20:00:00+00:00,15656.9,15659.2,15652.6,15658.1,15656.6,15657.2,15658.9,15659.5,15652.3,15652.9,15657.8,15658.4,0.6,2492.010039
2026-04-30T20:10:00+00:00,15657.85,15660.2,15653.75,15655,15657.6,15658.1,15659.9,15660.5,15653.5,15654,15654.7,15655.3,0.6,1112.800018
2026-04-30T20:20:00+00:00,15655.05,15655.25,15652.55,15655,15654.8,15655.3,15654.9,15655.6,15652.2,15652.9,15654.7,15655.3,0.6,576.6200134
2026-04-30T20:30:00+00:00,15655.3,15657.7,15651.15,15657.7,15655,15655.6,15657.4,15658,15650.8,15651.5,15657.4,15658,0.6,827.6400138
2026-04-30T20:40:00+00:00,15657.75,15661.75,15656.7,15659.45,15657.3,15658.2,15661.4,15662.1,15656.4,15657,15659.1,15659.8,0.7,921.9900208
2026-04-30T20:50:00+00:00,15659.35,15663.4,15658.55,15658.9,15659,15659.7,15662.9,15663.9,15657.7,15659.4,15658,15659.8,1.8,1414.770017
2026-04-30T21:00:00+00:00,15658.95,15660.85,15649.2,15656.5,15658,15659.9,15658.5,15663.2,15638.5,15659.9,15651.5,15661.5,10,113.9200007
2026-04-30T21:10:00+00:00,15656.45,15659.95,15656.35,15658.1,15650.9,15662,15656.3,15663.6,15650.8,15661.9,15652.8,15663.4,10.6,54.67000186
2026-04-30T21:20:00+00:00,15658.2,15660.3,15657.55,15659.5,15653,15663.4,15656.9,15663.7,15653,15662.1,15655.6,15663.4,7.8,99.15000153
2026-04-30T21:30:00+00:00,15659.9,15660.85,15658.95,15660.05,15656.5,15663.3,15658.4,15663.3,15656.5,15661.4,15657.8,15662.3,4.5,168.7500043
2026-04-30T21:40:00+00:00,15660.3,15666.55,15658.65,15658.65,15657.5,15663.1,15665.1,15668,15656.7,15660.6,15656.7,15660.6,3.9,491.0000128
2026-04-30T21:50:00+00:00,15658.7,15658.9,15657.45,15658.7,15656.7,15660.7,15657.1,15660.7,15656.5,15658.4,15657,15660.4,3.4,97.92000163
2026-04-30T22:00:00+00:00,15658.6,15665,15657.5,15662.5,15656.9,15660.3,15664.5,15665.5,15656.3,15658.7,15662.1,15662.9,0.8,499.93
2026-04-30T22:10:00+00:00,15662.45,15665.75,15662.1,15663.4,15662,15662.9,15665.4,15666.1,15661.6,15662.6,15663,15663.8,0.8,393.2500107
2026-04-30T22:20:00+00:00,15663.5,15667.25,15661.85,15666.7,15663.1,15663.9,15666.8,15667.7,15661.4,15662.3,15666.3,15667.1,0.8,283.2300073
2026-04-30T22:30:00+00:00,15666.55,15674.9,15666.3,15672.5,15666.1,15667,15674.5,15675.3,15665.9,15666.7,15672.1,15672.9,0.8,820.8300173
2026-04-30T22:40:00+00:00,15672.4,15673.55,15669,15669.05,15672,15672.8,15673.1,15674,15668.6,15669.4,15668.7,15669.4,0.7,454.6200099
2026-04-30T22:50:00+00:00,15668.95,15673.6,15665.2,15666.5,15668.7,15669.2,15673.2,15674,15664.7,15665.7,15666,15667,1,754.670011
2026-04-30T23:00:00+00:00,15666.75,15672.9,15664.4,15672.9,15666.3,15667.2,15672.5,15673.3,15663.9,15664.9,15672.5,15673.3,0.8,1203.490016
2026-04-30T23:10:00+00:00,15673.1,15678.05,15672.4,15676,15672.7,15673.5,15677.8,15678.3,15672,15672.8,15675.7,15676.3,0.6,954.480016
2026-04-30T23:20:00+00:00,15675.95,15676.3,15668.7,15671.25,15675.7,15676.2,15676,15676.6,15668.4,15669,15670.7,15671.8,1.1,543.210011
2026-04-30T23:30:00+00:00,15671.3,15680.6,15671.05,15680.05,15670.8,15671.8,15680.3,15680.9,15670.8,15671.3,15679.7,15680.4,0.7,1915.550027
2026-04-30T23:40:00+00:00,15680.35,15700.35,15680.3,15696.7,15679.9,15680.8,15700.1,15700.6,15679.9,15680.7,15696.3,15697.1,0.8,3533.400054
2026-04-30T23:50:00+00:00,15696.7,15702.35,15693.1,15699.25,15696.3,15697.1,15702.1,15702.6,15692.7,15693.5,15698.9,15699.6,0.7,3680.230053
2026-05-01T00:00:00+00:00,15699,15717,15696.7,15711.85,15698.8,15699.2,15716.6,15717.4,15696.4,15697,15711.6,15712.1,0.5,4395.080088
2026-05-01T00:10:00+00:00,15711.95,15717.2,15706.45,15715.5,15711.6,15712.3,15716.8,15717.6,15706.1,15706.8,15715.1,15715.9,0.8,4364.26008
2026-05-01T00:20:00+00:00,15715.5,15730.75,15710.4,15728.3,15715.1,15715.9,15730.5,15731,15710.1,15710.7,15728.1,15728.5,0.4,4183.440056
2026-05-01T00:30:00+00:00,15728.25,15728.55,15714.6,15724.05,15727.9,15728.6,15728.2,15728.9,15714.2,15715,15723.8,15724.3,0.5,4621.110065
2026-05-01T00:40:00+00:00,15724.1,15728.35,15720.05,15720.25,15723.8,15724.4,15728,15728.7,15719.7,15720.4,15720,15720.5,0.5,3777.040047
2026-05-01T00:50:00+00:00,15720.3,15723.95,15699.2,15708.15,15720,15720.6,15723.7,15724.2,15698.8,15699.6,15707.9,15708.4,0.5,5773.450095
2026-05-01T01:00:00+00:00,15708.1,15720.6,15705,15719.2,15707.8,15708.4,15720.3,15720.9,15704.8,15705.2,15718.9,15719.5,0.6,2961.090046
2026-05-01T01:10:00+00:00,15719.3,15725.7,15710.65,15719.2,15719,15719.6,15725.4,15726,15710.4,15710.9,15718.9,15719.5,0.6,2697.93005
2026-05-01T01:20:00+00:00,15719.6,15724.4,15712.85,15719.25,15719.4,15719.8,15724.1,15724.7,15712.6,15713.1,15719,15719.5,0.5,1933.450037
2026-05-01T01:30:00+00:00,15719.15,15719.95,15706.75,15718.15,15718.8,15719.5,15719.7,15720.2,15706.5,15707,15717.9,15718.4,0.5,2910.030042
2026-05-01T01:40:00+00:00,15718.05,15720.9,15712.15,15717.75,15717.7,15718.4,15720.7,15721.1,15711.9,15712.4,15717.4,15718.1,0.7,2236.210039
2026-05-01T01:50:00+00:00,15717.8,15723.35,15711.95,15720.1,15717.6,15718,15723.2,15723.5,15711.6,15712.3,15719.7,15720.5,0.8,2517.570044
2026-05-01T02:00:00+00:00,15719.45,15720.8,15714.35,15715.75,15719.4,15719.5,15720.5,15721.1,15714,15714.7,15715.3,15716.2,0.9,2034.520033
2026-05-01T02:10:00+00:00,15715.8,15719.6,15712.95,15718.7,15715.5,15716.1,15719.3,15719.9,15712.7,15713.2,15718.4,15719,0.6,1682.010027
2026-05-01T02:20:00+00:00,15718.55,15721.3,15716.25,15718.2,15718.3,15718.8,15721,15721.6,15715.9,15716.6,15717.9,15718.5,0.6,1370.770023
2026-05-01T02:30:00+00:00,15718.15,15720,15715.35,15718.1,15717.9,15718.4,15719.8,15720.2,15715.2,15715.5,15717.8,15718.4,0.6,1243.57002
2026-05-01T02:40:00+00:00,15718.25,15730.35,15718.2,15730.05,15718,15718.5,15730.1,15730.6,15717.9,15718.5,15729.8,15730.3,0.5,2037.290039
2026-05-01T02:50:00+00:00,15730.1,15732.9,15723.85,15723.9,15729.8,15730.4,15732.6,15733.2,15723.6,15724.1,15723.6,15724.2,0.6,1653.13003
2026-05-01T03:00:00+00:00,15723.7,15729.15,15719.8,15727.85,15723.3,15724.1,15728.9,15729.4,15719.5,15720.1,15727.6,15728.1,0.5,1444.320027
2026-05-01T03:10:00+00:00,15727.8,15729.3,15721.9,15723.8,15727.5,15728.1,15729,15729.6,15721.6,15722.2,15723.6,15724,0.4,923.3700151
2026-05-01T03:20:00+00:00,15723.7,15723.7,15714.15,15717,15723.4,15724,15723.4,15724,15713.9,15714.4,15716.7,15717.3,0.6,1184.430019
2026-05-01T03:30:00+00:00,15716.75,15720.15,15699.5,15706.9,15716.4,15717.1,15719.8,15720.5,15699.1,15699.9,15706.6,15707.2,0.6,1902.240035
2026-05-01T03:40:00+00:00,15706.85,15719.65,15706.8,15718.8,15706.6,15707.1,15719.5,15719.8,15706.5,15707.1,15718.4,15719.2,0.8,2975.630049
2026-05-01T03:50:00+00:00,15718.8,15723.9,15716.3,15718.8,15718.4,15719.2,15723.6,15724.2,15716,15716.6,15718.5,15719.1,0.6,1183.420022
2026-05-01T04:00:00+00:00,15718.8,15719.55,15711,15712.7,15718.4,15719.2,15719.4,15719.7,15710.8,15711.2,15712.3,15713.1,0.8,2204.920046
2026-05-01T04:10:00+00:00,15712.65,15718.2,15711.5,15716.65,15712.3,15713,15717.9,15718.5,15711.1,15711.9,15716.3,15717,0.7,1058.740015
2026-05-01T04:20:00+00:00,15716.7,15721.75,15715.4,15721.5,15716.4,15717,15721.4,15722.1,15715,15715.8,15721.2,15721.8,0.6,1367.340019
2026-05-01T04:30:00+00:00,15721.55,15723.75,15718.45,15723,15721.3,15721.8,15723.5,15724,15718.1,15718.8,15722.7,15723.3,0.6,1035.320012
2026-05-01T04:40:00+00:00,15723,15724.2,15720.25,15723.1,15722.6,15723.4,15723.9,15724.5,15719.9,15720.6,15722.8,15723.4,0.6,1273.620015
2026-05-01T04:50:00+00:00,15723.05,15728.05,15722.8,15724.6,15722.7,15723.4,15727.8,15728.3,15722.5,15723.1,15724.2,15725,0.8,1515.740016
2026-05-01T05:00:00+00:00,15724.65,15728.55,15720.3,15726.4,15724.3,15725,15728.2,15728.9,15720.2,15720.4,15726.2,15726.6,0.4,1939.100024
2026-05-01T05:10:00+00:00,15726.5,15729.1,15725.55,15726.85,15726.2,15726.8,15728.8,15729.4,15725.2,15725.9,15726.6,15727.1,0.5,1125.820015
2026-05-01T05:20:00+00:00,15726.8,15730.05,15724.25,15728.95,15726.5,15727.1,15729.8,15730.3,15724,15724.5,15728.6,15729.3,0.7,1030.620013
2026-05-01T05:30:00+00:00,15728.75,15729.15,15725.55,15726.5,15728.4,15729.1,15728.8,15729.5,15725.2,15725.9,15726.2,15726.8,0.6,1371.240012
2026-05-01T05:40:00+00:00,15726.6,15727.3,15720.5,15723.4,15726.3,15726.9,15727,15727.6,15720.2,15720.8,15723.1,15723.7,0.6,1236.45002
2026-05-01T05:50:00+00:00,15723.05,15729.25,15720.9,15728.05,15722.9,15723.2,15728.9,15729.6,15720.6,15721.2,15727.7,15728.4,0.7,1446.120024
2026-05-01T06:00:00+00:00,15727.95,15728.7,15719.45,15727.5,15727.7,15728.2,15728.4,15729,15719.2,15719.7,15727.1,15727.9,0.8,2259.410043
2026-05-01T06:10:00+00:00,15727.45,15729.6,15723.85,15724.7,15727.1,15727.8,15729.4,15729.8,15723.6,15724.1,15724.4,15725,0.6,1679.620023
2026-05-01T06:20:00+00:00,15724.85,15727.3,15720.9,15725.4,15724.6,15725.1,15727.1,15727.5,15720.6,15721.2,15725.1,15725.7,0.6,1855.460028
2026-05-01T06:30:00+00:00,15725.45,15727.1,15710.7,15715.1,15725.2,15725.7,15726.9,15727.3,15710.4,15711,15714.8,15715.4,0.6,2620.010042
2026-05-01T06:40:00+00:00,15715.05,15715.05,15573.05,15581,15714.8,15715.3,15714.8,15715.3,15572.4,15573.7,15580.5,15581.5,1,10453.12015
2026-05-01T06:50:00+00:00,15581.1,15598.5,15549.1,15596.75,15580.6,15581.6,15598.1,15598.9,15548.6,15549.6,15596.5,15597,0.5,14343.65017
2026-05-01T07:00:00+00:00,15596.7,15664.2,15586.8,15640.65,15596.5,15596.9,15663.7,15664.7,15586.3,15587.3,15640.3,15641,0.7,16356.97025
2026-05-01T07:10:00+00:00,15640.35,15655.15,15626.65,15638.05,15640.1,15640.6,15654.8,15655.5,15626.3,15627,15637.8,15638.3,0.5,7179.080086
2026-05-01T07:20:00+00:00,15637.65,15646.75,15626.75,15632.05,15637.3,15638,15646.4,15647.1,15626.3,15627.2,15631.5,15632.6,1.1,4657.390077
2026-05-01T07:30:00+00:00,15631.75,15662.8,15628.05,15650.4,15631.2,15632.3,15662.5,15663.1,15627.7,15628.4,15650.1,15650.7,0.6,5218.570079
2026-05-01T07:40:00+00:00,15649.95,15654,15640.55,15646.7,15649.7,15650.2,15653.9,15654.1,15640.1,15641,15646.2,15647.2,1,3854.070048
2026-05-01T07:50:00+00:00,15646.7,15672.5,15636.25,15662.5,15646.2,15647.2,15672.1,15672.9,15635.8,15636.7,15662.1,15662.9,0.8,5470.870068
2026-05-01T08:00:00+00:00,15662.45,15665.8,15644,15645.3,15662,15662.9,15665.5,15666.1,15643.8,15644.2,15645,15645.6,0.6,5387.610061
2026-05-01T08:10:00+00:00,15645.35,15657.25,15638.15,15642.3,15645.1,15645.6,15657,15657.5,15637.9,15638.4,15642,15642.6,0.6,3565.450057
2026-05-01T08:20:00+00:00,15642.3,15643.7,15626.3,15634.55,15642,15642.6,15643.6,15643.8,15626,15626.6,15634.3,15634.8,0.5,2905.890059
2026-05-01T08:30:00+00:00,15634.75,15650.95,15633.1,15647.95,15634.5,15635,15650.8,15651.1,15632.9,15633.3,15647.7,15648.2,0.5,2776.160056
2026-05-01T08:40:00+00:00,15647.75,15651.25,15639,15648.3,15647.5,15648,15651,15651.5,15638.7,15639.3,15648.1,15648.5,0.4,1985.92004
2026-05-01T08:50:00+00:00,15648.4,15654.7,15647,15647.35,15648.2,15648.6,15654.6,15654.8,15646.7,15647.3,15647.1,15647.6,0.5,2061.390042
2026-05-01T09:00:00+00:00,15647.4,15656.85,15642.35,15653.4,15647.1,15647.7,15656.3,15657.4,15642,15642.7,15653,15653.8,0.8,2828.010048
2026-05-01T09:10:00+00:00,15653.2,15661.8,15647.15,15660.8,15652.8,15653.6,15661.6,15662,15646.9,15647.4,15660.6,15661,0.4,1848.260041
2026-05-01T09:20:00+00:00,15660.2,15671.8,15658.8,15671.15,15660.1,15660.3,15671.6,15672,15658.6,15659,15670.9,15671.4,0.5,2518.060044
2026-05-01T09:30:00+00:00,15671.2,15676.15,15659.55,15661.6,15670.9,15671.5,15675.9,15676.4,15659.3,15659.8,15661.4,15661.8,0.4,2315.860042
2026-05-01T09:40:00+00:00,15661.5,15663.9,15654.6,15658.55,15661.3,15661.7,15663.7,15664.1,15654.3,15654.9,15658.2,15658.9,0.7,1819.40003
2026-05-01T09:50:00+00:00,15658.7,15660.5,15653.6,15657.95,15658.4,15659,15660.3,15660.7,15653.3,15653.9,15657.7,15658.2,0.5,2306.920037
2026-05-01T10:00:00+00:00,15657.9,15662.8,15650.45,15652.65,15657.6,15658.2,15662.5,15663.1,15650.2,15650.7,15652.3,15653,0.7,2034.050028
2026-05-01T10:10:00+00:00,15652.7,15655.55,15648.9,15651.4,15652.4,15653,15655.2,15655.9,15648.7,15649.1,15651,15651.8,0.8,1884.00003
2026-05-01T10:20:00+00:00,15651.4,15653.95,15649.5,15653.85,15651,15651.8,15653.7,15654.2,15649.3,15649.7,15653.6,15654.1,0.5,1524.080023
2026-05-01T10:30:00+00:00,15653.9,15658.15,15650.05,15656.45,15653.6,15654.2,15657.8,15658.5,15649.7,15650.4,15656.2,15656.7,0.5,1432.790019
2026-05-01T10:40:00+00:00,15656.4,15659.45,15654.6,15655.25,15656.1,15656.7,15659.2,15659.7,15654.4,15654.8,15654.8,15655.7,0.9,834.9800127
2026-05-01T10:50:00+00:00,15654.9,15660.5,15652,15659.2,15654.6,15655.2,15660.2,15660.8,15651.8,15652.2,15658.9,15659.5,0.6,1931.740026
2026-05-01T11:00:00+00:00,15659.25,15662.45,15655.35,15659.85,15659,15659.5,15662.2,15662.7,15655.1,15655.6,15659.6,15660.1,0.5,1636.580032
2026-05-01T11:10:00+00:00,15659.95,15661.3,15652.8,15654.1,15659.8,15660.1,15661,15661.6,15652.5,15653.1,15653.8,15654.4,0.6,1949.870036
2026-05-01T11:20:00+00:00,15653.8,15656.4,15643.8,15651.55,15653.5,15654.1,15656.2,15656.6,15643.7,15643.9,15651.2,15651.9,0.7,1827.690029
2026-05-01T11:30:00+00:00,15651.45,15658.8,15649.85,15657.6,15651.1,15651.8,15658.5,15659.1,15649.7,15650,15657.3,15657.9,0.6,1793.39003
2026-05-01T11:40:00+00:00,15657.7,15661.15,15655.7,15659,15657.5,15657.9,15660.9,15661.4,15655.4,15656,15658.8,15659.2,0.4,1019.24002
2026-05-01T11:50:00+00:00,15658.95,15662.15,15655.45,15658.3,15658.7,15659.2,15661.9,15662.4,15655.2,15655.7,15657.9,15658.7,0.8,1876.360029
2026-05-01T12:00:00+00:00,15658.5,15664.3,15654.7,15661.35,15658.3,15658.7,15664.1,15664.5,15654.4,15655,15661.1,15661.6,0.5,3440.120055
2026-05-01T12:10:00+00:00,15661.35,15663.6,15645.7,15648.2,15661.1,15661.6,15663.2,15664,15645.5,15645.9,15647.9,15648.5,0.6,6826.820101
2026-05-01T12:20:00+00:00,15647.25,15651.7,15638.95,15645.25,15647.2,15647.3,15651.5,15651.9,15638.7,15639.2,15645,15645.5,0.5,4747.990081
2026-05-01T12:30:00+00:00,15645.4,15654.45,15645.05,15652.25,15645.1,15645.7,15654,15654.9,15644.8,15645.3,15652,15652.5,0.5,2313.56005
2026-05-01T12:40:00+00:00,15652.4,15661,15651.05,15658.75,15652.2,15652.6,15660.8,15661.2,15650.8,15651.3,15658.4,15659.1,0.7,2672.840039
2026-05-01T12:50:00+00:00,15658.9,15661.05,15653.65,15659.5,15658.7,15659.1,15660.8,15661.3,15653.4,15653.9,15659.3,15659.7,0.4,1707.680032
2026-05-01T13:00:00+00:00,15659.9,15661.85,15656.2,15657.7,15659.8,15660,15661.6,15662.1,15656,15656.4,15657.3,15658.1,0.8,2549.500049
2026-05-01T13:10:00+00:00,15658.05,15666,15655.65,15664.7,15657.8,15658.3,15665.7,15666.3,15655.4,15655.9,15664.4,15665,0.6,3190.44005
2026-05-01T13:20:00+00:00,15664.6,15664.8,15659.55,15661.05,15664.2,15665,15664.5,15665.1,15659.3,15659.8,15660.8,15661.3,0.5,1919.480036
2026-05-01T13:30:00+00:00,15660.95,15665.7,15652.75,15661.25,15660.7,15661.2,15665.4,15666,15652.4,15653.1,15660.9,15661.6,0.7,4696.250061
2026-05-01T13:40:00+00:00,15661.35,15675.75,15657.3,15674.2,15661,15661.7,15675.4,15676.1,15657,15657.6,15673.9,15674.5,0.6,4143.33006
2026-05-01T13:50:00+00:00,15674.35,15674.35,15633.75,15650,15674,15674.7,15674,15674.7,15633.5,15634,15649.1,15650.9,1.8,11067.67018
2026-05-01T14:00:00+00:00,15649.85,15650.95,15637.6,15644.45,15648.7,15651,15650.3,15651.6,15637.3,15637.9,15644.1,15644.8,0.7,8267.960119
2026-05-01T14:10:00+00:00,15644.5,15650.2,15637.05,15647,15644.2,15644.8,15649.9,15650.5,15636.7,15637.4,15646.8,15647.2,0.4,6167.360098
2026-05-01T14:20:00+00:00,15646.95,15650.15,15638.85,15649.9,15646.7,15647.2,15649.9,15650.4,15638.6,15639.1,15649.6,15650.2,0.6,5163.550079
2026-05-01T14:30:00+00:00,15649.95,15656.25,15642.15,15656.1,15649.6,15650.3,15656,15656.5,15641.9,15642.4,15655.9,15656.3,0.4,4765.720085
2026-05-01T14:40:00+00:00,15655.85,15667.75,15655.75,15667.65,15655.6,15656.1,15667.5,15668,15655.4,15656.1,15667.3,15668,0.7,4560.080075
2026-05-01T14:50:00+00:00,15667.6,15672.75,15661.25,15663.85,15667.2,15668,15672.5,15673,15661,15661.5,15663.6,15664.1,0.5,7459.480106
2026-05-01T15:00:00+00:00,15663.8,15670.95,15663.65,15666.25,15663.6,15664,15670.7,15671.2,15663.4,15663.9,15666,15666.5,0.5,4767.790096
2026-05-01T15:10:00+00:00,15666.35,15669.25,15662.4,15668.85,15666.1,15666.6,15669.1,15669.4,15662.2,15662.6,15668.5,15669.2,0.7,3188.350061
2026-05-01T15:20:00+00:00,15668.7,15675.75,15667.35,15673.45,15668.4,15669,15675.5,15676,15667.1,15667.6,15673.2,15673.7,0.5,2336.190047
2026-05-01T15:30:00+00:00,15673.35,15676.25,15663.15,15673.05,15673.1,15673.6,15676,15676.5,15662.8,15663.5,15672.8,15673.3,0.5,3269.560068
2026-05-01T15:40:00+00:00,15673.3,15674.4,15669.75,15670.85,15673,15673.6,15674.2,15674.6,15669.5,15670,15670.6,15671.1,0.5,2195.840051
2026-05-01T15:50:00+00:00,15670.95,15689.9,15668.95,15676.1,15670.7,15671.2,15689.6,15690.2,15668.7,15669.2,15675.9,15676.3,0.4,5974.680114
2026-05-01T16:00:00+00:00,15676.4,15677.1,15667.25,15675.75,15676.3,15676.5,15676.7,15677.5,15667,15667.5,15675.6,15675.9,0.3,3423.01006
2026-05-01T16:10:00+00:00,15676.3,15679,15672.3,15676.8,15676.1,15676.5,15678.7,15679.3,15672,15672.6,15676.5,15677.1,0.6,2299.140042
2026-05-01T16:20:00+00:00,15676.9,15688.6,15675.4,15687.25,15676.6,15677.2,15688.5,15688.7,15675.1,15675.7,15686.9,15687.6,0.7,3958.30008
2026-05-01T16:30:00+00:00,15687.35,15691.35,15684.4,15687.75,15687,15687.7,15691.1,15691.6,15684.1,15684.7,15687.5,15688,0.5,2648.870043
2026-05-01T16:40:00+00:00,15687.85,15688.95,15682.25,15687.35,15687.4,15688.3,15688.7,15689.2,15682,15682.5,15687.1,15687.6,0.5,2294.960038
2026-05-01T16:50:00+00:00,15687.55,15694.6,15686.75,15694.4,15687.2,15687.9,15694.2,15695,15686.5,15687,15694,15694.8,0.8,2125.760036
2026-05-01T17:00:00+00:00,15694.45,15696,15690.7,15692.25,15694,15694.9,15695.7,15696.3,15690.4,15691,15692,15692.5,0.5,2131.120037
2026-05-01T17:10:00+00:00,15692.3,15695.45,15690.85,15693.35,15692.1,15692.5,15695.3,15695.6,15690.6,15691.1,15693.1,15693.6,0.5,2563.800035
2026-05-01T17:20:00+00:00,15693.25,15694.7,15687.2,15694.25,15693,15693.5,15694.3,15695.1,15686.9,15687.5,15693.9,15694.6,0.7,2942.240041
2026-05-01T17:30:00+00:00,15694.35,15698.65,15693.45,15697.75,15694,15694.7,15698.3,15699,15693.2,15693.7,15697.4,15698.1,0.7,1791.230028
2026-05-01T17:40:00+00:00,15697.8,15702.85,15696.9,15699.5,15697.6,15698,15702.5,15703.2,15696.6,15697.2,15699.2,15699.8,0.6,1239.720022
2026-05-01T17:50:00+00:00,15699.25,15699.55,15685.45,15693.3,15699,15699.5,15699.3,15699.8,15685.3,15685.6,15693,15693.6,0.6,2437.570041
2026-05-01T18:00:00+00:00,15693.35,15705.85,15692.3,15705.45,15693.1,15693.6,15705.5,15706.2,15692,15692.6,15705.2,15705.7,0.5,1891.300031
2026-05-01T18:10:00+00:00,15705.6,15709.75,15705.5,15708.45,15705.3,15705.9,15709.4,15710.1,15705.2,15705.8,15708.2,15708.7,0.5,1645.890022
2026-05-01T18:20:00+00:00,15708.35,15712.15,15702.4,15704.65,15708.1,15708.6,15711.8,15712.5,15702.3,15702.5,15704.5,15704.8,0.3,1926.710033
2026-05-01T18:30:00+00:00,15704.8,15709.1,15691.45,15700.15,15704.5,15705.1,15708.8,15709.4,15691,15691.9,15699.7,15700.6,0.9,3711.530073
2026-05-01T18:40:00+00:00,15700.2,15704.55,15698.85,15700.3,15699.9,15700.5,15704.4,15704.7,15698.6,15699.1,15700,15700.6,0.6,2307.620048
2026-05-01T18:50:00+00:00,15700.05,15705.65,15698.7,15701.6,15699.8,15700.3,15705.4,15705.9,15698.4,15699,15701.4,15701.8,0.4,2543.970044
2026-05-01T19:00:00+00:00,15701.65,15706.2,15700.2,15702.6,15701.4,15701.9,15705.9,15706.5,15699.9,15700.5,15702.3,15702.9,0.6,1275.530018
2026-05-01T19:10:00+00:00,15702.65,15705.25,15701.8,15703.25,15702.4,15702.9,15704.9,15705.6,15701.5,15702.1,15703,15703.5,0.5,1229.990018
2026-05-01T19:20:00+00:00,15703.2,15704.5,15701.3,15704.4,15702.8,15703.6,15704.2,15704.8,15701,15701.6,15704.1,15704.7,0.6,918.1800109
2026-05-01T19:30:00+00:00,15704.35,15706.95,15704.05,15705.25,15704.1,15704.6,15706.7,15707.2,15703.8,15704.3,15704.9,15705.6,0.7,1132.050018
2026-05-01T19:40:00+00:00,15705.2,15706.9,15703.6,15706.5,15704.9,15705.5,15706.7,15707.1,15703.3,15703.9,15706.2,15706.8,0.6,840.2900186
2026-05-01T19:50:00+00:00,15706.3,15709.2,15704.2,15706.3,15706,15706.6,15709,15709.4,15703.8,15704.6,15706,15706.6,0.6,1475.370031
2026-05-01T20:00:00+00:00,15706.35,15708.2,15702.8,15705.6,15706.1,15706.6,15707.9,15708.5,15702.5,15703.1,15705.3,15705.9,0.6,1116.84002
2026-05-01T20:10:00+00:00,15705.7,15707.85,15705.2,15706.4,15705.4,15706,15707.6,15708.1,15704.9,15705.5,15706,15706.8,0.8,1081.65002
2026-05-01T20:20:00+00:00,15706.3,15706.35,15700.95,15703.1,15705.8,15706.8,15705.9,15706.8,15700.7,15701.2,15702.6,15703.6,1,1263.960011
2026-05-01T20:30:00+00:00,15703.3,15704.2,15696.6,15702.9,15703,15703.6,15703.8,15704.6,15696.3,15696.9,15702.5,15703.3,0.8,1766.280026
2026-05-01T20:40:00+00:00,15702.8,15706.35,15701.6,15703.75,15702.4,15703.2,15705.9,15706.8,15700.9,15702.3,15703.1,15704.4,1.3,1572.810034
2026-05-01T20:50:00+00:00,15703.65,15709.5,15702.05,15706.05,15703,15704.3,15708.5,15710.5,15701.4,15702.7,15703.3,15708.8,5.5,3635.79005
2026-05-03T21:00:00+00:00,15677.5,15678.45,15676.45,15677.55,15670.8,15684.2,15671.5,15685.4,15668.9,15684,15670.3,15684.8,14.5,88.20000207
2026-05-03T21:10:00+00:00,15677.6,15681.2,15674.55,15676.2,15670.4,15684.8,15677.6,15684.8,15668.4,15680.7,15671.5,15680.9,9.4,160.5500048
2026-05-03T21:20:00+00:00,15676.25,15677.55,15668.9,15669.15,15671.5,15681,15673.9,15681.2,15667.2,15670.6,15667.7,15670.6,2.9,195.7500039
2026-05-03T21:30:00+00:00,15669.25,15670.3,15669,15669.95,15667.7,15670.8,15669,15671.6,15667.6,15670.4,15668.6,15671.3,2.7,109.500002
2026-05-03T21:40:00+00:00,15670,15670.75,15669.4,15669.9,15668.6,15671.4,15669.8,15671.7,15668.4,15670.4,15668.4,15671.4,3,134.4300032
2026-05-03T21:50:00+00:00,15669.85,15677.25,15668.6,15673.35,15668.3,15671.4,15672.8,15681.7,15667.8,15669.4,15670.6,15676.1,5.5,891.7300117
2026-05-03T22:00:00+00:00,15673.7,15676.85,15668.6,15672.1,15670.5,15676.9,15676.4,15677.3,15668.2,15669,15671.7,15672.5,0.8,1349.129998
2026-05-03T22:10:00+00:00,15672.05,15685.95,15672.05,15684.65,15671.6,15672.5,15685.5,15686.4,15671.6,15672.5,15684.2,15685.1,0.9,628.0700172
2026-05-03T22:20:00+00:00,15684.85,15693,15684.85,15686.85,15684.4,15685.3,15692.6,15693.4,15684.4,15685.3,15686.5,15687.2,0.7,696.3000197
2026-05-03T22:30:00+00:00,15686.7,15688.3,15681.55,15683.4,15686.2,15687.2,15687.9,15688.7,15681.2,15681.9,15683,15683.8,0.8,585.3000174
2026-05-03T22:40:00+00:00,15682.8,15686,15680.45,15684.8,15682.7,15682.9,15685.6,15686.4,15680.1,15680.8,15684.4,15685.2,0.8,390.7500097
2026-05-03T22:50:00+00:00,15684.75,15685,15681.95,15683.35,15684.4,15685.1,15684.7,15685.3,15681.6,15682.3,15682.8,15683.9,1.1,379.9800065
2026-05-03T23:00:00+00:00,15683.5,15687.25,15681.8,15684.45,15682.9,15684.1,15686.8,15687.7,15681.4,15682.2,15684,15684.9,0.9,553.0500116
2026-05-03T23:10:00+00:00,15684.4,15686.75,15680.45,15683.1,15684.1,15684.7,15686.5,15687,15680.2,15680.7,15682.9,15683.3,0.4,570.3700116
2026-05-03T23:20:00+00:00,15683.15,15685.1,15682,15684.55,15682.9,15683.4,15684.8,15685.4,15681.7,15682.3,15684.2,15684.9,0.7,356.8200095
2026-05-03T23:30:00+00:00,15684.6,15685.5,15679.6,15683.1,15684.2,15685,15685.3,15685.7,15679.3,15679.9,15682.7,15683.5,0.8,490.3200096
2026-05-03T23:40:00+00:00,15683.35,15687.5,15681.75,15685.3,15683.1,15683.6,15687.3,15687.7,15681.4,15682.1,15684.9,15685.7,0.8,1051.080019
2026-05-03T23:50:00+00:00,15685.4,15690.45,15683.95,15690.15,15685,15685.8,15690.1,15690.8,15683.6,15684.3,15689.8,15690.5,0.7,983.6500144
2026-05-04T00:00:00+00:00,15690.35,15693.7,15686.8,15688.9,15690,15690.7,15693.4,15694,15686.5,15687.1,15688.7,15689.1,0.4,2747.260048
2026-05-04T00:10:00+00:00,15688.85,15695.2,15688.15,15693.9,15688.6,15689.1,15695.1,15695.3,15687.9,15688.4,15693.6,15694.2,0.6,2229.270033
2026-05-04T00:20:00+00:00,15693.95,15699.35,15693.35,15697.6,15693.7,15694.2,15699.1,15699.6,15693.1,15693.6,15697.3,15697.9,0.6,1697.110029
2026-05-04T00:30:00+00:00,15697.4,15697.6,15692.25,15693.15,15697.1,15697.7,15697.3,15697.9,15692,15692.5,15692.9,15693.4,0.5,1688.670022
2026-05-04T00:40:00+00:00,15693.1,15696.35,15692.25,15694.65,15692.9,15693.3,15696.1,15696.6,15692,15692.5,15694.4,15694.9,0.5,1014.320017
2026-05-04T00:50:00+00:00,15694.25,15695.5,15690.9,15690.95,15694.2,15694.3,15695.3,15695.7,15690.6,15691.2,15690.7,15691.2,0.5,1561.290026
2026-05-04T01:00:00+00:00,15691,15705.45,15689.8,15703.05,15690.7,15691.3,15705.2,15705.7,15689.5,15690.1,15702.7,15703.4,0.7,3166.490052
2026-05-04T01:10:00+00:00,15703.1,15705.15,15660.6,15691.05,15702.8,15703.4,15704.8,15705.5,15659.7,15661.5,15690.6,15691.5,0.9,3825.240064
2026-05-04T01:20:00+00:00,15690.95,15704.85,15690.25,15700.2,15690.5,15691.4,15704.5,15705.2,15689.8,15690.7,15699.9,15700.5,0.6,2591.44004
2026-05-04T01:30:00+00:00,15699.5,15705.35,15696.9,15700.05,15699.4,15699.6,15705,15705.7,15696.6,15697.2,15699.7,15700.4,0.7,2549.690037
2026-05-04T01:40:00+00:00,15699.95,15703.25,15697.85,15702.75,15699.6,15700.3,15702.9,15703.6,15697.5,15698.2,15702.5,15703,0.5,3239.830034
2026-05-04T01:50:00+00:00,15702.8,15708.2,15700.1,15704.15,15702.5,15703.1,15707.9,15708.5,15699.7,15700.5,15703.9,15704.4,0.5,2503.09003
2026-05-04T02:00:00+00:00,15704.1,15716.4,15702.65,15713.8,15703.8,15704.4,15716.2,15716.6,15702.4,15702.9,15713.5,15714.1,0.6,2027.780033
2026-05-04T02:10:00+00:00,15713.4,15715.3,15710.05,15710.45,15713.2,15713.6,15715.1,15715.5,15709.8,15710.3,15710.2,15710.7,0.5,1558.690033
2026-05-04T02:20:00+00:00,15710.5,15716.65,15710.35,15716.65,15710.2,15710.8,15716.4,15716.9,15710.1,15710.6,15716.4,15716.9,0.5,1341.26003
2026-05-04T02:30:00+00:00,15716.7,15718.95,15715.95,15717.65,15716.4,15717,15718.7,15719.2,15715.8,15716.1,15717.4,15717.9,0.5,1156.840021
2026-05-04T02:40:00+00:00,15717.6,15720,15717.6,15718.55,15717.3,15717.9,15719.7,15720.3,15717.3,15717.9,15718.3,15718.8,0.5,744.6000125
2026-05-04T02:50:00+00:00,15718.6,15719.8,15706.7,15712.7,15718.4,15718.8,15719.5,15720.1,15706.2,15707.2,15712.4,15713,0.6,1953.00003
2026-05-04T03:00:00+00:00,15712.95,15718.8,15712.8,15717.95,15712.7,15713.2,15718.6,15719,15712.5,15713.1,15717.7,15718.2,0.5,1335.580035
2026-05-04T03:10:00+00:00,15717.9,15725.15,15717.65,15720.1,15717.7,15718.1,15724.9,15725.4,15717.4,15717.9,15719.8,15720.4,0.6,2211.340031
2026-05-04T03:20:00+00:00,15720.2,15723.85,15719.85,15723.8,15719.9,15720.5,15723.5,15724.2,15719.6,15720.1,15723.4,15724.2,0.8,1235.100015
2026-05-04T03:30:00+00:00,15723.9,15724.85,15721.25,15723.4,15723.6,15724.2,15724.6,15725.1,15721,15721.5,15723.1,15723.7,0.6,961.800016
2026-05-04T03:40:00+00:00,15723.5,15724.5,15598.1,15633.15,15723.2,15723.8,15724.2,15724.8,15597.4,15598.8,15632.3,15634,1.7,11527.27013
2026-05-04T03:50:00+00:00,15633.5,15645.9,15570.5,15620.6,15632.6,15634.4,15645.3,15646.5,15569.8,15571.2,15619.7,15621.5,1.8,16761.46016
2026-05-04T04:00:00+00:00,15620.45,15651.75,15613.8,15648.2,15619.5,15621.4,15651.2,15652.3,15613.1,15614.5,15647.5,15648.9,1.4,5287.000097
2026-05-04T04:10:00+00:00,15648.7,15659.75,15644.8,15655.85,15648.3,15649.1,15659.5,15660,15644.4,15645.2,15655.4,15656.3,0.9,3660.35007
2026-05-04T04:20:00+00:00,15655.9,15670.3,15654.6,15668.55,15655.5,15656.3,15670.1,15670.5,15654.2,15655,15668.3,15668.8,0.5,2437.570046
2026-05-04T04:30:00+00:00,15668.4,15673.3,15663.45,15670.7,15668.1,15668.7,15672.9,15673.7,15663.1,15663.8,15670.4,15671,0.6,2054.840041
2026-05-04T04:40:00+00:00,15670.8,15677.7,15668.05,15677.2,15670.3,15671.3,15677.4,15678,15667.7,15668.4,15676.9,15677.5,0.6,1326.260025
2026-05-04T04:50:00+00:00,15677.1,15679.05,15673.2,15673.3,15676.7,15677.5,15678.7,15679.4,15672.8,15673.6,15672.9,15673.7,0.8,1434.580021
2026-05-04T05:00:00+00:00,15673.4,15677.45,15673.4,15675.45,15673,15673.8,15677.2,15677.7,15673,15673.8,15675.1,15675.8,0.7,1993.460022
2026-05-04T05:10:00+00:00,15675.55,15684.4,15653.3,15672.45,15675.2,15675.9,15684.1,15684.7,15652.9,15653.7,15672,15672.9,0.9,4970.750044
2026-05-04T05:20:00+00:00,15672.5,15680.05,15671.8,15679.6,15671.9,15673.1,15679.8,15680.3,15671.4,15672.2,15679.2,15680,0.8,3350.000046
2026-05-04T05:30:00+00:00,15679.4,15686.55,15657.5,15683.3,15679,15679.8,15686.2,15686.9,15657.2,15657.8,15682.9,15683.7,0.8,2718.430038
2026-05-04T05:40:00+00:00,15683.2,15683.5,15677.05,15680.8,15682.8,15683.6,15683.2,15683.8,15676.7,15677.4,15680.4,15681.2,0.8,2033.880033
2026-05-04T05:50:00+00:00,15680.85,15681.35,15668.85,15678.45,15680.5,15681.2,15680.9,15681.8,15668.6,15669.1,15678.1,15678.8,0.7,2357.660037
2026-05-04T06:00:00+00:00,15678.5,15681.05,15673.6,15677.4,15678.2,15678.8,15680.7,15681.4,15673.2,15674,15677.1,15677.7,0.6,2704.460047
2026-05-04T06:10:00+00:00,15677.45,15683.9,15676.95,15682.8,15677.2,15677.7,15683.7,15684.1,15676.5,15677.4,15682.5,15683.1,0.6,2871.33005
2026-05-04T06:20:00+00:00,15682.65,15683.8,15673.95,15680,15682.3,15683,15683.5,15684.1,15673.5,15674.4,15679.6,15680.4,0.8,2651.100043
2026-05-04T06:30:00+00:00,15680.1,15686.05,15676.4,15684.25,15679.8,15680.4,15685.8,15686.3,15676.1,15676.7,15683.9,15684.6,0.7,3311.310058
2026-05-04T06:40:00+00:00,15684.35,15693.95,15684.05,15690.45,15684,15684.7,15693.6,15694.3,15683.7,15684.4,15690.2,15690.7,0.5,2821.840048
2026-05-04T06:50:00+00:00,15690.15,15693.05,15684.4,15692.75,15689.9,15690.4,15692.8,15693.3,15684.1,15684.7,15692.5,15693,0.5,3019.010047
2026-05-04T07:00:00+00:00,15692.8,15698.05,15690.7,15698,15692.6,15693,15697.8,15698.3,15690.4,15691,15697.7,15698.3,0.6,3493.130053
2026-05-04T07:10:00+00:00,15697.85,15698.2,15688.1,15689.3,15697.6,15698.1,15697.9,15698.5,15687.7,15688.5,15689,15689.6,0.6,1958.21003
2026-05-04T07:20:00+00:00,15689.35,15692.8,15687.2,15691.55,15689.1,15689.6,15692.5,15693.1,15687,15687.4,15691.3,15691.8,0.5,2317.240037
2026-05-04T07:30:00+00:00,15691.5,15691.95,15687.5,15687.85,15691.2,15691.8,15691.7,15692.2,15687.3,15687.7,15687.6,15688.1,0.5,1624.800027
2026-05-04T07:40:00+00:00,15687.9,15690.45,15681.8,15688.9,15687.7,15688.1,15690.1,15690.8,15681.6,15682,15688.6,15689.2,0.6,1711.240038
2026-05-04T07:50:00+00:00,15689,15692.55,15684.45,15689.55,15688.7,15689.3,15692.3,15692.8,15684.2,15684.7,15689.3,15689.8,0.5,2063.610039
2026-05-04T08:00:00+00:00,15689.45,15695.8,15689.45,15693.25,15689.2,15689.7,15695.5,15696.1,15689.2,15689.7,15693,15693.5,0.5,2030.900047
2026-05-04T08:10:00+00:00,15693.2,15697.9,15692.25,15697.05,15693,15693.4,15697.6,15698.2,15691.9,15692.6,15696.7,15697.4,0.7,1870.280042
2026-05-04T08:20:00+00:00,15696.95,15697.35,15690.8,15691.5,15696.6,15697.3,15697.1,15697.6,15690.5,15691.1,15691.2,15691.8,0.6,2118.910029
2026-05-04T08:30:00+00:00,15691.45,15693.7,15688.8,15693.2,15691,15691.9,15693.4,15694,15688.7,15688.9,15692.8,15693.6,0.8,1628.520026
2026-05-04T08:40:00+00:00,15693.25,15695.65,15690.5,15695.35,15693,15693.5,15695.4,15695.9,15690.2,15690.8,15695.1,15695.6,0.5,1657.360018
2026-05-04T08:50:00+00:00,15695.4,15697.9,15693.95,15695.25,15695.1,15695.7,15697.7,15698.1,15693.7,15694.2,15695,15695.5,0.5,1417.950026
2026-05-04T09:00:00+00:00,15695.15,15697.55,15692.05,15696.55,15694.9,15695.4,15697.3,15697.8,15691.8,15692.3,15696.3,15696.8,0.5,2174.790029
2026-05-04T09:10:00+00:00,15696.65,15698.25,15695.45,15698.15,15696.2,15697.1,15698,15698.5,15695.2,15695.7,15697.9,15698.4,0.5,1617.180022
2026-05-04T09:20:00+00:00,15698.2,15701.4,15696.85,15697.35,15698,15698.4,15701.1,15701.7,15696.6,15697.1,15697,15697.7,0.7,1986.95004
2026-05-04T09:30:00+00:00,15697.45,15699.1,15695,15697,15697.1,15697.8,15698.8,15699.4,15694.7,15695.3,15696.7,15697.3,0.6,1351.410022
2026-05-04T09:40:00+00:00,15697.2,15700.2,15696.7,15698.9,15696.9,15697.5,15699.9,15700.5,15696.4,15697,15698.6,15699.2,0.6,1142.080016
2026-05-04T09:50:00+00:00,15698.95,15698.95,15689.65,15696.9,15698.7,15699.2,15698.7,15699.2,15689.3,15690,15696.6,15697.2,0.6,1691.230033
2026-05-04T10:00:00+00:00,15697,15720.1,15696.9,15712.6,15696.7,15697.3,15720,15720.2,15696.6,15697.2,15712.3,15712.9,0.6,6556.370136
2026-05-04T10:10:00+00:00,15712.5,15720.1,15709.8,15717.35,15712.1,15712.9,15719.9,15720.3,15709.5,15710.1,15717.1,15717.6,0.5,4829.580097
2026-05-04T10:20:00+00:00,15717.5,15720.45,15704.2,15707.5,15717.2,15717.8,15720.3,15720.6,15704,15704.4,15707.2,15707.8,0.6,4500.060081
2026-05-04T10:30:00+00:00,15707.6,15712.05,15696.35,15701.5,15707.4,15707.8,15711.8,15712.3,15696,15696.7,15701.3,15701.7,0.4,6188.520121
2026-05-04T10:40:00+00:00,15701.55,15707.95,15700.1,15703.6,15701.4,15701.7,15707.7,15708.2,15699.8,15700.4,15703.3,15703.9,0.6,2913.560053
2026-05-04T10:50:00+00:00,15703.7,15714.25,15703.55,15711.6,15703.5,15703.9,15714,15714.5,15703.2,15703.9,15711.3,15711.9,0.6,2188.270034
2026-05-04T11:00:00+00:00,15711.4,15717.2,15706.7,15714.35,15711.3,15711.5,15716.9,15717.5,15706.5,15706.9,15714.1,15714.6,0.5,3260.190049
2026-05-04T11:10:00+00:00,15714,15716.2,15711.7,15713.7,15713.7,15714.3,15715.9,15716.5,15711.4,15712,15713.5,15713.9,0.4,2513.290054
2026-05-04T11:20:00+00:00,15713.65,15714.95,15711.2,15711.45,15713.5,15713.8,15714.6,15715.3,15710.9,15711.5,15711.2,15711.7,0.5,1754.760022
2026-05-04T11:30:00+00:00,15711.55,15717.65,15711.2,15717.1,15711.3,15711.8,15717.4,15717.9,15710.9,15711.5,15716.8,15717.4,0.6,2408.510035
2026-05-04T11:40:00+00:00,15717.2,15717.8,15714.35,15717.1,15716.9,15717.5,15717.6,15718,15714.1,15714.6,15716.8,15717.4,0.6,2027.930037
2026-05-04T11:50:00+00:00,15717,15718.35,15714.7,15717.65,15716.7,15717.3,15718.1,15718.6,15714.4,15715,15717.4,15717.9,0.5,2376.090036
2026-05-04T12:00:00+00:00,15717.55,15718.35,15708.75,15710.2,15717.3,15717.8,15718.1,15718.6,15708.5,15709,15709.9,15710.5,0.6,2763.940034
2026-05-04T12:10:00+00:00,15710.15,15712.9,15704.7,15705.2,15709.9,15710.4,15712.6,15713.2,15704.4,15705,15704.9,15705.5,0.6,3582.900059
2026-05-04T12:20:00+00:00,15705.05,15710.05,15702.4,15708.45,15704.8,15705.3,15709.9,15710.2,15702.1,15702.7,15708.2,15708.7,0.5,3572.790036
2026-05-04T12:30:00+00:00,15708.5,15710.85,15703.2,15705.45,15708.2,15708.8,15710.6,15711.1,15702.9,15703.5,15705.2,15705.7,0.5,3256.920042
2026-05-04T12:40:00+00:00,15705.5,15708.85,15704.75,15707.4,15705.3,15705.7,15708.7,15709,15704.5,15705,15707.1,15707.7,0.6,2386.990028
2026-05-04T12:50:00+00:00,15707.5,15715.15,15707,15714.05,15707.2,15707.8,15714.9,15715.4,15706.7,15707.3,15713.9,15714.2,0.3,2443.860046
2026-05-04T13:00:00+00:00,15714.35,15718.35,15703.05,15703.05,15714,15714.7,15718,15718.7,15703,15703.1,15703,15703.1,0.1,6722.060114
2026-05-04T13:10:00+00:00,15703.45,15707.65,15698.65,15707.55,15703.4,15703.5,15707.4,15707.9,15698.5,15698.8,15707.2,15707.9,0.7,3883.830064
2026-05-04T13:20:00+00:00,15707.5,15709.7,15705.1,15707.3,15707.2,15707.8,15709.5,15709.9,15704.9,15705.3,15707,15707.6,0.6,2906.550042
2026-05-04T13:30:00+00:00,15706.8,15710.55,15697,15700.15,15706.7,15706.9,15710.3,15710.8,15696.6,15697.4,15699.9,15700.4,0.5,4117.920076
2026-05-04T13:40:00+00:00,15700.1,15704.15,15698.75,15702.3,15699.8,15700.4,15703.9,15704.4,15698.5,15699,15702,15702.6,0.6,3001.11005
2026-05-04T13:50:00+00:00,15702.2,15704.15,15699.1,15702.05,15701.9,15702.5,15703.9,15704.4,15698.8,15699.4,15701.3,15702.8,1.5,2766.350044
2026-05-04T14:00:00+00:00,15702.1,15715.3,15702.05,15713.35,15701.4,15702.8,15715,15715.6,15701.3,15702.8,15712.9,15713.8,0.9,3843.480073
2026-05-04T14:10:00+00:00,15713.4,15715.9,15705.6,15706.15,15713.1,15713.7,15715.6,15716.2,15705.3,15705.9,15705.9,15706.4,0.5,3317.790045
2026-05-04T14:20:00+00:00,15706.25,15707.9,15703.65,15706.7,15706,15706.5,15707.6,15708.2,15703.5,15703.8,15706.5,15706.9,0.4,2695.110048
2026-05-04T14:30:00+00:00,15706.75,15707.65,15696.7,15696.95,15706.6,15706.9,15707.4,15707.9,15696.4,15697,15696.6,15697.3,0.7,3463.400053
2026-05-04T14:40:00+00:00,15696.9,15707.75,15692.7,15704.85,15696.7,15697.1,15707.5,15708,15692.5,15692.9,15704.6,15705.1,0.5,2951.040052
2026-05-04T14:50:00+00:00,15704.9,15709.95,15702.05,15709.3,15704.6,15705.2,15709.7,15710.2,15701.8,15702.3,15709.1,15709.5,0.4,4236.29007
2026-05-04T15:00:00+00:00,15709.4,15712.25,15694.5,15704,15709.3,15709.5,15712.1,15712.4,15694.4,15694.6,15703.8,15704.2,0.4,5301.050097
2026-05-04T15:10:00+00:00,15704.05,15717.05,15702.1,15715,15703.9,15704.2,15716.8,15717.3,15701.9,15702.3,15714.6,15715.4,0.8,4007.180082
2026-05-04T15:20:00+00:00,15715.4,15722.05,15712.2,15712.7,15715,15715.8,15721.9,15722.2,15711.9,15712.5,15712.4,15713,0.6,5915.140126
2026-05-04T15:30:00+00:00,15712.5,15719.95,15712,15718.3,15712.2,15712.8,15719.6,15720.3,15711.7,15712.3,15718.1,15718.5,0.4,4434.340072
2026-05-04T15:40:00+00:00,15718.4,15722.35,15715.2,15722.3,15718.1,15718.7,15722,15722.7,15714.9,15715.5,15721.9,15722.7,0.8,3816.38006
2026-05-04T15:50:00+00:00,15722.25,15730.15,15713.55,15720,15721.9,15722.6,15730,15730.3,15713.1,15714,15719.7,15720.3,0.6,5596.2501
2026-05-04T16:00:00+00:00,15720.05,15730.2,15713.95,15727.05,15719.9,15720.2,15730.1,15730.3,15713.6,15714.3,15726.7,15727.4,0.7,4839.960089
2026-05-04T16:10:00+00:00,15727.2,15730.2,15715.9,15722.55,15726.8,15727.6,15730,15730.4,15715.1,15716.7,15722.2,15722.9,0.7,5397.220111
2026-05-04T16:20:00+00:00,15722.3,15726.4,15718.5,15724.9,15722,15722.6,15726.1,15726.7,15718.2,15718.8,15724.6,15725.2,0.6,3679.870072
2026-05-04T16:30:00+00:00,15725.1,15728.05,15722.3,15727.1,15724.9,15725.3,15727.8,15728.3,15722,15722.6,15726.8,15727.4,0.6,3128.920064
2026-05-04T16:40:00+00:00,15727,15728.1,15724.75,15726.4,15726.7,15727.3,15727.9,15728.3,15724.4,15725.1,15726.1,15726.7,0.6,2506.610043
2026-05-04T16:50:00+00:00,15726.5,15728.45,15725,15727.2,15726.2,15726.8,15728.2,15728.7,15724.7,15725.3,15726.8,15727.6,0.8,2733.260036
2026-05-04T17:00:00+00:00,15727.2,15728.65,15722.9,15724.45,15726.8,15727.6,15728.4,15728.9,15722.6,15723.2,15724.1,15724.8,0.7,3447.620069
2026-05-04T17:10:00+00:00,15724.2,15725,15719.1,15719.95,15723.9,15724.5,15724.7,15725.3,15718.8,15719.4,15719.6,15720.3,0.7,3025.050041
2026-05-04T17:20:00+00:00,15719.8,15722.6,15716.75,15718,15719.5,15720.1,15722.3,15722.9,15716.5,15717,15717.5,15718.5,1,2561.970037
2026-05-04T17:30:00+00:00,15718.05,15725.55,15717.2,15724.3,15717.7,15718.4,15725.2,15725.9,15717.1,15717.3,15724,15724.6,0.6,1981.710033
2026-05-04T17:40:00+00:00,15724.25,15726,15723.75,15724,15724,15724.5,15725.7,15726.3,15723.5,15724,15723.6,15724.4,0.8,1903.350022
2026-05-04T17:50:00+00:00,15724.15,15724.4,15721.25,15722.75,15723.8,15724.5,15724.2,15724.6,15721,15721.5,15722.4,15723.1,0.7,1464.82003
2026-05-04T18:00:00+00:00,15722.85,15723.5,15718.5,15722.85,15722.5,15723.2,15723.2,15723.8,15718.3,15718.7,15722.5,15723.2,0.7,1962.450034
2026-05-04T18:10:00+00:00,15723.15,15727.75,15722.15,15727.1,15722.9,15723.4,15727.5,15728,15721.9,15722.4,15726.8,15727.4,0.6,1386.000027
2026-05-04T18:20:00+00:00,15726.85,15727.75,15723.35,15724.2,15726.6,15727.1,15727.6,15727.9,15723.1,15723.6,15723.9,15724.5,0.6,2272.270045
2026-05-04T18:30:00+00:00,15724.1,15724.45,15721,15721.9,15723.9,15724.3,15724.3,15724.6,15720.9,15721.1,15721.7,15722.1,0.4,1940.330044
2026-05-04T18:40:00+00:00,15721.75,15722.7,15715.35,15718.5,15721.5,15722,15722.6,15722.8,15715.2,15715.5,15718.2,15718.8,0.6,1755.900041
2026-05-04T18:50:00+00:00,15718.3,15722.85,15655.55,15673.75,15718,15718.6,15722.8,15722.9,15654.7,15656.4,15673.2,15674.3,1.1,5965.720104
2026-05-04T19:00:00+00:00,15675.2,15713.4,15675.2,15702.3,15674.9,15675.5,15713,15713.8,15674.9,15675.5,15702,15702.6,0.6,6334.100124
2026-05-04T19:10:00+00:00,15702.25,15709.85,15702.1,15705.75,15701.9,15702.6,15709.5,15710.2,15701.8,15702.4,15705.5,15706,0.5,1908.390043
2026-05-04T19:20:00+00:00,15705.95,15709.7,15702.1,15704.75,15705.6,15706.3,15709.4,15710,15701.8,15702.4,15704.4,15705.1,0.7,2639.660054
2026-05-04T19:30:00+00:00,15704.7,15708.05,15704.6,15705.95,15704.4,15705,15707.8,15708.3,15704.3,15704.9,15705.6,15706.3,0.7,1271.420031
2026-05-04T19:40:00+00:00,15706.05,15710.85,15705.9,15708.45,15705.7,15706.4,15710.5,15711.2,15705.6,15706.2,15708.3,15708.6,0.3,1828.590037
2026-05-04T19:50:00+00:00,15708.5,15711.4,15705.6,15709.9,15708.3,15708.7,15711.1,15711.7,15705.5,15705.7,15709.6,15710.2,0.6,1678.880033
2026-05-04T20:00:00+00:00,15709.95,15717.15,15709.9,15716.1,15709.7,15710.2,15716.9,15717.4,15709.6,15710.2,15715.8,15716.4,0.6,822.3000181
2026-05-04T20:10:00+00:00,15716.4,15724.55,15714.7,15723.05,15716,15716.8,15724.2,15724.9,15714.4,15715,15722.8,15723.3,0.5,921.6300269
2026-05-04T20:20:00+00:00,15723.1,15728.55,15717.1,15721.85,15722.9,15723.3,15728.2,15728.9,15716.8,15717.4,15721.5,15722.2,0.7,1275.970029
2026-05-04T20:30:00+00:00,15721.75,15723.5,15720.65,15721.55,15721.4,15722.1,15723.2,15723.8,15720.3,15721,15721.2,15721.9,0.7,780.7000166
2026-05-04T20:40:00+00:00,15721.5,15724.5,15719.6,15723.4,15721.2,15721.8,15724,15725,15719.2,15720,15722.9,15723.9,1,845.3800247
2026-05-04T20:50:00+00:00,15722.75,15727.1,15720.7,15723.4,15722.5,15723,15726.2,15728,15720.3,15721.1,15721.5,15725.3,3.8,1347.890008
2026-05-04T21:00:00+00:00,15724.1,15724.8,15719.65,15723.15,15721.4,15726.8,15721.4,15728.2,15715.7,15723.6,15721.2,15725.1,3.9,81.39000075
2026-05-04T21:10:00+00:00,15723.35,15723.4,15720.7,15721.75,15721.4,15725.3,15721.4,15725.4,15718.8,15722.6,15720.9,15722.6,1.7,47.19000125
2026-05-04T21:20:00+00:00,15722,15722.05,15717.65,15720,15720.7,15723.3,15720.7,15723.4,15715.1,15720.2,15719.1,15720.9,1.8,114.7700025
2026-05-04T21:30:00+00:00,15718.55,15721.15,15717.8,15718.55,15716.2,15720.9,15719.4,15722.9,15715.7,15719.9,15716,15721.1,5.1,146.6300031
2026-05-04T21:40:00+00:00,15717.8,15720.55,15717.45,15720,15716,15719.6,15719.5,15721.6,15715.3,15719.6,15718.9,15721.1,2.2,109.5900017
2026-05-04T21:50:00+00:00,15720.05,15722,15713.6,15716.25,15719,15721.1,15719.8,15724.2,15711.6,15715.6,15712.9,15719.6,6.7,258.4800016
2026-05-04T22:00:00+00:00,15716.15,15727.2,15714.4,15723.25,15712.9,15719.4,15726.9,15727.5,15712.2,15716.6,15722.8,15723.7,0.9,444.6199959
2026-05-04T22:10:00+00:00,15723.3,15726.95,15723.25,15725.4,15722.8,15723.8,15726.5,15727.4,15722.8,15723.7,15725,15725.8,0.8,193.2000033
2026-05-04T22:20:00+00:00,15725.25,15726.15,15720.25,15720.8,15724.8,15725.7,15725.8,15726.5,15719.7,15720.8,15720.3,15721.3,1,305.1000068
2026-05-04T22:30:00+00:00,15721.05,15722.95,15720.95,15722.6,15720.8,15721.3,15722.6,15723.3,15720.6,15721.3,15722.2,15723,0.8,382.8000051
2026-05-04T22:40:00+00:00,15722.55,15722.65,15719.75,15720.4,15722.2,15722.9,15722.2,15723.1,15719.3,15720.2,15720,15720.8,0.8,196.5000055
2026-05-04T22:50:00+00:00,15721.05,15724.25,15721.05,15723.1,15720.6,15721.5,15723.8,15724.7,15720.6,15721.5,15722.7,15723.5,0.8,196.6900053
2026-05-04T23:00:00+00:00,15723.05,15724,15718.45,15720.3,15722.6,15723.5,15723.6,15724.4,15718.2,15718.7,15720,15720.6,0.6,548.0500152
2026-05-04T23:10:00+00:00,15720.35,15721.6,15719.9,15720.45,15720,15720.7,15721.2,15722,15719.5,15720.3,15720.1,15720.8,0.7,214.5100036
2026-05-04T23:20:00+00:00,15720.35,15722.55,15720.15,15720.65,15719.9,15720.8,15722.2,15722.9,15719.9,15720.4,15720.3,15721,0.7,169.2200031
2026-05-04T23:30:00+00:00,15720.6,15721.95,15717.75,15719.5,15720.3,15720.9,15721.6,15722.3,15717.5,15718,15719.1,15719.9,0.8,335.9400071
2026-05-04T23:40:00+00:00,15719.3,15721.65,15717.9,15719.3,15719,15719.6,15721.3,15722,15717.6,15718.2,15718.8,15719.8,1,516.1500131
2026-05-04T23:50:00+00:00,15719.4,15721.85,15719.2,15721.7,15719,15719.8,15721.5,15722.2,15718.8,15719.6,15721.4,15722,0.6,503.8900113
2026-05-05T00:00:00+00:00,15721.85,15723.25,15719,15721.3,15721.4,15722.3,15722.9,15723.6,15718.7,15719.3,15720.9,15721.7,0.8,2066.970034
2026-05-05T00:10:00+00:00,15721.2,15722.8,15719.9,15720.7,15720.8,15721.6,15722.5,15723.1,15719.5,15720.3,15720.3,15721.1,0.8,1146.600023
2026-05-05T00:20:00+00:00,15720.8,15725.8,15720.15,15723.85,15720.4,15721.2,15725.5,15726.1,15719.8,15720.5,15723.5,15724.2,0.7,914.8500189
2026-05-05T00:30:00+00:00,15723.75,15725.4,15722.2,15722.4,15723.4,15724.1,15725.1,15725.7,15721.8,15722.6,15722,15722.8,0.8,635.4500109
2026-05-05T00:40:00+00:00,15722.3,15724.7,15718.8,15718.8,15721.9,15722.7,15724.4,15725,15718.5,15719.1,15718.5,15719.1,0.6,824.5900143
2026-05-05T00:50:00+00:00,15718.75,15721.7,15717,15721.4,15718.3,15719.2,15721.4,15722,15716.7,15717.3,15721.1,15721.7,0.6,1264.790023
2026-05-05T01:00:00+00:00,15721.3,15724.6,15721.1,15722.75,15721,15721.6,15724.3,15724.9,15720.8,15721.4,15722.5,15723,0.5,764.4500111
2026-05-05T01:10:00+00:00,15722.7,15725.2,15722.35,15724.9,15722.4,15723,15724.9,15725.5,15722,15722.7,15724.6,15725.2,0.6,699.4400138
2026-05-05T01:20:00+00:00,15725,15727.05,15723,15726,15724.7,15725.3,15726.8,15727.3,15722.6,15723.4,15725.7,15726.3,0.6,979.7900186
2026-05-05T01:30:00+00:00,15725.9,15727.2,15719.7,15725.6,15725.6,15726.2,15726.9,15727.5,15719.6,15719.8,15725.3,15725.9,0.6,1722.63003
2026-05-05T01:40:00+00:00,15725.45,15725.55,15721.3,15722.5,15725.2,15725.7,15725.2,15725.9,15721.1,15721.5,15722.2,15722.8,0.6,1137.210022
2026-05-05T01:50:00+00:00,15722.6,15722.75,15719.1,15721.3,15722.4,15722.8,15722.4,15723.1,15718.8,15719.4,15721,15721.6,0.6,1190.23002
2026-05-05T02:00:00+00:00,15721.25,15721.75,15719.5,15720.9,15720.9,15721.6,15721.5,15722,15719.2,15719.8,15720.6,15721.2,0.6,996.5900182
2026-05-05T02:10:00+00:00,15720.8,15723.3,15720.75,15721.5,15720.5,15721.1,15723,15723.6,15720.5,15721,15721.2,15721.8,0.6,596.2900066
2026-05-05T02:20:00+00:00,15721.6,15722.1,15718.9,15721.5,15721.4,15721.8,15721.8,15722.4,15718.6,15719.2,15721.2,15721.8,0.6,664.9700102
2026-05-05T02:30:00+00:00,15721.7,15722.95,15720.45,15721.3,15721.4,15722,15722.7,15723.2,15720.2,15720.7,15721,15721.6,0.6,671.7400124
2026-05-05T02:40:00+00:00,15721.35,15721.95,15719.7,15721.4,15721.1,15721.6,15721.7,15722.2,15719.4,15720,15721.1,15721.7,0.6,700.6000139
2026-05-05T02:50:00+00:00,15721.35,15722.9,15721.2,15722.4,15721.1,15721.6,15722.5,15723.3,15720.9,15721.5,15722.1,15722.7,0.6,1007.890014
2026-05-05T03:00:00+00:00,15722.45,15724.05,15722.2,15723.7,15722.1,15722.8,15723.7,15724.4,15721.9,15722.5,15723.4,15724,0.6,746.9400082
2026-05-05T03:10:00+00:00,15723.75,15724.1,15721.7,15721.7,15723.4,15724.1,15723.7,15724.5,15721.4,15722,15721.4,15722,0.6,452.8500049
2026-05-05T03:20:00+00:00,15721.75,15723.6,15721.5,15722.75,15721.5,15722,15723.3,15723.9,15721.2,15721.8,15722.5,15723,0.5,787.6700103
2026-05-05T03:30:00+00:00,15722.8,15724.85,15722.35,15724.55,15722.5,15723.1,15724.5,15725.2,15722,15722.7,15724.3,15724.8,0.5,562.9500103
2026-05-05T03:40:00+00:00,15724.5,15725.4,15723.85,15725.05,15724.2,15724.8,15725.1,15725.7,15723.5,15724.2,15724.7,15725.4,0.7,331.3900052
2026-05-05T03:50:00+00:00,15725.05,15726.95,15724.7,15726.75,15724.8,15725.3,15726.7,15727.2,15724.5,15724.9,15726.5,15727,0.5,481.5200086
2026-05-05T04:00:00+00:00,15726.8,15727.1,15725.8,15726.5,15726.5,15727.1,15726.8,15727.4,15725.6,15726,15726.3,15726.7,0.4,508.2200086
2026-05-05T04:10:00+00:00,15726.5,15726.7,15723.95,15725.5,15726.3,15726.7,15726.4,15727,15723.8,15724.1,15725.2,15725.8,0.6,374.6400075
2026-05-05T04:20:00+00:00,15725.75,15726.85,15725.3,15726.3,15725.6,15725.9,15726.6,15727.1,15725,15725.6,15725.9,15726.7,0.8,452.5700068
2026-05-05T04:30:00+00:00,15726.4,15727.6,15724.75,15726.15,15726,15726.8,15727.2,15728,15724.4,15725.1,15725.9,15726.4,0.5,1118.050021
2026-05-05T04:40:00+00:00,15726.2,15728.45,15726,15727.05,15725.9,15726.5,15728.1,15728.8,15725.7,15726.3,15726.8,15727.3,0.5,695.4000114
2026-05-05T04:50:00+00:00,15726.7,15730.05,15726.25,15728.7,15726.6,15726.8,15729.8,15730.3,15726,15726.5,15728.4,15729,0.6,690.7700126
2026-05-05T05:00:00+00:00,15728.7,15730.15,15725,15728.5,15728.4,15729,15730,15730.3,15724.7,15725.3,15728.2,15728.8,0.6,1542.660028
2026-05-05T05:10:00+00:00,15728.35,15729.05,15726.55,15727.7,15728.1,15728.6,15728.8,15729.3,15726.2,15726.9,15727.4,15728,0.6,763.490011
2026-05-05T05:20:00+00:00,15727.65,15728.7,15722.85,15725.45,15727.4,15727.9,15728.3,15729.1,15722.6,15723.1,15725.2,15725.7,0.5,1328.770025
2026-05-05T05:30:00+00:00,15725.35,15726.45,15721.55,15724.35,15725.1,15725.6,15726.2,15726.7,15721.2,15721.9,15724,15724.7,0.7,2220.870043
2026-05-05T05:40:00+00:00,15724.15,15726.2,15722.75,15724,15723.8,15724.5,15725.9,15726.5,15722.4,15723.1,15723.8,15724.2,0.4,1351.010027
2026-05-05T05:50:00+00:00,15723.95,15729.85,15723.45,15728,15723.7,15724.2,15729.5,15730.2,15723.1,15723.8,15727.7,15728.3,0.6,1142.44002
2026-05-05T06:00:00+00:00,15727.8,15728.55,15723.45,15727.75,15727.6,15728,15728.3,15728.8,15723.1,15723.8,15727.5,15728,0.5,2296.810034
2026-05-05T06:10:00+00:00,15727.8,15730.05,15726.6,15727.5,15727.6,15728,15729.9,15730.2,15726.4,15726.8,15727.2,15727.8,0.6,1622.100023
2026-05-05T06:20:00+00:00,15727.55,15729.65,15724.8,15725.45,15727.3,15727.8,15729.5,15729.8,15724.5,15725.1,15725.2,15725.7,0.5,1298.720023
2026-05-05T06:30:00+00:00,15726,15727.35,15719.45,15724.25,15725.8,15726.2,15727.1,15727.6,15719.2,15719.7,15723.9,15724.6,0.7,1216.13002
2026-05-05T06:40:00+00:00,15724.3,15726.45,15722.7,15725.05,15724,15724.6,15726.1,15726.8,15722.4,15723,15724.8,15725.3,0.5,996.9300208
2026-05-05T06:50:00+00:00,15725,15725.3,15721.45,15722.75,15724.8,15725.2,15725,15725.6,15721.2,15721.7,15722.4,15723.1,0.7,1668.380029
2026-05-05T07:00:00+00:00,15722.65,15723.7,15712.6,15715.8,15722.4,15722.9,15723.4,15724,15712.3,15712.9,15715.4,15716.2,0.8,2983.610044
2026-05-05T07:10:00+00:00,15715.65,15717.75,15713.3,15715.8,15715.2,15716.1,15717.4,15718.1,15713.1,15713.5,15715.5,15716.1,0.6,1463.630022
2026-05-05T07:20:00+00:00,15715.5,15723.4,15714.8,15723.25,15715.4,15715.6,15723.1,15723.7,15714.5,15715.1,15722.9,15723.6,0.7,1673.930025
2026-05-05T07:30:00+00:00,15723.4,15723.85,15708.2,15716.5,15723.1,15723.7,15723.5,15724.2,15708,15708.4,15716.2,15716.8,0.6,3983.09006
2026-05-05T07:40:00+00:00,15716.55,15721.35,15715.35,15720.9,15716.2,15716.9,15721.1,15721.6,15715.1,15715.6,15720.7,15721.1,0.4,1778.190029
2026-05-05T07:50:00+00:00,15720.65,15723.75,15717.6,15723.75,15720.4,15720.9,15723.5,15724,15717.3,15717.9,15723.5,15724,0.5,1954.800029
2026-05-05T08:00:00+00:00,15723.85,15726.1,15720.55,15725.15,15723.5,15724.2,15725.9,15726.3,15720.3,15720.8,15725,15725.3,0.3,1705.410028
2026-05-05T08:10:00+00:00,15725.3,15728.55,15724.85,15727.1,15725.2,15725.4,15728.3,15728.8,15724.6,15725.1,15726.9,15727.3,0.4,1062.720018
2026-05-05T08:20:00+00:00,15727.05,15727.7,15724.7,15726.95,15726.8,15727.3,15727.5,15727.9,15724.4,15725,15726.7,15727.2,0.5,1219.240013
2026-05-05T08:30:00+00:00,15727.1,15728.4,15724.3,15727.75,15726.9,15727.3,15728.2,15728.6,15724.1,15724.5,15727.5,15728,0.5,1621.790025
2026-05-05T08:40:00+00:00,15727.7,15728.5,15725.45,15727.15,15727.4,15728,15728.2,15728.8,15725.2,15725.7,15726.9,15727.4,0.5,2368.340012
2026-05-05T08:50:00+00:00,15727.1,15728.4,15725.95,15728.05,15726.9,15727.3,15728.1,15728.7,15725.7,15726.2,15727.8,15728.3,0.5,2275.720007
2026-05-05T09:00:00+00:00,15728.1,15786.85,15728.05,15743.6,15727.8,15728.4,15786.8,15786.9,15727.8,15728.3,15743.4,15743.8,0.4,7756.450108
2026-05-05T09:10:00+00:00,15743.65,15766.15,15739.75,15760.75,15743.4,15743.9,15765.8,15766.5,15739.5,15740,15760.4,15761.1,0.7,4912.960063
2026-05-05T09:20:00+00:00,15760.8,15769.35,15756.15,15756.9,15760.5,15761.1,15769,15769.7,15755.7,15756.6,15756.6,15757.2,0.6,4441.170053
2026-05-05T09:30:00+00:00,15756.95,15758.95,15711,15755.6,15756.6,15757.3,15758.7,15759.2,15709.8,15712.2,15755.2,15756,0.8,5665.060091
2026-05-05T09:40:00+00:00,15755.7,15758.85,15750.3,15755.65,15755.4,15756,15758.6,15759.1,15749.9,15750.7,15755.2,15756.1,0.9,1683.070026
2026-05-05T09:50:00+00:00,15755.7,15762.05,15749.1,15751.4,15755.2,15756.2,15761.7,15762.4,15748.8,15749.4,15751.1,15751.7,0.6,1579.450033
2026-05-05T10:00:00+00:00,15751.2,15760.75,15749.15,15760.6,15750.9,15751.5,15760.5,15761,15748.8,15749.5,15760.3,15760.9,0.6,1422.210032
2026-05-05T10:10:00+00:00,15760.55,15763.75,15758.1,15762.3,15760.5,15760.6,15763.5,15764,15757.8,15758.4,15762.1,15762.5,0.4,1309.310029
2026-05-05T10:20:00+00:00,15762.25,15762.3,15752.75,15756.15,15762.1,15762.4,15762.1,15762.5,15752.5,15753,15755.9,15756.4,0.5,1437.730028
2026-05-05T10:30:00+00:00,15756.2,15760.35,15749.55,15758.1,15755.9,15756.5,15760.1,15760.6,15749.3,15749.8,15757.7,15758.5,0.8,1862.190035
2026-05-05T10:40:00+00:00,15758.15,15763.45,15754.35,15762,15757.9,15758.4,15763.2,15763.7,15754,15754.7,15761.7,15762.3,0.6,1485.760027
2026-05-05T10:50:00+00:00,15761.95,15767.15,15759.25,15761.8,15761.5,15762.4,15766.8,15767.5,15759,15759.5,15761.5,15762.1,0.6,1657.94003
2026-05-05T11:00:00+00:00,15761.95,15774.3,15761.25,15768.75,15761.7,15762.2,15774.1,15774.5,15760.9,15761.6,15768.5,15769,0.5,3363.960054
2026-05-05T11:10:00+00:00,15768.95,15779.5,15767.95,15776.5,15768.8,15769.1,15779.2,15779.8,15767.7,15768.2,15776.2,15776.8,0.6,1755.090029
2026-05-05T11:20:00+00:00,15776.55,15777.75,15764.4,15768.1,15776.2,15776.9,15777.5,15778,15764.1,15764.7,15767.7,15768.5,0.8,2183.810039
2026-05-05T11:30:00+00:00,15768.15,15770.55,15764.5,15769.5,15767.9,15768.4,15770.2,15770.9,15764.2,15764.8,15769.2,15769.8,0.6,1464.160029
2026-05-05T11:40:00+00:00,15769.55,15773.85,15767.5,15771.4,15769.3,15769.8,15773.6,15774.1,15767.2,15767.8,15771.2,15771.6,0.4,1861.910035
2026-05-05T11:50:00+00:00,15771.45,15777,15771.4,15774.7,15771.3,15771.6,15776.7,15777.3,15771.2,15771.6,15774.4,15775,0.6,1464.740023
2026-05-05T12:00:00+00:00,15774.9,15783.95,15774.9,15780.1,15774.6,15775.2,15783.7,15784.2,15774.6,15775.2,15779.9,15780.3,0.4,4644.650066
2026-05-05T12:10:00+00:00,15780.15,15780.2,15764.1,15775.05,15779.8,15780.5,15779.9,15780.5,15763.9,15764.3,15774.7,15775.4,0.7,4297.120074
2026-05-05T12:20:00+00:00,15774.85,15776.95,15765.45,15769.25,15774.6,15775.1,15776.7,15777.2,15765,15765.9,15768.6,15769.9,1.3,3470.800059
2026-05-05T12:30:00+00:00,15769.2,15779.8,15768.35,15775.6,15768.5,15769.9,15779.6,15780,15767.9,15768.8,15775.3,15775.9,0.6,2759.50005
2026-05-05T12:40:00+00:00,15775.9,15780.95,15775.85,15779.55,15775.7,15776.1,15780.8,15781.1,15775.6,15776.1,15779.2,15779.9,0.7,2139.950033
2026-05-05T12:50:00+00:00,15779.5,15780.45,15776.4,15777.15,15779.2,15779.8,15780.1,15780.8,15776.2,15776.6,15776.9,15777.4,0.5,1689.58003
2026-05-05T13:00:00+00:00,15777.2,15778.95,15769.95,15774.75,15777,15777.4,15778.8,15779.1,15769.7,15770.2,15774.4,15775.1,0.7,2539.510053
2026-05-05T13:10:00+00:00,15774.6,15774.75,15767.9,15769,15774.2,15775,15774.4,15775.1,15767.6,15768.2,15768.7,15769.3,0.6,2820.270044
2026-05-05T13:20:00+00:00,15768.9,15774.35,15767.45,15773.25,15768.5,15769.3,15774,15774.7,15767.3,15767.6,15773,15773.5,0.5,1967.850035
2026-05-05T13:30:00+00:00,15773.05,15775.55,15769.2,15773.9,15772.9,15773.2,15775.3,15775.8,15768.9,15769.5,15773.6,15774.2,0.6,2633.760047
2026-05-05T13:40:00+00:00,15773.75,15779.15,15771.3,15775.8,15773.6,15773.9,15779,15779.3,15771.1,15771.5,15775.6,15776,0.4,2916.15005
2026-05-05T13:50:00+00:00,15775.85,15779.85,15773.75,15778.45,15775.6,15776.1,15779.6,15780.1,15773.5,15774,15777.7,15779.2,1.5,2767.57005
2026-05-05T14:00:00+00:00,15777.9,15778.3,15767.9,15771.05,15777.3,15778.5,15778,15778.6,15767.7,15768.1,15770.8,15771.3,0.5,4047.190074
2026-05-05T14:10:00+00:00,15770.9,15782.9,15769.15,15779.15,15770.6,15771.2,15782.6,15783.2,15768.9,15769.4,15778.9,15779.4,0.5,5216.920099
2026-05-05T14:20:00+00:00,15779.2,15781.25,15771.65,15777.15,15778.9,15779.5,15781,15781.5,15771.4,15771.9,15776.9,15777.4,0.5,3400.04006
2026-05-05T14:30:00+00:00,15777.15,15779.55,15774.85,15776.85,15777,15777.3,15779.2,15779.9,15774.7,15775,15776.6,15777.1,0.5,2852.25005
2026-05-05T14:40:00+00:00,15776.9,15777.7,15769.9,15771.95,15776.6,15777.2,15777.5,15777.9,15769.6,15770.2,15771.6,15772.3,0.7,2985.620048
2026-05-05T14:50:00+00:00,15771.95,15774.45,15767.35,15767.95,15771.6,15772.3,15774.2,15774.7,15767.1,15767.6,15767.7,15768.2,0.5,2892.550044
2026-05-05T15:00:00+00:00,15767.9,15770.2,15760.95,15766.7,15767.6,15768.2,15770,15770.4,15760.7,15761.2,15766.4,15767,0.6,3578.840059
2026-05-05T15:10:00+00:00,15766.65,15771.3,15764.45,15770.95,15766.5,15766.8,15771.1,15771.5,15764.1,15764.8,15770.8,15771.1,0.3,2040.880033
2026-05-05T15:20:00+00:00,15771,15773.05,15768.35,15770.7,15770.8,15771.2,15772.8,15773.3,15768.1,15768.6,15770.5,15770.9,0.4,2308.050036
2026-05-05T15:30:00+00:00,15770.65,15771.6,15763.75,15766.15,15770.4,15770.9,15771.4,15771.8,15763.6,15763.9,15766,15766.3,0.3,2968.220056
2026-05-05T15:40:00+00:00,15766,15766.9,15763.5,15765.55,15765.9,15766.1,15766.8,15767,15763.3,15763.7,15765.3,15765.8,0.5,2096.550041
2026-05-05T15:50:00+00:00,15765.5,15768.4,15764.75,15768.2,15765.3,15765.7,15768.2,15768.6,15764.6,15764.9,15767.9,15768.5,0.6,1977.30003
2026-05-05T16:00:00+00:00,15768.25,15768.85,15765.5,15768.85,15768,15768.5,15768.6,15769.1,15765.3,15765.7,15768.6,15769.1,0.5,1296.360028
2026-05-05T16:10:00+00:00,15768.8,15772.9,15768.6,15770.55,15768.6,15769,15772.6,15773.2,15768.4,15768.8,15770.3,15770.8,0.5,1440.430022
2026-05-05T16:20:00+00:00,15770.45,15775.55,15770.4,15773.3,15770.3,15770.6,15775.4,15775.7,15770.2,15770.6,15773.1,15773.5,0.4,1317.850014
2026-05-05T16:30:00+00:00,15773.25,15778.2,15773.2,15777.4,15773,15773.5,15777.9,15778.5,15773,15773.4,15777.1,15777.7,0.6,1108.280018
2026-05-05T16:40:00+00:00,15777.15,15778.35,15775.4,15777.3,15776.8,15777.5,15778.1,15778.6,15775.2,15775.6,15777.1,15777.5,0.4,751.1800135
2026-05-05T16:50:00+00:00,15777.15,15780.35,15776.3,15778.9,15776.9,15777.4,15780.2,15780.5,15776,15776.6,15778.6,15779.2,0.6,1187.840023
2026-05-05T17:00:00+00:00,15779,15785.4,15777.15,15785.1,15778.8,15779.2,15785.1,15785.7,15777,15777.3,15784.8,15785.4,0.6,1569.750029
2026-05-05T17:10:00+00:00,15785.05,15787,15784.75,15786.1,15784.7,15785.4,15786.8,15787.2,15784.5,15785,15785.9,15786.3,0.4,1284.870021
2026-05-05T17:20:00+00:00,15785.95,15788.65,15784,15784.55,15785.8,15786.1,15788.5,15788.8,15783.7,15784.3,15784.4,15784.7,0.3,1466.980021
2026-05-05T17:30:00+00:00,15784.7,15784.8,15780.05,15783.05,15784.6,15784.8,15784.6,15785,15779.8,15780.3,15782.8,15783.3,0.5,1488.110026
2026-05-05T17:40:00+00:00,15783.1,15786.4,15781.8,15784.6,15782.8,15783.4,15786.1,15786.7,15781.5,15782.1,15784.4,15784.8,0.4,1224.000016
2026-05-05T17:50:00+00:00,15784.65,15786.1,15782.75,15785.25,15784.4,15784.9,15785.9,15786.3,15782.5,15783,15785.1,15785.4,0.3,807.9000161
2026-05-05T18:00:00+00:00,15785.2,15786.5,15783.7,15786.45,15785,15785.4,15786.3,15786.7,15783.4,15784,15786.3,15786.6,0.3,637.8200094
2026-05-05T18:10:00+00:00,15786.5,15787.55,15785.65,15787.15,15786.3,15786.7,15787.3,15787.8,15785.4,15785.9,15787,15787.3,0.3,637.0500096
2026-05-05T18:20:00+00:00,15787.1,15788.55,15786.7,15788.05,15787,15787.2,15788.4,15788.7,15786.5,15786.9,15787.8,15788.3,0.5,528.7400054
2026-05-05T18:30:00+00:00,15788.1,15791.95,15788,15789.2,15787.9,15788.3,15791.6,15792.3,15787.7,15788.3,15788.9,15789.5,0.6,849.1500109
2026-05-05T18:40:00+00:00,15789.05,15791.4,15788.2,15791.05,15788.8,15789.3,15791.2,15791.6,15788,15788.4,15790.8,15791.3,0.5,508.1400074
2026-05-05T18:50:00+00:00,15790.95,15791.05,15787.4,15787.55,15790.7,15791.2,15790.8,15791.3,15787.2,15787.6,15787.3,15787.8,0.5,1040.180015
2026-05-05T19:00:00+00:00,15787.75,15789.55,15786.35,15789,15787.5,15788,15789.3,15789.8,15786.1,15786.6,15788.7,15789.3,0.6,1265.720017
2026-05-05T19:10:00+00:00,15789.05,15789.35,15786.65,15788.9,15788.7,15789.4,15789.2,15789.5,15786.3,15787,15788.7,15789.1,0.4,613.6500109
2026-05-05T19:20:00+00:00,15788.85,15791.7,15788.75,15791.45,15788.6,15789.1,15791.5,15791.9,15788.4,15789.1,15791.2,15791.7,0.5,360.4100075
2026-05-05T19:30:00+00:00,15791.5,15791.55,15787.8,15787.8,15791.3,15791.7,15791.3,15791.8,15787.6,15788,15787.6,15788,0.4,662.5500087
2026-05-05T19:40:00+00:00,15787.85,15789.9,15787.85,15789.75,15787.7,15788,15789.7,15790.1,15787.7,15788,15789.5,15790,0.5,414.7800052
2026-05-05T19:50:00+00:00,15789.9,15790.7,15786.3,15788.2,15789.7,15790.1,15790.4,15791,15786,15786.6,15788,15788.4,0.4,1152.690018
2026-05-05T20:00:00+00:00,15788.25,15789.1,15784.4,15784.4,15787.9,15788.6,15788.9,15789.3,15784.1,15784.7,15784.1,15784.7,0.6,1126.01002
2026-05-05T20:10:00+00:00,15784.55,15787.4,15784.3,15787.15,15784.2,15784.9,15787.2,15787.6,15784,15784.6,15786.8,15787.5,0.7,887.2700112
2026-05-05T20:20:00+00:00,15787.2,15789.1,15786.9,15788.05,15786.9,15787.5,15788.8,15789.4,15786.6,15787.2,15787.8,15788.3,0.5,461.7700111
2026-05-05T20:30:00+00:00,15788,15789.4,15787.7,15789.25,15787.7,15788.3,15789.2,15789.6,15787.4,15788,15788.9,15789.6,0.7,327.3900057
2026-05-05T20:40:00+00:00,15789.3,15789.8,15788.6,15788.75,15789.1,15789.5,15789.5,15790.1,15788.3,15788.9,15788.5,15789,0.5,429.7800102
2026-05-05T20:50:00+00:00,15788.7,15790.35,15787.2,15788.3,15788.5,15788.9,15789.9,15790.8,15786.8,15787.6,15786.8,15789.8,3,1245.120023
2026-05-05T21:00:00+00:00,15788.35,15790.5,15782,15787.05,15786.9,15789.8,15786.9,15794.1,15776.4,15787.6,15782.9,15791.2,8.3,86.18000036
2026-05-05T21:10:00+00:00,15787,15787.45,15786.45,15786.9,15782.9,15791.1,15783.8,15791.1,15782.9,15790,15783.8,15790,6.2,45.00000048
2026-05-05T21:20:00+00:00,15787.4,15790.35,15786.45,15788.3,15783.8,15791,15787.9,15792.8,15783.6,15789.3,15783.8,15792.8,9,122.2500024
2026-05-05T21:30:00+00:00,15788.05,15789.4,15787.1,15788.45,15784.5,15791.6,15785.7,15793.1,15783.8,15790.4,15783.8,15793.1,9.3,81.90000188
2026-05-05T21:40:00+00:00,15787.8,15790.3,15786.45,15789.45,15784.7,15790.9,15788.7,15791.9,15783.6,15789.3,15788.1,15790.8,2.7,197.5900053
2026-05-05T21:50:00+00:00,15789.5,15790.4,15789.1,15790.25,15788.1,15790.9,15789.3,15791.5,15787.9,15790.3,15789.1,15791.4,2.3,86.55000114
2026-05-05T22:00:00+00:00,15789.25,15793.6,15788.8,15790.1,15788.6,15789.9,15793,15794.2,15787.8,15789.8,15789.7,15790.5,0.8,458.8000022
2026-05-05T22:10:00+00:00,15790,15791.1,15787.8,15788.7,15789.6,15790.4,15790.6,15791.6,15787.4,15788.2,15788.2,15789.2,1,850.2900083
2026-05-05T22:20:00+00:00,15788.75,15788.8,15786.3,15786.4,15788.3,15789.2,15788.3,15789.3,15786,15786.6,15786.1,15786.7,0.6,372.1500084
2026-05-05T22:30:00+00:00,15786.5,15790.2,15786.35,15788,15786.2,15786.8,15790,15790.4,15786.1,15786.6,15787.7,15788.3,0.6,403.1400083
2026-05-05T22:40:00+00:00,15787.95,15790.2,15787.8,15790.05,15787.6,15788.3,15789.8,15790.6,15787.4,15788.2,15789.7,15790.4,0.7,395.2700063
2026-05-05T22:50:00+00:00,15790.1,15790.2,15758.75,15773.15,15789.8,15790.4,15789.8,15790.6,15758.4,15759.1,15772.2,15774.1,1.9,4877.560086
2026-05-05T23:00:00+00:00,15773.15,15773.65,15762,15764.3,15772.2,15774.1,15773,15774.3,15761.5,15762.5,15763.7,15764.9,1.2,3148.540048
2026-05-05T23:10:00+00:00,15764.4,15764.95,15754.3,15760.55,15763.8,15765,15764.5,15765.4,15753.9,15754.7,15760.2,15760.9,0.7,2210.130049
2026-05-05T23:20:00+00:00,15760.5,15768.75,15757.3,15768.7,15760.1,15760.9,15768.3,15769.2,15756.9,15757.7,15768.2,15769.2,1,1471.100028
2026-05-05T23:30:00+00:00,15768.7,15769.4,15763.1,15768.05,15768.2,15769.2,15769,15769.8,15762.7,15763.5,15767.7,15768.4,0.7,1393.02002
2026-05-05T23:40:00+00:00,15768,15772.4,15767.9,15769.6,15767.6,15768.4,15772.1,15772.7,15767.5,15768.3,15769.2,15770,0.8,1273.200022
2026-05-05T23:50:00+00:00,15769.55,15770.8,15767.5,15767.85,15769.2,15769.9,15770.5,15771.1,15767.2,15767.8,15767.5,15768.2,0.7,2126.550043
2026-05-06T00:00:00+00:00,15767.75,15770.8,15761.35,15764.45,15767.3,15768.2,15770.6,15771,15761,15761.7,15764.1,15764.8,0.7,5361.530098
2026-05-06T00:10:00+00:00,15764.4,15770.3,15761.65,15764.4,15764.1,15764.7,15770,15770.6,15761.4,15761.9,15764.1,15764.7,0.6,2843.680046
2026-05-06T00:20:00+00:00,15764.55,15765.95,15758.35,15763.5,15764.3,15764.8,15765.6,15766.3,15758,15758.7,15763.2,15763.8,0.6,2706.540048
2026-05-06T00:30:00+00:00,15763.3,15764.75,15758.1,15760.65,15763,15763.6,15764.4,15765.1,15757.9,15758.3,15760.3,15761,0.7,2676.740046
2026-05-06T00:40:00+00:00,15760.55,15760.65,15756.4,15759.95,15760.2,15760.9,15760.3,15761,15756.2,15756.6,15759.7,15760.2,0.5,2871.240032
2026-05-06T00:50:00+00:00,15759.9,15760.7,15755.4,15759.5,15759.7,15760.1,15760.4,15761,15755.1,15755.7,15759.2,15759.8,0.6,2633.680046
2026-05-06T01:00:00+00:00,15759.75,15766.7,15757.8,15764.65,15759.5,15760,15766.5,15766.9,15757.7,15757.9,15764.4,15764.9,0.5,3252.190047
2026-05-06T01:10:00+00:00,15764.55,15767,15760.7,15760.75,15764.3,15764.8,15766.8,15767.2,15760.5,15760.9,15760.5,15761,0.5,2223.690034
2026-05-06T01:20:00+00:00,15760.8,15764.4,15760.2,15764.15,15760.6,15761,15764.2,15764.6,15759.9,15760.5,15763.8,15764.5,0.7,1871.830034
2026-05-06T01:30:00+00:00,15764.1,15767.2,15763.85,15764.45,15763.6,15764.6,15766.9,15767.5,15763.6,15764.1,15764.2,15764.7,0.5,1974.300039
2026-05-06T01:40:00+00:00,15764.8,15766,15763.4,15764.1,15764.5,15765.1,15765.8,15766.2,15763.1,15763.7,15763.8,15764.4,0.6,1469.350027
2026-05-06T01:50:00+00:00,15764.2,15769.9,15763.95,15769.8,15763.9,15764.5,15769.6,15770.2,15763.7,15764.2,15769.5,15770.1,0.6,1837.510027
2026-05-06T02:00:00+00:00,15770.2,15770.4,15765.4,15767.5,15770.1,15770.3,15770.1,15770.7,15765.2,15765.6,15767.2,15767.8,0.6,2143.090031
2026-05-06T02:10:00+00:00,15767.4,15772.55,15766.95,15771.5,15767.1,15767.7,15772.2,15772.9,15766.7,15767.2,15771.2,15771.8,0.6,1713.540024
2026-05-06T02:20:00+00:00,15771.4,15779.2,15771.4,15778.5,15771.1,15771.7,15778.9,15779.5,15771.1,15771.7,15778.3,15778.7,0.4,2134.620023
2026-05-06T02:30:00+00:00,15778.55,15780.5,15777.1,15780.3,15778.3,15778.8,15780.2,15780.8,15776.9,15777.3,15780,15780.6,0.6,2145.620024
2026-05-06T02:40:00+00:00,15780.25,15783.25,15779,15779.3,15779.9,15780.6,15783,15783.5,15778.7,15779.3,15778.9,15779.7,0.8,1117.410015
2026-05-06T02:50:00+00:00,15779.4,15781.8,15777.35,15781.45,15779.1,15779.7,15781.5,15782.1,15777.1,15777.6,15781.2,15781.7,0.5,1308.300018
2026-05-06T03:00:00+00:00,15781.5,15786.75,15778.8,15786.3,15781.3,15781.7,15786.5,15787,15778.6,15779,15785.9,15786.7,0.8,2146.960042
2026-05-06T03:10:00+00:00,15786.2,15788.1,15784.25,15785.55,15785.9,15786.5,15787.8,15788.4,15784,15784.5,15785.3,15785.8,0.5,1236.49002
2026-05-06T03:20:00+00:00,15785.45,15787.75,15783.95,15787.15,15785.2,15785.7,15787.5,15788,15783.7,15784.2,15786.9,15787.4,0.5,920.9100149
2026-05-06T03:30:00+00:00,15787.25,15789.3,15775.35,15777.85,15787,15787.5,15789,15789.6,15775.1,15775.6,15777.5,15778.2,0.7,1813.850033
2026-05-06T03:40:00+00:00,15777.8,15781.25,15772.45,15781.1,15777.5,15778.1,15781,15781.5,15772.3,15772.6,15780.8,15781.4,0.6,1894.580036
2026-05-06T03:50:00+00:00,15781.05,15781.75,15775.3,15777.65,15780.7,15781.4,15781.4,15782.1,15774.9,15775.7,15777.3,15778,0.7,1546.250027
2026-05-06T04:00:00+00:00,15777.7,15781,15777.5,15780.1,15777.4,15778,15780.7,15781.3,15777.2,15777.8,15779.8,15780.4,0.6,1258.000018
2026-05-06T04:10:00+00:00,15780,15782.55,15779.75,15781.9,15779.8,15780.2,15782.3,15782.8,15779.5,15780,15781.6,15782.2,0.6,1153.730019
2026-05-06T04:20:00+00:00,15781.85,15782,15683.2,15687.8,15781.6,15782.1,15781.7,15782.3,15681.8,15684.6,15687.1,15688.5,1.4,7391.25011
2026-05-06T04:30:00+00:00,15687.7,15702.85,15590.55,15596.25,15687.1,15688.3,15702.2,15703.5,15590.4,15590.7,15595.2,15597.3,2.1,19814.99027
2026-05-06T04:40:00+00:00,15596.3,15619.7,15548.4,15548.95,15595.3,15597.3,15618.9,15620.5,15548,15548.8,15548,15549.9,1.9,19974.42031
2026-05-06T04:50:00+00:00,15548.85,15594,15503.15,15593.5,15548.1,15549.6,15593.5,15594.5,15502.9,15503.4,15593.2,15593.8,0.6,20161.15035
2026-05-06T05:00:00+00:00,15593.35,15617.75,15575.6,15611.1,15592.5,15594.2,15617.3,15618.2,15575.2,15576,15610.8,15611.4,0.6,9750.180226
2026-05-06T05:10:00+00:00,15611,15628.4,15609,15623.6,15610.7,15611.3,15628,15628.8,15608.7,15609.3,15623.3,15623.9,0.6,5349.940127
2026-05-06T05:20:00+00:00,15623.9,15639.1,15622.3,15631,15623.6,15624.2,15638.8,15639.4,15622,15622.6,15630.8,15631.2,0.4,3453.470086
2026-05-06T05:30:00+00:00,15631.2,15637.7,15629.55,15634.15,15630.8,15631.6,15637.4,15638,15629.1,15630,15633.8,15634.5,0.7,2529.800054
2026-05-06T05:40:00+00:00,15634.2,15637.75,15627.2,15630.6,15633.8,15634.6,15637.6,15637.9,15626.8,15627.6,15630.3,15630.9,0.6,3002.770052
2026-05-06T05:50:00+00:00,15630.7,15637.1,15628.25,15632.1,15630.4,15631,15636.8,15637.4,15628,15628.5,15631.8,15632.4,0.6,3736.620054
2026-05-06T06:00:00+00:00,15632,15645.8,15630.65,15640.5,15631.6,15632.4,15645.4,15646.2,15630.2,15631.1,15640.2,15640.8,0.6,5498.560088
2026-05-06T06:10:00+00:00,15640.45,15643.4,15635.3,15641.35,15640.2,15640.7,15643,15643.8,15635,15635.6,15641.1,15641.6,0.5,3681.110059
2026-05-06T06:20:00+00:00,15641.45,15641.8,15631.15,15635.4,15641.3,15641.6,15641.4,15642.2,15630.7,15631.6,15635,15635.8,0.8,3784.620062
2026-05-06T06:30:00+00:00,15635.9,15637.9,15631.65,15635.6,15635.8,15636,15637.7,15638.1,15631.3,15632,15635.2,15636,0.8,2615.37005
2026-05-06T06:40:00+00:00,15635.65,15639.35,15631.2,15637.95,15635.3,15636,15639,15639.7,15630.9,15631.5,15637.6,15638.3,0.7,2832.400053
2026-05-06T06:50:00+00:00,15638.2,15641,15635.25,15638.95,15637.7,15638.7,15640.7,15641.3,15635,15635.5,15638.7,15639.2,0.5,2166.660041
2026-05-06T07:00:00+00:00,15638.8,15646.15,15637.3,15642.65,15638.7,15638.9,15645.8,15646.5,15637,15637.6,15642.5,15642.8,0.3,2933.050046
2026-05-06T07:10:00+00:00,15642.75,15656.7,15641.45,15651.3,15642.5,15643,15656.5,15656.9,15641.2,15641.7,15651,15651.6,0.6,3194.630066
2026-05-06T07:20:00+00:00,15651.35,15652.45,15644.15,15650.05,15651.1,15651.6,15652.2,15652.7,15643.8,15644.5,15649.8,15650.3,0.5,3312.870055
2026-05-06T07:30:00+00:00,15650.1,15654.8,15649.35,15651.55,15649.8,15650.4,15654.5,15655.1,15649,15649.7,15651.2,15651.9,0.7,2755.020056
2026-05-06T07:40:00+00:00,15651.6,15652,15632.5,15639.5,15651.3,15651.9,15651.7,15652.3,15632.3,15632.7,15639.2,15639.8,0.6,3708.010063
2026-05-06T07:50:00+00:00,15639.45,15640.7,15573.15,15582.6,15639.2,15639.7,15640.4,15641,15572.6,15573.7,15582.1,15583.1,1,7201.120135
2026-05-06T08:00:00+00:00,15582.05,15628.1,15575.95,15620.3,15581.6,15582.5,15627.8,15628.4,15575.6,15576.3,15620,15620.6,0.6,6460.760127
2026-05-06T08:10:00+00:00,15620.2,15625.1,15615.2,15622.05,15619.9,15620.5,15624.9,15625.3,15614.9,15615.5,15621.7,15622.4,0.7,3303.540069
2026-05-06T08:20:00+00:00,15622.1,15629.25,15620.85,15623.95,15621.7,15622.5,15629,15629.5,15620.6,15621.1,15623.7,15624.2,0.5,3353.990063
2026-05-06T08:30:00+00:00,15623.95,15624.85,15606.85,15618.45,15623.7,15624.2,15624.5,15625.2,15606.5,15607.2,15618.2,15618.7,0.5,4244.110076
2026-05-06T08:40:00+00:00,15618.15,15619.2,15608.7,15617.45,15618.1,15618.2,15619,15619.4,15608.5,15608.9,15617.2,15617.7,0.5,2640.350054
2026-05-06T08:50:00+00:00,15617.15,15617.15,15582,15598.05,15616.9,15617.4,15616.9,15617.4,15581.7,15582.3,15597.8,15598.3,0.5,13901.33025
2026-05-06T09:00:00+00:00,15597.95,15611.05,15592.75,15607.6,15597.6,15598.3,15610.8,15611.3,15592.5,15593,15607.2,15608,0.8,5787.440101
2026-05-06T09:10:00+00:00,15607.55,15608.45,15595.55,15598.65,15607.3,15607.8,15608.1,15608.8,15595.2,15595.9,15598.4,15598.9,0.5,4799.160083
2026-05-06T09:20:00+00:00,15598.45,15609.6,15597.9,15608.5,15598.2,15598.7,15609.3,15609.9,15597.6,15598.2,15608.2,15608.8,0.6,3971.340069
2026-05-06T09:30:00+00:00,15608.4,15609.1,15593.35,15599,15608.1,15608.7,15608.8,15609.4,15593.2,15593.5,15598.7,15599.3,0.6,4809.86008
2026-05-06T09:40:00+00:00,15598.95,15601.75,15591.9,15592.3,15598.7,15599.2,15601.4,15602.1,15591.7,15592.1,15592.1,15592.5,0.4,2995.520059
2026-05-06T09:50:00+00:00,15592.55,15601.5,15591.9,15592.75,15592.4,15592.7,15601.3,15601.7,15591.7,15592.1,15592.6,15592.9,0.3,3108.010057
2026-05-06T10:00:00+00:00,15592.8,15597.35,15586.95,15595.3,15592.6,15593,15597.2,15597.5,15586.8,15587.1,15595.1,15595.5,0.4,4087.140079
2026-05-06T10:10:00+00:00,15595.35,15607,15594.3,15606.9,15595.1,15595.6,15606.8,15607.2,15594.1,15594.5,15606.7,15607.1,0.4,2779.200054
2026-05-06T10:20:00+00:00,15607.05,15612.45,15592.4,15596.05,15606.9,15607.2,15612.3,15612.6,15592.3,15592.5,15595.9,15596.2,0.3,4815.17009
2026-05-06T10:30:00+00:00,15594.85,15599,15592.3,15595.25,15594.6,15595.1,15598.8,15599.2,15592.1,15592.5,15595.1,15595.4,0.3,4344.350062
2026-05-06T10:40:00+00:00,15595.2,15595.2,15574.5,15578.75,15595,15595.4,15595,15595.4,15574.2,15574.8,15578.5,15579,0.5,5996.500121
2026-05-06T10:50:00+00:00,15578.9,15578.9,15561.6,15575.8,15578.6,15579.2,15578.6,15579.2,15561.3,15561.9,15575.5,15576.1,0.6,6729.530123
2026-05-06T11:00:00+00:00,15575.75,15585.95,15570.35,15578.15,15575.5,15576,15585.6,15586.3,15570,15570.7,15577.8,15578.5,0.7,6451.220136
2026-05-06T11:10:00+00:00,15578.2,15595.1,15578.2,15587.95,15577.8,15578.6,15594.8,15595.4,15577.8,15578.6,15587.6,15588.3,0.7,6109.040113
2026-05-06T11:20:00+00:00,15588,15594.15,15585.35,15592.7,15587.6,15588.4,15593.9,15594.4,15585,15585.7,15592.4,15593,0.6,4145.430072
2026-05-06T11:30:00+00:00,15592.6,15593.35,15588.2,15592.05,15592.3,15592.9,15593.1,15593.6,15587.9,15588.5,15591.8,15592.3,0.5,3975.050072
2026-05-06T11:40:00+00:00,15591.95,15610.8,15590.1,15606.5,15591.7,15592.2,15610.5,15611.1,15590,15590.2,15606.2,15606.8,0.6,8006.410131
2026-05-06T11:50:00+00:00,15606.85,15610.15,15602.8,15608.65,15606.7,15607,15609.9,15610.4,15602.6,15603,15608.4,15608.9,0.5,4240.850077
2026-05-06T12:00:00+00:00,15608.75,15621.15,15608.75,15621,15608.5,15609,15620.9,15621.4,15608.5,15609,15620.8,15621.2,0.4,3985.350074
2026-05-06T12:10:00+00:00,15621.4,15630.75,15620.5,15622.3,15621.2,15621.6,15630.6,15630.9,15620.2,15620.8,15622,15622.6,0.6,6048.100113
2026-05-06T12:20:00+00:00,15622.25,15623.7,15611.3,15618.4,15622.1,15622.4,15623.4,15624,15611.1,15611.5,15618.2,15618.6,0.4,5248.09008
2026-05-06T12:30:00+00:00,15618.35,15618.85,15612.1,15616,15618.2,15618.5,15618.4,15619.3,15612,15612.2,15615.8,15616.2,0.4,2981.680057
2026-05-06T12:40:00+00:00,15616.1,15618.55,15612.45,15615.75,15615.9,15616.3,15618.4,15618.7,15612.1,15612.8,15615.5,15616,0.5,3166.910059
2026-05-06T12:50:00+00:00,15615.65,15628.8,15612.85,15628.3,15615.3,15616,15628.5,15629.1,15612.6,15613.1,15627.9,15628.7,0.8,3523.460068
2026-05-06T13:00:00+00:00,15628.6,15631.8,15616.25,15629.2,15628.4,15628.8,15631.4,15632.2,15615.9,15616.6,15629,15629.4,0.4,6933.310111
2026-05-06T13:10:00+00:00,15629.15,15629.55,15619.55,15623.6,15629,15629.3,15629.3,15629.8,15619.3,15619.8,15623.3,15623.9,0.6,4136.60007
2026-05-06T13:20:00+00:00,15624,15627.3,15620.65,15624.05,15623.9,15624.1,15627.1,15627.5,15620.4,15620.9,15623.8,15624.3,0.5,3375.390061
2026-05-06T13:30:00+00:00,15624.15,15624.65,15608.7,15612.95,15623.9,15624.4,15624.4,15624.9,15608.4,15609,15612.7,15613.2,0.5,5039.290088
2026-05-06T13:40:00+00:00,15613.05,15614.2,15605.7,15606.6,15612.8,15613.3,15614,15614.4,15605.4,15606,15606.3,15606.9,0.6,3012.290054
2026-05-06T13:50:00+00:00,15606.7,15617.2,15606.6,15611.8,15606.4,15607,15616.9,15617.5,15606.2,15607,15611.7,15611.9,0.2,4605.170077
2026-05-06T14:00:00+00:00,15611.95,15623.85,15611.7,15616.55,15611.8,15612.1,15623.6,15624.1,15611.4,15612,15616.3,15616.8,0.5,4035.110063
2026-05-06T14:10:00+00:00,15616.65,15622.35,15614.95,15617.85,15616.4,15616.9,15622.1,15622.6,15614.7,15615.2,15617.7,15618,0.3,3747.660071
2026-05-06T14:20:00+00:00,15617.9,15622.3,15613.5,15621.05,15617.7,15618.1,15622.1,15622.5,15613.3,15613.7,15620.8,15621.3,0.5,3199.340056
2026-05-06T14:30:00+00:00,15621,15621.35,15616.15,15617.4,15620.8,15621.2,15621.2,15621.5,15615.9,15616.4,15617.1,15617.7,0.6,3520.570054
2026-05-06T14:40:00+00:00,15617.35,15621.3,15605,15612.25,15617.2,15617.5,15621.1,15621.5,15604.7,15605.3,15611.9,15612.6,0.7,5070.110082
2026-05-06T14:50:00+00:00,15612.2,15629.7,15612.1,15628.2,15612,15612.4,15629.4,15630,15611.9,15612.3,15627.9,15628.5,0.6,4844.210077
2026-05-06T15:00:00+00:00,15628.4,15643.5,15628.05,15640.7,15628.1,15628.7,15643.2,15643.8,15627.8,15628.3,15640.4,15641,0.6,4494.380075
2026-05-06T15:10:00+00:00,15640.75,15645.85,15635.05,15639.15,15640.5,15641,15645.7,15646,15634.7,15635.4,15639,15639.3,0.3,3541.850067
2026-05-06T15:20:00+00:00,15639.15,15639.15,15629.15,15631.05,15639,15639.3,15639,15639.3,15628.9,15629.4,15630.8,15631.3,0.5,2584.210044
2026-05-06T15:30:00+00:00,15630.75,15633.55,15627.15,15631.85,15630.5,15631,15633.4,15633.7,15626.9,15627.4,15631.6,15632.1,0.5,2978.240047
2026-05-06T15:40:00+00:00,15631.95,15638,15630.8,15633.4,15631.7,15632.2,15637.8,15638.2,15630.6,15631,15633.1,15633.7,0.6,2617.170045
2026-05-06T15:50:00+00:00,15633.35,15644.2,15632.45,15643.9,15633,15633.7,15644,15644.4,15632.2,15632.7,15643.7,15644.1,0.4,3365.740065
2026-05-06T16:00:00+00:00,15643.95,15648.9,15643.9,15646,15643.8,15644.1,15648.6,15649.2,15643.7,15644.1,15645.8,15646.2,0.4,2484.130055
2026-05-06T16:10:00+00:00,15646.05,15646.5,15641.55,15644.95,15645.8,15646.3,15646.3,15646.7,15641.2,15641.9,15644.8,15645.1,0.3,1906.550044
2026-05-06T16:20:00+00:00,15645.05,15645.55,15640.25,15644.65,15644.8,15645.3,15645.3,15645.8,15639.8,15640.7,15644.3,15645,0.7,1899.730036
2026-05-06T16:30:00+00:00,15644.8,15647.5,15641.85,15644.1,15644.6,15645,15647.2,15647.8,15641.6,15642.1,15643.8,15644.4,0.6,2009.680039
2026-05-06T16:40:00+00:00,15644.1,15646.35,15643.05,15644.35,15643.8,15644.4,15646.1,15646.6,15642.8,15643.3,15644.1,15644.6,0.5,1469.210023
2026-05-06T16:50:00+00:00,15644.3,15647.15,15636.65,15643,15644,15644.6,15646.9,15647.4,15636.4,15636.9,15642.8,15643.2,0.4,3155.330054
2026-05-06T17:00:00+00:00,15643.4,15646.3,15635.65,15639.2,15643.2,15643.6,15646,15646.6,15635.4,15635.9,15639,15639.4,0.4,2982.320063
2026-05-06T17:10:00+00:00,15639.35,15644.3,15638.05,15642.85,15639.1,15639.6,15644,15644.6,15637.8,15638.3,15642.6,15643.1,0.5,1176.690024
2026-05-06T17:20:00+00:00,15642.75,15643.1,15638.35,15641.65,15642.6,15642.9,15642.8,15643.4,15638.1,15638.6,15641.4,15641.9,0.5,1846.960031
2026-05-06T17:30:00+00:00,15641.55,15650.15,15639.8,15649.5,15641.3,15641.8,15649.9,15650.4,15639.5,15640.1,15649.3,15649.7,0.4,1775.520031
2026-05-06T17:40:00+00:00,15649.45,15649.95,15646.8,15649.7,15649.2,15649.7,15649.7,15650.2,15646.5,15647.1,15649.4,15650,0.6,1734.640035
2026-05-06T17:50:00+00:00,15649.65,15651.55,15648.7,15648.95,15649.4,15649.9,15651.4,15651.7,15648.6,15648.8,15648.7,15649.2,0.5,1226.840025
2026-05-06T18:00:00+00:00,15648.9,15649,15642.2,15645,15648.6,15649.2,15648.8,15649.2,15641.9,15642.5,15644.7,15645.3,0.6,1464.570025
2026-05-06T18:10:00+00:00,15645.15,15646.15,15638.95,15639.5,15644.9,15645.4,15645.8,15646.5,15638.7,15639.2,15639.2,15639.8,0.6,1769.900027
2026-05-06T18:20:00+00:00,15639.25,15647.45,15638,15646.65,15639,15639.5,15647.2,15647.7,15637.7,15638.3,15646.4,15646.9,0.5,1705.080031
2026-05-06T18:30:00+00:00,15646.6,15647.9,15644.3,15645.15,15646.4,15646.8,15647.7,15648.1,15644,15644.6,15644.9,15645.4,0.5,1455.05002
2026-05-06T18:40:00+00:00,15645.05,15646.85,15643.05,15643.1,15644.8,15645.3,15646.8,15646.9,15642.8,15643.3,15642.9,15643.3,0.4,820.2200155
2026-05-06T18:50:00+00:00,15643.95,15645.35,15635.85,15640.3,15643.8,15644.1,15645.1,15645.6,15635.6,15636.1,15640.1,15640.5,0.4,1997.970032
2026-05-06T19:00:00+00:00,15640.55,15643.9,15637.75,15638.5,15640.3,15640.8,15643.7,15644.1,15637.5,15638,15638.2,15638.8,0.6,2259.280038
2026-05-06T19:10:00+00:00,15638.45,15639.65,15636.25,15638,15638.2,15638.7,15639.4,15639.9,15636,15636.5,15637.7,15638.3,0.6,1651.860025
2026-05-06T19:20:00+00:00,15637.95,15639.15,15635.25,15639.15,15637.7,15638.2,15638.9,15639.4,15635,15635.5,15638.9,15639.4,0.5,1253.380018
2026-05-06T19:30:00+00:00,15639.25,15643.45,15637.75,15637.9,15639,15639.5,15643.2,15643.7,15637.5,15638,15637.7,15638.1,0.4,1208.710018
2026-05-06T19:40:00+00:00,15637.95,15642.3,15637.2,15641.65,15637.7,15638.2,15642,15642.6,15636.9,15637.5,15641.4,15641.9,0.5,1254.990021
2026-05-06T19:50:00+00:00,15641.55,15642,15637.15,15642,15641.2,15641.9,15641.8,15642.2,15636.9,15637.4,15641.8,15642.2,0.4,1889.27003
2026-05-06T20:00:00+00:00,15641.8,15645.7,15636.3,15639.4,15641.6,15642,15645.5,15645.9,15636,15636.6,15639.1,15639.7,0.6,2325.680048
2026-05-06T20:10:00+00:00,15639.15,15639.3,15629.65,15637.6,15638.9,15639.4,15639,15639.6,15629.2,15630.1,15637.2,15638,0.8,2079.260041
2026-05-06T20:20:00+00:00,15637.45,15638.1,15631.3,15635.95,15637,15637.9,15637.8,15638.4,15631,15631.6,15635.6,15636.3,0.7,1237.140025
2026-05-06T20:30:00+00:00,15636,15640.3,15635.6,15637.5,15635.7,15636.3,15639.9,15640.7,15635.2,15636,15637.1,15637.9,0.8,773.3700199
2026-05-06T20:40:00+00:00,15637.35,15643.15,15637.15,15641.65,15636.9,15637.8,15642.7,15643.6,15636.8,15637.5,15641.1,15642.2,1.1,834.900021
2026-05-06T20:50:00+00:00,15641.6,15642.8,15636.95,15638.35,15641,15642.2,15642.1,15643.5,15635.4,15638.5,15635.4,15641.3,5.9,1492.200027
2026-05-06T21:00:00+00:00,15638.9,15638.9,15627.05,15631.9,15632.3,15645.5,15632.3,15645.5,15623.7,15630.4,15627,15636.8,9.8,172.5400023
2026-05-06T21:10:00+00:00,15631.85,15634.2,15629.85,15634.2,15627,15636.7,15630.7,15637.7,15625.5,15634.2,15630.7,15637.7,7,123.5700023
2026-05-06T21:20:00+00:00,15634.25,15634.65,15631.25,15632.4,15630.6,15637.9,15630.8,15638.5,15627.1,15635.4,15629.2,15635.6,6.4,110.8500017
2026-05-06T21:30:00+00:00,15632.3,15634.55,15630.5,15631.9,15629.3,15635.3,15630.6,15638.5,15627.5,15633.5,15628.5,15635.3,6.8,101.4000015
2026-05-06T21:40:00+00:00,15631.6,15633.35,15630.95,15632.25,15628.1,15635.1,15630.9,15635.8,15627.8,15634.1,15629.9,15634.6,4.7,312.1500045
2026-05-06T21:50:00+00:00,15632.2,15633.3,15624.4,15625.3,15629.9,15634.5,15631.7,15634.9,15622.5,15626.3,15623.8,15626.8,3,318.7500035
2026-05-06T22:00:00+00:00,15625.45,15636.3,15624.1,15636.3,15623.8,15627.1,15635.9,15636.7,15621.9,15626.3,15635.9,15636.7,0.8,530.2500012
2026-05-06T22:10:00+00:00,15636.25,15636.6,15631.6,15632.75,15635.9,15636.6,15636.2,15637,15631.2,15632,15632.4,15633.1,0.7,254.3400077
2026-05-06T22:20:00+00:00,15632.8,15637.35,15631.55,15636.85,15632.5,15633.1,15636.9,15637.8,15631.1,15632,15636.5,15637.2,0.7,193.3500068
2026-05-06T22:30:00+00:00,15636.8,15638.25,15633.9,15635.4,15636.4,15637.2,15637.9,15638.6,15633.5,15634.3,15635,15635.8,0.8,1100.040027
2026-05-06T22:40:00+00:00,15635.45,15636.7,15631.3,15632.9,15635.1,15635.8,15636.3,15637.1,15631.1,15631.5,15632.5,15633.3,0.8,698.0900135
2026-05-06T22:50:00+00:00,15632.95,15635.65,15632.85,15634.05,15632.5,15633.4,15635.2,15636.1,15632.4,15633.3,15633.6,15634.5,0.9,475.6500094
2026-05-06T23:00:00+00:00,15634.2,15634.3,15628.1,15634.1,15633.6,15634.8,15633.8,15634.8,15627.8,15628.4,15633.8,15634.4,0.6,808.0300202
2026-05-06T23:10:00+00:00,15634.2,15641.9,15634.2,15641.75,15633.9,15634.5,15641.6,15642.2,15633.9,15634.5,15641.4,15642.1,0.7,538.2100123
2026-05-06T23:20:00+00:00,15641.8,15644.75,15641.75,15642.7,15641.5,15642.1,15644.5,15645,15641.4,15642.1,15642.5,15642.9,0.4,449.9300075
2026-05-06T23:30:00+00:00,15642.5,15644.3,15641.15,15642.5,15642.1,15642.9,15643.9,15644.7,15640.9,15641.4,15642.2,15642.8,0.6,499.3500137
2026-05-06T23:40:00+00:00,15642.5,15644.15,15640.95,15642.5,15642.2,15642.8,15643.9,15644.4,15640.6,15641.3,15641.9,15643.1,1.2,716.2400177
2026-05-06T23:50:00+00:00,15642.45,15652.65,15642.4,15652.3,15641.9,15643,15652.4,15652.9,15641.9,15642.9,15652,15652.6,0.6,1577.950024
2026-05-07T00:00:00+00:00,15652.5,15652.75,15637.55,15639.8,15652.2,15652.8,15652.5,15653,15637.3,15637.8,15639.5,15640.1,0.6,4668.220061
2026-05-07T00:10:00+00:00,15639.9,15642.15,15621.95,15635.5,15639.5,15640.3,15641.9,15642.4,15621.7,15622.2,15635.2,15635.8,0.6,5241.790079
2026-05-07T00:20:00+00:00,15635.45,15645.9,15634.3,15643.15,15635.2,15635.7,15645.5,15646.3,15634.1,15634.5,15642.9,15643.4,0.5,2990.330063
2026-05-07T00:30:00+00:00,15643.1,15645.7,15639.6,15640.95,15642.8,15643.4,15645.4,15646,15639.3,15639.9,15640.5,15641.4,0.9,2461.010045
2026-05-07T00:40:00+00:00,15640.9,15649.45,15638.4,15639.85,15640.6,15641.2,15649.1,15649.8,15638.3,15638.5,15639.5,15640.2,0.7,2532.760031
2026-05-07T00:50:00+00:00,15639.75,15641.3,15629.4,15632.35,15639.5,15640,15640.9,15641.7,15629.1,15629.7,15632.1,15632.6,0.5,5022.21008
2026-05-07T01:00:00+00:00,15632.2,15635.5,15627.95,15629,15631.9,15632.5,15635.2,15635.8,15627.7,15628.2,15628.7,15629.3,0.6,3255.040057
2026-05-07T01:10:00+00:00,15628.95,15628.95,15610.05,15615.25,15628.7,15629.2,15628.7,15629.2,15609.8,15610.3,15614.9,15615.6,0.7,4389.690067
2026-05-07T01:20:00+00:00,15615.35,15618.8,15613.35,15615.6,15615,15615.7,15618.6,15619,15613.1,15613.6,15615.3,15615.9,0.6,2267.270044
2026-05-07T01:30:00+00:00,15615.55,15618.55,15606.85,15608.5,15615.2,15615.9,15618.2,15618.9,15606.5,15607.2,15608.2,15608.8,0.6,3019.840049
2026-05-07T01:40:00+00:00,15608.45,15614.6,15602.2,15613.2,15608.2,15608.7,15614.2,15615,15601.9,15602.5,15612.9,15613.5,0.6,2623.16004
2026-05-07T01:50:00+00:00,15613.15,15622.65,15608.25,15622,15612.9,15613.4,15622.4,15622.9,15608,15608.5,15621.6,15622.4,0.8,2336.89005
2026-05-07T02:00:00+00:00,15622.2,15624.75,15615.3,15624,15621.9,15622.5,15624.4,15625.1,15615,15615.6,15623.8,15624.2,0.4,2218.780038
2026-05-07T02:10:00+00:00,15624.15,15628.45,15622.65,15626.25,15623.9,15624.4,15628.2,15628.7,15622.2,15623.1,15626,15626.5,0.5,1747.100027
2026-05-07T02:20:00+00:00,15626.15,15628.5,15623.2,15625,15626,15626.3,15628.3,15628.7,15623,15623.4,15624.7,15625.3,0.6,1371.400025
2026-05-07T02:30:00+00:00,15624.9,15626.65,15621.25,15624.9,15624.6,15625.2,15626.5,15626.8,15620.9,15621.6,15624.6,15625.2,0.6,1420.040032
2026-05-07T02:40:00+00:00,15624.8,15627.25,15623.75,15626.1,15624.5,15625.1,15627,15627.5,15623.5,15624,15625.8,15626.4,0.6,1304.070022
2026-05-07T02:50:00+00:00,15626.2,15635.15,15624.95,15633.85,15625.9,15626.5,15634.9,15635.4,15624.6,15625.3,15633.6,15634.1,0.5,2140.700043
2026-05-07T03:00:00+00:00,15633.9,15636.85,15631.6,15632.65,15633.6,15634.2,15636.7,15637,15631.4,15631.8,15632.5,15632.8,0.3,1408.940031
2026-05-07T03:10:00+00:00,15632.75,15635.25,15632.35,15632.85,15632.6,15632.9,15635,15635.5,15632,15632.7,15632.6,15633.1,0.5,949.0400239
2026-05-07T03:20:00+00:00,15632.75,15636,15632,15633.8,15632.6,15632.9,15635.6,15636.4,15631.7,15632.3,15633.6,15634,0.4,1381.570023
2026-05-07T03:30:00+00:00,15633.65,15636.05,15630.95,15634.25,15633.4,15633.9,15635.7,15636.4,15630.6,15631.3,15633.9,15634.6,0.7,1501.980025
2026-05-07T03:40:00+00:00,15634.25,15637.8,15632.5,15637.25,15633.8,15634.7,15637.6,15638,15632.1,15632.9,15637,15637.5,0.5,1119.210019
2026-05-07T03:50:00+00:00,15637.3,15643.85,15635.85,15641.8,15637,15637.6,15643.8,15643.9,15635.6,15636.1,15641.5,15642.1,0.6,1311.610027
2026-05-07T04:00:00+00:00,15642,15642.25,15637.6,15638.15,15641.7,15642.3,15642,15642.5,15637.4,15637.8,15637.7,15638.6,0.9,1374.080022
2026-05-07T04:10:00+00:00,15638.2,15640.15,15632,15635.1,15637.8,15638.6,15640,15640.3,15631.8,15632.2,15634.8,15635.4,0.6,2723.100045
2026-05-07T04:20:00+00:00,15635.6,15637.4,15632.55,15635.8,15635.5,15635.7,15637.2,15637.6,15632.2,15632.9,15635.6,15636,0.4,612.3800135
2026-05-07T04:30:00+00:00,15635.85,15636.25,15631.9,15632.15,15635.5,15636.2,15636,15636.5,15631.7,15632.1,15632,15632.3,0.3,646.8700136
2026-05-07T04:40:00+00:00,15632.1,15637.55,15630.95,15631,15632,15632.2,15637.3,15637.8,15630.7,15631.2,15630.8,15631.2,0.4,886.5300184
2026-05-07T04:50:00+00:00,15631.1,15638.9,15631,15635.85,15630.9,15631.3,15638.6,15639.2,15630.8,15631.2,15635.6,15636.1,0.5,1595.120031
2026-05-07T05:00:00+00:00,15635.75,15636.6,15630.4,15633.75,15635.5,15636,15636.3,15636.9,15630.2,15630.6,15633.5,15634,0.5,1550.010025
2026-05-07T05:10:00+00:00,15633.8,15637.4,15632.45,15636.3,15633.5,15634.1,15637.1,15637.7,15632.2,15632.7,15636,15636.6,0.6,997.9800131
2026-05-07T05:20:00+00:00,15636.8,15639.8,15634.9,15638.75,15636.6,15637,15639.6,15640,15634.5,15635.3,15638.5,15639,0.5,1483.500025
2026-05-07T05:30:00+00:00,15638.9,15639.75,15633.8,15635.6,15638.6,15639.2,15639.5,15640,15633.6,15634,15635.3,15635.9,0.6,1620.330025
2026-05-07T05:40:00+00:00,15635.65,15637.55,15632.75,15634.8,15635.4,15635.9,15637.2,15637.9,15632.4,15633.1,15634.5,15635.1,0.6,1434.920022
2026-05-07T05:50:00+00:00,15635.05,15638.75,15633.9,15637.6,15634.8,15635.3,15638.5,15639,15633.6,15634.2,15637.3,15637.9,0.6,1284.000016
2026-05-07T06:00:00+00:00,15637.2,15640.35,15635.05,15638.45,15637,15637.4,15640.2,15640.5,15634.8,15635.3,15638.2,15638.7,0.5,1884.080015
2026-05-07T06:10:00+00:00,15638.4,15640.95,15636.25,15637.6,15638.1,15638.7,15640.7,15641.2,15636,15636.5,15637.3,15637.9,0.6,1838.220015
2026-05-07T06:20:00+00:00,15637.6,15641.3,15635.65,15638.75,15637.3,15637.9,15641.1,15641.5,15635.5,15635.8,15638.4,15639.1,0.7,1917.630015
2026-05-07T06:30:00+00:00,15638.8,15640.3,15627.4,15632.25,15638.6,15639,15640.1,15640.5,15627.3,15627.5,15631.9,15632.6,0.7,3017.860035
2026-05-07T06:40:00+00:00,15632.2,15632.65,15610.7,15628.95,15632,15632.4,15632.4,15632.9,15610.5,15610.9,15628.7,15629.2,0.5,4989.22007
2026-05-07T06:50:00+00:00,15629.05,15632.4,15625.85,15628.95,15628.8,15629.3,15632.1,15632.7,15625.6,15626.1,15628.7,15629.2,0.5,2460.87005
2026-05-07T07:00:00+00:00,15629,15629.45,15604.95,15610.25,15628.8,15629.2,15629.2,15629.7,15604.7,15605.2,15610,15610.5,0.5,5034.750077
2026-05-07T07:10:00+00:00,15610.35,15617.2,15602.3,15616.55,15610.1,15610.6,15617,15617.4,15602.1,15602.5,15616.3,15616.8,0.5,5521.440086
2026-05-07T07:20:00+00:00,15616.6,15618.1,15610.9,15614.6,15616.3,15616.9,15617.8,15618.4,15610.7,15611.1,15614.4,15614.8,0.4,3975.010049
2026-05-07T07:30:00+00:00,15614.75,15624.3,15613.65,15622.05,15614.5,15615,15624,15624.6,15613.4,15613.9,15621.8,15622.3,0.5,3294.150043
2026-05-07T07:40:00+00:00,15622.1,15627.5,15619.4,15625.3,15621.9,15622.3,15627.3,15627.7,15619.2,15619.6,15625.1,15625.5,0.4,2104.530046
2026-05-07T07:50:00+00:00,15625.35,15627,15621.2,15626.45,15625.2,15625.5,15626.8,15627.2,15621,15621.4,15626.2,15626.7,0.5,2256.550036
2026-05-07T08:00:00+00:00,15626.4,15629.15,15622.8,15627.55,15626.2,15626.6,15629,15629.3,15622.5,15623.1,15627.2,15627.9,0.7,3391.390039
2026-05-07T08:10:00+00:00,15627.65,15630.15,15624.2,15624.85,15627.3,15628,15629.9,15630.4,15623.9,15624.5,15624.6,15625.1,0.5,2915.550044
2026-05-07T08:20:00+00:00,15624.9,15629.9,15621.25,15621.7,15624.7,15625.1,15629.5,15630.3,15621,15621.5,15621.4,15622,0.6,3273.340041
2026-05-07T08:30:00+00:00,15621.4,15626.85,15618.65,15625.95,15621.1,15621.7,15626.7,15627,15618.4,15618.9,15625.8,15626.1,0.3,2992.700026
2026-05-07T08:40:00+00:00,15625.9,15630.75,15624.85,15628.85,15625.7,15626.1,15630.5,15631,15624.6,15625.1,15628.7,15629,0.3,2463.52002
2026-05-07T08:50:00+00:00,15628.8,15634.05,15626.65,15632.75,15628.7,15628.9,15633.8,15634.3,15626.5,15626.8,15632.5,15633,0.5,2109.180021
2026-05-07T09:00:00+00:00,15632.8,15640.7,15632.65,15637.1,15632.6,15633,15640.4,15641,15632.4,15632.9,15636.8,15637.4,0.6,2358.53004
2026-05-07T09:10:00+00:00,15637.1,15640.05,15635.5,15638.9,15636.9,15637.3,15639.8,15640.3,15635.3,15635.7,15638.6,15639.2,0.6,2111.870024
2026-05-07T09:20:00+00:00,15639.15,15641.95,15638.25,15639.75,15639,15639.3,15641.7,15642.2,15638,15638.5,15639.6,15639.9,0.3,1532.440027
2026-05-07T09:30:00+00:00,15639.6,15641.3,15634,15634.25,15639.4,15639.8,15641,15641.6,15633.8,15634.2,15634.1,15634.4,0.3,2160.20003
2026-05-07T09:40:00+00:00,15634.4,15635.15,15630.45,15634.4,15634.2,15634.6,15635,15635.3,15630.2,15630.7,15634.2,15634.6,0.4,1289.910017
2026-05-07T09:50:00+00:00,15634.3,15639.7,15632.6,15637.55,15634.1,15634.5,15639.5,15639.9,15632.4,15632.8,15637.5,15637.6,0.1,1303.990029
2026-05-07T10:00:00+00:00,15637.6,15639.65,15634.7,15636.4,15637.5,15637.7,15639.4,15639.9,15634.4,15635,15636.2,15636.6,0.4,1428.320026
2026-05-07T10:10:00+00:00,15636.55,15639.8,15636.5,15638.6,15636.4,15636.7,15639.5,15640.1,15636.3,15636.7,15638.4,15638.8,0.4,1392.380024
2026-05-07T10:20:00+00:00,15638.55,15638.8,15628.9,15632,15638.4,15638.7,15638.6,15639,15628.7,15629.1,15631.7,15632.3,0.6,1396.710022
2026-05-07T10:30:00+00:00,15631.9,15636.7,15630.75,15635.25,15631.6,15632.2,15636.5,15636.9,15630.5,15631,15635.1,15635.4,0.3,2032.300015
2026-05-07T10:40:00+00:00,15635.2,15639.3,15634.1,15639.25,15635,15635.4,15639,15639.6,15633.8,15634.4,15639,15639.5,0.5,2731.050011
2026-05-07T10:50:00+00:00,15639.4,15640.25,15637.05,15639.9,15639.2,15639.6,15640,15640.5,15637,15637.1,15639.7,15640.1,0.4,1915.600021
2026-05-07T11:00:00+00:00,15639.5,15640.2,15635.65,15636.55,15639.4,15639.6,15639.9,15640.5,15635.3,15636,15636.3,15636.8,0.5,1756.19003
2026-05-07T11:10:00+00:00,15636.5,15640.35,15636.25,15639.05,15636.3,15636.7,15640.1,15640.6,15636,15636.5,15638.8,15639.3,0.5,1499.310027
2026-05-07T11:20:00+00:00,15639.3,15639.75,15634.85,15636.9,15639.2,15639.4,15639.5,15640,15634.6,15635.1,15636.6,15637.2,0.6,1607.330023
2026-05-07T11:30:00+00:00,15636.85,15638.75,15635.5,15636.75,15636.7,15637,15638.5,15639,15635.3,15635.7,15636.5,15637,0.5,1503.130019
2026-05-07T11:40:00+00:00,15636.65,15642.35,15636.15,15642.25,15636.4,15636.9,15642,15642.7,15636,15636.3,15642,15642.5,0.5,1185.710021
2026-05-07T11:50:00+00:00,15642.35,15647.5,15638.65,15640.5,15642.1,15642.6,15647.2,15647.8,15638.4,15638.9,15640.3,15640.7,0.4,2667.010035
2026-05-07T12:00:00+00:00,15640.35,15642.3,15636.3,15638.25,15640.2,15640.5,15642,15642.6,15636.2,15636.4,15638,15638.5,0.5,2441.800037
2026-05-07T12:10:00+00:00,15637.85,15639.15,15634.35,15638.2,15637.6,15638.1,15638.9,15639.4,15634.1,15634.6,15637.9,15638.5,0.6,1787.550025
2026-05-07T12:20:00+00:00,15637.85,15638.2,15631.1,15634.1,15637.6,15638.1,15638,15638.4,15630.9,15631.3,15633.3,15634.9,1.6,1864.330035
2026-05-07T12:30:00+00:00,15634.15,15636.55,15633.05,15635.45,15633.4,15634.9,15636.3,15636.8,15632.8,15633.3,15635.1,15635.8,0.7,1954.500035
2026-05-07T12:40:00+00:00,15635.4,15635.95,15625.65,15626.5,15635.2,15635.6,15635.8,15636.1,15625.5,15625.8,15626.3,15626.7,0.4,2319.630035
2026-05-07T12:50:00+00:00,15626.55,15629.65,15624.2,15628.7,15626.3,15626.8,15629.4,15629.9,15623.9,15624.5,15628.4,15629,0.6,2995.050041
2026-05-07T13:00:00+00:00,15628.7,15634.15,15628.7,15632.7,15628.4,15629,15633.9,15634.4,15628.4,15629,15632.4,15633,0.6,3894.730046
2026-05-07T13:10:00+00:00,15632.7,15636.65,15630.45,15630.55,15632.5,15632.9,15636.5,15636.8,15630.2,15630.7,15630.3,15630.8,0.5,2894.960031
2026-05-07T13:20:00+00:00,15630.45,15632.75,15625.4,15631.25,15630.2,15630.7,15632.5,15633,15625.2,15625.6,15631,15631.5,0.5,3155.600042
2026-05-07T13:30:00+00:00,15631.35,15637.1,15629.25,15635.7,15631.2,15631.5,15636.8,15637.4,15629,15629.5,15635.4,15636,0.6,3910.600032
2026-05-07T13:40:00+00:00,15635.55,15640.85,15630.5,15637.25,15635.4,15635.7,15640.7,15641,15630.3,15630.7,15637,15637.5,0.5,3022.610053
2026-05-07T13:50:00+00:00,15637.35,15639.25,15633.6,15634.15,15637.1,15637.6,15639,15639.5,15633.4,15633.8,15633.9,15634.4,0.5,2763.800046
2026-05-07T14:00:00+00:00,15634.35,15640.3,15633.8,15636.95,15634.3,15634.4,15640.1,15640.5,15633.6,15634,15636.7,15637.2,0.5,3230.810064
2026-05-07T14:10:00+00:00,15636.9,15640.5,15633.85,15637.45,15636.7,15637.1,15640.2,15640.8,15633.6,15634.1,15637.2,15637.7,0.5,2456.260038
2026-05-07T14:20:00+00:00,15637.25,15637.25,15634.1,15635.35,15637,15637.5,15637,15637.5,15633.9,15634.3,15635.1,15635.6,0.5,2004.090028
2026-05-07T14:30:00+00:00,15635.2,15640.45,15634.6,15638.8,15635,15635.4,15640.2,15640.7,15634.4,15634.8,15638.5,15639.1,0.6,1956.160034
2026-05-07T14:40:00+00:00,15638.7,15640.2,15635.55,15635.6,15638.5,15638.9,15639.9,15640.5,15635.3,15635.8,15635.3,15635.9,0.6,1686.460031
2026-05-07T14:50:00+00:00,15635.6,15635.8,15617.1,15625.5,15635.3,15635.9,15635.5,15636.1,15616.8,15617.4,15625.3,15625.7,0.4,4270.00006
2026-05-07T15:00:00+00:00,15625.4,15632.9,15624.8,15631.35,15625.3,15625.5,15632.7,15633.1,15624.7,15624.9,15631.1,15631.6,0.5,2686.030042
2026-05-07T15:10:00+00:00,15631.25,15637.4,15629,15636.1,15631.1,15631.4,15637.1,15637.7,15628.9,15629.1,15635.9,15636.3,0.4,2396.950039
2026-05-07T15:20:00+00:00,15636.2,15647.3,15635,15644.7,15636,15636.4,15647.1,15647.5,15634.8,15635.2,15644.4,15645,0.6,4026.110062
2026-05-07T15:30:00+00:00,15644.3,15645.85,15640.4,15645.4,15644.1,15644.5,15645.7,15646,15640.3,15640.5,15645.2,15645.6,0.4,2466.810041
2026-05-07T15:40:00+00:00,15645.35,15649.75,15643.85,15648.9,15645.1,15645.6,15649.5,15650,15643.6,15644.1,15648.6,15649.2,0.6,1573.05003
2026-05-07T15:50:00+00:00,15648.9,15651.45,15647.1,15648.55,15648.5,15649.3,15651.2,15651.7,15646.9,15647.3,15648.4,15648.7,0.3,2168.250033
2026-05-07T16:00:00+00:00,15648.4,15657.45,15647.3,15655.7,15648.1,15648.7,15657.3,15657.6,15647.1,15647.5,15655.4,15656,0.6,3732.700063
2026-05-07T16:10:00+00:00,15655.55,15662.6,15653.3,15661.7,15655.4,15655.7,15662.4,15662.8,15653,15653.6,15661.5,15661.9,0.4,3782.110059
2026-05-07T16:20:00+00:00,15661.75,15661.8,15653.3,15657.6,15661.6,15661.9,15661.6,15662,15653.2,15653.4,15657.4,15657.8,0.4,2220.650043
2026-05-07T16:30:00+00:00,15657.7,15661.1,15656.05,15660.6,15657.5,15657.9,15660.9,15661.3,15655.9,15656.2,15660.4,15660.8,0.4,1424.900026
2026-05-07T16:40:00+00:00,15660.75,15662.45,15658.15,15661.65,15660.5,15661,15662.2,15662.7,15657.9,15658.4,15661.4,15661.9,0.5,1566.650025
2026-05-07T16:50:00+00:00,15661.6,15664.6,15658.9,15663.6,15661.4,15661.8,15664.4,15664.8,15658.7,15659.1,15663.3,15663.9,0.6,1528.110029
2026-05-07T17:00:00+00:00,15663.45,15668,15663.35,15666.4,15663.3,15663.6,15667.8,15668.2,15663.2,15663.5,15666.2,15666.6,0.4,1800.240035
2026-05-07T17:10:00+00:00,15666.5,15671.25,15664.55,15669.5,15666.3,15666.7,15671.1,15671.4,15664.4,15664.7,15669.4,15669.6,0.2,1393.330026
2026-05-07T17:20:00+00:00,15669.45,15675.8,15662.9,15675.5,15669.3,15669.6,15675.5,15676.1,15662.7,15663.1,15675.2,15675.8,0.6,4151.320074
2026-05-07T17:30:00+00:00,15675.55,15686.5,15671.9,15678.55,15675.2,15675.9,15686.3,15686.7,15671.6,15672.2,15678.4,15678.7,0.3,5180.710083
2026-05-07T17:40:00+00:00,15678.7,15679.95,15672.8,15674.8,15678.5,15678.9,15679.8,15680.1,15672.6,15673,15674.6,15675,0.4,2444.830047
2026-05-07T17:50:00+00:00,15675,15677.3,15663.2,15667,15674.7,15675.3,15677.1,15677.5,15663,15663.4,15666.7,15667.3,0.6,3785.520051
2026-05-07T18:00:00+00:00,15667.2,15667.55,15661,15665.85,15667,15667.4,15667.3,15667.8,15660.8,15661.2,15665.5,15666.2,0.7,2723.470053
2026-05-07T18:10:00+00:00,15666.05,15667.95,15665.1,15667.1,15665.8,15666.3,15667.8,15668.1,15665,15665.2,15666.8,15667.4,0.6,1535.530034
2026-05-07T18:20:00+00:00,15667.05,15669.8,15665.95,15669.05,15666.8,15667.3,15669.6,15670,15665.7,15666.2,15668.8,15669.3,0.5,2085.060042
2026-05-07T18:30:00+00:00,15668.75,15681.5,15668.4,15678.05,15668.5,15669,15681.3,15681.7,15668.1,15668.7,15677.7,15678.4,0.7,1777.420035
2026-05-07T18:40:00+00:00,15678.1,15686.65,15676.5,15683.8,15677.7,15678.5,15686.5,15686.8,15676.2,15676.8,15683.6,15684,0.4,3189.450058
2026-05-07T18:50:00+00:00,15683.85,15685.8,15673.15,15674.5,15683.7,15684,15685.6,15686,15672.9,15673.4,15674.3,15674.7,0.4,3011.660058
2026-05-07T19:00:00+00:00,15674.4,15677.55,15669.85,15671.4,15674.2,15674.6,15677.5,15677.6,15669.6,15670.1,15671.2,15671.6,0.4,2336.140047
2026-05-07T19:10:00+00:00,15671.55,15683.6,15669,15683,15671.4,15671.7,15683.3,15683.9,15668.9,15669.1,15682.7,15683.3,0.6,4499.570077
2026-05-07T19:20:00+00:00,15683.25,15685.4,15678.1,15679.6,15683.1,15683.4,15685.1,15685.7,15677.8,15678.4,15679.2,15680,0.8,3470.310056
2026-05-07T19:30:00+00:00,15679.5,15680.4,15670.45,15673.35,15679.2,15679.8,15680.1,15680.7,15670.2,15670.7,15673.1,15673.6,0.5,1706.180026
2026-05-07T19:40:00+00:00,15673.2,15679.4,15671.9,15678.55,15673,15673.4,15679.2,15679.6,15671.7,15672.1,15678.3,15678.8,0.5,1413.800026
2026-05-07T19:50:00+00:00,15678.5,15687.85,15675.65,15687.45,15678.3,15678.7,15687.6,15688.1,15675.5,15675.8,15687.4,15687.5,0.1,3190.890063
2026-05-07T20:00:00+00:00,15687.25,15688.1,15674.85,15682.7,15687,15687.5,15687.9,15688.3,15674.7,15675,15682.4,15683,0.6,3267.520063
2026-05-07T20:10:00+00:00,15682.55,15687,15680.9,15686.75,15682.3,15682.8,15686.8,15687.2,15680.7,15681.1,15686.5,15687,0.5,614.9400113
2026-05-07T20:20:00+00:00,15686.7,15687.7,15686.05,15687.7,15686.5,15686.9,15687.4,15688,15685.8,15686.3,15687.4,15688,0.6,658.6200091
2026-05-07T20:30:00+00:00,15687.6,15690.25,15685.05,15689.25,15687.2,15688,15690.1,15690.4,15684.8,15685.3,15688.9,15689.6,0.7,1888.510029
2026-05-07T20:40:00+00:00,15689.5,15695.7,15688.8,15691.6,15689.3,15689.7,15695.4,15696,15688.5,15689.1,15691.1,15692.1,1,1249.250026
2026-05-07T20:50:00+00:00,15691.55,15695.5,15689.1,15691.3,15691.1,15692,15694.9,15696.1,15687,15691.2,15687,15695.6,8.6,2428.530027
2026-05-07T21:00:00+00:00,15692.2,15692.8,15679.85,15688.25,15687,15697.4,15687,15698.6,15674.1,15685.6,15683,15693.5,10.5,128.480002
2026-05-07T21:10:00+00:00,15688.7,15690.55,15673.55,15680.05,15683.9,15693.5,15686.4,15694.7,15670.3,15676.8,15674.8,15685.3,10.5,655.409994
2026-05-07T21:20:00+00:00,15680.05,15687.85,15675.65,15686.35,15674.7,15685.4,15682,15693.7,15668.8,15682.5,15682,15690.7,8.7,338.3900017
2026-05-07T21:30:00+00:00,15684.4,15688,15677.65,15678.1,15678.1,15690.7,15682.6,15693.4,15672.8,15682.5,15673.7,15682.5,8.8,1143.600017
2026-05-07T21:40:00+00:00,15678.2,15690.65,15677,15689.85,15673.7,15682.7,15688.1,15693.2,15673.5,15680.5,15687.9,15691.8,3.9,629.4600131
2026-05-07T21:50:00+00:00,15689.65,15692.4,15679.6,15684.5,15687.9,15691.4,15690.7,15694.1,15679,15680.2,15682.1,15686.9,4.8,1640.530021
2026-05-07T22:00:00+00:00,15684.1,15695.8,15683.5,15691.45,15681.3,15686.9,15695.1,15696.5,15681.3,15685.7,15691,15691.9,0.9,1135.739995
2026-05-07T22:10:00+00:00,15691.55,15691.7,15685.6,15686.85,15691.1,15692,15691.3,15692.1,15685.3,15685.9,15686.4,15687.3,0.9,770.5500233
2026-05-07T22:20:00+00:00,15687.4,15688.9,15684.5,15687.65,15687.1,15687.7,15688.5,15689.3,15684.2,15684.8,15687.3,15688,0.7,1084.780031
2026-05-07T22:30:00+00:00,15687.55,15692.95,15687.4,15689.75,15687.2,15687.9,15692.7,15693.2,15687,15687.8,15689.4,15690.1,0.7,1282.110032
2026-05-07T22:40:00+00:00,15689.8,15691.25,15688.75,15690.4,15689.4,15690.2,15690.9,15691.6,15688.3,15689.2,15690,15690.8,0.8,1057.810015
2026-05-07T22:50:00+00:00,15690.35,15690.95,15686.1,15689.15,15690,15690.7,15690.6,15691.3,15685.6,15686.6,15688.6,15689.7,1.1,566.240009
2026-05-07T23:00:00+00:00,15689.2,15690.3,15687.4,15689,15688.6,15689.8,15690,15690.6,15687,15687.8,15688.6,15689.4,0.8,506.8500092
2026-05-07T23:10:00+00:00,15688.95,15690.2,15686.2,15690.15,15688.6,15689.3,15689.9,15690.5,15685.8,15686.6,15689.8,15690.5,0.7,641.8500117
2026-05-07T23:20:00+00:00,15690.1,15691.8,15689.8,15691.4,15689.7,15690.5,15691.5,15692.1,15689.5,15690.1,15691,15691.8,0.8,380.0100065
2026-05-07T23:30:00+00:00,15691.2,15691.6,15688.5,15688.8,15690.9,15691.5,15691.2,15692,15688.2,15688.8,15688.5,15689.1,0.6,327.150008
2026-05-07T23:40:00+00:00,15688.85,15689.15,15684.05,15684.1,15688.6,15689.1,15688.9,15689.4,15683.8,15684.3,15683.9,15684.3,0.4,307.350005
2026-05-07T23:50:00+00:00,15684.05,15685.15,15682.65,15685.1,15683.7,15684.4,15684.8,15685.5,15682.4,15682.9,15684.8,15685.4,0.6,800.8200169
2026-05-08T00:00:00+00:00,15685.8,15690.15,15681.45,15684.45,15685.7,15685.9,15689.9,15690.4,15681.2,15681.7,15684.3,15684.6,0.3,3663.860066
2026-05-08T00:10:00+00:00,15684.5,15692.1,15683.45,15690.5,15684.4,15684.6,15692,15692.2,15683.2,15683.7,15690.2,15690.8,0.6,2138.15004
2026-05-08T00:20:00+00:00,15690.5,15691.65,15685,15686.5,15690.1,15690.9,15691.4,15691.9,15684.7,15685.3,15686.1,15686.9,0.8,1816.040028
2026-05-08T00:30:00+00:00,15686.6,15692.1,15686.3,15690.75,15686.3,15686.9,15691.9,15692.3,15686,15686.6,15690.5,15691,0.5,1715.210032
2026-05-08T00:40:00+00:00,15690.7,15692.6,15689,15690.1,15690.4,15691,15692.3,15692.9,15688.7,15689.3,15689.9,15690.3,0.4,1276.690027
2026-05-08T00:50:00+00:00,15690.05,15699.25,15688.2,15697.2,15689.9,15690.2,15699,15699.5,15688,15688.4,15696.9,15697.5,0.6,3318.000064
2026-05-08T01:00:00+00:00,15697.05,15697.65,15692.65,15694,15696.9,15697.2,15697.4,15697.9,15692.4,15692.9,15693.8,15694.2,0.4,2546.050037
2026-05-08T01:10:00+00:00,15694.7,15695.05,15687.5,15688.85,15694.6,15694.8,15694.8,15695.3,15687.4,15687.6,15688.6,15689.1,0.5,1827.500033
2026-05-08T01:20:00+00:00,15688.95,15690.4,15686.55,15690.25,15688.7,15689.2,15690.2,15690.6,15686.4,15686.7,15690,15690.5,0.5,1206.230026
2026-05-08T01:30:00+00:00,15690.05,15690.95,15685.3,15689.05,15689.8,15690.3,15690.8,15691.1,15685.1,15685.5,15688.8,15689.3,0.5,1080.770024
2026-05-08T01:40:00+00:00,15689.15,15692.5,15688.45,15689.1,15688.9,15689.4,15692.3,15692.7,15688.1,15688.8,15688.9,15689.3,0.4,795.0000165
2026-05-08T01:50:00+00:00,15689.05,15691.65,15688.25,15690.55,15688.7,15689.4,15691.4,15691.9,15688,15688.5,15690.2,15690.9,0.7,873.3900169
2026-05-08T02:00:00+00:00,15690.55,15695.6,15690.3,15693.55,15690.3,15690.8,15695.4,15695.8,15690,15690.6,15693.3,15693.8,0.5,1236.23002
2026-05-08T02:10:00+00:00,15693.6,15695.1,15690.15,15691.15,15693.3,15693.9,15694.7,15695.5,15689.9,15690.4,15690.8,15691.5,0.7,1835.820029
2026-05-08T02:20:00+00:00,15691.1,15693.6,15688.7,15693.45,15690.8,15691.4,15693.4,15693.8,15688.4,15689,15693.2,15693.7,0.5,1153.510012
2026-05-08T02:30:00+00:00,15693.35,15695.95,15691.15,15694.25,15693.1,15693.6,15695.7,15696.2,15690.9,15691.4,15694,15694.5,0.5,1750.050029
2026-05-08T02:40:00+00:00,15694.35,15695,15688.35,15689.2,15693.9,15694.8,15694.7,15695.3,15688.1,15688.6,15688.9,15689.5,0.6,865.110014
2026-05-08T02:50:00+00:00,15688.75,15692.45,15687.55,15689.15,15688.5,15689,15692.1,15692.8,15687.2,15687.9,15689,15689.3,0.3,1412.200024
2026-05-08T03:00:00+00:00,15689.1,15689.8,15686.4,15686.75,15688.9,15689.3,15689.5,15690.1,15686.2,15686.6,15686.5,15687,0.5,1075.14002
2026-05-08T03:10:00+00:00,15686.7,15686.7,15683.4,15685.2,15686.4,15687,15686.4,15687,15683.1,15683.7,15685,15685.4,0.4,1215.940016
2026-05-08T03:20:00+00:00,15685.65,15686.7,15681.8,15685.1,15685.5,15685.8,15686.4,15687,15681.5,15682.1,15684.8,15685.4,0.6,678.5700092
2026-05-08T03:30:00+00:00,15685.2,15685.3,15677.05,15680.1,15684.9,15685.5,15685.1,15685.5,15676.8,15677.3,15679.8,15680.4,0.6,1378.410023
2026-05-08T03:40:00+00:00,15679.95,15682.7,15677.6,15681.9,15679.6,15680.3,15682.4,15683,15677.4,15677.8,15681.6,15682.2,0.6,768.5900106
2026-05-08T03:50:00+00:00,15681.95,15684.25,15681.7,15684,15681.7,15682.2,15684,15684.5,15681.4,15682,15683.7,15684.3,0.6,787.6500133
2026-05-08T04:00:00+00:00,15683.9,15688.05,15682.9,15685.65,15683.6,15684.2,15687.9,15688.2,15682.6,15683.2,15685.5,15685.8,0.3,947.3500099
2026-05-08T04:10:00+00:00,15685.9,15688.45,15684.2,15685.65,15685.7,15686.1,15688.2,15688.7,15683.9,15684.5,15685.4,15685.9,0.5,1073.810013
2026-05-08T04:20:00+00:00,15685.7,15688.8,15685.65,15686.85,15685.5,15685.9,15688.6,15689,15685.4,15685.9,15686.6,15687.1,0.5,1198.350014
2026-05-08T04:30:00+00:00,15686.7,15689.9,15686.15,15689,15686.5,15686.9,15689.7,15690.1,15686,15686.3,15688.7,15689.3,0.6,1041.120015
2026-05-08T04:40:00+00:00,15688.95,15690.2,15686.65,15687.65,15688.6,15689.3,15689.9,15690.5,15686.5,15686.8,15687.4,15687.9,0.5,912.8400155
2026-05-08T04:50:00+00:00,15687.95,15689.15,15684.55,15684.75,15687.7,15688.2,15688.9,15689.4,15684.3,15684.8,15684.4,15685.1,0.7,765.4600151
2026-05-08T05:00:00+00:00,15684.55,15687.95,15683.65,15685.8,15684.5,15684.6,15687.7,15688.2,15683.4,15683.9,15685.4,15686.2,0.8,917.0100163
2026-05-08T05:10:00+00:00,15685.9,15688.5,15685.15,15687.6,15685.5,15686.3,15688.3,15688.7,15684.9,15685.4,15687.4,15687.8,0.4,1210.660016
2026-05-08T05:20:00+00:00,15687.65,15687.75,15684.85,15685,15687.5,15687.8,15687.6,15687.9,15684.6,15685.1,15684.7,15685.3,0.6,844.0000137
2026-05-08T05:30:00+00:00,15685,15685.25,15681.55,15684.9,15684.7,15685.3,15685.1,15685.4,15681.3,15681.8,15684.7,15685.1,0.4,1851.750018
2026-05-08T05:40:00+00:00,15684.85,15685.1,15682.7,15684,15684.7,15685,15684.8,15685.4,15682.5,15682.9,15683.7,15684.3,0.6,1064.100014
2026-05-08T05:50:00+00:00,15683.9,15686.7,15682.2,15683.6,15683.6,15684.2,15686.4,15687,15681.9,15682.5,15683.2,15684,0.8,1498.98002
2026-05-08T06:00:00+00:00,15683.55,15684.1,15675.75,15679.95,15683.3,15683.8,15683.8,15684.4,15675.4,15676.1,15679.7,15680.2,0.5,2983.210047
2026-05-08T06:10:00+00:00,15679.7,15684.85,15679.4,15682.05,15679.5,15679.9,15684.7,15685,15679.2,15679.6,15681.8,15682.3,0.5,2187.48003
2026-05-08T06:20:00+00:00,15681.9,15682.2,15675.45,15675.45,15681.7,15682.1,15682,15682.4,15675.2,15675.7,15675.2,15675.7,0.5,1859.39003
2026-05-08T06:30:00+00:00,15675.6,15681.25,15675.45,15678.6,15675.4,15675.8,15681,15681.5,15675.2,15675.7,15678.4,15678.8,0.4,1785.230028
2026-05-08T06:40:00+00:00,15678.25,15680.4,15671.6,15678.85,15678.2,15678.3,15680.2,15680.6,15671.4,15671.8,15678.7,15679,0.3,2079.010038
2026-05-08T06:50:00+00:00,15678.8,15683.35,15676.5,15683.3,15678.6,15679,15683.2,15683.5,15676.4,15676.6,15683.2,15683.4,0.2,1363.050016
2026-05-08T07:00:00+00:00,15683.25,15683.8,15674,15677.95,15683,15683.5,15683.6,15684,15673.8,15674.2,15677.7,15678.2,0.5,2090.690037
2026-05-08T07:10:00+00:00,15677.85,15684.05,15676.45,15680.85,15677.6,15678.1,15683.7,15684.4,15676.2,15676.7,15680.6,15681.1,0.5,1965.250029
2026-05-08T07:20:00+00:00,15681,15685.45,15680,15683.8,15680.7,15681.3,15685.2,15685.7,15679.8,15680.2,15683.6,15684,0.4,1872.890029
2026-05-08T07:30:00+00:00,15683.6,15683.7,15678.8,15680.55,15683.3,15683.9,15683.5,15683.9,15678.6,15679,15680.3,15680.8,0.5,1550.520022
2026-05-08T07:40:00+00:00,15680.5,15684.75,15679.25,15682.45,15680.2,15680.8,15684.5,15685,15679,15679.5,15682.3,15682.6,0.3,1705.82003
2026-05-08T07:50:00+00:00,15682.15,15684.3,15679.75,15683.45,15681.9,15682.4,15684.1,15684.5,15679.6,15679.9,15683.2,15683.7,0.5,970.7700171
2026-05-08T08:00:00+00:00,15683.5,15685.95,15681.85,15682.95,15683.3,15683.7,15685.7,15686.2,15681.7,15682,15682.7,15683.2,0.5,1379.680023
2026-05-08T08:10:00+00:00,15682.85,15682.85,15677.65,15678.15,15682.6,15683.1,15682.6,15683.1,15677.4,15677.9,15677.9,15678.4,0.5,1482.550031
2026-05-08T08:20:00+00:00,15677.95,15679.1,15672.1,15673.2,15677.7,15678.2,15678.9,15679.3,15671.8,15672.4,15672.9,15673.5,0.6,2665.400043
2026-05-08T08:30:00+00:00,15673.05,15673.1,15668.15,15668.55,15672.9,15673.2,15672.9,15673.3,15667.8,15668.5,15668.3,15668.8,0.5,2165.210024
2026-05-08T08:40:00+00:00,15668.6,15669.25,15663.75,15667.7,15668.4,15668.8,15669,15669.5,15663.5,15664,15667.5,15667.9,0.4,2332.050029
2026-05-08T08:50:00+00:00,15667.85,15672.35,15665.85,15670.55,15667.6,15668.1,15672.1,15672.6,15665.6,15666.1,15670.4,15670.7,0.3,2166.190039
2026-05-08T09:00:00+00:00,15670.45,15670.95,15663,15666.55,15670.2,15670.7,15670.6,15671.3,15662.7,15663.3,15666.3,15666.8,0.5,2283.420029
2026-05-08T09:10:00+00:00,15666.7,15667.25,15663.4,15665.95,15666.5,15666.9,15667.1,15667.4,15663.2,15663.6,15665.7,15666.2,0.5,1147.660017
2026-05-08T09:20:00+00:00,15666.05,15669.1,15663.75,15668.35,15665.7,15666.4,15668.9,15669.3,15663.5,15664,15668.2,15668.5,0.3,1420.890028
2026-05-08T09:30:00+00:00,15668.35,15668.45,15664,15665,15668.2,15668.5,15668.3,15668.6,15663.8,15664.2,15664.8,15665.2,0.4,974.390016
2026-05-08T09:40:00+00:00,15664.95,15667.3,15664.75,15666.7,15664.8,15665.1,15667.1,15667.5,15664.5,15665,15666.4,15667,0.6,1026.57002
2026-05-08T09:50:00+00:00,15666.35,15671.25,15665.9,15668.1,15666.2,15666.5,15671,15671.5,15665.7,15666.1,15667.9,15668.3,0.4,1700.790023
2026-05-08T10:00:00+00:00,15668.05,15670.55,15665.65,15670.15,15667.7,15668.4,15670.4,15670.7,15665.3,15666,15670,15670.3,0.3,1570.210021
2026-05-08T10:10:00+00:00,15670.3,15671.05,15669.3,15669.9,15670.1,15670.5,15670.8,15671.3,15669.1,15669.5,15669.7,15670.1,0.4,662.9600089
2026-05-08T10:20:00+00:00,15669.7,15671.5,15668.2,15671.4,15669.5,15669.9,15671.4,15671.6,15668,15668.4,15671.2,15671.6,0.4,926.9900166
2026-05-08T10:30:00+00:00,15671.45,15673.65,15669.35,15672.25,15671.3,15671.6,15673.4,15673.9,15669,15669.7,15672,15672.5,0.5,950.660018
2026-05-08T10:40:00+00:00,15672.15,15675.2,15671.95,15675.15,15671.9,15672.4,15675.1,15675.3,15671.7,15672.2,15675,15675.3,0.3,738.3000152
2026-05-08T10:50:00+00:00,15675.1,15678.75,15673.9,15677.25,15674.9,15675.3,15678.5,15679,15673.7,15674.1,15677,15677.5,0.5,1171.890017
2026-05-08T11:00:00+00:00,15677.3,15678.45,15675.5,15675.75,15677.1,15677.5,15678.3,15678.6,15675.3,15675.7,15675.6,15675.9,0.3,1002.52002
2026-05-08T11:10:00+00:00,15675.7,15678.65,15675,15676.85,15675.6,15675.8,15678.4,15678.9,15674.8,15675.2,15676.7,15677,0.3,1084.610017
2026-05-08T11:20:00+00:00,15676.9,15677.55,15675.9,15676.95,15676.7,15677.1,15677.3,15677.8,15675.7,15676.1,15676.6,15677.3,0.7,663.9200112
2026-05-08T11:30:00+00:00,15676.85,15678.65,15675.3,15677.6,15676.6,15677.1,15678.5,15678.8,15675.1,15675.5,15677.4,15677.8,0.4,805.9100147
2026-05-08T11:40:00+00:00,15677.55,15678.6,15676.2,15676.45,15677.4,15677.7,15678.4,15678.8,15676,15676.4,15676.3,15676.6,0.3,905.6900172
2026-05-08T11:50:00+00:00,15676.55,15677.6,15672.75,15675.15,15676.3,15676.8,15677.5,15677.7,15672.5,15673,15674.9,15675.4,0.5,2207.870028
2026-05-08T12:00:00+00:00,15675.25,15676,15673.15,15675.45,15675.1,15675.4,15675.7,15676.3,15672.9,15673.4,15675.2,15675.7,0.5,1967.330028
2026-05-08T12:10:00+00:00,15675.4,15677.65,15672.85,15673.25,15675.1,15675.7,15677.5,15677.8,15672.7,15673,15673,15673.5,0.5,1512.850026
2026-05-08T12:20:00+00:00,15673.3,15677.15,15673.05,15674.3,15673,15673.6,15676.9,15677.4,15672.8,15673.3,15673.4,15675.2,1.8,2019.320032
2026-05-08T12:30:00+00:00,15674.45,15683.05,15652.1,15657.9,15673.4,15675.5,15682.7,15683.4,15651.9,15652.3,15657.7,15658.1,0.4,7766.420146
2026-05-08T12:40:00+00:00,15657.8,15662.45,15657.45,15661.65,15657.6,15658,15662.1,15662.8,15657.2,15657.7,15661.4,15661.9,0.5,3885.870078
2026-05-08T12:50:00+00:00,15661.4,15666.9,15654.05,15664.35,15661.2,15661.6,15666.6,15667.2,15653.7,15654.4,15664.2,15664.5,0.3,4405.260071
2026-05-08T13:00:00+00:00,15664.35,15670.3,15661.1,15667.6,15663.9,15664.8,15670,15670.6,15660.9,15661.3,15667.4,15667.8,0.4,3834.980068
2026-05-08T13:10:00+00:00,15667.75,15669.65,15656.3,15659.5,15667.5,15668,15669.5,15669.8,15656.1,15656.5,15659.3,15659.7,0.4,3060.470047
2026-05-08T13:20:00+00:00,15659.35,15659.45,15645.6,15649.6,15659.2,15659.5,15659.3,15659.6,15645.4,15645.8,15649.3,15649.9,0.6,2167.990034
2026-05-08T13:30:00+00:00,15649.5,15654.35,15643.5,15650.95,15649.3,15649.7,15654.2,15654.5,15643.2,15643.8,15650.7,15651.2,0.5,4355.930066
2026-05-08T13:40:00+00:00,15651.1,15654.4,15646.4,15652.15,15650.8,15651.4,15654.3,15654.5,15646.2,15646.6,15651.9,15652.4,0.5,4972.960044
2026-05-08T13:50:00+00:00,15652.25,15654.75,15651,15652.1,15652,15652.5,15654.5,15655,15650.7,15651.3,15651.5,15652.7,1.2,2280.540034
2026-05-08T14:00:00+00:00,15652.25,15663.25,15650.35,15663.05,15651.6,15652.9,15663,15663.5,15649.8,15650.9,15662.9,15663.2,0.3,2854.220042
2026-05-08T14:10:00+00:00,15663.15,15666.65,15659.25,15660.55,15662.9,15663.4,15666.4,15666.9,15659,15659.5,15660.3,15660.8,0.5,3344.990047
2026-05-08T14:20:00+00:00,15660.5,15666.45,15660.2,15665.9,15660.3,15660.7,15666.2,15666.7,15660,15660.4,15665.8,15666,0.2,2826.750038
2026-05-08T14:30:00+00:00,15665.8,15665.85,15659.25,15660.95,15665.7,15665.9,15665.7,15666,15659.1,15659.4,15660.7,15661.2,0.5,2064.270036
2026-05-08T14:40:00+00:00,15661,15661,15655.85,15658.1,15660.8,15661.2,15660.8,15661.2,15655.6,15656.1,15657.9,15658.3,0.4,1841.500028
2026-05-08T14:50:00+00:00,15658.2,15664.55,15656.65,15662.85,15658,15658.4,15664.4,15664.7,15656.5,15656.8,15662.6,15663.1,0.5,3094.870053
2026-05-08T15:00:00+00:00,15662.95,15666.35,15655.6,15661.1,15662.7,15663.2,15666.2,15666.5,15655.4,15655.8,15660.9,15661.3,0.4,4712.070068
2026-05-08T15:10:00+00:00,15661,15665.65,15659.3,15663.4,15660.8,15661.2,15665.5,15665.8,15659,15659.6,15663.1,15663.7,0.6,2418.390044
2026-05-08T15:20:00+00:00,15663.3,15665,15660.7,15661.7,15663.1,15663.5,15664.7,15665.3,15660.5,15660.9,15661.5,15661.9,0.4,2447.460048
2026-05-08T15:30:00+00:00,15661.55,15666.6,15660.45,15662.3,15661.3,15661.8,15666.4,15666.8,15660.2,15660.7,15662.1,15662.5,0.4,2313.150045
2026-05-08T15:40:00+00:00,15662.25,15667.5,15662.25,15664.25,15662,15662.5,15667.3,15667.7,15662,15662.5,15664,15664.5,0.5,1888.320032
2026-05-08T15:50:00+00:00,15663.65,15665.35,15662,15664.65,15663.6,15663.7,15665.1,15665.6,15661.8,15662.2,15664.5,15664.8,0.3,2183.340031
2026-05-08T16:00:00+00:00,15664.7,15665.25,15660.1,15664.25,15664.6,15664.8,15665,15665.5,15660,15660.2,15664.1,15664.4,0.3,2789.520026
2026-05-08T16:10:00+00:00,15664.3,15666.8,15664,15665.55,15664.1,15664.5,15666.6,15667,15663.7,15664.3,15665.3,15665.8,0.5,1616.640015
2026-05-08T16:20:00+00:00,15665.5,15666.35,15663.05,15663.4,15665.3,15665.7,15666.2,15666.5,15662.9,15663.2,15663.2,15663.6,0.4,1172.04001
2026-05-08T16:30:00+00:00,15663.35,15667.5,15663.35,15667.5,15663.2,15663.5,15667.3,15667.7,15663.2,15663.5,15667.3,15667.7,0.4,525.5700078
2026-05-08T16:40:00+00:00,15667.7,15670.65,15666.7,15666.75,15667.4,15668,15670.5,15670.8,15666.4,15667,15666.5,15667,0.5,1023.030014
2026-05-08T16:50:00+00:00,15666.85,15669.9,15666.65,15669.85,15666.6,15667.1,15669.6,15670.2,15666.5,15666.8,15669.6,15670.1,0.5,675.3600165
2026-05-08T17:00:00+00:00,15670,15671.7,15668.85,15671.3,15669.8,15670.2,15671.5,15671.9,15668.6,15669.1,15671.1,15671.5,0.4,1092.150021
2026-05-08T17:10:00+00:00,15671.35,15671.7,15668.6,15669.05,15671.2,15671.5,15671.5,15671.9,15668.4,15668.8,15668.7,15669.4,0.7,483.990007
2026-05-08T17:20:00+00:00,15669.1,15670.95,15661.6,15662.85,15668.7,15669.5,15670.7,15671.2,15661.5,15661.7,15662.7,15663,0.3,1209.460017
2026-05-08T17:30:00+00:00,15662.9,15666.05,15662.7,15664.85,15662.6,15663.2,15665.7,15666.4,15662.5,15662.9,15664.6,15665.1,0.5,798.3600121
2026-05-08T17:40:00+00:00,15665.05,15667.55,15664.1,15666.55,15664.7,15665.4,15667.4,15667.7,15663.8,15664.4,15666.3,15666.8,0.5,604.2600095
2026-05-08T17:50:00+00:00,15666.6,15669.15,15665.95,15669.1,15666.4,15666.8,15668.9,15669.4,15665.7,15666.2,15668.8,15669.4,0.6,991.0800134
2026-05-08T18:00:00+00:00,15669.2,15670.2,15659.45,15660.5,15669,15669.4,15670,15670.4,15659.2,15659.7,15660.2,15660.8,0.6,3899.880045
2026-05-08T18:10:00+00:00,15660.55,15664.25,15659.3,15664.1,15660.3,15660.8,15664,15664.5,15659,15659.6,15663.9,15664.3,0.4,2174.860015
2026-05-08T18:20:00+00:00,15664,15665.3,15662.6,15663.3,15663.8,15664.2,15665.1,15665.5,15662.4,15662.8,15663.1,15663.5,0.4,2071.120016
2026-05-08T18:30:00+00:00,15663.25,15667.15,15663.25,15666.65,15663,15663.5,15666.9,15667.4,15663,15663.5,15666.5,15666.8,0.3,1576.980006
2026-05-08T18:40:00+00:00,15666.75,15670.7,15666.65,15668.15,15666.5,15667,15670.5,15670.9,15666.5,15666.8,15667.8,15668.5,0.7,1972.260018
2026-05-08T18:50:00+00:00,15668.1,15674.9,15666.95,15669.45,15667.9,15668.3,15674.7,15675.1,15666.7,15667.2,15669.2,15669.7,0.5,2672.820025
2026-05-08T19:00:00+00:00,15669.55,15672.25,15669.45,15670.8,15669.2,15669.9,15672.1,15672.4,15669.2,15669.7,15670.5,15671.1,0.6,1641.140022
2026-05-08T19:10:00+00:00,15670.9,15671.5,15668.1,15669.9,15670.7,15671.1,15671.3,15671.7,15667.9,15668.3,15669.7,15670.1,0.4,1281.240013
2026-05-08T19:20:00+00:00,15669.85,15671.95,15669.75,15671.45,15669.7,15670,15671.8,15672.1,15669.6,15669.9,15671.2,15671.7,0.5,663.6300071
2026-05-08T19:30:00+00:00,15671.6,15675.8,15671.6,15674.1,15671.3,15671.9,15675.5,15676.1,15671.3,15671.9,15673.9,15674.3,0.4,1045.020018
2026-05-08T19:40:00+00:00,15674.15,15674.2,15671.3,15672.7,15674,15674.3,15674,15674.4,15671,15671.6,15672.4,15673,0.6,903.5600144
2026-05-08T19:50:00+00:00,15672.55,15677.9,15667.55,15673.1,15672.3,15672.8,15677.3,15678.5,15667.2,15667.9,15672.8,15673.4,0.6,1993.100028
2026-05-08T20:00:00+00:00,15673.15,15676.15,15673.1,15674,15672.9,15673.4,15675.8,15676.5,15672.8,15673.4,15673.7,15674.3,0.6,629.2200133
2026-05-08T20:10:00+00:00,15673.65,15674.15,15667.7,15670.3,15673.5,15673.8,15673.8,15674.5,15667.3,15668.1,15670,15670.6,0.6,596.4600133
2026-05-08T20:20:00+00:00,15670.2,15670.45,15668.1,15669.5,15669.8,15670.6,15670,15670.9,15667.7,15668.5,15668.9,15670.1,1.2,703.9500144
2026-05-08T20:30:00+00:00,15669.6,15670.5,15666.6,15666.75,15669,15670.2,15670.1,15670.9,15666.1,15667.1,15666.4,15667.1,0.7,836.4900131
2026-05-08T20:40:00+00:00,15666.7,15670.15,15665.6,15668.2,15666.4,15667,15669.7,15670.6,15665.1,15666.1,15667.4,15669,1.6,2577.260019
2026-05-08T20:50:00+00:00,15668.35,15673.15,15665.3,15667.45,15667.7,15669,15672.8,15673.5,15662.1,15668.5,15662.1,15672.8,10.7,1455.180016
2026-05-10T21:00:00+00:00,15658.45,15661,15657.6,15658.3,15650.1,15666.8,15650.3,15671.7,15648.7,15666.5,15649.2,15667.4,18.2,48.30000103
2026-05-10T21:10:00+00:00,15658.65,15666.6,15656.35,15663.85,15649.4,15667.9,15657.9,15675.3,15648.5,15664.2,15657.8,15669.9,12.1,177.600004
2026-05-10T21:20:00+00:00,15663.25,15665.05,15662.95,15663,15657.9,15668.6,15660.3,15669.8,15657.8,15668.1,15657.9,15668.1,10.2,63.15000063
2026-05-10T21:30:00+00:00,15664.8,15665.6,15662.5,15664.65,15661.5,15668.1,15663,15668.2,15656.9,15668.1,15661.2,15668.1,6.9,92.10000277
2026-05-10T21:40:00+00:00,15665.15,15671.95,15659.4,15668.85,15662.2,15668.1,15668.7,15675.2,15653.7,15665.1,15667.3,15670.4,3.1,592.3500077
2026-05-10T21:50:00+00:00,15668.95,15674.2,15667.85,15673.9,15667.5,15670.4,15672.9,15675.5,15665.6,15670.1,15672.7,15675.1,2.4,409.8000107
2026-05-10T22:00:00+00:00,15673.85,15697.05,15673.85,15690.8,15672.6,15675.1,15695.8,15698.3,15672.6,15675.1,15690.2,15691.4,1.2,1799.589999
2026-05-10T22:10:00+00:00,15690.9,15694.05,15687.85,15688.15,15690.4,15691.4,15693.5,15694.6,15687.3,15688.4,15687.7,15688.6,0.9,1201.260029
2026-05-10T22:20:00+00:00,15688.25,15689.65,15684.7,15685.3,15687.8,15688.7,15689.2,15690.1,15684.3,15685.1,15684.7,15685.9,1.2,869.8500199
2026-05-10T22:30:00+00:00,15685.35,15690.85,15685.15,15688.8,15684.8,15685.9,15690.5,15691.2,15684.7,15685.6,15688.4,15689.2,0.8,852.300019
2026-05-10T22:40:00+00:00,15689.2,15690.9,15687.8,15687.85,15688.8,15689.6,15690.5,15691.3,15687.4,15688.2,15687.4,15688.3,0.9,803.2500161
2026-05-10T22:50:00+00:00,15688.25,15691,15687.1,15689.85,15687.9,15688.6,15690.5,15691.5,15686.7,15687.5,15689.3,15690.4,1.1,899.1000129
2026-05-10T23:00:00+00:00,15689.95,15690.25,15686.85,15688.7,15689.3,15690.6,15689.7,15690.8,15686.5,15687.2,15688.3,15689.1,0.8,740.2900161
2026-05-10T23:10:00+00:00,15688.65,15689.65,15687.2,15687.9,15688.3,15689,15689.3,15690,15687,15687.4,15687.6,15688.2,0.6,607.1500081
2026-05-10T23:20:00+00:00,15688.1,15689.85,15687.75,15689.85,15687.8,15688.4,15689.6,15690.1,15687.4,15688.1,15689.6,15690.1,0.5,332.5500082
2026-05-10T23:30:00+00:00,15689.95,15689.95,15688.2,15688.3,15689.6,15690.3,15689.6,15690.3,15687.8,15688.6,15687.9,15688.7,0.8,301.7700036
2026-05-10T23:40:00+00:00,15688.2,15688.25,15684.3,15684.85,15687.8,15688.6,15687.9,15688.6,15684,15684.6,15684.4,15685.3,0.9,551.5300069
2026-05-10T23:50:00+00:00,15684.75,15687.8,15683.75,15686.65,15684.4,15685.1,15687.5,15688.1,15683.4,15684.1,15686.3,15687,0.7,519.9600092
2026-05-11T00:00:00+00:00,15686.7,15691.45,15683.5,15689.75,15686.4,15687,15691.2,15691.7,15683.2,15683.8,15689.5,15690,0.5,2538.990046
2026-05-11T00:10:00+00:00,15689.8,15692.15,15686.75,15688.7,15689.6,15690,15691.9,15692.4,15686.5,15687,15688.4,15689,0.6,2149.570042
2026-05-11T00:20:00+00:00,15688.75,15690.05,15686.35,15688.85,15688.4,15689.1,15689.8,15690.3,15686.1,15686.6,15688.6,15689.1,0.5,910.4100137
2026-05-11T00:30:00+00:00,15688.75,15695.25,15688.7,15695.25,15688.4,15689.1,15695,15695.5,15688.4,15689,15695,15695.5,0.5,1199.790019
2026-05-11T00:40:00+00:00,15695.3,15698.8,15694.6,15698.75,15694.9,15695.7,15698.4,15699.2,15694.3,15694.9,15698.4,15699.1,0.7,1095.910016
2026-05-11T00:50:00+00:00,15699,15706.2,15693.8,15693.95,15698.7,15699.3,15705.9,15706.5,15693.5,15694.1,15693.7,15694.2,0.5,4976.810074
2026-05-11T01:00:00+00:00,15694.05,15700.1,15693.4,15699.45,15693.8,15694.3,15699.9,15700.3,15693.3,15693.5,15699.1,15699.8,0.7,1934.520029
2026-05-11T01:10:00+00:00,15699.5,15701.9,15695.65,15697.3,15699.1,15699.9,15701.6,15702.2,15695.3,15696,15697,15697.6,0.6,2652.900023
2026-05-11T01:20:00+00:00,15697.1,15697.25,15692.6,15693.85,15696.8,15697.4,15697,15697.5,15692.3,15692.9,15693.4,15694.3,0.9,1202.910022
2026-05-11T01:30:00+00:00,15693.65,15703.4,15693.6,15703.3,15693.3,15694,15703.1,15703.7,15693.3,15693.9,15703,15703.6,0.6,1599.57003
2026-05-11T01:40:00+00:00,15703.55,15709.7,15701.8,15709.1,15703.3,15703.8,15709.4,15710,15701.5,15702.1,15708.8,15709.4,0.6,1580.010025
2026-05-11T01:50:00+00:00,15709.25,15709.8,15707.6,15709.4,15708.9,15709.6,15709.6,15710,15707.4,15707.8,15709.2,15709.6,0.4,1206.790015
2026-05-11T02:00:00+00:00,15709.45,15710.35,15705.5,15705.85,15709.3,15709.6,15710.1,15710.6,15705.2,15705.8,15705.6,15706.1,0.5,1559.04002
2026-05-11T02:10:00+00:00,15705.75,15710,15705.55,15708.85,15705.5,15706,15709.7,15710.3,15705.3,15705.8,15708.4,15709.3,0.9,798.6500119
2026-05-11T02:20:00+00:00,15708.8,15709.75,15707,15707.05,15708.4,15709.2,15709.5,15710,15706.8,15707.2,15706.9,15707.2,0.3,485.8800077
2026-05-11T02:30:00+00:00,15707.15,15709.9,15705.5,15709.45,15706.9,15707.4,15709.6,15710.2,15705.2,15705.8,15709.2,15709.7,0.5,780.8100184
2026-05-11T02:40:00+00:00,15709.55,15715.15,15709.55,15711.8,15709.3,15709.8,15715,15715.3,15709.3,15709.8,15711.5,15712.1,0.6,881.1600152
2026-05-11T02:50:00+00:00,15711.85,15714.6,15711.7,15714.5,15711.6,15712.1,15714.3,15714.9,15711.4,15712,15714.1,15714.9,0.8,808.950012
2026-05-11T03:00:00+00:00,15714.45,15717.5,15713.3,15714.3,15714,15714.9,15717.2,15717.8,15713,15713.6,15714,15714.6,0.6,973.3700156
2026-05-11T03:10:00+00:00,15714.3,15716.05,15713.3,15714.9,15714,15714.6,15715.8,15716.3,15713,15713.6,15714.7,15715.1,0.4,777.3000104
2026-05-11T03:20:00+00:00,15714.85,15717.2,15714.15,15714.4,15714.6,15715.1,15716.9,15717.5,15714,15714.3,15714,15714.8,0.8,646.5000126
2026-05-11T03:30:00+00:00,15714.55,15714.7,15712.8,15713.2,15714.2,15714.9,15714.4,15715,15712.5,15713.1,15712.8,15713.6,0.8,485.4000075
2026-05-11T03:40:00+00:00,15713.25,15713.35,15709.4,15713.3,15713,15713.5,15713.2,15713.5,15709.2,15709.6,15713.2,15713.4,0.2,756.7500123
2026-05-11T03:50:00+00:00,15713.2,15716.6,15713.15,15715.9,15713,15713.4,15716.4,15716.8,15712.9,15713.4,15715.7,15716.1,0.4,534.3000135
2026-05-11T04:00:00+00:00,15715.95,15716.25,15714.25,15714.8,15715.8,15716.1,15716,15716.5,15714,15714.5,15714.6,15715,0.4,516.6000104
2026-05-11T04:10:00+00:00,15714.75,15714.9,15713.2,15713.95,15714.5,15715,15714.7,15715.1,15713,15713.4,15713.7,15714.2,0.5,497.7000115
2026-05-11T04:20:00+00:00,15714.05,15715.55,15712.4,15715.25,15713.8,15714.3,15715.3,15715.8,15712.2,15712.6,15715,15715.5,0.5,608.4000111
2026-05-11T04:30:00+00:00,15715.35,15715.85,15713.9,15715,15715.1,15715.6,15715.6,15716.1,15713.7,15714.1,15714.8,15715.2,0.4,442.7700064
2026-05-11T04:40:00+00:00,15714.9,15715.4,15711.75,15711.85,15714.6,15715.2,15715.1,15715.7,15711.5,15712,15711.7,15712,0.3,420.5100094
2026-05-11T04:50:00+00:00,15711.05,15714.5,15709.25,15712.75,15710.9,15711.2,15714.2,15714.8,15709,15709.5,15712.5,15713,0.5,704.4600106
2026-05-11T05:00:00+00:00,15712.8,15713.75,15708.55,15709.1,15712.5,15713.1,15713.5,15714,15708.3,15708.8,15708.8,15709.4,0.6,1109.260012
2026-05-11T05:10:00+00:00,15709.3,15709.3,15706.9,15708.65,15709,15709.6,15709,15709.6,15706.6,15707.2,15708.4,15708.9,0.5,781.4400074
2026-05-11T05:20:00+00:00,15708.7,15709.75,15708.6,15709.6,15708.3,15709.1,15709.5,15710,15708.3,15708.9,15709.3,15709.9,0.6,789.0900105
2026-05-11T05:30:00+00:00,15709.65,15713.65,15709.6,15713.15,15709.4,15709.9,15713.4,15713.9,15709.3,15709.9,15712.9,15713.4,0.5,1421.490002
2026-05-11T05:40:00+00:00,15713.2,15714.6,15711.65,15714.2,15713,15713.4,15714.4,15714.8,15711.4,15711.9,15713.9,15714.5,0.6,858.970013
2026-05-11T05:50:00+00:00,15714.25,15714.65,15712.05,15713.55,15713.9,15714.6,15714.4,15714.9,15711.8,15712.3,15713.3,15713.8,0.5,1526.670007
2026-05-11T06:00:00+00:00,15713.5,15714.8,15710.7,15711.3,15713.3,15713.7,15714.6,15715,15710.4,15711,15711,15711.6,0.6,2406.810024
2026-05-11T06:10:00+00:00,15711.25,15711.9,15708.05,15710.25,15711,15711.5,15711.6,15712.2,15707.8,15708.3,15710,15710.5,0.5,1937.550026
2026-05-11T06:20:00+00:00,15710.05,15710.4,15703.85,15704.65,15710,15710.1,15710.2,15710.6,15703.6,15704.1,15704.4,15704.9,0.5,1465.440019
2026-05-11T06:30:00+00:00,15705.05,15706.45,15699.7,15700.6,15704.9,15705.2,15706.2,15706.7,15699.4,15700,15700.4,15700.8,0.4,1701.510026
2026-05-11T06:40:00+00:00,15700.55,15704.4,15699.05,15704.35,15700.3,15700.8,15704.1,15704.7,15698.8,15699.3,15704,15704.7,0.7,1444.410017
2026-05-11T06:50:00+00:00,15704.4,15705.55,15699.4,15699.9,15704.1,15704.7,15705.3,15705.8,15699.1,15699.7,15699.6,15700.2,0.6,1767.330022
2026-05-11T07:00:00+00:00,15699.6,15706.15,15699.2,15705.7,15699.4,15699.8,15705.9,15706.4,15698.9,15699.5,15705.4,15706,0.6,1892.210022
2026-05-11T07:10:00+00:00,15705.75,15708.65,15704.15,15707.2,15705.5,15706,15708.4,15708.9,15703.9,15704.4,15707,15707.4,0.4,1269.48002
2026-05-11T07:20:00+00:00,15707.15,15708.2,15704.15,15705.6,15706.9,15707.4,15707.9,15708.5,15703.8,15704.5,15705.4,15705.8,0.4,1394.970016
2026-05-11T07:30:00+00:00,15705.65,15708.45,15705.55,15706.95,15705.5,15705.8,15708.1,15708.8,15705.3,15705.8,15706.8,15707.1,0.3,864.0000143
2026-05-11T07:40:00+00:00,15706.9,15711.95,15706.15,15711.5,15706.7,15707.1,15711.8,15712.1,15705.9,15706.4,15711.3,15711.7,0.4,708.5200163
2026-05-11T07:50:00+00:00,15711.65,15713.6,15708.75,15712.2,15711.4,15711.9,15713.3,15713.9,15708.6,15708.9,15711.9,15712.5,0.6,918.5700115
2026-05-11T08:00:00+00:00,15712.25,15714.8,15707.9,15709.8,15712,15712.5,15714.5,15715.1,15707.7,15708.1,15709.6,15710,0.4,1276.480024
2026-05-11T08:10:00+00:00,15709.85,15711.25,15703.05,15703.65,15709.7,15710,15711.1,15711.4,15702.8,15703.3,15703.4,15703.9,0.5,1619.430024
2026-05-11T08:20:00+00:00,15703.6,15706,15701.75,15704.45,15703.4,15703.8,15705.8,15706.2,15701.5,15702,15704.2,15704.7,0.5,1689.120027
2026-05-11T08:30:00+00:00,15704.6,15704.75,15694.9,15698.15,15704.4,15704.8,15704.5,15705,15694.6,15695.2,15697.9,15698.4,0.5,1164.560018
2026-05-11T08:40:00+00:00,15698.3,15703.45,15698.2,15703.3,15698.1,15698.5,15703.2,15703.7,15698,15698.4,15703.1,15703.5,0.4,895.9500134
2026-05-11T08:50:00+00:00,15703.25,15709.75,15702.25,15708.8,15703.1,15703.4,15709.5,15710,15702,15702.5,15708.5,15709.1,0.6,1122.870018
2026-05-11T09:00:00+00:00,15708.8,15709.55,15707.15,15708.25,15708.5,15709.1,15709.3,15709.8,15706.9,15707.4,15708,15708.5,0.5,788.1600107
2026-05-11T09:10:00+00:00,15708.2,15711.6,15707.45,15710.85,15707.9,15708.5,15711.5,15711.7,15707.2,15707.7,15710.6,15711.1,0.5,1131.870013
2026-05-11T09:20:00+00:00,15710.9,15710.9,15709.4,15710.5,15710.6,15711.2,15710.6,15711.2,15709.1,15709.7,15710.2,15710.8,0.6,1173.030011
2026-05-11T09:30:00+00:00,15710.5,15713.4,15710.4,15710.65,15710.2,15710.8,15713.2,15713.6,15710.1,15710.7,15710.3,15711,0.7,843.7200092
2026-05-11T09:40:00+00:00,15710.8,15710.85,15708,15709.55,15710.6,15711,15710.6,15711.1,15707.7,15708.3,15709.3,15709.8,0.5,834.3000104
2026-05-11T09:50:00+00:00,15709.5,15714.65,15709.2,15714.4,15709.3,15709.7,15714.4,15714.9,15709,15709.4,15714.1,15714.7,0.6,829.4500139
2026-05-11T10:00:00+00:00,15714.8,15716.25,15711.85,15714.1,15714.7,15714.9,15716,15716.5,15711.7,15712,15713.8,15714.4,0.6,864.9200207
2026-05-11T10:10:00+00:00,15714.1,15714.45,15710.8,15711.3,15713.8,15714.4,15714.2,15714.7,15710.5,15711.1,15711,15711.6,0.6,790.6800101
2026-05-11T10:20:00+00:00,15711.25,15711.65,15709.5,15711.25,15711,15711.5,15711.4,15711.9,15709.2,15709.8,15711,15711.5,0.5,810.4500083
2026-05-11T10:30:00+00:00,15711.2,15713.1,15708.5,15710.95,15711,15711.4,15712.8,15713.4,15708.3,15708.7,15710.7,15711.2,0.5,1108.920016
2026-05-11T10:40:00+00:00,15710.8,15714.5,15709.95,15710.65,15710.4,15711.2,15714.3,15714.7,15709.6,15710.3,15710.4,15710.9,0.5,997.8300159
2026-05-11T10:50:00+00:00,15710.7,15714.35,15709.05,15714.35,15710.5,15710.9,15714.1,15714.6,15708.8,15709.3,15714.1,15714.6,0.5,1532.100025
2026-05-11T11:00:00+00:00,15714.3,15714.75,15710.45,15710.75,15714.1,15714.5,15714.5,15715,15710.2,15710.7,15710.5,15711,0.5,1377.360022
2026-05-11T11:10:00+00:00,15710.65,15713.15,15709.6,15710.05,15710.4,15710.9,15712.9,15713.4,15709.3,15709.9,15709.8,15710.3,0.5,1016.160017
2026-05-11T11:20:00+00:00,15709.75,15711.35,15708.6,15709.35,15709.5,15710,15711,15711.7,15708.3,15708.9,15709.1,15709.6,0.5,883.7100145
2026-05-11T11:30:00+00:00,15709.25,15711.15,15707.15,15709.8,15709,15709.5,15710.9,15711.4,15706.9,15707.4,15709.6,15710,0.4,1108.480018
2026-05-11T11:40:00+00:00,15709.7,15711.35,15709.35,15709.95,15709.4,15710,15711.1,15711.6,15709,15709.7,15709.7,15710.2,0.5,576.8400077
2026-05-11T11:50:00+00:00,15710.05,15714.35,15709.7,15712.15,15709.8,15710.3,15714.1,15714.6,15709.4,15710,15711.9,15712.4,0.5,1465.950024
2026-05-11T12:00:00+00:00,15711.85,15714.1,15711.6,15713.55,15711.7,15712,15713.9,15714.3,15711.4,15711.8,15713.3,15713.8,0.5,1999.780027
2026-05-11T12:10:00+00:00,15713.45,15713.95,15711.75,15712.25,15713.2,15713.7,15713.7,15714.2,15711.6,15711.9,15712,15712.5,0.5,1104.44002
2026-05-11T12:20:00+00:00,15712.25,15713.15,15706.3,15709.15,15712,15712.5,15713,15713.3,15706,15706.6,15709,15709.3,0.3,2383.110029
2026-05-11T12:30:00+00:00,15709.25,15710.6,15707.1,15708.4,15709.2,15709.3,15710.4,15710.8,15707,15707.2,15708.3,15708.5,0.2,1936.440033
2026-05-11T12:40:00+00:00,15708.35,15712.5,15708.3,15709.7,15708.2,15708.5,15712.3,15712.7,15708.1,15708.5,15709.5,15709.9,0.4,1908.090036
2026-05-11T12:50:00+00:00,15709.75,15713.55,15708.2,15711.6,15709.6,15709.9,15713.3,15713.8,15708,15708.4,15711.4,15711.8,0.4,1740.030032
2026-05-11T13:00:00+00:00,15711.5,15712.8,15708.2,15708.6,15711.3,15711.7,15712.6,15713,15708,15708.4,15708.4,15708.8,0.4,1843.980031
2026-05-11T13:10:00+00:00,15708.95,15709.65,15706.05,15708.2,15708.8,15709.1,15709.5,15709.8,15705.8,15706.3,15708,15708.4,0.4,1364.090021
2026-05-11T13:20:00+00:00,15708.25,15708.25,15704.65,15705,15708.1,15708.4,15708.1,15708.4,15704.5,15704.8,15704.8,15705.2,0.4,882.510018
2026-05-11T13:30:00+00:00,15704.7,15708.6,15704.7,15705.65,15704.5,15704.9,15708.5,15708.7,15704.5,15704.9,15705.3,15706,0.7,1363.200028
2026-05-11T13:40:00+00:00,15705.7,15705.75,15700.95,15701.15,15705.4,15706,15705.5,15706,15700.8,15701.1,15701,15701.3,0.3,1515.890028
2026-05-11T13:50:00+00:00,15701.2,15703.8,15699.9,15703.45,15701.1,15701.3,15703.6,15704,15699.7,15700.1,15703.1,15703.8,0.7,1897.620031
2026-05-11T14:00:00+00:00,15703.4,15706.8,15702.2,15705.1,15703.1,15703.7,15706.6,15707,15702.1,15702.3,15704.9,15705.3,0.4,1404.400021
2026-05-11T14:10:00+00:00,15705.05,15706.4,15700.3,15701.25,15704.8,15705.3,15706.1,15706.7,15700.2,15700.4,15701,15701.5,0.5,1358.320018
2026-05-11T14:20:00+00:00,15701.15,15703.8,15700.35,15703.75,15700.9,15701.4,15703.6,15704,15700.2,15700.5,15703.5,15704,0.5,1419.010022
2026-05-11T14:30:00+00:00,15703.8,15709.75,15703.3,15703.5,15703.6,15704,15709.5,15710,15703.1,15703.5,15703.2,15703.8,0.6,2626.520047
2026-05-11T14:40:00+00:00,15703.4,15706.95,15702.2,15706.05,15703.2,15703.6,15706.7,15707.2,15702,15702.4,15705.8,15706.3,0.5,1610.460027
2026-05-11T14:50:00+00:00,15706,15708.6,15697.95,15699.95,15705.6,15706.4,15708.3,15708.9,15697.8,15698.1,15699.8,15700.1,0.3,3260.740056
2026-05-11T15:00:00+00:00,15700.1,15703.5,15698.35,15702.9,15700,15700.2,15703.3,15703.7,15698.1,15698.6,15702.7,15703.1,0.4,2340.290038
2026-05-11T15:10:00+00:00,15702.85,15707.3,15702.65,15704.75,15702.6,15703.1,15707,15707.6,15702.5,15702.8,15704.5,15705,0.5,1657.150029
2026-05-11T15:20:00+00:00,15704.85,15704.85,15699.75,15702.3,15704.7,15705,15704.7,15705,15699.5,15700,15702.1,15702.5,0.4,1331.610026
2026-05-11T15:30:00+00:00,15702.25,15703.7,15700.85,15701.55,15702,15702.5,15703.4,15704,15700.7,15701,15701.4,15701.7,0.3,1349.440022
2026-05-11T15:40:00+00:00,15701.45,15707.3,15700.8,15704.45,15701.2,15701.7,15707.1,15707.5,15700.5,15701.1,15704.2,15704.7,0.5,1895.940033
2026-05-11T15:50:00+00:00,15704.6,15706.25,15702.75,15704.7,15704.4,15704.8,15706,15706.5,15702.6,15702.9,15704.5,15704.9,0.4,1172.570018
2026-05-11T16:00:00+00:00,15704.8,15705.7,15703.6,15705.4,15704.5,15705.1,15705.5,15705.9,15703.4,15703.8,15705.2,15705.6,0.4,817.8300145
2026-05-11T16:10:00+00:00,15705.5,15709,15704.9,15707.65,15705.3,15705.7,15708.9,15709.1,15704.7,15705.1,15707.4,15707.9,0.5,694.5100126
2026-05-11T16:20:00+00:00,15707.6,15711.35,15707.45,15711.2,15707.4,15707.8,15711.1,15711.6,15707.2,15707.7,15710.9,15711.5,0.6,840.7800137
2026-05-11T16:30:00+00:00,15711.25,15712.65,15710.25,15710.8,15711.1,15711.4,15712.5,15712.8,15710.2,15710.3,15710.6,15711,0.4,846.7700125
2026-05-11T16:40:00+00:00,15710.95,15715.25,15710.55,15713.75,15710.7,15711.2,15715,15715.5,15710.3,15710.8,15713.5,15714,0.5,2303.610031
2026-05-11T16:50:00+00:00,15713.55,15716.35,15713.5,15715.85,15713.3,15713.8,15716,15716.7,15713.2,15713.8,15715.6,15716.1,0.5,929.0200138
2026-05-11T17:00:00+00:00,15715.75,15719.7,15714.65,15719.05,15715.5,15716,15719.5,15719.9,15714.4,15714.9,15718.9,15719.2,0.3,1174.70002
2026-05-11T17:10:00+00:00,15719.15,15721.25,15715,15716.85,15719,15719.3,15721.1,15721.4,15714.8,15715.2,15716.6,15717.1,0.5,1183.230024
2026-05-11T17:20:00+00:00,15716.8,15716.9,15711.75,15713.6,15716.5,15717.1,15716.6,15717.2,15711.6,15711.9,15713.4,15713.8,0.4,1246.43002
2026-05-11T17:30:00+00:00,15713.95,15714.35,15711.15,15713.4,15713.9,15714,15714.1,15714.6,15710.9,15711.4,15713.2,15713.6,0.4,1252.700021
2026-05-11T17:40:00+00:00,15713.55,15713.7,15711.9,15712,15713.2,15713.9,15713.5,15713.9,15711.7,15712.1,15711.8,15712.2,0.4,638.6400118
2026-05-11T17:50:00+00:00,15711.95,15712.2,15710.45,15711.25,15711.8,15712.1,15712,15712.4,15710.3,15710.6,15711.1,15711.4,0.3,553.7000095
2026-05-11T18:00:00+00:00,15711.3,15711.65,15709.35,15709.55,15711.2,15711.4,15711.5,15711.8,15709.1,15709.6,15709.4,15709.7,0.3,982.980014
2026-05-11T18:10:00+00:00,15709.4,15712.45,15709.4,15712.1,15709.2,15709.6,15712.3,15712.6,15709.2,15709.6,15711.9,15712.3,0.4,454.7600088
2026-05-11T18:20:00+00:00,15711.95,15715.2,15711.9,15713.45,15711.8,15712.1,15714.9,15715.5,15711.7,15712.1,15713.3,15713.6,0.3,1048.740025
2026-05-11T18:30:00+00:00,15713.5,15716.65,15713.1,15716.4,15713.3,15713.7,15716.4,15716.9,15712.9,15713.3,15716.2,15716.6,0.4,714.1300107
2026-05-11T18:40:00+00:00,15716.35,15720.5,15715.85,15720.45,15716.2,15716.5,15720.3,15720.7,15715.7,15716,15720.3,15720.6,0.3,1018.560018
2026-05-11T18:50:00+00:00,15720.4,15721,15719.05,15720.7,15720.2,15720.6,15720.8,15721.2,15718.7,15719.4,15720.5,15720.9,0.4,1161.080018
2026-05-11T19:00:00+00:00,15720.75,15721.75,15720.3,15721.5,15720.6,15720.9,15721.6,15721.9,15720.1,15720.5,15721.3,15721.7,0.4,927.9500124
2026-05-11T19:10:00+00:00,15721.35,15724.4,15721.15,15722.7,15721.2,15721.5,15724.2,15724.6,15721,15721.3,15722.5,15722.9,0.4,873.7600155
2026-05-11T19:20:00+00:00,15722.6,15724.7,15721,15724.6,15722.4,15722.8,15724.5,15724.9,15720.8,15721.2,15724.5,15724.7,0.2,507.9100084
2026-05-11T19:30:00+00:00,15724.45,15726.75,15724.35,15726.1,15724.2,15724.7,15726.5,15727,15724.2,15724.5,15725.8,15726.4,0.6,739.450013
2026-05-11T19:40:00+00:00,15726.1,15726.65,15724.85,15726.2,15725.9,15726.3,15726.5,15726.8,15724.7,15725,15726,15726.4,0.4,606.9000084
2026-05-11T19:50:00+00:00,15726.05,15726.4,15724.15,15724.45,15725.9,15726.2,15726.2,15726.6,15724,15724.3,15724.3,15724.6,0.3,896.1600115
2026-05-11T20:00:00+00:00,15724.4,15724.45,15721.25,15723.9,15724.3,15724.5,15724.3,15724.6,15721.1,15721.4,15723.7,15724.1,0.4,652.2800152
2026-05-11T20:10:00+00:00,15723.8,15727.35,15722.6,15724,15723.6,15724,15727.2,15727.5,15722.4,15722.8,15723.7,15724.3,0.6,938.4600204
2026-05-11T20:20:00+00:00,15723.95,15724.45,15721.85,15722.3,15723.7,15724.2,15724.1,15724.8,15721.6,15722.1,15722,15722.6,0.6,462.4100097
2026-05-11T20:30:00+00:00,15722.25,15722.4,15721,15722.05,15721.9,15722.6,15722.1,15722.7,15720.8,15721.2,15721.7,15722.4,0.7,588.4600044
2026-05-11T20:40:00+00:00,15722.1,15722.25,15720.8,15721.4,15721.8,15722.4,15722.1,15722.4,15720.5,15721.1,15721.1,15721.7,0.6,929.1000104
2026-05-11T20:50:00+00:00,15721.5,15723.4,15716.75,15717.1,15721.2,15721.8,15722.8,15724,15714.8,15718.7,15715.5,15718.7,3.2,950.0700052
2026-05-11T21:00:00+00:00,15717.2,15719.6,15711.9,15715.75,15715.2,15719.2,15715.2,15724,15705,15718.8,15710.7,15720.8,10.1,131.4899975
2026-05-11T21:10:00+00:00,15715.75,15720.55,15715.55,15717.7,15710.5,15721,15715.1,15726,15710.5,15720.6,15713.9,15721.5,7.6,319.1899948
2026-05-11T21:20:00+00:00,15718.05,15720.7,15716.85,15720.1,15714.4,15721.7,15715.4,15726,15713.5,15720.2,15715.3,15724.9,9.6,261.2799942
2026-05-11T21:30:00+00:00,15718.8,15719.75,15718.5,15718.75,15715.3,15722.3,15717.1,15722.4,15715.1,15721.9,15715.4,15722.1,6.7,294.24
2026-05-11T21:40:00+00:00,15718.65,15719.55,15718,15718.55,15715.1,15722.2,15716.9,15722.2,15715.1,15720.9,15716.2,15720.9,4.7,187.1999989
2026-05-11T21:50:00+00:00,15718.6,15719.1,15713.45,15715.15,15716.3,15720.9,15716.3,15721.9,15709.9,15717,15711.9,15718.4,6.5,499.6700004
2026-05-11T22:00:00+00:00,15716.3,15720.4,15714.15,15718.45,15711.5,15721.1,15719.6,15721.2,15711.5,15716.8,15718,15718.9,0.9,481.3999958
2026-05-11T22:10:00+00:00,15718.25,15719.35,15716.75,15719.15,15717.8,15718.7,15718.9,15719.8,15716.3,15717.2,15718.7,15719.6,0.9,173.8400055
2026-05-11T22:20:00+00:00,15719.05,15720.5,15717.8,15719.55,15718.6,15719.5,15720.1,15720.9,15717.2,15718.4,15719.2,15719.9,0.7,205.6200054
2026-05-11T22:30:00+00:00,15719.6,15719.9,15719.1,15719.4,15719.2,15720,15719.5,15720.3,15718.7,15719.5,15719,15719.8,0.8,207.9700055
2026-05-11T22:40:00+00:00,15719.5,15719.7,15718.95,15719.35,15719.1,15719.9,15719.2,15720.2,15718.5,15719.4,15719,15719.7,0.7,127.0900021
2026-05-11T22:50:00+00:00,15719.4,15719.7,15718.6,15719.45,15718.9,15719.9,15719.4,15720,15718.2,15719,15719,15719.9,0.9,134.9100025
2026-05-11T23:00:00+00:00,15719.35,15720.55,15718.45,15719.8,15719,15719.7,15720.3,15720.8,15718.2,15718.7,15719.5,15720.1,0.6,170.5200034
2026-05-11T23:10:00+00:00,15720.1,15722.3,15719.3,15722.15,15720,15720.2,15722,15722.6,15719.2,15719.4,15721.9,15722.4,0.5,311.8400048
2026-05-11T23:20:00+00:00,15722.05,15723.25,15720.7,15723.2,15721.8,15722.3,15723,15723.5,15720.4,15721,15722.9,15723.5,0.6,168.7300026
2026-05-11T23:30:00+00:00,15723.1,15724.4,15722.05,15722.75,15722.8,15723.4,15724.1,15724.7,15721.7,15722.4,15722.5,15723,0.5,330.2500051
2026-05-11T23:40:00+00:00,15722.85,15724.45,15722.7,15724.15,15722.7,15723,15724.2,15724.7,15722.4,15723,15723.8,15724.5,0.7,595.7300088
2026-05-11T23:50:00+00:00,15724.2,15724.7,15720.05,15724.1,15723.8,15724.6,15724.5,15724.9,15719.7,15720.4,15723.8,15724.4,0.6,941.640017
2026-05-12T00:00:00+00:00,15724.05,15729.9,15724.05,15729.2,15723.8,15724.3,15729.6,15730.2,15723.8,15724.3,15729,15729.4,0.4,1853.020043
2026-05-12T00:10:00+00:00,15728.65,15729.05,15725.4,15726.6,15728.5,15728.8,15728.8,15729.3,15725.1,15725.7,15726.4,15726.8,0.4,1026.130023
2026-05-12T00:20:00+00:00,15726.7,15729.85,15726.25,15727.85,15726.4,15727,15729.6,15730.1,15726.1,15726.4,15727.6,15728.1,0.5,922.0500171
2026-05-12T00:30:00+00:00,15727.75,15730.65,15727.6,15730.1,15727.5,15728,15730.4,15730.9,15727.3,15727.9,15729.9,15730.3,0.4,1165.680015
2026-05-12T00:40:00+00:00,15730.2,15734.45,15729.95,15733.3,15729.9,15730.5,15734.2,15734.7,15729.7,15730.2,15732.9,15733.7,0.8,1250.670018
2026-05-12T00:50:00+00:00,15733.35,15743.5,15732.85,15742.1,15733,15733.7,15743.2,15743.8,15732.7,15733,15741.8,15742.4,0.6,4023.630049
2026-05-12T01:00:00+00:00,15742.5,15748.65,15737.6,15747.8,15742.4,15742.6,15748.4,15748.9,15737.4,15737.8,15747.5,15748.1,0.6,3219.120048
2026-05-12T01:10:00+00:00,15747.85,15750.4,15746.75,15749.15,15747.5,15748.2,15750.2,15750.6,15746.5,15747,15748.9,15749.4,0.5,2813.520039
2026-05-12T01:20:00+00:00,15749.1,15755,15747.65,15754.7,15748.8,15749.4,15754.8,15755.2,15747.4,15747.9,15754.5,15754.9,0.4,2233.570025
2026-05-12T01:30:00+00:00,15754.65,15755.15,15749.5,15754.5,15754.4,15754.9,15754.9,15755.4,15749.2,15749.8,15754.3,15754.7,0.4,1602.19003
2026-05-12T01:40:00+00:00,15754.35,15758.75,15753.75,15753.85,15754.3,15754.4,15758.4,15759.1,15753.5,15754,15753.6,15754.1,0.5,2506.630035
2026-05-12T01:50:00+00:00,15753.75,15755,15751.35,15753.85,15753.5,15754,15754.8,15755.2,15751.1,15751.6,15753.7,15754,0.3,1505.150023
2026-05-12T02:00:00+00:00,15753.75,15756.7,15753.05,15755.6,15753.6,15753.9,15756.4,15757,15752.8,15753.3,15755.4,15755.8,0.4,1092.92002
2026-05-12T02:10:00+00:00,15755.55,15757.35,15754.9,15756.35,15755.3,15755.8,15757.1,15757.6,15754.7,15755.1,15756.1,15756.6,0.5,871.7900132
2026-05-12T02:20:00+00:00,15756.45,15758.75,15756.25,15757.65,15756.2,15756.7,15758.6,15758.9,15756,15756.5,15757.4,15757.9,0.5,1129.400017
2026-05-12T02:30:00+00:00,15757.8,15765.4,15757.45,15763.8,15757.7,15757.9,15765.1,15765.7,15757.2,15757.7,15763.5,15764.1,0.6,1856.990025
2026-05-12T02:40:00+00:00,15763.85,15764.2,15761.55,15761.6,15763.6,15764.1,15764,15764.4,15761.4,15761.7,15761.5,15761.7,0.2,884.3000114
2026-05-12T02:50:00+00:00,15761.5,15761.5,15755.95,15758.95,15761.3,15761.7,15761.3,15761.7,15755.7,15756.2,15758.8,15759.1,0.3,1386.820023
2026-05-12T03:00:00+00:00,15759,15762.65,15757.8,15761.05,15758.9,15759.1,15762.4,15762.9,15757.6,15758,15760.9,15761.2,0.3,927.300016
2026-05-12T03:10:00+00:00,15761,15761,15756.55,15756.7,15760.8,15761.2,15760.8,15761.2,15756.3,15756.8,15756.5,15756.9,0.4,816.0700161
2026-05-12T03:20:00+00:00,15756.75,15757.75,15755.1,15757.35,15756.6,15756.9,15757.5,15758,15754.9,15755.3,15757.1,15757.6,0.5,630.6600099
2026-05-12T03:30:00+00:00,15757.25,15760.8,15757.2,15758.95,15757,15757.5,15760.7,15760.9,15757,15757.4,15758.7,15759.2,0.5,704.3200089
2026-05-12T03:40:00+00:00,15759.1,15761.25,15757.55,15761.15,15758.9,15759.3,15761,15761.5,15757.3,15757.8,15761,15761.3,0.3,469.2000105
2026-05-12T03:50:00+00:00,15761.25,15764.1,15761.15,15761.45,15760.9,15761.6,15763.9,15764.3,15760.9,15761.4,15761.2,15761.7,0.5,1185.580018
2026-05-12T04:00:00+00:00,15761.5,15762.65,15760.85,15762.35,15761.3,15761.7,15762.4,15762.9,15760.7,15761,15762.2,15762.5,0.3,1344.970026
2026-05-12T04:10:00+00:00,15762.4,15763.95,15761.45,15762.2,15762.3,15762.5,15763.7,15764.2,15761.2,15761.7,15762,15762.4,0.4,820.3400143
2026-05-12T04:20:00+00:00,15762.35,15764,15761.4,15763.9,15762.1,15762.6,15763.8,15764.2,15761.2,15761.6,15763.7,15764.1,0.4,902.8500113
2026-05-12T04:30:00+00:00,15763.75,15763.75,15755.35,15755.5,15763.5,15764,15763.5,15764,15755,15755.7,15755.2,15755.8,0.6,1193.810014
2026-05-12T04:40:00+00:00,15755.6,15757.5,15754.95,15757.2,15755.3,15755.9,15757.2,15757.8,15754.7,15755.2,15757,15757.4,0.4,973.9700142
2026-05-12T04:50:00+00:00,15756.65,15758.8,15755.5,15758.75,15756.6,15756.7,15758.6,15759,15755.3,15755.7,15758.5,15759,0.5,1026.600019
2026-05-12T05:00:00+00:00,15758.65,15763.4,15758.65,15761.8,15758.4,15758.9,15763.2,15763.6,15758.4,15758.9,15761.6,15762,0.4,967.5900162
2026-05-12T05:10:00+00:00,15761.55,15765.6,15761.45,15764.45,15761.4,15761.7,15765.3,15765.9,15761.3,15761.6,15764.2,15764.7,0.5,791.6200154
2026-05-12T05:20:00+00:00,15764.4,15769,15763.6,15766.85,15764.1,15764.7,15768.8,15769.2,15763.4,15763.8,15766.6,15767.1,0.5,1136.710016
2026-05-12T05:30:00+00:00,15766.8,15775,15765.55,15774.7,15766.6,15767,15774.7,15775.3,15765.3,15765.8,15774.4,15775,0.6,1625.890024
2026-05-12T05:40:00+00:00,15774.5,15774.95,15772.1,15772.55,15774.2,15774.8,15774.6,15775.3,15771.9,15772.3,15772.2,15772.9,0.7,1124.32002
2026-05-12T05:50:00+00:00,15772.6,15774.35,15673.7,15731.1,15772.3,15772.9,15774.1,15774.6,15672.6,15674.8,15730.6,15731.6,1,7851.570138
2026-05-12T06:00:00+00:00,15731.65,15739.2,15706.7,15730.75,15731.5,15731.8,15738.8,15739.6,15706.4,15707,15730.4,15731.1,0.7,8096.540156
2026-05-12T06:10:00+00:00,15730.75,15735.2,15728,15735,15730.2,15731.3,15735.1,15735.3,15727.6,15728.4,15734.7,15735.3,0.6,4819.48008
2026-05-12T06:20:00+00:00,15735.05,15749.95,15735.05,15746.5,15734.8,15735.3,15749.7,15750.2,15734.8,15735.3,15746.2,15746.8,0.6,4288.070072
2026-05-12T06:30:00+00:00,15746.45,15750,15729.3,15737,15746.2,15746.7,15749.7,15750.3,15729,15729.6,15736.7,15737.3,0.6,4475.800072
2026-05-12T06:40:00+00:00,15736.95,15744.95,15736.75,15741,15736.5,15737.4,15744.7,15745.2,15736.5,15737,15740.9,15741.1,0.2,3294.220051
2026-05-12T06:50:00+00:00,15741.4,15752.7,15738.95,15751.3,15741.2,15741.6,15752.5,15752.9,15738.6,15739.3,15751,15751.6,0.6,2891.23005
2026-05-12T07:00:00+00:00,15751.35,15755,15748.9,15752.7,15750.9,15751.8,15754.8,15755.2,15748.6,15749.2,15752.4,15753,0.6,2826.65005
2026-05-12T07:10:00+00:00,15752.85,15754.85,15746.55,15747.3,15752.6,15753.1,15754.6,15755.1,15746.3,15746.8,15747,15747.6,0.6,2952.290045
2026-05-12T07:20:00+00:00,15747.3,15751.95,15739.35,15746.65,15747,15747.6,15751.7,15752.2,15739.2,15739.5,15746.4,15746.9,0.5,3203.400049
2026-05-12T07:30:00+00:00,15746.7,15750.8,15741.4,15742.35,15746.4,15747,15750.6,15751,15741.3,15741.5,15742.2,15742.5,0.3,2400.350039
2026-05-12T07:40:00+00:00,15742.4,15754.2,15742.35,15753.15,15742.3,15742.5,15754,15754.4,15742.2,15742.5,15752.9,15753.4,0.5,1909.790033
2026-05-12T07:50:00+00:00,15753.25,15757.05,15748.85,15750.75,15753,15753.5,15756.8,15757.3,15748.7,15749,15750.5,15751,0.5,3348.140058
2026-05-12T08:00:00+00:00,15750.55,15754.45,15749.1,15751.75,15750.4,15750.7,15754.2,15754.7,15748.9,15749.3,15751.4,15752.1,0.7,2906.380045
2026-05-12T08:10:00+00:00,15751.8,15760.9,15750.7,15760.25,15751.5,15752.1,15760.6,15761.2,15750.5,15750.9,15759.9,15760.6,0.7,2944.18004
2026-05-12T08:20:00+00:00,15760.3,15762.85,15756.35,15762.55,15760.1,15760.5,15762.5,15763.2,15756.1,15756.6,15762.2,15762.9,0.7,2529.280036
2026-05-12T08:30:00+00:00,15762.45,15765.8,15761.65,15763.9,15762.1,15762.8,15765.5,15766.1,15761.4,15761.9,15763.6,15764.2,0.6,1426.460025
2026-05-12T08:40:00+00:00,15763.85,15765.5,15755.1,15759.3,15763.5,15764.2,15765.2,15765.8,15755,15755.2,15759.1,15759.5,0.4,2900.910051
2026-05-12T08:50:00+00:00,15759.2,15763.4,15758.6,15761.85,15759,15759.4,15763.1,15763.7,15758.2,15759,15761.6,15762.1,0.5,1289.970024
2026-05-12T09:00:00+00:00,15762.3,15765.45,15760.9,15765.1,15762,15762.6,15765.2,15765.7,15760.7,15761.1,15764.9,15765.3,0.4,1593.820029
2026-05-12T09:10:00+00:00,15765,15766.65,15763.2,15763.7,15764.8,15765.2,15766.5,15766.8,15763,15763.4,15763.5,15763.9,0.4,1810.500034
2026-05-12T09:20:00+00:00,15763.6,15766,15759.9,15760,15763.5,15763.7,15765.8,15766.2,15759.6,15760.2,15759.8,15760.2,0.4,1513.690021
2026-05-12T09:30:00+00:00,15759.95,15762.6,15754.1,15758.9,15759.8,15760.1,15762.3,15762.9,15754,15754.2,15758.7,15759.1,0.4,2492.530042
2026-05-12T09:40:00+00:00,15759,15761.4,15755.8,15758.7,15758.8,15759.2,15761.2,15761.6,15755.5,15756.1,15758.5,15758.9,0.4,1781.070028
2026-05-12T09:50:00+00:00,15758.6,15760.3,15754.2,15756.35,15758.4,15758.8,15760.1,15760.5,15754,15754.4,15756.2,15756.5,0.3,1409.220022
2026-05-12T10:00:00+00:00,15756.4,15759.3,15755.15,15757.75,15756.3,15756.5,15759.1,15759.5,15754.9,15755.4,15757.6,15757.9,0.3,1087.060019
2026-05-12T10:10:00+00:00,15757.8,15760.85,15757.1,15759.05,15757.6,15758,15760.7,15761,15756.9,15757.3,15758.9,15759.2,0.3,738.3300143
2026-05-12T10:20:00+00:00,15759.1,15761.65,15755.5,15755.5,15758.9,15759.3,15761.5,15761.8,15755.3,15755.7,15755.3,15755.7,0.4,1208.340019
2026-05-12T10:30:00+00:00,15755.5,15755.55,15749.45,15754.1,15755.2,15755.8,15755.3,15755.8,15749.2,15749.7,15753.9,15754.3,0.4,1645.260027
2026-05-12T10:40:00+00:00,15754,15754.5,15751.3,15754,15753.8,15754.2,15754.3,15754.7,15751.1,15751.5,15753.8,15754.2,0.4,1054.060019
2026-05-12T10:50:00+00:00,15754.1,15757.1,15752.9,15756.15,15753.9,15754.3,15756.9,15757.3,15752.8,15753,15756,15756.3,0.3,984.4500153
2026-05-12T11:00:00+00:00,15756,15760.8,15755.05,15755.05,15755.8,15756.2,15760.6,15761,15754.8,15755.3,15754.8,15755.3,0.5,1640.530026
2026-05-12T11:10:00+00:00,15755.2,15756.6,15750.2,15754.75,15755,15755.4,15756.4,15756.8,15750,15750.4,15754.5,15755,0.5,2269.260024
2026-05-12T11:20:00+00:00,15754.85,15756.7,15753.1,15756.4,15754.7,15755,15756.5,15756.9,15752.9,15753.3,15756.1,15756.7,0.6,1078.380016
2026-05-12T11:30:00+00:00,15756.5,15756.65,15750.4,15751.8,15756.3,15756.7,15756.4,15756.9,15750.1,15750.7,15751.7,15751.9,0.2,1221.740023
2026-05-12T11:40:00+00:00,15751.75,15754.05,15750.5,15753.85,15751.6,15751.9,15753.8,15754.3,15750.2,15750.8,15753.6,15754.1,0.5,1463.740022
2026-05-12T11:50:00+00:00,15753.8,15757.95,15751.8,15757.4,15753.6,15754,15757.8,15758.1,15751.7,15751.9,15757.2,15757.6,0.4,2101.040028
2026-05-12T12:00:00+00:00,15757.45,15759.05,15752.7,15758.25,15757.3,15757.6,15758.8,15759.3,15752.4,15753,15758.1,15758.4,0.3,2750.74004
2026-05-12T12:10:00+00:00,15758.15,15760.1,15756,15758.85,15758,15758.3,15759.9,15760.3,15755.8,15756.2,15758.7,15759,0.3,1666.49003
2026-05-12T12:20:00+00:00,15758.9,15762.6,15758,15758.6,15758.7,15759.1,15762.4,15762.8,15757.1,15758.9,15757.9,15759.3,1.4,2058.990031
2026-05-12T12:30:00+00:00,15758.8,15764.8,15754.5,15757.75,15757.6,15760,15764.4,15765.2,15754.2,15754.8,15757.6,15757.9,0.3,4269.100078
2026-05-12T12:40:00+00:00,15757.8,15758.9,15754.05,15756.75,15757.6,15758,15758.6,15759.2,15753.8,15754.3,15756.6,15756.9,0.3,2449.930044
2026-05-12T12:50:00+00:00,15756.8,15757.7,15751.85,15755.3,15756.6,15757,15757.5,15757.9,15751.6,15752.1,15755.1,15755.5,0.4,2120.020037
2026-05-12T13:00:00+00:00,15755.35,15757.1,15748.4,15755.75,15755.1,15755.6,15756.9,15757.3,15748.1,15748.7,15755.6,15755.9,0.3,3378.660044
2026-05-12T13:10:00+00:00,15755.7,15762.7,15752.35,15761.35,15755.5,15755.9,15762.5,15762.9,15752.1,15752.6,15761.2,15761.5,0.3,3261.350057
2026-05-12T13:20:00+00:00,15761.5,15762.45,15754.5,15758,15761.3,15761.7,15762.2,15762.7,15754.3,15754.7,15757.8,15758.2,0.4,2259.170037
2026-05-12T13:30:00+00:00,15758.2,15762.5,15755.75,15761.7,15758,15758.4,15762.3,15762.7,15755.6,15755.9,15761.6,15761.8,0.2,3000.24005
2026-05-12T13:40:00+00:00,15761.95,15765,15759,15764.85,15761.8,15762.1,15764.8,15765.2,15758.7,15759.3,15764.6,15765.1,0.5,2715.440048
2026-05-12T13:50:00+00:00,15764.95,15766.8,15764,15765.1,15764.7,15765.2,15766.6,15767,15763.8,15764.2,15764.8,15765.4,0.6,2069.510036
2026-05-12T14:00:00+00:00,15764.8,15765.45,15761.15,15761.65,15764.6,15765,15765.3,15765.6,15760.9,15761.4,15761.4,15761.9,0.5,2461.390045
2026-05-12T14:10:00+00:00,15761.75,15762.8,15757.45,15762.15,15761.5,15762,15762.6,15763,15757.2,15757.7,15761.9,15762.4,0.5,2134.690035
2026-05-12T14:20:00+00:00,15762.15,15762.75,15758.7,15760.4,15761.9,15762.4,15762.5,15763,15758.5,15758.9,15760.2,15760.6,0.4,1957.78003
2026-05-12T14:30:00+00:00,15760.3,15762.85,15757.85,15762.4,15760,15760.6,15762.6,15763.1,15757.6,15758.1,15762.2,15762.6,0.4,2547.990042
2026-05-12T14:40:00+00:00,15762.55,15765.2,15760.1,15762.65,15762.3,15762.8,15764.9,15765.5,15759.8,15760.4,15762.4,15762.9,0.5,2194.370028
2026-05-12T14:50:00+00:00,15762.7,15770.2,15759.9,15762.5,15762.5,15762.9,15770.1,15770.3,15759.7,15760.1,15762.4,15762.6,0.2,3615.760057
2026-05-12T15:00:00+00:00,15762.45,15767.1,15761.3,15763.65,15762.4,15762.5,15766.8,15767.4,15761.2,15761.4,15763.3,15764,0.7,3337.120052
2026-05-12T15:10:00+00:00,15763.45,15770.35,15763.2,15770,15763.3,15763.6,15770.1,15770.6,15762.9,15763.5,15769.7,15770.3,0.6,1925.340029
2026-05-12T15:20:00+00:00,15770,15775.25,15768.95,15774.85,15769.7,15770.3,15774.9,15775.6,15768.6,15769.3,15774.7,15775,0.3,2056.430038
2026-05-12T15:30:00+00:00,15774.6,15775.2,15769.9,15772.45,15774.5,15774.7,15775,15775.4,15769.7,15770.1,15772.2,15772.7,0.5,1732.350031
2026-05-12T15:40:00+00:00,15772,15772.6,15768.55,15771.85,15771.9,15772.1,15772.3,15772.9,15768.3,15768.8,15771.6,15772.1,0.5,1417.500028
2026-05-12T15:50:00+00:00,15771.95,15773.15,15769.9,15771.15,15771.8,15772.1,15772.9,15773.4,15769.7,15770.1,15770.9,15771.4,0.5,1017.740015
2026-05-12T16:00:00+00:00,15771.1,15772.95,15770.45,15771.75,15770.9,15771.3,15772.6,15773.3,15770.2,15770.7,15771.5,15772,0.5,1448.090023
2026-05-12T16:10:00+00:00,15771.7,15772.65,15767.55,15769.45,15771.5,15771.9,15772.4,15772.9,15767.4,15767.7,15769.3,15769.6,0.3,1235.840017
2026-05-12T16:20:00+00:00,15769.6,15770.75,15768.15,15770.05,15769.3,15769.9,15770.5,15771,15767.9,15768.4,15769.9,15770.2,0.3,1065.880018
2026-05-12T16:30:00+00:00,15770.1,15772.9,15769.35,15770.2,15769.9,15770.3,15772.7,15773.1,15769.1,15769.6,15770,15770.4,0.4,903.9300184
2026-05-12T16:40:00+00:00,15770.3,15775.3,15769.1,15774.4,15770.1,15770.5,15775.1,15775.5,15768.9,15769.3,15774.2,15774.6,0.4,995.700022
2026-05-12T16:50:00+00:00,15774.55,15776.5,15773.8,15775.25,15774.4,15774.7,15776.3,15776.7,15773.6,15774,15774.9,15775.6,0.7,944.0900171
2026-05-12T17:00:00+00:00,15774.9,15775.55,15769.1,15770.4,15774.8,15775,15775.3,15775.8,15768.9,15769.3,15770.2,15770.6,0.4,1210.790016
2026-05-12T17:10:00+00:00,15770.55,15774,15770.2,15771.65,15770.4,15770.7,15773.9,15774.1,15770,15770.4,15771.5,15771.8,0.3,961.3300171
2026-05-12T17:20:00+00:00,15771.5,15772.9,15768.9,15770.15,15771.3,15771.7,15772.7,15773.1,15768.7,15769.1,15770,15770.3,0.3,2054.860016
2026-05-12T17:30:00+00:00,15770.2,15770.8,15769,15769.45,15770,15770.4,15770.6,15771,15768.9,15769.1,15769.3,15769.6,0.3,411.3000085
2026-05-12T17:40:00+00:00,15769.35,15770.8,15769,15769.95,15769.2,15769.5,15770.6,15771,15768.9,15769.1,15769.8,15770.1,0.3,497.2400078
2026-05-12T17:50:00+00:00,15770,15770.8,15768.3,15769.45,15769.9,15770.1,15770.6,15771,15768.1,15768.5,15769.3,15769.6,0.3,766.1200167
2026-05-12T18:00:00+00:00,15769.55,15772.5,15768.1,15769.85,15769.4,15769.7,15772.2,15772.8,15767.9,15768.3,15769.6,15770.1,0.5,1183.980023
2026-05-12T18:10:00+00:00,15769.7,15771.35,15764.6,15765.45,15769.5,15769.9,15771.1,15771.6,15764.4,15764.8,15765.3,15765.6,0.3,690.8800128
2026-05-12T18:20:00+00:00,15765.6,15765.6,15760.35,15760.95,15765.4,15765.8,15765.4,15765.8,15760.2,15760.5,15760.8,15761.1,0.3,1264.720026
2026-05-12T18:30:00+00:00,15760.9,15764,15760,15763.2,15760.8,15761,15763.8,15764.2,15759.9,15760.1,15763.1,15763.3,0.2,1300.560029
2026-05-12T18:40:00+00:00,15763.25,15763.9,15761.85,15763.45,15763.1,15763.4,15763.7,15764.1,15761.7,15762,15763.3,15763.6,0.3,692.0400155
2026-05-12T18:50:00+00:00,15763.85,15764.15,15758.9,15759.4,15763.8,15763.9,15764,15764.3,15758.8,15759,15759.2,15759.6,0.4,744.1000146
2026-05-12T19:00:00+00:00,15759.45,15759.7,15757.6,15758.5,15759.3,15759.6,15759.5,15759.9,15757.4,15757.8,15758.3,15758.7,0.4,551.5200125
2026-05-12T19:10:00+00:00,15758.35,15759.3,15755.8,15757,15758.2,15758.5,15759.1,15759.5,15755.6,15756,15756.8,15757.2,0.4,603.2800113
2026-05-12T19:20:00+00:00,15757.1,15758.4,15756.8,15756.8,15756.9,15757.3,15758.2,15758.6,15756.6,15757,15756.6,15757,0.4,379.3300073
2026-05-12T19:30:00+00:00,15756.3,15758.25,15752.15,15753.5,15756.2,15756.4,15758,15758.5,15752,15752.3,15753.3,15753.7,0.4,652.8500117
2026-05-12T19:40:00+00:00,15753.7,15758.3,15753.6,15756.6,15753.4,15754,15758.2,15758.4,15753.4,15753.8,15756.4,15756.8,0.4,496.7300119
2026-05-12T19:50:00+00:00,15756.55,15763.85,15754.55,15763.75,15756.4,15756.7,15763.7,15764,15754.4,15754.7,15763.7,15763.8,0.1,1686.510029
2026-05-12T20:00:00+00:00,15763.4,15764.25,15759.7,15761.85,15763.3,15763.5,15764,15764.5,15759.5,15759.9,15761.7,15762,0.3,748.2800145
2026-05-12T20:10:00+00:00,15761.8,15763.6,15761.55,15762,15761.7,15761.9,15763.4,15763.8,15761.3,15761.8,15761.7,15762.3,0.6,267.7600075
2026-05-12T20:20:00+00:00,15762.1,15764.45,15762.1,15763.5,15761.8,15762.4,15764.2,15764.7,15761.8,15762.4,15763.2,15763.8,0.6,319.9200093
2026-05-12T20:30:00+00:00,15763.6,15764.4,15762.95,15763.25,15763.4,15763.8,15764.1,15764.7,15762.6,15763.3,15763,15763.5,0.5,314.6700091
2026-05-12T20:40:00+00:00,15763.35,15766.1,15763.25,15765.95,15763,15763.7,15765.7,15766.5,15762.9,15763.6,15765.5,15766.4,0.9,603.1300142
2026-05-12T20:50:00+00:00,15766,15766,15760.45,15763.3,15765.6,15766.4,15765.6,15766.4,15759.7,15761.2,15760.7,15765.9,5.2,1165.780011
2026-05-12T21:00:00+00:00,15763.25,15765.6,15758.25,15762.65,15760.6,15765.9,15760.6,15770.6,15751.3,15765.2,15758.9,15766.4,7.5,70.00999932
2026-05-12T21:10:00+00:00,15762.65,15762.8,15757.2,15759.9,15758.8,15766.5,15758.9,15766.7,15751.7,15762.7,15755.5,15764.3,8.8,64.43999968
2026-05-12T21:20:00+00:00,15759.05,15762.75,15758.85,15759.9,15755.6,15762.5,15758.9,15766.6,15755.3,15762.4,15757.1,15762.7,5.6,68.98000044
2026-05-12T21:30:00+00:00,15759.95,15765,15758.6,15761.05,15757.1,15762.8,15762.7,15767.3,15755.1,15762.1,15759.7,15762.4,2.7,126.8100021
2026-05-12T21:40:00+00:00,15761.15,15761.25,15758.95,15760.05,15759.7,15762.6,15759.9,15762.6,15757.4,15760.5,15759.5,15760.6,1.1,165.1800047
2026-05-12T21:50:00+00:00,15760.15,15760.65,15757.6,15758.1,15759.7,15760.6,15759.7,15761.6,15754.6,15760.6,15755.5,15760.7,5.2,267.780007
2026-05-12T22:00:00+00:00,15759.35,15761.85,15757.35,15760.4,15759.3,15759.4,15760.6,15763.1,15756,15758.7,15760,15760.8,0.8,356.9400005
2026-05-12T22:10:00+00:00,15761.2,15762.3,15759.9,15760.5,15761,15761.4,15762,15762.6,15759.5,15760.3,15760.1,15760.9,0.8,184.4000041
2026-05-12T22:20:00+00:00,15760.45,15761.1,15759.15,15760.6,15760.1,15760.8,15760.7,15761.5,15758.7,15759.6,15760.3,15760.9,0.6,169.7900041
2026-05-12T22:30:00+00:00,15760.75,15761.75,15760.4,15761.4,15760.3,15761.2,15761.4,15762.1,15760,15760.8,15761,15761.8,0.8,217.4100053
2026-05-12T22:40:00+00:00,15761.45,15761.5,15759,15759.15,15761.1,15761.8,15761.1,15761.9,15758.6,15759.4,15758.7,15759.6,0.9,230.4200009
2026-05-12T22:50:00+00:00,15759.25,15760.95,15759.1,15760.25,15758.9,15759.6,15760.5,15761.4,15758.7,15759.5,15759.7,15760.8,1.1,210.5700039
2026-05-12T23:00:00+00:00,15760.15,15760.35,15758.4,15759.65,15759.6,15760.7,15760,15760.7,15758,15758.8,15759.2,15760.1,0.9,342.5000086
2026-05-12T23:10:00+00:00,15759.85,15761.6,15759.55,15760.5,15759.5,15760.2,15761.4,15761.8,15759.3,15759.8,15760.3,15760.7,0.4,420.1000075
2026-05-12T23:20:00+00:00,15760.55,15761.95,15760.25,15760.65,15760.4,15760.7,15761.8,15762.1,15759.9,15760.6,15760.5,15760.8,0.3,316.0400069
2026-05-12T23:30:00+00:00,15760.7,15760.7,15756.55,15759.3,15760.5,15760.9,15760.5,15760.9,15756.2,15756.9,15759,15759.6,0.6,227.2500041
2026-05-12T23:40:00+00:00,15759.4,15763.95,15759.2,15763.9,15759.1,15759.7,15763.6,15764.3,15758.9,15759.5,15763.5,15764.3,0.8,383.5600058
2026-05-12T23:50:00+00:00,15763.95,15767.85,15763.85,15767.3,15763.6,15764.3,15767.5,15768.2,15763.5,15764.2,15767,15767.6,0.6,730.6200075
2026-05-13T00:00:00+00:00,15767.55,15768.75,15763.55,15766.65,15767.3,15767.8,15768.5,15769,15763.2,15763.9,15766.3,15767,0.7,1463.370026
2026-05-13T00:10:00+00:00,15766.75,15771,15765.25,15765.45,15766.5,15767,15770.8,15771.2,15765,15765.5,15765.1,15765.8,0.7,806.0100119
2026-05-13T00:20:00+00:00,15765.4,15767.8,15763.8,15766.6,15765.1,15765.7,15767.6,15768,15763.5,15764.1,15766.3,15766.9,0.6,1286.350021
2026-05-13T00:30:00+00:00,15766.5,15772.6,15765.5,15766.15,15766.4,15766.6,15772.4,15772.8,15765.3,15765.7,15765.9,15766.4,0.5,1708.090028
2026-05-13T00:40:00+00:00,15766.3,15772.6,15765.75,15772.4,15766,15766.6,15772.4,15772.8,15765.5,15766,15772.2,15772.6,0.4,1144.430017
2026-05-13T00:50:00+00:00,15772.35,15777,15770.4,15771.3,15772.1,15772.6,15776.7,15777.3,15770.2,15770.6,15771.1,15771.5,0.4,2858.950044
2026-05-13T01:00:00+00:00,15771.35,15775.55,15769.15,15772.8,15771.1,15771.6,15775.4,15775.7,15768.9,15769.4,15772.5,15773.1,0.6,1970.940043
2026-05-13T01:10:00+00:00,15772.6,15778.3,15772.3,15777.5,15772.3,15772.9,15778.1,15778.5,15772,15772.6,15777.2,15777.8,0.6,1556.360024
2026-05-13T01:20:00+00:00,15777.6,15777.6,15758.85,15766.6,15777.3,15777.9,15777.3,15777.9,15758.7,15759,15766.2,15767,0.8,2751.360041
2026-05-13T01:30:00+00:00,15766.75,15768.9,15762,15762.6,15766.5,15767,15768.6,15769.2,15761.7,15762.3,15762.4,15762.8,0.4,2086.760028
2026-05-13T01:40:00+00:00,15762.65,15765.15,15756.4,15758.25,15762.4,15762.9,15764.8,15765.5,15756.2,15756.6,15758.1,15758.4,0.3,1785.510026
2026-05-13T01:50:00+00:00,15758.75,15768.35,15756.6,15765.3,15758.6,15758.9,15768.1,15768.6,15756.4,15756.8,15765,15765.6,0.6,3044.880035
2026-05-13T02:00:00+00:00,15765.4,15767.4,15760.15,15766.9,15765.2,15765.6,15767.2,15767.6,15759.9,15760.4,15766.6,15767.2,0.6,2044.230021
2026-05-13T02:10:00+00:00,15766.85,15771.65,15766.4,15771.3,15766.4,15767.3,15771.3,15772,15766.1,15766.7,15770.9,15771.7,0.8,1180.570013
2026-05-13T02:20:00+00:00,15771.35,15772.8,15767.65,15767.9,15771.1,15771.6,15772.5,15773.1,15767.4,15767.9,15767.7,15768.1,0.4,865.0900115
2026-05-13T02:30:00+00:00,15767.8,15770.4,15767.65,15769.05,15767.6,15768,15770.2,15770.6,15767.4,15767.9,15768.8,15769.3,0.5,351.5200065
2026-05-13T02:40:00+00:00,15768.95,15769.9,15765.45,15765.5,15768.7,15769.2,15769.7,15770.1,15765.2,15765.7,15765.3,15765.7,0.4,430.1800098
2026-05-13T02:50:00+00:00,15765.45,15767.95,15763.65,15765.75,15765.2,15765.7,15767.7,15768.2,15763.4,15763.9,15765.5,15766,0.5,773.2300116
2026-05-13T03:00:00+00:00,15765.6,15768.15,15765,15766.5,15765.3,15765.9,15767.9,15768.4,15764.8,15765.2,15766.2,15766.8,0.6,1149.100018
2026-05-13T03:10:00+00:00,15766.55,15767.65,15764.1,15766.9,15766.3,15766.8,15767.4,15767.9,15763.8,15764.4,15766.6,15767.2,0.6,740.8900118
2026-05-13T03:20:00+00:00,15766.85,15767.75,15764.9,15765.15,15766.6,15767.1,15767.5,15768,15764.8,15765,15764.9,15765.4,0.5,563.4400096
2026-05-13T03:30:00+00:00,15765.25,15766.65,15762.9,15765.45,15765,15765.5,15766.4,15766.9,15762.7,15763.1,15765.2,15765.7,0.5,1155.410018
2026-05-13T03:40:00+00:00,15765.35,15767.35,15764.3,15767.15,15765.1,15765.6,15767.1,15767.6,15764.2,15764.4,15767,15767.3,0.3,547.6800073
2026-05-13T03:50:00+00:00,15767.1,15768.7,15765.65,15768.15,15767,15767.2,15768.5,15768.9,15765.4,15765.9,15767.9,15768.4,0.5,531.0000124
2026-05-13T04:00:00+00:00,15768,15769.15,15767.3,15768.9,15767.8,15768.2,15768.9,15769.4,15767.1,15767.5,15768.7,15769.1,0.4,621.3400096
2026-05-13T04:10:00+00:00,15768.85,15769.7,15767.55,15769.7,15768.6,15769.1,15769.4,15770,15767.3,15767.8,15769.4,15770,0.6,400.9300079
2026-05-13T04:20:00+00:00,15769.85,15771.35,15768.65,15771.1,15769.7,15770,15771.1,15771.6,15768.3,15769,15770.7,15771.5,0.8,541.0500091
2026-05-13T04:30:00+00:00,15771.25,15775.15,15771.25,15773.75,15771,15771.5,15774.9,15775.4,15771,15771.5,15773.4,15774.1,0.7,837.2800128
2026-05-13T04:40:00+00:00,15773.85,15774.55,15772.35,15772.45,15773.6,15774.1,15774.3,15774.8,15772,15772.7,15772.2,15772.7,0.5,301.190006
2026-05-13T04:50:00+00:00,15772.55,15773.6,15771.7,15772.1,15772.1,15773,15773.4,15773.8,15771.4,15772,15771.9,15772.3,0.4,808.3600131
2026-05-13T05:00:00+00:00,15772.1,15773.65,15770.6,15771.55,15771.9,15772.3,15773.4,15773.9,15770.4,15770.8,15771.4,15771.7,0.3,794.1700149
2026-05-13T05:10:00+00:00,15771.8,15773.55,15770.45,15772.5,15771.7,15771.9,15773.2,15773.9,15770.3,15770.6,15772.1,15772.9,0.8,945.7200143
2026-05-13T05:20:00+00:00,15772.5,15773.75,15770.1,15771.35,15772.1,15772.9,15773.5,15774,15769.8,15770.4,15771.1,15771.6,0.5,726.1300145
2026-05-13T05:30:00+00:00,15771.25,15771.65,15770.15,15771.25,15771,15771.5,15771.4,15771.9,15769.9,15770.4,15771,15771.5,0.5,371.6900079
2026-05-13T05:40:00+00:00,15771.15,15772.25,15769.75,15770.75,15770.9,15771.4,15772,15772.5,15769.5,15770,15770.5,15771,0.5,516.1500081
2026-05-13T05:50:00+00:00,15770.7,15773.3,15768.7,15768.7,15770.4,15771,15773,15773.6,15768.3,15769.1,15768.3,15769.1,0.8,1340.110015
2026-05-13T06:00:00+00:00,15768.75,15772.95,15768.6,15772.4,15768.4,15769.1,15772.7,15773.2,15768.3,15768.9,15772.2,15772.6,0.4,1178.010016
2026-05-13T06:10:00+00:00,15772.45,15774,15770.35,15773.85,15772.2,15772.7,15773.8,15774.2,15770.1,15770.6,15773.7,15774,0.3,972.4000188
2026-05-13T06:20:00+00:00,15773.95,15773.95,15772.55,15773.9,15773.7,15774.2,15773.7,15774.2,15772.3,15772.8,15773.7,15774.1,0.4,811.5600151
2026-05-13T06:30:00+00:00,15773.95,15774.2,15771.25,15772.55,15773.8,15774.1,15774,15774.4,15771,15771.5,15772.3,15772.8,0.5,968.9500176
2026-05-13T06:40:00+00:00,15772.6,15775.2,15771.65,15774.8,15772.4,15772.8,15774.9,15775.5,15771.4,15771.9,15774.5,15775.1,0.6,890.7700139
2026-05-13T06:50:00+00:00,15774.75,15778.8,15774.1,15777.25,15774.5,15775,15778.6,15779,15773.9,15774.3,15777.1,15777.4,0.3,1143.69002
2026-05-13T07:00:00+00:00,15777.55,15777.8,15770.25,15771.8,15777.4,15777.7,15777.6,15778,15770,15770.5,15771.6,15772,0.4,1591.320024
2026-05-13T07:10:00+00:00,15771.8,15774.1,15769.8,15771.8,15771.5,15772.1,15773.9,15774.3,15769.7,15769.9,15771.5,15772.1,0.6,1060.130013
2026-05-13T07:20:00+00:00,15771.85,15772.65,15767.65,15768.5,15771.6,15772.1,15772.5,15772.8,15767.4,15767.9,15768.3,15768.7,0.4,906.2000127
2026-05-13T07:30:00+00:00,15768.75,15775,15768.4,15774.5,15768.5,15769,15774.8,15775.2,15768.2,15768.6,15774.3,15774.7,0.4,1024.710018
2026-05-13T07:40:00+00:00,15774.5,15778.7,15774.4,15776.45,15774.3,15774.7,15778.4,15779,15774.2,15774.6,15776.2,15776.7,0.5,1080.850016
2026-05-13T07:50:00+00:00,15776.6,15784.55,15776.4,15783.4,15776.4,15776.8,15784.4,15784.7,15776.2,15776.6,15783.1,15783.7,0.6,2044.770027
2026-05-13T08:00:00+00:00,15783.55,15784.55,15775.15,15777.7,15783.3,15783.8,15784.3,15784.8,15774.9,15775.4,15777.5,15777.9,0.4,2644.680038
2026-05-13T08:10:00+00:00,15777.45,15780.2,15776.5,15777.6,15777.4,15777.5,15780,15780.4,15776.3,15776.7,15777.4,15777.8,0.4,785.4600185
2026-05-13T08:20:00+00:00,15777.55,15779.9,15776.2,15777.1,15777.3,15777.8,15779.6,15780.2,15776,15776.4,15776.9,15777.3,0.4,859.0300169
2026-05-13T08:30:00+00:00,15776.75,15780,15776.35,15779.8,15776.6,15776.9,15779.8,15780.2,15776.1,15776.6,15779.6,15780,0.4,799.9400144
2026-05-13T08:40:00+00:00,15779.85,15783,15777.65,15779.3,15779.6,15780.1,15782.7,15783.3,15777.4,15777.9,15779.1,15779.5,0.4,957.1400206
2026-05-13T08:50:00+00:00,15779.6,15782.4,15778.5,15780.95,15779.5,15779.7,15782.2,15782.6,15778.3,15778.7,15780.7,15781.2,0.5,1438.450029
2026-05-13T09:00:00+00:00,15780.85,15784.75,15780.8,15783.8,15780.5,15781.2,15784.5,15785,15780.5,15781.1,15783.6,15784,0.4,1068.81002
2026-05-13T09:10:00+00:00,15783.9,15787.6,15783.4,15787.35,15783.7,15784.1,15787.4,15787.8,15783.1,15783.7,15787.2,15787.5,0.3,977.9700183
2026-05-13T09:20:00+00:00,15787.3,15788.55,15785.8,15788.5,15787.1,15787.5,15788.3,15788.8,15785.6,15786,15788.3,15788.7,0.4,782.1600111
2026-05-13T09:30:00+00:00,15788.4,15789.65,15785.4,15788.7,15788.2,15788.6,15789.5,15789.8,15785.2,15785.6,15788.5,15788.9,0.4,980.9200177
2026-05-13T09:40:00+00:00,15788.6,15789.75,15787.1,15788.5,15788.4,15788.8,15789.5,15790,15786.9,15787.3,15788.3,15788.7,0.4,515.5100098
2026-05-13T09:50:00+00:00,15788.4,15788.4,15778.45,15783.9,15788.2,15788.6,15788.2,15788.6,15778.1,15778.8,15783.7,15784.1,0.4,1214.290017
2026-05-13T10:00:00+00:00,15783.95,15784.6,15778.2,15778.6,15783.7,15784.2,15784.3,15784.9,15778,15778.4,15778.4,15778.8,0.4,1015.450018
2026-05-13T10:10:00+00:00,15778.7,15783.2,15778.7,15782.55,15778.5,15778.9,15783,15783.4,15778.5,15778.9,15782.4,15782.7,0.3,1428.610026
2026-05-13T10:20:00+00:00,15782.5,15785.1,15779.35,15785.1,15782.4,15782.6,15784.9,15785.3,15779.2,15779.5,15784.9,15785.3,0.4,1208.220026
2026-05-13T10:30:00+00:00,15785,15785.65,15784.05,15784.8,15784.8,15785.2,15785.5,15785.8,15783.9,15784.2,15784.6,15785,0.4,659.6500115
2026-05-13T10:40:00+00:00,15784.65,15784.9,15781.5,15781.65,15784.5,15784.8,15784.7,15785.1,15781.3,15781.7,15781.4,15781.9,0.5,688.9400126
2026-05-13T10:50:00+00:00,15781.6,15784.3,15781.2,15781.55,15781.4,15781.8,15784.1,15784.5,15781.1,15781.3,15781.4,15781.7,0.3,927.7200139
2026-05-13T11:00:00+00:00,15781.6,15783.6,15781.2,15783.3,15781.5,15781.7,15783.4,15783.8,15781,15781.4,15783.1,15783.5,0.4,1031.530015
2026-05-13T11:10:00+00:00,15783.2,15783.75,15780.6,15781,15783,15783.4,15783.6,15783.9,15780.4,15780.8,15780.8,15781.2,0.4,907.7700119
2026-05-13T11:20:00+00:00,15780.9,15781.5,15779.3,15779.6,15780.7,15781.1,15781.3,15781.7,15779.1,15779.5,15779.4,15779.8,0.4,485.2300059
2026-05-13T11:30:00+00:00,15779.65,15780,15774.5,15775.15,15779.5,15779.8,15779.8,15780.2,15774.3,15774.7,15774.9,15775.4,0.5,786.5800134
2026-05-13T11:40:00+00:00,15775.25,15780.5,15774.9,15777.8,15775,15775.5,15780.3,15780.7,15774.7,15775.1,15777.5,15778.1,0.6,691.070013
2026-05-13T11:50:00+00:00,15777.85,15778.9,15775.7,15776.75,15777.6,15778.1,15778.8,15779,15775.5,15775.9,15776.5,15777,0.5,904.3500119
2026-05-13T12:00:00+00:00,15776.65,15777.95,15775.5,15776.65,15776.4,15776.9,15777.6,15778.3,15775.2,15775.8,15776.4,15776.9,0.5,1179.000013
2026-05-13T12:10:00+00:00,15776.7,15780.3,15776.7,15780.05,15776.4,15777,15780.1,15780.5,15776.4,15777,15779.8,15780.3,0.5,1110.820017
2026-05-13T12:20:00+00:00,15780.1,15784.05,15780.05,15782.9,15779.8,15780.4,15783.8,15784.3,15779.8,15780.3,15782.5,15783.3,0.8,1366.190021
2026-05-13T12:30:00+00:00,15782.25,15789.5,15781.2,15785.4,15781.6,15782.9,15789.1,15789.9,15780.6,15781.8,15785.2,15785.6,0.4,3843.710066
2026-05-13T12:40:00+00:00,15785.35,15786.6,15781.8,15784.2,15785,15785.7,15786.4,15786.8,15781.5,15782.1,15783.9,15784.5,0.6,2462.850034
2026-05-13T12:50:00+00:00,15784.15,15786.85,15781.85,15784.7,15783.9,15784.4,15786.6,15787.1,15781.7,15782,15784.5,15784.9,0.4,2068.510027
2026-05-13T13:00:00+00:00,15784.5,15786.25,15781.75,15785.25,15784.3,15784.7,15786,15786.5,15781.3,15782.2,15785,15785.5,0.5,2100.880032
2026-05-13T13:10:00+00:00,15785.35,15786.45,15782.35,15783.1,15785.1,15785.6,15786.1,15786.8,15782.1,15782.6,15782.9,15783.3,0.4,1365.790022
2026-05-13T13:20:00+00:00,15783,15784.95,15782.45,15782.85,15782.9,15783.1,15784.7,15785.2,15782.3,15782.6,15782.7,15783,0.3,979.9200149
2026-05-13T13:30:00+00:00,15782.8,15784.25,15779.2,15781.05,15782.6,15783,15784,15784.5,15779,15779.4,15781,15781.1,0.1,2578.920033
2026-05-13T13:40:00+00:00,15781.2,15782.5,15775.9,15779.1,15781,15781.4,15782.2,15782.8,15775.7,15776.1,15778.9,15779.3,0.4,2380.590036
2026-05-13T13:50:00+00:00,15779.05,15779.05,15776.15,15777.55,15778.9,15779.2,15778.9,15779.2,15775.9,15776.4,15777.3,15777.8,0.5,907.7700167
2026-05-13T14:00:00+00:00,15777.5,15780.55,15775.9,15779.2,15777.3,15777.7,15780.4,15780.7,15775.7,15776.1,15779,15779.4,0.4,2393.11004
2026-05-13T14:10:00+00:00,15779.1,15785.3,15777.6,15784.85,15778.9,15779.3,15785.1,15785.5,15777.4,15777.8,15784.5,15785.2,0.7,1579.960027
2026-05-13T14:20:00+00:00,15784.75,15785.7,15782.15,15782.2,15784.4,15785.1,15785.5,15785.9,15781.9,15782.4,15782,15782.4,0.4,1400.500017
2026-05-13T14:30:00+00:00,15782.3,15786.15,15781.2,15784.25,15782.1,15782.5,15785.9,15786.4,15781,15781.4,15784,15784.5,0.5,1408.450023
2026-05-13T14:40:00+00:00,15784.3,15786.65,15784.2,15784.95,15784,15784.6,15786.5,15786.8,15784,15784.4,15784.7,15785.2,0.5,1273.050016
2026-05-13T14:50:00+00:00,15784.85,15789.75,15782.45,15786.45,15784.6,15785.1,15789.5,15790,15782.2,15782.7,15786.2,15786.7,0.5,3235.900054
2026-05-13T15:00:00+00:00,15786.4,15787,15782.7,15783.8,15786.2,15786.6,15786.8,15787.2,15782.5,15782.9,15783.6,15784,0.4,2207.970042
2026-05-13T15:10:00+00:00,15783.85,15786.6,15783.6,15786.45,15783.7,15784,15786.4,15786.8,15783.5,15783.7,15786.3,15786.6,0.3,1064.530016
2026-05-13T15:20:00+00:00,15786.5,15787.75,15784.2,15786.15,15786.2,15786.8,15787.6,15787.9,15784.1,15784.3,15786,15786.3,0.3,689.7700129
2026-05-13T15:30:00+00:00,15786.1,15787.2,15779.3,15779.3,15785.8,15786.4,15786.9,15787.5,15779,15779.6,15779,15779.6,0.6,1769.990032
2026-05-13T15:40:00+00:00,15779.2,15783.55,15777.65,15782.35,15779,15779.4,15783.2,15783.9,15777.4,15777.9,15782.2,15782.5,0.3,1467.290027
2026-05-13T15:50:00+00:00,15782.25,15785.15,15781,15783.75,15782,15782.5,15784.9,15785.4,15780.9,15781.1,15783.5,15784,0.5,870.900014
2026-05-13T16:00:00+00:00,15783.85,15784.45,15781.3,15782.05,15783.6,15784.1,15784.2,15784.7,15781,15781.6,15781.9,15782.2,0.3,1036.790013
2026-05-13T16:10:00+00:00,15781.9,15785.75,15781.65,15783.55,15781.7,15782.1,15785.5,15786,15781.4,15781.9,15783.4,15783.7,0.3,1471.480025
2026-05-13T16:20:00+00:00,15783.6,15784.95,15775.2,15776.3,15783.5,15783.7,15784.7,15785.2,15775,15775.4,15776.1,15776.5,0.4,2373.920046
2026-05-13T16:30:00+00:00,15776.4,15781.65,15774.75,15781.3,15776.2,15776.6,15781.4,15781.9,15774.5,15775,15781.1,15781.5,0.4,1991.080028
2026-05-13T16:40:00+00:00,15781.25,15784.15,15780.9,15784.1,15781,15781.5,15783.9,15784.4,15780.7,15781.1,15783.9,15784.3,0.4,996.5700136
2026-05-13T16:50:00+00:00,15784.05,15786.25,15783.85,15785.8,15783.7,15784.4,15786,15786.5,15783.6,15784.1,15785.6,15786,0.4,1136.720016
2026-05-13T17:00:00+00:00,15785.65,15787.15,15783.4,15784.9,15785.4,15785.9,15787,15787.3,15783.2,15783.6,15784.7,15785.1,0.4,1884.170016
2026-05-13T17:10:00+00:00,15784.8,15785.25,15783.8,15783.9,15784.6,15785,15785,15785.5,15783.6,15784,15783.7,15784.1,0.4,635.2600094
2026-05-13T17:20:00+00:00,15783.85,15785.4,15783.85,15785.05,15783.7,15784,15785.2,15785.6,15783.7,15784,15784.8,15785.3,0.5,310.1900065
2026-05-13T17:30:00+00:00,15784.9,15786.85,15784.85,15786.4,15784.7,15785.1,15786.7,15787,15784.6,15785.1,15786.1,15786.7,0.6,831.5900115
2026-05-13T17:40:00+00:00,15786.35,15791.05,15786.35,15790,15786.1,15786.6,15790.8,15791.3,15786.1,15786.6,15789.7,15790.3,0.6,1010.340014
2026-05-13T17:50:00+00:00,15790.05,15792.4,15788.75,15792.4,15789.8,15790.3,15792.2,15792.6,15788.5,15789,15792.2,15792.6,0.4,935.5000154
2026-05-13T18:00:00+00:00,15792.45,15792.55,15789.4,15790.5,15792.2,15792.7,15792.3,15792.8,15789.1,15789.7,15790.3,15790.7,0.4,1122.860016
2026-05-13T18:10:00+00:00,15790.75,15791.3,15788.3,15789.95,15790.5,15791,15791,15791.6,15788.1,15788.5,15789.7,15790.2,0.5,956.1300176
2026-05-13T18:20:00+00:00,15789.9,15790.5,15788.45,15789.5,15789.7,15790.1,15790.3,15790.7,15788.2,15788.7,15789.3,15789.7,0.4,606.9900126
2026-05-13T18:30:00+00:00,15789.55,15789.8,15786.75,15787.05,15789.3,15789.8,15789.6,15790,15786.6,15786.9,15786.8,15787.3,0.5,553.9100115
2026-05-13T18:40:00+00:00,15786.95,15791.15,15785.7,15791.15,15786.7,15787.2,15790.9,15791.4,15785.5,15785.9,15790.9,15791.4,0.5,828.3500123
2026-05-13T18:50:00+00:00,15790.9,15791.1,15785.95,15789.4,15790.8,15791,15790.9,15791.3,15785.7,15786.2,15789.2,15789.6,0.4,1311.30002
2026-05-13T19:00:00+00:00,15789.5,15790.2,15787.45,15787.55,15789.4,15789.6,15790.1,15790.3,15787.3,15787.6,15787.3,15787.8,0.5,815.9600137
2026-05-13T19:10:00+00:00,15787.7,15788.65,15786.3,15786.7,15787.5,15787.9,15788.4,15788.9,15786.1,15786.5,15786.5,15786.9,0.4,546.940008
2026-05-13T19:20:00+00:00,15786.65,15787.65,15784.2,15784.45,15786.5,15786.8,15787.4,15787.9,15784,15784.4,15784.2,15784.7,0.5,780.8900125
2026-05-13T19:30:00+00:00,15784.45,15787.6,15783.95,15787.55,15784.2,15784.7,15787.3,15787.9,15783.7,15784.2,15787.3,15787.8,0.5,1326.560021
2026-05-13T19:40:00+00:00,15787.5,15789.2,15786.55,15788.95,15787.3,15787.7,15788.9,15789.5,15786.3,15786.8,15788.7,15789.2,0.5,873.640012
2026-05-13T19:50:00+00:00,15789.1,15789.15,15786.4,15787.25,15788.9,15789.3,15788.9,15789.4,15786.2,15786.6,15787,15787.5,0.5,1246.040019
2026-05-13T20:00:00+00:00,15787.15,15790.35,15786.7,15788.05,15786.9,15787.4,15790.1,15790.6,15786.5,15786.9,15787.9,15788.2,0.3,1544.470028
2026-05-13T20:10:00+00:00,15788.7,15789.15,15786.45,15786.6,15788.6,15788.8,15788.9,15789.4,15786.2,15786.7,15786.4,15786.8,0.4,936.5000157
2026-05-13T20:20:00+00:00,15786.55,15788.55,15786.35,15787.6,15786.4,15786.7,15788.3,15788.8,15786.2,15786.5,15787.4,15787.8,0.4,387.0500097
2026-05-13T20:30:00+00:00,15787.5,15788.7,15786.65,15787.7,15787.1,15787.9,15788.5,15788.9,15786.3,15787,15787.4,15788,0.6,546.4300139
2026-05-13T20:40:00+00:00,15787.65,15789.15,15787.2,15788.9,15787.4,15787.9,15788.8,15789.5,15786.9,15787.5,15788.5,15789.3,0.8,363.4500059
2026-05-13T20:50:00+00:00,15789.15,15789.7,15786.1,15786.2,15788.8,15789.5,15788.9,15790.5,15784.6,15787.6,15784.6,15787.8,3.2,621.0700066
2026-05-13T21:00:00+00:00,15787,15787.35,15782.8,15785.35,15784.1,15789.9,15784.1,15790.6,15779.1,15786.5,15782.3,15788.4,6.1,74.39999962
2026-05-13T21:10:00+00:00,15785.35,15786.4,15783.45,15785.2,15782.5,15788.2,15784.6,15788.2,15781.5,15785.4,15783.7,15786.7,3,754.9200108
2026-05-13T21:20:00+00:00,15784.95,15785.65,15769.95,15774.65,15783.9,15786,15784.1,15787.2,15765,15774.9,15768.3,15781,12.7,676.1500145
2026-05-13T21:30:00+00:00,15774.8,15785.8,15771.35,15782.75,15768.3,15781.3,15782.9,15788.7,15766.2,15776.5,15779,15786.5,7.5,742.1500109
2026-05-13T21:40:00+00:00,15782.7,15787.65,15781.6,15787.3,15779.1,15786.3,15786.1,15789.2,15778.7,15784.5,15785.7,15788.9,3.2,341.5100039
2026-05-13T21:50:00+00:00,15787.3,15788.1,15774.45,15783.25,15785.6,15789,15786.8,15789.4,15771.1,15777.8,15781.3,15785.2,3.9,1360.92001
2026-05-13T22:00:00+00:00,15783.25,15785.8,15780.45,15782.7,15781.4,15785.1,15783.3,15788.3,15780.2,15780.7,15782.3,15783.1,0.8,674.3900003
2026-05-13T22:10:00+00:00,15782.8,15783.45,15780.15,15782.75,15782.4,15783.2,15783,15783.9,15779.7,15780.6,15782.3,15783.2,0.9,447.1900083
2026-05-13T22:20:00+00:00,15782.65,15782.65,15780.3,15780.4,15782.2,15783.1,15782.2,15783.1,15779.8,15780.8,15780,15780.8,0.8,246.0700052
2026-05-13T22:30:00+00:00,15780.25,15781.2,15779.5,15780.7,15779.8,15780.7,15780.7,15781.7,15779,15780,15780.3,15781.1,0.8,235.2000049
2026-05-13T22:40:00+00:00,15780.8,15782.55,15779.6,15782.55,15780.4,15781.2,15782.3,15782.8,15779.2,15780,15782.3,15782.8,0.5,366.6700087
2026-05-13T22:50:00+00:00,15782.5,15782.7,15779.95,15781.15,15782.2,15782.8,15782.4,15783,15779.5,15780.4,15780.7,15781.6,0.9,282.0500041
2026-05-13T23:00:00+00:00,15781.05,15781.5,15778.55,15780.25,15780.6,15781.5,15781.1,15781.9,15778.2,15778.9,15779.9,15780.6,0.7,396.510007
2026-05-13T23:10:00+00:00,15780.2,15780.35,15778.1,15778.8,15779.9,15780.5,15780,15780.7,15777.8,15778.4,15778.4,15779.2,0.8,265.3900037
2026-05-13T23:20:00+00:00,15778.9,15780.6,15778.5,15780.35,15778.6,15779.2,15780.3,15780.9,15778.2,15778.8,15780,15780.7,0.7,263.8500028
2026-05-13T23:30:00+00:00,15780.6,15784.15,15780.6,15783.55,15780.4,15780.8,15783.9,15784.4,15780.4,15780.8,15783.2,15783.9,0.7,444.260006
2026-05-13T23:40:00+00:00,15783.6,15784.75,15783.25,15784.55,15783.4,15783.8,15784.5,15785,15782.9,15783.6,15784.1,15785,0.9,356.1000055
2026-05-13T23:50:00+00:00,15784.5,15786.35,15783.35,15785.85,15784.1,15784.9,15786.1,15786.6,15783,15783.7,15785.6,15786.1,0.5,288.9000065
2026-05-14T00:00:00+00:00,15785.95,15787.5,15784.55,15785.75,15785.8,15786.1,15787.3,15787.7,15784.3,15784.8,15785.4,15786.1,0.7,1496.960025
2026-05-14T00:10:00+00:00,15785.8,15786.3,15781.3,15783.6,15785.4,15786.2,15786.2,15786.4,15781.1,15781.5,15783.3,15783.9,0.6,780.3500158
2026-05-14T00:20:00+00:00,15783.55,15783.7,15781.95,15782.05,15783.3,15783.8,15783.4,15784,15781.7,15782.2,15781.8,15782.3,0.5,804.1100106
2026-05-14T00:30:00+00:00,15781.8,15783.85,15781.05,15783.1,15781.5,15782.1,15783.5,15784.2,15780.9,15781.2,15782.8,15783.4,0.6,682.2000091
2026-05-14T00:40:00+00:00,15783.05,15783.85,15782.65,15782.9,15782.8,15783.3,15783.6,15784.1,15782.3,15783,15782.6,15783.2,0.6,670.500012
2026-05-14T00:50:00+00:00,15782.85,15787.55,15781.35,15785.4,15782.6,15783.1,15787.3,15787.8,15781.1,15781.6,15785.1,15785.7,0.6,2384.860031
2026-05-14T01:00:00+00:00,15785.5,15789.75,15785,15787.5,15785.2,15785.8,15789.5,15790,15784.7,15785.3,15787.2,15787.8,0.6,1599.280024
2026-05-14T01:10:00+00:00,15787.25,15789.1,15785.95,15787.15,15787,15787.5,15788.8,15789.4,15785.7,15786.2,15786.9,15787.4,0.5,2232.830023
2026-05-14T01:20:00+00:00,15787.2,15788.55,15786.8,15788.15,15787,15787.4,15788.4,15788.7,15786.6,15787,15787.9,15788.4,0.5,1195.560014
2026-05-14T01:30:00+00:00,15788.25,15789.25,15787.95,15788.05,15788,15788.5,15789,15789.5,15787.6,15788.3,15787.8,15788.3,0.5,816.9000087
2026-05-14T01:40:00+00:00,15787.95,15790.65,15787.95,15789.3,15787.7,15788.2,15790.4,15790.9,15787.7,15788.2,15789.1,15789.5,0.4,596.9400095
2026-05-14T01:50:00+00:00,15789.25,15792.15,15788.65,15791.45,15789.1,15789.4,15792,15792.3,15788.4,15788.9,15791.3,15791.6,0.3,988.8000157
2026-05-14T02:00:00+00:00,15791.5,15792.85,15788.75,15792.25,15791.3,15791.7,15792.7,15793,15788.4,15789.1,15791.9,15792.6,0.7,1546.040016
2026-05-14T02:10:00+00:00,15792.15,15795.2,15792.05,15794.95,15791.9,15792.4,15795,15795.4,15791.8,15792.3,15794.7,15795.2,0.5,1079.740014
2026-05-14T02:20:00+00:00,15794.9,15795.2,15791.55,15792.25,15794.8,15795,15795,15795.4,15791.2,15791.9,15792,15792.5,0.5,845.5300131
2026-05-14T02:30:00+00:00,15792.3,15793.3,15791.8,15792.75,15792.1,15792.5,15793.1,15793.5,15791.5,15792.1,15792.5,15793,0.5,732.8200123
2026-05-14T02:40:00+00:00,15792.7,15793.25,15791.2,15791.95,15792.5,15792.9,15793.1,15793.4,15791,15791.4,15791.7,15792.2,0.5,569.8200101
2026-05-14T02:50:00+00:00,15791.85,15794,15791.85,15792.3,15791.6,15792.1,15793.8,15794.2,15791.6,15792.1,15792.1,15792.5,0.4,710.500013
2026-05-14T03:00:00+00:00,15792.2,15799.45,15792.15,15798.8,15791.9,15792.5,15799.2,15799.7,15791.9,15792.4,15798.6,15799,0.4,1886.580027
2026-05-14T03:10:00+00:00,15798.85,15798.85,15794.3,15794.8,15798.6,15799.1,15798.6,15799.1,15794.2,15794.4,15794.6,15795,0.4,1628.750027
2026-05-14T03:20:00+00:00,15794.75,15794.9,15792.7,15793.25,15794.5,15795,15794.7,15795.1,15792.4,15793,15793.1,15793.4,0.3,794.7500099
2026-05-14T03:30:00+00:00,15793.3,15795.35,15792.2,15795.35,15793.1,15793.5,15795.1,15795.6,15792,15792.4,15795.1,15795.6,0.5,518.1900121
2026-05-14T03:40:00+00:00,15795.4,15796.55,15794.75,15795.45,15795.2,15795.6,15796.3,15796.8,15794.5,15795,15795.2,15795.7,0.5,461.2000092
2026-05-14T03:50:00+00:00,15795.35,15797.45,15795,15797.15,15795.1,15795.6,15797.3,15797.6,15794.8,15795.2,15796.9,15797.4,0.5,322.8000059
2026-05-14T04:00:00+00:00,15797.5,15797.6,15751.65,15786,15797.3,15797.7,15797.4,15797.8,15751.4,15751.9,15785.5,15786.5,1,3780.140068
2026-05-14T04:10:00+00:00,15785.4,15786.25,15773.4,15776.6,15785.3,15785.5,15785.9,15786.6,15773,15773.8,15776.3,15776.9,0.6,2995.430044
2026-05-14T04:20:00+00:00,15776.8,15783.3,15776.1,15782.25,15776.5,15777.1,15783,15783.6,15775.8,15776.4,15782,15782.5,0.5,975.6300194
2026-05-14T04:30:00+00:00,15782.3,15787.5,15782.05,15785.7,15782,15782.6,15787.2,15787.8,15781.8,15782.3,15785.4,15786,0.6,864.7500179
2026-05-14T04:40:00+00:00,15785.65,15787.65,15782.65,15784.85,15785.4,15785.9,15787.6,15787.7,15782.5,15782.8,15784.6,15785.1,0.5,745.7900107
2026-05-14T04:50:00+00:00,15784.9,15787.25,15784.8,15786.9,15784.6,15785.2,15786.9,15787.6,15784.5,15785.1,15786.7,15787.1,0.4,533.620008
2026-05-14T05:00:00+00:00,15786.95,15790.2,15786.5,15789.65,15786.7,15787.2,15790,15790.4,15786.4,15786.6,15789.3,15790,0.7,2349.74003
2026-05-14T05:10:00+00:00,15789.45,15792.45,15787.95,15792.3,15789.1,15789.8,15792.2,15792.7,15787.8,15788.1,15792,15792.6,0.6,1003.160012
2026-05-14T05:20:00+00:00,15792.35,15794.8,15792.25,15793.3,15792.1,15792.6,15794.7,15794.9,15792,15792.5,15793.1,15793.5,0.4,611.1800135
2026-05-14T05:30:00+00:00,15793.35,15793.95,15791.75,15792.25,15793,15793.7,15793.8,15794.1,15791.6,15791.9,15792,15792.5,0.5,675.5800148
2026-05-14T05:40:00+00:00,15792,15792.45,15788.65,15789.25,15791.9,15792.1,15792.2,15792.7,15788.4,15788.9,15789,15789.5,0.5,1395.440019
2026-05-14T05:50:00+00:00,15789.2,15791.8,15787,15791.1,15788.9,15789.5,15791.5,15792.1,15786.7,15787.3,15790.7,15791.5,0.8,1620.200017
2026-05-14T06:00:00+00:00,15791.15,15791.15,15785.75,15786.5,15790.8,15791.5,15790.8,15791.5,15785.5,15786,15786.3,15786.7,0.4,2333.190021
2026-05-14T06:10:00+00:00,15786.55,15791.85,15786.4,15787.35,15786.3,15786.8,15791.7,15792,15786.2,15786.6,15787.1,15787.6,0.5,2248.910017
2026-05-14T06:20:00+00:00,15787.3,15789.05,15785.95,15787.15,15787.1,15787.5,15788.8,15789.3,15785.7,15786.2,15786.9,15787.4,0.5,1706.470012
2026-05-14T06:30:00+00:00,15787.05,15791.3,15786.15,15789.55,15786.8,15787.3,15791.1,15791.5,15786,15786.3,15789.3,15789.8,0.5,966.1600184
2026-05-14T06:40:00+00:00,15789.65,15790.25,15780.85,15785.1,15789.5,15789.8,15790.1,15790.4,15780.6,15781.1,15784.9,15785.3,0.4,3153.080045
2026-05-14T06:50:00+00:00,15785.05,15786.75,15782.9,15784.7,15784.9,15785.2,15786.5,15787,15782.7,15783.1,15784.5,15784.9,0.4,2244.100035
2026-05-14T07:00:00+00:00,15784.6,15789.3,15783.5,15788.25,15784.4,15784.8,15789,15789.6,15783.4,15783.6,15788.1,15788.4,0.3,2109.87003
2026-05-14T07:10:00+00:00,15788.5,15793.75,15787.25,15792.15,15788.3,15788.7,15793.4,15794.1,15787.1,15787.4,15791.8,15792.5,0.7,1684.340026
2026-05-14T07:20:00+00:00,15792.25,15792.65,15788.75,15789.05,15791.9,15792.6,15792.5,15792.8,15788.4,15789.1,15788.8,15789.3,0.5,1889.620022
2026-05-14T07:30:00+00:00,15789.1,15789.2,15786.25,15788.3,15788.8,15789.4,15788.9,15789.5,15786,15786.5,15788.1,15788.5,0.4,1868.670023
2026-05-14T07:40:00+00:00,15788.35,15788.8,15786.05,15787.25,15788.1,15788.6,15788.5,15789.1,15785.9,15786.2,15787.1,15787.4,0.3,1828.44003
2026-05-14T07:50:00+00:00,15787.3,15792.45,15782.1,15791.6,15787.2,15787.4,15792.3,15792.6,15781.8,15782.4,15791.4,15791.8,0.4,2054.130028
2026-05-14T08:00:00+00:00,15791.8,15795,15789.6,15794.05,15791.6,15792,15794.7,15795.3,15789.3,15789.9,15793.8,15794.3,0.5,1676.220023
2026-05-14T08:10:00+00:00,15793.95,15794.8,15788.65,15789.5,15793.7,15794.2,15794.6,15795,15788.4,15788.9,15789.3,15789.7,0.4,1105.910022
2026-05-14T08:20:00+00:00,15789.45,15791,15785.45,15786.35,15789.3,15789.6,15790.8,15791.2,15785.2,15785.7,15786.2,15786.5,0.3,1745.870032
2026-05-14T08:30:00+00:00,15786.3,15792.2,15785.55,15792.1,15786.1,15786.5,15792,15792.4,15785.3,15785.8,15791.9,15792.3,0.4,1927.500026
2026-05-14T08:40:00+00:00,15792,15793.25,15788.45,15790.95,15791.8,15792.2,15793,15793.5,15788.1,15788.8,15790.8,15791.1,0.3,1805.73003
2026-05-14T08:50:00+00:00,15790.9,15790.9,15788.4,15790.2,15790.7,15791.1,15790.7,15791.1,15788.2,15788.6,15790,15790.4,0.4,1143.420013
2026-05-14T09:00:00+00:00,15789.85,15792.05,15789.35,15791.05,15789.7,15790,15791.9,15792.2,15789.2,15789.5,15790.8,15791.3,0.5,1099.690018
2026-05-14T09:10:00+00:00,15791,15793.25,15789.85,15791.2,15790.8,15791.2,15793.1,15793.4,15789.7,15790,15791,15791.4,0.4,1274.550019
2026-05-14T09:20:00+00:00,15791.15,15792.25,15789.8,15790,15790.9,15791.4,15792,15792.5,15789.6,15790,15789.8,15790.2,0.4,919.9900115
2026-05-14T09:30:00+00:00,15789.9,15792,15789.65,15790.6,15789.8,15790,15791.8,15792.2,15789.4,15789.9,15790.4,15790.8,0.4,1043.43002
2026-05-14T09:40:00+00:00,15790.8,15791.35,15788.8,15788.8,15790.6,15791,15791.1,15791.6,15788.6,15789,15788.6,15789,0.4,504.6200061
2026-05-14T09:50:00+00:00,15788.9,15791.9,15788.65,15791.3,15788.8,15789,15791.6,15792.2,15788.5,15788.8,15791,15791.6,0.6,1111.480014
2026-05-14T10:00:00+00:00,15791.35,15793.1,15791.05,15791.9,15791.1,15791.6,15792.8,15793.4,15790.8,15791.3,15791.7,15792.1,0.4,1107.360014
2026-05-14T10:10:00+00:00,15792,15792.25,15787.8,15790.4,15791.7,15792.3,15792,15792.5,15787.5,15788.1,15790.2,15790.6,0.4,1682.540028
2026-05-14T10:20:00+00:00,15790.5,15791.75,15787.95,15789.25,15790.3,15790.7,15791.5,15792,15787.8,15788.1,15789,15789.5,0.5,1029.770019
2026-05-14T10:30:00+00:00,15789.25,15790.9,15788.5,15790.3,15789,15789.5,15790.7,15791.1,15788.3,15788.7,15790.1,15790.5,0.4,1150.980013
2026-05-14T10:40:00+00:00,15790.25,15793.3,15790.25,15792.6,15790.1,15790.4,15793.1,15793.5,15790.1,15790.4,15792.4,15792.8,0.4,1600.290009
2026-05-14T10:50:00+00:00,15792.65,15794.3,15790.05,15793.45,15792.4,15792.9,15794,15794.6,15789.7,15790.4,15793.3,15793.6,0.3,2221.440031
2026-05-14T11:00:00+00:00,15793.4,15795.55,15792.05,15792.65,15793.2,15793.6,15795.3,15795.8,15791.8,15792.3,15792.4,15792.9,0.5,1601.850027
2026-05-14T11:10:00+00:00,15792.75,15793.45,15791.3,15792.4,15792.5,15793,15793.2,15793.7,15791.1,15791.5,15792.2,15792.6,0.4,1339.260015
2026-05-14T11:20:00+00:00,15792.35,15793.4,15791.3,15793.15,15792.1,15792.6,15793.2,15793.6,15791.1,15791.5,15792.9,15793.4,0.5,995.5100157
2026-05-14T11:30:00+00:00,15793.25,15795.6,15792.7,15794.4,15793,15793.5,15795.4,15795.8,15792.4,15793,15794.2,15794.6,0.4,743.890012
2026-05-14T11:40:00+00:00,15794.35,15795.55,15793.7,15794.7,15794.1,15794.6,15795.3,15795.8,15793.5,15793.9,15794.4,15795,0.6,916.6500118
2026-05-14T11:50:00+00:00,15794.6,15797.8,15792.45,15797.35,15794.4,15794.8,15797.5,15798.1,15792.3,15792.6,15797.1,15797.6,0.5,1634.200018
2026-05-14T12:00:00+00:00,15797.75,15799.4,15793.4,15794.3,15797.6,15797.9,15799.3,15799.5,15793.2,15793.6,15794.1,15794.5,0.4,3353.630035
2026-05-14T12:10:00+00:00,15794.25,15794.65,15791.7,15792.7,15794.1,15794.4,15794.4,15794.9,15791.5,15791.9,15792.5,15792.9,0.4,1881.240027
2026-05-14T12:20:00+00:00,15792.6,15793.7,15790.6,15792.45,15792.4,15792.8,15793.6,15793.8,15790.4,15790.8,15791.7,15793.2,1.5,2015.220026
2026-05-14T12:30:00+00:00,15792.75,15796.35,15791.8,15795.75,15791.7,15793.8,15796.1,15796.6,15791.3,15792.3,15795.5,15796,0.5,1736.310026
2026-05-14T12:40:00+00:00,15795.65,15797.8,15795.3,15796.05,15795.4,15795.9,15797.5,15798.1,15795.1,15795.5,15795.8,15796.3,0.5,1200.370015
2026-05-14T12:50:00+00:00,15796.05,15797.75,15795.55,15797.35,15795.8,15796.3,15797.5,15798,15795.3,15795.8,15797.1,15797.6,0.5,1484.120017
2026-05-14T13:00:00+00:00,15797.55,15799.35,15796.65,15797.85,15797.5,15797.6,15799.1,15799.6,15796.4,15796.9,15797.6,15798.1,0.5,1812.270026
2026-05-14T13:10:00+00:00,15797.6,15800.3,15793.35,15798.2,15797.4,15797.8,15800.2,15800.4,15793.2,15793.5,15797.9,15798.5,0.6,2454.520034
2026-05-14T13:20:00+00:00,15798.25,15799.45,15795.75,15796.2,15798,15798.5,15799.2,15799.7,15795.4,15796.1,15795.9,15796.5,0.6,2854.800042
2026-05-14T13:30:00+00:00,15796.35,15814.45,15795.7,15811.75,15796.1,15796.6,15814.2,15814.7,15795.4,15796,15811.4,15812.1,0.7,5308.400066
2026-05-14T13:40:00+00:00,15812.15,15816.95,15731.45,15769.5,15812,15812.3,15816.7,15817.2,15730.7,15732.2,15769.1,15769.9,0.8,13946.64022
2026-05-14T13:50:00+00:00,15769.4,15791.1,15767.3,15791.1,15769,15769.8,15790.8,15791.4,15766.9,15767.7,15790.8,15791.4,0.6,7093.640122
2026-05-14T14:00:00+00:00,15791.3,15794.6,15784.45,15790.95,15791,15791.6,15794.3,15794.9,15784.1,15784.8,15790.7,15791.2,0.5,6565.690097
2026-05-14T14:10:00+00:00,15791.05,15792.1,15785.95,15788.6,15790.8,15791.3,15791.7,15792.5,15785.6,15786.3,15788.3,15788.9,0.6,3911.060051
2026-05-14T14:20:00+00:00,15788.55,15794.45,15785.8,15791.2,15788.3,15788.8,15794.2,15794.7,15785.5,15786.1,15790.9,15791.5,0.6,3804.960049
2026-05-14T14:30:00+00:00,15791.3,15794.55,15790.9,15792.4,15791,15791.6,15794.3,15794.8,15790.6,15791.2,15792.1,15792.7,0.6,1951.310032
2026-05-14T14:40:00+00:00,15792.5,15794.15,15790.9,15792.05,15792.3,15792.7,15793.9,15794.4,15790.6,15791.2,15791.8,15792.3,0.5,2434.160038
2026-05-14T14:50:00+00:00,15792.5,15815.75,15792.5,15815.75,15792.4,15792.6,15815.6,15815.9,15792.4,15792.6,15815.6,15815.9,0.3,9878.35011
2026-05-14T15:00:00+00:00,15815.7,15819.45,15810.35,15816.75,15815.5,15815.9,15819.2,15819.7,15810.2,15810.5,15816.5,15817,0.5,6089.870085
2026-05-14T15:10:00+00:00,15816.7,15819.3,15812.25,15815.25,15816.4,15817,15819.1,15819.5,15811.9,15812.6,15815,15815.5,0.5,3049.150042
2026-05-14T15:20:00+00:00,15815.85,15817.85,15812.8,15814.3,15815.8,15815.9,15817.7,15818,15812.6,15813,15814.1,15814.5,0.4,2016.320028
2026-05-14T15:30:00+00:00,15814.5,15815.35,15810.55,15812.55,15814.4,15814.6,15815.1,15815.6,15810.4,15810.7,15812.3,15812.8,0.5,2617.480035
2026-05-14T15:40:00+00:00,15812.65,15813.3,15810.15,15810.25,15812.4,15812.9,15813.1,15813.5,15809.9,15810.4,15810,15810.5,0.5,2123.320024
2026-05-14T15:50:00+00:00,15810.3,15811.3,15808,15808.85,15810.1,15810.5,15811.1,15811.5,15807.8,15808.2,15808.7,15809,0.3,1055.340014
2026-05-14T16:00:00+00:00,15808.7,15813.4,15808.1,15812.85,15808.6,15808.8,15813.1,15813.7,15807.9,15808.3,15812.6,15813.1,0.5,1808.750038
2026-05-14T16:10:00+00:00,15812.95,15816,15810.95,15813.3,15812.7,15813.2,15815.8,15816.2,15810.7,15811.2,15813,15813.6,0.6,2474.270039
2026-05-14T16:20:00+00:00,15813.25,15819.95,15813.05,15819.4,15813,15813.5,15819.7,15820.2,15812.8,15813.3,15819,15819.8,0.8,2338.750028
2026-05-14T16:30:00+00:00,15819.45,15820.25,15817.8,15818.65,15819.1,15819.8,15820.1,15820.4,15817.6,15818,15818.4,15818.9,0.5,2589.540036
2026-05-14T16:40:00+00:00,15818.55,15820.2,15816.5,15819.15,15818.4,15818.7,15820.1,15820.3,15816.3,15816.7,15818.9,15819.4,0.5,1596.390026
2026-05-14T16:50:00+00:00,15819.25,15819.3,15816.5,15816.95,15819,15819.5,15819.1,15819.5,15816.2,15816.8,15816.5,15817.4,0.9,1942.860018
2026-05-14T17:00:00+00:00,15816.85,15818.1,15813.6,15816.85,15816.6,15817.1,15817.9,15818.3,15813.3,15813.9,15816.6,15817.1,0.5,1741.42002
2026-05-14T17:10:00+00:00,15816.95,15819.55,15816.65,15819.55,15816.7,15817.2,15819.3,15819.8,15816.5,15816.8,15819.3,15819.8,0.5,722.0000154
2026-05-14T17:20:00+00:00,15819.7,15820.05,15815.6,15816.6,15819.5,15819.9,15819.9,15820.2,15815.3,15815.9,15816.4,15816.8,0.4,1284.500018
2026-05-14T17:30:00+00:00,15816.5,15818.15,15815.95,15816.75,15816.4,15816.6,15817.9,15818.4,15815.7,15816.2,15816.6,15816.9,0.3,924.5800183
2026-05-14T17:40:00+00:00,15816.8,15818.8,15816.3,15817.05,15816.5,15817.1,15818.6,15819,15816,15816.6,15816.8,15817.3,0.5,1345.510021
2026-05-14T17:50:00+00:00,15817.1,15820,15816.9,15819.45,15816.9,15817.3,15819.8,15820.2,15816.7,15817.1,15819.3,15819.6,0.3,686.8300135
2026-05-14T18:00:00+00:00,15819.4,15820.25,15818.25,15819.15,15819.1,15819.7,15820.1,15820.4,15818,15818.5,15819,15819.3,0.3,1841.630022
2026-05-14T18:10:00+00:00,15819.1,15820.1,15817.95,15818.1,15818.9,15819.3,15819.9,15820.3,15817.7,15818.2,15817.9,15818.3,0.4,1087.160017
2026-05-14T18:20:00+00:00,15818.05,15819.25,15817,15818.15,15817.8,15818.3,15819,15819.5,15816.8,15817.2,15817.9,15818.4,0.5,1408.780018
2026-05-14T18:30:00+00:00,15818.2,15820.05,15817.95,15819.55,15818,15818.4,15820,15820.1,15817.7,15818.2,15819.4,15819.7,0.3,732.9500146
2026-05-14T18:40:00+00:00,15819.45,15820.45,15818.65,15819.15,15819.2,15819.7,15820.3,15820.6,15818.4,15818.9,15818.9,15819.4,0.5,690.3600113
2026-05-14T18:50:00+00:00,15819.1,15820.1,15818.2,15818.65,15818.9,15819.3,15819.9,15820.3,15818,15818.4,15818.4,15818.9,0.5,949.6100109
2026-05-14T19:00:00+00:00,15818.55,15819.3,15817.2,15819.15,15818.4,15818.7,15819.1,15819.5,15817,15817.4,15819,15819.3,0.3,1418.100015
2026-05-14T19:10:00+00:00,15819.2,15830.25,15819.05,15827.8,15819.1,15819.3,15830.1,15830.4,15818.8,15819.3,15827.6,15828,0.4,2448.540026
2026-05-14T19:20:00+00:00,15827.75,15829.2,15825.4,15829.2,15827.5,15828,15828.9,15829.5,15825.2,15825.6,15828.9,15829.5,0.6,2496.260025
2026-05-14T19:30:00+00:00,15829.25,15830.25,15827.85,15830,15829,15829.5,15830.1,15830.4,15827.6,15828.1,15829.8,15830.2,0.4,1684.350016
2026-05-14T19:40:00+00:00,15830.05,15838.4,15830,15834.5,15829.9,15830.2,15838.2,15838.6,15829.8,15830.2,15834.2,15834.8,0.6,3398.560033
2026-05-14T19:50:00+00:00,15834.55,15838.2,15833.9,15835.85,15834.3,15834.8,15838,15838.4,15833.6,15834.2,15835.7,15836,0.3,2364.270031
2026-05-14T20:00:00+00:00,15835.9,15838.55,15834.65,15837.2,15835.7,15836.1,15838.2,15838.9,15834.3,15835,15836.8,15837.6,0.8,1068.330021
2026-05-14T20:10:00+00:00,15837.4,15838.55,15836.8,15838.3,15837.1,15837.7,15838.2,15838.9,15836.5,15837.1,15838.1,15838.5,0.4,439.4100081
2026-05-14T20:20:00+00:00,15838.25,15839.3,15838.1,15838.65,15838,15838.5,15839.1,15839.5,15837.9,15838.3,15838.4,15838.9,0.5,386.4400053
2026-05-14T20:30:00+00:00,15838.55,15840.1,15838.4,15839.35,15838.4,15838.7,15840,15840.2,15838.1,15838.7,15839.2,15839.5,0.3,481.5400087
2026-05-14T20:40:00+00:00,15839.3,15842.25,15838.75,15841.5,15839.1,15839.5,15841.9,15842.6,15838.5,15839,15841.2,15841.8,0.6,722.0300111
2026-05-14T20:50:00+00:00,15841.4,15841.7,15836.1,15836.25,15841.1,15841.7,15841.4,15842,15834.2,15838,15834.2,15838.3,4.1,1119.790007
2026-05-14T21:00:00+00:00,15835.2,15836.75,15832.95,15836.05,15831.5,15838.9,15832.6,15840.9,15828.7,15837.2,15831.8,15840.3,8.5,68.81000018
2026-05-14T21:10:00+00:00,15836.15,15836.65,15832.05,15833.4,15831.8,15840.5,15832.8,15840.5,15828.6,15835.5,15830.9,15835.9,5,148.8800008
2026-05-14T21:20:00+00:00,15833.35,15836.5,15830.25,15833.1,15830.9,15835.8,15833.1,15839.9,15826.1,15834.4,15830.3,15835.9,5.6,410.8500068
2026-05-14T21:30:00+00:00,15833,15834.5,15829.45,15831.8,15830.3,15835.7,15831.9,15837.1,15826.4,15832.5,15827.8,15835.8,8,550.8000113
2026-05-14T21:40:00+00:00,15832.1,15837.45,15832.1,15837.15,15828.5,15835.7,15835.6,15839.3,15828.5,15835.7,15835.6,15838.7,3.1,268.2900059
2026-05-14T21:50:00+00:00,15837.25,15837.75,15832.25,15834.75,15835.6,15838.9,15836.3,15839.2,15831.5,15833,15832.3,15837.2,4.9,413.8299989
2026-05-14T22:00:00+00:00,15835,15838.45,15832.1,15835.65,15833.2,15836.8,15837.7,15839.2,15831,15833.2,15835.2,15836.1,0.9,312.9499993
2026-05-14T22:10:00+00:00,15835.6,15839.45,15835.4,15838.35,15835.1,15836.1,15839,15839.9,15835,15835.8,15837.9,15838.8,0.9,409.0100089
2026-05-14T22:20:00+00:00,15838.3,15838.8,15836.9,15837,15837.9,15838.7,15838.7,15838.9,15836.5,15837.3,15836.6,15837.4,0.8,139.5000033
2026-05-14T22:30:00+00:00,15837.05,15839.4,15837.05,15838,15836.6,15837.5,15839,15839.8,15836.6,15837.5,15837.6,15838.4,0.8,232.3100044
2026-05-14T22:40:00+00:00,15838.2,15838.6,15836.9,15837.95,15837.8,15838.6,15838.2,15839,15836.5,15837.3,15837.5,15838.4,0.9,150.8300036
2026-05-14T22:50:00+00:00,15837.85,15838.55,15836.6,15837.7,15837.4,15838.3,15838.2,15838.9,15836.2,15837,15837.2,15838.2,1,344.6900061
2026-05-14T23:00:00+00:00,15837.75,15839.2,15836.75,15839.2,15837.3,15838.2,15838.8,15839.6,15836.4,15837.1,15838.8,15839.6,0.8,274.5500058
2026-05-14T23:10:00+00:00,15839.65,15844.1,15839.65,15843,15839.3,15840,15843.8,15844.4,15839.3,15840,15842.7,15843.3,0.6,803.1900104
2026-05-14T23:20:00+00:00,15842.95,15844,15840.95,15841,15842.6,15843.3,15843.8,15844.2,15840.6,15841.3,15840.7,15841.3,0.6,402.2800055
2026-05-14T23:30:00+00:00,15841.25,15841.65,15840.4,15840.75,15841.1,15841.4,15841.3,15842,15840.1,15840.7,15840.5,15841,0.5,440.8500049
2026-05-14T23:40:00+00:00,15840.8,15841.7,15833.55,15833.65,15840.5,15841.1,15841.4,15842,15833.2,15833.9,15833.3,15834,0.7,986.320017
2026-05-14T23:50:00+00:00,15833.6,15838.3,15832.5,15838.3,15833.3,15833.9,15838,15838.6,15832.3,15832.7,15838,15838.6,0.6,1184.720016
2026-05-15T00:00:00+00:00,15838.45,15841.8,15836.55,15838.3,15838.1,15838.8,15841.5,15842.1,15836.3,15836.8,15838,15838.6,0.6,1730.590034
2026-05-15T00:10:00+00:00,15838.15,15839,15832.7,15836.8,15837.9,15838.4,15838.7,15839.3,15832.5,15832.9,15836.5,15837.1,0.6,2120.250032
2026-05-15T00:20:00+00:00,15836.55,15840.95,15835.8,15839.3,15836.3,15836.8,15840.7,15841.2,15835.5,15836.1,15839.1,15839.5,0.4,2829.230045
2026-05-15T00:30:00+00:00,15839.25,15845.1,15839,15842.55,15839.1,15839.4,15845,15845.2,15838.7,15839.3,15842.3,15842.8,0.5,970.0600183
2026-05-15T00:40:00+00:00,15842.6,15845.9,15842.6,15845.75,15842.4,15842.8,15845.6,15846.2,15842.4,15842.8,15845.5,15846,0.5,696.1900141
2026-05-15T00:50:00+00:00,15845.9,15851.5,15844.2,15847.15,15845.6,15846.2,15851.2,15851.8,15843.9,15844.5,15846.9,15847.4,0.5,3424.140054
2026-05-15T01:00:00+00:00,15847.1,15848.6,15844.55,15845.35,15847,15847.2,15848.3,15848.9,15844.3,15844.8,15845,15845.7,0.7,1764.290027
2026-05-15T01:10:00+00:00,15845.45,15848.7,15844.75,15846.8,15845.3,15845.6,15848.5,15848.9,15844.5,15845,15846.6,15847,0.4,1711.880035
2026-05-15T01:20:00+00:00,15846.95,15856.6,15843.95,15855.2,15846.7,15847.2,15856.2,15857,15843.7,15844.2,15854.9,15855.5,0.6,3117.790048
2026-05-15T01:30:00+00:00,15855.15,15855.6,15842.6,15845.7,15854.8,15855.5,15855.4,15855.8,15842.3,15842.9,15845.3,15846.1,0.8,4021.87006
2026-05-15T01:40:00+00:00,15845.5,15850.4,15842.8,15849.5,15845.2,15845.8,15850.1,15850.7,15842.6,15843,15849.3,15849.7,0.4,2178.53003
2026-05-15T01:50:00+00:00,15849.4,15853.4,15848.85,15853.05,15849.1,15849.7,15853.2,15853.6,15848.6,15849.1,15852.9,15853.2,0.3,1478.220017
2026-05-15T02:00:00+00:00,15853.1,15859,15852.45,15853,15852.9,15853.3,15858.7,15859.3,15852.2,15852.7,15852.8,15853.2,0.4,2353.170044
2026-05-15T02:10:00+00:00,15853.15,15853.5,15851.35,15851.5,15852.9,15853.4,15853.3,15853.7,15851.1,15851.6,15851.3,15851.7,0.4,1010.250017
2026-05-15T02:20:00+00:00,15851.65,15852.9,15848.05,15851,15851.4,15851.9,15852.6,15853.2,15847.8,15848.3,15850.8,15851.2,0.4,924.2200181
2026-05-15T02:30:00+00:00,15851.15,15852.35,15846.25,15849.2,15850.9,15851.4,15852.1,15852.6,15845.9,15846.6,15848.9,15849.5,0.6,847.2400156
2026-05-15T02:40:00+00:00,15849.05,15849.3,15846.8,15847.75,15848.8,15849.3,15849.1,15849.5,15846.5,15847.1,15847.6,15847.9,0.3,598.3000108
2026-05-15T02:50:00+00:00,15847.8,15852.8,15844.4,15852.65,15847.7,15847.9,15852.5,15853.1,15844.2,15844.6,15852.4,15852.9,0.5,1788.110034
2026-05-15T03:00:00+00:00,15852.7,15853.1,15848.85,15851.6,15852.5,15852.9,15852.8,15853.4,15848.6,15849.1,15851.3,15851.9,0.6,1003.560024
2026-05-15T03:10:00+00:00,15851.75,15853.4,15850.25,15852.2,15851.5,15852,15853.2,15853.6,15850,15850.5,15852,15852.4,0.4,659.4100138
2026-05-15T03:20:00+00:00,15852.25,15853.05,15850.5,15850.65,15852.1,15852.4,15852.8,15853.3,15850.3,15850.7,15850.5,15850.8,0.3,537.0600129
2026-05-15T03:30:00+00:00,15850.6,15850.65,15847.95,15849.2,15850.3,15850.9,15850.4,15850.9,15847.7,15848.2,15848.9,15849.5,0.6,810.3600129
2026-05-15T03:40:00+00:00,15849.05,15850.65,15848.15,15848.3,15848.8,15849.3,15850.4,15850.9,15848,15848.3,15848.1,15848.5,0.4,793.3500129
2026-05-15T03:50:00+00:00,15848.2,15850.65,15847.95,15848.85,15847.9,15848.5,15850.3,15851,15847.7,15848.2,15848.5,15849.2,0.7,730.1500096
2026-05-15T04:00:00+00:00,15849.1,15850.4,15848.05,15849.15,15848.9,15849.3,15850.2,15850.6,15847.8,15848.3,15848.9,15849.4,0.5,636.9800079
2026-05-15T04:10:00+00:00,15849.05,15849.4,15847.9,15849.25,15848.8,15849.3,15849.2,15849.6,15847.6,15848.2,15849,15849.5,0.5,255.930005
2026-05-15T04:20:00+00:00,15849.15,15850.2,15849.1,15850.1,15848.9,15849.4,15849.9,15850.5,15848.9,15849.3,15849.8,15850.4,0.6,260.0600057
2026-05-15T04:30:00+00:00,15850.15,15851.45,15849.65,15850.45,15849.8,15850.5,15851.2,15851.7,15849.5,15849.8,15850.2,15850.7,0.5,650.4600149
2026-05-15T04:40:00+00:00,15850.6,15852.5,15850.2,15850.6,15850.4,15850.8,15852.3,15852.7,15849.9,15850.5,15850.4,15850.8,0.4,1176.500015
2026-05-15T04:50:00+00:00,15850.7,15852.2,15849.1,15851.9,15850.5,15850.9,15851.9,15852.5,15848.9,15849.3,15851.6,15852.2,0.6,1512.670013
2026-05-15T05:00:00+00:00,15851.95,15856.7,15851.7,15855.9,15851.7,15852.2,15856.4,15857,15851.4,15852,15855.6,15856.2,0.6,1258.760023
2026-05-15T05:10:00+00:00,15856.05,15859.05,15855.4,15857.85,15855.9,15856.2,15858.7,15859.4,15855.1,15855.7,15857.6,15858.1,0.5,1284.820019
2026-05-15T05:20:00+00:00,15857.5,15858.05,15852.75,15852.95,15857.4,15857.6,15857.8,15858.3,15852.5,15853,15852.7,15853.2,0.5,949.9600194
2026-05-15T05:30:00+00:00,15852.9,15856.25,15852.85,15855.3,15852.7,15853.1,15856,15856.5,15852.6,15853.1,15855,15855.6,0.6,1850.700028
2026-05-15T05:40:00+00:00,15855.35,15864.6,15855.15,15861.9,15855.2,15855.5,15864.5,15864.7,15854.9,15855.4,15861.6,15862.2,0.6,2804.930043
2026-05-15T05:50:00+00:00,15861.95,15863.35,15858,15861.1,15861.6,15862.3,15863.1,15863.6,15857.8,15858.2,15860.8,15861.4,0.6,2532.01003
2026-05-15T06:00:00+00:00,15861.4,15867.55,15860.1,15862.15,15861.3,15861.5,15867.3,15867.8,15859.8,15860.4,15861.9,15862.4,0.5,2866.910043
2026-05-15T06:10:00+00:00,15862.3,15862.65,15854.55,15857.3,15862.1,15862.5,15862.4,15862.9,15854.3,15854.8,15857.1,15857.5,0.4,3576.550051
2026-05-15T06:20:00+00:00,15857.3,15861.15,15855.75,15858.95,15857.1,15857.5,15860.9,15861.4,15855.5,15856,15858.7,15859.2,0.5,2021.800035
2026-05-15T06:30:00+00:00,15859.15,15860.35,15846.05,15848.2,15858.9,15859.4,15860.1,15860.6,15845.7,15846.4,15848,15848.4,0.4,2701.92005
2026-05-15T06:40:00+00:00,15848.3,15851.55,15843.1,15843.6,15848.1,15848.5,15851.4,15851.7,15843,15843.2,15843.3,15843.9,0.6,1978.380043
2026-05-15T06:50:00+00:00,15843.5,15849.2,15843.2,15843.35,15843.4,15843.6,15849,15849.4,15843.1,15843.3,15843.1,15843.6,0.5,2446.630042
2026-05-15T07:00:00+00:00,15843.45,15848.45,15838.4,15839.6,15843.2,15843.7,15848.2,15848.7,15838.2,15838.6,15839.4,15839.8,0.4,2571.310047
2026-05-15T07:10:00+00:00,15839.75,15845.7,15837.75,15842.65,15839.5,15840,15845.5,15845.9,15837.5,15838,15842.4,15842.9,0.5,1143.850025
2026-05-15T07:20:00+00:00,15842.55,15842.65,15835.2,15837.95,15842.3,15842.8,15842.4,15842.9,15835,15835.4,15837.7,15838.2,0.5,1898.370035
2026-05-15T07:30:00+00:00,15837.9,15839.3,15836.2,15837.8,15837.7,15838.1,15839,15839.6,15835.9,15836.5,15837.5,15838.1,0.6,2220.150022
2026-05-15T07:40:00+00:00,15837.85,15845.95,15837.8,15845.9,15837.6,15838.1,15845.6,15846.3,15837.5,15838.1,15845.6,15846.2,0.6,2584.560025
2026-05-15T07:50:00+00:00,15845.7,15846.15,15839.2,15844.9,15845.4,15846,15845.9,15846.4,15839,15839.4,15844.6,15845.2,0.6,2180.240026
2026-05-15T08:00:00+00:00,15844.5,15846,15842.7,15844.4,15844.4,15844.6,15845.8,15846.2,15842.6,15842.8,15844.1,15844.7,0.6,2367.720023
2026-05-15T08:10:00+00:00,15844.35,15849.9,15844,15847.35,15844.1,15844.6,15849.7,15850.1,15843.8,15844.2,15847.1,15847.6,0.5,2419.750029
2026-05-15T08:20:00+00:00,15847.4,15848.3,15844.05,15847.75,15847.1,15847.7,15848,15848.6,15843.9,15844.2,15847.5,15848,0.5,1755.32002
2026-05-15T08:30:00+00:00,15847.85,15849.25,15840.4,15844.9,15847.6,15848.1,15849,15849.5,15840.1,15840.7,15844.6,15845.2,0.6,2636.730045
2026-05-15T08:40:00+00:00,15844.85,15848.4,15843.65,15847,15844.6,15845.1,15848.2,15848.6,15843.4,15843.9,15846.7,15847.3,0.6,3105.260037
2026-05-15T08:50:00+00:00,15847.05,15857.7,15847.05,15856.55,15846.7,15847.4,15857.5,15857.9,15846.7,15847.4,15856.3,15856.8,0.5,2307.270032
2026-05-15T09:00:00+00:00,15856.25,15860.4,15854.85,15859.75,15856,15856.5,15860.3,15860.5,15854.6,15855.1,15859.5,15860,0.5,3260.400043
2026-05-15T09:10:00+00:00,15860,15860.2,15851.85,15852.25,15859.7,15860.3,15860,15860.4,15851.6,15852.1,15852,15852.5,0.5,5138.710058
2026-05-15T09:20:00+00:00,15852.3,15855.85,15849.85,15851.2,15852,15852.6,15855.6,15856.1,15849.6,15850.1,15850.9,15851.5,0.6,3416.860034
2026-05-15T09:30:00+00:00,15851.25,15854.5,15846.7,15852.35,15851,15851.5,15854.2,15854.8,15846.5,15846.9,15852,15852.7,0.7,3745.060043
2026-05-15T09:40:00+00:00,15852.2,15852.8,15849.15,15849.55,15851.9,15852.5,15852.5,15853.1,15848.8,15849.5,15849.3,15849.8,0.5,2389.620024
2026-05-15T09:50:00+00:00,15849.85,15851.4,15846.5,15851.4,15849.5,15850.2,15851.1,15851.7,15846.3,15846.7,15851.1,15851.7,0.6,3282.850046
2026-05-15T10:00:00+00:00,15851.25,15853.45,15847.4,15848.15,15850.9,15851.6,15853.1,15853.8,15847.2,15847.6,15847.9,15848.4,0.5,2440.150028
2026-05-15T10:10:00+00:00,15848.2,15849.65,15846.3,15848.55,15848,15848.4,15849.4,15849.9,15846,15846.6,15848.2,15848.9,0.7,1349.380023
2026-05-15T10:20:00+00:00,15848.65,15849.3,15845.35,15848.2,15848.4,15848.9,15849.1,15849.5,15845.2,15845.5,15848,15848.4,0.4,1550.310027
2026-05-15T10:30:00+00:00,15848.25,15849.85,15846.25,15847.7,15848,15848.5,15849.5,15850.2,15846,15846.5,15847.4,15848,0.6,1963.36003
2026-05-15T10:40:00+00:00,15847.75,15847.9,15837.5,15842,15847.5,15848,15847.6,15848.2,15837.2,15837.8,15841.8,15842.2,0.4,5043.260071
2026-05-15T10:50:00+00:00,15841.95,15843.95,15829.4,15836.85,15841.7,15842.2,15843.8,15844.1,15829.1,15829.7,15836.6,15837.1,0.5,5468.86007
2026-05-15T11:00:00+00:00,15837.1,15846,15836.05,15842.3,15837,15837.2,15845.7,15846.3,15835.8,15836.3,15842.1,15842.5,0.4,3362.840045
2026-05-15T11:10:00+00:00,15842.35,15846,15842.25,15845.7,15842.1,15842.6,15845.8,15846.2,15842,15842.5,15845.5,15845.9,0.4,1461.26002
2026-05-15T11:20:00+00:00,15845.8,15851.85,15845.75,15851.75,15845.7,15845.9,15851.6,15852.1,15845.6,15845.9,15851.5,15852,0.5,1095.100023
2026-05-15T11:30:00+00:00,15851.6,15854.5,15850.75,15853.3,15851.4,15851.8,15854.3,15854.7,15850.5,15851,15853.2,15853.4,0.2,1323.480027
2026-05-15T11:40:00+00:00,15853.25,15855.45,15852.9,15853.25,15853.1,15853.4,15855.2,15855.7,15852.7,15853.1,15853,15853.5,0.5,1412.280028
2026-05-15T11:50:00+00:00,15853.2,15858.75,15853.05,15857.25,15852.9,15853.5,15858.4,15859.1,15852.8,15853.3,15857.1,15857.4,0.3,1716.000035
2026-05-15T12:00:00+00:00,15857.4,15858.05,15853.75,15855.15,15857.3,15857.5,15857.9,15858.2,15853.5,15854,15854.9,15855.4,0.5,2512.650041
2026-05-15T12:10:00+00:00,15854.8,15857.9,15852.75,15854.65,15854.6,15855,15857.7,15858.1,15852.5,15853,15854.4,15854.9,0.5,2310.890033
2026-05-15T12:20:00+00:00,15854.7,15855.65,15851.1,15853.1,15854.5,15854.9,15855.4,15855.9,15851,15851.2,15852.7,15853.5,0.8,2116.180034
2026-05-15T12:30:00+00:00,15852.9,15856.8,15852.65,15856.8,15852.3,15853.5,15856.6,15857,15852.3,15853,15856.6,15857,0.4,2083.480028
2026-05-15T12:40:00+00:00,15856.7,15858.35,15855.6,15856.65,15856.6,15856.8,15858.1,15858.6,15855.4,15855.8,15856.5,15856.8,0.3,1794.040026
2026-05-15T12:50:00+00:00,15856.55,15857.75,15854.2,15857.65,15856.4,15856.7,15857.5,15858,15854,15854.4,15857.5,15857.8,0.3,1737.180022
2026-05-15T13:00:00+00:00,15857.55,15858.4,15854.35,15855.65,15857.4,15857.7,15858.2,15858.6,15854,15854.7,15855.5,15855.8,0.3,2028.130032
2026-05-15T13:10:00+00:00,15855.7,15857.7,15853.2,15856.95,15855.5,15855.9,15857.5,15857.9,15853,15853.4,15856.7,15857.2,0.5,1660.150029
2026-05-15T13:20:00+00:00,15856.8,15860.25,15856.2,15857.6,15856.6,15857,15860.1,15860.4,15856,15856.4,15857.5,15857.7,0.2,1617.160025
2026-05-15T13:30:00+00:00,15857.6,15864.95,15857,15864.25,15857.3,15857.9,15864.7,15865.2,15856.8,15857.2,15864,15864.5,0.5,3280.020057
2026-05-15T13:40:00+00:00,15864.25,15870.95,15863.65,15870.75,15863.9,15864.6,15870.6,15871.3,15863.4,15863.9,15870.5,15871,0.5,3781.410051
2026-05-15T13:50:00+00:00,15870.7,15874.25,15867.4,15868.75,15870.5,15870.9,15874.1,15874.4,15867.2,15867.6,15868.5,15869,0.5,3834.520052
2026-05-15T14:00:00+00:00,15869,15874.15,15868.25,15870,15868.8,15869.2,15873.9,15874.4,15868.1,15868.4,15869.8,15870.2,0.4,4240.860058
2026-05-15T14:10:00+00:00,15869.9,15870.9,15861.2,15862.05,15869.7,15870.1,15870.8,15871,15861.1,15861.3,15862,15862.1,0.1,4163.140065
2026-05-15T14:20:00+00:00,15861.95,15868.85,15861.65,15866.8,15861.9,15862,15868.8,15868.9,15861.4,15861.9,15866.6,15867,0.4,3513.70005
2026-05-15T14:30:00+00:00,15866.95,15868.95,15865.7,15868.65,15866.8,15867.1,15868.8,15869.1,15865.5,15865.9,15868.5,15868.8,0.3,2540.650041
2026-05-15T14:40:00+00:00,15868.85,15872.9,15868.5,15872.7,15868.5,15869.2,15872.8,15873,15868.2,15868.8,15872.6,15872.8,0.2,2033.080034
2026-05-15T14:50:00+00:00,15872.9,15874.1,15859.2,15859.2,15872.7,15873.1,15873.9,15874.3,15859,15859.4,15859,15859.4,0.4,3661.060049
2026-05-15T15:00:00+00:00,15859.25,15866.05,15855.1,15864.65,15859,15859.5,15865.8,15866.3,15855,15855.2,15864.3,15865,0.7,4582.080058
2026-05-15T15:10:00+00:00,15864.7,15866.15,15861.5,15865.85,15864.4,15865,15865.9,15866.4,15861.4,15861.6,15865.6,15866.1,0.5,3187.240042
2026-05-15T15:20:00+00:00,15865.9,15869.35,15862.95,15868.15,15865.6,15866.2,15869.2,15869.5,15862.7,15863.2,15868,15868.3,0.3,2405.670036
2026-05-15T15:30:00+00:00,15868.05,15869.9,15866.9,15869.35,15867.9,15868.2,15869.8,15870,15866.7,15867.1,15869.2,15869.5,0.3,1963.150032
2026-05-15T15:40:00+00:00,15869.4,15873.65,15867.85,15873.5,15869.2,15869.6,15873.5,15873.8,15867.7,15868,15873.3,15873.7,0.4,2008.200027
2026-05-15T15:50:00+00:00,15873.55,15874.5,15869.75,15869.75,15873.4,15873.7,15874.3,15874.7,15869.5,15870,15869.5,15870,0.5,1715.780035
2026-05-15T16:00:00+00:00,15869.7,15873.4,15869,15872.15,15869.5,15869.9,15873.2,15873.6,15868.8,15869.2,15872,15872.3,0.3,1760.170033
2026-05-15T16:10:00+00:00,15872.05,15873.35,15868.5,15869.25,15871.8,15872.3,15873.1,15873.6,15868.2,15868.8,15869,15869.5,0.5,1881.150019
2026-05-15T16:20:00+00:00,15869.1,15870.65,15867.3,15869.75,15868.9,15869.3,15870.4,15870.9,15867.1,15867.5,15869.5,15870,0.5,1303.27002
2026-05-15T16:30:00+00:00,15869.65,15870.85,15867,15867.25,15869.3,15870,15870.6,15871.1,15866.8,15867.2,15867.1,15867.4,0.3,1136.550015
2026-05-15T16:40:00+00:00,15867.2,15870.85,15866.55,15869.2,15867,15867.4,15870.7,15871,15866.3,15866.8,15869,15869.4,0.4,1271.830012
2026-05-15T16:50:00+00:00,15869.25,15871.2,15869.2,15871.2,15869,15869.5,15870.9,15871.5,15869,15869.4,15870.9,15871.5,0.6,1530.060025
2026-05-15T17:00:00+00:00,15870.6,15871.45,15868.4,15868.9,15870.5,15870.7,15871.2,15871.7,15868.1,15868.7,15868.7,15869.1,0.4,2166.080027
2026-05-15T17:10:00+00:00,15868.85,15869.2,15866,15867.35,15868.6,15869.1,15869,15869.4,15865.8,15866.2,15867.1,15867.6,0.5,881.0500147
2026-05-15T17:20:00+00:00,15867.45,15868.25,15864.45,15867.25,15867.2,15867.7,15868,15868.5,15864.1,15864.8,15867,15867.5,0.5,1174.210016
2026-05-15T17:30:00+00:00,15867.45,15869.75,15866.75,15867.8,15867.1,15867.8,15869.6,15869.9,15866.5,15867,15867.5,15868.1,0.6,1222.680019
2026-05-15T17:40:00+00:00,15867.85,15871.2,15866.8,15870.7,15867.5,15868.2,15871,15871.4,15866.5,15867.1,15870.5,15870.9,0.4,2092.230008
2026-05-15T17:50:00+00:00,15870.75,15872.95,15870.3,15872.95,15870.6,15870.9,15872.6,15873.3,15870.1,15870.5,15872.6,15873.3,0.7,1333.350014
2026-05-15T18:00:00+00:00,15872.85,15875.15,15872.2,15874.55,15872.6,15873.1,15875,15875.3,15871.9,15872.5,15874.4,15874.7,0.3,1056.160019
2026-05-15T18:10:00+00:00,15874.5,15874.6,15872.95,15874.05,15874.3,15874.7,15874.4,15874.8,15872.7,15873.2,15873.8,15874.3,0.5,876.3600175
2026-05-15T18:20:00+00:00,15874.15,15874.2,15870.6,15870.75,15873.8,15874.5,15873.9,15874.5,15870.4,15870.8,15870.6,15870.9,0.3,1217.160027
2026-05-15T18:30:00+00:00,15870.85,15875.1,15870.75,15874.1,15870.6,15871.1,15874.9,15875.3,15870.6,15870.9,15873.9,15874.3,0.4,1809.360024
2026-05-15T18:40:00+00:00,15874.05,15874.8,15872.8,15872.8,15873.8,15874.3,15874.6,15875,15872.6,15873,15872.6,15873,0.4,768.6000147
2026-05-15T18:50:00+00:00,15872.65,15873.05,15870.5,15870.6,15872.4,15872.9,15872.8,15873.3,15870.2,15870.8,15870.4,15870.8,0.4,1762.890035
2026-05-15T19:00:00+00:00,15870.55,15871.55,15869.4,15870.35,15870.4,15870.7,15871.3,15871.8,15869.3,15869.5,15870.1,15870.6,0.5,1046.720011
2026-05-15T19:10:00+00:00,15870.4,15873.45,15870.4,15872.9,15870.2,15870.6,15873.3,15873.6,15870.2,15870.6,15872.5,15873.3,0.8,1351.34002
2026-05-15T19:20:00+00:00,15872.95,15873.2,15871.75,15872.2,15872.7,15873.2,15873,15873.4,15871.5,15872,15872,15872.4,0.4,603.6300113
2026-05-15T19:30:00+00:00,15872.15,15872.35,15870.6,15871.5,15872,15872.3,15872.1,15872.6,15870.3,15870.9,15871.2,15871.8,0.6,795.3600068
2026-05-15T19:40:00+00:00,15871.55,15874.7,15871.55,15874.35,15871.3,15871.8,15874.4,15875,15871.3,15871.8,15874.1,15874.6,0.5,982.7400154
2026-05-15T19:50:00+00:00,15874.45,15878.6,15873.3,15877.4,15874.1,15874.8,15878.3,15878.9,15873,15873.6,15877.1,15877.7,0.6,1633.660023
2026-05-15T20:00:00+00:00,15877.3,15879.25,15876.4,15876.8,15877,15877.6,15879,15879.5,15876.1,15876.7,15876.5,15877.1,0.6,1205.280022
2026-05-15T20:10:00+00:00,15876.9,15879.75,15876.55,15879.4,15876.6,15877.2,15879.4,15880.1,15876.3,15876.8,15879.1,15879.7,0.6,590.4600126
2026-05-15T20:20:00+00:00,15879.75,15884.5,15878.9,15880.25,15879.4,15880.1,15884.2,15884.8,15878.5,15879.3,15879.9,15880.6,0.7,1473.150025
2026-05-15T20:30:00+00:00,15880.2,15880.2,15874.65,15876.7,15879.8,15880.6,15879.8,15880.6,15874.3,15875,15876.4,15877,0.6,1800.900033
2026-05-15T20:40:00+00:00,15876.7,15879,15873.55,15878.8,15876.4,15877,15878.4,15879.6,15873.1,15874,15878.2,15879.4,1.2,1021.500017
2026-05-15T20:50:00+00:00,15878.75,15880.55,15874.4,15874.4,15878.2,15879.3,15879.8,15881.3,15873.1,15875.7,15873.1,15875.7,2.6,2172.00003
2026-05-17T21:00:00+00:00,15868.05,15870.2,15861.95,15862.25,15856.4,15879.7,15858.2,15882.2,15852.8,15871.1,15853.4,15871.1,17.7,58.14000142
2026-05-17T21:10:00+00:00,15862.3,15862.5,15858.7,15859.25,15853.5,15871.1,15853.9,15871.1,15850.8,15866.6,15851.4,15867.1,15.7,156.3700039
2026-05-17T21:20:00+00:00,15859.8,15874.6,15859.25,15874.1,15852.5,15867.1,15865.8,15883.4,15851.4,15867.1,15864.8,15883.4,18.6,117.740002
2026-05-17T21:30:00+00:00,15874.15,15875.4,15871.85,15874.45,15865,15883.3,15866.1,15884.7,15863.6,15880.1,15865.4,15883.5,18.1,227.8500007
2026-05-17T21:40:00+00:00,15874.4,15877.25,15872.75,15875.55,15865.3,15883.5,15870.9,15883.6,15864.9,15880.6,15870.5,15880.6,10.1,296.3800035
2026-05-17T21:50:00+00:00,15875.5,15876.25,15864.15,15869.35,15870.4,15880.6,15871.9,15880.6,15856.4,15871.9,15859.1,15879.6,20.5,1017.420017
2026-05-17T22:00:00+00:00,15870.85,15883.1,15868.85,15878.95,15864.3,15877.4,15881.4,15884.8,15862.9,15874.8,15877.2,15880.7,3.5,1368.080006
2026-05-17T22:10:00+00:00,15878.25,15881.4,15877.45,15880.95,15877.2,15879.3,15880.7,15882.1,15876.1,15878.8,15880.7,15881.2,0.5,719.7300152
2026-05-17T22:20:00+00:00,15881.25,15881.45,15878.45,15880.1,15880.7,15881.8,15880.7,15882.2,15878,15878.9,15879.5,15880.7,1.2,367.4200114
2026-05-17T22:30:00+00:00,15880.4,15881.2,15877.2,15879.4,15879.8,15881,15880.5,15881.9,15877,15877.4,15878.8,15880,1.2,514.8200111
2026-05-17T22:40:00+00:00,15879.5,15880.1,15878.75,15879.7,15878.9,15880.1,15879.5,15880.7,15878,15879.5,15879.2,15880.2,1,269.5800079
2026-05-17T22:50:00+00:00,15879.6,15879.9,15877.6,15879.3,15878.9,15880.3,15879.4,15880.4,15876.9,15878.3,15878.7,15879.9,1.2,737.5700206
2026-05-17T23:00:00+00:00,15878.7,15881.15,15876.5,15880.75,15878.3,15879.1,15880.8,15881.5,15876.2,15876.8,15880.4,15881.1,0.7,299.3300091
2026-05-17T23:10:00+00:00,15881.8,15883.35,15879.5,15880.15,15881.7,15881.9,15883.1,15883.6,15879.3,15879.7,15879.9,15880.4,0.5,348.6600077
2026-05-17T23:20:00+00:00,15880.2,15883.8,15879.35,15883.35,15879.9,15880.5,15883.5,15884.1,15879,15879.7,15883.1,15883.6,0.5,314.3700055
2026-05-17T23:30:00+00:00,15883.65,15887.05,15883.65,15886.85,15883.5,15883.8,15886.8,15887.3,15883.5,15883.8,15886.6,15887.1,0.5,566.6800108
2026-05-17T23:40:00+00:00,15886.8,15888.35,15884.1,15885.7,15886.5,15887.1,15888.1,15888.6,15884,15884.2,15885.4,15886,0.6,648.0900122
2026-05-17T23:50:00+00:00,15885.6,15888.35,15884.7,15885.35,15885.4,15885.8,15888,15888.7,15884.4,15885,15885.1,15885.6,0.5,862.9900161
2026-05-18T00:00:00+00:00,15885.2,15888.05,15880.55,15883.45,15884.9,15885.5,15887.8,15888.3,15880.3,15880.8,15883.1,15883.8,0.7,2208.12004
2026-05-18T00:10:00+00:00,15883.35,15886,15882.25,15884.65,15883.1,15883.6,15885.7,15886.3,15882,15882.5,15884.4,15884.9,0.5,1075.120018
2026-05-18T00:20:00+00:00,15884.6,15886.15,15882.05,15883.35,15884.3,15884.9,15885.8,15886.5,15881.8,15882.3,15883.1,15883.6,0.5,1091.540018
2026-05-18T00:30:00+00:00,15883.3,15886.15,15883.1,15886.1,15883,15883.6,15885.8,15886.5,15882.8,15883.4,15885.8,15886.4,0.6,806.700014
2026-05-18T00:40:00+00:00,15886.05,15890.35,15885.85,15888.5,15885.8,15886.3,15890,15890.7,15885.7,15886,15888.2,15888.8,0.6,1126.240019
2026-05-18T00:50:00+00:00,15888.4,15895.3,15888.05,15893.5,15888.1,15888.7,15895.2,15895.4,15887.8,15888.3,15893.2,15893.8,0.6,2311.410036
2026-05-18T01:00:00+00:00,15893.55,15895.4,15890.7,15891.25,15893.3,15893.8,15895.2,15895.6,15890.4,15891,15890.9,15891.6,0.7,1316.910024
2026-05-18T01:10:00+00:00,15891.3,15894.55,15890.75,15892.35,15891,15891.6,15894.2,15894.9,15890.5,15891,15892.1,15892.6,0.5,1503.030019
2026-05-18T01:20:00+00:00,15892.25,15895.1,15886.9,15894.3,15892,15892.5,15894.8,15895.4,15886.6,15887.2,15894.1,15894.5,0.4,2617.570041
2026-05-18T01:30:00+00:00,15894.15,15895.05,15889.25,15891.15,15893.9,15894.4,15894.9,15895.2,15889,15889.5,15890.9,15891.4,0.5,1725.170027
2026-05-18T01:40:00+00:00,15890.95,15894.15,15889.25,15890.6,15890.7,15891.2,15893.9,15894.4,15889,15889.5,15890.3,15890.9,0.6,966.2500187
2026-05-18T01:50:00+00:00,15890.65,15893.4,15888.25,15893.3,15890.4,15890.9,15893.2,15893.6,15888,15888.5,15893.1,15893.5,0.4,1078.25002
2026-05-18T02:00:00+00:00,15893.4,15894.95,15891.3,15891.55,15893.2,15893.6,15894.7,15895.2,15891.1,15891.5,15891.3,15891.8,0.5,923.7000159
2026-05-18T02:10:00+00:00,15891.05,15892.35,15889.6,15891.65,15890.9,15891.2,15892.1,15892.6,15889.4,15889.8,15891.5,15891.8,0.3,685.3500174
2026-05-18T02:20:00+00:00,15891.6,15892.35,15890.75,15891.35,15891.5,15891.7,15892.1,15892.6,15890.5,15891,15891,15891.7,0.7,708.6500154
2026-05-18T02:30:00+00:00,15891.25,15891.35,15889.15,15890.65,15891,15891.5,15891.1,15891.6,15888.9,15889.4,15890.4,15890.9,0.5,616.4000084
2026-05-18T02:40:00+00:00,15890.4,15892.85,15889.65,15892.85,15890.2,15890.6,15892.6,15893.1,15889.4,15889.9,15892.6,15893.1,0.5,590.7900126
2026-05-18T02:50:00+00:00,15892.8,15893.5,15891.35,15891.45,15892.6,15893,15893.2,15893.8,15891.1,15891.6,15891.2,15891.7,0.5,1041.950014
2026-05-18T03:00:00+00:00,15891.5,15893.6,15890.7,15893.25,15891.3,15891.7,15893.3,15893.9,15890.4,15891,15893,15893.5,0.5,923.1300135
2026-05-18T03:10:00+00:00,15893.35,15894.3,15892.65,15892.9,15893.1,15893.6,15894.1,15894.5,15892.4,15892.9,15892.7,15893.1,0.4,923.7200176
2026-05-18T03:20:00+00:00,15892.95,15894.4,15892.6,15893.45,15892.8,15893.1,15894.3,15894.5,15892.3,15892.9,15893.1,15893.8,0.7,1468.940025
2026-05-18T03:30:00+00:00,15893.5,15894.95,15893.35,15894.75,15893.2,15893.8,15894.7,15895.2,15893.1,15893.6,15894.5,15895,0.5,782.7300119
2026-05-18T03:40:00+00:00,15894.8,15897.3,15893.55,15896.5,15894.5,15895.1,15897,15897.6,15893.3,15893.8,15896.2,15896.8,0.6,1169.140015
2026-05-18T03:50:00+00:00,15896.4,15905.85,15896.2,15903.85,15896.2,15896.6,15905.5,15906.2,15895.9,15896.5,15903.5,15904.2,0.7,3117.580037
2026-05-18T04:00:00+00:00,15903.9,15907.45,15881.85,15903.6,15903.6,15904.2,15907.2,15907.7,15881.4,15882.3,15903.3,15903.9,0.6,4733.640063
2026-05-18T04:10:00+00:00,15903.75,15904.8,15900.5,15903.55,15903.5,15904,15904.5,15905.1,15900.3,15900.7,15903.3,15903.8,0.5,1208.160016
2026-05-18T04:20:00+00:00,15903.5,15903.9,15899.3,15900.55,15903.2,15903.8,15903.6,15904.2,15898.9,15899.7,15900.2,15900.9,0.7,1196.670014
2026-05-18T04:30:00+00:00,15900.65,15900.8,15895.45,15898,15900.3,15901,15900.5,15901.1,15895.2,15895.7,15897.7,15898.3,0.6,1643.170025
2026-05-18T04:40:00+00:00,15897.85,15898,15894.2,15897,15897.6,15898.1,15897.7,15898.3,15893.9,15894.5,15896.7,15897.3,0.6,754.4200075
2026-05-18T04:50:00+00:00,15897.2,15898.85,15894.1,15898.4,15896.9,15897.5,15898.6,15899.1,15893.9,15894.3,15898.1,15898.7,0.6,1497.920017
2026-05-18T05:00:00+00:00,15898.7,15900.05,15896.7,15898.8,15898.4,15899,15899.8,15900.3,15896.4,15897,15898.5,15899.1,0.6,2277.610025
2026-05-18T05:10:00+00:00,15898.75,15900,15896.65,15897.05,15898.5,15899,15899.7,15900.3,15896.3,15897,15896.8,15897.3,0.5,1279.640011
2026-05-18T05:20:00+00:00,15897,15898,15894.5,15895.8,15896.8,15897.2,15897.7,15898.3,15894.2,15894.8,15895.5,15896.1,0.6,890.4900106
2026-05-18T05:30:00+00:00,15895.7,15897.1,15890.55,15891,15895.4,15896,15896.7,15897.5,15890.2,15890.9,15890.7,15891.3,0.6,999.1400167
2026-05-18T05:40:00+00:00,15891.15,15895.5,15890.75,15894.35,15890.9,15891.4,15895.3,15895.7,15890.5,15891,15894.1,15894.6,0.5,1318.55002
2026-05-18T05:50:00+00:00,15894.4,15896.4,15894.3,15894.85,15894.2,15894.6,15896.1,15896.7,15894,15894.6,15894.6,15895.1,0.5,969.8100154
2026-05-18T06:00:00+00:00,15894.9,15895.5,15888.65,15891.05,15894.6,15895.2,15895.3,15895.7,15888.4,15888.9,15890.7,15891.4,0.7,2647.520022
2026-05-18T06:10:00+00:00,15890.95,15892.25,15885.7,15887,15890.7,15891.2,15891.9,15892.6,15885.5,15885.9,15886.7,15887.3,0.6,1697.100014
2026-05-18T06:20:00+00:00,15887.05,15888.55,15883.8,15888.4,15886.7,15887.4,15888.2,15888.9,15883.5,15884.1,15888.1,15888.7,0.6,1909.450021
2026-05-18T06:30:00+00:00,15888.35,15888.8,15884.25,15888.25,15888.1,15888.6,15888.5,15889.1,15884,15884.5,15888,15888.5,0.5,1715.490024
2026-05-18T06:40:00+00:00,15888.3,15890.65,15886.1,15889.6,15888.1,15888.5,15890.4,15890.9,15885.9,15886.3,15889.3,15889.9,0.6,1793.790023
2026-05-18T06:50:00+00:00,15889.55,15890.1,15886.5,15889.5,15889.3,15889.8,15889.8,15890.4,15886.3,15886.7,15889.3,15889.7,0.4,1546.590024
2026-05-18T07:00:00+00:00,15889.45,15892.8,15888.7,15891.85,15889.2,15889.7,15892.5,15893.1,15888.4,15889,15891.6,15892.1,0.5,1891.790021
2026-05-18T07:10:00+00:00,15892,15898.45,15892,15896.3,15891.7,15892.3,15898.1,15898.8,15891.7,15892.3,15896.1,15896.5,0.4,1146.420014
2026-05-18T07:20:00+00:00,15896.4,15897.6,15882.15,15883.9,15896.1,15896.7,15897.3,15897.9,15881.9,15882.4,15883.6,15884.2,0.6,3254.480043
2026-05-18T07:30:00+00:00,15884,15888.4,15880.8,15887.35,15883.7,15884.3,15888.1,15888.7,15880.6,15881,15887.1,15887.6,0.5,3251.080041
2026-05-18T07:40:00+00:00,15887.4,15889.7,15885.35,15889.45,15887.1,15887.7,15889.5,15889.9,15885.1,15885.6,15889.3,15889.6,0.3,1312.240021
2026-05-18T07:50:00+00:00,15889.55,15892.25,15888.05,15892.1,15889.4,15889.7,15892.1,15892.4,15887.9,15888.2,15891.9,15892.3,0.4,3307.970057
2026-05-18T08:00:00+00:00,15892.2,15892.35,15888.9,15891.8,15891.9,15892.5,15892.1,15892.6,15888.7,15889.1,15891.5,15892.1,0.6,2667.760044
2026-05-18T08:10:00+00:00,15891.85,15893.35,15886.5,15887.15,15891.6,15892.1,15893.2,15893.5,15886.3,15886.7,15886.9,15887.4,0.5,1521.490026
2026-05-18T08:20:00+00:00,15887.05,15887.4,15883.15,15883.3,15886.8,15887.3,15887.2,15887.6,15882.9,15883.4,15883.1,15883.5,0.4,1392.440022
2026-05-18T08:30:00+00:00,15883.25,15885.7,15879.15,15883.6,15883,15883.5,15885.5,15885.9,15878.8,15879.5,15883.3,15883.9,0.6,1561.940026
2026-05-18T08:40:00+00:00,15883.5,15887.45,15882.2,15882.2,15883.2,15883.8,15887.2,15887.7,15881.9,15882.5,15881.9,15882.5,0.6,1407.880018
2026-05-18T08:50:00+00:00,15882.55,15882.95,15879.25,15882.75,15882.3,15882.8,15882.7,15883.2,15878.9,15879.6,15882.5,15883,0.5,1933.690026
2026-05-18T09:00:00+00:00,15882.65,15887.15,15882.65,15886.25,15882.4,15882.9,15886.9,15887.4,15882.4,15882.9,15886,15886.5,0.5,1315.220019
2026-05-18T09:10:00+00:00,15886.4,15888.45,15885.25,15887.25,15886.2,15886.6,15888.3,15888.6,15884.9,15885.6,15887,15887.5,0.5,816.5900129
2026-05-18T09:20:00+00:00,15887.3,15887.35,15884.4,15886.35,15887.2,15887.4,15887.2,15887.5,15884.2,15884.6,15886.1,15886.6,0.5,837.4200195
2026-05-18T09:30:00+00:00,15886.45,15887.9,15883.05,15885.6,15886.2,15886.7,15887.6,15888.2,15882.9,15883.2,15885.4,15885.8,0.4,1128.430021
2026-05-18T09:40:00+00:00,15885.55,15888,15884.4,15887.65,15885.3,15885.8,15887.8,15888.2,15884.1,15884.7,15887.4,15887.9,0.5,667.7100111
2026-05-18T09:50:00+00:00,15887.55,15893.45,15886.95,15893.4,15887.3,15887.8,15893.2,15893.7,15886.7,15887.2,15893.2,15893.6,0.4,1190.890013
2026-05-18T10:00:00+00:00,15893.45,15895.3,15891.55,15892.2,15893.2,15893.7,15895.1,15895.5,15891.4,15891.7,15892,15892.4,0.4,1000.890022
2026-05-18T10:10:00+00:00,15892.15,15892.45,15890.55,15891.25,15891.9,15892.4,15892.2,15892.7,15890.3,15890.8,15891,15891.5,0.5,512.700008
2026-05-18T10:20:00+00:00,15891.35,15892.7,15890.35,15890.45,15891.1,15891.6,15892.4,15893,15890.1,15890.6,15890.2,15890.7,0.5,719.8500085
2026-05-18T10:30:00+00:00,15890.65,15892.55,15889.9,15891.85,15890.4,15890.9,15892.3,15892.8,15889.7,15890.1,15891.6,15892.1,0.5,1244.850014
2026-05-18T10:40:00+00:00,15891.8,15892.5,15890.3,15891.9,15891.5,15892.1,15892.2,15892.8,15890.1,15890.5,15891.7,15892.1,0.4,506.660008
2026-05-18T10:50:00+00:00,15892,15893.35,15890.15,15893.1,15891.8,15892.2,15893.1,15893.6,15890,15890.3,15892.9,15893.3,0.4,813.9100181
2026-05-18T11:00:00+00:00,15893,15894.8,15891.8,15894.6,15892.7,15893.3,15894.6,15895,15891.6,15892,15894.4,15894.8,0.4,916.0600132
2026-05-18T11:10:00+00:00,15894.75,15896,15893.9,15894.3,15894.5,15895,15895.8,15896.2,15893.7,15894.1,15894.1,15894.5,0.4,949.0300122
2026-05-18T11:20:00+00:00,15894.15,15894.7,15891.85,15894.05,15894,15894.3,15894.4,15895,15891.6,15892.1,15893.8,15894.3,0.5,608.9100102
2026-05-18T11:30:00+00:00,15894.15,15894.5,15875.85,15879.75,15893.8,15894.5,15894.3,15894.7,15875.6,15876.1,15879.7,15879.8,0.1,2768.630047
2026-05-18T11:40:00+00:00,15879.6,15883.15,15868.4,15882.3,15879.4,15879.8,15882.9,15883.4,15868.1,15868.7,15882.2,15882.4,0.2,5680.140081
2026-05-18T11:50:00+00:00,15882.65,15885.9,15881.05,15883.75,15882.5,15882.8,15885.6,15886.2,15880.7,15881.4,15883.3,15884.2,0.9,1748.450035
2026-05-18T12:00:00+00:00,15883.65,15884.4,15875.85,15876.45,15883.3,15884,15884.1,15884.7,15875.5,15876.2,15876.2,15876.7,0.5,2497.330038
2026-05-18T12:10:00+00:00,15876.6,15883.8,15875.3,15881.65,15876.3,15876.9,15883.7,15883.9,15875.1,15875.5,15881.4,15881.9,0.5,2178.020038
2026-05-18T12:20:00+00:00,15881.95,15884.2,15880.8,15882.25,15881.7,15882.2,15883.9,15884.5,15880.5,15881.1,15882,15882.5,0.5,1689.170028
2026-05-18T12:30:00+00:00,15882.25,15883.35,15872.55,15874.35,15882,15882.5,15883.2,15883.5,15872.3,15872.8,15874.1,15874.6,0.5,3493.97005
2026-05-18T12:40:00+00:00,15874.55,15878.3,15861.4,15868.25,15874.3,15874.8,15878,15878.6,15861.1,15861.7,15868,15868.5,0.5,6335.270075
2026-05-18T12:50:00+00:00,15868.2,15874.55,15867.1,15869.1,15867.9,15868.5,15874.2,15874.9,15866.8,15867.4,15868.9,15869.3,0.4,3403.870054
2026-05-18T13:00:00+00:00,15869.15,15874.3,15868.1,15871.6,15869,15869.3,15874,15874.6,15867.8,15868.4,15871.4,15871.8,0.4,5882.880068
2026-05-18T13:10:00+00:00,15871.7,15876.25,15870.6,15875.4,15871.5,15871.9,15876,15876.5,15870.4,15870.8,15875.1,15875.7,0.6,2806.070026
2026-05-18T13:20:00+00:00,15875.45,15878.2,15873,15874.25,15875.2,15875.7,15878,15878.4,15872.7,15873.3,15874,15874.5,0.5,2617.320025
2026-05-18T13:30:00+00:00,15874.05,15876.1,15870.3,15874.3,15873.9,15874.2,15875.9,15876.3,15870.1,15870.5,15874.1,15874.5,0.4,3819.210038
2026-05-18T13:40:00+00:00,15874.2,15876.55,15865.75,15868.65,15874,15874.4,15876.3,15876.8,15865.5,15866,15868.4,15868.9,0.5,5027.950068
2026-05-18T13:50:00+00:00,15868.75,15875.8,15865,15874.75,15868.5,15869,15875.7,15875.9,15864.8,15865.2,15874.6,15874.9,0.3,3864.050054
2026-05-18T14:00:00+00:00,15874.7,15885.45,15873.4,15882.15,15874.6,15874.8,15885.2,15885.7,15873.3,15873.5,15881.9,15882.4,0.5,5928.220071
2026-05-18T14:10:00+00:00,15882.15,15888.15,15880.7,15883.2,15882,15882.3,15888,15888.3,15880.5,15880.9,15883,15883.4,0.4,5110.06005
2026-05-18T14:20:00+00:00,15883.25,15889.2,15882.75,15885.55,15883.1,15883.4,15889,15889.4,15882.6,15882.9,15885.3,15885.8,0.5,3526.630037
2026-05-18T14:30:00+00:00,15885.55,15891.7,15885.2,15888.25,15885.3,15885.8,15891.4,15892,15885,15885.4,15888,15888.5,0.5,4518.850044
2026-05-18T14:40:00+00:00,15888.15,15891.4,15886.1,15886.75,15887.9,15888.4,15891.3,15891.5,15885.8,15886.4,15886.6,15886.9,0.3,2479.740032
2026-05-18T14:50:00+00:00,15886.7,15887.7,15880.35,15884.15,15886.5,15886.9,15887.4,15888,15880.1,15880.6,15883.9,15884.4,0.5,3609.780065
2026-05-18T15:00:00+00:00,15883.95,15893.95,15882.95,15893.8,15883.7,15884.2,15893.7,15894.2,15882.8,15883.1,15893.6,15894,0.4,7033.520079
2026-05-18T15:10:00+00:00,15893.75,15893.75,15888.25,15890,15893.5,15894,15893.5,15894,15887.9,15888.6,15889.7,15890.3,0.6,3026.170037
2026-05-18T15:20:00+00:00,15889.75,15891.85,15886.75,15887.1,15889.5,15890,15891.6,15892.1,15886.6,15886.9,15886.9,15887.3,0.4,2760.080041
2026-05-18T15:30:00+00:00,15887.05,15887.1,15880.95,15883.2,15886.8,15887.3,15886.9,15887.3,15880.7,15881.2,15882.9,15883.5,0.6,3372.140048
2026-05-18T15:40:00+00:00,15883.1,15886.8,15880.45,15886.4,15882.9,15883.3,15886.5,15887.1,15880.2,15880.7,15886,15886.8,0.8,2233.320043
2026-05-18T15:50:00+00:00,15886.7,15886.8,15880.1,15883.3,15886.5,15886.9,15886.5,15887.1,15879.9,15880.3,15883.2,15883.4,0.2,2023.140035
2026-05-18T16:00:00+00:00,15883.35,15885.5,15881.35,15881.75,15883.3,15883.4,15885.4,15885.6,15881.1,15881.6,15881.6,15881.9,0.3,2235.500043
2026-05-18T16:10:00+00:00,15881.8,15882.35,15877.55,15879.1,15881.7,15881.9,15882.1,15882.6,15877.3,15877.8,15878.9,15879.3,0.4,1836.610032
2026-05-18T16:20:00+00:00,15879,15893.1,15877.95,15892.75,15878.7,15879.3,15892.9,15893.3,15877.7,15878.2,15892.6,15892.9,0.3,3573.980059
2026-05-18T16:30:00+00:00,15892.9,15894.3,15888.55,15890.65,15892.7,15893.1,15894,15894.6,15888.3,15888.8,15890.5,15890.8,0.3,2409.730039
2026-05-18T16:40:00+00:00,15890.7,15890.8,15888.05,15889.5,15890.6,15890.8,15890.6,15891,15887.9,15888.2,15889.3,15889.7,0.4,1483.550021
2026-05-18T16:50:00+00:00,15889.45,15894.55,15888.25,15893.55,15889.2,15889.7,15894.4,15894.7,15888,15888.5,15893.4,15893.7,0.3,2039.950027
2026-05-18T17:00:00+00:00,15893.75,15895.2,15890.55,15893.3,15893.5,15894,15894.9,15895.5,15890.4,15890.7,15893.1,15893.5,0.4,2870.090043
2026-05-18T17:10:00+00:00,15893.25,15893.4,15888.8,15889.5,15892.9,15893.6,15893.1,15893.7,15888.6,15889,15889.3,15889.7,0.4,1756.900018
2026-05-18T17:20:00+00:00,15889.4,15893.15,15889.35,15893,15889.1,15889.7,15892.9,15893.4,15889.1,15889.6,15892.8,15893.2,0.4,2066.740011
2026-05-18T17:30:00+00:00,15893.1,15894.05,15891,15891.45,15892.9,15893.3,15893.7,15894.4,15890.8,15891.2,15891.2,15891.7,0.5,1780.020009
2026-05-18T17:40:00+00:00,15891.45,15891.85,15889.2,15891.6,15891.2,15891.7,15891.6,15892.1,15889,15889.4,15891.4,15891.8,0.4,1673.61002
2026-05-18T17:50:00+00:00,15891.65,15891.95,15889.45,15891.65,15891.4,15891.9,15891.7,15892.2,15889.3,15889.6,15891.5,15891.8,0.3,1427.860015
2026-05-18T18:00:00+00:00,15891.5,15895.7,15891.45,15895.25,15891.2,15891.8,15895.5,15895.9,15891.2,15891.7,15895.1,15895.4,0.3,1707.930027
2026-05-18T18:10:00+00:00,15895.2,15897.55,15894.35,15896.75,15895,15895.4,15897.3,15897.8,15894.2,15894.5,15896.5,15897,0.5,1242.730016
2026-05-18T18:20:00+00:00,15896.9,15903.65,15896.85,15900.5,15896.7,15897.1,15903.5,15903.8,15896.6,15897.1,15900.3,15900.7,0.4,2252.810029
2026-05-18T18:30:00+00:00,15900.35,15901.9,15898.05,15901.5,15900.1,15900.6,15901.8,15902,15897.8,15898.3,15901.4,15901.6,0.2,2141.61004
2026-05-18T18:40:00+00:00,15901.55,15902.9,15900.8,15902.75,15901.4,15901.7,15902.7,15903.1,15900.7,15900.9,15902.5,15903,0.5,1541.15001
2026-05-18T18:50:00+00:00,15902.75,15907.85,15902.55,15907.7,15902.5,15903,15907.6,15908.1,15902.3,15902.8,15907.4,15908,0.6,2944.980024
2026-05-18T19:00:00+00:00,15907.6,15908.3,15881.05,15889.6,15907.3,15907.9,15908.1,15908.5,15880.8,15881.3,15889.4,15889.8,0.4,8900.730142
2026-05-18T19:10:00+00:00,15889.55,15893.75,15888.35,15889.7,15889.3,15889.8,15893.6,15893.9,15888.2,15888.5,15889.4,15890,0.6,3646.950045
2026-05-18T19:20:00+00:00,15889.4,15894.2,15886.95,15890.65,15889.2,15889.6,15893.9,15894.5,15886.7,15887.2,15890.3,15891,0.7,2087.870039
2026-05-18T19:30:00+00:00,15890.6,15892.85,15886.95,15887.1,15890.4,15890.8,15892.7,15893,15886.7,15887.2,15886.9,15887.3,0.4,2833.790023
2026-05-18T19:40:00+00:00,15887,15889.1,15883.4,15883.85,15886.8,15887.2,15888.9,15889.3,15883.2,15883.6,15883.6,15884.1,0.5,2276.620034
2026-05-18T19:50:00+00:00,15883.8,15889.1,15883.35,15888.7,15883.5,15884.1,15888.9,15889.3,15883.1,15883.6,15888.5,15888.9,0.4,1770.580027
2026-05-18T20:00:00+00:00,15888.55,15888.55,15883,15885.35,15888.4,15888.7,15888.4,15888.7,15882.8,15883.2,15885.1,15885.6,0.5,2201.410029
2026-05-18T20:10:00+00:00,15885.4,15885.9,15882.05,15882.8,15885.1,15885.7,15885.7,15886.1,15881.8,15882.3,15882.5,15883.1,0.6,896.8800066
2026-05-18T20:20:00+00:00,15882.9,15883.75,15880.2,15880.9,15882.6,15883.2,15883.5,15884,15879.9,15880.5,15880.5,15881.3,0.8,829.6300144
2026-05-18T20:30:00+00:00,15880.85,15885.8,15880.7,15885.75,15880.5,15881.2,15885.5,15886.1,15880.3,15881.1,15885.4,15886.1,0.7,794.3400127
2026-05-18T20:40:00+00:00,15885.7,15887,15874.4,15882.9,15885.4,15886,15886.7,15887.3,15874.1,15874.7,15882.7,15883.1,0.4,1195.200022
2026-05-18T20:50:00+00:00,15883.35,15886.05,15880.75,15881.45,15883,15883.7,15885.4,15886.7,15878.4,15883.1,15878.4,15884.5,6.1,1325.380016
2026-05-18T21:00:00+00:00,15881.8,15885.05,15879.7,15880,15878.4,15885.2,15878.4,15891.7,15874.2,15885.2,15874.2,15885.8,11.6,48.12000044
2026-05-18T21:10:00+00:00,15880.2,15882.45,15878.35,15879.5,15874.6,15885.8,15876.7,15888.2,15874.2,15882.5,15876.5,15882.5,6,35.49000008
2026-05-18T21:20:00+00:00,15881.2,15884.35,15878.3,15883.7,15874.3,15888.1,15879.9,15888.8,15874.3,15882.3,15878.6,15888.8,10.2,92.31000113
2026-05-18T21:30:00+00:00,15883.1,15883.1,15879.3,15880.1,15879.2,15887,15879.2,15887,15874.6,15884,15876,15884.2,8.2,244.2000073
2026-05-18T21:40:00+00:00,15880.15,15881.55,15877.45,15878.95,15876.1,15884.2,15878.6,15884.5,15875.5,15879.4,15876.5,15881.4,4.9,358.2600102
2026-05-18T21:50:00+00:00,15878.9,15879.4,15875.3,15877.1,15876.4,15881.4,15876.4,15882.4,15872.6,15878,15873.7,15880.5,6.8,202.920004
2026-05-18T22:00:00+00:00,15876.05,15880.7,15875.1,15880.45,15873.9,15878.2,15880.2,15881.2,15873.9,15876.3,15880,15880.9,0.9,938.6900011
2026-05-18T22:10:00+00:00,15880.45,15880.95,15879.2,15880.45,15880,15880.9,15880.5,15881.4,15878.7,15879.7,15880,15880.9,0.9,200.1000037
2026-05-18T22:20:00+00:00,15880.6,15881.85,15879.2,15881.7,15880.2,15881,15881.4,15882.3,15878.8,15879.6,15881.3,15882.1,0.8,141.7300032
2026-05-18T22:30:00+00:00,15881.75,15882,15879.5,15880.35,15881.4,15882.1,15881.6,15882.4,15879.1,15879.9,15879.9,15880.8,0.9,334.9300044
2026-05-18T22:40:00+00:00,15880.35,15882.1,15879.85,15880.95,15880,15880.7,15881.7,15882.5,15879.6,15880.1,15880.7,15881.2,0.5,210.0600048
2026-05-18T22:50:00+00:00,15880.75,15883.55,15880.6,15883.25,15880.3,15881.2,15883.2,15883.9,15880.2,15881,15882.7,15883.8,1.1,252.4500051
2026-05-18T23:00:00+00:00,15883.1,15884.45,15882.8,15883.2,15882.7,15883.5,15884,15884.9,15882.4,15883.2,15882.8,15883.6,0.8,471.7700104
2026-05-18T23:10:00+00:00,15883.25,15883.45,15881.9,15882.05,15882.9,15883.6,15883.1,15883.8,15881.6,15882.2,15881.7,15882.4,0.7,286.1900046
2026-05-18T23:20:00+00:00,15882,15882.1,15880.55,15881.3,15881.6,15882.4,15881.8,15882.4,15880.3,15880.8,15880.9,15881.7,0.8,412.9400048
2026-05-18T23:30:00+00:00,15881.35,15883.3,15880.75,15882.5,15881,15881.7,15883,15883.6,15880.5,15881,15882.2,15882.8,0.6,245.4000055
2026-05-18T23:40:00+00:00,15882.65,15884.55,15881.75,15884.35,15882.3,15883,15884.1,15885,15881.4,15882.1,15883.9,15884.8,0.9,524.4500077
2026-05-18T23:50:00+00:00,15884.5,15887.15,15883,15887.15,15883.9,15885.1,15886.8,15887.5,15882.5,15883.5,15886.8,15887.5,0.7,457.720008
2026-05-19T00:00:00+00:00,15887.25,15890.7,15885.95,15890.5,15886.9,15887.6,15890.4,15891,15885.7,15886.2,15890.1,15890.9,0.8,1831.930021
2026-05-19T00:10:00+00:00,15890.5,15893.65,15889.65,15892.3,15890.1,15890.9,15893.5,15893.8,15889.4,15889.9,15892,15892.6,0.6,1163.230018
2026-05-19T00:20:00+00:00,15892.35,15894.2,15890.95,15893.2,15892.1,15892.6,15893.9,15894.5,15890.7,15891.2,15893,15893.4,0.4,877.3400193
2026-05-19T00:30:00+00:00,15893.15,15898.15,15892.7,15897.8,15892.9,15893.4,15897.9,15898.4,15892.4,15893,15897.5,15898.1,0.6,892.8700187
2026-05-19T00:40:00+00:00,15897.95,15898.9,15894.55,15895.8,15897.7,15898.2,15898.6,15899.2,15894.3,15894.8,15895.6,15896,0.4,645.6500151
2026-05-19T00:50:00+00:00,15895.75,15902.1,15894.7,15901.25,15895.5,15896,15901.9,15902.3,15894.5,15894.9,15901,15901.5,0.5,2282.720044
2026-05-19T01:00:00+00:00,15901.35,15903,15897.9,15898,15901.1,15901.6,15902.8,15903.2,15897.7,15898.1,15897.8,15898.2,0.4,1634.380033
2026-05-19T01:10:00+00:00,15897.9,15899.25,15895.9,15898.4,15897.7,15898.1,15899,15899.5,15895.7,15896.1,15898.2,15898.6,0.4,1025.910015
2026-05-19T01:20:00+00:00,15898.35,15899.55,15897.05,15897.05,15898.1,15898.6,15899.3,15899.8,15896.8,15897.3,15896.8,15897.3,0.5,630.8900129
2026-05-19T01:30:00+00:00,15897.1,15897.35,15894.15,15894.15,15896.9,15897.3,15897.1,15897.6,15893.9,15894.4,15893.9,15894.4,0.5,1189.660022
2026-05-19T01:40:00+00:00,15894.2,15894.45,15889.1,15893.15,15893.9,15894.5,15894.2,15894.7,15888.9,15889.3,15892.9,15893.4,0.5,1488.230016
2026-05-19T01:50:00+00:00,15893.05,15898.55,15891.85,15898.45,15892.8,15893.3,15898.3,15898.8,15891.6,15892.1,15898.2,15898.7,0.5,1061.680019
2026-05-19T02:00:00+00:00,15898.7,15900.65,15897.55,15899.6,15898.6,15898.8,15900.4,15900.9,15897.3,15897.8,15899.3,15899.9,0.6,2161.570033
2026-05-19T02:10:00+00:00,15899.55,15900.75,15897.05,15897.4,15899.2,15899.9,15900.5,15901,15896.9,15897.2,15897.2,15897.6,0.4,1212.120015
2026-05-19T02:20:00+00:00,15897.3,15898,15895.4,15897.95,15897.1,15897.5,15897.8,15898.2,15895.1,15895.7,15897.7,15898.2,0.5,752.8000098
2026-05-19T02:30:00+00:00,15898.15,15898.95,15895.1,15896.45,15898,15898.3,15898.7,15899.2,15894.8,15895.4,15896.2,15896.7,0.5,685.5700114
2026-05-19T02:40:00+00:00,15896.6,15899.15,15895.5,15897.9,15896.4,15896.8,15898.9,15899.4,15895.3,15895.7,15897.6,15898.2,0.6,553.3800111
2026-05-19T02:50:00+00:00,15897.8,15897.95,15895.85,15896.6,15897.6,15898,15897.6,15898.3,15895.6,15896.1,15896.3,15896.9,0.6,614.9700125
2026-05-19T03:00:00+00:00,15896.5,15899.15,15896.5,15898.3,15896.3,15896.7,15899,15899.3,15896.3,15896.7,15898,15898.6,0.6,1081.950015
2026-05-19T03:10:00+00:00,15898.35,15898.5,15893.95,15894.45,15898.1,15898.6,15898.1,15898.9,15893.7,15894.2,15894.2,15894.7,0.5,949.2600091
2026-05-19T03:20:00+00:00,15894.4,15895.5,15893.75,15894.85,15894.2,15894.6,15895.2,15895.8,15893.5,15894,15894.7,15895,0.3,877.9100116
2026-05-19T03:30:00+00:00,15894.85,15896.1,15893.05,15894.25,15894.7,15895,15895.8,15896.4,15892.8,15893.3,15894,15894.5,0.5,1151.690017
2026-05-19T03:40:00+00:00,15894.25,15897.5,15894.1,15896.65,15894,15894.5,15897.4,15897.6,15893.8,15894.4,15896.5,15896.8,0.3,804.4500178
2026-05-19T03:50:00+00:00,15896.7,15897.45,15895.5,15895.9,15896.5,15896.9,15897.2,15897.7,15895.3,15895.7,15895.7,15896.1,0.4,692.6800123
2026-05-19T04:00:00+00:00,15895.75,15895.9,15892.2,15892.7,15895.5,15896,15895.7,15896.1,15892,15892.4,15892.5,15892.9,0.4,493.9400083
2026-05-19T04:10:00+00:00,15892.8,15894.35,15892.6,15892.95,15892.6,15893,15894.2,15894.5,15892.4,15892.8,15892.7,15893.2,0.5,466.5700084
2026-05-19T04:20:00+00:00,15893,15895.35,15892.7,15894.8,15892.7,15893.3,15895.2,15895.5,15892.4,15893,15894.6,15895,0.4,664.9600118
2026-05-19T04:30:00+00:00,15894.9,15895.5,15893.5,15894.1,15894.6,15895.2,15895.3,15895.7,15893.2,15893.8,15893.8,15894.4,0.6,694.2000092
2026-05-19T04:40:00+00:00,15894.2,15899.05,15894.15,15898.6,15894,15894.4,15898.8,15899.3,15893.9,15894.4,15898.4,15898.8,0.4,526.040009
2026-05-19T04:50:00+00:00,15898.55,15900.75,15896.35,15899.5,15898.3,15898.8,15900.5,15901,15896.1,15896.6,15899.3,15899.7,0.4,590.7000098
2026-05-19T05:00:00+00:00,15899.55,15900.75,15896.3,15896.45,15899.3,15899.8,15900.5,15901,15896,15896.6,15896.2,15896.7,0.5,798.9200131
2026-05-19T05:10:00+00:00,15896.35,15899.25,15895.3,15897.9,15896.1,15896.6,15899.1,15899.4,15895,15895.6,15897.7,15898.1,0.4,636.3000082
2026-05-19T05:20:00+00:00,15897.85,15900.6,15897.8,15899.5,15897.6,15898.1,15900.4,15900.8,15897.5,15898.1,15899.3,15899.7,0.4,927.4800184
2026-05-19T05:30:00+00:00,15899.45,15902.2,15898.8,15900.25,15899.3,15899.6,15902,15902.4,15898.6,15899,15900.1,15900.4,0.3,948.2100154
2026-05-19T05:40:00+00:00,15900.2,15902.05,15899.3,15901,15900,15900.4,15901.9,15902.2,15899.1,15899.5,15900.8,15901.2,0.4,848.7000165
2026-05-19T05:50:00+00:00,15900.9,15903.45,15900.1,15901,15900.7,15901.1,15903.2,15903.7,15899.8,15900.4,15900.7,15901.3,0.6,1180.470021
2026-05-19T06:00:00+00:00,15900.95,15904.95,15900.6,15903.3,15900.7,15901.2,15904.7,15905.2,15900.4,15900.8,15903.1,15903.5,0.4,2534.640033
2026-05-19T06:10:00+00:00,15903.25,15904.45,15900.6,15902.3,15903,15903.5,15904.2,15904.7,15900.4,15900.8,15902.1,15902.5,0.4,1740.740021
2026-05-19T06:20:00+00:00,15902.25,15903.6,15901.35,15903.5,15902.1,15902.4,15903.4,15903.8,15901.2,15901.5,15903.3,15903.7,0.4,1311.900022
2026-05-19T06:30:00+00:00,15903.45,15905.6,15903.1,15903.7,15903.3,15903.6,15905.4,15905.8,15902.9,15903.3,15903.5,15903.9,0.4,1431.45003
2026-05-19T06:40:00+00:00,15903.65,15911.35,15901.4,15906.75,15903.6,15903.7,15911.1,15911.6,15901.3,15901.5,15906.6,15906.9,0.3,1668.790037
2026-05-19T06:50:00+00:00,15906.6,15907.8,15902.3,15907.4,15906.3,15906.9,15907.7,15907.9,15902.1,15902.5,15907.1,15907.7,0.6,1202.410026
2026-05-19T07:00:00+00:00,15907.5,15913.1,15907.5,15911.05,15907.4,15907.6,15912.9,15913.3,15907.4,15907.6,15910.8,15911.3,0.5,1834.190031
2026-05-19T07:10:00+00:00,15911.6,15914.3,15911.6,15912.4,15911.5,15911.7,15914.1,15914.5,15911.5,15911.7,15912.1,15912.7,0.6,1315.560024
2026-05-19T07:20:00+00:00,15912.5,15913.9,15910.1,15910.65,15912.3,15912.7,15913.7,15914.1,15909.9,15910.3,15910.4,15910.9,0.5,797.9100155
2026-05-19T07:30:00+00:00,15910.7,15910.8,15903.2,15905.6,15910.5,15910.9,15910.6,15911,15903,15903.4,15905.4,15905.8,0.4,1170.450021
2026-05-19T07:40:00+00:00,15906.4,15908.3,15900.7,15902.1,15906.3,15906.5,15908.1,15908.5,15900.4,15901,15901.8,15902.4,0.6,1655.890029
2026-05-19T07:50:00+00:00,15902,15905.8,15900.45,15904.45,15901.8,15902.2,15905.5,15906.1,15900.2,15900.7,15904.3,15904.6,0.3,1495.130025
2026-05-19T08:00:00+00:00,15904.4,15905.7,15900.55,15905.65,15904.1,15904.7,15905.5,15905.9,15900.3,15900.8,15905.4,15905.9,0.5,1522.410024
2026-05-19T08:10:00+00:00,15905.6,15909.55,15904.7,15906.75,15905.4,15905.8,15909.3,15909.8,15904.5,15904.9,15906.4,15907.1,0.7,1550.020024
2026-05-19T08:20:00+00:00,15906.9,15908.3,15905.55,15907.65,15906.7,15907.1,15908,15908.6,15905.3,15905.8,15907.4,15907.9,0.5,1218.330017
2026-05-19T08:30:00+00:00,15907.85,15908.15,15904.85,15907.8,15907.6,15908.1,15907.9,15908.4,15904.6,15905.1,15907.6,15908,0.4,1200.810023
2026-05-19T08:40:00+00:00,15907.85,15908.75,15906.75,15907.7,15907.7,15908,15908.5,15909,15906.5,15907,15907.6,15907.8,0.2,1077.90002
2026-05-19T08:50:00+00:00,15907.75,15914.6,15907.55,15914.05,15907.6,15907.9,15914.4,15914.8,15907.4,15907.7,15913.9,15914.2,0.3,1004.18002
2026-05-19T09:00:00+00:00,15913.9,15915.9,15911.15,15911.7,15913.7,15914.1,15915.7,15916.1,15911,15911.3,15911.5,15911.9,0.4,1331.580021
2026-05-19T09:10:00+00:00,15911.8,15917.4,15911.7,15916.45,15911.6,15912,15917.2,15917.6,15911.5,15911.9,15916.3,15916.6,0.3,1052.730015
2026-05-19T09:20:00+00:00,15916.3,15916.3,15910.55,15912.75,15916.1,15916.5,15916.1,15916.5,15910.3,15910.8,15912.6,15912.9,0.3,1657.960023
2026-05-19T09:30:00+00:00,15912.8,15915.45,15912.2,15912.2,15912.5,15913.1,15915.3,15915.6,15912,15912.4,15912,15912.4,0.4,759.8800142
2026-05-19T09:40:00+00:00,15912.3,15913.35,15910.9,15912.2,15912.1,15912.5,15913.2,15913.5,15910.7,15911.1,15912,15912.4,0.4,800.3700143
2026-05-19T09:50:00+00:00,15912.15,15913.2,15906.95,15910.15,15912,15912.3,15912.9,15913.5,15906.7,15907.2,15909.9,15910.4,0.5,1154.21002
2026-05-19T10:00:00+00:00,15910.2,15910.75,15907.8,15907.85,15910,15910.4,15910.4,15911.1,15907.6,15908,15907.7,15908,0.3,1024.340011
2026-05-19T10:10:00+00:00,15907.8,15909.45,15906.6,15908.7,15907.6,15908,15909.2,15909.7,15906.4,15906.8,15908.5,15908.9,0.4,819.8500158
2026-05-19T10:20:00+00:00,15908.55,15908.85,15905.65,15907.95,15908.4,15908.7,15908.6,15909.1,15905.4,15905.9,15907.8,15908.1,0.3,787.9700161
2026-05-19T10:30:00+00:00,15907.9,15913.85,15907.8,15911.85,15907.7,15908.1,15913.7,15914,15907.6,15908,15911.7,15912,0.3,1188.490021
2026-05-19T10:40:00+00:00,15911.8,15917.95,15911.8,15913.1,15911.6,15912,15917.7,15918.2,15911.6,15912,15912.9,15913.3,0.4,2080.240033
2026-05-19T10:50:00+00:00,15913.25,15914.6,15909.05,15909.35,15913,15913.5,15914.4,15914.8,15908.8,15909.3,15909.2,15909.5,0.3,2072.620042
2026-05-19T11:00:00+00:00,15909.3,15913.4,15907.65,15912.2,15909.1,15909.5,15913.1,15913.7,15907.5,15907.8,15912,15912.4,0.4,2599.080025
2026-05-19T11:10:00+00:00,15912.35,15914.2,15910.1,15911.2,15912.2,15912.5,15914,15914.4,15909.9,15910.3,15911,15911.4,0.4,1316.130018
2026-05-19T11:20:00+00:00,15911.35,15913.2,15910.55,15912,15911.2,15911.5,15913,15913.4,15910.3,15910.8,15911.8,15912.2,0.4,1670.890016
2026-05-19T11:30:00+00:00,15911.9,15912,15910,15911.6,15911.6,15912.2,15911.8,15912.2,15909.9,15910.1,15911.4,15911.8,0.4,1493.180015
2026-05-19T11:40:00+00:00,15911.55,15912.45,15910.15,15910.65,15911.3,15911.8,15912.3,15912.6,15909.9,15910.4,15910.5,15910.8,0.3,1094.160016
2026-05-19T11:50:00+00:00,15910.7,15914.3,15910.4,15913.45,15910.5,15910.9,15914.1,15914.5,15910.2,15910.6,15913.3,15913.6,0.3,1282.540024
2026-05-19T12:00:00+00:00,15913.55,15914.25,15909.6,15910.8,15913.5,15913.6,15914,15914.5,15909.4,15909.8,15910.6,15911,0.4,1505.830029
2026-05-19T12:10:00+00:00,15910.7,15912.5,15909.3,15910.95,15910.4,15911,15912.3,15912.7,15909.1,15909.5,15910.7,15911.2,0.5,1397.620023
2026-05-19T12:20:00+00:00,15911.05,15913.25,15909.65,15911.65,15910.8,15911.3,15913,15913.5,15909.4,15909.9,15911.5,15911.8,0.3,1381.26002
2026-05-19T12:30:00+00:00,15911.95,15912.55,15909.45,15910.75,15911.7,15912.2,15912.2,15912.9,15909.1,15909.8,15910.5,15911,0.5,1589.51002
2026-05-19T12:40:00+00:00,15910.65,15912.95,15865.1,15902.1,15910.4,15910.9,15912.7,15913.2,15865,15865.2,15901.7,15902.5,0.8,8930.950151
2026-05-19T12:50:00+00:00,15901.95,15906.8,15900.05,15906.7,15901.7,15902.2,15906.5,15907.1,15899.8,15900.3,15906.5,15906.9,0.4,2586.980045
2026-05-19T13:00:00+00:00,15906.7,15916.25,15904.4,15913.55,15906.4,15907,15916,15916.5,15904.2,15904.6,15913.4,15913.7,0.3,3848.980059
2026-05-19T13:10:00+00:00,15913.6,15919.35,15910.95,15918.95,15913.4,15913.8,15919.1,15919.6,15910.7,15911.2,15918.8,15919.1,0.3,3087.780032
2026-05-19T13:20:00+00:00,15918.9,15919.4,15914.7,15918.55,15918.7,15919.1,15919.1,15919.7,15914.5,15914.9,15918.3,15918.8,0.5,4193.190057
2026-05-19T13:30:00+00:00,15918.45,15918.45,15910.25,15910.9,15918.2,15918.7,15918.2,15918.7,15910.1,15910.4,15910.7,15911.1,0.4,4831.620077
2026-05-19T13:40:00+00:00,15910.85,15913.45,15906.1,15909.55,15910.7,15911,15913.2,15913.7,15905.9,15906.3,15909.3,15909.8,0.5,3038.600049
2026-05-19T13:50:00+00:00,15909.5,15909.5,15892.4,15905,15909.3,15909.7,15909.3,15909.7,15892.1,15892.7,15904.8,15905.2,0.4,5327.500095
2026-05-19T14:00:00+00:00,15904.95,15913.15,15903.45,15911.9,15904.7,15905.2,15912.9,15913.4,15903.3,15903.6,15911.7,15912.1,0.4,4849.190084
2026-05-19T14:10:00+00:00,15911.95,15916.85,15910.2,15914.4,15911.8,15912.1,15916.6,15917.1,15909.9,15910.5,15914.1,15914.7,0.6,3241.370046
2026-05-19T14:20:00+00:00,15914.35,15925.3,15914.3,15919.35,15914,15914.7,15925.1,15925.5,15914,15914.6,15919.1,15919.6,0.5,4655.570067
2026-05-19T14:30:00+00:00,15919.3,15920.55,15914.15,15915.65,15919.1,15919.5,15920.4,15920.7,15913.8,15914.5,15915.4,15915.9,0.5,3152.360043
2026-05-19T14:40:00+00:00,15915.55,15919.2,15914.4,15917,15915.3,15915.8,15919,15919.4,15914.1,15914.7,15916.8,15917.2,0.4,3084.800057
2026-05-19T14:50:00+00:00,15916.85,15918.15,15899.35,15906.9,15916.6,15917.1,15917.9,15918.4,15899.1,15899.6,15906.7,15907.1,0.4,5657.020091
2026-05-19T15:00:00+00:00,15906.85,15910.25,15896.25,15907.4,15906.6,15907.1,15910.1,15910.4,15896,15896.5,15907.2,15907.6,0.4,5515.570083
2026-05-19T15:10:00+00:00,15907.2,15911.75,15906.2,15909.25,15907,15907.4,15911.4,15912.1,15906,15906.4,15909,15909.5,0.5,2609.220047
2026-05-19T15:20:00+00:00,15909.25,15915.15,15908.1,15914.85,15909,15909.5,15914.9,15915.4,15907.9,15908.3,15914.5,15915.2,0.7,2501.780035
2026-05-19T15:30:00+00:00,15915.15,15917.35,15912.35,15914.4,15914.9,15915.4,15917.2,15917.5,15912.1,15912.6,15914.1,15914.7,0.6,2874.460035
2026-05-19T15:40:00+00:00,15914.45,15915.95,15910.95,15912.2,15914,15914.9,15915.7,15916.2,15910.8,15911.1,15912,15912.4,0.4,1845.440025
2026-05-19T15:50:00+00:00,15912.15,15912.95,15909.45,15911.85,15911.9,15912.4,15912.8,15913.1,15909.2,15909.7,15911.6,15912.1,0.5,3436.710015
2026-05-19T16:00:00+00:00,15911.75,15917.65,15900.8,15909.3,15911.5,15912,15917.5,15917.8,15900.7,15900.9,15909.2,15909.4,0.2,5091.320035
2026-05-19T16:10:00+00:00,15909.45,15913.4,15879.25,15897.9,15909.2,15909.7,15913.2,15913.6,15879,15879.5,15897.8,15898,0.2,8346.65012
2026-05-19T16:20:00+00:00,15897.7,15900.6,15887.2,15889.5,15897.4,15898,15900.3,15900.9,15886.9,15887.5,15889.1,15889.9,0.8,3203.110064
2026-05-19T16:30:00+00:00,15889.65,15890.65,15879.85,15882,15889.3,15890,15890.4,15890.9,15879.6,15880.1,15881.7,15882.3,0.6,4561.970085
2026-05-19T16:40:00+00:00,15881.8,15883.75,15878,15883.65,15881.5,15882.1,15883.4,15884.1,15877.7,15878.3,15883.3,15884,0.7,4618.76006
2026-05-19T16:50:00+00:00,15883.85,15884.85,15879.3,15882.5,15883.5,15884.2,15884.6,15885.1,15879.1,15879.5,15882.3,15882.7,0.4,2686.260034
2026-05-19T17:00:00+00:00,15882.45,15885.05,15879.35,15884.25,15882.3,15882.6,15884.8,15885.3,15879.1,15879.6,15884,15884.5,0.5,2361.820034
2026-05-19T17:10:00+00:00,15884.2,15884.65,15881.2,15881.75,15883.9,15884.5,15884.4,15884.9,15880.9,15881.5,15881.5,15882,0.5,2301.750024
2026-05-19T17:20:00+00:00,15881.7,15885.65,15881.1,15883.5,15881.4,15882,15885.4,15885.9,15880.9,15881.3,15883.2,15883.8,0.6,1757.310014
2026-05-19T17:30:00+00:00,15883.45,15888.75,15882.05,15885.9,15883.2,15883.7,15888.6,15888.9,15881.8,15882.3,15885.7,15886.1,0.4,1529.080022
2026-05-19T17:40:00+00:00,15885.85,15888.55,15878.35,15880.05,15885.6,15886.1,15888.2,15888.9,15878,15878.7,15879.7,15880.4,0.7,2487.090029
2026-05-19T17:50:00+00:00,15880.1,15887.1,15879.5,15886.4,15879.9,15880.3,15886.9,15887.3,15879.2,15879.8,15886.2,15886.6,0.4,2153.560018
2026-05-19T18:00:00+00:00,15886.2,15888.65,15885.75,15888.45,15885.9,15886.5,15888.4,15888.9,15885.5,15886,15888.2,15888.7,0.5,2806.00003
2026-05-19T18:10:00+00:00,15888.55,15893.7,15886.85,15893.4,15888.3,15888.8,15893.5,15893.9,15886.6,15887.1,15893.1,15893.7,0.6,1646.950026
2026-05-19T18:20:00+00:00,15893.4,15900.75,15892,15900.75,15893.1,15893.7,15900.6,15900.9,15891.8,15892.2,15900.6,15900.9,0.3,2259.870041
2026-05-19T18:30:00+00:00,15900.8,15903.75,15898.95,15900.85,15900.7,15900.9,15903.6,15903.9,15898.8,15899.1,15900.6,15901.1,0.5,3308.310032
2026-05-19T18:40:00+00:00,15900.9,15904.7,15897.2,15904.6,15900.7,15901.1,15904.4,15905,15897,15897.4,15904.4,15904.8,0.4,2258.850017
2026-05-19T18:50:00+00:00,15904.65,15909.05,15903.25,15904.5,15904.4,15904.9,15908.8,15909.3,15903.1,15903.4,15904.3,15904.7,0.4,3212.530032
2026-05-19T19:00:00+00:00,15904.45,15908,15902.9,15906.35,15904.2,15904.7,15907.8,15908.2,15902.7,15903.1,15906.1,15906.6,0.5,1531.600022
2026-05-19T19:10:00+00:00,15906.25,15906.35,15901.8,15904.1,15906,15906.5,15906.1,15906.6,15901.6,15902,15903.9,15904.3,0.4,1143.73002
2026-05-19T19:20:00+00:00,15903.95,15907.45,15903.55,15905.4,15903.7,15904.2,15907.3,15907.6,15903.3,15903.8,15905.2,15905.6,0.4,688.8500124
2026-05-19T19:30:00+00:00,15905.35,15906.1,15900.95,15901.65,15905.1,15905.6,15906,15906.2,15900.7,15901.2,15901.4,15901.9,0.5,1063.880016
2026-05-19T19:40:00+00:00,15901.75,15901.75,15899.6,15900.75,15901.5,15902,15901.5,15902,15899.3,15899.9,15900.5,15901,0.5,871.7500106
2026-05-19T19:50:00+00:00,15901.1,15906,15900.7,15905.6,15901,15901.2,15905.8,15906.2,15900.4,15901,15905.4,15905.8,0.4,1655.330024
2026-05-19T20:00:00+00:00,15905.65,15908.4,15904.55,15908.35,15905.3,15906,15908.2,15908.6,15904.3,15904.8,15908.1,15908.6,0.5,1124.390023
2026-05-19T20:10:00+00:00,15908.45,15909.45,15907.25,15908.85,15908.2,15908.7,15909.2,15909.7,15907,15907.5,15908.7,15909,0.3,253.6300026
2026-05-19T20:20:00+00:00,15909.15,15909.75,15906.75,15908.4,15909,15909.3,15909.5,15910,15906.6,15906.9,15908.3,15908.5,0.2,749.5200061
2026-05-19T20:30:00+00:00,15908.3,15908.35,15906.85,15907.2,15908.1,15908.5,15908.1,15908.6,15906.7,15907,15906.9,15907.5,0.6,370.6500086
2026-05-19T20:40:00+00:00,15907.3,15910.55,15907.05,15908.6,15907.1,15907.5,15910.2,15910.9,15906.8,15907.3,15908.2,15909,0.8,667.2400106
2026-05-19T20:50:00+00:00,15908.6,15910.4,15905.65,15906.75,15908.3,15908.9,15909.9,15910.9,15904.5,15906.8,15904.5,15909,4.5,1363.630015
2026-05-19T21:00:00+00:00,15906.9,15907.6,15902.6,15903.05,15904,15909.8,15904,15911.2,15899,15906.2,15899.3,15906.8,7.5,43.200001
2026-05-19T21:10:00+00:00,15903.25,15906.05,15901.9,15903.9,15899.6,15906.9,15902.1,15910,15898.3,15905.5,15898.6,15909.2,10.6,65.85000134
2026-05-19T21:20:00+00:00,15903.4,15908.6,15902.65,15907.2,15898.7,15908.1,15906.3,15910.9,15898.7,15906.6,15905.2,15909.2,4,177.150004
2026-05-19T21:30:00+00:00,15907.35,15908.05,15906.95,15907.65,15905.2,15909.5,15906.4,15909.7,15905.1,15908.8,15906.2,15909.1,2.9,105.9000032
2026-05-19T21:40:00+00:00,15907.5,15907.6,15904.95,15905.5,15906.2,15908.8,15906.2,15909,15903.9,15906,15904.4,15906.6,2.2,33.30000114
2026-05-19T21:50:00+00:00,15905.75,15907.9,15905.55,15907.4,15904.4,15907.1,15906.5,15909.3,15904.3,15906.8,15905.9,15908.9,3,54.00000143
2026-05-19T22:00:00+00:00,15907.45,15908.15,15906,15906.65,15906,15908.9,15907.4,15908.9,15905.2,15906.8,15906,15907.3,1.3,406.0500034
2026-05-19T22:10:00+00:00,15906.7,15908.9,15906.25,15908.65,15906,15907.4,15908.5,15909.3,15905.8,15906.7,15908.2,15909.1,0.9,190.7900039
2026-05-19T22:20:00+00:00,15908.7,15910.65,15908.05,15908.9,15908.3,15909.1,15910.2,15911.1,15907.6,15908.5,15908.5,15909.3,0.8,361.3000077
2026-05-19T22:30:00+00:00,15908.75,15909.25,15907.3,15908.05,15908.4,15909.1,15908.9,15909.6,15906.9,15907.7,15907.8,15908.3,0.5,281.6000062
2026-05-19T22:40:00+00:00,15907.95,15909.75,15907.9,15909.7,15907.6,15908.3,15909.5,15910,15907.5,15908.3,15909.4,15910,0.6,314.8600023
2026-05-19T22:50:00+00:00,15909.65,15910.45,15905.85,15907.2,15909.3,15910,15910.2,15910.7,15905.3,15906.4,15906.6,15907.8,1.2,352.4100055
2026-05-19T23:00:00+00:00,15907.1,15907.45,15903.2,15905.05,15906.6,15907.6,15907,15907.9,15902.9,15903.5,15904.5,15905.6,1.1,688.6500111
2026-05-19T23:10:00+00:00,15905.2,15905.2,15903.25,15904.6,15904.8,15905.6,15904.8,15905.6,15903,15903.5,15904.4,15904.8,0.4,311.5800067
2026-05-19T23:20:00+00:00,15904.7,15905.15,15902.2,15903.45,15904.4,15905,15904.8,15905.5,15901.9,15902.5,15903.2,15903.7,0.5,475.8400056
2026-05-19T23:30:00+00:00,15903.5,15903.65,15899.3,15900.75,15903.2,15903.8,15903.3,15904,15899.1,15899.5,15900.4,15901.1,0.7,1352.240022
2026-05-19T23:40:00+00:00,15900.8,15902.1,15900.4,15901.55,15900.5,15901.1,15901.8,15902.4,15900.1,15900.7,15901.2,15901.9,0.7,571.5700042
2026-05-19T23:50:00+00:00,15901.75,15905.8,15900.55,15904.6,15901.4,15902.1,15905.6,15906,15900.2,15900.9,15904.3,15904.9,0.6,1095.350019
2026-05-20T00:00:00+00:00,15904.65,15910.4,15904.3,15908,15904.3,15905,15910.1,15910.7,15904,15904.6,15907.7,15908.3,0.6,3111.240035
2026-05-20T00:10:00+00:00,15907.9,15909.95,15906.85,15908.5,15907.7,15908.1,15909.7,15910.2,15906.5,15907.2,15908.2,15908.8,0.6,4492.020047
2026-05-20T00:20:00+00:00,15908.55,15909,15902.1,15904.8,15908.3,15908.8,15908.7,15909.3,15901.8,15902.4,15904.5,15905.1,0.6,2301.360026
2026-05-20T00:30:00+00:00,15904.5,15906.2,15902.35,15904.6,15904.4,15904.6,15905.9,15906.5,15902.1,15902.6,15904.4,15904.8,0.4,1421.64003
2026-05-20T00:40:00+00:00,15904.65,15906.1,15902.1,15902.45,15904.4,15904.9,15905.8,15906.4,15901.8,15902.4,15902.2,15902.7,0.5,1513.630019
2026-05-20T00:50:00+00:00,15902.6,15905,15895.5,15899.8,15902.3,15902.9,15904.7,15905.3,15895.4,15895.6,15899.5,15900.1,0.6,4691.98006
2026-05-20T01:00:00+00:00,15899.85,15904.7,15899.85,15901.2,15899.6,15900.1,15904.4,15905,15899.6,15900.1,15901,15901.4,0.4,3059.090025
2026-05-20T01:10:00+00:00,15901.55,15904.9,15901.5,15904.45,15901.5,15901.6,15904.6,15905.2,15901.4,15901.6,15904.2,15904.7,0.5,2000.730026
2026-05-20T01:20:00+00:00,15904.5,15908.6,15903.25,15907.7,15904.3,15904.7,15908.4,15908.8,15903,15903.5,15907.5,15907.9,0.4,938.7700129
2026-05-20T01:30:00+00:00,15907.65,15909.3,15904.4,15905.9,15907.4,15907.9,15909,15909.6,15904.2,15904.6,15905.6,15906.2,0.6,1707.690027
2026-05-20T01:40:00+00:00,15905.95,15906.15,15902.25,15903.2,15905.6,15906.3,15905.9,15906.4,15902,15902.5,15903,15903.4,0.4,1127.03002
2026-05-20T01:50:00+00:00,15903.15,15905.1,15897.6,15903.85,15902.9,15903.4,15904.7,15905.5,15897.3,15897.9,15903.6,15904.1,0.5,2566.490045
2026-05-20T02:00:00+00:00,15903.8,15904.55,15901.15,15901.8,15903.5,15904.1,15904.3,15904.8,15901,15901.3,15901.5,15902.1,0.6,1534.180023
2026-05-20T02:10:00+00:00,15901.9,15903.2,15898.95,15899,15901.7,15902.1,15902.9,15903.5,15898.7,15899.2,15898.7,15899.3,0.6,897.2600091
2026-05-20T02:20:00+00:00,15899.1,15899.15,15884,15896.3,15898.9,15899.3,15898.9,15899.4,15883.8,15884.2,15896,15896.6,0.6,2815.910044
2026-05-20T02:30:00+00:00,15896.15,15900.1,15893.75,15893.75,15895.9,15896.4,15899.8,15900.4,15893.5,15894,15893.5,15894,0.5,2468.490042
2026-05-20T02:40:00+00:00,15893.85,15893.85,15889.75,15891.95,15893.7,15894,15893.7,15894,15889.5,15890,15891.7,15892.2,0.5,1684.990021
2026-05-20T02:50:00+00:00,15891.9,15893.9,15890.85,15892.55,15891.6,15892.2,15893.6,15894.2,15890.6,15891.1,15892.2,15892.9,0.7,1788.950026
2026-05-20T03:00:00+00:00,15892.55,15894.75,15892.1,15894.25,15892.3,15892.8,15894.5,15895,15891.8,15892.4,15893.9,15894.6,0.7,1512.910021
2026-05-20T03:10:00+00:00,15894.3,15895.2,15890,15890.85,15894,15894.6,15895,15895.4,15889.8,15890.2,15890.6,15891.1,0.5,920.3100206
2026-05-20T03:20:00+00:00,15891.05,15891.85,15887.15,15889.35,15890.8,15891.3,15891.6,15892.1,15886.9,15887.4,15889.2,15889.5,0.3,920.2200159
2026-05-20T03:30:00+00:00,15889.4,15890,15886.7,15887,15889.2,15889.6,15889.8,15890.2,15886.5,15886.9,15886.6,15887.4,0.8,2592.540047
2026-05-20T03:40:00+00:00,15887.15,15889.5,15885.7,15888.65,15886.8,15887.5,15889.3,15889.7,15885.5,15885.9,15888.4,15888.9,0.5,2068.86003
2026-05-20T03:50:00+00:00,15888.7,15890.8,15885.9,15887.45,15888.4,15889,15890.6,15891,15885.7,15886.1,15887.1,15887.8,0.7,1024.780014
2026-05-20T04:00:00+00:00,15887.4,15887.4,15882.1,15885.55,15887.1,15887.7,15887.1,15887.7,15881.7,15882.5,15885.2,15885.9,0.7,1247.500016
2026-05-20T04:10:00+00:00,15885.6,15888.75,15884.85,15888.5,15885.4,15885.8,15888.5,15889,15884.6,15885.1,15888.2,15888.8,0.6,873.7800097
2026-05-20T04:20:00+00:00,15888.45,15890.95,15888.15,15889.65,15888.2,15888.7,15890.7,15891.2,15887.9,15888.4,15889.5,15889.8,0.3,740.5500089
2026-05-20T04:30:00+00:00,15889.7,15896.25,15889.7,15896.05,15889.5,15889.9,15896,15896.5,15889.5,15889.9,15895.8,15896.3,0.5,1049.640015
2026-05-20T04:40:00+00:00,15896.15,15900.3,15895.95,15899.1,15895.9,15896.4,15900,15900.6,15895.7,15896.2,15898.9,15899.3,0.4,2395.440028
2026-05-20T04:50:00+00:00,15899.2,15899.25,15896.4,15898.15,15898.9,15899.5,15899,15899.5,15896.2,15896.6,15897.9,15898.4,0.5,1332.140016
2026-05-20T05:00:00+00:00,15898.25,15898.75,15894.6,15897.05,15898.1,15898.4,15898.5,15899,15894.3,15894.9,15896.8,15897.3,0.5,1585.280022
2026-05-20T05:10:00+00:00,15897.1,15897.2,15893.9,15893.9,15896.9,15897.3,15897,15897.4,15893.6,15894.2,15893.6,15894.2,0.6,1324.280015
2026-05-20T05:20:00+00:00,15893.8,15895.55,15892.65,15895.45,15893.6,15894,15895.3,15895.8,15892.4,15892.9,15895.2,15895.7,0.5,1475.840016
2026-05-20T05:30:00+00:00,15895.5,15895.55,15891.75,15893.85,15895.1,15895.9,15895.2,15895.9,15891.5,15892,15893.5,15894.2,0.7,1252.620015
2026-05-20T05:40:00+00:00,15893.8,15896.75,15893.25,15896.1,15893.5,15894.1,15896.5,15897,15893,15893.5,15895.7,15896.5,0.8,818.5600142
2026-05-20T05:50:00+00:00,15896,15899.45,15894.4,15897.35,15895.7,15896.3,15899.1,15899.8,15894.2,15894.6,15897.1,15897.6,0.5,837.370015
2026-05-20T06:00:00+00:00,15897.4,15900.25,15896.35,15898.1,15897.2,15897.6,15900,15900.5,15896.2,15896.5,15897.8,15898.4,0.6,2327.48003
2026-05-20T06:10:00+00:00,15898.05,15898.1,15891.8,15892.4,15897.8,15898.3,15897.8,15898.4,15891.6,15892,15892.1,15892.7,0.6,2213.940034
2026-05-20T06:20:00+00:00,15892.3,15892.95,15887.3,15889.1,15892,15892.6,15892.8,15893.1,15887.1,15887.5,15888.9,15889.3,0.4,2756.180039
2026-05-20T06:30:00+00:00,15888.75,15896.25,15888.4,15895.8,15888.6,15888.9,15896,15896.5,15888.1,15888.7,15895.6,15896,0.4,2090.830035
2026-05-20T06:40:00+00:00,15895.75,15898.75,15894.25,15897.3,15895.5,15896,15898.5,15899,15894,15894.5,15897.1,15897.5,0.4,1577.860027
2026-05-20T06:50:00+00:00,15897.35,15900.3,15896.65,15898,15897.1,15897.6,15900.1,15900.5,15896.4,15896.9,15897.7,15898.3,0.6,1627.30002
2026-05-20T07:00:00+00:00,15898.1,15899.35,15892.95,15893.7,15897.9,15898.3,15899.1,15899.6,15892.7,15893.2,15893.4,15894,0.6,2221.410029
2026-05-20T07:10:00+00:00,15894.2,15898.25,15894.05,15897.5,15893.9,15894.5,15898,15898.5,15893.8,15894.3,15897.3,15897.7,0.4,1855.350023
2026-05-20T07:20:00+00:00,15897.35,15899.6,15896.25,15896.65,15897.1,15897.6,15899.4,15899.8,15896.1,15896.4,15896.3,15897,0.7,1720.750019
2026-05-20T07:30:00+00:00,15896.7,15903.4,15895.7,15901.25,15896.4,15897,15903.2,15903.6,15895.4,15896,15901.1,15901.4,0.3,1856.940026
2026-05-20T07:40:00+00:00,15901.35,15905.85,15900.5,15904,15901,15901.7,15905.6,15906.1,15900.3,15900.7,15903.8,15904.2,0.4,1733.37002
2026-05-20T07:50:00+00:00,15904.05,15906.3,15902.1,15906.15,15903.8,15904.3,15906.1,15906.5,15901.9,15902.3,15906,15906.3,0.3,1924.960028
2026-05-20T08:00:00+00:00,15906.55,15907.25,15903.2,15906.35,15906.4,15906.7,15907,15907.5,15902.9,15903.5,15906.1,15906.6,0.5,2383.640043
2026-05-20T08:10:00+00:00,15906.45,15910.2,15906.45,15908.1,15906.2,15906.7,15910.1,15910.3,15906.2,15906.7,15907.9,15908.3,0.4,1804.930027
2026-05-20T08:20:00+00:00,15908.05,15910.15,15905.75,15906.75,15907.9,15908.2,15910,15910.3,15905.4,15906.1,15906.5,15907,0.5,1230.720018
2026-05-20T08:30:00+00:00,15906.7,15907.2,15903.5,15904.2,15906.5,15906.9,15907,15907.4,15903.3,15903.7,15903.9,15904.5,0.6,1460.580024
2026-05-20T08:40:00+00:00,15904.15,15907,15901.95,15906.85,15903.9,15904.4,15906.8,15907.2,15901.7,15902.2,15906.6,15907.1,0.5,1319.650019
2026-05-20T08:50:00+00:00,15906.6,15906.65,15901.95,15904.4,15906.3,15906.9,15906.4,15906.9,15901.7,15902.2,15904.2,15904.6,0.4,1360.500022
2026-05-20T09:00:00+00:00,15904.45,15904.6,15899.45,15901.65,15904.3,15904.6,15904.4,15904.8,15899.2,15899.7,15901.4,15901.9,0.5,1019.860019
2026-05-20T09:10:00+00:00,15901.4,15905.05,15899.4,15903.05,15901.2,15901.6,15904.8,15905.3,15899.2,15899.6,15902.9,15903.2,0.3,1448.220021
2026-05-20T09:20:00+00:00,15902.9,15907.4,15901.75,15906.35,15902.6,15903.2,15907.2,15907.6,15901.5,15902,15906.2,15906.5,0.3,793.4900109
2026-05-20T09:30:00+00:00,15906.5,15907.05,15904.4,15905.6,15906.3,15906.7,15906.8,15907.3,15904.2,15904.6,15905.4,15905.8,0.4,500.3700092
2026-05-20T09:40:00+00:00,15904.85,15907.9,15904.65,15907.05,15904.8,15904.9,15907.7,15908.1,15904.5,15904.8,15906.9,15907.2,0.3,774.6600157
2026-05-20T09:50:00+00:00,15906.9,15907.9,15904.35,15907.05,15906.7,15907.1,15907.7,15908.1,15904.2,15904.5,15906.9,15907.2,0.3,806.6600157
2026-05-20T10:00:00+00:00,15907.1,15907.25,15904.2,15905.2,15907,15907.2,15907.1,15907.4,15904.1,15904.3,15905,15905.4,0.4,627.3000124
2026-05-20T10:10:00+00:00,15905.3,15906.95,15904.1,15906,15905.1,15905.5,15906.8,15907.1,15903.9,15904.3,15905.7,15906.3,0.6,1147.150021
2026-05-20T10:20:00+00:00,15906.1,15906.1,15903.5,15904.6,15905.9,15906.3,15905.9,15906.3,15903.4,15903.6,15904.5,15904.7,0.2,682.2000142
2026-05-20T10:30:00+00:00,15904.55,15904.95,15897.7,15898.1,15904.4,15904.7,15904.9,15905,15897.5,15897.9,15897.9,15898.3,0.4,1394.680019
2026-05-20T10:40:00+00:00,15898.25,15900.9,15896,15898.3,15898.1,15898.4,15900.5,15901.3,15895.8,15896.2,15898.1,15898.5,0.4,1171.800018
2026-05-20T10:50:00+00:00,15898.35,15900.5,15898.35,15899.8,15898.2,15898.5,15900.3,15900.7,15898.2,15898.5,15899.6,15900,0.4,1009.570015
2026-05-20T11:00:00+00:00,15899.9,15905.3,15899.9,15905.3,15899.7,15900.1,15905.1,15905.5,15899.7,15900.1,15905.1,15905.5,0.4,836.8500147
2026-05-20T11:10:00+00:00,15905.3,15905.4,15902,15902.85,15905.1,15905.5,15905.2,15905.6,15901.9,15902.1,15902.7,15903,0.3,1063.42002
2026-05-20T11:20:00+00:00,15902.6,15902.9,15899.55,15901.4,15902.4,15902.8,15902.7,15903.1,15899.4,15899.7,15901.1,15901.7,0.6,748.5000166
2026-05-20T11:30:00+00:00,15901.2,15902.4,15897.85,15898,15901,15901.4,15902.2,15902.6,15897.6,15898.1,15897.7,15898.3,0.6,2234.780038
2026-05-20T11:40:00+00:00,15898.1,15901.5,15897.15,15900.25,15897.9,15898.3,15901.3,15901.7,15896.9,15897.4,15900,15900.5,0.5,1474.010025
2026-05-20T11:50:00+00:00,15900.25,15904.45,15900.25,15903.65,15900,15900.5,15904.3,15904.6,15900,15900.5,15903.5,15903.8,0.3,1493.920023
2026-05-20T12:00:00+00:00,15903.6,15904.4,15900.55,15902.95,15903.4,15903.8,15904.1,15904.7,15900.3,15900.8,15902.8,15903.1,0.3,1456.630026
2026-05-20T12:10:00+00:00,15902.8,15903.3,15900.35,15901.7,15902.6,15903,15903,15903.6,15900,15900.7,15901.4,15902,0.6,891.2500166
2026-05-20T12:20:00+00:00,15901.75,15904.25,15899.8,15902,15901.5,15902,15904,15904.5,15899.5,15900.1,15901.8,15902.2,0.4,1506.350024
2026-05-20T12:30:00+00:00,15902.05,15902.05,15898.65,15900.25,15901.7,15902.4,15901.7,15902.4,15898.5,15898.8,15900,15900.5,0.5,1262.030022
2026-05-20T12:40:00+00:00,15900.3,15902.35,15900.1,15900.8,15900.1,15900.5,15902.2,15902.5,15899.8,15900.4,15900.6,15901,0.4,1391.440019
2026-05-20T12:50:00+00:00,15901,15902.7,15900.25,15901.8,15900.8,15901.2,15902.5,15902.9,15900,15900.5,15901.6,15902,0.4,836.1900139
2026-05-20T13:00:00+00:00,15901.85,15903.85,15900.8,15903.15,15901.6,15902.1,15903.6,15904.1,15900.6,15901,15902.9,15903.4,0.5,1845.200023
2026-05-20T13:10:00+00:00,15903.25,15904.9,15902.85,15904.3,15903,15903.5,15904.7,15905.1,15902.6,15903.1,15904.1,15904.5,0.4,960.9200125
2026-05-20T13:20:00+00:00,15904.35,15907.75,15903.8,15907.2,15904.1,15904.6,15907.4,15908.1,15903.6,15904,15906.9,15907.5,0.6,1603.010023
2026-05-20T13:30:00+00:00,15907.2,15908.25,15902.8,15906.65,15907,15907.4,15908,15908.5,15902.6,15903,15906.4,15906.9,0.5,2638.930028
2026-05-20T13:40:00+00:00,15906.6,15907.8,15903.35,15906.2,15906.4,15906.8,15907.5,15908.1,15903.2,15903.5,15906,15906.4,0.4,3692.950043
2026-05-20T13:50:00+00:00,15906.25,15911.4,15906.1,15910.5,15906,15906.5,15911.1,15911.7,15905.9,15906.3,15910.3,15910.7,0.4,2554.640023
2026-05-20T14:00:00+00:00,15910.45,15916.55,15910.2,15916.55,15910.2,15910.7,15916.3,15916.8,15909.9,15910.5,15916.3,15916.8,0.5,3966.930025
2026-05-20T14:10:00+00:00,15916.75,15916.85,15887,15894.05,15916.6,15916.9,15916.6,15917.1,15886.7,15887.3,15893.9,15894.2,0.3,10751.21016
2026-05-20T14:20:00+00:00,15894.15,15903.2,15891.6,15894.1,15894,15894.3,15903.1,15903.3,15891.4,15891.8,15893.9,15894.3,0.4,9092.55011
2026-05-20T14:30:00+00:00,15894.2,15895.35,15886.05,15886.9,15893.9,15894.5,15895.1,15895.6,15885.8,15886.3,15886.6,15887.2,0.6,7240.900099
2026-05-20T14:40:00+00:00,15886.85,15894.5,15886.85,15888.45,15886.6,15887.1,15894.3,15894.7,15886.6,15887.1,15888.2,15888.7,0.5,5408.450072
2026-05-20T14:50:00+00:00,15888.4,15889.55,15878.95,15887.2,15888.2,15888.6,15889.3,15889.8,15878.7,15879.2,15887,15887.4,0.4,6994.530096
2026-05-20T15:00:00+00:00,15887,15891.5,15877.15,15891.05,15886.7,15887.3,15891.3,15891.7,15876.8,15877.5,15890.8,15891.3,0.5,6896.0301
2026-05-20T15:10:00+00:00,15890.95,15892.4,15858.9,15872.1,15890.7,15891.2,15892.1,15892.7,15858.6,15859.2,15871.9,15872.3,0.4,8287.540163
2026-05-20T15:20:00+00:00,15871.85,15882.25,15868.4,15880.7,15871.6,15872.1,15882,15882.5,15868.2,15868.6,15880.5,15880.9,0.4,5940.320093
2026-05-20T15:30:00+00:00,15880.65,15881.4,15865.4,15869.2,15880.3,15881,15881.2,15881.6,15865.2,15865.6,15868.8,15869.6,0.8,5371.81008
2026-05-20T15:40:00+00:00,15869.15,15877.2,15866.2,15874.2,15868.9,15869.4,15876.9,15877.5,15866,15866.4,15874,15874.4,0.4,3773.410055
2026-05-20T15:50:00+00:00,15873.95,15885.2,15873.25,15884.55,15873.9,15874,15885,15885.4,15873,15873.5,15884.2,15884.9,0.7,4453.180065
2026-05-20T16:00:00+00:00,15884.65,15885.45,15875.6,15879.55,15884.3,15885,15885.1,15885.8,15875.3,15875.9,15879.4,15879.7,0.3,3372.610047
2026-05-20T16:10:00+00:00,15879.4,15879.65,15875.35,15879.05,15879.3,15879.5,15879.5,15879.8,15875.1,15875.6,15878.8,15879.3,0.5,2647.770041
2026-05-20T16:20:00+00:00,15879.1,15890.7,15878.9,15888.15,15878.9,15879.3,15890.5,15890.9,15878.7,15879.1,15888,15888.3,0.3,3994.480073
2026-05-20T16:30:00+00:00,15888.05,15891.6,15886.15,15887.9,15887.9,15888.2,15891.4,15891.8,15885.9,15886.4,15887.7,15888.1,0.4,2042.500029
2026-05-20T16:40:00+00:00,15888.05,15888.2,15879.6,15881.75,15887.8,15888.3,15888,15888.4,15879.3,15879.9,15881.6,15881.9,0.3,3631.570052
2026-05-20T16:50:00+00:00,15881.7,15885.9,15878.75,15883.7,15881.5,15881.9,15885.7,15886.1,15878.6,15878.9,15883.5,15883.9,0.4,3060.850055
2026-05-20T17:00:00+00:00,15883.6,15888.35,15882.8,15888,15883.5,15883.7,15888.1,15888.6,15882.7,15882.9,15887.9,15888.1,0.2,2937.790045
2026-05-20T17:10:00+00:00,15888.05,15890.9,15881.7,15885.05,15887.9,15888.2,15890.6,15891.2,15881.6,15881.8,15884.9,15885.2,0.3,2790.560044
2026-05-20T17:20:00+00:00,15885.1,15888.95,15883.4,15885.55,15884.9,15885.3,15888.7,15889.2,15883.2,15883.6,15885.3,15885.8,0.5,1970.760029
2026-05-20T17:30:00+00:00,15885.35,15892.5,15884.15,15889.35,15885.1,15885.6,15892.3,15892.7,15883.9,15884.4,15889.2,15889.5,0.3,2944.630048
2026-05-20T17:40:00+00:00,15889.4,15892.9,15889.05,15891.5,15889.2,15889.6,15892.8,15893,15888.8,15889.3,15891.3,15891.7,0.4,2080.800039
2026-05-20T17:50:00+00:00,15891.45,15893.65,15890.1,15892.35,15891.3,15891.6,15893.5,15893.8,15889.9,15890.3,15891.9,15892.8,0.9,1305.150023
2026-05-20T18:00:00+00:00,15892.2,15896.35,15889,15890.4,15891.9,15892.5,15896.1,15896.6,15888.7,15889.3,15890.2,15890.6,0.4,2069.560041
2026-05-20T18:10:00+00:00,15890.35,15890.8,15885,15885.5,15890.1,15890.6,15890.5,15891.1,15884.8,15885.2,15885.3,15885.7,0.4,1437.650015
2026-05-20T18:20:00+00:00,15885.85,15889,15882.75,15885.15,15885.8,15885.9,15888.8,15889.2,15882.6,15882.9,15884.8,15885.5,0.7,2357.730031
2026-05-20T18:30:00+00:00,15885.15,15885.35,15880.75,15881.35,15884.9,15885.4,15885.1,15885.6,15880.6,15880.9,15881.2,15881.5,0.3,1957.700024
2026-05-20T18:40:00+00:00,15881.3,15887,15880.95,15882.9,15881.1,15881.5,15886.8,15887.2,15880.8,15881.1,15882.7,15883.1,0.4,2111.840027
2026-05-20T18:50:00+00:00,15882.95,15885.3,15879.7,15884.3,15882.8,15883.1,15885,15885.6,15879.4,15880,15884.2,15884.4,0.2,2110.630028
2026-05-20T19:00:00+00:00,15884.45,15885.5,15880.6,15883.8,15884.4,15884.5,15885.2,15885.8,15880.4,15880.8,15883.6,15884,0.4,1471.790026
2026-05-20T19:10:00+00:00,15883.85,15884.45,15882.2,15883.6,15883.6,15884.1,15884.2,15884.7,15882.1,15882.3,15883.4,15883.8,0.4,910.540017
2026-05-20T19:20:00+00:00,15883.55,15884.2,15881.65,15882.05,15883.3,15883.8,15884,15884.4,15881.5,15881.8,15881.8,15882.3,0.5,975.5400211
2026-05-20T19:30:00+00:00,15882.1,15883.75,15877.95,15881.6,15881.8,15882.4,15883.6,15883.9,15877.8,15878.1,15881.4,15881.8,0.4,1066.520024
2026-05-20T19:40:00+00:00,15881.65,15885.5,15881.2,15885.2,15881.5,15881.8,15885.2,15885.8,15881,15881.4,15884.9,15885.5,0.6,952.0800173
2026-05-20T19:50:00+00:00,15885.3,15889.75,15884.55,15885.85,15885.1,15885.5,15889.5,15890,15884.3,15884.8,15885.5,15886.2,0.7,2224.920033
2026-05-20T20:00:00+00:00,15885.8,15889.05,15884.85,15887.75,15885.5,15886.1,15888.8,15889.3,15884.6,15885.1,15887.5,15888,0.5,1081.600021
2026-05-20T20:10:00+00:00,15887.6,15889.05,15885.65,15887.3,15887.4,15887.8,15888.8,15889.3,15885.4,15885.9,15887,15887.6,0.6,1004.53003
2026-05-20T20:20:00+00:00,15887.6,15888.6,15886.9,15888.25,15887.3,15887.9,15888.3,15888.9,15886.6,15887.2,15888,15888.5,0.5,894.0600111
2026-05-20T20:30:00+00:00,15888.1,15890.8,15888.1,15889.45,15887.8,15888.4,15890.5,15891.1,15887.8,15888.4,15889.1,15889.8,0.7,603.1400111
2026-05-20T20:40:00+00:00,15889.85,15893.2,15889.4,15892.5,15889.7,15890,15892.9,15893.5,15889.1,15889.7,15892.2,15892.8,0.6,577.3300091
2026-05-20T20:50:00+00:00,15892.45,15893.75,15890.9,15891.3,15892.1,15892.8,15893.2,15894.3,15889.9,15891.9,15889.9,15892.7,2.8,1196.130015
2026-05-20T21:00:00+00:00,15891.3,15892.5,15885.3,15888.1,15889.7,15892.9,15889.7,15895.3,15881.3,15889.3,15882.8,15893.4,10.6,208.4999996
2026-05-20T21:10:00+00:00,15888.05,15889.65,15885.15,15886.25,15882.6,15893.5,15885.4,15893.9,15881.5,15888.8,15883.7,15888.8,5.1,245.6700076
2026-05-20T21:20:00+00:00,15886.35,15888.95,15885.4,15886.9,15883.8,15888.9,15885.3,15892.6,15881.9,15888.9,15884.5,15889.3,4.8,82.20000124
2026-05-20T21:30:00+00:00,15887.5,15889.2,15885.55,15887.2,15885.7,15889.3,15885.7,15892.7,15882.1,15889,15885.1,15889.3,4.2,79.68000066
2026-05-20T21:40:00+00:00,15887.05,15888.2,15885.65,15885.75,15883.9,15890.2,15884.8,15891.6,15883.4,15887.9,15883.5,15888,4.5,67.80000186
2026-05-20T21:50:00+00:00,15885.85,15886.5,15883.9,15885.85,15883.6,15888.1,15884.7,15888.3,15882.4,15885.4,15884,15887.7,3.7,246.3800052
2026-05-20T22:00:00+00:00,15886,15888.65,15884.85,15886.15,15884.6,15887.4,15887.9,15889.4,15884.1,15885.6,15885.7,15886.6,0.9,570.4700013
2026-05-20T22:10:00+00:00,15886.35,15887.5,15883.85,15884.75,15885.9,15886.8,15887.1,15887.9,15883.4,15884.3,15884,15885.5,1.5,311.2600083
2026-05-20T22:20:00+00:00,15885.2,15886.85,15884.4,15886.8,15884.6,15885.8,15886.4,15887.3,15883.9,15884.9,15886.4,15887.2,0.8,192.8800052
2026-05-20T22:30:00+00:00,15886.75,15886.85,15884.7,15885.35,15886.4,15887.1,15886.4,15887.3,15884.3,15885.1,15884.9,15885.8,0.9,127.9600019
2026-05-20T22:40:00+00:00,15885.3,15885.3,15883.75,15884.35,15884.9,15885.7,15884.9,15885.7,15883.4,15884.1,15883.9,15884.8,0.9,130.9500023
2026-05-20T22:50:00+00:00,15884.45,15885.5,15884.25,15885.4,15884,15884.9,15885.1,15885.9,15883.9,15884.6,15885.1,15885.7,0.6,264.7700019
2026-05-20T23:00:00+00:00,15885.65,15885.8,15882.6,15884.85,15885.3,15886,15885.4,15886.2,15882.3,15882.9,15884.5,15885.2,0.7,429.8000066
2026-05-20T23:10:00+00:00,15884.85,15886.65,15884.2,15886.5,15884.5,15885.2,15886.4,15886.9,15883.9,15884.5,15886.2,15886.8,0.6,297.8900051
2026-05-20T23:20:00+00:00,15887.5,15890.05,15886.45,15889.15,15887.4,15887.6,15889.7,15890.4,15886.2,15886.7,15888.8,15889.5,0.7,357.0400058
2026-05-20T23:30:00+00:00,15889.3,15891.35,15889.3,15890.45,15889.1,15889.5,15891,15891.7,15889.1,15889.5,15890.1,15890.8,0.7,590.0200111
2026-05-20T23:40:00+00:00,15890.95,15892.45,15886,15886.4,15890.9,15891,15892.2,15892.7,15885.7,15886.3,15885.9,15886.9,1,594.4900085
2026-05-20T23:50:00+00:00,15886.35,15889.65,15886.15,15889,15885.9,15886.8,15889.5,15889.8,15885.6,15886.7,15888.6,15889.4,0.8,564.4900066
2026-05-21T00:00:00+00:00,15889.05,15892.6,15888.65,15889.8,15888.7,15889.4,15892.2,15893,15888.4,15888.9,15889.4,15890.2,0.8,2415.310032
2026-05-21T00:10:00+00:00,15889.85,15892.75,15888.7,15890.25,15889.6,15890.1,15892.5,15893,15888.4,15889,15889.9,15890.6,0.7,1485.120028
2026-05-21T00:20:00+00:00,15890.15,15891.35,15888.1,15888.6,15889.8,15890.5,15891,15891.7,15887.8,15888.4,15888.3,15888.9,0.6,1105.920016
2026-05-21T00:30:00+00:00,15888.7,15891.1,15886.35,15887.75,15888.4,15889,15890.8,15891.4,15886.1,15886.6,15887.5,15888,0.5,1672.170026
2026-05-21T00:40:00+00:00,15887.9,15889.15,15886.3,15886.4,15887.6,15888.2,15888.9,15889.4,15886,15886.6,15886,15886.8,0.8,668.7900085
2026-05-21T00:50:00+00:00,15886.25,15888.85,15885,15886.7,15886.1,15886.4,15888.6,15889.1,15884.8,15885.2,15886.4,15887,0.6,2258.960031
2026-05-21T01:00:00+00:00,15886.5,15887.85,15883.45,15883.95,15886.3,15886.7,15887.6,15888.1,15883.2,15883.7,15883.7,15884.2,0.5,1190.540019
2026-05-21T01:10:00+00:00,15883.85,15886.2,15883.7,15884.35,15883.6,15884.1,15886,15886.4,15883.4,15884,15884,15884.7,0.7,1024.570018
2026-05-21T01:20:00+00:00,15884.3,15885.7,15883.95,15884.7,15884,15884.6,15885.4,15886,15883.7,15884.2,15884.4,15885,0.6,494.4400091
2026-05-21T01:30:00+00:00,15884.75,15886.6,15881.1,15884.05,15884.5,15885,15886.3,15886.9,15880.8,15881.4,15883.8,15884.3,0.5,2827.100043
2026-05-21T01:40:00+00:00,15883.95,15889.15,15883.2,15889.15,15883.6,15884.3,15888.9,15889.4,15882.9,15883.5,15888.9,15889.4,0.5,989.0600097
2026-05-21T01:50:00+00:00,15889.05,15890.1,15886.85,15888.55,15888.9,15889.2,15889.9,15890.3,15886.6,15887.1,15888.4,15888.7,0.3,2088.730031
2026-05-21T02:00:00+00:00,15888.55,15889.1,15885.05,15888.75,15888.4,15888.7,15888.9,15889.3,15884.9,15885.2,15888.5,15889,0.5,1241.730019
2026-05-21T02:10:00+00:00,15888.85,15891.2,15886.8,15891.15,15888.6,15889.1,15890.9,15891.5,15886.6,15887,15890.8,15891.5,0.7,794.9800134
2026-05-21T02:20:00+00:00,15891.25,15892.2,15890,15891.45,15891,15891.5,15892,15892.4,15889.6,15890.4,15891.2,15891.7,0.5,544.9100119
2026-05-21T02:30:00+00:00,15891.55,15892.75,15889.75,15891.4,15891.2,15891.9,15892.5,15893,15889.5,15890,15891.1,15891.7,0.6,748.5000141
2026-05-21T02:40:00+00:00,15891.45,15894.9,15891.4,15893.7,15891.1,15891.8,15894.6,15895.2,15891.1,15891.7,15893.3,15894.1,0.8,819.5700132
2026-05-21T02:50:00+00:00,15893.7,15898,15893.6,15897.5,15893.3,15894.1,15897.7,15898.3,15893.2,15894,15897.2,15897.8,0.6,1347.27002
2026-05-21T03:00:00+00:00,15897.55,15898.6,15896,15896.25,15897.3,15897.8,15898.4,15898.8,15895.7,15896.3,15895.9,15896.6,0.7,626.9500117
2026-05-21T03:10:00+00:00,15896.3,15897.65,15895,15895.1,15895.9,15896.7,15897.4,15897.9,15894.7,15895.3,15894.9,15895.3,0.4,627.2300128
2026-05-21T03:20:00+00:00,15895.05,15895.1,15892.25,15893.35,15894.8,15895.3,15894.8,15895.4,15891.9,15892.6,15893.2,15893.5,0.3,369.1400063
2026-05-21T03:30:00+00:00,15893.5,15894.95,15893.35,15894.2,15893.4,15893.6,15894.7,15895.2,15893.2,15893.5,15894,15894.4,0.4,446.0000095
2026-05-21T03:40:00+00:00,15894.1,15895,15892.35,15894.9,15893.9,15894.3,15894.8,15895.2,15892.2,15892.5,15894.8,15895,0.2,844.480013
2026-05-21T03:50:00+00:00,15895,15898.45,15895,15896.75,15894.8,15895.2,15898.2,15898.7,15894.8,15895.2,15896.5,15897,0.5,472.8600088
2026-05-21T04:00:00+00:00,15896.8,15898.1,15894.85,15897.1,15896.6,15897,15897.9,15898.3,15894.6,15895.1,15896.9,15897.3,0.4,588.8500117
2026-05-21T04:10:00+00:00,15897.2,15897.65,15895.95,15896.5,15896.9,15897.5,15897.4,15897.9,15895.7,15896.2,15896.1,15896.9,0.8,799.0000124
2026-05-21T04:20:00+00:00,15896.45,15897.75,15895.5,15895.5,15896.1,15896.8,15897.4,15898.1,15895.3,15895.7,15895.3,15895.7,0.4,656.5500089
2026-05-21T04:30:00+00:00,15895.55,15897.9,15895.55,15897.9,15895.4,15895.7,15897.7,15898.1,15895.4,15895.7,15897.7,15898.1,0.4,326.8500073
2026-05-21T04:40:00+00:00,15898.4,15899,15897.3,15898.9,15898.2,15898.6,15898.6,15899.4,15897.1,15897.5,15898.6,15899.2,0.6,364.5000072
2026-05-21T04:50:00+00:00,15898.85,15900.35,15897.7,15899.85,15898.5,15899.2,15900.2,15900.5,15897.4,15898,15899.6,15900.1,0.5,978.3900133
2026-05-21T05:00:00+00:00,15899.95,15900.35,15897.75,15899.15,15899.7,15900.2,15900.1,15900.6,15897.5,15898,15899,15899.3,0.3,709.2600149
2026-05-21T05:10:00+00:00,15899.2,15902.8,15899.1,15902.8,15899,15899.4,15902.6,15903,15898.9,15899.3,15902.6,15903,0.4,498.3400085
2026-05-21T05:20:00+00:00,15902.95,15905.2,15902.35,15903.2,15902.7,15903.2,15905,15905.4,15902.2,15902.5,15903,15903.4,0.4,859.8400213
2026-05-21T05:30:00+00:00,15902.9,15903.85,15899.05,15902.3,15902.8,15903,15903.6,15904.1,15898.8,15899.3,15902.1,15902.5,0.4,1165.92002
2026-05-21T05:40:00+00:00,15902.25,15903.7,15900.2,15902.65,15902,15902.5,15903.5,15903.9,15900,15900.4,15902.5,15902.8,0.3,1969.18003
2026-05-21T05:50:00+00:00,15902.6,15902.65,15899.3,15901.05,15902.5,15902.7,15902.5,15902.8,15899.1,15899.5,15900.7,15901.4,0.7,868.810016
2026-05-21T06:00:00+00:00,15901.25,15903.05,15899.2,15901.15,15901,15901.5,15902.8,15903.3,15898.8,15899.6,15900.9,15901.4,0.5,1495.470022
2026-05-21T06:10:00+00:00,15901.35,15905.2,15900.65,15904.85,15901.1,15901.6,15905,15905.4,15900.5,15900.8,15904.5,15905.2,0.7,934.4300159
2026-05-21T06:20:00+00:00,15905,15905.9,15899.45,15903.9,15904.8,15905.2,15905.7,15906.1,15899.2,15899.7,15903.6,15904.2,0.6,1444.390028
2026-05-21T06:30:00+00:00,15904,15906.7,15902.65,15906.7,15903.8,15904.2,15906.5,15906.9,15902.5,15902.8,15906.5,15906.9,0.4,1012.660016
2026-05-21T06:40:00+00:00,15906.55,15907.25,15905.3,15906,15906.2,15906.9,15907.1,15907.4,15905.1,15905.5,15905.8,15906.2,0.4,1097.67002
2026-05-21T06:50:00+00:00,15906.05,15907.45,15905.5,15906.35,15905.9,15906.2,15907.3,15907.6,15905.3,15905.7,15906.1,15906.6,0.5,1152.590013
2026-05-21T07:00:00+00:00,15906.5,15908.75,15905.25,15906.55,15906.2,15906.8,15908.5,15909,15905,15905.5,15906.3,15906.8,0.5,2356.880035
2026-05-21T07:10:00+00:00,15906.5,15907.45,15904.05,15907.2,15906.3,15906.7,15907.1,15907.8,15903.7,15904.4,15906.9,15907.5,0.6,2821.760041
2026-05-21T07:20:00+00:00,15907.25,15907.5,15903.9,15905.8,15907,15907.5,15907.3,15907.7,15903.6,15904.2,15905.5,15906.1,0.6,3651.310044
2026-05-21T07:30:00+00:00,15905.95,15907.05,15900,15901.25,15905.6,15906.3,15906.8,15907.3,15899.8,15900.2,15901,15901.5,0.5,2874.980041
2026-05-21T07:40:00+00:00,15901.35,15903.05,15900.75,15901.15,15901,15901.7,15902.9,15903.2,15900.6,15900.9,15901,15901.3,0.3,1288.520019
2026-05-21T07:50:00+00:00,15901.2,15905.3,15901.05,15902.7,15900.9,15901.5,15905.2,15905.4,15900.9,15901.2,15902.4,15903,0.6,2087.830028
2026-05-21T08:00:00+00:00,15902.85,15903.3,15896,15898.65,15902.5,15903.2,15903.1,15903.5,15895.9,15896.1,15898.4,15898.9,0.5,2960.250046
2026-05-21T08:10:00+00:00,15898.6,15898.7,15890.4,15897.75,15898.4,15898.8,15898.5,15898.9,15890.2,15890.6,15897.5,15898,0.5,2857.160046
2026-05-21T08:20:00+00:00,15897.8,15900.5,15894.5,15895.25,15897.5,15898.1,15900.2,15900.8,15894.3,15894.7,15895,15895.5,0.5,2306.780035
2026-05-21T08:30:00+00:00,15895.45,15899.7,15895.1,15899.45,15895.3,15895.6,15899.5,15899.9,15894.8,15895.4,15899.2,15899.7,0.5,1725.140027
2026-05-21T08:40:00+00:00,15899.3,15901.35,15896.3,15898.25,15899.1,15899.5,15901.1,15901.6,15896.1,15896.5,15898,15898.5,0.5,1624.880025
2026-05-21T08:50:00+00:00,15898.25,15899.6,15892.4,15898.15,15898,15898.5,15899.4,15899.8,15892.1,15892.7,15897.9,15898.4,0.5,1444.080029
2026-05-21T09:00:00+00:00,15898.35,15899.25,15895.85,15897.3,15898.1,15898.6,15899,15899.5,15895.7,15896,15897.2,15897.4,0.2,1490.060024
2026-05-21T09:10:00+00:00,15897.2,15897.4,15895,15895.4,15897.1,15897.3,15897.2,15897.6,15894.8,15895.2,15895.2,15895.6,0.4,847.9800149
2026-05-21T09:20:00+00:00,15895.5,15895.8,15892.05,15893,15895.4,15895.6,15895.6,15896,15891.9,15892.2,15892.8,15893.2,0.4,1025.850016
2026-05-21T09:30:00+00:00,15893.1,15895.6,15891.2,15894.75,15892.9,15893.3,15895.4,15895.8,15891,15891.4,15894.6,15894.9,0.3,904.0200174
2026-05-21T09:40:00+00:00,15894.65,15895.95,15893.1,15893.7,15894.5,15894.8,15895.8,15896.1,15892.9,15893.3,15893.5,15893.9,0.4,943.1900169
2026-05-21T09:50:00+00:00,15893.6,15897.85,15893.6,15897.65,15893.4,15893.8,15897.7,15898,15893.4,15893.8,15897.4,15897.9,0.5,805.7600114
2026-05-21T10:00:00+00:00,15897.5,15899.9,15897.4,15898.5,15897.3,15897.7,15899.7,15900.1,15897.2,15897.6,15898.4,15898.6,0.2,1063.15002
2026-05-21T10:10:00+00:00,15898.45,15899.4,15896.15,15898.7,15898.3,15898.6,15899.2,15899.6,15896,15896.3,15898.5,15898.9,0.4,649.2500111
2026-05-21T10:20:00+00:00,15899.05,15907,15898.7,15905.25,15899,15899.1,15906.8,15907.2,15898.5,15898.9,15905.1,15905.4,0.3,4448.910071
2026-05-21T10:30:00+00:00,15905.2,15910.55,15905.2,15908.9,15905,15905.4,15910.3,15910.8,15905,15905.4,15908.6,15909.2,0.6,3838.900053
2026-05-21T10:40:00+00:00,15908.9,15913.7,15907.35,15912.35,15908.5,15909.3,15913.5,15913.9,15907.1,15907.6,15912,15912.7,0.7,3582.060048
2026-05-21T10:50:00+00:00,15912.4,15913.8,15910.35,15912.75,15912.2,15912.6,15913.6,15914,15910.1,15910.6,15912.5,15913,0.5,2620.360032
2026-05-21T11:00:00+00:00,15912.85,15913.05,15907.2,15907.35,15912.6,15913.1,15912.7,15913.4,15907,15907.4,15907.2,15907.5,0.3,2602.500033
2026-05-21T11:10:00+00:00,15907.3,15909.3,15906.35,15907.7,15907.1,15907.5,15909,15909.6,15906.1,15906.6,15907.5,15907.9,0.4,2209.100034
2026-05-21T11:20:00+00:00,15907.65,15908.75,15904.4,15906.25,15907.5,15907.8,15908.6,15908.9,15904.2,15904.6,15906.1,15906.4,0.3,2378.520037
2026-05-21T11:30:00+00:00,15906.3,15912.35,15905.5,15911.35,15906.2,15906.4,15912.1,15912.6,15905.3,15905.7,15911,15911.7,0.7,1663.290022
2026-05-21T11:40:00+00:00,15911.4,15912.9,15909.8,15912.85,15911.2,15911.6,15912.6,15913.2,15909.6,15910,15912.5,15913.2,0.7,906.3100175
2026-05-21T11:50:00+00:00,15913,15916.85,15911.8,15915.7,15912.7,15913.3,15916.7,15917,15911.6,15912,15915.4,15916,0.6,1757.250021
2026-05-21T12:00:00+00:00,15915.75,15916.45,15912.15,15914.6,15915.5,15916,15916.3,15916.6,15912,15912.3,15914.3,15914.9,0.6,1560.880028
2026-05-21T12:10:00+00:00,15914.5,15917.65,15914.25,15915.8,15914.2,15914.8,15917.5,15917.8,15914.1,15914.4,15915.6,15916,0.4,1316.080025
2026-05-21T12:20:00+00:00,15915.6,15918.55,15915.45,15918.1,15915.4,15915.8,15918.3,15918.8,15915.2,15915.7,15917.4,15918.8,1.4,1458.250021
2026-05-21T12:30:00+00:00,15918.25,15918.9,15910.55,15910.85,15917.7,15918.8,15918.5,15919.3,15910.3,15910.8,15910.6,15911.1,0.5,4276.650062
2026-05-21T12:40:00+00:00,15910.8,15914.65,15909.15,15912.7,15910.6,15911,15914.4,15914.9,15908.9,15909.4,15912.4,15913,0.6,2779.680033
2026-05-21T12:50:00+00:00,15912.75,15916.25,15911.35,15916.25,15912.5,15913,15916,15916.5,15911,15911.7,15916,15916.5,0.5,2300.870039
2026-05-21T13:00:00+00:00,15916.35,15919.9,15913.75,15919.55,15916.1,15916.6,15919.7,15920.1,15913.5,15914,15919.4,15919.7,0.3,3561.660059
2026-05-21T13:10:00+00:00,15919.6,15925.1,15918.3,15924.55,15919.5,15919.7,15924.9,15925.3,15918.2,15918.4,15924.4,15924.7,0.3,2235.520038
2026-05-21T13:20:00+00:00,15924.65,15927.7,15920.75,15920.9,15924.5,15924.8,15927.5,15927.9,15920.5,15921,15920.7,15921.1,0.4,2586.080037
2026-05-21T13:30:00+00:00,15920.75,15926.5,15920.1,15926.35,15920.6,15920.9,15926.2,15926.8,15919.9,15920.3,15926.1,15926.6,0.5,2637.750044
2026-05-21T13:40:00+00:00,15926.45,15935.2,15925.2,15930.2,15926.2,15926.7,15935,15935.4,15925,15925.4,15930,15930.4,0.4,3467.070047
2026-05-21T13:50:00+00:00,15930.25,15930.25,15912.1,15920.2,15930.1,15930.4,15930.1,15930.4,15911.9,15912.3,15919.9,15920.5,0.6,8435.750118
2026-05-21T14:00:00+00:00,15920.15,15926.4,15918.15,15925.35,15919.9,15920.4,15926.2,15926.6,15917.9,15918.4,15925.1,15925.6,0.5,3614.460046
2026-05-21T14:10:00+00:00,15925.45,15928,15921.05,15923.4,15925.2,15925.7,15927.9,15928.1,15920.8,15921.3,15923.2,15923.6,0.4,3507.200049
2026-05-21T14:20:00+00:00,15923.65,15925.1,15920.85,15920.95,15923.6,15923.7,15924.9,15925.3,15920.5,15921.2,15920.7,15921.2,0.5,3427.320044
2026-05-21T14:30:00+00:00,15921,15921.15,15916.65,15917.55,15920.8,15921.2,15920.9,15921.4,15916.4,15916.9,15917.3,15917.8,0.5,2561.110043
2026-05-21T14:40:00+00:00,15917.7,15921.3,15916.35,15916.65,15917.5,15917.9,15921.1,15921.5,15916.1,15916.6,15916.5,15916.8,0.3,3139.650046
2026-05-21T14:50:00+00:00,15916.5,15917.5,15912.2,15916.65,15916.3,15916.7,15917.3,15917.7,15912.1,15912.3,15916.4,15916.9,0.5,2923.500044
2026-05-21T15:00:00+00:00,15916.45,15925.75,15915.55,15924.3,15916.2,15916.7,15925.5,15926,15915.3,15915.8,15924,15924.6,0.6,3731.650059
2026-05-21T15:10:00+00:00,15924.25,15925.05,15914.75,15914.9,15924,15924.5,15924.8,15925.3,15914.5,15915,15914.7,15915.1,0.4,3806.13006
2026-05-21T15:20:00+00:00,15914.95,15920.65,15914.95,15919,15914.7,15915.2,15920.4,15920.9,15914.7,15915.2,15918.8,15919.2,0.4,2021.310037
2026-05-21T15:30:00+00:00,15919.05,15919.55,15916.3,15916.75,15918.8,15919.3,15919.3,15919.8,15916.1,15916.5,15916.5,15917,0.5,2086.690027
2026-05-21T15:40:00+00:00,15916.65,15921.6,15916.5,15921.35,15916.4,15916.9,15921.4,15921.8,15916.4,15916.6,15921,15921.7,0.7,1897.730031
2026-05-21T15:50:00+00:00,15921.3,15922.95,15916.95,15917.05,15921.1,15921.5,15922.7,15923.2,15916.8,15917.1,15916.9,15917.2,0.3,1225.510025
2026-05-21T16:00:00+00:00,15916.8,15917.25,15912.05,15914.15,15916.6,15917,15917,15917.5,15911.8,15912.3,15913.9,15914.4,0.5,2690.790059
2026-05-21T16:10:00+00:00,15914.25,15918.7,15913.85,15915.35,15914.1,15914.4,15918.6,15918.8,15913.7,15914,15915.1,15915.6,0.5,2046.720034
2026-05-21T16:20:00+00:00,15915.4,15919.85,15914.75,15915.15,15915.2,15915.6,15919.6,15920.1,15914.5,15915,15914.8,15915.5,0.7,1671.440027
2026-05-21T16:30:00+00:00,15915.35,15917.75,15914.15,15915.65,15915.1,15915.6,15917.5,15918,15913.9,15914.4,15915.4,15915.9,0.5,1205.750018
2026-05-21T16:40:00+00:00,15915.6,15916.15,15913.35,15915.6,15915.4,15915.8,15915.9,15916.4,15913.1,15913.6,15915.4,15915.8,0.4,1199.740015
2026-05-21T16:50:00+00:00,15915.5,15916.65,15914.1,15914.35,15915.3,15915.7,15916.5,15916.8,15913.8,15914.4,15914.1,15914.6,0.5,1508.39002
2026-05-21T17:00:00+00:00,15914.5,15917.5,15913.1,15916.5,15914.3,15914.7,15917.3,15917.7,15912.9,15913.3,15916.3,15916.7,0.4,1547.290022
2026-05-21T17:10:00+00:00,15916.45,15916.8,15892.4,15900.8,15916.2,15916.7,15916.6,15917,15892.3,15892.5,15900.6,15901,0.4,9616.980156
2026-05-21T17:20:00+00:00,15900.7,15900.75,15891.55,15895.65,15900.4,15901,15900.5,15901,15891.3,15891.8,15895.4,15895.9,0.5,5471.370098
2026-05-21T17:30:00+00:00,15895.75,15900.8,15892.05,15895.2,15895.5,15896,15900.6,15901,15891.9,15892.2,15895,15895.4,0.4,3836.960069
2026-05-21T17:40:00+00:00,15895.15,15895.55,15885.3,15885.4,15894.8,15895.5,15895.3,15895.8,15885,15885.6,15885.2,15885.6,0.4,3607.220069
2026-05-21T17:50:00+00:00,15885.45,15889.25,15881.95,15888.7,15885.1,15885.8,15889.1,15889.4,15881.8,15882.1,15888.6,15888.8,0.2,3899.920068
2026-05-21T18:00:00+00:00,15888.85,15899.65,15883.9,15896.1,15888.6,15889.1,15899.4,15899.9,15883.7,15884.1,15895.8,15896.4,0.6,4043.780081
2026-05-21T18:10:00+00:00,15896.55,15900.6,15892.05,15892.4,15896.3,15896.8,15900.4,15900.8,15891.9,15892.2,15892.1,15892.7,0.6,2596.980048
2026-05-21T18:20:00+00:00,15892.45,15893.9,15888.85,15891.45,15892.2,15892.7,15893.7,15894.1,15888.5,15889.2,15891.3,15891.6,0.3,2333.260038
2026-05-21T18:30:00+00:00,15891.4,15895.3,15890.35,15892.05,15891.2,15891.6,15895.1,15895.5,15890.2,15890.5,15891.8,15892.3,0.5,1592.800026
2026-05-21T18:40:00+00:00,15892,15899.35,15888.1,15899.1,15891.7,15892.3,15899.1,15899.6,15887.9,15888.3,15898.9,15899.3,0.4,2179.010034
2026-05-21T18:50:00+00:00,15899,15910.4,15895.65,15908,15898.8,15899.2,15910.2,15910.6,15895.5,15895.8,15907.7,15908.3,0.6,7396.350107
2026-05-21T19:00:00+00:00,15908.05,15909.55,15903.1,15904.1,15907.7,15908.4,15909.3,15909.8,15902.9,15903.3,15903.8,15904.4,0.6,3935.010052
2026-05-21T19:10:00+00:00,15904,15906.45,15900.1,15900.55,15903.7,15904.3,15906.2,15906.7,15899.8,15900.4,15900.3,15900.8,0.5,1894.880026
2026-05-21T19:20:00+00:00,15900.45,15900.75,15896.45,15897.85,15900.2,15900.7,15900.5,15901,15896.2,15896.7,15897.6,15898.1,0.5,1622.240022
2026-05-21T19:30:00+00:00,15897.8,15897.85,15888.85,15889.1,15897.6,15898,15897.6,15898.1,15888.6,15889.1,15888.8,15889.4,0.6,2218.240029
2026-05-21T19:40:00+00:00,15889.05,15896.05,15888.95,15893.7,15888.8,15889.3,15895.9,15896.2,15888.8,15889.1,15893.5,15893.9,0.4,1637.890031
2026-05-21T19:50:00+00:00,15893.45,15900.55,15887.9,15892.3,15893.3,15893.6,15900.3,15900.8,15887.7,15888.1,15892,15892.6,0.6,5894.170088
2026-05-21T20:00:00+00:00,15892.35,15897.6,15888.8,15896.65,15892.1,15892.6,15897.3,15897.9,15888.7,15888.9,15896.4,15896.9,0.5,1712.160029
2026-05-21T20:10:00+00:00,15896.6,15898.05,15896.4,15897,15896.3,15896.9,15897.8,15898.3,15896.1,15896.7,15896.7,15897.3,0.6,500.6900063
2026-05-21T20:20:00+00:00,15896.9,15898.3,15896.1,15897.6,15896.6,15897.2,15898.1,15898.5,15896,15896.2,15897.3,15897.9,0.6,344.1200043
2026-05-21T20:30:00+00:00,15897.55,15899.4,15897.25,15899.15,15897.2,15897.9,15899.2,15899.6,15897,15897.5,15898.9,15899.4,0.5,517.0100124
2026-05-21T20:40:00+00:00,15899.2,15900.75,15898.15,15900.3,15899,15899.4,15900.4,15901.1,15897.9,15898.4,15899.8,15900.8,1,690.0400155
2026-05-21T20:50:00+00:00,15900.4,15901.25,15896.6,15897.7,15899.9,15900.9,15900.9,15901.6,15894.7,15898.5,15894.7,15900.7,6,1121.340019
2026-05-21T21:00:00+00:00,15897.9,15899.45,15890.8,15893.6,15894.7,15901.1,15894.7,15904.2,15885.1,15896.5,15889.2,15898,8.8,194.2399989
2026-05-21T21:10:00+00:00,15894.4,15895.45,15890.85,15893.7,15890.8,15898,15891.7,15899.2,15886.6,15895.1,15890.8,15896.6,5.8,269.5200028
2026-05-21T21:20:00+00:00,15892.95,15897.05,15891.75,15896.55,15890.8,15895.1,15895.1,15899,15888.4,15895.1,15894.5,15898.6,4.1,173.2500012
2026-05-21T21:30:00+00:00,15895.7,15898.9,15894.5,15896.45,15894.4,15897,15897.6,15900.2,15892.1,15896.9,15894.9,15898,3.1,207.7500052
2026-05-21T21:40:00+00:00,15896.4,15897.6,15896,15896.4,15894.9,15897.9,15895.5,15899.7,15894.3,15897.7,15895.1,15897.7,2.6,100.2000033
2026-05-21T21:50:00+00:00,15896.1,15897.15,15895.85,15896.05,15894.5,15897.7,15895.1,15899.2,15894.2,15897.5,15894.5,15897.6,3.1,66.72000062
2026-05-21T22:00:00+00:00,15896.1,15899.8,15895.95,15899.5,15894.6,15897.6,15899.3,15900.3,15894.5,15897.4,15899.1,15899.9,0.8,428.9600051
2026-05-21T22:10:00+00:00,15899.55,15902.05,15899.5,15901.9,15899.2,15899.9,15901.6,15902.5,15899.1,15899.9,15901.5,15902.3,0.8,200.4600054
2026-05-21T22:20:00+00:00,15901.8,15902.3,15901.5,15902.3,15901.4,15902.2,15901.9,15902.7,15901.1,15901.9,15901.9,15902.7,0.8,143.170002
2026-05-21T22:30:00+00:00,15902.25,15902.3,15900.5,15900.5,15901.9,15902.6,15901.9,15902.7,15900.1,15900.9,15900.1,15900.9,0.8,346.500007
2026-05-21T22:40:00+00:00,15900.4,15900.4,15898.05,15899.2,15900,15900.8,15900,15900.8,15897.7,15898.4,15898.8,15899.6,0.8,415.5600065
2026-05-21T22:50:00+00:00,15899.1,15900.7,15898.35,15900.55,15898.7,15899.5,15900.3,15901.1,15898.1,15898.6,15900.1,15901,0.9,492.6800065
2026-05-21T23:00:00+00:00,15900.45,15903.05,15899.25,15902.75,15900,15900.9,15902.8,15903.3,15898.9,15899.6,15902.4,15903.1,0.7,296.8200053
2026-05-21T23:10:00+00:00,15902.65,15902.65,15898.8,15900.3,15902.3,15903,15902.3,15903,15898.6,15899,15900,15900.6,0.6,520.4800102
2026-05-21T23:20:00+00:00,15900.35,15900.6,15899.05,15899.75,15900,15900.7,15900.3,15900.9,15898.9,15899.2,15899.2,15900.3,1.1,361.9900066
2026-05-21T23:30:00+00:00,15899.8,15904.1,15899.2,15901.25,15899.2,15900.4,15903.6,15904.6,15898.9,15899.5,15901,15901.5,0.5,487.3000079
2026-05-21T23:40:00+00:00,15901.3,15903.15,15901.3,15901.6,15901,15901.6,15902.9,15903.4,15901,15901.6,15901.3,15901.9,0.6,362.0900062
2026-05-21T23:50:00+00:00,15901.5,15904.2,15900.4,15902.75,15901.3,15901.7,15903.9,15904.5,15900.1,15900.7,15902.5,15903,0.5,333.6700063
2026-05-22T00:00:00+00:00,15902.85,15906.2,15902.75,15904.25,15902.6,15903.1,15905.9,15906.5,15902.5,15903,15904,15904.5,0.5,1985.690025
2026-05-22T00:10:00+00:00,15904.25,15907.45,15904.25,15907.25,15904,15904.5,15907.2,15907.7,15904,15904.5,15907,15907.5,0.5,1466.040026
2026-05-22T00:20:00+00:00,15907.1,15908.8,15905.75,15907.9,15906.9,15907.3,15908.5,15909.1,15905.5,15906,15907.6,15908.2,0.6,1101.730013
2026-05-22T00:30:00+00:00,15908,15909.2,15907.35,15907.6,15907.8,15908.2,15909,15909.4,15907.1,15907.6,15907.4,15907.8,0.4,595.2600093
2026-05-22T00:40:00+00:00,15907.2,15907.3,15903.85,15905.1,15907.1,15907.3,15907.1,15907.5,15903.6,15904.1,15904.9,15905.3,0.4,785.5500116
2026-05-22T00:50:00+00:00,15905.15,15912.55,15902.6,15909.35,15905,15905.3,15912.3,15912.8,15902.4,15902.8,15909.1,15909.6,0.5,2477.460036
2026-05-22T01:00:00+00:00,15909.75,15912.1,15908.5,15911.6,15909.7,15909.8,15911.9,15912.3,15908.3,15908.7,15911.3,15911.9,0.6,1208.74002
2026-05-22T01:10:00+00:00,15911.75,15912.55,15909.7,15910.1,15911.4,15912.1,15912.2,15912.9,15909.4,15910,15909.9,15910.3,0.4,840.200013
2026-05-22T01:20:00+00:00,15910,15910.25,15908.5,15909,15909.8,15910.2,15910,15910.5,15908.2,15908.8,15908.8,15909.2,0.4,560.7700102
2026-05-22T01:30:00+00:00,15909.1,15909.25,15906.4,15906.7,15908.9,15909.3,15909,15909.5,15906.2,15906.6,15906.5,15906.9,0.4,284.5400056
2026-05-22T01:40:00+00:00,15906.75,15907.8,15906.75,15907.65,15906.5,15907,15907.6,15908,15906.5,15907,15907.6,15907.7,0.1,245.2500064
2026-05-22T01:50:00+00:00,15907.55,15910.25,15905.7,15910.1,15907.4,15907.7,15910,15910.5,15905.5,15905.9,15909.9,15910.3,0.4,477.2600089
2026-05-22T02:00:00+00:00,15910.15,15910.6,15908.8,15909,15909.9,15910.4,15910.3,15910.9,15908.5,15909.1,15908.8,15909.2,0.4,318.5900068
2026-05-22T02:10:00+00:00,15909.15,15909.55,15906.7,15907.8,15908.9,15909.4,15909.3,15909.8,15906.5,15906.9,15907.6,15908,0.4,307.6400065
2026-05-22T02:20:00+00:00,15907.95,15908.95,15906.55,15907.65,15907.7,15908.2,15908.6,15909.3,15906.3,15906.8,15907.4,15907.9,0.5,589.2000089
2026-05-22T02:30:00+00:00,15907.7,15907.75,15903.85,15905.2,15907.5,15907.9,15907.5,15908,15903.6,15904.1,15904.9,15905.5,0.6,554.5000091
2026-05-22T02:40:00+00:00,15904.95,15905.15,15901.45,15901.6,15904.7,15905.2,15904.9,15905.4,15901.3,15901.6,15901.3,15901.9,0.6,339.6000057
2026-05-22T02:50:00+00:00,15901.6,15905.95,15900.2,15903.5,15901.3,15901.9,15905.6,15906.3,15900,15900.4,15903.3,15903.7,0.4,804.9700131
2026-05-22T03:00:00+00:00,15903.25,15904.65,15900.9,15903.9,15903.1,15903.4,15904.4,15904.9,15900.6,15901.2,15903.7,15904.1,0.4,593.5800104
2026-05-22T03:10:00+00:00,15904,15905.4,15903.9,15904.8,15903.8,15904.2,15905.1,15905.7,15903.7,15904.1,15904.6,15905,0.4,663.4400082
2026-05-22T03:20:00+00:00,15904.7,15905.3,15904.15,15904.55,15904.5,15904.9,15905.1,15905.5,15904,15904.3,15904.4,15904.7,0.3,398.4000064
2026-05-22T03:30:00+00:00,15904.5,15905.4,15904.05,15904.35,15904.3,15904.7,15905.2,15905.6,15903.9,15904.2,15904.1,15904.6,0.5,261.3500046
2026-05-22T03:40:00+00:00,15904.25,15904.35,15903.1,15903.5,15904,15904.5,15904.1,15904.6,15902.9,15903.3,15903.3,15903.7,0.4,209.6200018
2026-05-22T03:50:00+00:00,15903.55,15904.4,15903.3,15904,15903.3,15903.8,15904.2,15904.6,15903.1,15903.5,15903.8,15904.2,0.4,238.5000039
2026-05-22T04:00:00+00:00,15903.65,15904.1,15901.55,15902.15,15903.5,15903.8,15903.8,15904.4,15901.3,15901.8,15901.9,15902.4,0.5,547.5300061
2026-05-22T04:10:00+00:00,15902,15902.75,15901.4,15902.05,15901.7,15902.3,15902.5,15903,15901.1,15901.7,15901.7,15902.4,0.7,188.4000034
2026-05-22T04:20:00+00:00,15902,15904.4,15901.65,15904.35,15901.8,15902.2,15904.1,15904.7,15901.4,15901.9,15904.1,15904.6,0.5,269.260004
2026-05-22T04:30:00+00:00,15904.4,15905.3,15904.3,15904.85,15904.2,15904.6,15905.1,15905.5,15904.1,15904.5,15904.6,15905.1,0.5,577.8600154
2026-05-22T04:40:00+00:00,15904.95,15905.15,15904.15,15904.6,15904.8,15905.1,15905,15905.3,15903.9,15904.4,15904.4,15904.8,0.4,912.3900156
2026-05-22T04:50:00+00:00,15904.65,15907.45,15904.5,15907,15904.5,15904.8,15907.2,15907.7,15904.3,15904.7,15906.6,15907.4,0.8,822.4300165
2026-05-22T05:00:00+00:00,15907.1,15908.45,15905.85,15907.35,15906.8,15907.4,15908.2,15908.7,15905.6,15906.1,15907.1,15907.6,0.5,786.580014
2026-05-22T05:10:00+00:00,15907.4,15908.35,15907,15908.2,15907.2,15907.6,15908,15908.7,15906.8,15907.2,15907.9,15908.5,0.6,439.8000076
2026-05-22T05:20:00+00:00,15908.15,15909.3,15908,15908.85,15907.9,15908.4,15909,15909.6,15907.8,15908.2,15908.6,15909.1,0.5,469.6300116
2026-05-22T05:30:00+00:00,15909,15909.25,15907.8,15909.1,15908.8,15909.2,15909,15909.5,15907.5,15908.1,15908.9,15909.3,0.4,349.2000091
2026-05-22T05:40:00+00:00,15908.95,15910.1,15908.85,15909.05,15908.7,15909.2,15909.8,15910.4,15908.6,15909.1,15908.8,15909.3,0.5,545.4000065
2026-05-22T05:50:00+00:00,15909.15,15914,15908.15,15913.2,15908.9,15909.4,15913.8,15914.2,15907.9,15908.4,15912.9,15913.5,0.6,1777.980023
2026-05-22T06:00:00+00:00,15913.25,15914.3,15909.3,15910.15,15913,15913.5,15914.1,15914.5,15909,15909.6,15909.9,15910.4,0.5,2322.670028
2026-05-22T06:10:00+00:00,15910.25,15910.65,15907.6,15907.8,15910,15910.5,15910.4,15910.9,15907.3,15907.9,15907.6,15908,0.4,1086.570013
2026-05-22T06:20:00+00:00,15907.7,15910.3,15906.6,15907.65,15907.4,15908,15910,15910.6,15906.4,15906.8,15907.4,15907.9,0.5,988.5000168
2026-05-22T06:30:00+00:00,15907.4,15911,15907.1,15910.5,15907.1,15907.7,15910.8,15911.2,15906.8,15907.4,15910.2,15910.8,0.6,746.0400139
2026-05-22T06:40:00+00:00,15910.55,15912.65,15909.2,15912.25,15910.3,15910.8,15912.4,15912.9,15909,15909.4,15912,15912.5,0.5,1191.580016
2026-05-22T06:50:00+00:00,15912.35,15913,15910.15,15910.75,15912.1,15912.6,15912.8,15913.2,15910,15910.3,15910.6,15910.9,0.3,827.400013
2026-05-22T07:00:00+00:00,15910.7,15913.95,15910.65,15912.25,15910.4,15911,15913.8,15914.1,15910.3,15911,15912,15912.5,0.5,1025.900016
2026-05-22T07:10:00+00:00,15912.25,15914.25,15911.75,15912.95,15912,15912.5,15914.1,15914.4,15911.5,15912,15912.7,15913.2,0.5,754.9500114
2026-05-22T07:20:00+00:00,15912.9,15913.95,15911.35,15912,15912.7,15913.1,15913.7,15914.2,15911.2,15911.5,15911.8,15912.2,0.4,714.4600128
2026-05-22T07:30:00+00:00,15912.15,15913.85,15911.6,15913.3,15911.9,15912.4,15913.7,15914,15911.4,15911.8,15913.1,15913.5,0.4,696.5600137
2026-05-22T07:40:00+00:00,15913.35,15913.75,15911.6,15912.2,15913.2,15913.5,15913.6,15913.9,15911.4,15911.8,15912,15912.4,0.4,329.2100058
2026-05-22T07:50:00+00:00,15912.3,15914.4,15912.15,15913.1,15912.1,15912.5,15914.2,15914.6,15912,15912.3,15912.9,15913.3,0.4,839.3600111
2026-05-22T08:00:00+00:00,15913.2,15913.65,15911.05,15911.75,15913,15913.4,15913.5,15913.8,15911,15911.1,15911.6,15911.9,0.3,1496.660024
2026-05-22T08:10:00+00:00,15911.95,15913.1,15908.3,15908.35,15911.7,15912.2,15912.9,15913.3,15908.1,15908.5,15908.1,15908.6,0.5,1298.570023
2026-05-22T08:20:00+00:00,15908.3,15910.7,15905.7,15908.9,15908,15908.6,15910.5,15910.9,15905.4,15906,15908.7,15909.1,0.4,1696.250023
2026-05-22T08:30:00+00:00,15908.75,15913.1,15908.75,15909.6,15908.6,15908.9,15912.9,15913.3,15908.6,15908.9,15909.4,15909.8,0.4,1826.750029
2026-05-22T08:40:00+00:00,15909.7,15910.7,15908.35,15910.05,15909.5,15909.9,15910.5,15910.9,15908.2,15908.5,15909.9,15910.2,0.3,851.0400131
2026-05-22T08:50:00+00:00,15910.1,15910.15,15906,15909.2,15909.9,15910.3,15910,15910.3,15905.9,15906.1,15909,15909.4,0.4,1785.500028
2026-05-22T09:00:00+00:00,15909.1,15911.25,15908.4,15909.45,15909,15909.2,15911.1,15911.4,15908.3,15908.5,15909.2,15909.7,0.5,1761.950026
2026-05-22T09:10:00+00:00,15909.35,15914.65,15909.2,15913.9,15909.1,15909.6,15914.5,15914.8,15909,15909.4,15913.7,15914.1,0.4,998.4800192
2026-05-22T09:20:00+00:00,15913.8,15914.55,15912.6,15913.85,15913.5,15914.1,15914.4,15914.7,15912.4,15912.8,15913.7,15914,0.3,869.1200122
2026-05-22T09:30:00+00:00,15913.8,15913.9,15911.6,15911.7,15913.7,15913.9,15913.7,15914.1,15911.4,15911.8,15911.5,15911.9,0.4,460.5000089
2026-05-22T09:40:00+00:00,15911.75,15912.75,15911.65,15912.25,15911.5,15912,15912.6,15912.9,15911.5,15911.8,15912,15912.5,0.5,656.2500087
2026-05-22T09:50:00+00:00,15912.25,15912.5,15908.5,15910.4,15912,15912.5,15912.3,15912.7,15908.2,15908.8,15910.1,15910.7,0.6,1462.19002
2026-05-22T10:00:00+00:00,15910.4,15910.5,15908.1,15908.7,15910,15910.8,15910.2,15910.8,15907.9,15908.3,15908.5,15908.9,0.4,1117.670014
2026-05-22T10:10:00+00:00,15908.65,15911.45,15908,15909.75,15908.5,15908.8,15911.2,15911.7,15907.8,15908.2,15909.6,15909.9,0.3,870.0900126
2026-05-22T10:20:00+00:00,15909.8,15911.35,15909.25,15911.3,15909.6,15910,15911.1,15911.6,15909,15909.5,15911.1,15911.5,0.4,725.0900096
2026-05-22T10:30:00+00:00,15911.1,15913.4,15910.55,15911.65,15910.9,15911.3,15913.2,15913.6,15910.3,15910.8,15911.4,15911.9,0.5,1131.510013
2026-05-22T10:40:00+00:00,15911.7,15912.65,15911.45,15912.6,15911.5,15911.9,15912.4,15912.9,15911.3,15911.6,15912.4,15912.8,0.4,688.7400104
2026-05-22T10:50:00+00:00,15912.7,15913.4,15912.3,15912.55,15912.4,15913,15913.3,15913.5,15912.1,15912.5,15912.3,15912.8,0.5,337.5800048
2026-05-22T11:00:00+00:00,15912.5,15913.75,15912.35,15913.55,15912.3,15912.7,15913.5,15914,15912.1,15912.6,15913.4,15913.7,0.3,813.5700092
2026-05-22T11:10:00+00:00,15913.95,15914.5,15912.9,15913.6,15913.8,15914.1,15914.3,15914.7,15912.7,15913.1,15913.5,15913.7,0.2,523.620008
2026-05-22T11:20:00+00:00,15913.65,15913.95,15912.2,15913.6,15913.5,15913.8,15913.8,15914.1,15912,15912.4,15913.4,15913.8,0.4,574.6100088
2026-05-22T11:30:00+00:00,15913.55,15914.3,15912,15914,15913.4,15913.7,15914.1,15914.5,15911.7,15912.3,15913.8,15914.2,0.4,860.7100132
2026-05-22T11:40:00+00:00,15914,15914.4,15911.4,15913.4,15913.8,15914.2,15914.2,15914.6,15911.3,15911.5,15913.2,15913.6,0.4,1164.760024
2026-05-22T11:50:00+00:00,15913.35,15914.2,15911.9,15913.95,15913.2,15913.5,15914.1,15914.3,15911.7,15912.1,15913.8,15914.1,0.3,1394.460029
2026-05-22T12:00:00+00:00,15913.85,15914.95,15912.75,15914.2,15913.6,15914.1,15914.8,15915.1,15912.5,15913,15914.1,15914.3,0.2,1472.320029
2026-05-22T12:10:00+00:00,15914.15,15914.2,15906.1,15908.95,15913.9,15914.4,15914,15914.4,15906,15906.2,15908.7,15909.2,0.5,4191.200068
2026-05-22T12:20:00+00:00,15909.05,15912.65,15909,15911.7,15908.9,15909.2,15912.4,15912.9,15908.8,15909.2,15911.5,15911.9,0.4,2152.910036
2026-05-22T12:30:00+00:00,15911.8,15912.55,15910.3,15910.6,15911.5,15912.1,15912.4,15912.7,15910.1,15910.5,15910.4,15910.8,0.4,1039.510016
2026-05-22T12:40:00+00:00,15910.65,15912.25,15909.2,15910.25,15910.4,15910.9,15912,15912.5,15909,15909.4,15910,15910.5,0.5,1351.310017
2026-05-22T12:50:00+00:00,15910.2,15911.6,15907.35,15907.85,15910,15910.4,15911.4,15911.8,15907.2,15907.5,15907.7,15908,0.3,1676.940019
2026-05-22T13:00:00+00:00,15907.75,15910.2,15901.7,15901.75,15907.6,15907.9,15909.9,15910.5,15901.4,15902,15901.5,15902,0.5,3324.330042
2026-05-22T13:10:00+00:00,15901.65,15906.3,15899.2,15904.15,15901.4,15901.9,15906.1,15906.5,15898.9,15899.5,15903.9,15904.4,0.5,7043.060084
2026-05-22T13:20:00+00:00,15904.1,15908.9,15903.3,15906.2,15903.9,15904.3,15908.7,15909.1,15903.1,15903.5,15905.9,15906.5,0.6,1998.940032
2026-05-22T13:30:00+00:00,15906.15,15909,15903.1,15908.25,15905.9,15906.4,15908.8,15909.2,15902.9,15903.3,15908,15908.5,0.5,3124.880049
2026-05-22T13:40:00+00:00,15908.2,15913.8,15907,15912.7,15908,15908.4,15913.7,15913.9,15906.8,15907.2,15912.4,15913,0.6,3132.200053
2026-05-22T13:50:00+00:00,15912.65,15913.9,15909.15,15909.4,15912.5,15912.8,15913.7,15914.1,15908.7,15909.6,15908.8,15910,1.2,2686.530042
2026-05-22T14:00:00+00:00,15909.2,15917.5,15907.2,15913.9,15908.4,15910,15917.3,15917.7,15906.6,15907.8,15913.6,15914.2,0.6,4531.510068
2026-05-22T14:10:00+00:00,15913.9,15917.85,15913.05,15916.55,15913.6,15914.2,15917.6,15918.1,15912.8,15913.3,15916.3,15916.8,0.5,2284.900033
2026-05-22T14:20:00+00:00,15916.2,15917.6,15914,15915.65,15916,15916.4,15917.4,15917.8,15913.8,15914.2,15915.4,15915.9,0.5,1667.480027
2026-05-22T14:30:00+00:00,15915.75,15915.9,15913.05,15915.1,15915.5,15916,15915.7,15916.1,15912.8,15913.3,15914.9,15915.3,0.4,2299.36004
2026-05-22T14:40:00+00:00,15915.15,15915.5,15911.8,15914.6,15914.9,15915.4,15915.2,15915.8,15911.6,15912,15914.5,15914.7,0.2,1822.620028
2026-05-22T14:50:00+00:00,15914.65,15916.2,15909.15,15910.35,15914.5,15914.8,15916,15916.4,15908.9,15909.4,15910.1,15910.6,0.5,3732.090042
2026-05-22T15:00:00+00:00,15910.25,15913.85,15908.75,15911.45,15910,15910.5,15913.7,15914,15908.5,15909,15911.2,15911.7,0.5,3942.650046
2026-05-22T15:10:00+00:00,15911.45,15912.5,15909.85,15911.6,15911.3,15911.6,15912.3,15912.7,15909.6,15910.1,15911.4,15911.8,0.4,1538.22002
2026-05-22T15:20:00+00:00,15911.75,15913.9,15911.5,15912.9,15911.6,15911.9,15913.7,15914.1,15911.3,15911.7,15912.7,15913.1,0.4,1030.520018
2026-05-22T15:30:00+00:00,15912.75,15918.2,15911.5,15917.9,15912.5,15913,15918.1,15918.3,15911.4,15911.6,15917.7,15918.1,0.4,2031.97003
2026-05-22T15:40:00+00:00,15918,15921.95,15916.9,15919.25,15917.8,15918.2,15921.8,15922.1,15916.7,15917.1,15919,15919.5,0.5,1974.830031
2026-05-22T15:50:00+00:00,15919.4,15923.45,15919,15920.1,15919.1,15919.7,15923.2,15923.7,15918.8,15919.2,15919.9,15920.3,0.4,1532.160025
2026-05-22T16:00:00+00:00,15920.05,15923.25,15919.75,15921.7,15919.9,15920.2,15923,15923.5,15919.5,15920,15921.4,15922,0.6,1686.940032
2026-05-22T16:10:00+00:00,15921.7,15921.75,15917.7,15919.8,15921.5,15921.9,15921.5,15922,15917.5,15917.9,15919.6,15920,0.4,1400.750022
2026-05-22T16:20:00+00:00,15919.95,15919.95,15916.45,15917.1,15919.7,15920.2,15919.7,15920.2,15916.2,15916.7,15916.8,15917.4,0.6,933.7000148
2026-05-22T16:30:00+00:00,15917.15,15919.8,15915.55,15919.35,15916.9,15917.4,15919.6,15920,15915.3,15915.8,15919.1,15919.6,0.5,1257.030024
2026-05-22T16:40:00+00:00,15919.4,15921.15,15917.75,15919.15,15919.2,15919.6,15921,15921.3,15917.5,15918,15918.9,15919.4,0.5,758.7900122
2026-05-22T16:50:00+00:00,15919.05,15920.05,15917.35,15917.65,15918.8,15919.3,15919.8,15920.3,15917.1,15917.6,15917.4,15917.9,0.5,839.5100136
2026-05-22T17:00:00+00:00,15917.3,15917.4,15914.8,15915.2,15917.1,15917.5,15917.2,15917.6,15914.6,15915,15914.9,15915.5,0.6,1075.090022
2026-05-22T17:10:00+00:00,15915.3,15917.15,15913.7,15916.7,15915.1,15915.5,15916.9,15917.4,15913.5,15913.9,15916.5,15916.9,0.4,820.5700108
2026-05-22T17:20:00+00:00,15916.95,15918.2,15909.1,15909.9,15916.8,15917.1,15918,15918.4,15908.9,15909.3,15909.7,15910.1,0.4,3298.390049
2026-05-22T17:30:00+00:00,15909.8,15912.95,15906.4,15910.3,15909.5,15910.1,15912.7,15913.2,15906.2,15906.6,15910,15910.6,0.6,3110.550068
2026-05-22T17:40:00+00:00,15910.35,15913.3,15908.8,15913.2,15910.2,15910.5,15913.1,15913.5,15908.6,15909,15913,15913.4,0.4,1569.580032
2026-05-22T17:50:00+00:00,15913.1,15914.5,15911.7,15913.1,15912.9,15913.3,15914.2,15914.8,15911.5,15911.9,15912.9,15913.3,0.4,987.8800156
2026-05-22T18:00:00+00:00,15913.15,15916.9,15911.3,15913.75,15912.9,15913.4,15916.6,15917.2,15911.1,15911.5,15913.5,15914,0.5,1512.670028
2026-05-22T18:10:00+00:00,15913.9,15915.8,15913.9,15915.3,15913.7,15914.1,15915.6,15916,15913.7,15914.1,15915.1,15915.5,0.4,723.0500095
2026-05-22T18:20:00+00:00,15915.4,15915.55,15913.15,15915.45,15915.2,15915.6,15915.4,15915.7,15913,15913.3,15915.3,15915.6,0.3,1283.950016
2026-05-22T18:30:00+00:00,15915.35,15916.45,15910.25,15914,15915,15915.7,15916.2,15916.7,15909.9,15910.6,15913.7,15914.3,0.6,862.4500115
2026-05-22T18:40:00+00:00,15914.1,15915.05,15912.75,15913.85,15913.8,15914.4,15914.8,15915.3,15912.5,15913,15913.6,15914.1,0.5,923.3100146
2026-05-22T18:50:00+00:00,15913.75,15913.95,15912.55,15913.5,15913.5,15914,15913.7,15914.2,15912.3,15912.8,15913.2,15913.8,0.6,774.8600149
2026-05-22T19:00:00+00:00,15913.55,15915.05,15910.25,15913.75,15913.3,15913.8,15914.9,15915.2,15909.9,15910.6,15913.6,15913.9,0.3,1901.360036
2026-05-22T19:10:00+00:00,15913.8,15914.9,15912.85,15912.95,15913.6,15914,15914.7,15915.1,15912.6,15913.1,15912.8,15913.1,0.3,414.0100062
2026-05-22T19:20:00+00:00,15912.9,15914.75,15912.85,15914.3,15912.8,15913,15914.5,15915,15912.7,15913,15914.1,15914.5,0.4,461.7700087
2026-05-22T19:30:00+00:00,15914.15,15915.45,15914.15,15915.2,15913.9,15914.4,15915.2,15915.7,15913.9,15914.4,15915,15915.4,0.4,515.4700085
2026-05-22T19:40:00+00:00,15915.15,15916.35,15914.45,15915.4,15915,15915.3,15916.1,15916.6,15914.2,15914.7,15915.2,15915.6,0.4,467.8800091
2026-05-22T19:50:00+00:00,15915.45,15917.15,15914.3,15916.75,15915.2,15915.7,15916.9,15917.4,15914,15914.6,15916.5,15917,0.5,928.880023
2026-05-22T20:00:00+00:00,15916.9,15917.35,15915.65,15916.65,15916.8,15917,15917.2,15917.5,15915.4,15915.9,15916.4,15916.9,0.5,541.7800131
2026-05-22T20:10:00+00:00,15916.8,15917,15915.2,15916.65,15916.6,15917,15916.8,15917.2,15914.9,15915.5,15916.4,15916.9,0.5,139.5000023
2026-05-22T20:20:00+00:00,15916.7,15918.1,15914.25,15916.65,15916.4,15917,15917.9,15918.3,15914.1,15914.4,15916.3,15917,0.7,345.6000051
2026-05-22T20:30:00+00:00,15916.9,15918.1,15915.35,15915.75,15916.7,15917.1,15917.9,15918.3,15915.1,15915.6,15915.2,15916.3,1.1,920.0100207
2026-05-22T20:40:00+00:00,15916,15919.9,15915.95,15918.8,15915.7,15916.3,15919.4,15920.4,15915.6,15916.3,15918.2,15919.4,1.2,1288.050026
2026-05-22T20:50:00+00:00,15918.85,15921.7,15917.25,15919.25,15918.2,15919.5,15920.4,15923,15915.5,15919,15915.5,15923,7.5,1451.730013
2026-05-24T21:00:00+00:00,15883.2,15883.4,15881.6,15882.2,15878.6,15887.8,15878.9,15887.9,15876.9,15886.3,15878.1,15886.3,8.2,77.68999869
2026-05-24T21:10:00+00:00,15882.6,15889.35,15881.55,15883.1,15878.5,15886.7,15885.8,15892.9,15877.2,15885.9,15879.1,15887.1,8,358.4200011
2026-05-24T21:20:00+00:00,15883.45,15886.5,15882.2,15885.15,15878.9,15888,15879.4,15893.6,15877.9,15886.5,15878.5,15891.8,13.3,127.7800016
2026-05-24T21:30:00+00:00,15884.95,15891.85,15880.85,15891.75,15878.1,15891.8,15889.6,15894.1,15877.3,15884.4,15889.6,15893.9,4.3,301.5100041
2026-05-24T21:40:00+00:00,15891.75,15891.75,15884.05,15886.4,15889.7,15893.8,15889.7,15893.8,15881.3,15886.8,15881.4,15891.4,10,155.810002
2026-05-24T21:50:00+00:00,15886.35,15889.8,15882.85,15889.8,15881.3,15891.4,15886.9,15892.7,15881.3,15884.4,15886.9,15892.7,5.8,100.1900015
2026-05-24T22:00:00+00:00,15889.15,15898.05,15882.7,15884.25,15886.9,15891.4,15896.1,15900,15882.3,15883.1,15883.9,15884.6,0.7,2261.940004
2026-05-24T22:10:00+00:00,15884.95,15892.05,15884.85,15891.65,15884.9,15885,15891.7,15892.4,15884.7,15885,15891.3,15892,0.7,1381.190041
2026-05-24T22:20:00+00:00,15891.55,15891.9,15884.3,15886.45,15891.1,15892,15891.5,15892.3,15884,15884.6,15886.2,15886.7,0.5,984.0500252
2026-05-24T22:30:00+00:00,15886.4,15886.45,15882.6,15884.45,15886,15886.8,15886.1,15886.8,15882.2,15883,15884.1,15884.8,0.7,1263.65003
2026-05-24T22:40:00+00:00,15884.75,15886.85,15884.35,15885.7,15884.6,15884.9,15886.5,15887.2,15884,15884.7,15885.3,15886.1,0.8,1310.10003
2026-05-24T22:50:00+00:00,15885.8,15888.25,15885,15888.2,15885.4,15886.2,15887.9,15888.6,15884.7,15885.3,15887.8,15888.6,0.8,615.6000153
2026-05-24T23:00:00+00:00,15888.1,15888.35,15884.25,15885.45,15887.7,15888.5,15887.8,15888.9,15883.9,15884.6,15885,15885.9,0.9,1547.02003
2026-05-24T23:10:00+00:00,15885.55,15888.9,15884.45,15887.8,15885.1,15886,15888.6,15889.2,15884,15884.9,15887.4,15888.2,0.8,858.23001
2026-05-24T23:20:00+00:00,15887.85,15888.05,15886.6,15887.9,15887.5,15888.2,15887.8,15888.3,15886.3,15886.9,15887.7,15888.1,0.4,291.820006
2026-05-24T23:30:00+00:00,15888.1,15889.65,15887.75,15888.2,15887.9,15888.3,15889.4,15889.9,15887.5,15888,15887.9,15888.5,0.6,268.3500044
2026-05-24T23:40:00+00:00,15888.25,15892.8,15887.95,15891.85,15888,15888.5,15892.6,15893,15887.7,15888.2,15891.6,15892.1,0.5,491.5000094
2026-05-24T23:50:00+00:00,15891.95,15896.3,15891.85,15895.65,15891.6,15892.3,15896.1,15896.5,15891.5,15892.2,15895.4,15895.9,0.5,604.8800088
2026-05-25T00:00:00+00:00,15895.7,15896.35,15891.5,15892.25,15895.4,15896,15896.1,15896.6,15891.3,15891.7,15892,15892.5,0.5,893.3800155
2026-05-25T00:10:00+00:00,15892.3,15892.55,15889.1,15889.2,15892,15892.6,15892.5,15892.6,15888.8,15889.4,15889,15889.4,0.4,1091.790019
2026-05-25T00:20:00+00:00,15889.15,15891.45,15888.85,15889.65,15889,15889.3,15891.2,15891.7,15888.6,15889.1,15889.4,15889.9,0.5,665.1000156
2026-05-25T00:30:00+00:00,15889.55,15893.6,15889.2,15891.7,15889.3,15889.8,15893.4,15893.8,15889,15889.4,15891.5,15891.9,0.4,515.7100121
2026-05-25T00:40:00+00:00,15891.85,15892.5,15884.6,15886.2,15891.7,15892,15892.3,15892.7,15884.5,15884.7,15885.9,15886.5,0.6,791.5200132
2026-05-25T00:50:00+00:00,15886.15,15892.6,15883.3,15890,15885.7,15886.6,15892.3,15892.9,15883.1,15883.5,15889.7,15890.3,0.6,3175.890043
2026-05-25T01:00:00+00:00,15889.95,15890.15,15885.85,15887.6,15889.6,15890.3,15889.9,15890.4,15885.7,15886,15887.4,15887.8,0.4,1189.380021
2026-05-25T01:10:00+00:00,15887.7,15889,15879.8,15879.95,15887.5,15887.9,15888.9,15889.1,15879.5,15880.1,15879.6,15880.3,0.7,1152.860021
2026-05-25T01:20:00+00:00,15879.9,15881.85,15875.9,15876.85,15879.6,15880.2,15881.5,15882.2,15875.6,15876.2,15876.6,15877.1,0.5,889.2900159
2026-05-25T01:30:00+00:00,15876.95,15881.7,15876.1,15879.95,15876.8,15877.1,15881.4,15882,15875.8,15876.4,15879.8,15880.1,0.3,941.8400192
2026-05-25T01:40:00+00:00,15879.9,15885.2,15879,15884.8,15879.7,15880.1,15885,15885.4,15878.8,15879.2,15884.6,15885,0.4,745.3400134
2026-05-25T01:50:00+00:00,15884.85,15888.1,15884.8,15887.75,15884.6,15885.1,15888,15888.2,15884.6,15885,15887.5,15888,0.5,927.8800123
2026-05-25T02:00:00+00:00,15887.7,15887.95,15883.65,15883.9,15887.4,15888,15887.7,15888.2,15883.4,15883.9,15883.7,15884.1,0.4,606.8000144
2026-05-25T02:10:00+00:00,15883.8,15887.75,15883.7,15885.85,15883.6,15884,15887.5,15888,15883.5,15883.9,15885.6,15886.1,0.5,506.5700091
2026-05-25T02:20:00+00:00,15886,15887.05,15884.8,15884.95,15885.7,15886.3,15886.8,15887.3,15884.5,15885.1,15884.7,15885.2,0.5,528.9500091
2026-05-25T02:30:00+00:00,15884.8,15886.2,15883.85,15885.45,15884.5,15885.1,15885.9,15886.5,15883.6,15884.1,15885.2,15885.7,0.5,310.6200055
2026-05-25T02:40:00+00:00,15885.3,15885.85,15883.75,15884.75,15885,15885.6,15885.6,15886.1,15883.5,15884,15884.5,15885,0.5,262.4200045
2026-05-25T02:50:00+00:00,15884.8,15886.2,15884.6,15885.1,15884.6,15885,15885.9,15886.5,15884.4,15884.8,15884.8,15885.4,0.6,372.9000051
2026-05-25T03:00:00+00:00,15885.15,15887.45,15883.45,15886.65,15884.9,15885.4,15887.1,15887.8,15883.2,15883.7,15886.2,15887.1,0.9,1215.780008
2026-05-25T03:10:00+00:00,15886.7,15887.7,15886.35,15887.35,15886.4,15887,15887.6,15887.8,15886.1,15886.6,15887.1,15887.6,0.5,521.4200058
2026-05-25T03:20:00+00:00,15887.25,15888.35,15885.55,15887.15,15887,15887.5,15888.1,15888.6,15885.3,15885.8,15886.9,15887.4,0.5,484.8000081
2026-05-25T03:30:00+00:00,15887.05,15887.3,15884.95,15886.85,15886.8,15887.3,15887,15887.6,15884.7,15885.2,15886.6,15887.1,0.5,630.2800078
2026-05-25T03:40:00+00:00,15887.1,15889.2,15886.65,15888.7,15886.9,15887.3,15889,15889.4,15886.3,15887,15888.3,15889.1,0.8,491.0200064
2026-05-25T03:50:00+00:00,15888.75,15889.15,15887.55,15888.6,15888.4,15889.1,15888.9,15889.4,15887.3,15887.8,15888.4,15888.8,0.4,410.8400068
2026-05-25T04:00:00+00:00,15888.85,15890.2,15887.4,15889.95,15888.6,15889.1,15889.9,15890.5,15887.1,15887.7,15889.7,15890.2,0.5,393.6700076
2026-05-25T04:10:00+00:00,15889.85,15891.2,15888.85,15891.2,15889.6,15890.1,15890.9,15891.5,15888.6,15889.1,15890.9,15891.5,0.6,246.6000042
2026-05-25T04:20:00+00:00,15891.25,15891.5,15890.7,15891.2,15891,15891.5,15891.2,15891.8,15890.4,15891,15891,15891.4,0.4,105.9000018
2026-05-25T04:30:00+00:00,15891.1,15891.2,15887.65,15888.8,15890.9,15891.3,15890.9,15891.5,15887.4,15887.9,15888.5,15889.1,0.6,322.5300052
2026-05-25T04:40:00+00:00,15888.9,15889.25,15886.2,15886.7,15888.6,15889.2,15889,15889.5,15886,15886.4,15886.5,15886.9,0.4,190.270004
2026-05-25T04:50:00+00:00,15886.75,15886.75,15884.75,15886.2,15886.5,15887,15886.5,15887,15884.5,15885,15885.9,15886.5,0.6,379.4200064
2026-05-25T05:00:00+00:00,15886.35,15886.75,15884.75,15885.05,15886.1,15886.6,15886.5,15887,15884.5,15885,15884.8,15885.3,0.5,484.0900058
2026-05-25T05:10:00+00:00,15885.1,15887,15884.6,15886.25,15884.9,15885.3,15886.7,15887.3,15884.3,15884.9,15886,15886.5,0.5,590.6000057
2026-05-25T05:20:00+00:00,15886.3,15887.6,15886.1,15886.85,15886.1,15886.5,15887.4,15887.8,15885.9,15886.3,15886.6,15887.1,0.5,496.4900081
2026-05-25T05:30:00+00:00,15887,15887.35,15886.15,15886.25,15886.7,15887.3,15887.1,15887.6,15885.9,15886.4,15886.1,15886.4,0.3,311.0200069
2026-05-25T05:40:00+00:00,15886.35,15889,15886.3,15888.75,15886.2,15886.5,15888.8,15889.2,15886.2,15886.4,15888.5,15889,0.5,566.6800114
2026-05-25T05:50:00+00:00,15888.85,15893.9,15888.7,15892.65,15888.6,15889.1,15893.6,15894.2,15888.4,15889,15892.4,15892.9,0.5,1541.300016
2026-05-25T06:00:00+00:00,15892.75,15893.85,15890.15,15891.65,15892.4,15893.1,15893.6,15894.1,15889.8,15890.5,15891.4,15891.9,0.5,1831.600019
2026-05-25T06:10:00+00:00,15891.4,15892.45,15890,15890.75,15891.1,15891.7,15892.2,15892.7,15889.7,15890.3,15890.5,15891,0.5,781.4800106
2026-05-25T06:20:00+00:00,15890.8,15892.4,15890.35,15891.7,15890.6,15891,15892.3,15892.5,15890.1,15890.6,15891.4,15892,0.6,767.1800077
2026-05-25T06:30:00+00:00,15891.9,15892.45,15889.2,15891.65,15891.7,15892.1,15892.2,15892.7,15889,15889.4,15891.4,15891.9,0.5,1018.910009
2026-05-25T06:40:00+00:00,15891.8,15892.75,15890.1,15891.45,15891.6,15892,15892.5,15893,15889.8,15890.4,15891.1,15891.8,0.7,601.3300067
2026-05-25T06:50:00+00:00,15891.4,15892.5,15890.2,15890.7,15891.1,15891.7,15892.2,15892.8,15889.9,15890.5,15890.4,15891,0.6,1157.650019
2026-05-25T07:00:00+00:00,15890.55,15896.4,15890.25,15896.3,15890.2,15890.9,15896.2,15896.6,15890,15890.5,15896,15896.6,0.6,1287.450015
2026-05-25T07:10:00+00:00,15896.35,15903.85,15896.3,15902.2,15896.1,15896.6,15903.6,15904.1,15896,15896.6,15901.9,15902.5,0.6,2105.230026
2026-05-25T07:20:00+00:00,15902.45,15904.2,15901.6,15902.7,15902.2,15902.7,15903.9,15904.5,15901.3,15901.9,15902.4,15903,0.6,1731.260026
2026-05-25T07:30:00+00:00,15902.65,15902.75,15896.65,15899.7,15902.4,15902.9,15902.5,15903,15896.6,15896.7,15899.4,15900,0.6,1568.440025
2026-05-25T07:40:00+00:00,15899.75,15899.9,15896.75,15898.15,15899.5,15900,15899.6,15900.2,15896.4,15897.1,15897.9,15898.4,0.5,904.310015
2026-05-25T07:50:00+00:00,15898.05,15899.4,15896.4,15897.4,15897.8,15898.3,15899.1,15899.7,15896,15896.8,15897.1,15897.7,0.6,1120.600019
2026-05-25T08:00:00+00:00,15897.35,15899.25,15895.1,15895.1,15897.1,15897.6,15899,15899.5,15894.8,15895.4,15894.8,15895.4,0.6,1148.910019
2026-05-25T08:10:00+00:00,15895.05,15895.65,15892.35,15895.45,15894.8,15895.3,15895.3,15896,15892,15892.7,15895.1,15895.8,0.7,1114.280016
2026-05-25T08:20:00+00:00,15895.3,15895.3,15893.5,15893.75,15895,15895.6,15895,15895.6,15893.2,15893.8,15893.5,15894,0.5,863.8200094
2026-05-25T08:30:00+00:00,15893.7,15894.85,15891.3,15894.35,15893.4,15894,15894.6,15895.1,15891,15891.6,15894.1,15894.6,0.5,1145.43002
2026-05-25T08:40:00+00:00,15894.3,15895.3,15891.85,15891.9,15893.9,15894.7,15895.1,15895.5,15891.6,15892.1,15891.6,15892.2,0.6,983.8700129
2026-05-25T08:50:00+00:00,15891.95,15895.3,15890.1,15891.95,15891.7,15892.2,15895.1,15895.5,15889.8,15890.4,15891.8,15892.1,0.3,1665.370024
2026-05-25T09:00:00+00:00,15891.7,15891.85,15889.7,15891.25,15891.4,15892,15891.5,15892.2,15889.6,15889.8,15890.9,15891.6,0.7,1535.840015
2026-05-25T09:10:00+00:00,15891.35,15894.15,15890.8,15893.05,15891.1,15891.6,15893.8,15894.5,15890.5,15891.1,15892.7,15893.4,0.7,756.9200104
2026-05-25T09:20:00+00:00,15893.1,15894.4,15892.3,15893.35,15892.8,15893.4,15894.1,15894.7,15892,15892.6,15893.1,15893.6,0.5,620.7500106
2026-05-25T09:30:00+00:00,15893.3,15893.55,15891.65,15892.6,15893,15893.6,15893.3,15893.8,15891.4,15891.9,15892.3,15892.9,0.6,631.3300062
2026-05-25T09:40:00+00:00,15892.35,15892.9,15891.6,15892.7,15892.2,15892.5,15892.6,15893.2,15891.3,15891.9,15892.4,15893,0.6,479.0600063
2026-05-25T09:50:00+00:00,15892.6,15893.9,15892.6,15892.75,15892.3,15892.9,15893.6,15894.2,15892.3,15892.9,15892.5,15893,0.5,563.4600078
2026-05-25T10:00:00+00:00,15892.7,15893.8,15892.2,15892.5,15892.4,15893,15893.5,15894.1,15891.9,15892.5,15892.2,15892.8,0.6,584.1200081
2026-05-25T10:10:00+00:00,15892.2,15894.25,15892.05,15893.05,15892.1,15892.3,15893.9,15894.6,15891.8,15892.3,15892.8,15893.3,0.5,511.5900084
2026-05-25T10:20:00+00:00,15893.1,15893.9,15892.9,15893.7,15892.8,15893.4,15893.6,15894.2,15892.6,15893.2,15893.4,15894,0.6,598.010008
2026-05-25T10:30:00+00:00,15893.65,15895.25,15893.1,15894.2,15893.4,15893.9,15895,15895.5,15892.8,15893.4,15893.9,15894.5,0.6,559.9200079
2026-05-25T10:40:00+00:00,15894.25,15894.25,15892.85,15893.8,15894,15894.5,15894,15894.5,15892.7,15893,15893.5,15894.1,0.6,647.4500083
2026-05-25T10:50:00+00:00,15893.85,15895.05,15893.6,15894.65,15893.5,15894.2,15894.8,15895.3,15893.5,15893.7,15894.4,15894.9,0.5,857.2100129
2026-05-25T11:00:00+00:00,15894.7,15896.15,15894.15,15894.8,15894.4,15895,15895.8,15896.5,15893.9,15894.4,15894.5,15895.1,0.6,652.4700092
2026-05-25T11:10:00+00:00,15894.7,15894.8,15893.3,15893.4,15894.4,15895,15894.5,15895.1,15893,15893.6,15893.1,15893.7,0.6,425.7900063
2026-05-25T11:20:00+00:00,15893.4,15894.3,15893.3,15893.9,15893.1,15893.7,15894,15894.6,15893,15893.6,15893.6,15894.2,0.6,623.9500071
2026-05-25T11:30:00+00:00,15893.9,15893.95,15890.25,15890.65,15893.6,15894.2,15893.7,15894.2,15890,15890.5,15890.4,15890.9,0.5,1057.940018
2026-05-25T11:40:00+00:00,15890.55,15891.5,15889.25,15891.05,15890.3,15890.8,15891.3,15891.7,15889,15889.5,15890.8,15891.3,0.5,1625.570021
2026-05-25T11:50:00+00:00,15890.95,15894.15,15890.25,15893.65,15890.6,15891.3,15893.9,15894.4,15890,15890.5,15893.3,15894,0.7,906.9700129
2026-05-25T12:00:00+00:00,15893.6,15894.1,15891.2,15892.15,15893.3,15893.9,15894,15894.2,15890.9,15891.5,15891.8,15892.5,0.7,1280.050021
2026-05-25T12:10:00+00:00,15892.1,15892.6,15889.75,15891.1,15891.8,15892.4,15892.3,15892.9,15889.5,15890,15890.8,15891.4,0.6,1042.800013
2026-05-25T12:20:00+00:00,15891.3,15892.55,15889.5,15891.45,15891.1,15891.5,15892.3,15892.8,15889.4,15889.6,15891.2,15891.7,0.5,1155.270015
2026-05-25T12:30:00+00:00,15891.4,15892.35,15889.8,15890.25,15891.1,15891.7,15892.1,15892.6,15889.5,15890.1,15890.1,15890.4,0.3,976.380016
2026-05-25T12:40:00+00:00,15890.25,15890.6,15888,15888.9,15890.1,15890.4,15890.5,15890.7,15887.8,15888.2,15888.7,15889.1,0.4,1004.21002
2026-05-25T12:50:00+00:00,15888.95,15891.05,15888.55,15890.3,15888.7,15889.2,15890.8,15891.3,15888.4,15888.7,15890,15890.6,0.6,895.650017
2026-05-25T13:00:00+00:00,15890.35,15890.9,15889.3,15889.6,15890,15890.7,15890.6,15891.2,15889,15889.6,15889.3,15889.9,0.6,1327.780006
2026-05-25T13:10:00+00:00,15889.6,15891.2,15888.7,15890.7,15889.2,15890,15890.9,15891.5,15888.5,15888.9,15890.4,15891,0.6,1663.56002
2026-05-25T13:20:00+00:00,15890.65,15891.75,15890.1,15891.4,15890.4,15890.9,15891.5,15892,15889.8,15890.4,15891.1,15891.7,0.6,1276.160014
2026-05-25T13:30:00+00:00,15891.35,15891.5,15889.95,15891,15891.1,15891.6,15891.2,15891.8,15889.7,15890.2,15890.7,15891.3,0.6,1612.010023
2026-05-25T13:40:00+00:00,15891.05,15892.35,15890.2,15891.85,15890.8,15891.3,15892.1,15892.6,15889.9,15890.5,15891.6,15892.1,0.5,759.1600111
2026-05-25T13:50:00+00:00,15891.8,15892.6,15891.05,15891.9,15891.5,15892.1,15892.2,15893,15890.8,15891.3,15891.7,15892.1,0.4,983.3200105
2026-05-25T14:00:00+00:00,15892.25,15892.4,15890.55,15891.1,15892,15892.5,15892.2,15892.6,15890.3,15890.8,15890.8,15891.4,0.6,1182.000014
2026-05-25T14:10:00+00:00,15891.15,15891.8,15891.05,15891.3,15890.9,15891.4,15891.6,15892,15890.8,15891.3,15891,15891.6,0.6,398.5300058
2026-05-25T14:20:00+00:00,15891.25,15891.35,15890.2,15891.1,15891,15891.5,15891,15891.7,15889.9,15890.5,15890.8,15891.4,0.6,1116.610015
2026-05-25T14:30:00+00:00,15890.85,15891.8,15890.7,15891.25,15890.6,15891.1,15891.6,15892,15890.4,15891,15890.9,15891.6,0.7,978.9300071
2026-05-25T14:40:00+00:00,15891.2,15891.3,15889,15890.7,15890.9,15891.5,15891,15891.6,15888.8,15889.2,15890.5,15890.9,0.4,1358.440004
2026-05-25T14:50:00+00:00,15890.55,15892.65,15890.2,15891.95,15890.4,15890.7,15892.5,15892.8,15889.9,15890.5,15891.7,15892.2,0.5,2043.540015
2026-05-25T15:00:00+00:00,15892.2,15895.05,15892.2,15894.8,15892,15892.4,15894.8,15895.3,15892,15892.4,15894.5,15895.1,0.6,1601.160023
2026-05-25T15:10:00+00:00,15894.85,15894.85,15888.7,15891.25,15894.6,15895.1,15894.6,15895.1,15888.5,15888.9,15890.9,15891.6,0.7,3002.580048
2026-05-25T15:20:00+00:00,15891.2,15891.75,15889.4,15890.75,15891,15891.4,15891.4,15892.1,15889.1,15889.7,15890.5,15891,0.5,1197.37002
2026-05-25T15:30:00+00:00,15890.8,15891.2,15889.4,15890.3,15890.6,15891,15890.9,15891.5,15889.1,15889.7,15890.1,15890.5,0.4,475.7200094
2026-05-25T15:40:00+00:00,15890.4,15891.5,15889.2,15890.7,15890.2,15890.6,15891.2,15891.8,15888.9,15889.5,15890.4,15891,0.6,597.5700119
2026-05-25T15:50:00+00:00,15890.65,15891.3,15888.3,15889.95,15890.3,15891,15890.9,15891.7,15888,15888.6,15889.7,15890.2,0.5,488.7000073
2026-05-25T16:00:00+00:00,15889.85,15891.7,15889.45,15890.55,15889.5,15890.2,15891.4,15892,15889.2,15889.7,15890.3,15890.8,0.5,356.4400063
2026-05-25T16:10:00+00:00,15890.65,15891.55,15890.15,15891.5,15890.4,15890.9,15891.3,15891.8,15889.8,15890.5,15891.2,15891.8,0.6,793.1900126
2026-05-25T16:20:00+00:00,15891.55,15892.2,15890.65,15891.6,15891.3,15891.8,15891.9,15892.5,15890.3,15891,15891.3,15891.9,0.6,446.650007
2026-05-25T16:30:00+00:00,15891.65,15892.15,15890.5,15891.75,15891.3,15892,15891.9,15892.4,15890.2,15890.8,15891.5,15892,0.5,399.4500074
2026-05-25T16:40:00+00:00,15891.7,15892.5,15890.3,15890.85,15891.4,15892,15892.2,15892.8,15890,15890.6,15890.5,15891.2,0.7,541.6200069
2026-05-25T16:50:00+00:00,15890.8,15891.5,15889.35,15889.8,15890.5,15891.1,15891.3,15891.7,15889,15889.7,15889.5,15890.1,0.6,553.5000099
2026-05-25T17:00:00+00:00,15889.75,15890.3,15889.4,15889.65,15889.4,15890.1,15890,15890.6,15889.1,15889.7,15889.4,15889.9,0.5,351.700007
2026-05-25T17:10:00+00:00,15889.75,15890.85,15888.9,15889.2,15889.4,15890.1,15890.7,15891,15888.6,15889.2,15888.9,15889.5,0.6,871.0400217
2026-05-25T17:20:00+00:00,15889.35,15890.5,15889.3,15889.95,15889.1,15889.6,15890.2,15890.8,15889,15889.6,15889.7,15890.2,0.5,301.2000061
2026-05-25T17:30:00+00:00,15889.9,15890.45,15888.9,15889.15,15889.5,15890.3,15890.2,15890.7,15888.6,15889.2,15888.9,15889.4,0.5,209.7800022
2026-05-25T17:40:00+00:00,15889.2,15890.4,15889.05,15890.15,15888.9,15889.5,15890.1,15890.7,15888.7,15889.4,15889.9,15890.4,0.5,113.3200018
2026-05-25T17:50:00+00:00,15890.1,15890.35,15889.2,15889.8,15889.9,15890.3,15890.1,15890.6,15888.9,15889.5,15889.5,15890.1,0.6,81.15000176
2026-05-25T18:00:00+00:00,15889.75,15889.95,15889.3,15889.3,15889.5,15890,15889.6,15890.3,15888.9,15889.7,15888.9,15889.7,0.8,109.0900021
2026-05-25T18:10:00+00:00,15889.35,15889.5,15889,15889.45,15889,15889.7,15889.1,15889.9,15888.7,15889.3,15889,15889.9,0.9,137.7000031
2026-05-25T18:20:00+00:00,15889.45,15890.35,15889.15,15890.35,15889,15889.9,15890,15890.7,15888.8,15889.5,15890,15890.7,0.7,260.1400012
2026-05-25T18:30:00+00:00,15890.35,15890.6,15890.25,15890.45,15889.9,15890.8,15890.2,15891,15889.9,15890.6,15890.1,15890.8,0.7,149.9400014
2026-05-25T18:40:00+00:00,15890.55,15890.8,15890.4,15890.55,15890.2,15890.9,15890.5,15891.1,15890.1,15890.7,15890.1,15891,0.9,150.760002
2026-05-25T18:50:00+00:00,15890.55,15890.7,15890.1,15890.65,15890.2,15890.9,15890.3,15891.1,15889.7,15890.5,15890.3,15891,0.7,51.43000066
2026-05-25T19:00:00+00:00,15890.65,15890.65,15889.5,15890.3,15890.3,15891,15890.3,15891,15889.2,15889.8,15890,15890.6,0.6,94.80000162
2026-05-25T19:10:00+00:00,15890.5,15890.75,15890.3,15890.45,15890.2,15890.8,15890.4,15891.1,15890.1,15890.5,15890.1,15890.8,0.7,114.3000017
2026-05-25T19:20:00+00:00,15890.5,15890.7,15889.35,15890.3,15890.2,15890.8,15890.4,15891,15889,15889.7,15890,15890.6,0.6,271.6600062
2026-05-25T19:30:00+00:00,15890.35,15891,15889.9,15890.2,15890,15890.7,15890.6,15891.4,15889.6,15890.2,15889.9,15890.5,0.6,180.0100046
2026-05-25T19:40:00+00:00,15890.1,15890.95,15890.05,15890.65,15889.8,15890.4,15890.7,15891.2,15889.7,15890.4,15890.3,15891,0.7,100.9100021
2026-05-25T19:50:00+00:00,15890.85,15892.15,15890.85,15891.5,15890.6,15891.1,15891.8,15892.5,15890.6,15891.1,15891.2,15891.8,0.6,162.4800026
2026-05-25T20:00:00+00:00,15891.55,15892.6,15891.15,15892.3,15891.2,15891.9,15892.4,15892.8,15890.8,15891.5,15892,15892.6,0.6,154.9700032
2026-05-25T20:10:00+00:00,15892.2,15892.2,15890.9,15891.5,15891.9,15892.5,15891.9,15892.5,15890.6,15891.2,15891.2,15891.8,0.6,147.5800041
2026-05-25T20:20:00+00:00,15891.7,15892.7,15891.6,15892.2,15891.4,15892,15892.3,15893.1,15891.3,15891.9,15891.9,15892.5,0.6,238.5200043
2026-05-25T20:30:00+00:00,15892.4,15893.15,15892,15892.4,15892.1,15892.7,15892.8,15893.5,15891.6,15892.4,15892,15892.8,0.8,601.1900113
2026-05-25T20:40:00+00:00,15892.4,15894.25,15892.1,15892.75,15892,15892.8,15893.9,15894.6,15891.7,15892.5,15892.4,15893.1,0.7,385.6100101
2026-05-25T20:50:00+00:00,15892.8,15893.2,15890.4,15890.65,15892.4,15893.2,15892.5,15893.9,15888.7,15892.1,15888.7,15892.6,3.9,280.8700049
2026-05-25T21:00:00+00:00,15890.7,15894.35,15885.55,15891,15888.7,15892.7,15888.7,15900,15878.4,15892.7,15884.9,15897.1,12.2,66.48000073
2026-05-25T21:10:00+00:00,15890.95,15892.85,15889.3,15891.45,15884.9,15897,15887.4,15898.3,15883.8,15894.8,15886.8,15896.1,9.3,117.1500018
2026-05-25T21:20:00+00:00,15891.2,15893.8,15888.2,15890.6,15886.8,15895.6,15889.3,15898.3,15882.7,15893.7,15884.1,15897.1,13,88.74999928
2026-05-25T21:30:00+00:00,15890.95,15893.75,15888.15,15891.35,15884.9,15897,15889.3,15898.2,15882.4,15893.9,15886.8,15895.9,9.1,195.299999
2026-05-25T21:40:00+00:00,15892,15892.25,15887.05,15889.35,15888.9,15895.1,15888.9,15895.6,15884.9,15889.2,15887.3,15891.4,4.1,1212.460032
2026-05-25T21:50:00+00:00,15889.4,15890,15887.95,15888.75,15887.4,15891.4,15888.5,15891.5,15886.4,15889.5,15887.4,15890.1,2.7,681.4400245
2026-05-25T22:00:00+00:00,15889.55,15896.4,15888.7,15892.6,15889,15890.1,15895.9,15896.9,15887.3,15890.1,15892.2,15893,0.8,471.7199991
2026-05-25T22:10:00+00:00,15892.65,15892.75,15890.1,15891.35,15892.2,15893.1,15892.3,15893.2,15889.7,15890.5,15891,15891.7,0.7,235.7800065
2026-05-25T22:20:00+00:00,15891.25,15892.6,15890.95,15892.6,15891,15891.5,15892.2,15893,15890.6,15891.3,15892.2,15893,0.8,160.2700033
2026-05-25T22:30:00+00:00,15892.5,15894.55,15892.45,15892.65,15892.1,15892.9,15894.2,15894.9,15892.1,15892.8,15892.4,15892.9,0.5,260.4200048
2026-05-25T22:40:00+00:00,15892.75,15893.15,15892.15,15892.65,15892.5,15893,15892.8,15893.5,15891.7,15892.6,15892.3,15893,0.7,170.6900014
2026-05-25T22:50:00+00:00,15892.7,15892.8,15892.4,15892.8,15892.3,15893.1,15892.4,15893.2,15892,15892.8,15892.4,15893.2,0.8,87.30000114
2026-05-25T23:00:00+00:00,15892.75,15893,15891.35,15892.6,15892.3,15893.2,15892.6,15893.4,15891.1,15891.6,15892,15893.2,1.2,384.9700042
2026-05-25T23:10:00+00:00,15892.5,15892.8,15891.2,15891.55,15892,15893,15892.4,15893.2,15890.9,15891.5,15891.3,15891.8,0.5,136.3500013
2026-05-25T23:20:00+00:00,15891.65,15895.25,15891.35,15894.05,15891.4,15891.9,15894.9,15895.6,15891.1,15891.6,15893.7,15894.4,0.7,377.7000048
2026-05-25T23:30:00+00:00,15894.35,15896.65,15894.2,15896.4,15894.1,15894.6,15896.4,15896.9,15894,15894.4,15896.1,15896.7,0.6,577.1100137
2026-05-25T23:40:00+00:00,15896.35,15896.4,15893.55,15893.9,15896.1,15896.6,15896.1,15896.7,15893.2,15893.9,15893.6,15894.2,0.6,772.1100121
2026-05-25T23:50:00+00:00,15894.05,15895.9,15893.75,15895.85,15893.8,15894.3,15895.5,15896.3,15893.4,15894.1,15895.5,15896.2,0.7,384.0500054
2026-05-26T00:00:00+00:00,15895.55,15896.75,15893.55,15895.4,15895.2,15895.9,15896.4,15897.1,15893.4,15893.7,15895.1,15895.7,0.6,1043.290017
2026-05-26T00:10:00+00:00,15895.3,15898,15895,15897.8,15895,15895.6,15897.8,15898.2,15894.8,15895.2,15897.6,15898,0.4,1026.160017
2026-05-26T00:20:00+00:00,15897.85,15899.35,15896.7,15897.95,15897.7,15898,15899.1,15899.6,15896.6,15896.8,15897.8,15898.1,0.3,1122.550023
2026-05-26T00:30:00+00:00,15897.9,15897.9,15894.85,15895.35,15897.8,15898,15897.8,15898,15894.6,15895.1,15895.1,15895.6,0.5,691.8200129
2026-05-26T00:40:00+00:00,15895.45,15896.65,15894.75,15895.65,15895.2,15895.7,15896.4,15896.9,15894.5,15895,15895.3,15896,0.7,397.2700076
2026-05-26T00:50:00+00:00,15895.75,15899.2,15895.75,15897.1,15895.5,15896,15899,15899.4,15895.5,15896,15896.8,15897.4,0.6,1237.080025
2026-05-26T01:00:00+00:00,15897.3,15900.5,15897.3,15899.15,15897.1,15897.5,15900.3,15900.7,15897.1,15897.5,15898.9,15899.4,0.5,883.9700178
2026-05-26T01:10:00+00:00,15899.1,15899.1,15894.65,15895.95,15898.9,15899.3,15898.9,15899.3,15894.4,15894.9,15895.7,15896.2,0.5,784.9800136
2026-05-26T01:20:00+00:00,15896.1,15897.45,15895.1,15895.35,15895.8,15896.4,15897.2,15897.7,15894.8,15895.4,15895.1,15895.6,0.5,1269.730015
2026-05-26T01:30:00+00:00,15895.3,15897.35,15895.1,15896.65,15895.1,15895.5,15897.1,15897.6,15894.9,15895.3,15896.4,15896.9,0.5,897.3000131
2026-05-26T01:40:00+00:00,15896.6,15898.1,15895.65,15896.1,15896.3,15896.9,15897.9,15898.3,15895.4,15895.9,15896,15896.2,0.2,1153.950022
2026-05-26T01:50:00+00:00,15896,15897.15,15895.3,15896.9,15895.8,15896.2,15897,15897.3,15895.1,15895.5,15896.7,15897.1,0.4,422.3500063
2026-05-26T02:00:00+00:00,15897.25,15897.25,15895.3,15895.4,15897.1,15897.4,15897.1,15897.4,15895.1,15895.5,15895.2,15895.6,0.4,457.6500071
2026-05-26T02:10:00+00:00,15895.65,15896.8,15895.35,15895.55,15895.5,15895.8,15896.6,15897,15895,15895.7,15895.2,15895.9,0.7,472.9300085
2026-05-26T02:20:00+00:00,15895.45,15895.7,15893.75,15894.9,15895.2,15895.7,15895.4,15896,15893.6,15893.9,15894.7,15895.1,0.4,502.5700094
2026-05-26T02:30:00+00:00,15894.8,15896,15893.85,15895.55,15894.6,15895,15895.9,15896.1,15893.7,15894,15895.4,15895.7,0.3,415.5000094
2026-05-26T02:40:00+00:00,15895.35,15898.6,15895.15,15896.25,15895.2,15895.5,15898.4,15898.8,15895,15895.3,15896.1,15896.4,0.3,668.0000161
2026-05-26T02:50:00+00:00,15896.25,15896.4,15894.05,15894.65,15896.1,15896.4,15896.2,15896.6,15893.8,15894.3,15894.5,15894.8,0.3,312.4500067
2026-05-26T03:00:00+00:00,15894.3,15894.35,15892.4,15893.15,15894.2,15894.4,15894.2,15894.5,15892.2,15892.6,15892.9,15893.4,0.5,399.2700062
2026-05-26T03:10:00+00:00,15893.25,15893.3,15891.35,15892.4,15893,15893.5,15893,15893.6,15891.1,15891.6,15892.2,15892.6,0.4,410.2500067
2026-05-26T03:20:00+00:00,15892.3,15893.05,15891.35,15893.05,15892,15892.6,15892.8,15893.3,15891,15891.7,15892.8,15893.3,0.5,344.5700048
2026-05-26T03:30:00+00:00,15893.05,15894,15891.8,15893.15,15892.7,15893.4,15893.8,15894.2,15891.5,15892.1,15892.9,15893.4,0.5,854.8000076
2026-05-26T03:40:00+00:00,15893.1,15893.95,15891.75,15892.9,15892.9,15893.3,15893.7,15894.2,15891.6,15891.9,15892.6,15893.2,0.6,809.930006
2026-05-26T03:50:00+00:00,15892.8,15894.25,15892.75,15894.1,15892.6,15893,15894.1,15894.4,15892.5,15893,15893.8,15894.4,0.6,590.7100086
2026-05-26T04:00:00+00:00,15894.05,15894.35,15893.6,15894.25,15893.8,15894.3,15894.1,15894.6,15893.4,15893.8,15894,15894.5,0.5,402.0700066
2026-05-26T04:10:00+00:00,15894.2,15895.35,15893.95,15894.4,15894,15894.4,15895.1,15895.6,15893.7,15894.2,15894.2,15894.6,0.4,307.340005
2026-05-26T04:20:00+00:00,15894.45,15895.2,15893.35,15893.8,15894.2,15894.7,15894.9,15895.5,15893.2,15893.5,15893.6,15894,0.4,292.7400028
2026-05-26T04:30:00+00:00,15893.95,15894.5,15893.6,15893.9,15893.8,15894.1,15894.2,15894.8,15893.3,15893.9,15893.6,15894.2,0.6,722.7000102
2026-05-26T04:40:00+00:00,15893.9,15896.45,15893.7,15896.3,15893.6,15894.2,15896.2,15896.7,15893.5,15893.9,15895.9,15896.7,0.8,384.2100052
2026-05-26T04:50:00+00:00,15896.25,15901.55,15895.4,15900.35,15896,15896.5,15901.3,15901.8,15895.2,15895.6,15900,15900.7,0.7,1188.600019
2026-05-26T05:00:00+00:00,15900.5,15900.9,15897.45,15899.8,15900.4,15900.6,15900.7,15901.1,15897.3,15897.6,15899.5,15900.1,0.6,1074.880024
2026-05-26T05:10:00+00:00,15900.05,15901.35,15899.5,15900.8,15899.9,15900.2,15901.1,15901.6,15899.3,15899.7,15900.5,15901.1,0.6,488.7700098
2026-05-26T05:20:00+00:00,15900.6,15901.15,15899.85,15900.45,15900.3,15900.9,15900.8,15901.5,15899.6,15900.1,15900.2,15900.7,0.5,309.1600058
2026-05-26T05:30:00+00:00,15900.85,15901.1,15899.3,15899.95,15900.7,15901,15900.9,15901.3,15899.1,15899.5,15899.7,15900.2,0.5,1328.250024
2026-05-26T05:40:00+00:00,15900,15901.15,15899.85,15900.45,15899.8,15900.2,15900.9,15901.4,15899.7,15900,15900.2,15900.7,0.5,518.6200085
2026-05-26T05:50:00+00:00,15900.6,15903.45,15900.4,15902.85,15900.3,15900.9,15903.2,15903.7,15900.2,15900.6,15902.6,15903.1,0.5,737.210011
2026-05-26T06:00:00+00:00,15902.8,15904.9,15902.55,15903.75,15902.6,15903,15904.7,15905.1,15902.3,15902.8,15903.5,15904,0.5,1180.320018
2026-05-26T06:10:00+00:00,15903.8,15906.45,15902.05,15905.85,15903.5,15904.1,15906.2,15906.7,15901.9,15902.2,15905.6,15906.1,0.5,962.2000086
2026-05-26T06:20:00+00:00,15906.2,15906.7,15902.8,15906.65,15906,15906.4,15906.4,15907,15902.6,15903,15906.4,15906.9,0.5,1464.130016
2026-05-26T06:30:00+00:00,15906.7,15908.3,15905.25,15908.1,15906.4,15907,15908.1,15908.5,15905,15905.5,15907.9,15908.3,0.4,1510.190018
2026-05-26T06:40:00+00:00,15908.05,15912.05,15907.65,15908,15907.8,15908.3,15911.8,15912.3,15907.4,15907.9,15907.8,15908.2,0.4,1586.970023
2026-05-26T06:50:00+00:00,15908.1,15911.3,15907.5,15909.65,15907.9,15908.3,15911,15911.6,15907.2,15907.8,15909.5,15909.8,0.3,1091.740017
2026-05-26T07:00:00+00:00,15909.75,15918.3,15909.7,15917.85,15909.5,15910,15918.1,15918.5,15909.4,15910,15917.6,15918.1,0.5,2281.800027
2026-05-26T07:10:00+00:00,15917.8,15917.8,15914.55,15916.05,15917.5,15918.1,15917.5,15918.1,15914.3,15914.8,15915.8,15916.3,0.5,1580.360021
2026-05-26T07:20:00+00:00,15916,15919.05,15916,15917.15,15915.7,15916.3,15918.9,15919.2,15915.7,15916.3,15916.9,15917.4,0.5,1343.710016
2026-05-26T07:30:00+00:00,15916.95,15919.25,15914.85,15917.3,15916.6,15917.3,15919.2,15919.3,15914.6,15915.1,15917.2,15917.4,0.2,1634.86003
2026-05-26T07:40:00+00:00,15917.35,15919.2,15916.55,15916.9,15917.2,15917.5,15919,15919.4,15916.4,15916.7,15916.7,15917.1,0.4,685.3000144
2026-05-26T07:50:00+00:00,15916.95,15920.2,15916.9,15919.9,15916.7,15917.2,15920,15920.4,15916.6,15917.2,15919.6,15920.2,0.6,1150.030017
2026-05-26T08:00:00+00:00,15919.75,15922.55,15919.55,15922.55,15919.5,15920,15922.4,15922.7,15919.4,15919.7,15922.4,15922.7,0.3,1187.420019
2026-05-26T08:10:00+00:00,15922.6,15924.05,15920.5,15921.7,15922.4,15922.8,15923.8,15924.3,15920.3,15920.7,15921.5,15921.9,0.4,1611.660022
2026-05-26T08:20:00+00:00,15921.65,15923.65,15921.55,15922.5,15921.5,15921.8,15923.4,15923.9,15921.3,15921.8,15922.2,15922.8,0.6,761.1400104
2026-05-26T08:30:00+00:00,15922.65,15923.5,15922.25,15922.8,15922.4,15922.9,15923.3,15923.7,15922,15922.5,15922.5,15923.1,0.6,869.8500105
2026-05-26T08:40:00+00:00,15922.7,15923.5,15919.95,15920.8,15922.5,15922.9,15923.2,15923.8,15919.6,15920.3,15920.6,15921,0.4,767.8000085
2026-05-26T08:50:00+00:00,15921,15921.6,15919.7,15921.3,15920.8,15921.2,15921.3,15921.9,15919.5,15919.9,15921.1,15921.5,0.4,713.9600102
2026-05-26T09:00:00+00:00,15921.15,15922.6,15919.2,15919.95,15920.9,15921.4,15922.4,15922.8,15919,15919.4,15919.7,15920.2,0.5,1101.540012
2026-05-26T09:10:00+00:00,15920.05,15920.2,15916.45,15917.5,15919.8,15920.3,15919.9,15920.5,15916.3,15916.6,15917.3,15917.7,0.4,1131.840011
2026-05-26T09:20:00+00:00,15917.55,15919.75,15917,15918.25,15917.3,15917.8,15919.6,15919.9,15916.7,15917.3,15918,15918.5,0.5,962.9600148
2026-05-26T09:30:00+00:00,15918.15,15919.25,15917.75,15918.7,15917.9,15918.4,15919,15919.5,15917.5,15918,15918.5,15918.9,0.4,938.880011
2026-05-26T09:40:00+00:00,15918.65,15919.8,15918,15918.5,15918.4,15918.9,15919.6,15920,15917.8,15918.2,15918.3,15918.7,0.4,483.9900073
2026-05-26T09:50:00+00:00,15918.55,15919.05,15915.85,15915.95,15918.3,15918.8,15918.8,15919.3,15915.6,15916.1,15915.7,15916.2,0.5,1083.320012
2026-05-26T10:00:00+00:00,15916,15918,15915.8,15916.4,15915.8,15916.2,15917.7,15918.3,15915.6,15916,15916.2,15916.6,0.4,942.3200151
2026-05-26T10:10:00+00:00,15916.45,15916.55,15913.95,15914.5,15916.3,15916.6,15916.3,15916.8,15913.7,15914.2,15914.3,15914.7,0.4,1163.850014
2026-05-26T10:20:00+00:00,15914.45,15915.6,15913.55,15913.65,15914.2,15914.7,15915.4,15915.8,15913.4,15913.7,15913.5,15913.8,0.3,474.9800067
2026-05-26T10:30:00+00:00,15913.6,15913.9,15910.85,15913.75,15913.5,15913.7,15913.7,15914.1,15910.6,15911.1,15913.5,15914,0.5,1893.570016
2026-05-26T10:40:00+00:00,15913.7,15915.2,15913,15914.8,15913.5,15913.9,15915,15915.4,15912.8,15913.2,15914.6,15915,0.4,1045.730013
2026-05-26T10:50:00+00:00,15914.6,15915.1,15913.55,15914.7,15914.4,15914.8,15914.8,15915.4,15913.4,15913.7,15914.5,15914.9,0.4,902.6600134
2026-05-26T11:00:00+00:00,15914.55,15914.9,15913.75,15914.8,15914.5,15914.6,15914.7,15915.1,15913.5,15914,15914.6,15915,0.4,709.9500129
2026-05-26T11:10:00+00:00,15914.85,15915.9,15913.85,15914.3,15914.6,15915.1,15915.7,15916.1,15913.6,15914.1,15914.1,15914.5,0.4,561.0400087
2026-05-26T11:20:00+00:00,15914.5,15915.1,15913.8,15914.9,15914.3,15914.7,15914.9,15915.3,15913.6,15914,15914.7,15915.1,0.4,696.960008
2026-05-26T11:30:00+00:00,15914.95,15919.15,15914.95,15919.1,15914.7,15915.2,15919.1,15919.2,15914.7,15915.2,15919,15919.2,0.2,1745.000025
2026-05-26T11:40:00+00:00,15919.05,15921.4,15918.95,15920.2,15918.8,15919.3,15921.2,15921.6,15918.7,15919.2,15919.9,15920.5,0.6,1275.550016
2026-05-26T11:50:00+00:00,15920.3,15920.35,15918.8,15919.4,15920,15920.6,15920.1,15920.6,15918.6,15919,15919.2,15919.6,0.4,838.780015
2026-05-26T12:00:00+00:00,15919.35,15922.55,15918.75,15920.45,15919.2,15919.5,15922.4,15922.7,15918.5,15919,15920.2,15920.7,0.5,1639.800029
2026-05-26T12:10:00+00:00,15920.5,15922.2,15920.15,15921.8,15920.3,15920.7,15922,15922.4,15919.9,15920.4,15921.6,15922,0.4,1068.040017
2026-05-26T12:20:00+00:00,15921.6,15922.2,15921.1,15921.25,15921.4,15921.8,15922,15922.4,15920.8,15921.4,15920.9,15921.6,0.7,791.8300112
2026-05-26T12:30:00+00:00,15921.3,15921.75,15919.05,15921.3,15921,15921.6,15921.6,15921.9,15918.9,15919.2,15921,15921.6,0.6,759.5400102
2026-05-26T12:40:00+00:00,15921.35,15921.35,15919.8,15920.85,15921.1,15921.6,15921.1,15921.6,15919.5,15920.1,15920.6,15921.1,0.5,789.8700151
2026-05-26T12:50:00+00:00,15920.8,15922.95,15919.85,15922.65,15920.6,15921,15922.8,15923.1,15919.6,15920.1,15922.4,15922.9,0.5,900.9400115
2026-05-26T13:00:00+00:00,15923.05,15926,15922.8,15923.85,15922.9,15923.2,15925.8,15926.2,15922.6,15923,15923.6,15924.1,0.5,1551.900024
2026-05-26T13:10:00+00:00,15923.9,15926.2,15923.75,15924.95,15923.7,15924.1,15926,15926.4,15923.4,15924.1,15924.6,15925.3,0.7,1288.210014
2026-05-26T13:20:00+00:00,15925,15926.05,15923,15926.05,15924.8,15925.2,15925.8,15926.3,15922.8,15923.2,15925.8,15926.3,0.5,638.6000091
2026-05-26T13:30:00+00:00,15926.05,15928.55,15925.55,15926.4,15925.8,15926.3,15928.4,15928.7,15925.3,15925.8,15926.2,15926.6,0.4,1277.550017
2026-05-26T13:40:00+00:00,15926.5,15928.15,15924.6,15926.75,15926.2,15926.8,15927.9,15928.4,15924.4,15924.8,15926.5,15927,0.5,1929.420021
2026-05-26T13:50:00+00:00,15926.65,15930.1,15926.6,15927.85,15926.4,15926.9,15929.9,15930.3,15926.4,15926.8,15927.6,15928.1,0.5,3394.230037
2026-05-26T14:00:00+00:00,15927.8,15929.15,15925.25,15926.8,15927.5,15928.1,15928.9,15929.4,15925,15925.5,15926.6,15927,0.4,1858.370026
2026-05-26T14:10:00+00:00,15926.75,15927.9,15925.85,15927.7,15926.6,15926.9,15927.7,15928.1,15925.7,15926,15927.5,15927.9,0.4,1882.820045
2026-05-26T14:20:00+00:00,15927.8,15927.85,15925.85,15926.3,15927.5,15928.1,15927.6,15928.1,15925.7,15926,15926.1,15926.5,0.4,1922.160043
2026-05-26T14:30:00+00:00,15926.25,15926.45,15922.85,15926.25,15926.1,15926.4,15926.3,15926.6,15922.6,15923.1,15926.1,15926.4,0.3,1884.590034
2026-05-26T14:40:00+00:00,15926.3,15926.55,15923.75,15926.55,15926.1,15926.5,15926.4,15926.7,15923.6,15923.9,15926.4,15926.7,0.3,1151.410019
2026-05-26T14:50:00+00:00,15926.45,15932.6,15926.35,15932.2,15926.3,15926.6,15932.4,15932.8,15926.1,15926.6,15932,15932.4,0.4,1744.470032
2026-05-26T15:00:00+00:00,15932.2,15934.8,15930.9,15933.3,15932,15932.4,15934.6,15935,15930.7,15931.1,15933.1,15933.5,0.4,2178.580032
2026-05-26T15:10:00+00:00,15933.35,15934.8,15930.25,15934.3,15933.2,15933.5,15934.6,15935,15930,15930.5,15934.2,15934.4,0.2,1398.040024
2026-05-26T15:20:00+00:00,15934.25,15935.25,15933.3,15934.4,15934.1,15934.4,15935.1,15935.4,15933.2,15933.4,15934.1,15934.7,0.6,1638.410027
2026-05-26T15:30:00+00:00,15934.35,15938.05,15932.85,15936.35,15934.1,15934.6,15937.8,15938.3,15932.6,15933.1,15936.1,15936.6,0.5,2072.940034
2026-05-26T15:40:00+00:00,15936.55,15937.95,15935.3,15935.8,15936.4,15936.7,15937.8,15938.1,15935.1,15935.5,15935.6,15936,0.4,1504.450022
2026-05-26T15:50:00+00:00,15936,15937.1,15935.4,15936.4,15935.9,15936.1,15936.9,15937.3,15935.1,15935.7,15936.2,15936.6,0.4,824.5800124
2026-05-26T16:00:00+00:00,15936.35,15936.35,15931.5,15931.75,15936.2,15936.5,15936.2,15936.5,15931.4,15931.6,15931.4,15932.1,0.7,770.1300128
2026-05-26T16:10:00+00:00,15931.9,15932.65,15928.85,15928.95,15931.7,15932.1,15932.4,15932.9,15928.6,15929.1,15928.7,15929.2,0.5,875.6800131
2026-05-26T16:20:00+00:00,15928.9,15931.65,15928.6,15931.4,15928.7,15929.1,15931.4,15931.9,15928.3,15928.9,15931.2,15931.6,0.4,882.7900146
2026-05-26T16:30:00+00:00,15931.45,15931.55,15928.55,15931.3,15931.2,15931.7,15931.3,15931.8,15928.2,15928.9,15931.1,15931.5,0.4,996.4700149
2026-05-26T16:40:00+00:00,15931.2,15933.85,15930.2,15933.75,15931,15931.4,15933.7,15934,15930,15930.4,15933.6,15933.9,0.3,636.9400117
2026-05-26T16:50:00+00:00,15933.8,15933.85,15930.35,15930.85,15933.6,15934,15933.6,15934.1,15930.1,15930.6,15930.7,15931,0.3,800.5700152
2026-05-26T17:00:00+00:00,15930.95,15931.2,15928.8,15929.2,15930.8,15931.1,15931,15931.4,15928.6,15929,15928.9,15929.5,0.6,765.840011
2026-05-26T17:10:00+00:00,15929.05,15930.65,15928.7,15930.25,15928.8,15929.3,15930.5,15930.8,15928.5,15928.9,15930,15930.5,0.5,458.2900078
2026-05-26T17:20:00+00:00,15930.2,15932,15930,15931.85,15930,15930.4,15931.7,15932.3,15929.7,15930.3,15931.6,15932.1,0.5,691.9800156
2026-05-26T17:30:00+00:00,15931.95,15934.25,15931.25,15933.3,15931.7,15932.2,15934,15934.5,15931,15931.5,15933.1,15933.5,0.4,481.5800087
2026-05-26T17:40:00+00:00,15933.35,15935.8,15933.15,15935.2,15933.2,15933.5,15935.5,15936.1,15932.9,15933.4,15935,15935.4,0.4,401.3300083
2026-05-26T17:50:00+00:00,15935.15,15938.05,15935.15,15936.35,15934.9,15935.4,15937.9,15938.2,15934.9,15935.4,15936.1,15936.6,0.5,1194.26001
2026-05-26T18:00:00+00:00,15936.25,15937.45,15934.85,15935.1,15936.1,15936.4,15937.3,15937.6,15934.7,15935,15934.9,15935.3,0.4,1279.570017
2026-05-26T18:10:00+00:00,15935.15,15935.2,15934,15934.3,15934.9,15935.4,15935,15935.4,15933.8,15934.2,15934.1,15934.5,0.4,489.8900089
2026-05-26T18:20:00+00:00,15934.15,15935.05,15931.8,15933.15,15933.9,15934.4,15934.8,15935.3,15931.6,15932,15932.9,15933.4,0.5,873.2100141
2026-05-26T18:30:00+00:00,15933.4,15934.15,15931.8,15932.2,15933.2,15933.6,15933.9,15934.4,15931.6,15932,15932,15932.4,0.4,634.5500097
2026-05-26T18:40:00+00:00,15932.3,15934.4,15931.7,15933.1,15932.1,15932.5,15934.2,15934.6,15931.5,15931.9,15932.9,15933.3,0.4,604.2700117
2026-05-26T18:50:00+00:00,15933.05,15933.5,15930.2,15933.4,15932.8,15933.3,15933.3,15933.7,15930,15930.4,15933.2,15933.6,0.4,913.1200128
2026-05-26T19:00:00+00:00,15933.6,15934.65,15931.6,15933.2,15933.4,15933.8,15934.4,15934.9,15931.4,15931.8,15933,15933.4,0.4,572.5700099
2026-05-26T19:10:00+00:00,15933.25,15933.85,15932,15932.9,15933,15933.5,15933.6,15934.1,15931.9,15932.1,15932.6,15933.2,0.6,477.2500076
2026-05-26T19:20:00+00:00,15932.8,15933.35,15931.75,15933.25,15932.7,15932.9,15933.2,15933.5,15931.4,15932.1,15933,15933.5,0.5,598.3700068
2026-05-26T19:30:00+00:00,15933.15,15933.25,15930.6,15931.8,15932.9,15933.4,15933,15933.5,15930.4,15930.8,15931.6,15932,0.4,398.6400071
2026-05-26T19:40:00+00:00,15931.75,15932.3,15931.55,15931.8,15931.4,15932.1,15932,15932.6,15931.3,15931.8,15931.6,15932,0.4,316.2700051
2026-05-26T19:50:00+00:00,15931.75,15932.05,15930.25,15931.85,15931.5,15932,15931.8,15932.3,15929.9,15930.6,15931.6,15932.1,0.5,598.0800087
2026-05-26T20:00:00+00:00,15931.8,15932.15,15930.3,15930.8,15931.6,15932,15931.9,15932.4,15930,15930.6,15930.5,15931.1,0.6,341.8400066
2026-05-26T20:10:00+00:00,15930.85,15931.35,15930.4,15930.8,15930.4,15931.3,15931,15931.7,15930.1,15930.7,15930.4,15931.2,0.8,170.8200026
2026-05-26T20:20:00+00:00,15930.85,15932.15,15930.15,15930.8,15930.5,15931.2,15931.9,15932.4,15930,15930.3,15930.5,15931.1,0.6,322.170005
2026-05-26T20:30:00+00:00,15930.85,15933.35,15930.7,15933.15,15930.6,15931.1,15933.1,15933.6,15930.4,15931,15932.9,15933.4,0.5,377.0600065
2026-05-26T20:40:00+00:00,15933.2,15933.4,15931,15931.65,15932.9,15933.5,15933.1,15933.7,15930.7,15931.3,15931.3,15932,0.7,808.4200108
2026-05-26T20:50:00+00:00,15931.8,15932,15929.5,15930.45,15931.4,15932.2,15931.5,15932.5,15928.6,15930.4,15928.6,15932.3,3.7,1540.950017
2026-05-26T21:00:00+00:00,15930.55,15932.8,15929.8,15932,15928.7,15932.4,15929.4,15936.2,15927.9,15931.7,15929.1,15934.9,5.8,57.82000017
2026-05-26T21:10:00+00:00,15932.05,15932.65,15930.55,15931.7,15929.1,15935,15929.1,15936.2,15928.8,15932.3,15928.8,15934.6,5.8,90.28000009
2026-05-26T21:20:00+00:00,15930.45,15932.15,15930.45,15930.95,15928.8,15932.1,15929.6,15934.7,15928.8,15932.1,15929.1,15932.8,3.7,52.19999957
2026-05-26T21:30:00+00:00,15930.85,15931.9,15930.45,15930.7,15929.1,15932.6,15929.1,15934.7,15928.6,15932.3,15928.9,15932.5,3.6,101.9999979
2026-05-26T21:40:00+00:00,15930.85,15931.8,15930.35,15930.4,15928.8,15932.9,15928.9,15934.7,15928.5,15932.2,15928.6,15932.2,3.6,115.7999985
2026-05-26T21:50:00+00:00,15930.25,15931.55,15927.2,15927.65,15928.6,15931.9,15929.5,15933.6,15925.4,15929,15925.5,15929.8,4.3,92.84999853
2026-05-26T22:00:00+00:00,15926.85,15930.5,15926.65,15929.5,15925.5,15928.2,15929.8,15931.2,15925.3,15928,15929,15930,1,825.5999988
2026-05-26T22:10:00+00:00,15929.6,15930.75,15928.1,15929.55,15929.1,15930.1,15930.2,15931.3,15927.7,15928.5,15929,15930.1,1.1,447.3000082
2026-05-26T22:20:00+00:00,15929.5,15930.4,15928.9,15929.2,15929,15930,15930.1,15930.7,15928.5,15929.3,15928.8,15929.6,0.8,372.370007
2026-05-26T22:30:00+00:00,15929.15,15930.3,15928.85,15929,15928.7,15929.6,15929.9,15930.7,15928.5,15929.2,15928.6,15929.4,0.8,236.1600041
2026-05-26T22:40:00+00:00,15929.1,15929.1,15928.7,15928.75,15928.7,15929.5,15928.7,15929.5,15928.3,15929.1,15928.4,15929.1,0.7,85.94000101
2026-05-26T22:50:00+00:00,15928.7,15928.85,15926,15926.2,15928.3,15929.1,15928.5,15929.2,15925.6,15926.4,15925.7,15926.7,1,309.070002
2026-05-26T23:00:00+00:00,15926.15,15927.7,15925,15927.6,15925.6,15926.7,15927.5,15927.9,15924.7,15925.3,15927.4,15927.8,0.4,388.350009
2026-05-26T23:10:00+00:00,15927.65,15927.75,15926.15,15926.25,15927.5,15927.8,15927.6,15927.9,15925.9,15926.4,15925.9,15926.6,0.7,147.0000027
2026-05-26T23:20:00+00:00,15926.3,15926.3,15923.6,15924.8,15926.1,15926.5,15926.1,15926.5,15923.3,15923.9,15924.6,15925,0.4,335.3000073
2026-05-26T23:30:00+00:00,15924.95,15925.15,15923.7,15923.75,15924.7,15925.2,15924.9,15925.4,15923.5,15923.9,15923.6,15923.9,0.3,143.5500025
2026-05-26T23:40:00+00:00,15923.7,15923.7,15920.3,15921.55,15923.5,15923.9,15923.5,15923.9,15920.1,15920.5,15921.3,15921.8,0.5,360.5200082
2026-05-26T23:50:00+00:00,15921.8,15925.35,15921.8,15925.25,15921.7,15921.9,15925.1,15925.6,15921.7,15921.9,15925,15925.5,0.5,383.2500083
2026-05-27T00:00:00+00:00,15925.3,15925.4,15921.45,15922.6,15925.1,15925.5,15925.2,15925.6,15921.2,15921.7,15922.3,15922.9,0.6,1362.950022
2026-05-27T00:10:00+00:00,15922.3,15923,15919.95,15920.95,15922,15922.6,15922.8,15923.2,15919.7,15920.2,15920.7,15921.2,0.5,1766.080029
2026-05-27T00:20:00+00:00,15920.85,15920.9,15917.75,15920.15,15920.6,15921.1,15920.6,15921.2,15917.5,15918,15919.9,15920.4,0.5,1021.660018
2026-05-27T00:30:00+00:00,15919.95,15924,15919.8,15923.25,15919.7,15920.2,15923.8,15924.2,15919.6,15920,15923,15923.5,0.5,996.9600163
2026-05-27T00:40:00+00:00,15923.1,15923.45,15920.65,15923.25,15922.8,15923.4,15923.2,15923.7,15920.4,15920.9,15923,15923.5,0.5,662.2600137
2026-05-27T00:50:00+00:00,15923.35,15931.2,15923.15,15928.2,15923.1,15923.6,15931,15931.4,15922.8,15923.5,15927.9,15928.5,0.6,2989.660057
2026-05-27T01:00:00+00:00,15928,15929.65,15922.9,15923.75,15927.8,15928.2,15929.4,15929.9,15922.7,15923.1,15923.5,15924,0.5,1296.920022
2026-05-27T01:10:00+00:00,15923.55,15925.05,15922.7,15923.9,15923.3,15923.8,15924.7,15925.4,15922.5,15922.9,15923.5,15924.3,0.8,678.9300079
2026-05-27T01:20:00+00:00,15923.95,15925.75,15921.8,15924.4,15923.7,15924.2,15925.5,15926,15921.6,15922,15924.2,15924.6,0.4,934.9000149
2026-05-27T01:30:00+00:00,15924.35,15928.4,15924.15,15927.35,15924.1,15924.6,15928,15928.8,15923.9,15924.4,15927.1,15927.6,0.5,1454.880026
2026-05-27T01:40:00+00:00,15927.3,15928.25,15926.45,15927.8,15927.1,15927.5,15928,15928.5,15926.2,15926.7,15927.6,15928,0.4,863.2200164
2026-05-27T01:50:00+00:00,15927.9,15930.55,15927.7,15930.05,15927.7,15928.1,15930.2,15930.9,15927.5,15927.9,15929.8,15930.3,0.5,630.5100116
2026-05-27T02:00:00+00:00,15929.9,15930.35,15926.65,15928.3,15929.7,15930.1,15930.1,15930.6,15926.4,15926.9,15928.1,15928.5,0.4,1822.300035
2026-05-27T02:10:00+00:00,15928.2,15928.9,15924.9,15926.35,15928.1,15928.3,15928.8,15929,15924.7,15925.1,15926,15926.7,0.7,1109.530022
2026-05-27T02:20:00+00:00,15926.45,15929.35,15926.15,15929.15,15926.2,15926.7,15929.2,15929.5,15925.8,15926.5,15929.1,15929.2,0.1,760.3500111
2026-05-27T02:30:00+00:00,15929.1,15929.15,15925.65,15927.35,15928.9,15929.3,15929,15929.3,15925.5,15925.8,15927.1,15927.6,0.5,709.6000154
2026-05-27T02:40:00+00:00,15927.2,15927.2,15925,15925,15927,15927.4,15927,15927.4,15924.8,15925.2,15924.8,15925.2,0.4,282.4500045
2026-05-27T02:50:00+00:00,15924.95,15925.05,15922.4,15922.6,15924.8,15925.1,15924.8,15925.3,15922.1,15922.7,15922.1,15923.1,1,1041.820011
2026-05-27T03:00:00+00:00,15922.65,15922.8,15919.15,15920.35,15922.4,15922.9,15922.5,15923.1,15918.9,15919.4,15920.1,15920.6,0.5,1291.580021
2026-05-27T03:10:00+00:00,15920.4,15921.65,15920,15920.65,15920.3,15920.5,15921.3,15922,15919.8,15920.2,15920.4,15920.9,0.5,618.6700115
2026-05-27T03:20:00+00:00,15920.75,15921,15918.95,15920,15920.5,15921,15920.8,15921.2,15918.6,15919.3,15919.8,15920.2,0.4,831.3000124
2026-05-27T03:30:00+00:00,15920.1,15923.2,15919.2,15922.15,15919.8,15920.4,15923,15923.4,15919,15919.4,15922,15922.3,0.3,670.7800115
2026-05-27T03:40:00+00:00,15922.25,15922.95,15920.5,15922.2,15922.1,15922.4,15922.8,15923.1,15920.4,15920.6,15922.1,15922.3,0.2,799.1500138
2026-05-27T03:50:00+00:00,15922.25,15922.6,15920.5,15920.5,15922.1,15922.4,15922.4,15922.8,15920.3,15920.7,15920.3,15920.7,0.4,526.9800078
2026-05-27T04:00:00+00:00,15920.65,15921.9,15920.25,15921.5,15920.4,15920.9,15921.7,15922.1,15920.1,15920.4,15921.3,15921.7,0.4,215.7000036
2026-05-27T04:10:00+00:00,15921.35,15921.8,15920.3,15921.6,15921.3,15921.4,15921.6,15922,15920.1,15920.5,15921.4,15921.8,0.4,140.5500027
2026-05-27T04:20:00+00:00,15921.5,15922.3,15919.9,15922.3,15921.3,15921.7,15922.1,15922.5,15919.7,15920.1,15922.1,15922.5,0.4,612.4500072
2026-05-27T04:30:00+00:00,15922.25,15924.6,15921.5,15924.1,15922,15922.5,15924.4,15924.8,15921.3,15921.7,15923.9,15924.3,0.4,663.0200088
2026-05-27T04:40:00+00:00,15924.2,15924.45,15922.7,15923.2,15924,15924.4,15924.3,15924.6,15922.5,15922.9,15923,15923.4,0.4,236.260005
2026-05-27T04:50:00+00:00,15923.3,15924.8,15922.7,15924.45,15923.1,15923.5,15924.6,15925,15922.5,15922.9,15924.2,15924.7,0.5,644.7300091
2026-05-27T05:00:00+00:00,15924.5,15925.7,15923.2,15925.6,15924.2,15924.8,15925.5,15925.9,15923,15923.4,15925.4,15925.8,0.4,528.56001
2026-05-27T05:10:00+00:00,15925.7,15927,15925.45,15925.6,15925.5,15925.9,15926.8,15927.2,15925.3,15925.6,15925.4,15925.8,0.4,258.7600054
2026-05-27T05:20:00+00:00,15925.8,15927.75,15925.75,15926.6,15925.6,15926,15927.5,15928,15925.6,15925.9,15926.4,15926.8,0.4,246.220006
2026-05-27T05:30:00+00:00,15926.7,15930.75,15926.6,15929.4,15926.5,15926.9,15930.5,15931,15926.4,15926.8,15929.1,15929.7,0.6,1038.740009
2026-05-27T05:40:00+00:00,15929.45,15932.8,15929,15931.75,15929,15929.9,15932.5,15933.1,15928.7,15929.3,15931.6,15931.9,0.3,1366.570014
2026-05-27T05:50:00+00:00,15931.85,15935.15,15931.55,15934.95,15931.7,15932,15934.9,15935.4,15931.3,15931.8,15934.7,15935.2,0.5,1896.830017
2026-05-27T06:00:00+00:00,15935,15937.95,15933.75,15935.15,15934.8,15935.2,15937.7,15938.2,15933.5,15934,15934.9,15935.4,0.5,1965.640025
2026-05-27T06:10:00+00:00,15935,15937.25,15933.95,15936.45,15934.7,15935.3,15937.1,15937.4,15933.7,15934.2,15936.3,15936.6,0.3,793.4700116
2026-05-27T06:20:00+00:00,15936.4,15937.4,15933.65,15934.9,15936.2,15936.6,15937.2,15937.6,15933.4,15933.9,15934.7,15935.1,0.4,764.6800127
2026-05-27T06:30:00+00:00,15934.95,15936.4,15932.75,15933.85,15934.7,15935.2,15936.2,15936.6,15932.5,15933,15933.7,15934,0.3,912.4800158
2026-05-27T06:40:00+00:00,15933.9,15935.05,15929.8,15929.95,15933.7,15934.1,15934.8,15935.3,15929.5,15930.1,15929.7,15930.2,0.5,990.1300138
2026-05-27T06:50:00+00:00,15930.25,15936.2,15929.85,15935.5,15930.1,15930.4,15935.9,15936.5,15929.6,15930.1,15935.3,15935.7,0.4,841.7200125
2026-05-27T07:00:00+00:00,15935.4,15936.7,15934.15,15935.1,15935.1,15935.7,15936.5,15936.9,15933.9,15934.4,15934.9,15935.3,0.4,1178.930018
2026-05-27T07:10:00+00:00,15935.15,15935.5,15932.85,15933.8,15934.9,15935.4,15935.3,15935.7,15932.6,15933.1,15933.6,15934,0.4,650.4000125
2026-05-27T07:20:00+00:00,15933.85,15935.8,15933.85,15935,15933.7,15934,15935.6,15936,15933.7,15934,15934.8,15935.2,0.4,812.9200149
2026-05-27T07:30:00+00:00,15934.95,15935.3,15930.75,15932.6,15934.8,15935.1,15935.1,15935.5,15930.6,15930.9,15932.5,15932.7,0.2,1552.710022
2026-05-27T07:40:00+00:00,15932.7,15936.2,15932.55,15935.65,15932.6,15932.8,15936,15936.4,15932.4,15932.7,15935.5,15935.8,0.3,1227.510014
2026-05-27T07:50:00+00:00,15935.7,15936.65,15932.9,15935.85,15935.6,15935.8,15936.4,15936.9,15932.7,15933.1,15935.8,15935.9,0.1,1715.910014
2026-05-27T08:00:00+00:00,15935.85,15936.3,15931.9,15933.2,15935.8,15935.9,15936.1,15936.5,15931.7,15932.1,15932.9,15933.5,0.6,1800.750019
2026-05-27T08:10:00+00:00,15933.5,15940.15,15932.95,15940.05,15933.3,15933.7,15940,15940.3,15932.8,15933.1,15940,15940.1,0.1,1273.86002
2026-05-27T08:20:00+00:00,15940.15,15944.55,15939.9,15943.55,15940.1,15940.2,15944.4,15944.7,15939.7,15940.1,15943.4,15943.7,0.3,2229.030032
2026-05-27T08:30:00+00:00,15943.6,15944,15938.75,15938.75,15943.5,15943.7,15943.8,15944.2,15938.5,15939,15938.5,15939,0.5,1018.240018
2026-05-27T08:40:00+00:00,15938.9,15940.1,15937.25,15939.25,15938.7,15939.1,15939.9,15940.3,15936.9,15937.6,15938.9,15939.6,0.7,1136.770013
2026-05-27T08:50:00+00:00,15939.2,15940.2,15938.35,15939.4,15938.8,15939.6,15940,15940.4,15938.2,15938.5,15939.2,15939.6,0.4,1021.120016
2026-05-27T09:00:00+00:00,15939.45,15939.95,15938.2,15938.35,15939.2,15939.7,15939.8,15940.1,15938,15938.4,15938.2,15938.5,0.3,582.3600129
2026-05-27T09:10:00+00:00,15937.95,15938.15,15931.85,15932.8,15937.9,15938,15937.9,15938.4,15931.7,15932,15932.6,15933,0.4,994.2500138
2026-05-27T09:20:00+00:00,15932.85,15934.6,15932,15933.65,15932.6,15933.1,15934.4,15934.8,15931.8,15932.2,15933.4,15933.9,0.5,743.1900122
2026-05-27T09:30:00+00:00,15933.5,15935.45,15933.5,15935.25,15933.3,15933.7,15935.3,15935.6,15933.3,15933.7,15935,15935.5,0.5,500.1000105
2026-05-27T09:40:00+00:00,15935.6,15935.75,15933.95,15934.55,15935.4,15935.8,15935.5,15936,15933.7,15934.2,15934.3,15934.8,0.5,531.1500074
2026-05-27T09:50:00+00:00,15934.5,15936.05,15932.15,15935.75,15934.3,15934.7,15935.8,15936.3,15931.9,15932.4,15935.5,15936,0.5,753.0900112
2026-05-27T10:00:00+00:00,15935.65,15936.9,15935.3,15935.65,15935.3,15936,15936.6,15937.2,15935,15935.6,15935.4,15935.9,0.5,1077.340016
2026-05-27T10:10:00+00:00,15935.55,15936.85,15934.75,15936.4,15935.3,15935.8,15936.7,15937,15934.5,15935,15936.2,15936.6,0.4,595.4500098
2026-05-27T10:20:00+00:00,15936.5,15939.25,15935.75,15937.8,15936.3,15936.7,15939,15939.5,15935.6,15935.9,15937.6,15938,0.4,697.610011
2026-05-27T10:30:00+00:00,15937.95,15939.2,15936.45,15938.7,15937.8,15938.1,15939,15939.4,15936.2,15936.7,15938.5,15938.9,0.4,542.5000077
2026-05-27T10:40:00+00:00,15938.85,15939,15937.9,15938.05,15938.6,15939.1,15938.8,15939.2,15937.7,15938.1,15937.8,15938.3,0.5,555.1500092
2026-05-27T10:50:00+00:00,15938.15,15939.2,15937.45,15938.5,15937.9,15938.4,15939,15939.4,15937.3,15937.6,15938.3,15938.7,0.4,521.8500084
2026-05-27T11:00:00+00:00,15938.7,15940.55,15937.45,15939.8,15938.5,15938.9,15940.3,15940.8,15937.3,15937.6,15939.7,15939.9,0.2,762.5200108
2026-05-27T11:10:00+00:00,15939.85,15941.2,15938.3,15940.3,15939.7,15940,15941,15941.4,15938.2,15938.4,15940.1,15940.5,0.4,505.8600107
2026-05-27T11:20:00+00:00,15940.25,15942.1,15939.85,15942,15940.1,15940.4,15942,15942.2,15939.7,15940,15941.8,15942.2,0.4,530.3200109
2026-05-27T11:30:00+00:00,15942.1,15944.8,15941,15942,15941.9,15942.3,15944.6,15945,15940.8,15941.2,15941.8,15942.2,0.4,830.0700119
2026-05-27T11:40:00+00:00,15941.95,15943.55,15941.75,15943.35,15941.7,15942.2,15943.4,15943.7,15941.6,15941.9,15943.1,15943.6,0.5,1036.440008
2026-05-27T11:50:00+00:00,15943.45,15944.95,15943.15,15943.35,15943.1,15943.8,15944.8,15945.1,15942.9,15943.4,15943.1,15943.6,0.5,1869.870027
2026-05-27T12:00:00+00:00,15943.15,15944.65,15941.6,15942,15943,15943.3,15944.5,15944.8,15941.4,15941.8,15941.8,15942.2,0.4,1633.690027
2026-05-27T12:10:00+00:00,15942.05,15944.85,15933.05,15940.85,15941.9,15942.2,15944.7,15945,15932.9,15933.2,15940.5,15941.2,0.7,3566.710057
2026-05-27T12:20:00+00:00,15941.15,15941.75,15924.7,15933,15941.1,15941.2,15941.5,15942,15924.5,15924.9,15932.8,15933.2,0.4,7850.490134
2026-05-27T12:30:00+00:00,15933.1,15935.75,15929.25,15934.3,15933,15933.2,15935.5,15936,15929,15929.5,15934.1,15934.5,0.4,3737.440069
2026-05-27T12:40:00+00:00,15934.2,15939.65,15933.7,15937.55,15934.1,15934.3,15939.4,15939.9,15933.5,15933.9,15937.4,15937.7,0.3,2409.900045
2026-05-27T12:50:00+00:00,15937.65,15942.35,15936.95,15941.8,15937.5,15937.8,15942.2,15942.5,15936.8,15937.1,15941.6,15942,0.4,1413.530022
2026-05-27T13:00:00+00:00,15941.8,15942.8,15939.05,15941.95,15941.6,15942,15942.6,15943,15938.9,15939.2,15941.8,15942.1,0.3,2426.290039
2026-05-27T13:10:00+00:00,15942.05,15942.15,15940.35,15940.9,15941.8,15942.3,15941.9,15942.4,15940.2,15940.5,15940.7,15941.1,0.4,1592.640025
2026-05-27T13:20:00+00:00,15941.05,15943,15940.25,15941.95,15940.9,15941.2,15942.8,15943.2,15940.1,15940.4,15941.8,15942.1,0.3,1913.27003
2026-05-27T13:30:00+00:00,15942.05,15943.6,15940.9,15942.2,15941.8,15942.3,15943.4,15943.8,15940.7,15941.1,15942,15942.4,0.4,1607.970028
2026-05-27T13:40:00+00:00,15942.1,15942.5,15938.55,15940.7,15941.9,15942.3,15942.3,15942.7,15938.3,15938.8,15940.5,15940.9,0.4,2373.400039
2026-05-27T13:50:00+00:00,15940.7,15941.85,15938.5,15938.5,15940.5,15940.9,15941.7,15942,15938.3,15938.7,15938.3,15938.7,0.4,2572.70005
2026-05-27T14:00:00+00:00,15938.4,15941.45,15937.6,15940.5,15938.2,15938.6,15941.2,15941.7,15937.4,15937.8,15940.2,15940.8,0.6,1725.690025
2026-05-27T14:10:00+00:00,15940.5,15940.7,15937.05,15938.3,15940.3,15940.7,15940.4,15941,15936.9,15937.2,15938.1,15938.5,0.4,1706.760025
2026-05-27T14:20:00+00:00,15938.2,15941.1,15937.25,15939.55,15938,15938.4,15940.9,15941.3,15937.1,15937.4,15939.4,15939.7,0.3,2178.220034
2026-05-27T14:30:00+00:00,15939.3,15945.1,15938.1,15942.75,15939.2,15939.4,15944.9,15945.3,15937.9,15938.3,15942.6,15942.9,0.3,3571.300051
2026-05-27T14:40:00+00:00,15942.55,15947.05,15940.35,15946.5,15942.4,15942.7,15946.8,15947.3,15940.1,15940.6,15946.4,15946.6,0.2,2589.270034
2026-05-27T14:50:00+00:00,15946.7,15951.15,15945.55,15951,15946.4,15947,15950.9,15951.4,15945.3,15945.8,15950.7,15951.3,0.6,7501.590093
2026-05-27T15:00:00+00:00,15951.05,15953.7,15945.9,15946.8,15950.8,15951.3,15953.5,15953.9,15945.6,15946.2,15946.6,15947,0.4,4806.120053
2026-05-27T15:10:00+00:00,15946.9,15949.3,15945.25,15948.35,15946.8,15947,15949.2,15949.4,15945.1,15945.4,15948.2,15948.5,0.3,1609.480029
2026-05-27T15:20:00+00:00,15948.4,15949.15,15945.95,15947.15,15948.3,15948.5,15949,15949.3,15945.8,15946.1,15946.9,15947.4,0.5,1436.140023
2026-05-27T15:30:00+00:00,15946.9,15947.5,15943.65,15946.05,15946.7,15947.1,15947.3,15947.7,15943.4,15943.9,15945.9,15946.2,0.3,2194.160035
2026-05-27T15:40:00+00:00,15946,15950.5,15945.55,15949.75,15945.8,15946.2,15950.3,15950.7,15945.4,15945.7,15949.6,15949.9,0.3,1411.430028
2026-05-27T15:50:00+00:00,15949.85,15950.4,15947.3,15947.4,15949.6,15950.1,15950.2,15950.6,15947.1,15947.5,15947.2,15947.6,0.4,800.8200155
2026-05-27T16:00:00+00:00,15947.1,15952.65,15946.95,15951.85,15946.9,15947.3,15952.5,15952.8,15946.8,15947.1,15951.7,15952,0.3,1662.82003
2026-05-27T16:10:00+00:00,15952,15952,15949.7,15949.8,15951.8,15952.2,15951.8,15952.2,15949.6,15949.8,15949.7,15949.9,0.2,589.3200097
2026-05-27T16:20:00+00:00,15949.75,15950.65,15948.5,15950.5,15949.6,15949.9,15950.4,15950.9,15948.3,15948.7,15950.1,15950.9,0.8,582.2300082
2026-05-27T16:30:00+00:00,15950.45,15951.95,15950.05,15950.15,15950.2,15950.7,15951.8,15952.1,15949.9,15950.2,15950,15950.3,0.3,570.6900121
2026-05-27T16:40:00+00:00,15950,15950.1,15948.5,15949.45,15949.8,15950.2,15949.9,15950.3,15948.3,15948.7,15949.3,15949.6,0.3,268.7200067
2026-05-27T16:50:00+00:00,15949.4,15950.6,15949.15,15949.8,15949.2,15949.6,15950.4,15950.8,15949,15949.3,15949.6,15950,0.4,527.8600099
2026-05-27T17:00:00+00:00,15949.75,15954.6,15949.6,15954.05,15949.5,15950,15954.4,15954.8,15949.4,15949.8,15953.9,15954.2,0.3,1142.24002
2026-05-27T17:10:00+00:00,15954.1,15955.85,15953.75,15955.55,15954,15954.2,15955.6,15956.1,15953.6,15953.9,15955.4,15955.7,0.3,1284.420016
2026-05-27T17:20:00+00:00,15955.15,15957.95,15955.05,15957.05,15955,15955.3,15957.8,15958.1,15954.8,15955.3,15956.9,15957.2,0.3,459.0100095
2026-05-27T17:30:00+00:00,15957.1,15957.55,15954.2,15955.05,15957,15957.2,15957.5,15957.6,15954.1,15954.3,15955,15955.1,0.1,673.3500133
2026-05-27T17:40:00+00:00,15955,15955.7,15951.95,15953,15954.9,15955.1,15955.6,15955.8,15951.6,15952.3,15952.7,15953.3,0.6,806.8500167
2026-05-27T17:50:00+00:00,15953.1,15953.2,15951.6,15952.5,15952.9,15953.3,15953,15953.4,15951.5,15951.7,15952.3,15952.7,0.4,633.6200132
2026-05-27T18:00:00+00:00,15952.75,15954.6,15951.95,15954.3,15952.6,15952.9,15954.4,15954.8,15951.8,15952.1,15954,15954.6,0.6,559.6300112
2026-05-27T18:10:00+00:00,15954.25,15955.8,15953.5,15954.7,15954,15954.5,15955.7,15955.9,15953.3,15953.7,15954.5,15954.9,0.4,499.3600103
2026-05-27T18:20:00+00:00,15954.6,15954.9,15952.35,15953.25,15954.4,15954.8,15954.6,15955.2,15952.2,15952.5,15953.1,15953.4,0.3,482.7600061
2026-05-27T18:30:00+00:00,15953.3,15954.75,15952.2,15953.7,15953.1,15953.5,15954.5,15955,15952,15952.4,15953.5,15953.9,0.4,593.2900124
2026-05-27T18:40:00+00:00,15953.85,15953.85,15951.9,15951.95,15953.7,15954,15953.7,15954,15951.7,15952.1,15951.8,15952.1,0.3,385.1800077
2026-05-27T18:50:00+00:00,15952.05,15952.85,15949.5,15950.55,15951.9,15952.2,15952.7,15953,15949.3,15949.7,15950.2,15950.9,0.7,651.0700089
2026-05-27T19:00:00+00:00,15950.7,15952,15950.2,15951,15950.5,15950.9,15951.7,15952.3,15950,15950.4,15950.8,15951.2,0.4,475.1200067
2026-05-27T19:10:00+00:00,15951.2,15953.25,15951.15,15952.85,15951.1,15951.3,15953.1,15953.4,15951,15951.3,15952.7,15953,0.3,332.4000057
2026-05-27T19:20:00+00:00,15952.8,15953,15952.05,15952.25,15952.6,15953,15952.8,15953.2,15951.9,15952.2,15952.1,15952.4,0.3,375.3000064
2026-05-27T19:30:00+00:00,15952.4,15953.15,15950.85,15951.9,15952.2,15952.6,15953,15953.3,15950.7,15951,15951.7,15952.1,0.4,523.1400106
2026-05-27T19:40:00+00:00,15952,15953.55,15952,15953.4,15951.7,15952.3,15953.4,15953.7,15951.7,15952.3,15953.3,15953.5,0.2,328.0700054
2026-05-27T19:50:00+00:00,15953.55,15955.25,15953.4,15954.05,15953.4,15953.7,15955,15955.5,15953.2,15953.6,15953.9,15954.2,0.3,493.5300106
2026-05-27T20:00:00+00:00,15954.1,15954.2,15951.4,15951.75,15954,15954.2,15954,15954.4,15951.1,15951.7,15951.6,15951.9,0.3,828.370011
2026-05-27T20:10:00+00:00,15951.65,15953.65,15950.4,15953.5,15951.4,15951.9,15953.4,15953.9,15950.1,15950.7,15953.3,15953.7,0.4,449.0700077
2026-05-27T20:20:00+00:00,15953.45,15953.75,15952.25,15952.65,15953.2,15953.7,15953.5,15954,15952.1,15952.4,15952.3,15953,0.7,348.640007
2026-05-27T20:30:00+00:00,15952.6,15953.55,15952.2,15952.75,15952.3,15952.9,15953.3,15953.8,15951.9,15952.5,15952.4,15953.1,0.7,623.2400069
2026-05-27T20:40:00+00:00,15952.7,15953.85,15952.05,15953.8,15952.4,15953,15953.5,15954.2,15951.8,15952.3,15953.5,15954.1,0.6,459.850009
2026-05-27T20:50:00+00:00,15953.7,15954,15951.55,15952.8,15953.3,15954.1,15953.7,15954.3,15950.7,15952.4,15951.3,15954.3,3,1123.060017
2026-05-27T21:00:00+00:00,15952.1,15953.15,15946.5,15946.95,15950.3,15953.9,15950.3,15956,15941.7,15951.3,15942.3,15951.6,9.3,76.36000085
2026-05-27T21:10:00+00:00,15947.2,15949.5,15946.1,15947.1,15942.8,15951.6,15945.9,15953.1,15942,15950.2,15942.1,15952.1,10,73.38000041
2026-05-27T21:20:00+00:00,15947.15,15949,15946.4,15947.35,15944.1,15950.2,15945.9,15952.1,15942.6,15950.2,15944.4,15950.3,5.9,105.7500014
2026-05-27T21:30:00+00:00,15948.05,15948.5,15945.65,15945.8,15945.8,15950.3,15945.8,15951.2,15943.8,15947.5,15944.1,15947.5,3.4,206.1200048
2026-05-27T21:40:00+00:00,15945.85,15947.25,15944.95,15946.1,15944.1,15947.6,15944.8,15949.7,15942.4,15947.5,15944.7,15947.5,2.8,66.48000085
2026-05-27T21:50:00+00:00,15946.15,15948.45,15945.3,15947.85,15944.7,15947.6,15947,15949.9,15943.5,15947.1,15946.7,15949,2.3,256.6500017
2026-05-27T22:00:00+00:00,15947.7,15950.95,15947,15949.25,15946.4,15949,15950.3,15951.6,15946.2,15947.8,15948.8,15949.7,0.9,414.7899973
2026-05-27T22:10:00+00:00,15949.5,15951.15,15948.15,15949.35,15949.1,15949.9,15950.8,15951.5,15947.7,15948.6,15949.2,15949.5,0.3,212.7400039
2026-05-27T22:20:00+00:00,15949.4,15949.6,15947.35,15949.5,15949.2,15949.6,15949.2,15950,15947,15947.7,15949,15950,1,213.220005
2026-05-27T22:30:00+00:00,15949.35,15951.1,15949.15,15949.35,15949.1,15949.6,15950.8,15951.4,15948.9,15949.4,15949,15949.7,0.7,219.8200058
2026-05-27T22:40:00+00:00,15949.4,15951,15948.35,15950.75,15949.1,15949.7,15950.6,15951.4,15948,15948.7,15950.4,15951.1,0.7,198.6700039
2026-05-27T22:50:00+00:00,15950.8,15951.8,15950.3,15950.4,15950.4,15951.2,15951.5,15952.1,15949.9,15950.7,15950,15950.8,0.8,207.5300043
2026-05-27T23:00:00+00:00,15950.7,15951.25,15950.45,15950.75,15950.3,15951.1,15951,15951.5,15950.2,15950.7,15950.5,15951,0.5,59.85000205
2026-05-27T23:10:00+00:00,15950.65,15951.35,15949.55,15950.6,15950.4,15950.9,15951.2,15951.5,15949.3,15949.8,15950.2,15951,0.8,153.6000031
2026-05-27T23:20:00+00:00,15950.75,15954.8,15950.75,15954.35,15950.5,15951,15954.5,15955.1,15950.5,15951,15954.1,15954.6,0.5,658.7900124
2026-05-27T23:30:00+00:00,15954.8,15955.55,15952.5,15954.25,15954.6,15955,15955.3,15955.8,15952.1,15952.9,15954,15954.5,0.5,669.5600102
2026-05-27T23:40:00+00:00,15954.55,15955.95,15954.4,15955.5,15954.4,15954.7,15955.7,15956.2,15954.1,15954.7,15955.2,15955.8,0.6,292.1900048
2026-05-27T23:50:00+00:00,15955.45,15957.8,15955.45,15957.15,15955,15955.9,15957.6,15958,15955,15955.9,15956.9,15957.4,0.5,417.8800092
2026-05-28T00:00:00+00:00,15957.4,15958.35,15955.35,15955.35,15957.2,15957.6,15958.1,15958.6,15955.1,15955.6,15955.1,15955.6,0.5,843.300014
2026-05-28T00:10:00+00:00,15955.45,15957.65,15955.25,15956.95,15955.3,15955.6,15957.3,15958,15955,15955.5,15956.7,15957.2,0.5,747.3700103
2026-05-28T00:20:00+00:00,15956.85,15957,15954.55,15955.05,15956.6,15957.1,15956.8,15957.2,15954.3,15954.8,15954.7,15955.4,0.7,643.910015
2026-05-28T00:30:00+00:00,15954.95,15959.05,15954.95,15959.05,15954.7,15955.2,15958.8,15959.3,15954.7,15955.2,15958.8,15959.3,0.5,811.3500155
2026-05-28T00:40:00+00:00,15958.85,15959.45,15956.5,15959.15,15958.6,15959.1,15959.2,15959.7,15956.3,15956.7,15958.8,15959.5,0.7,789.6000144
2026-05-28T00:50:00+00:00,15959.35,15960.2,15955.5,15955.8,15959.1,15959.6,15959.9,15960.5,15955.2,15955.8,15955.5,15956.1,0.6,1969.220026
2026-05-28T01:00:00+00:00,15956,15957.9,15955.55,15956.4,15955.8,15956.2,15957.6,15958.2,15955.3,15955.8,15956.2,15956.6,0.4,1096.470014
2026-05-28T01:10:00+00:00,15956.45,15956.45,15953.95,15954.3,15956.2,15956.7,15956.2,15956.7,15953.7,15954.2,15954,15954.6,0.6,985.1200144
2026-05-28T01:20:00+00:00,15954.2,15955.75,15954.15,15955.4,15954,15954.4,15955.6,15955.9,15953.9,15954.4,15955.1,15955.7,0.6,434.9200062
2026-05-28T01:30:00+00:00,15955.25,15956.9,15953.95,15956.15,15955,15955.5,15956.6,15957.2,15953.7,15954.2,15955.9,15956.4,0.5,398.9800063
2026-05-28T01:40:00+00:00,15956.25,15959.05,15956.25,15957.85,15956,15956.5,15958.8,15959.3,15956,15956.5,15957.5,15958.2,0.7,520.0100102
2026-05-28T01:50:00+00:00,15957.95,15959.2,15957.35,15958.95,15957.7,15958.2,15959,15959.4,15957.2,15957.5,15958.7,15959.2,0.5,516.3300083
2026-05-28T02:00:00+00:00,15958.85,15960.3,15957.85,15959.2,15958.5,15959.2,15960.1,15960.5,15957.6,15958.1,15959,15959.4,0.4,717.0000128
2026-05-28T02:10:00+00:00,15959.3,15959.3,15955.5,15955.5,15959,15959.6,15959,15959.6,15955.3,15955.7,15955.3,15955.7,0.4,289.4800066
2026-05-28T02:20:00+00:00,15955.4,15955.4,15953,15953.9,15955.2,15955.6,15955.2,15955.6,15952.8,15953.2,15953.7,15954.1,0.4,297.600005
2026-05-28T02:30:00+00:00,15953.75,15955.6,15952.45,15953.9,15953.6,15953.9,15955.3,15955.9,15952.4,15952.5,15953.7,15954.1,0.4,365.4000049
2026-05-28T02:40:00+00:00,15954,15956.75,15954,15956.5,15953.8,15954.2,15956.5,15957,15953.8,15954.2,15956.3,15956.7,0.4,555.3000122
2026-05-28T02:50:00+00:00,15956.4,15958.15,15955.75,15955.85,15956.2,15956.6,15958,15958.3,15955.6,15955.9,15955.8,15955.9,0.1,610.9400107
2026-05-28T03:00:00+00:00,15955.8,15955.95,15954,15955,15955.7,15955.9,15955.9,15956,15953.7,15954.3,15954.5,15955.5,1,1012.470013
2026-05-28T03:10:00+00:00,15954.75,15958.7,15954.75,15957.9,15954.4,15955.1,15958.5,15958.9,15954.4,15955.1,15957.7,15958.1,0.4,1133.790016
2026-05-28T03:20:00+00:00,15957.8,15958.95,15957.4,15958.6,15957.6,15958,15958.7,15959.2,15957.2,15957.6,15958.4,15958.8,0.4,813.0200119
2026-05-28T03:30:00+00:00,15958.55,15963.2,15958.5,15961.8,15958.4,15958.7,15963,15963.4,15958.3,15958.7,15961.6,15962,0.4,1159.760023
2026-05-28T03:40:00+00:00,15961.6,15964.9,15960.8,15964.2,15961.4,15961.8,15964.6,15965.2,15960.5,15961.1,15964,15964.4,0.4,1317.570019
2026-05-28T03:50:00+00:00,15964.1,15965.3,15961.7,15961.8,15963.8,15964.4,15965.1,15965.5,15961.4,15962,15961.6,15962,0.4,973.7000111
2026-05-28T04:00:00+00:00,15961.9,15961.95,15956.15,15956.35,15961.8,15962,15961.8,15962.1,15956,15956.3,15956,15956.7,0.7,1279.91002
2026-05-28T04:10:00+00:00,15956.4,15957.7,15952.65,15956.95,15956.1,15956.7,15957.4,15958,15952.4,15952.9,15956.7,15957.2,0.5,1870.920026
2026-05-28T04:20:00+00:00,15956.8,15956.95,15955.25,15956.5,15956.5,15957.1,15956.7,15957.2,15955,15955.5,15956.3,15956.7,0.4,1041.750016
2026-05-28T04:30:00+00:00,15956.4,15958.35,15954,15957.9,15956.2,15956.6,15958.1,15958.6,15953.8,15954.2,15957.7,15958.1,0.4,447.7500076
2026-05-28T04:40:00+00:00,15957.75,15959.45,15957.7,15958.95,15957.5,15958,15959.2,15959.7,15957.5,15957.9,15958.7,15959.2,0.5,350.4600043
2026-05-28T04:50:00+00:00,15959,15959.55,15957.1,15957.8,15958.8,15959.2,15959.2,15959.9,15956.9,15957.3,15957.5,15958.1,0.6,576.6400075
2026-05-28T05:00:00+00:00,15957.75,15958.15,15955.8,15956.45,15957.5,15958,15957.9,15958.4,15955.7,15955.9,15956.2,15956.7,0.5,757.2400099
2026-05-28T05:10:00+00:00,15956.55,15956.75,15954.9,15955.45,15956.3,15956.8,15956.6,15956.9,15954.7,15955.1,15955.2,15955.7,0.5,628.2500088
2026-05-28T05:20:00+00:00,15955.55,15957.75,15955.35,15956.75,15955.3,15955.8,15957.5,15958,15955.1,15955.6,15956.4,15957.1,0.7,438.9500071
2026-05-28T05:30:00+00:00,15956.65,15956.8,15954.05,15954.1,15956.4,15956.9,15956.6,15957,15953.8,15954.3,15953.9,15954.3,0.4,644.79001
2026-05-28T05:40:00+00:00,15954,15955,15953.3,15954.35,15953.8,15954.2,15954.9,15955.1,15953.1,15953.5,15954.2,15954.5,0.3,599.4000101
2026-05-28T05:50:00+00:00,15954.45,15956.75,15954.3,15955.8,15954.2,15954.7,15956.4,15957.1,15954.1,15954.5,15955.6,15956,0.4,405.0000106
2026-05-28T06:00:00+00:00,15955.6,15957.35,15953.15,15954.25,15955.4,15955.8,15957.1,15957.6,15952.9,15953.4,15954.1,15954.4,0.3,1457.920019
2026-05-28T06:10:00+00:00,15954.2,15954.6,15951.5,15952.25,15954,15954.4,15954.3,15954.9,15951.2,15951.8,15952,15952.5,0.5,940.4000131
2026-05-28T06:20:00+00:00,15952.25,15952.3,15950.7,15952.1,15952,15952.5,15952.1,15952.5,15950.5,15950.9,15951.9,15952.3,0.4,1200.820017
2026-05-28T06:30:00+00:00,15952.4,15953.4,15947.35,15948.05,15952.3,15952.5,15953.2,15953.6,15947.1,15947.6,15947.8,15948.3,0.5,1537.370016
2026-05-28T06:40:00+00:00,15948.1,15949.85,15947.2,15947.9,15947.8,15948.4,15949.5,15950.2,15946.9,15947.5,15947.7,15948.1,0.4,1202.340013
2026-05-28T06:50:00+00:00,15947.95,15949.45,15947.3,15949.15,15947.7,15948.2,15949.2,15949.7,15947.1,15947.5,15948.9,15949.4,0.5,1174.49001
2026-05-28T07:00:00+00:00,15948.95,15949.7,15944.2,15948.2,15948.6,15949.3,15949.5,15949.9,15944,15944.4,15947.9,15948.5,0.6,1589.140022
2026-05-28T07:10:00+00:00,15948.15,15949.6,15946.35,15947.95,15947.9,15948.4,15949.4,15949.8,15946.1,15946.6,15947.8,15948.1,0.3,1511.890012
2026-05-28T07:20:00+00:00,15947.9,15951.4,15946.75,15950.75,15947.8,15948,15951.3,15951.5,15946.5,15947,15950.6,15950.9,0.3,1713.990017
2026-05-28T07:30:00+00:00,15950.7,15952.4,15949.05,15951.45,15950.5,15950.9,15952.2,15952.6,15948.8,15949.3,15951.2,15951.7,0.5,1274.530016
2026-05-28T07:40:00+00:00,15951.75,15951.95,15948.3,15950.2,15951.5,15952,15951.7,15952.2,15948.1,15948.5,15949.9,15950.5,0.6,747.150013
2026-05-28T07:50:00+00:00,15950.1,15951.3,15947.15,15947.9,15949.9,15950.3,15951.1,15951.5,15947,15947.3,15947.7,15948.1,0.4,1140.310018
2026-05-28T08:00:00+00:00,15947.7,15947.7,15945.1,15945.65,15947.5,15947.9,15947.5,15947.9,15945,15945.2,15945.4,15945.9,0.5,1390.94002
2026-05-28T08:10:00+00:00,15945.7,15951.8,15945.45,15950.55,15945.5,15945.9,15951.5,15952.1,15945.3,15945.6,15950.3,15950.8,0.5,1205.810017
2026-05-28T08:20:00+00:00,15950.3,15952.65,15948.55,15950.3,15950.1,15950.5,15952.4,15952.9,15948.3,15948.8,15950.1,15950.5,0.4,1237.310012
2026-05-28T08:30:00+00:00,15950.35,15951.4,15948.3,15948.3,15950.1,15950.6,15951.2,15951.6,15948,15948.6,15948,15948.6,0.6,1291.040015
2026-05-28T08:40:00+00:00,15948.4,15949.15,15945.95,15946.35,15948.1,15948.7,15949,15949.3,15945.7,15946.2,15946.1,15946.6,0.5,664.4800117
2026-05-28T08:50:00+00:00,15946.4,15947.1,15945.35,15945.8,15946.2,15946.6,15946.9,15947.3,15945.1,15945.6,15945.6,15946,0.4,584.9200088
2026-05-28T09:00:00+00:00,15945.75,15946.15,15944.45,15945.5,15945.6,15945.9,15945.9,15946.4,15944.3,15944.6,15945.3,15945.7,0.4,869.790011
2026-05-28T09:10:00+00:00,15945.55,15947,15939.65,15940.35,15945.3,15945.8,15946.8,15947.2,15939.5,15939.8,15940.1,15940.6,0.5,1267.680014
2026-05-28T09:20:00+00:00,15940.25,15940.5,15938.3,15939.5,15940,15940.5,15940.3,15940.7,15938,15938.6,15939.3,15939.7,0.4,707.2600135
2026-05-28T09:30:00+00:00,15939.8,15942.75,15939.6,15941.25,15939.6,15940,15942.5,15943,15939.4,15939.8,15941,15941.5,0.5,788.9000109
2026-05-28T09:40:00+00:00,15941.35,15941.55,15939.1,15940.5,15941.2,15941.5,15941.3,15941.8,15938.9,15939.3,15940.3,15940.7,0.4,801.3700128
2026-05-28T09:50:00+00:00,15940.55,15942,15939.1,15941.7,15940.4,15940.7,15941.8,15942.2,15938.9,15939.3,15941.5,15941.9,0.4,640.4900137
2026-05-28T10:00:00+00:00,15941.7,15942.2,15938.9,15939.6,15941.5,15941.9,15942.1,15942.3,15938.7,15939.1,15939.4,15939.8,0.4,571.6500109
2026-05-28T10:10:00+00:00,15939.4,15940.8,15938,15939.6,15939.2,15939.6,15940.6,15941,15937.8,15938.2,15939.4,15939.8,0.4,610.2800121
2026-05-28T10:20:00+00:00,15939.45,15940.65,15939,15939.15,15939.3,15939.6,15940.4,15940.9,15938.9,15939.1,15939,15939.3,0.3,661.1200128
2026-05-28T10:30:00+00:00,15939.2,15940.55,15939.15,15940.3,15939,15939.4,15940.3,15940.8,15939,15939.3,15940.1,15940.5,0.4,357.1300069
2026-05-28T10:40:00+00:00,15940.4,15945.7,15940.4,15942.05,15940.2,15940.6,15945.5,15945.9,15940.2,15940.6,15941.9,15942.2,0.3,955.0900135
2026-05-28T10:50:00+00:00,15942.05,15946.7,15941.8,15946.7,15941.8,15942.3,15946.5,15946.9,15941.5,15942.1,15946.5,15946.9,0.4,1956.830036
2026-05-28T11:00:00+00:00,15946.8,15946.95,15942.25,15943.9,15946.6,15947,15946.7,15947.2,15942.1,15942.4,15943.7,15944.1,0.4,1859.220031
2026-05-28T11:10:00+00:00,15943.95,15945.75,15942.8,15943,15943.8,15944.1,15945.6,15945.9,15942.6,15943,15942.8,15943.2,0.4,1317.990024
2026-05-28T11:20:00+00:00,15942.95,15945.9,15941.8,15945.6,15942.8,15943.1,15945.8,15946,15941.6,15942,15945.4,15945.8,0.4,598.9100111
2026-05-28T11:30:00+00:00,15945.65,15946.25,15944.6,15945.45,15945.5,15945.8,15946.1,15946.4,15944.4,15944.8,15945.3,15945.6,0.3,341.1600065
2026-05-28T11:40:00+00:00,15945.5,15945.8,15944.2,15945.1,15945.3,15945.7,15945.6,15946,15944,15944.4,15944.9,15945.3,0.4,865.5400118
2026-05-28T11:50:00+00:00,15945.15,15946.9,15944.65,15946.35,15945,15945.3,15946.7,15947.1,15944.5,15944.8,15946.3,15946.4,0.1,1550.54003
2026-05-28T12:00:00+00:00,15946.1,15946.2,15943.65,15945.05,15945.9,15946.3,15946,15946.4,15943.4,15943.9,15944.8,15945.3,0.5,1657.710027
2026-05-28T12:10:00+00:00,15944.9,15945.7,15941.7,15943.8,15944.7,15945.1,15945.5,15945.9,15941.5,15941.9,15943.6,15944,0.4,1303.340022
2026-05-28T12:20:00+00:00,15943.5,15944.2,15940.85,15942.15,15943.3,15943.7,15944,15944.4,15940.6,15941.1,15941.5,15942.8,1.3,1314.810019
2026-05-28T12:30:00+00:00,15942.25,15942.45,15932.65,15935.75,15941.5,15943,15941.5,15943.4,15932.2,15933.1,15935.5,15936,0.5,3938.720063
2026-05-28T12:40:00+00:00,15935.7,15936.7,15933.55,15934.6,15935.5,15935.9,15936.5,15936.9,15933.3,15933.8,15934.4,15934.8,0.4,2138.780028
2026-05-28T12:50:00+00:00,15934.65,15937.5,15931.6,15936.9,15934.4,15934.9,15937.3,15937.7,15931.4,15931.8,15936.7,15937.1,0.4,1920.62003
2026-05-28T13:00:00+00:00,15936.85,15936.85,15932.3,15935.25,15936.6,15937.1,15936.6,15937.1,15932.1,15932.5,15935,15935.5,0.5,2409.060035
2026-05-28T13:10:00+00:00,15935.15,15940.1,15935.1,15938.8,15934.8,15935.5,15939.9,15940.3,15934.8,15935.4,15938.6,15939,0.4,1679.42002
2026-05-28T13:20:00+00:00,15938.35,15939.65,15937.45,15939,15938.2,15938.5,15939.4,15939.9,15937.2,15937.7,15938.8,15939.2,0.4,1481.060019
2026-05-28T13:30:00+00:00,15938.75,15941.8,15938.3,15941.6,15938.6,15938.9,15941.6,15942,15938.1,15938.5,15941.4,15941.8,0.4,1863.110021
2026-05-28T13:40:00+00:00,15941.8,15943.7,15940.25,15942.6,15941.6,15942,15943.4,15944,15940,15940.5,15942.4,15942.8,0.4,1800.610025
2026-05-28T13:50:00+00:00,15942.8,15945.95,15940.25,15945.35,15942.6,15943,15945.8,15946.1,15940.1,15940.4,15944.9,15945.8,0.9,1355.350021
2026-05-28T14:00:00+00:00,15945.55,15949.3,15945.35,15946.1,15945.2,15945.9,15949.1,15949.5,15944.8,15945.9,15945.9,15946.3,0.4,1803.030027
2026-05-28T14:10:00+00:00,15945.9,15947.85,15918.45,15926.5,15945.7,15946.1,15947.6,15948.1,15918,15918.9,15926.2,15926.8,0.6,8061.440144
2026-05-28T14:20:00+00:00,15926.45,15933.65,15923.45,15924.25,15926.2,15926.7,15933.5,15933.8,15923.2,15923.7,15924,15924.5,0.5,4336.38007
2026-05-28T14:30:00+00:00,15924.4,15934.1,15921.65,15929.9,15924.1,15924.7,15933.8,15934.4,15921.3,15922,15929.7,15930.1,0.4,6746.090096
2026-05-28T14:40:00+00:00,15929.75,15930.1,15920.35,15927.5,15929.5,15930,15930,15930.2,15920.1,15920.6,15927.3,15927.7,0.4,6290.880086
2026-05-28T14:50:00+00:00,15927.1,15929.4,15922.5,15922.6,15926.9,15927.3,15929.2,15929.6,15922.3,15922.7,15922.4,15922.8,0.4,5399.470062
2026-05-28T15:00:00+00:00,15922.5,15924,15918.8,15920.25,15922.3,15922.7,15923.7,15924.3,15918.6,15919,15920.1,15920.4,0.3,3594.860055
2026-05-28T15:10:00+00:00,15920.15,15922.4,15918.4,15922.3,15920,15920.3,15922.2,15922.6,15918.2,15918.6,15922.1,15922.5,0.4,1801.740028
2026-05-28T15:20:00+00:00,15922.15,15924.15,15920.2,15921.05,15922,15922.3,15924,15924.3,15920,15920.4,15920.9,15921.2,0.3,1482.190023
2026-05-28T15:30:00+00:00,15920.85,15926.85,15919.9,15926.8,15920.7,15921,15926.6,15927.1,15919.7,15920.1,15926.5,15927.1,0.6,1730.410033
2026-05-28T15:40:00+00:00,15926.85,15929.65,15926.6,15928.8,15926.7,15927,15929.5,15929.8,15926.4,15926.8,15928.6,15929,0.4,1065.420022
2026-05-28T15:50:00+00:00,15928.7,15929.45,15926.85,15929.3,15928.5,15928.9,15929.3,15929.6,15926.7,15927,15929.1,15929.5,0.4,1279.820023
2026-05-28T16:00:00+00:00,15929.25,15933.9,15928.65,15928.8,15929.1,15929.4,15933.7,15934.1,15928.3,15929,15928.5,15929.1,0.6,1542.590028
2026-05-28T16:10:00+00:00,15928.75,15930.6,15923.75,15923.75,15928.4,15929.1,15930.4,15930.8,15923.6,15923.9,15923.6,15923.9,0.3,2939.530051
2026-05-28T16:20:00+00:00,15923.85,15924.2,15911.4,15917.3,15923.7,15924,15924.1,15924.3,15911.3,15911.5,15917.2,15917.4,0.2,2768.700049
2026-05-28T16:30:00+00:00,15917.4,15921.7,15917.4,15921.65,15917.3,15917.5,15921.5,15921.9,15917.3,15917.5,15921.4,15921.9,0.5,2620.670048
2026-05-28T16:40:00+00:00,15921.6,15921.65,15916.3,15918.6,15921.4,15921.8,15921.4,15921.9,15916.1,15916.5,15918.4,15918.8,0.4,1406.02003
2026-05-28T16:50:00+00:00,15918.65,15918.8,15915.15,15916.55,15918.4,15918.9,15918.6,15919,15914.9,15915.4,15916.4,15916.7,0.3,1993.440035
2026-05-28T17:00:00+00:00,15916.45,15919.9,15914.85,15916.75,15916.2,15916.7,15919.6,15920.2,15914.6,15915.1,15916.6,15916.9,0.3,1427.890018
2026-05-28T17:10:00+00:00,15916.7,15920.65,15916.25,15920.2,15916.5,15916.9,15920.5,15920.8,15916,15916.5,15920,15920.4,0.4,709.0500149
2026-05-28T17:20:00+00:00,15920.15,15924.1,15918.75,15924,15919.9,15920.4,15923.9,15924.3,15918.5,15919,15923.7,15924.3,0.6,592.7200116
2026-05-28T17:30:00+00:00,15923.9,15923.9,15919.95,15920.15,15923.7,15924.1,15923.7,15924.1,15919.8,15920.1,15919.9,15920.4,0.5,552.1500144
2026-05-28T17:40:00+00:00,15919.95,15921.3,15919.1,15921.1,15919.8,15920.1,15921.1,15921.5,15919,15919.2,15920.9,15921.3,0.4,552.0700111
2026-05-28T17:50:00+00:00,15921.25,15923.65,15919.85,15920.05,15921.1,15921.4,15923.5,15923.8,15919.7,15920,15919.9,15920.2,0.3,917.7800179
2026-05-28T18:00:00+00:00,15919.9,15921.65,15918.55,15919.8,15919.7,15920.1,15921.5,15921.8,15918.3,15918.8,15919.5,15920.1,0.6,1155.330024
2026-05-28T18:10:00+00:00,15919.9,15923.2,15917.5,15920,15919.7,15920.1,15923.1,15923.3,15917.3,15917.7,15919.9,15920.1,0.2,1737.050043
2026-05-28T18:20:00+00:00,15919.9,15925.55,15919.6,15925,15919.6,15920.2,15925.5,15925.6,15919.4,15919.8,15924.8,15925.2,0.4,2088.970028
2026-05-28T18:30:00+00:00,15925.1,15928.3,15925.05,15928.2,15924.9,15925.3,15928.2,15928.4,15924.9,15925.2,15928,15928.4,0.4,1375.940022
2026-05-28T18:40:00+00:00,15928.05,15928.45,15926.3,15926.65,15927.9,15928.2,15928.3,15928.6,15926.1,15926.5,15926.5,15926.8,0.3,1231.960013
2026-05-28T18:50:00+00:00,15926.75,15927.25,15924.75,15925.9,15926.7,15926.8,15927,15927.5,15924.5,15925,15925.7,15926.1,0.4,2075.600018
2026-05-28T19:00:00+00:00,15926,15928.55,15925.7,15928.45,15925.8,15926.2,15928.3,15928.8,15925.5,15925.9,15928.2,15928.7,0.5,971.3600178
2026-05-28T19:10:00+00:00,15928.2,15928.85,15926.35,15926.5,15928,15928.4,15928.6,15929.1,15926.2,15926.5,15926.3,15926.7,0.4,725.1000139
2026-05-28T19:20:00+00:00,15926.4,15926.5,15925.3,15925.35,15926.2,15926.6,15926.4,15926.6,15925.2,15925.4,15925.2,15925.5,0.3,267.0300072
2026-05-28T19:30:00+00:00,15925.4,15925.55,15921.25,15921.25,15925.2,15925.6,15925.3,15925.8,15921.1,15921.4,15921.1,15921.4,0.3,1055.420026
2026-05-28T19:40:00+00:00,15921.3,15922.65,15920.95,15921.4,15921.2,15921.4,15922.5,15922.8,15920.7,15921.2,15921.2,15921.6,0.4,783.410019
2026-05-28T19:50:00+00:00,15921.55,15925.2,15921.55,15924.9,15921.4,15921.7,15925.1,15925.3,15921.4,15921.7,15924.7,15925.1,0.4,947.1000203
2026-05-28T20:00:00+00:00,15924.75,15926.4,15923.95,15924.85,15924.5,15925,15926.1,15926.7,15923.7,15924.2,15924.6,15925.1,0.5,736.8400117
2026-05-28T20:10:00+00:00,15924.9,15926.25,15923.8,15925.8,15924.7,15925.1,15926,15926.5,15923.5,15924.1,15925.5,15926.1,0.6,600.9600116
2026-05-28T20:20:00+00:00,15925.55,15927.2,15925.05,15926.25,15925.3,15925.8,15926.9,15927.5,15924.8,15925.3,15925.9,15926.6,0.7,278.6200043
2026-05-28T20:30:00+00:00,15926.3,15927.5,15925,15926.45,15926,15926.6,15927.2,15927.8,15924.7,15925.3,15926.1,15926.8,0.7,252.0300046
2026-05-28T20:40:00+00:00,15926.25,15926.7,15925,15926.25,15925.9,15926.6,15926.4,15927,15924.7,15925.3,15925.9,15926.6,0.7,565.8000091
2026-05-28T20:50:00+00:00,15926.2,15926.4,15923.35,15924.05,15925.8,15926.6,15925.9,15926.9,15922.2,15924.5,15922.7,15925.4,2.7,568.9000067
2026-05-28T21:00:00+00:00,15924.1,15924.5,15920.7,15921.05,15922.7,15925.5,15922.7,15926.3,15917.9,15923.5,15918.4,15923.7,5.3,38.25000066
2026-05-28T21:10:00+00:00,15921.2,15921.65,15920.75,15921.25,15918.7,15923.7,15919.1,15924.2,15918.4,15923.1,15918.6,15923.9,5.3,60.60000229
2026-05-28T21:20:00+00:00,15921,15921.7,15920.55,15921.25,15918.6,15923.4,15919.4,15924,15918,15923.1,15918.8,15923.7,4.9,69.60000277
2026-05-28T21:30:00+00:00,15921.7,15926.05,15921.1,15925.4,15919.7,15923.7,15923.3,15928.8,15918.9,15923.3,15923,15927.8,4.8,738.7500168
2026-05-28T21:40:00+00:00,15925.15,15925.8,15923.45,15924.35,15923,15927.3,15923.2,15928.4,15920.8,15926.1,15922.5,15926.2,3.7,508.2000163
2026-05-28T21:50:00+00:00,15924.5,15925.7,15923.1,15925.35,15922.5,15926.5,15923.2,15928.2,15921,15925.2,15922.6,15928.1,5.5,199.9500051
2026-05-28T22:00:00+00:00,15925.2,15926.85,15921.9,15924.1,15922.5,15927.9,15925.8,15927.9,15921.1,15922.7,15923.8,15924.4,0.6,701.6500009
2026-05-28T22:10:00+00:00,15924.05,15924.6,15922.45,15924.6,15923.7,15924.4,15924.2,15925,15922,15922.9,15924.2,15925,0.8,297.910007
2026-05-28T22:20:00+00:00,15924.4,15925.65,15923.85,15925.3,15924,15924.8,15925.3,15926,15923.6,15924.1,15925,15925.6,0.6,270.3200055
2026-05-28T22:30:00+00:00,15925.3,15928,15925.3,15926.65,15925,15925.6,15927.7,15928.3,15925,15925.6,15926.4,15926.9,0.5,262.9900039
2026-05-28T22:40:00+00:00,15926.65,15927.85,15924.5,15925,15926.4,15926.9,15927.5,15928.2,15924.1,15924.9,15924.6,15925.4,0.8,343.6700041
2026-05-28T22:50:00+00:00,15925.1,15926.7,15923.9,15926.6,15924.7,15925.5,15926.3,15927.1,15923.5,15924.3,15926.2,15927,0.8,351.8300055
2026-05-28T23:00:00+00:00,15926.6,15926.8,15923.7,15925.35,15926.2,15927,15926.5,15927.1,15923.5,15923.9,15925.1,15925.6,0.5,488.5100121
2026-05-28T23:10:00+00:00,15925.3,15925.65,15924.25,15925.35,15925,15925.6,15925.4,15925.9,15924,15924.5,15925.1,15925.6,0.5,232.6400044
2026-05-28T23:20:00+00:00,15925.35,15925.4,15923.5,15924.05,15925,15925.7,15925.1,15925.7,15923.2,15923.8,15923.5,15924.6,1.1,287.0100039
2026-05-28T23:30:00+00:00,15924.1,15928.15,15922.65,15926.65,15923.5,15924.7,15927.5,15928.8,15922.3,15923,15926.4,15926.9,0.5,765.0100088
2026-05-28T23:40:00+00:00,15926.6,15927.8,15925.25,15926.45,15926.4,15926.8,15927.5,15928.1,15925,15925.5,15926,15926.9,0.9,439.2500046
2026-05-28T23:50:00+00:00,15926.4,15927.8,15922.35,15927.45,15926,15926.8,15927.4,15928.2,15922,15922.7,15927.2,15927.7,0.5,721.2700132
2026-05-29T00:00:00+00:00,15927.05,15930.8,15926.25,15930.7,15927,15927.1,15930.7,15930.9,15926,15926.5,15930.5,15930.9,0.4,1769.730024
2026-05-29T00:10:00+00:00,15931.15,15931.3,15926.45,15926.65,15931,15931.3,15931.1,15931.5,15926.2,15926.7,15926.5,15926.8,0.3,861.3500141
2026-05-29T00:20:00+00:00,15926.6,15928.85,15924.85,15927.7,15926.5,15926.7,15928.6,15929.1,15924.6,15925.1,15927.5,15927.9,0.4,1250.170015
2026-05-29T00:30:00+00:00,15927.75,15930.35,15927.75,15929.25,15927.5,15928,15930.2,15930.5,15927.5,15928,15929,15929.5,0.5,971.6300124
2026-05-29T00:40:00+00:00,15929.05,15929.35,15926.7,15928.55,15929,15929.1,15929.1,15929.6,15926.5,15926.9,15928.3,15928.8,0.5,702.0900153
2026-05-29T00:50:00+00:00,15928.6,15932.65,15927.4,15929.3,15928.3,15928.9,15932.5,15932.8,15927.2,15927.6,15929.1,15929.5,0.4,2130.570046
2026-05-29T01:00:00+00:00,15929.25,15931.9,15926.35,15927.8,15929.1,15929.4,15931.7,15932.1,15925.9,15926.8,15927.5,15928.1,0.6,1133.240022
2026-05-29T01:10:00+00:00,15927.8,15928.85,15925.45,15926,15927.5,15928.1,15928.5,15929.2,15925.1,15925.8,15925.8,15926.2,0.4,1233.650018
2026-05-29T01:20:00+00:00,15926.05,15928,15925.55,15927.55,15925.8,15926.3,15927.8,15928.2,15925.4,15925.7,15927.2,15927.9,0.7,970.2400134
2026-05-29T01:30:00+00:00,15927.65,15928.7,15927.25,15927.7,15927.4,15927.9,15928.4,15929,15927,15927.5,15927.6,15927.8,0.2,705.0200086
2026-05-29T01:40:00+00:00,15927.65,15932.9,15927.45,15932.4,15927.5,15927.8,15932.7,15933.1,15927.3,15927.6,15932.1,15932.7,0.6,768.4400101
2026-05-29T01:50:00+00:00,15932.5,15932.85,15931.25,15931.6,15932.3,15932.7,15932.7,15933,15931,15931.5,15931.5,15931.7,0.2,861.3600127
2026-05-29T02:00:00+00:00,15931.8,15932.3,15929.9,15931,15931.7,15931.9,15932,15932.6,15929.6,15930.2,15930.7,15931.3,0.6,799.2200119
2026-05-29T02:10:00+00:00,15931.05,15931.15,15929.65,15931.1,15930.7,15931.4,15930.9,15931.4,15929.3,15930,15930.9,15931.3,0.4,457.7000068
2026-05-29T02:20:00+00:00,15930.95,15931.35,15929.7,15929.9,15930.6,15931.3,15931.2,15931.5,15929.5,15929.9,15929.7,15930.1,0.4,832.0500164
2026-05-29T02:30:00+00:00,15930.2,15931.05,15929.5,15929.6,15930.1,15930.3,15930.9,15931.2,15929.3,15929.7,15929.4,15929.8,0.4,410.4000087
2026-05-29T02:40:00+00:00,15929.5,15929.7,15927.45,15928.05,15929.3,15929.7,15929.5,15929.9,15927.3,15927.6,15927.9,15928.2,0.3,242.5500062
2026-05-29T02:50:00+00:00,15928.25,15931.45,15927.8,15931.4,15928.2,15928.3,15931.3,15931.6,15927.6,15928,15931.2,15931.6,0.4,422.9000109
2026-05-29T03:00:00+00:00,15931.5,15934,15931.2,15932.8,15931.3,15931.7,15933.8,15934.2,15931,15931.4,15932.5,15933.1,0.6,648.3800154
2026-05-29T03:10:00+00:00,15932.9,15934.1,15932.35,15933.7,15932.7,15933.1,15933.8,15934.4,15932.1,15932.6,15933.3,15934.1,0.8,691.8400118
2026-05-29T03:20:00+00:00,15933.8,15935.55,15933.45,15933.65,15933.6,15934,15935.4,15935.7,15933.1,15933.8,15933.4,15933.9,0.5,896.5900166
2026-05-29T03:30:00+00:00,15933.6,15934.9,15932.35,15934,15933.3,15933.9,15934.7,15935.1,15932.1,15932.6,15933.8,15934.2,0.4,758.3600112
2026-05-29T03:40:00+00:00,15934.15,15935.6,15934,15935.5,15934,15934.3,15935.4,15935.8,15933.8,15934.2,15935.2,15935.8,0.6,293.6600064
2026-05-29T03:50:00+00:00,15935.4,15936.85,15934.8,15936.1,15935.1,15935.7,15936.7,15937,15934.5,15935.1,15935.9,15936.3,0.4,639.1200107
2026-05-29T04:00:00+00:00,15936.1,15937.85,15934.35,15935.55,15935.9,15936.3,15937.7,15938,15934.2,15934.5,15935.4,15935.7,0.3,601.0900127
2026-05-29T04:10:00+00:00,15935.5,15935.55,15933.75,15934.75,15935.3,15935.7,15935.4,15935.7,15933.5,15934,15934.5,15935,0.5,506.2500075
2026-05-29T04:20:00+00:00,15934.85,15935.45,15933.8,15933.9,15934.5,15935.2,15935.2,15935.7,15933.6,15934,15933.7,15934.1,0.4,701.8500139
2026-05-29T04:30:00+00:00,15934.05,15935.8,15933.8,15933.9,15933.8,15934.3,15935.6,15936,15933.6,15934,15933.7,15934.1,0.4,594.0700094
2026-05-29T04:40:00+00:00,15933.95,15934,15931.6,15932.25,15933.7,15934.2,15933.7,15934.3,15931.4,15931.8,15932,15932.5,0.5,447.1500056
2026-05-29T04:50:00+00:00,15932.35,15932.4,15930.15,15930.25,15932.2,15932.5,15932.2,15932.6,15930,15930.3,15930,15930.5,0.5,459.8900089
2026-05-29T05:00:00+00:00,15930.2,15932.75,15929.7,15930.65,15930,15930.4,15932.6,15932.9,15929.5,15929.9,15930.5,15930.8,0.3,400.8000078
2026-05-29T05:10:00+00:00,15930.75,15930.8,15928.55,15929.85,15930.6,15930.9,15930.6,15931,15928.4,15928.7,15929.7,15930,0.3,797.9200122
2026-05-29T05:20:00+00:00,15929.9,15930.6,15928.85,15930.2,15929.8,15930,15930.4,15930.8,15928.7,15929,15930,15930.4,0.4,255.3000071
2026-05-29T05:30:00+00:00,15930.1,15931.35,15929.7,15930.55,15929.9,15930.3,15931.2,15931.5,15929.5,15929.9,15930.4,15930.7,0.3,380.1000059
2026-05-29T05:40:00+00:00,15930.6,15930.75,15928.95,15929.85,15930.5,15930.7,15930.5,15931,15928.8,15929.1,15929.6,15930.1,0.5,604.90001
2026-05-29T05:50:00+00:00,15929.9,15933.4,15929.8,15931.3,15929.8,15930,15933.1,15933.7,15929.7,15929.9,15931.1,15931.5,0.4,773.7900124
2026-05-29T06:00:00+00:00,15931.05,15933.2,15930.55,15932.8,15930.8,15931.3,15933,15933.4,15930.4,15930.7,15932.6,15933,0.4,1200.750018
2026-05-29T06:10:00+00:00,15932.7,15932.8,15930.1,15931.7,15932.5,15932.9,15932.6,15933,15929.9,15930.3,15931.5,15931.9,0.4,528.2900114
2026-05-29T06:20:00+00:00,15931.5,15932.15,15929.45,15930.65,15931.3,15931.7,15931.9,15932.4,15929.3,15929.6,15930.5,15930.8,0.3,542.6200114
2026-05-29T06:30:00+00:00,15930.7,15930.8,15927.7,15927.8,15930.5,15930.9,15930.6,15931,15927.5,15927.9,15927.6,15928,0.4,1068.300018
2026-05-29T06:40:00+00:00,15927.95,15928.6,15924.7,15926.55,15927.7,15928.2,15928.4,15928.8,15924.5,15924.9,15926.3,15926.8,0.5,1187.690015
2026-05-29T06:50:00+00:00,15926.45,15927.5,15920.05,15921.4,15926.3,15926.6,15927.3,15927.7,15919.9,15920.2,15921.2,15921.6,0.4,1252.860026
2026-05-29T07:00:00+00:00,15921.6,15925.9,15920.55,15924.1,15921.4,15921.8,15925.7,15926.1,15920.2,15920.9,15923.9,15924.3,0.4,2138.020038
2026-05-29T07:10:00+00:00,15924,15924.35,15920.95,15921.7,15923.8,15924.2,15924.1,15924.6,15920.8,15921.1,15921.5,15921.9,0.4,1313.120022
2026-05-29T07:20:00+00:00,15921.7,15928.1,15921.4,15927.6,15921.5,15921.9,15927.9,15928.3,15921.2,15921.6,15927.4,15927.8,0.4,1088.530017
2026-05-29T07:30:00+00:00,15927.8,15930.85,15927.8,15930.1,15927.6,15928,15930.7,15931,15927.6,15928,15930,15930.2,0.2,1075.170019
2026-05-29T07:40:00+00:00,15930.05,15931.75,15926.5,15929.4,15929.9,15930.2,15931.6,15931.9,15926.2,15926.8,15929.2,15929.6,0.4,1106.50002
2026-05-29T07:50:00+00:00,15929.35,15930.15,15926.1,15926.35,15929.2,15929.5,15930,15930.3,15925.9,15926.3,15926.2,15926.5,0.3,795.6300133
2026-05-29T08:00:00+00:00,15926.55,15927.7,15921.15,15922.25,15926.3,15926.8,15927.5,15927.9,15920.9,15921.4,15922.1,15922.4,0.3,1575.210028
2026-05-29T08:10:00+00:00,15922.6,15925.3,15922,15924.75,15922.4,15922.8,15925.1,15925.5,15921.8,15922.2,15924.5,15925,0.5,913.1900115
2026-05-29T08:20:00+00:00,15924.75,15928.1,15924.65,15927.7,15924.5,15925,15927.9,15928.3,15924.4,15924.9,15927.4,15928,0.6,704.4000117
2026-05-29T08:30:00+00:00,15927.75,15930.25,15926.35,15928.65,15927.5,15928,15930,15930.5,15926.1,15926.6,15928.5,15928.8,0.3,1263.920018
2026-05-29T08:40:00+00:00,15928.6,15929.05,15926.3,15928.75,15928.5,15928.7,15928.8,15929.3,15926.1,15926.5,15928.5,15929,0.5,736.9600121
2026-05-29T08:50:00+00:00,15928.7,15931.8,15928.6,15929.65,15928.5,15928.9,15931.6,15932,15928.4,15928.8,15929.4,15929.9,0.5,1310.690022
2026-05-29T09:00:00+00:00,15929.55,15930.05,15926.75,15929.2,15929.3,15929.8,15929.8,15930.3,15926.5,15927,15929,15929.4,0.4,1119.550016
2026-05-29T09:10:00+00:00,15929.05,15930.1,15924.95,15925.3,15928.8,15929.3,15929.9,15930.3,15924.7,15925.2,15925,15925.6,0.6,1078.580015
2026-05-29T09:20:00+00:00,15925.4,15929.05,15923.85,15925.05,15925.2,15925.6,15928.8,15929.3,15923.5,15924.2,15924.8,15925.3,0.5,1313.930014
2026-05-29T09:30:00+00:00,15924.85,15927.75,15923.85,15927.55,15924.6,15925.1,15927.5,15928,15923.6,15924.1,15927.4,15927.7,0.3,1267.830012
2026-05-29T09:40:00+00:00,15927.65,15928.75,15926.1,15928.1,15927.3,15928,15928.5,15929,15925.8,15926.4,15927.9,15928.3,0.4,993.9400125
2026-05-29T09:50:00+00:00,15928.15,15930.05,15927.45,15929.9,15928,15928.3,15929.8,15930.3,15927.2,15927.7,15929.7,15930.1,0.4,1108.240016
2026-05-29T10:00:00+00:00,15929.8,15932.2,15929.1,15929.8,15929.6,15930,15932,15932.4,15928.8,15929.4,15929.6,15930,0.4,1760.300021
2026-05-29T10:10:00+00:00,15929.9,15930,15927,15929.1,15929.7,15930.1,15929.8,15930.2,15926.8,15927.2,15928.8,15929.4,0.6,483.5900079
2026-05-29T10:20:00+00:00,15929,15930,15927.55,15927.75,15928.8,15929.2,15929.8,15930.2,15927.3,15927.8,15927.5,15928,0.5,583.43001
2026-05-29T10:30:00+00:00,15927.7,15928.65,15926.75,15927.2,15927.5,15927.9,15928.4,15928.9,15926.5,15927,15927,15927.4,0.4,547.8000104
2026-05-29T10:40:00+00:00,15927.25,15929,15926.4,15927.65,15927.1,15927.4,15928.7,15929.3,15926.2,15926.6,15927.5,15927.8,0.3,526.6200094
2026-05-29T10:50:00+00:00,15927.6,15929.25,15927.2,15928.75,15927.4,15927.8,15929.1,15929.4,15927,15927.4,15928.5,15929,0.5,847.3500168
2026-05-29T11:00:00+00:00,15928.85,15929.3,15927.65,15929,15928.7,15929,15929,15929.6,15927.4,15927.9,15928.8,15929.2,0.4,662.4400091
2026-05-29T11:10:00+00:00,15929.15,15930.2,15927.5,15927.75,15928.9,15929.4,15930,15930.4,15927.3,15927.7,15927.6,15927.9,0.3,513.1400093
2026-05-29T11:20:00+00:00,15927.6,15928.7,15926.9,15928.25,15927.4,15927.8,15928.5,15928.9,15926.8,15927,15928.1,15928.4,0.3,574.6900126
2026-05-29T11:30:00+00:00,15928.35,15929.85,15927.4,15927.65,15928.2,15928.5,15929.7,15930,15927.2,15927.6,15927.4,15927.9,0.5,854.0200162
2026-05-29T11:40:00+00:00,15927.55,15927.8,15925.9,15926.7,15927.4,15927.7,15927.7,15927.9,15925.7,15926.1,15926.5,15926.9,0.4,878.5100157
2026-05-29T11:50:00+00:00,15926.8,15929.45,15925,15925.2,15926.5,15927.1,15929.3,15929.6,15924.8,15925.2,15925,15925.4,0.4,1708.810024
2026-05-29T12:00:00+00:00,15925.25,15928.45,15925.1,15926.35,15925.1,15925.4,15928.3,15928.6,15924.8,15925.4,15926.2,15926.5,0.3,1479.180019
2026-05-29T12:10:00+00:00,15926.4,15927.65,15925.35,15926.1,15926.2,15926.6,15927.4,15927.9,15925.1,15925.6,15925.9,15926.3,0.4,1798.050024
2026-05-29T12:20:00+00:00,15926.05,15927.75,15925.75,15927.5,15925.9,15926.2,15927.5,15928,15925.5,15926,15927.1,15927.9,0.8,1061.880014
2026-05-29T12:30:00+00:00,15927.4,15930.75,15926.75,15929.75,15927,15927.8,15930.5,15931,15926.5,15927,15929.5,15930,0.5,2111.020024
2026-05-29T12:40:00+00:00,15929.75,15930,15927.2,15928.1,15929.5,15930,15929.8,15930.2,15927,15927.4,15927.8,15928.4,0.6,956.6300132
2026-05-29T12:50:00+00:00,15928.05,15928.25,15925.75,15926.1,15927.8,15928.3,15928.1,15928.4,15925.5,15926,15925.9,15926.3,0.4,992.830017
2026-05-29T13:00:00+00:00,15925.95,15927.55,15924.3,15927.35,15925.6,15926.3,15927.3,15927.8,15924.1,15924.5,15927.2,15927.5,0.3,1507.130026
2026-05-29T13:10:00+00:00,15927.3,15928.6,15926.1,15927.25,15927.1,15927.5,15928.4,15928.8,15925.9,15926.3,15927.1,15927.4,0.3,1464.970019
2026-05-29T13:20:00+00:00,15927.2,15928.5,15925.9,15927.1,15927,15927.4,15928.3,15928.7,15925.7,15926.1,15926.9,15927.3,0.4,1067.320018
2026-05-29T13:30:00+00:00,15927.15,15930.2,15927.15,15929.65,15927,15927.3,15930.1,15930.3,15927,15927.3,15929.5,15929.8,0.3,1043.460014
2026-05-29T13:40:00+00:00,15929.6,15930.45,15926.15,15927.85,15929.4,15929.8,15930.4,15930.5,15925.9,15926.4,15927.7,15928,0.3,1432.310024
2026-05-29T13:50:00+00:00,15927.8,15931.05,15927.7,15930.25,15927.6,15928,15930.9,15931.2,15927.5,15927.9,15930.1,15930.4,0.3,1172.64002
2026-05-29T14:00:00+00:00,15930.2,15931.3,15927.2,15927.75,15930,15930.4,15931.1,15931.5,15926.9,15927.5,15927.6,15927.9,0.3,1705.040029
2026-05-29T14:10:00+00:00,15927.7,15935.1,15927.7,15934.55,15927.5,15927.9,15934.9,15935.3,15927.5,15927.9,15934.4,15934.7,0.3,2056.90003
2026-05-29T14:20:00+00:00,15934.5,15935.7,15932.55,15935.45,15934.3,15934.7,15935.5,15935.9,15932.4,15932.7,15935.3,15935.6,0.3,1442.340021
2026-05-29T14:30:00+00:00,15935.35,15935.6,15931.75,15934.4,15935.3,15935.4,15935.4,15935.8,15931.5,15932,15934.2,15934.6,0.4,1679.32003
2026-05-29T14:40:00+00:00,15934.3,15934.3,15929.75,15930.4,15934.1,15934.5,15934.1,15934.5,15929.5,15930,15930.1,15930.7,0.6,1867.81003
2026-05-29T14:50:00+00:00,15930.3,15930.8,15916.25,15919.05,15930.1,15930.5,15930.5,15931.1,15916.1,15916.4,15918.8,15919.3,0.5,8209.510152
2026-05-29T15:00:00+00:00,15918.9,15920.8,15910.1,15911.85,15918.8,15919,15920.5,15921.1,15909.9,15910.3,15911.6,15912.1,0.5,5470.500075
2026-05-29T15:10:00+00:00,15912.05,15919.05,15909.9,15919.05,15911.8,15912.3,15918.8,15919.3,15909.5,15910.3,15918.8,15919.3,0.5,2701.810046
2026-05-29T15:20:00+00:00,15918.9,15919.8,15913.8,15918.15,15918.6,15919.2,15919.5,15920.1,15913.4,15914.2,15917.9,15918.4,0.5,2649.090046
2026-05-29T15:30:00+00:00,15917.9,15920.8,15914.35,15918.95,15917.7,15918.1,15920.5,15921.1,15914.1,15914.6,15918.7,15919.2,0.5,2736.560056
2026-05-29T15:40:00+00:00,15919,15924.75,15917.8,15922.35,15918.7,15919.3,15924.5,15925,15917.5,15918.1,15922,15922.7,0.7,3271.310071
2026-05-29T15:50:00+00:00,15922.55,15924.45,15921.9,15923.3,15922.3,15922.8,15924.2,15924.7,15921.6,15922.2,15923,15923.6,0.6,1448.120029
2026-05-29T16:00:00+00:00,15923.2,15924.5,15920.15,15923.7,15923,15923.4,15924.3,15924.7,15919.8,15920.5,15923.4,15924,0.6,1272.030034
2026-05-29T16:10:00+00:00,15923.55,15925.05,15922.3,15925,15923.3,15923.8,15924.9,15925.2,15922.1,15922.5,15924.8,15925.2,0.4,824.200021
2026-05-29T16:20:00+00:00,15925.1,15925.25,15922.1,15923.45,15924.9,15925.3,15925,15925.5,15921.9,15922.3,15923.2,15923.7,0.5,664.4100181
2026-05-29T16:30:00+00:00,15923.55,15924.8,15918.85,15919.6,15923.3,15923.8,15924.4,15925.2,15918.6,15919.1,15919.4,15919.8,0.4,1405.830031
2026-05-29T16:40:00+00:00,15919.35,15921.25,15918.3,15921.1,15919.2,15919.5,15921,15921.5,15918.1,15918.5,15920.9,15921.3,0.4,704.2300204
2026-05-29T16:50:00+00:00,15921.2,15922.75,15919.05,15919.95,15921,15921.4,15922.5,15923,15918.6,15919.5,15919.7,15920.2,0.5,532.8700138
2026-05-29T17:00:00+00:00,15919.9,15921,15918.55,15920.75,15919.6,15920.2,15920.8,15921.2,15918.3,15918.8,15920.4,15921.1,0.7,765.7400182
2026-05-29T17:10:00+00:00,15920.5,15923.2,15920.1,15922.8,15920.3,15920.7,15923,15923.4,15919.9,15920.3,15922.6,15923,0.4,549.1700152
2026-05-29T17:20:00+00:00,15922.7,15925.75,15922.25,15923.8,15922.5,15922.9,15925.5,15926,15922,15922.5,15923.5,15924.1,0.6,700.87002
2026-05-29T17:30:00+00:00,15923.6,15924.85,15922.7,15924.8,15923.3,15923.9,15924.5,15925.2,15922.5,15922.9,15924.5,15925.1,0.6,438.780012
2026-05-29T17:40:00+00:00,15924.7,15925.65,15923.7,15924,15924.3,15925.1,15925.5,15925.8,15923.5,15923.9,15923.8,15924.2,0.4,539.3200182
2026-05-29T17:50:00+00:00,15923.95,15928.7,15923.4,15928.45,15923.8,15924.1,15928.5,15928.9,15923.1,15923.7,15928.3,15928.6,0.3,665.9100193
2026-05-29T18:00:00+00:00,15928.55,15929.7,15927.35,15928.4,15928.4,15928.7,15929.5,15929.9,15927.2,15927.5,15928.2,15928.6,0.4,723.4900184
2026-05-29T18:10:00+00:00,15928.55,15930.65,15926.2,15927.6,15928.3,15928.8,15930.4,15930.9,15926,15926.4,15927.4,15927.8,0.4,696.7600187
2026-05-29T18:20:00+00:00,15927.5,15930.1,15926.55,15927.05,15927.3,15927.7,15929.9,15930.3,15926.3,15926.8,15926.8,15927.3,0.5,831.1300213
2026-05-29T18:30:00+00:00,15926.8,15926.8,15923.3,15923.7,15926.7,15926.9,15926.7,15926.9,15923.1,15923.5,15923.5,15923.9,0.4,826.5700222
2026-05-29T18:40:00+00:00,15923.5,15930.3,15923.25,15925.75,15923.3,15923.7,15930,15930.6,15923,15923.5,15925.5,15926,0.5,1802.060051
2026-05-29T18:50:00+00:00,15925.8,15926.65,15922.4,15926.4,15925.5,15926.1,15926.4,15926.9,15922.1,15922.7,15926.1,15926.7,0.6,966.880024
2026-05-29T19:00:00+00:00,15926.35,15926.4,15922,15922,15926.1,15926.6,15926.1,15926.7,15921.8,15922.2,15921.8,15922.2,0.4,682.4600205
2026-05-29T19:10:00+00:00,15921.9,15925.3,15921.8,15925.2,15921.8,15922,15924.9,15925.7,15921.6,15922,15924.8,15925.6,0.8,521.8800139
2026-05-29T19:20:00+00:00,15925.15,15927.4,15923.85,15926.3,15924.7,15925.6,15927.2,15927.6,15923.5,15924.2,15926.1,15926.5,0.4,1176.410021
2026-05-29T19:30:00+00:00,15926.05,15926.8,15924.85,15926.2,15925.9,15926.2,15926.6,15927,15924.6,15925.1,15925.9,15926.5,0.6,465.030013
2026-05-29T19:40:00+00:00,15926.2,15927.35,15925.45,15925.85,15926,15926.4,15927.2,15927.5,15925.2,15925.7,15925.6,15926.1,0.5,1048.360032
2026-05-29T19:50:00+00:00,15926.1,15926.5,15924.25,15926.4,15925.9,15926.3,15926.2,15926.8,15924,15924.5,15926,15926.8,0.8,859.6900228
2026-05-29T20:00:00+00:00,15926.45,15927.25,15925.2,15926.4,15925.9,15927,15926.9,15927.6,15924.8,15925.6,15926.1,15926.7,0.6,1671.750041
2026-05-29T20:10:00+00:00,15926.4,15927.85,15926.4,15927.75,15926.1,15926.7,15927.5,15928.2,15926.1,15926.7,15927.3,15928.2,0.9,379.1000057
2026-05-29T20:20:00+00:00,15927.7,15929.2,15927.1,15927.8,15927.3,15928.1,15928.8,15929.6,15926.5,15927.7,15927.4,15928.2,0.8,469.8900049
2026-05-29T20:30:00+00:00,15928,15928.15,15926.5,15927.95,15927.6,15928.4,15927.7,15928.6,15926.1,15926.9,15927.4,15928.5,1.1,550.3000135
2026-05-29T20:40:00+00:00,15927.85,15928.2,15925.6,15926.4,15927.3,15928.4,15927.7,15928.7,15924.8,15926.4,15925.6,15927.2,1.6,1417.220012
2026-05-29T20:50:00+00:00,15926.35,15928.75,15925.05,15927.65,15925.6,15927.1,15926.8,15930.7,15924.1,15926,15924.9,15930.4,5.5,1055.470006
2026-05-31T21:00:00+00:00,15937.4,15937.85,15935.85,15936.5,15934.4,15940.4,15935.2,15940.5,15933.3,15938.4,15934.6,15938.4,3.8,30.60000002
2026-05-31T21:10:00+00:00,15936.6,15937.1,15936.5,15936.95,15934.7,15938.5,15935.4,15938.8,15934.6,15938.4,15935.3,15938.6,3.3,33.90000093
2026-05-31T21:20:00+00:00,15937.15,15937.45,15936.5,15936.8,15935.6,15938.7,15935.6,15939.3,15934.3,15938.7,15934.3,15939.3,5,9.900000215
2026-05-31T21:30:00+00:00,15937.05,15937.45,15933.9,15934.25,15935.1,15939,15935.3,15939.6,15932.3,15935.5,15932.4,15936.1,3.7,49.20000124
2026-05-31T21:40:00+00:00,15934.05,15936.55,15933.7,15936.45,15932.5,15935.6,15934.2,15938.9,15932.2,15935.2,15934.1,15938.8,4.7,23.70000064
2026-05-31T21:50:00+00:00,15936.45,15936.95,15935.25,15935.3,15934,15938.9,15934.3,15939.6,15933.5,15937,15933.6,15937,3.4,49.80000138
2026-05-31T22:00:00+00:00,15935.25,15942.2,15933.4,15939.15,15933.6,15936.9,15941.4,15943,15931.9,15934.9,15938.4,15939.9,1.5,1423.070007
2026-05-31T22:10:00+00:00,15939.25,15940.3,15937.5,15939.45,15938.6,15939.9,15939.3,15941.3,15936.8,15938.2,15938.9,15940,1.1,961.9500273
2026-05-31T22:20:00+00:00,15939.4,15941.4,15938.15,15941.05,15938.9,15939.9,15941.1,15941.7,15937.6,15938.7,15940.5,15941.6,1.1,583.1000161
2026-05-31T22:30:00+00:00,15941.05,15943.45,15940.25,15941.45,15940.5,15941.6,15943.1,15943.8,15939.7,15940.8,15941.1,15941.8,0.7,1069.050028
2026-05-31T22:40:00+00:00,15941.6,15942.55,15940.7,15941.25,15941.2,15942,15942.2,15942.9,15940.3,15941.1,15940.9,15941.6,0.7,521.5500125
2026-05-31T22:50:00+00:00,15941.15,15941.15,15937.4,15939.15,15940.7,15941.6,15940.7,15941.6,15937.1,15937.7,15938.6,15939.7,1.1,2730.350064
