timestamp,open,high,low,close,open_bid,open_ask,high_bid,high_ask,low_bid,low_ask,close_bid,close_ask,spread,volume
2026-07-23T13:15:00+00:00,11394.7,11396.35,11385.65,11386.9,11393.7,11395.7,11395.4,11397.3,11385.2,11386.1,11386.6,11387.2,0.6,1231
2026-07-23T13:20:00+00:00,11386.8,11387,11381.1,11382.7,11386.5,11387.1,11386.7,11387.3,11380.8,11381.4,11382.4,11383,0.6,1100
2026-07-23T13:25:00+00:00,11382.6,11386.6,11381.3,11384.35,11382.3,11382.9,11386.3,11386.9,11381,11381.6,11382.8,11385.9,3.1,989
2026-07-23T13:30:00+00:00,11383.2,11385.7,11381.45,11384.8,11380.8,11385.6,11385.4,11386,11380.8,11382.1,11384.5,11385.1,0.6,1156
2026-07-23T13:35:00+00:00,11384.7,11384.9,11379.9,11382,11384.4,11385,11384.6,11385.2,11379.6,11380.2,11381.7,11382.3,0.6,1135
2026-07-23T13:40:00+00:00,11382.2,11382.2,11376.9,11378.6,11381.9,11382.5,11381.9,11382.5,11376.6,11377.2,11378.3,11378.9,0.6,994
2026-07-23T13:45:00+00:00,11378.7,11381.15,11375.5,11380.55,11378.4,11379,11380.7,11381.6,11375.2,11375.8,11380.1,11381,0.9,1143
2026-07-23T13:50:00+00:00,11380.45,11382.35,11377.7,11382.25,11380,11380.9,11381.9,11382.8,11377.4,11378,11381.8,11382.7,0.9,1097
2026-07-23T13:55:00+00:00,11382.35,11386.1,11381.8,11385.3,11381.9,11382.8,11385.8,11386.4,11381.4,11382.2,11385,11385.6,0.6,1100
2026-07-23T14:00:00+00:00,11385.4,11386.4,11379.7,11380.8,11385.1,11385.7,11386.1,11386.7,11379.4,11380,11380.5,11381.1,0.6,993
2026-07-23T14:05:00+00:00,11380.7,11381.8,11373.75,11374.9,11380.4,11381,11381.5,11382.1,11373.4,11374.1,11374.6,11375.2,0.6,1055
2026-07-23T14:10:00+00:00,11375,11375.7,11368.4,11369.2,11374.7,11375.3,11375.4,11376,11368.1,11368.7,11368.9,11369.5,0.6,1053
2026-07-23T14:15:00+00:00,11368.9,11373.3,11368.6,11372.4,11368.6,11369.2,11373,11373.6,11368.3,11368.9,11372.1,11372.7,0.6,1076
2026-07-23T14:20:00+00:00,11372.7,11375.1,11372.1,11374.7,11372.4,11373,11374.8,11375.4,11371.8,11372.4,11374.4,11375,0.6,895
2026-07-23T14:25:00+00:00,11374.9,11379.15,11373.4,11378.65,11374.6,11375.2,11378.7,11379.6,11373.1,11373.7,11378.2,11379.1,0.9,984
2026-07-23T14:30:00+00:00,11378.6,11382.5,11377.4,11382.4,11378.3,11378.9,11382.2,11382.8,11377.1,11377.7,11382.1,11382.7,0.6,937
2026-07-23T14:35:00+00:00,11381.9,11385.8,11380.9,11382,11381.6,11382.2,11385.5,11386.1,11380.6,11381.2,11381.7,11382.3,0.6,531
2026-07-23T14:40:00+00:00,11381.9,11383.2,11378.5,11378.6,11381.6,11382.2,11382.9,11383.5,11378.2,11378.8,11378.3,11378.9,0.6,284
2026-07-23T14:45:00+00:00,11378.5,11379.5,11376,11379.5,11378.2,11378.8,11379.2,11379.8,11375.7,11376.3,11379.2,11379.8,0.6,279
2026-07-23T14:50:00+00:00,11379.7,11379.8,11376.5,11377.9,11379.4,11380,11379.5,11380.1,11376.2,11376.8,11377.6,11378.2,0.6,214
2026-07-23T14:55:00+00:00,11378.1,11379.3,11372.3,11372.5,11377.8,11378.4,11379,11379.6,11372,11372.6,11372.2,11372.8,0.6,296
2026-07-23T15:00:00+00:00,11372.4,11376.3,11369.7,11369.8,11372.1,11372.7,11376,11376.6,11369.4,11370,11369.5,11370.1,0.6,304
2026-07-23T15:05:00+00:00,11369.9,11373.2,11367.5,11369.9,11369.6,11370.2,11372.9,11373.5,11367.2,11367.8,11369.6,11370.2,0.6,296
2026-07-23T15:10:00+00:00,11370.1,11372.5,11368.2,11371.9,11369.8,11370.4,11372.2,11372.8,11367.9,11368.5,11371.6,11372.2,0.6,431
2026-07-23T15:15:00+00:00,11372.2,11372.5,11364.6,11365.8,11371.9,11372.5,11372.2,11372.8,11364.3,11364.9,11365.5,11366.1,0.6,427
2026-07-23T15:20:00+00:00,11365.4,11368.7,11364.1,11368.7,11365.1,11365.7,11368.4,11369,11363.8,11364.4,11368.4,11369,0.6,384
2026-07-23T15:25:00+00:00,11368.6,11370.3,11367.7,11370.2,11368.3,11368.9,11370,11370.6,11367.4,11368,11369.9,11370.5,0.6,309
2026-07-23T15:30:00+00:00,11370.1,11373.05,11368.95,11371.3,11369.8,11370.4,11372.6,11373.5,11368.6,11369.3,11371,11371.6,0.6,315
2026-07-23T15:35:00+00:00,11371.2,11373.8,11369.4,11373,11370.9,11371.5,11373.5,11374.1,11369.1,11369.7,11372.7,11373.3,0.6,265
2026-07-23T15:40:00+00:00,11372.8,11373.6,11367.4,11367.5,11372.5,11373.1,11373.3,11373.9,11367.1,11367.7,11367.2,11367.8,0.6,227
2026-07-23T15:45:00+00:00,11367.4,11369.7,11366,11366.4,11367.1,11367.7,11369.4,11370,11365.7,11366.3,11366.1,11366.7,0.6,262
2026-07-23T15:50:00+00:00,11366.3,11367.8,11364.7,11365.2,11366,11366.6,11367.5,11368.1,11364.4,11365,11364.9,11365.5,0.6,306
2026-07-23T15:55:00+00:00,11364.9,11371.9,11364.8,11371.9,11364.6,11365.2,11371.6,11372.2,11364.5,11365.1,11371.6,11372.2,0.6,371
2026-07-23T16:00:00+00:00,11372,11374.2,11370.2,11373.9,11371.7,11372.3,11373.9,11374.5,11369.9,11370.5,11373.6,11374.2,0.6,308
2026-07-23T16:05:00+00:00,11373.8,11375.1,11370.2,11370.5,11373.5,11374.1,11374.8,11375.4,11369.9,11370.5,11370.2,11370.8,0.6,207
2026-07-23T16:10:00+00:00,11370.8,11374,11370,11373.4,11370.5,11371.1,11373.7,11374.3,11369.7,11370.3,11373.1,11373.7,0.6,189
2026-07-23T16:15:00+00:00,11373.2,11375.3,11371.4,11371.7,11372.9,11373.5,11375,11375.6,11371.1,11371.7,11371.4,11372,0.6,191
2026-07-23T16:20:00+00:00,11372.2,11372.3,11367.8,11370,11371.9,11372.5,11372,11372.6,11367.5,11368.1,11369.7,11370.3,0.6,342
2026-07-23T16:25:00+00:00,11370.1,11373.2,11369.8,11371,11369.8,11370.4,11372.9,11373.5,11369.5,11370.1,11370.7,11371.3,0.6,253
2026-07-23T16:30:00+00:00,11370.9,11371.1,11366.6,11368.2,11370.6,11371.2,11370.8,11371.4,11366.3,11366.9,11367.9,11368.5,0.6,325
2026-07-23T16:35:00+00:00,11368.5,11373.8,11365.7,11373.3,11368.2,11368.8,11373.5,11374.1,11365.4,11366,11373,11373.6,0.6,342
2026-07-23T16:40:00+00:00,11373.2,11376.1,11373.1,11373.3,11372.9,11373.5,11375.8,11376.4,11372.8,11373.4,11373,11373.6,0.6,310
2026-07-23T16:45:00+00:00,11373.4,11373.7,11370.7,11372.6,11373.1,11373.7,11373.4,11374,11370.4,11371,11372.3,11372.9,0.6,246
2026-07-23T16:50:00+00:00,11372.8,11375.1,11371.2,11375,11372.5,11373.1,11374.8,11375.4,11370.9,11371.5,11374.7,11375.3,0.6,205
2026-07-23T16:55:00+00:00,11374.9,11375.7,11370.9,11372.8,11374.6,11375.2,11375.4,11376,11370.6,11371.2,11372.5,11373.1,0.6,171
2026-07-23T17:00:00+00:00,11373.3,11375.7,11372.7,11373.8,11373,11373.6,11375.4,11376,11372.4,11373,11373.5,11374.1,0.6,259
2026-07-23T17:05:00+00:00,11373.9,11374.9,11372.75,11373.3,11373.6,11374.2,11374.6,11375.2,11372.4,11373.1,11373,11373.6,0.6,181
2026-07-23T17:10:00+00:00,11373.4,11377.9,11373.3,11377.6,11373.1,11373.7,11377.6,11378.2,11373,11373.6,11377.3,11377.9,0.6,268
2026-07-23T17:15:00+00:00,11377.7,11378.6,11373,11373.9,11377.4,11378,11378.3,11378.9,11372.7,11373.3,11373.6,11374.2,0.6,208
2026-07-23T17:20:00+00:00,11374.1,11375.6,11373.9,11375.1,11373.8,11374.4,11375.3,11375.9,11373.6,11374.2,11374.8,11375.4,0.6,263
2026-07-23T17:25:00+00:00,11375.2,11378.3,11374.8,11378.1,11374.9,11375.5,11378,11378.6,11374.5,11375.1,11377.8,11378.4,0.6,211
2026-07-23T17:30:00+00:00,11378.2,11379.7,11377.4,11377.5,11377.9,11378.5,11379.4,11380,11377.1,11377.7,11377.2,11377.8,0.6,241
2026-07-23T17:35:00+00:00,11378,11378.6,11375.8,11376.9,11377.7,11378.3,11378.3,11378.9,11375.5,11376.1,11376.6,11377.2,0.6,238
2026-07-23T17:40:00+00:00,11377,11379.5,11375.9,11378.3,11376.7,11377.3,11379.2,11379.8,11375.6,11376.2,11378,11378.6,0.6,209
2026-07-23T17:45:00+00:00,11378.1,11379.4,11377.1,11379.1,11377.8,11378.4,11379.1,11379.7,11376.8,11377.4,11378.8,11379.4,0.6,157
2026-07-23T17:50:00+00:00,11379,11380.1,11378.3,11378.7,11378.7,11379.3,11379.8,11380.4,11378,11378.6,11378.4,11379,0.6,194
2026-07-23T17:55:00+00:00,11378.8,11380.5,11378.8,11379.9,11378.5,11379.1,11380.2,11380.8,11378.5,11379.1,11379.6,11380.2,0.6,130
2026-07-23T18:00:00+00:00,11380,11380.8,11378.3,11379.1,11379.7,11380.3,11380.5,11381.1,11378,11378.6,11378.8,11379.4,0.6,162
2026-07-23T18:05:00+00:00,11379.7,11380.5,11376.6,11378.5,11379.4,11380,11380.2,11380.8,11376.3,11376.9,11378.2,11378.8,0.6,154
2026-07-23T18:10:00+00:00,11378.4,11378.6,11376.4,11376.7,11378.1,11378.7,11378.3,11378.9,11376.1,11376.7,11376.4,11377,0.6,155
2026-07-23T18:15:00+00:00,11376.6,11378.7,11375.9,11378,11376.3,11376.9,11378.4,11379,11375.6,11376.2,11377.7,11378.3,0.6,190
2026-07-23T18:20:00+00:00,11378.1,11378.3,11376.1,11376.7,11377.8,11378.4,11378,11378.6,11375.8,11376.4,11376.4,11377,0.6,175
2026-07-23T18:25:00+00:00,11376.8,11377,11375.6,11376.2,11376.5,11377.1,11376.7,11377.3,11375.3,11375.9,11375.9,11376.5,0.6,192
2026-07-23T18:30:00+00:00,11376.3,11376.4,11374.3,11375.6,11376,11376.6,11376.1,11376.7,11374,11374.6,11375.3,11375.9,0.6,157
2026-07-23T18:35:00+00:00,11375.5,11375.6,11374.3,11375.6,11375.2,11375.8,11375.3,11375.9,11374,11374.6,11375.3,11375.9,0.6,181
2026-07-23T18:40:00+00:00,11375.7,11375.8,11373.8,11373.9,11375.4,11376,11375.5,11376.1,11373.5,11374.1,11373.6,11374.2,0.6,179
2026-07-23T18:45:00+00:00,11373.8,11374.8,11373,11373.9,11373.5,11374.1,11374.5,11375.1,11372.7,11373.3,11373.6,11374.2,0.6,193
2026-07-23T18:50:00+00:00,11374,11375.3,11373.6,11374.7,11373.7,11374.3,11375,11375.6,11373.3,11373.9,11374.4,11375,0.6,125
2026-07-23T18:55:00+00:00,11374.6,11374.6,11371.7,11371.7,11374.3,11374.9,11374.3,11374.9,11371.4,11372,11371.4,11372,0.6,97
2026-07-23T19:00:00+00:00,11371.6,11373,11371,11372.6,11371.3,11371.9,11372.7,11373.3,11370.7,11371.3,11372.3,11372.9,0.6,63
2026-07-23T19:05:00+00:00,11372.7,11374.8,11372.6,11374,11372.4,11373,11374.5,11375.1,11372.3,11372.9,11373.7,11374.3,0.6,87
2026-07-23T19:10:00+00:00,11374.1,11375.3,11373.2,11373.8,11373.8,11374.4,11375,11375.6,11372.9,11373.5,11373.5,11374.1,0.6,169
2026-07-23T19:15:00+00:00,11373.7,11375.4,11372.6,11373.2,11373.4,11374,11375.1,11375.7,11372.3,11372.9,11372.9,11373.5,0.6,160
2026-07-23T19:20:00+00:00,11373.4,11373.8,11372.6,11373.1,11373.1,11373.7,11373.5,11374.1,11372.3,11372.9,11372.8,11373.4,0.6,136
2026-07-23T19:25:00+00:00,11373,11375.5,11372.9,11375.1,11372.7,11373.3,11375.2,11375.8,11372.6,11373.2,11374.8,11375.4,0.6,160
2026-07-23T19:30:00+00:00,11375,11376.3,11374.7,11375.7,11374.7,11375.3,11376,11376.6,11374.4,11375,11375.4,11376,0.6,138
2026-07-23T19:35:00+00:00,11375.6,11375.8,11374.5,11374.9,11375.3,11375.9,11375.5,11376.1,11374.2,11374.8,11374.6,11375.2,0.6,141
2026-07-23T19:40:00+00:00,11374.8,11374.9,11373.55,11374.4,11374.5,11375.1,11374.6,11375.2,11373.1,11374,11374.1,11374.7,0.6,89
2026-07-23T19:45:00+00:00,11374.5,11375.4,11374,11374.9,11374.2,11374.8,11375.1,11375.7,11373.7,11374.3,11374.6,11375.2,0.6,138
2026-07-23T19:50:00+00:00,11375,11375.3,11374.4,11374.8,11374.7,11375.3,11375,11375.6,11374.1,11374.7,11374.5,11375.1,0.6,152
2026-07-23T19:55:00+00:00,11374.7,11376.3,11374.4,11375.9,11374.4,11375,11376,11376.6,11374.1,11374.7,11375.6,11376.2,0.6,114
2026-07-23T20:00:00+00:00,11376.3,11378.1,11375.7,11376.3,11376,11376.6,11377.8,11378.4,11375.4,11376,11376,11376.6,0.6,104
2026-07-23T20:05:00+00:00,11376.2,11376.6,11375.3,11375.7,11375.9,11376.5,11376.3,11376.9,11375,11375.6,11375.4,11376,0.6,81
2026-07-23T20:10:00+00:00,11375.9,11376.2,11374.9,11374.9,11375.6,11376.2,11375.9,11376.5,11374.6,11375.2,11374.6,11375.2,0.6,119
2026-07-23T20:15:00+00:00,11374.7,11375.5,11373.8,11374.3,11374.4,11375,11375.2,11375.8,11373.5,11374.1,11374,11374.6,0.6,118
2026-07-23T20:20:00+00:00,11374.4,11374.8,11373.8,11374.8,11374.1,11374.7,11374.5,11375.1,11373.5,11374.1,11374.5,11375.1,0.6,130
2026-07-23T20:25:00+00:00,11375,11377.1,11374.4,11377.1,11374.7,11375.3,11376.8,11377.4,11374.1,11374.7,11376.8,11377.4,0.6,136
2026-07-23T20:30:00+00:00,11377.2,11379.8,11377,11377.4,11376.9,11377.5,11379.5,11380.1,11376.7,11377.3,11377.1,11377.7,0.6,209
2026-07-23T20:35:00+00:00,11377.3,11377.8,11376.9,11377.7,11377,11377.6,11377.5,11378.1,11376.6,11377.2,11377.4,11378,0.6,132
2026-07-23T20:40:00+00:00,11377.6,11377.7,11375.8,11376.2,11377.3,11377.9,11377.4,11378,11375.5,11376.1,11375.9,11376.5,0.6,126
2026-07-23T20:45:00+00:00,11376.3,11376.7,11375.4,11376.2,11376,11376.6,11376.4,11377,11375.1,11375.7,11375.9,11376.5,0.6,104
2026-07-23T20:50:00+00:00,11376.3,11378.1,11376.3,11377.9,11376,11376.6,11377.8,11378.4,11376,11376.6,11377.6,11378.2,0.6,161
2026-07-23T20:55:00+00:00,11378.1,11378.8,11377.1,11377.5,11377.8,11378.4,11378.5,11379.1,11376.8,11377.4,11377.2,11377.8,0.6,151
2026-07-23T21:00:00+00:00,11377.6,11379.4,11377.6,11379.3,11377.3,11377.9,11379.1,11379.7,11377.3,11377.9,11379,11379.6,0.6,60
2026-07-23T21:05:00+00:00,11379.2,11379.5,11378.4,11378.8,11378.9,11379.5,11379.2,11379.8,11378.1,11378.7,11378.5,11379.1,0.6,49
2026-07-23T21:10:00+00:00,11378.9,11379.1,11377.8,11378,11378.6,11379.2,11378.8,11379.4,11377.5,11378.1,11377.7,11378.3,0.6,108
2026-07-23T21:15:00+00:00,11377.9,11378.1,11376.75,11377.4,11377.6,11378.2,11377.8,11378.4,11376.3,11377.2,11377.1,11377.7,0.6,99
2026-07-23T21:20:00+00:00,11377.3,11378.2,11377.1,11377.7,11377,11377.6,11377.9,11378.5,11376.8,11377.4,11377.4,11378,0.6,107
2026-07-23T21:25:00+00:00,11377.6,11379.4,11377.6,11379.4,11377.3,11377.9,11379.1,11379.7,11377.3,11377.9,11379.1,11379.7,0.6,134
2026-07-23T21:30:00+00:00,11379.3,11379.9,11377.25,11378.05,11379,11379.6,11379.6,11380.2,11376.8,11377.7,11377.6,11378.5,0.9,132
2026-07-23T21:35:00+00:00,11377.7,11377.8,11377,11377.1,11377.4,11378,11377.5,11378.1,11376.7,11377.3,11376.8,11377.4,0.6,104
2026-07-23T21:40:00+00:00,11377,11378.25,11376.8,11378.15,11376.7,11377.3,11377.8,11378.7,11376.5,11377.1,11377.7,11378.6,0.9,114
2026-07-23T21:45:00+00:00,11378.25,11378.45,11377.45,11377.85,11377.8,11378.7,11378,11378.9,11377,11377.9,11377.4,11378.3,0.9,154
2026-07-23T21:50:00+00:00,11377.75,11377.75,11376.65,11377.75,11377.3,11378.2,11377.3,11378.2,11376.2,11377.1,11377.3,11378.2,0.9,88
2026-07-23T21:55:00+00:00,11377.75,11378.5,11376.45,11377.25,11377,11378.5,11377.2,11379.8,11374.7,11378.2,11374.7,11379.8,5.1,178
2026-07-23T22:00:00+00:00,11376.9,11376.9,11375.2,11376,11373.6,11380.2,11373.6,11380.2,11371.9,11378.5,11372.7,11379.3,6.6,13
2026-07-23T22:05:00+00:00,11375.8,11377.7,11375.8,11376.9,11372.5,11379.1,11374.4,11381,11372.5,11379.1,11373.6,11380.2,6.6,16
2026-07-23T22:10:00+00:00,11377.7,11378.2,11376.2,11377.3,11374.4,11381,11374.9,11381.5,11372.9,11379.5,11374,11380.6,6.6,44
2026-07-23T22:15:00+00:00,11377.4,11378.5,11377.3,11378.5,11374.1,11380.7,11375.2,11381.8,11374,11380.6,11375.2,11381.8,6.6,32
2026-07-23T22:20:00+00:00,11378.1,11378.6,11377.6,11377.9,11374.8,11381.4,11375.3,11381.9,11374.3,11380.9,11374.6,11381.2,6.6,48
2026-07-23T22:25:00+00:00,11377.7,11378.1,11377.2,11377.9,11374.4,11381,11374.8,11381.4,11373.9,11380.5,11374.6,11381.2,6.6,6
2026-07-23T22:30:00+00:00,11377.6,11378.55,11376.55,11377.1,11374.3,11380.9,11375.7,11381.4,11373.5,11379.6,11374.6,11379.6,5,26
2026-07-23T22:35:00+00:00,11377.4,11378.25,11376,11377.15,11374.9,11379.9,11375.8,11380.7,11373,11379,11374.4,11379.9,5.5,48
2026-07-23T22:40:00+00:00,11376.75,11380.25,11376,11379.35,11374,11379.5,11378.4,11382.1,11373,11379,11376.6,11382.1,5.5,67
2026-07-23T22:45:00+00:00,11378.95,11380.8,11378.35,11379.1,11376.5,11381.4,11379.1,11382.5,11375.6,11381.1,11376.1,11382.1,6,93
2026-07-23T22:50:00+00:00,11379.5,11379.65,11378.5,11379.4,11376.5,11382.5,11376.5,11382.8,11375.2,11381.8,11376.1,11382.7,6.6,23
2026-07-23T22:55:00+00:00,11380.4,11381.3,11375.4,11377,11377.9,11382.9,11379.5,11383.1,11372.1,11378.7,11373.7,11380.3,6.6,77
2026-07-23T23:00:00+00:00,11377.1,11379.95,11376.45,11378.35,11373.8,11380.4,11377.7,11382.2,11373.8,11379.1,11377.6,11379.1,1.5,34
2026-07-23T23:05:00+00:00,11378.35,11379.35,11377.95,11378.15,11377.9,11378.8,11378.9,11379.8,11377.5,11378.4,11377.7,11378.6,0.9,29
2026-07-23T23:10:00+00:00,11377.75,11378.45,11377.55,11377.95,11377.3,11378.2,11378,11378.9,11377.1,11378,11377.5,11378.4,0.9,134
2026-07-23T23:15:00+00:00,11378.15,11378.45,11377.65,11378.25,11377.7,11378.6,11378,11378.9,11377.2,11378.1,11377.8,11378.7,0.9,119
2026-07-23T23:20:00+00:00,11378.05,11379.85,11377.75,11379.55,11377.6,11378.5,11379.4,11380.3,11377.3,11378.2,11379.1,11380,0.9,124
2026-07-23T23:25:00+00:00,11379.45,11379.45,11377.55,11377.85,11379,11379.9,11379,11379.9,11377.1,11378,11377.4,11378.3,0.9,136
2026-07-23T23:30:00+00:00,11377.65,11378.15,11377.05,11378.05,11377.2,11378.1,11377.7,11378.6,11376.6,11377.5,11377.6,11378.5,0.9,137
2026-07-23T23:35:00+00:00,11377.95,11378.65,11377.75,11378.25,11377.5,11378.4,11378.2,11379.1,11377.3,11378.2,11377.8,11378.7,0.9,95
2026-07-23T23:40:00+00:00,11378.35,11378.85,11377.55,11378.75,11377.9,11378.8,11378.4,11379.3,11377.1,11378,11378.3,11379.2,0.9,114
2026-07-23T23:45:00+00:00,11378.65,11379.25,11377.95,11379.15,11378.2,11379.1,11378.8,11379.7,11377.5,11378.4,11378.7,11379.6,0.9,105
2026-07-23T23:50:00+00:00,11379.05,11380.15,11378.65,11379.75,11378.6,11379.5,11379.7,11380.6,11378.2,11379.1,11379.3,11380.2,0.9,102
2026-07-23T23:55:00+00:00,11379.65,11380.25,11379.05,11380.05,11379.2,11380.1,11379.8,11380.7,11378.6,11379.5,11379.6,11380.5,0.9,66
2026-07-24T00:00:00+00:00,11379.95,11380.35,11378.45,11378.45,11379.5,11380.4,11379.9,11380.8,11378,11378.9,11378,11378.9,0.9,40
2026-07-24T00:05:00+00:00,11378.55,11378.75,11378.45,11378.45,11378.1,11379,11378.3,11379.2,11378,11378.9,11378,11378.9,0.9,35
2026-07-24T00:10:00+00:00,11378.55,11378.95,11378.35,11378.45,11378.1,11379,11378.5,11379.4,11377.9,11378.8,11378,11378.9,0.9,22
2026-07-24T00:15:00+00:00,11378.75,11378.9,11378.45,11378.65,11378.3,11379.2,11378.6,11379.2,11378,11378.9,11378.2,11379.1,0.9,23
2026-07-24T00:20:00+00:00,11378.75,11379.15,11378.55,11378.8,11378.3,11379.2,11378.8,11379.5,11378.2,11378.9,11378.5,11379.1,0.6,35
2026-07-24T00:25:00+00:00,11378.7,11378.9,11378.5,11378.55,11378.4,11379,11378.6,11379.2,11378.1,11378.9,11378.1,11379,0.9,30
2026-07-24T00:30:00+00:00,11378.45,11379.6,11378.45,11379.1,11378,11378.9,11379.3,11379.9,11378,11378.9,11378.8,11379.4,0.6,23
2026-07-24T00:35:00+00:00,11378.9,11378.9,11378.5,11378.6,11378.6,11379.2,11378.6,11379.2,11378.2,11378.8,11378.3,11378.9,0.6,33
2026-07-24T00:40:00+00:00,11378.5,11378.6,11376.1,11377,11378.2,11378.8,11378.3,11378.9,11375.8,11376.4,11376.7,11377.3,0.6,136
2026-07-24T00:45:00+00:00,11377.1,11378.8,11377.1,11377.4,11376.8,11377.4,11378.5,11379.1,11376.8,11377.4,11377.1,11377.7,0.6,118
2026-07-24T00:50:00+00:00,11377.5,11377.7,11375.7,11376.1,11377.2,11377.8,11377.4,11378,11375.4,11376,11375.8,11376.4,0.6,155
2026-07-24T00:55:00+00:00,11376,11377.1,11375.8,11376.2,11375.7,11376.3,11376.8,11377.4,11375.5,11376.1,11375.9,11376.5,0.6,106
2026-07-24T01:00:00+00:00,11376.1,11378.6,11374.85,11376.6,11375.8,11376.4,11378.3,11378.9,11374.4,11375.3,11376.3,11376.9,0.6,251
2026-07-24T01:05:00+00:00,11376.7,11380.6,11375.9,11379.5,11376.4,11377,11380.3,11380.9,11375.6,11376.2,11379.2,11379.8,0.6,176
2026-07-24T01:10:00+00:00,11379.4,11380.6,11378.65,11378.95,11379.1,11379.7,11380.3,11380.9,11378.3,11379,11378.5,11379.4,0.9,192
2026-07-24T01:15:00+00:00,11379.25,11379.45,11377.95,11379.25,11378.8,11379.7,11379.1,11379.8,11377.6,11378.3,11378.8,11379.7,0.9,181
2026-07-24T01:20:00+00:00,11378.8,11380.45,11378.65,11379.95,11378.5,11379.1,11380,11380.9,11378.3,11379,11379.5,11380.4,0.9,177
2026-07-24T01:25:00+00:00,11380.05,11380.15,11378.45,11379.55,11379.6,11380.5,11379.7,11380.6,11378,11378.9,11379.1,11380,0.9,209
2026-07-24T01:30:00+00:00,11379.5,11379.9,11378.5,11378.8,11379.2,11379.8,11379.6,11380.2,11378.2,11378.8,11378.5,11379.1,0.6,146
2026-07-24T01:35:00+00:00,11378.9,11379.4,11378.1,11378.1,11378.6,11379.2,11379.1,11379.7,11377.8,11378.4,11377.8,11378.4,0.6,121
2026-07-24T01:40:00+00:00,11378,11378.2,11377,11377.3,11377.7,11378.3,11377.9,11378.5,11376.7,11377.3,11377,11377.6,0.6,162
2026-07-24T01:45:00+00:00,11377.4,11378.2,11376.8,11377.9,11377.1,11377.7,11377.9,11378.5,11376.5,11377.1,11377.6,11378.2,0.6,139
2026-07-24T01:50:00+00:00,11378,11379.1,11377.4,11378.5,11377.7,11378.3,11378.8,11379.4,11377.1,11377.7,11378.2,11378.8,0.6,176
2026-07-24T01:55:00+00:00,11378.6,11384.3,11378.4,11384.3,11378.3,11378.9,11384,11384.6,11378.1,11378.7,11384,11384.6,0.6,213
2026-07-24T02:00:00+00:00,11384.9,11386.5,11383.7,11384.7,11384.6,11385.2,11386.2,11386.8,11383.4,11384,11384.4,11385,0.6,230
2026-07-24T02:05:00+00:00,11384.5,11384.55,11382.75,11383.75,11384.2,11384.8,11384.2,11384.9,11382.3,11383.2,11383.3,11384.2,0.9,154
2026-07-24T02:10:00+00:00,11383.65,11384.4,11382.8,11383.8,11383.2,11384.1,11384.1,11384.7,11382.4,11383.2,11383.5,11384.1,0.6,160
2026-07-24T02:15:00+00:00,11383.7,11385.6,11383,11385.6,11383.4,11384,11385.3,11385.9,11382.6,11383.4,11385.3,11385.9,0.6,199
2026-07-24T02:20:00+00:00,11385.5,11386.2,11384.8,11385.7,11385.2,11385.8,11385.9,11386.5,11384.5,11385.1,11385.4,11386,0.6,171
2026-07-24T02:25:00+00:00,11385.5,11385.5,11382.05,11382.05,11385.2,11385.8,11385.2,11385.8,11381.6,11382.5,11381.6,11382.5,0.9,183
2026-07-24T02:30:00+00:00,11381.85,11384.95,11381.65,11384.55,11381.4,11382.3,11384.5,11385.4,11381.3,11382,11384.1,11385,0.9,173
2026-07-24T02:35:00+00:00,11384.35,11386.2,11383.85,11384.9,11383.9,11384.8,11385.9,11386.5,11383.4,11384.3,11384.6,11385.2,0.6,147
2026-07-24T02:40:00+00:00,11384.8,11386.65,11384.7,11386.4,11384.5,11385.1,11386.2,11387.1,11384.4,11385,11386.1,11386.7,0.6,174
2026-07-24T02:45:00+00:00,11386.2,11387.55,11385.8,11387.3,11385.9,11386.5,11387.1,11388,11385.5,11386.1,11387,11387.6,0.6,107
2026-07-24T02:50:00+00:00,11387.2,11387.2,11385.5,11386.5,11386.9,11387.5,11386.9,11387.5,11385.2,11385.8,11386.2,11386.8,0.6,160
2026-07-24T02:55:00+00:00,11386.55,11386.65,11383.5,11384,11386.1,11387,11386.3,11387,11383.1,11383.9,11383.7,11384.3,0.6,154
2026-07-24T03:00:00+00:00,11383.9,11384.8,11383.2,11384.3,11383.6,11384.2,11384.5,11385.1,11382.9,11383.5,11384,11384.6,0.6,102
2026-07-24T03:05:00+00:00,11384.2,11384.3,11382.75,11383.15,11383.9,11384.5,11383.9,11384.7,11382.3,11383.2,11382.7,11383.6,0.9,95
2026-07-24T03:10:00+00:00,11383.05,11384.95,11382.85,11384.9,11382.6,11383.5,11384.6,11385.3,11382.4,11383.3,11384.6,11385.2,0.6,147
2026-07-24T03:15:00+00:00,11385,11385,11383.35,11384.1,11384.7,11385.3,11384.7,11385.3,11383,11383.7,11383.8,11384.4,0.6,147
2026-07-24T03:20:00+00:00,11384.2,11385.75,11383.9,11384.1,11383.9,11384.5,11385.4,11386.1,11383.5,11384.3,11383.8,11384.4,0.6,131
2026-07-24T03:25:00+00:00,11384,11385.2,11383.6,11384.5,11383.7,11384.3,11384.9,11385.5,11383.3,11383.9,11384.2,11384.8,0.6,101
2026-07-24T03:30:00+00:00,11384.3,11387.5,11384.2,11386.9,11384,11384.6,11387.2,11387.8,11383.9,11384.5,11386.6,11387.2,0.6,163
2026-07-24T03:35:00+00:00,11386.8,11386.9,11385.2,11385.4,11386.5,11387.1,11386.5,11387.3,11384.9,11385.5,11385.1,11385.7,0.6,141
2026-07-24T03:40:00+00:00,11385.6,11385.7,11384.6,11385,11385.3,11385.9,11385.4,11386,11384.3,11384.9,11384.7,11385.3,0.6,91
2026-07-24T03:45:00+00:00,11384.9,11385.3,11382.2,11382.3,11384.6,11385.2,11385,11385.6,11381.9,11382.5,11382,11382.6,0.6,156
2026-07-24T03:50:00+00:00,11382.2,11383.85,11382,11382.1,11381.9,11382.5,11383.4,11384.3,11381.6,11382.4,11381.8,11382.4,0.6,175
2026-07-24T03:55:00+00:00,11382.2,11383.1,11381.35,11381.35,11381.9,11382.5,11382.8,11383.4,11380.9,11381.8,11380.9,11381.8,0.9,107
2026-07-24T04:00:00+00:00,11381.25,11381.7,11380.5,11380.7,11380.8,11381.7,11381.4,11382,11380.2,11380.8,11380.4,11381,0.6,68
2026-07-24T04:05:00+00:00,11380.6,11381.15,11379.6,11379.7,11380.3,11380.9,11380.8,11381.5,11379.3,11379.9,11379.4,11380,0.6,70
2026-07-24T04:10:00+00:00,11379.2,11379.4,11378.1,11378.95,11378.9,11379.5,11379.1,11379.7,11377.8,11378.4,11378.5,11379.4,0.9,76
2026-07-24T04:15:00+00:00,11378.85,11379.6,11378.6,11378.6,11378.4,11379.3,11379.3,11379.9,11378.3,11378.9,11378.3,11378.9,0.6,64
2026-07-24T04:20:00+00:00,11378.5,11379.2,11378.1,11378.2,11378.2,11378.8,11378.9,11379.5,11377.8,11378.4,11377.9,11378.5,0.6,64
2026-07-24T04:25:00+00:00,11378.3,11379.5,11378.1,11379.2,11378,11378.6,11379.2,11379.8,11377.8,11378.4,11378.9,11379.5,0.6,70
2026-07-24T04:30:00+00:00,11379.1,11381.7,11379.1,11381.7,11378.8,11379.4,11381.4,11382,11378.8,11379.4,11381.4,11382,0.6,81
2026-07-24T04:35:00+00:00,11381.8,11382.4,11380.8,11381.4,11381.5,11382.1,11382.1,11382.7,11380.5,11381.1,11381.1,11381.7,0.6,59
2026-07-24T04:40:00+00:00,11381.5,11382.5,11381.5,11382.1,11381.2,11381.8,11382.2,11382.8,11381.2,11381.8,11381.8,11382.4,0.6,33
2026-07-24T04:45:00+00:00,11382,11382,11380.6,11381,11381.7,11382.3,11381.7,11382.3,11380.3,11380.9,11380.7,11381.3,0.6,61
2026-07-24T04:50:00+00:00,11380.9,11382.3,11380.8,11381.8,11380.6,11381.2,11382,11382.6,11380.5,11381.1,11381.5,11382.1,0.6,35
2026-07-24T04:55:00+00:00,11381.9,11382.3,11380.5,11382.1,11381.6,11382.2,11382,11382.6,11380.2,11380.8,11381.8,11382.4,0.6,66
2026-07-24T05:00:00+00:00,11382.3,11383.7,11381.9,11383.5,11382,11382.6,11383.4,11384,11381.6,11382.2,11383.2,11383.8,0.6,41
2026-07-24T05:05:00+00:00,11383.4,11383.7,11382.4,11383.45,11383.1,11383.7,11383.4,11384,11382.1,11382.7,11383,11383.9,0.9,60
2026-07-24T05:10:00+00:00,11383.65,11383.75,11382.3,11383.6,11383.2,11384.1,11383.4,11384.1,11382,11382.6,11383.3,11383.9,0.6,54
2026-07-24T05:15:00+00:00,11383.5,11384.2,11382.85,11383.1,11383.2,11383.8,11383.9,11384.5,11382.5,11383.2,11382.8,11383.4,0.6,45
2026-07-24T05:20:00+00:00,11382.9,11383.2,11381.6,11381.6,11382.6,11383.2,11382.9,11383.5,11381.3,11381.9,11381.3,11381.9,0.6,40
2026-07-24T05:25:00+00:00,11381.4,11381.4,11380.7,11380.7,11381.1,11381.7,11381.1,11381.7,11380.4,11381,11380.4,11381,0.6,38
2026-07-24T05:30:00+00:00,11380.8,11381.3,11379.9,11380.5,11380.5,11381.1,11381,11381.6,11379.6,11380.2,11380.2,11380.8,0.6,39
2026-07-24T05:35:00+00:00,11380.6,11380.8,11379.8,11380.2,11380.3,11380.9,11380.5,11381.1,11379.4,11380.2,11379.9,11380.5,0.6,39
2026-07-24T05:40:00+00:00,11380.3,11380.5,11378,11378,11380,11380.6,11380.2,11380.8,11377.7,11378.3,11377.7,11378.3,0.6,50
2026-07-24T05:45:00+00:00,11378.1,11378.6,11377.3,11377.65,11377.8,11378.4,11378.2,11379,11376.9,11377.7,11377.2,11378.1,0.9,59
2026-07-24T05:50:00+00:00,11377.15,11378.2,11376.65,11377.55,11376.7,11377.6,11377.9,11378.5,11376.2,11377.1,11377.1,11378,0.9,64
2026-07-24T05:55:00+00:00,11377.75,11379.6,11377.5,11379.5,11377.3,11378.2,11379.3,11379.9,11377.1,11377.9,11379.2,11379.8,0.6,47
2026-07-24T06:00:00+00:00,11379.7,11380.1,11378.6,11379.7,11379.3,11380.1,11379.8,11380.4,11378.3,11378.9,11379.4,11380,0.6,84
2026-07-24T06:05:00+00:00,11379.9,11381.1,11379.7,11380.2,11379.6,11380.2,11380.8,11381.4,11379.4,11380,11379.9,11380.5,0.6,71
2026-07-24T06:10:00+00:00,11380.7,11381.4,11379.9,11380.7,11380.4,11381,11381.1,11381.7,11379.6,11380.2,11380.4,11381,0.6,100
2026-07-24T06:15:00+00:00,11380.6,11381.7,11380,11381.4,11380.3,11380.9,11381.4,11382,11379.7,11380.3,11381.1,11381.7,0.6,400
2026-07-24T06:20:00+00:00,11381.5,11382.6,11381,11381.7,11381.2,11381.8,11382.3,11382.9,11380.7,11381.3,11381.4,11382,0.6,914
2026-07-24T06:25:00+00:00,11381.6,11382.65,11381.4,11381.6,11381.3,11381.9,11382.3,11383,11381.1,11381.7,11381.3,11381.9,0.6,896
2026-07-24T06:30:00+00:00,11381.7,11383.75,11381.2,11382.2,11381.4,11382,11383.4,11384.1,11380.9,11381.5,11381.9,11382.5,0.6,908
2026-07-24T06:35:00+00:00,11382.1,11382.9,11381,11381.45,11381.8,11382.4,11382.5,11383.3,11380.7,11381.3,11381,11381.9,0.9,1058
2026-07-24T06:40:00+00:00,11381.35,11382.85,11380.7,11381.1,11380.9,11381.8,11382.4,11383.3,11380.3,11381.1,11380.8,11381.4,0.6,1072
2026-07-24T06:45:00+00:00,11381,11381.6,11380.4,11381.1,11380.7,11381.3,11381.3,11381.9,11380.1,11380.7,11380.8,11381.4,0.6,64
2026-07-24T06:50:00+00:00,11380.9,11381,11378,11378,11380.6,11381.2,11380.7,11381.3,11377.7,11378.3,11377.7,11378.3,0.6,72
2026-07-24T06:55:00+00:00,11378.5,11378.8,11376.8,11377.8,11378.2,11378.8,11378.5,11379.1,11376.5,11377.1,11377.5,11378.1,0.6,95
2026-07-24T07:00:00+00:00,11377.7,11379.8,11377.4,11377.8,11377.4,11378,11379.5,11380.1,11377.1,11377.7,11377.5,11378.1,0.6,97
2026-07-24T07:05:00+00:00,11377.9,11379.1,11377.5,11378.5,11377.6,11378.2,11378.8,11379.4,11377.2,11377.8,11378.2,11378.8,0.6,111
2026-07-24T07:10:00+00:00,11378.6,11379.5,11377.5,11379.5,11378.3,11378.9,11379.2,11379.8,11377.2,11377.8,11379.2,11379.8,0.6,84
2026-07-24T07:15:00+00:00,11379.6,11383.2,11379.6,11383.1,11379.3,11379.9,11382.9,11383.5,11379.3,11379.9,11382.8,11383.4,0.6,99
2026-07-24T07:20:00+00:00,11383.6,11385.2,11383.1,11385.1,11383.3,11383.9,11384.9,11385.5,11382.8,11383.4,11384.8,11385.4,0.6,74
2026-07-24T07:25:00+00:00,11385.2,11386.2,11384.5,11385.2,11384.9,11385.5,11385.9,11386.5,11384.2,11384.8,11384.9,11385.5,0.6,129
2026-07-24T07:30:00+00:00,11385.1,11386.2,11383.4,11386,11384.8,11385.4,11385.9,11386.5,11383.1,11383.7,11385.7,11386.3,0.6,76
2026-07-24T07:35:00+00:00,11385.9,11386.1,11385,11385.6,11385.6,11386.2,11385.8,11386.4,11384.7,11385.3,11385.3,11385.9,0.6,77
2026-07-24T07:40:00+00:00,11385.7,11385.7,11383.2,11383.5,11385.4,11386,11385.4,11386,11382.9,11383.5,11383.2,11383.8,0.6,92
2026-07-24T07:45:00+00:00,11384.1,11385.3,11383.6,11384.1,11383.8,11384.4,11385,11385.6,11383.3,11383.9,11383.8,11384.4,0.6,65
2026-07-24T07:50:00+00:00,11384.2,11385.3,11383.1,11383.3,11383.9,11384.5,11385,11385.6,11382.8,11383.4,11383,11383.6,0.6,115
2026-07-24T07:55:00+00:00,11383,11387,11382.9,11386.9,11382.7,11383.3,11386.7,11387.3,11382.6,11383.2,11386.6,11387.2,0.6,120
2026-07-24T08:00:00+00:00,11387.4,11389.7,11386.7,11388.4,11387.1,11387.7,11389.4,11390,11386.4,11387,11388.1,11388.7,0.6,220
2026-07-24T08:05:00+00:00,11388.3,11393.7,11388.1,11393.3,11388,11388.6,11393.4,11394,11387.8,11388.4,11393,11393.6,0.6,191
2026-07-24T08:10:00+00:00,11393.25,11395.7,11392.9,11393.75,11392.8,11393.7,11395.4,11396,11392.6,11393.2,11393.3,11394.2,0.9,199
2026-07-24T08:15:00+00:00,11393.75,11395.6,11390.5,11392.6,11393.2,11394.3,11395,11396.2,11390.2,11390.8,11392.3,11392.9,0.6,202
2026-07-24T08:20:00+00:00,11392.7,11396.7,11392.4,11396.6,11392.4,11393,11396.4,11397,11392.1,11392.7,11396.3,11396.9,0.6,178
2026-07-24T08:25:00+00:00,11396.5,11399.7,11396.5,11397.55,11396.2,11396.8,11399.4,11400,11396.2,11396.8,11397.1,11398,0.9,169
2026-07-24T08:30:00+00:00,11397.65,11401.2,11395.8,11396.7,11397.2,11398.1,11400.9,11401.5,11395.5,11396.1,11396.4,11397,0.6,261
2026-07-24T08:35:00+00:00,11396.8,11397.9,11391.2,11391.8,11396.5,11397.1,11397.6,11398.2,11390.9,11391.5,11391.5,11392.1,0.6,242
2026-07-24T08:40:00+00:00,11391.9,11393.7,11390.1,11392.9,11391.6,11392.2,11393.4,11394,11389.8,11390.4,11392.6,11393.2,0.6,171
2026-07-24T08:45:00+00:00,11393,11393,11390.4,11391.6,11392.7,11393.3,11392.7,11393.3,11390.1,11390.7,11391.3,11391.9,0.6,214
2026-07-24T08:50:00+00:00,11391.7,11392.3,11390.2,11391.9,11391.4,11392,11392,11392.6,11389.9,11390.5,11391.6,11392.2,0.6,177
2026-07-24T08:55:00+00:00,11391.6,11392.9,11389.2,11389.75,11391.3,11391.9,11392.6,11393.2,11388.9,11389.5,11389.3,11390.2,0.9,145
2026-07-24T09:00:00+00:00,11389.65,11390.4,11387.4,11387.5,11389.2,11390.1,11390,11390.8,11387.1,11387.7,11387.2,11387.8,0.6,156
2026-07-24T09:05:00+00:00,11387.2,11388,11386,11387.8,11386.9,11387.5,11387.7,11388.3,11385.7,11386.3,11387.5,11388.1,0.6,212
2026-07-24T09:10:00+00:00,11387.9,11388.9,11387.1,11387.7,11387.6,11388.2,11388.6,11389.2,11386.8,11387.4,11387.4,11388,0.6,192
2026-07-24T09:15:00+00:00,11387.6,11388.6,11385,11386.2,11387.3,11387.9,11388.3,11388.9,11384.7,11385.3,11385.9,11386.5,0.6,184
2026-07-24T09:20:00+00:00,11386.1,11386.7,11383.6,11385.1,11385.8,11386.4,11386.4,11387,11383.3,11383.9,11384.8,11385.4,0.6,229
2026-07-24T09:25:00+00:00,11384.8,11387.9,11384.5,11387.4,11384.5,11385.1,11387.6,11388.2,11384.2,11384.8,11387.1,11387.7,0.6,201
2026-07-24T09:30:00+00:00,11387.8,11387.9,11386,11386.1,11387.5,11388.1,11387.6,11388.2,11385.7,11386.3,11385.8,11386.4,0.6,225
2026-07-24T09:35:00+00:00,11386.2,11387.4,11384.8,11386.8,11385.9,11386.5,11387.1,11387.7,11384.5,11385.1,11386.5,11387.1,0.6,218
2026-07-24T09:40:00+00:00,11386.7,11387.7,11385.3,11386.1,11386.4,11387,11387.4,11388,11385,11385.6,11385.8,11386.4,0.6,196
2026-07-24T09:45:00+00:00,11386.2,11386.5,11381.8,11381.8,11385.9,11386.5,11386.2,11386.8,11381.5,11382.1,11381.5,11382.1,0.6,190
2026-07-24T09:50:00+00:00,11381.7,11384.2,11381.5,11383.9,11381.4,11382,11383.9,11384.5,11381.2,11381.8,11383.6,11384.2,0.6,231
2026-07-24T09:55:00+00:00,11383.8,11383.8,11381.7,11383.5,11383.5,11384.1,11383.5,11384.1,11381.4,11382,11383.2,11383.8,0.6,140
2026-07-24T10:00:00+00:00,11383.2,11385.1,11382.6,11383.2,11382.9,11383.5,11384.8,11385.4,11382.3,11382.9,11382.9,11383.5,0.6,138
2026-07-24T10:05:00+00:00,11382.8,11386.7,11382.8,11386.6,11382.5,11383.1,11386.4,11387,11382.5,11383.1,11386.3,11386.9,0.6,156
2026-07-24T10:10:00+00:00,11386.7,11386.7,11384.2,11385.1,11386.4,11387,11386.4,11387,11383.9,11384.5,11384.8,11385.4,0.6,194
2026-07-24T10:15:00+00:00,11385,11387.2,11383.7,11386.9,11384.7,11385.3,11386.9,11387.5,11383.4,11384,11386.6,11387.2,0.6,149
2026-07-24T10:20:00+00:00,11386.7,11386.9,11383.6,11384.9,11386.4,11387,11386.6,11387.2,11383.3,11383.9,11384.6,11385.2,0.6,118
2026-07-24T10:25:00+00:00,11384.8,11387.5,11384.7,11387.2,11384.5,11385.1,11387.2,11387.8,11384.4,11385,11386.9,11387.5,0.6,161
2026-07-24T10:30:00+00:00,11387.3,11387.6,11386,11386.4,11387,11387.6,11387.3,11387.9,11385.7,11386.3,11386.1,11386.7,0.6,145
2026-07-24T10:35:00+00:00,11386.6,11387.2,11384.8,11385.2,11386.3,11386.9,11386.9,11387.5,11384.5,11385.1,11384.9,11385.5,0.6,191
2026-07-24T10:40:00+00:00,11384.8,11387.2,11383.8,11386.4,11384.5,11385.1,11386.9,11387.5,11383.5,11384.1,11386.1,11386.7,0.6,154
2026-07-24T10:45:00+00:00,11386.1,11387.3,11385.7,11386.2,11385.8,11386.4,11387,11387.6,11385.4,11386,11385.9,11386.5,0.6,115
2026-07-24T10:50:00+00:00,11386.3,11387.6,11385.5,11387,11386,11386.6,11387.3,11387.9,11385.2,11385.8,11386.7,11387.3,0.6,214
2026-07-24T10:55:00+00:00,11386.9,11389.4,11386.4,11389.4,11386.6,11387.2,11389.1,11389.7,11386.1,11386.7,11389.1,11389.7,0.6,164
2026-07-24T11:00:00+00:00,11389.5,11390.9,11387.5,11390.5,11389.2,11389.8,11390.6,11391.2,11387.2,11387.8,11390.2,11390.8,0.6,140
2026-07-24T11:05:00+00:00,11389.9,11389.9,11387.9,11389.4,11389.6,11390.2,11389.6,11390.2,11387.6,11388.2,11389.1,11389.7,0.6,94
2026-07-24T11:10:00+00:00,11389.3,11389.9,11387.5,11388,11389,11389.6,11389.6,11390.2,11387.2,11387.8,11387.7,11388.3,0.6,146
2026-07-24T11:15:00+00:00,11387.6,11389.9,11387.4,11389.3,11387.3,11387.9,11389.6,11390.2,11387.1,11387.7,11389,11389.6,0.6,104
2026-07-24T11:20:00+00:00,11389.4,11391.8,11389.1,11391.7,11389.1,11389.7,11391.5,11392.1,11388.8,11389.4,11391.4,11392,0.6,161
2026-07-24T11:25:00+00:00,11391.8,11393.2,11390.1,11390.1,11391.5,11392.1,11392.9,11393.5,11389.8,11390.4,11389.8,11390.4,0.6,241
2026-07-24T11:30:00+00:00,11390,11392,11389.6,11390.7,11389.7,11390.3,11391.7,11392.3,11389.3,11389.9,11390.4,11391,0.6,143
2026-07-24T11:35:00+00:00,11390.8,11391.9,11389.9,11389.9,11390.5,11391.1,11391.6,11392.2,11389.6,11390.2,11389.6,11390.2,0.6,127
2026-07-24T11:40:00+00:00,11389.8,11389.9,11387.2,11387.5,11389.5,11390.1,11389.6,11390.2,11386.9,11387.5,11387.2,11387.8,0.6,172
2026-07-24T11:45:00+00:00,11387.3,11388.2,11386.3,11386.8,11387,11387.6,11387.9,11388.5,11386,11386.6,11386.5,11387.1,0.6,182
2026-07-24T11:50:00+00:00,11386.9,11386.9,11382.6,11382.7,11386.6,11387.2,11386.6,11387.2,11382.3,11382.9,11382.4,11383,0.6,163
2026-07-24T11:55:00+00:00,11382.8,11384.2,11380.9,11383.4,11382.5,11383.1,11383.9,11384.5,11380.6,11381.2,11383.1,11383.7,0.6,210
2026-07-24T12:00:00+00:00,11383.3,11385.1,11381.7,11384.7,11383,11383.6,11384.8,11385.4,11381.4,11382,11384.4,11385,0.6,197
2026-07-24T12:05:00+00:00,11384.8,11385.8,11383.8,11385.6,11384.5,11385.1,11385.5,11386.1,11383.5,11384.1,11385.3,11385.9,0.6,99
2026-07-24T12:10:00+00:00,11385.7,11388.3,11385.3,11388.3,11385.4,11386,11388,11388.6,11385,11385.6,11388,11388.6,0.6,93
2026-07-24T12:15:00+00:00,11388.4,11388.4,11385.8,11385.8,11388.1,11388.7,11388.1,11388.7,11385.5,11386.1,11385.5,11386.1,0.6,100
2026-07-24T12:20:00+00:00,11385.9,11386.5,11384.9,11384.9,11385.6,11386.2,11386.2,11386.8,11384.6,11385.2,11384.6,11385.2,0.6,105
2026-07-24T12:25:00+00:00,11385,11385.6,11382.5,11382.5,11384.7,11385.3,11385.3,11385.9,11382.2,11382.8,11382.2,11382.8,0.6,101
2026-07-24T12:30:00+00:00,11382.4,11382.7,11381.3,11381.9,11382.1,11382.7,11382.4,11383,11381,11381.6,11381.6,11382.2,0.6,84
2026-07-24T12:35:00+00:00,11382,11382.1,11379.6,11379.7,11381.7,11382.3,11381.8,11382.4,11379.3,11379.9,11379.4,11380,0.6,101
2026-07-24T12:40:00+00:00,11379.6,11380.2,11378.4,11380,11379.3,11379.9,11379.9,11380.5,11378.1,11378.7,11379.7,11380.3,0.6,122
2026-07-24T12:45:00+00:00,11380.6,11381.3,11379.4,11379.8,11380.3,11380.9,11381,11381.6,11379.1,11379.7,11379.5,11380.1,0.6,76
2026-07-24T12:50:00+00:00,11379.9,11380,11376,11376.7,11379.6,11380.2,11379.7,11380.3,11375.7,11376.3,11376.4,11377,0.6,118
2026-07-24T12:55:00+00:00,11376.8,11376.8,11371.3,11375,11376.5,11377.1,11376.5,11377.1,11371,11371.6,11374.7,11375.3,0.6,347
2026-07-24T13:00:00+00:00,11375.1,11377,11372.2,11373.5,11374.8,11375.4,11376.7,11377.3,11371.9,11372.5,11373.2,11373.8,0.6,241
2026-07-24T13:05:00+00:00,11373.6,11377.5,11372.2,11377.2,11373.3,11373.9,11377.2,11377.8,11371.9,11372.5,11376.9,11377.5,0.6,160
2026-07-24T13:10:00+00:00,11377.4,11378.5,11376,11378,11377.1,11377.7,11378.2,11378.8,11375.7,11376.3,11377.7,11378.3,0.6,128
2026-07-24T13:15:00+00:00,11377.8,11377.8,11376,11376.8,11377.5,11378.1,11377.5,11378.1,11375.7,11376.3,11376.5,11377.1,0.6,151
2026-07-24T13:20:00+00:00,11376.5,11376.7,11375,11376,11376.2,11376.8,11376.4,11377,11374.7,11375.3,11375.7,11376.3,0.6,148
2026-07-24T13:25:00+00:00,11376.1,11376.1,11372.8,11374.2,11375.8,11376.4,11375.8,11376.4,11372.5,11373.1,11373.9,11374.5,0.6,142
2026-07-24T13:30:00+00:00,11374.4,11375.9,11370.1,11370.1,11374.1,11374.7,11375.6,11376.2,11369.8,11370.4,11369.8,11370.4,0.6,181
2026-07-24T13:35:00+00:00,11370.7,11373.1,11370.6,11372.2,11370.4,11371,11372.8,11373.4,11370.3,11370.9,11371.9,11372.5,0.6,163
2026-07-24T13:40:00+00:00,11372.1,11372.1,11367.5,11368.5,11371.8,11372.4,11371.8,11372.4,11367.2,11367.8,11368.2,11368.8,0.6,163
2026-07-24T13:45:00+00:00,11368.4,11371.8,11368,11369.1,11368.1,11368.7,11371.5,11372.1,11367.7,11368.3,11368.8,11369.4,0.6,151
2026-07-24T13:50:00+00:00,11369,11370.7,11368.1,11369.6,11368.7,11369.3,11370.4,11371,11367.8,11368.4,11369.3,11369.9,0.6,142
2026-07-24T13:55:00+00:00,11369.5,11370.8,11367.5,11370.2,11369.2,11369.8,11370.5,11371.1,11367.2,11367.8,11369.9,11370.5,0.6,144
2026-07-24T14:00:00+00:00,11370,11371.7,11367.3,11368.3,11369.7,11370.3,11371.4,11372,11367,11367.6,11368,11368.6,0.6,216
2026-07-24T14:05:00+00:00,11368.4,11368.6,11366.1,11366.7,11368.1,11368.7,11368.3,11368.9,11365.8,11366.4,11366.4,11367,0.6,138
2026-07-24T14:10:00+00:00,11366.6,11372.7,11364.8,11370.6,11366.3,11366.9,11372.4,11373,11364.5,11365.1,11370.3,11370.9,0.6,182
2026-07-24T14:15:00+00:00,11370.7,11372.9,11369.6,11372.4,11370.4,11371,11372.6,11373.2,11369.3,11369.9,11372.1,11372.7,0.6,173
2026-07-24T14:20:00+00:00,11372.7,11374.3,11370.4,11371.6,11372.4,11373,11374,11374.6,11370.1,11370.7,11371.3,11371.9,0.6,185
2026-07-24T14:25:00+00:00,11372.1,11372.2,11369.4,11370.7,11371.8,11372.4,11371.9,11372.5,11369.1,11369.7,11370.4,11371,0.6,131
2026-07-24T14:30:00+00:00,11371.1,11371.3,11367.8,11369,11370.8,11371.4,11371,11371.6,11367.5,11368.1,11368.7,11369.3,0.6,169
2026-07-24T14:35:00+00:00,11369.1,11372.8,11368.5,11372.5,11368.8,11369.4,11372.5,11373.1,11368.2,11368.8,11372.2,11372.8,0.6,181
2026-07-24T14:40:00+00:00,11372.8,11373.3,11371.45,11371.65,11372.5,11373.1,11373,11373.6,11371,11371.9,11371.2,11372.1,0.9,162
2026-07-24T14:45:00+00:00,11370.85,11372,11369.55,11370.2,11369.5,11372.2,11371.7,11372.3,11369.1,11370,11369.9,11370.5,0.6,169
2026-07-24T14:50:00+00:00,11370.3,11373.3,11368.9,11373.2,11370,11370.6,11373,11373.6,11368.6,11369.2,11372.9,11373.5,0.6,174
2026-07-24T14:55:00+00:00,11373,11376.9,11372,11376.55,11372.7,11373.3,11376.6,11377.2,11371.7,11372.3,11376.1,11377,0.9,216
2026-07-24T15:00:00+00:00,11376.65,11379.3,11375.65,11375.75,11376.2,11377.1,11379,11379.6,11375.2,11376.1,11375.3,11376.2,0.9,232
2026-07-24T15:05:00+00:00,11376,11376.5,11370.7,11373.9,11375.7,11376.3,11376.2,11376.8,11370.4,11371,11373.6,11374.2,0.6,269
2026-07-24T15:10:00+00:00,11373.8,11375,11371.5,11372.1,11373.5,11374.1,11374.7,11375.3,11371.2,11371.8,11371.8,11372.4,0.6,246
2026-07-24T15:15:00+00:00,11372.4,11375,11372.1,11372.8,11372.1,11372.7,11374.7,11375.3,11371.8,11372.4,11372.5,11373.1,0.6,218
2026-07-24T15:20:00+00:00,11373,11376.3,11372.8,11375.4,11372.7,11373.3,11376,11376.6,11372.5,11373.1,11375.1,11375.7,0.6,286
2026-07-24T15:25:00+00:00,11375.5,11378.3,11375.3,11375.3,11375.2,11375.8,11378,11378.6,11375,11375.6,11375,11375.6,0.6,262
2026-07-24T15:30:00+00:00,11375.4,11378.7,11374.5,11378.5,11375.1,11375.7,11378.4,11379,11374.2,11374.8,11378.2,11378.8,0.6,230
2026-07-24T15:35:00+00:00,11378.6,11379.2,11376.3,11376.4,11378.3,11378.9,11378.9,11379.5,11376,11376.6,11376.1,11376.7,0.6,228
2026-07-24T15:40:00+00:00,11376.3,11377.7,11375.9,11376.3,11376,11376.6,11377.4,11378,11375.6,11376.2,11376,11376.6,0.6,192
2026-07-24T15:45:00+00:00,11376.2,11378.8,11375.8,11378.5,11375.9,11376.5,11378.5,11379.1,11375.5,11376.1,11378.2,11378.8,0.6,211
2026-07-24T15:50:00+00:00,11378.6,11379,11375.2,11377,11378.3,11378.9,11378.7,11379.3,11374.9,11375.5,11376.7,11377.3,0.6,326
2026-07-24T15:55:00+00:00,11377.8,11381.1,11376.8,11378.4,11377.5,11378.1,11380.8,11381.4,11376.5,11377.1,11378.1,11378.7,0.6,433
2026-07-24T16:00:00+00:00,11378.6,11380.5,11376.8,11379,11378.3,11378.9,11380.2,11380.8,11376.5,11377.1,11378.7,11379.3,0.6,302
2026-07-24T16:05:00+00:00,11379.6,11383.1,11379,11382.6,11379.3,11379.9,11382.8,11383.4,11378.7,11379.3,11382.3,11382.9,0.6,210
2026-07-24T16:10:00+00:00,11382.7,11388.9,11382.7,11387.4,11382.4,11383,11388.5,11389.3,11382.4,11383,11387.1,11387.7,0.6,538
2026-07-24T16:15:00+00:00,11387.2,11390.7,11385,11385.8,11386.9,11387.5,11390.4,11391,11384.7,11385.3,11385.5,11386.1,0.6,563
2026-07-24T16:20:00+00:00,11385.7,11387.55,11385,11385.4,11385.4,11386,11387.2,11387.9,11384.6,11385.4,11385.1,11385.7,0.6,287
2026-07-24T16:25:00+00:00,11385.5,11387.1,11384.3,11384.8,11385.2,11385.8,11386.8,11387.4,11384,11384.6,11384.5,11385.1,0.6,274
2026-07-24T16:30:00+00:00,11385,11387.6,11383.75,11385.3,11384.7,11385.3,11387.2,11388,11383.3,11384.2,11385,11385.6,0.6,264
2026-07-24T16:35:00+00:00,11385.4,11389.5,11384.6,11389,11385.1,11385.7,11389.2,11389.8,11384.3,11384.9,11388.7,11389.3,0.6,221
2026-07-24T16:40:00+00:00,11388.8,11389.5,11384.15,11384.5,11388.5,11389.1,11389.2,11389.8,11383.7,11384.6,11384.2,11384.8,0.6,265
2026-07-24T16:45:00+00:00,11384.6,11386.35,11384.6,11385.6,11384.3,11384.9,11385.9,11386.8,11384.3,11384.9,11385.3,11385.9,0.6,218
2026-07-24T16:50:00+00:00,11385.7,11386.8,11384.6,11385.2,11385.4,11386,11386.4,11387.2,11384.3,11384.9,11384.9,11385.5,0.6,214
2026-07-24T16:55:00+00:00,11385.1,11385.1,11382.5,11384.4,11384.8,11385.4,11384.8,11385.4,11382.2,11382.8,11384.1,11384.7,0.6,178
2026-07-24T17:00:00+00:00,11384.3,11384.3,11381.6,11382.9,11384,11384.6,11384,11384.6,11381.3,11381.9,11382.6,11383.2,0.6,111
2026-07-24T17:05:00+00:00,11383,11385.2,11381.7,11384.5,11382.7,11383.3,11384.9,11385.5,11381.4,11382,11384.2,11384.8,0.6,95
2026-07-24T17:10:00+00:00,11384.4,11385.9,11383.8,11385.4,11384.1,11384.7,11385.6,11386.2,11383.5,11384.1,11385.1,11385.7,0.6,166
2026-07-24T17:15:00+00:00,11385.3,11386.5,11384.7,11385.7,11385,11385.6,11386.2,11386.8,11384.4,11385,11385.4,11386,0.6,171
2026-07-24T17:20:00+00:00,11385.2,11385.7,11382.8,11383.2,11384.9,11385.5,11385.4,11386,11382.5,11383.1,11382.9,11383.5,0.6,146
2026-07-24T17:25:00+00:00,11383.3,11383.6,11381.6,11383.5,11383,11383.6,11383.3,11383.9,11381.3,11381.9,11383.2,11383.8,0.6,179
2026-07-24T17:30:00+00:00,11383.4,11383.95,11381.2,11383.75,11383.1,11383.7,11383.5,11384.4,11380.9,11381.5,11383.3,11384.2,0.9,203
2026-07-24T17:35:00+00:00,11383.85,11384.25,11380.7,11380.8,11383.4,11384.3,11383.8,11384.7,11380.4,11381,11380.5,11381.1,0.6,224
2026-07-24T17:40:00+00:00,11380.7,11381.3,11379.7,11380.7,11380.4,11381,11381,11381.6,11379.4,11380,11380.4,11381,0.6,127
2026-07-24T17:45:00+00:00,11380.2,11380.8,11378.7,11379.7,11379.9,11380.5,11380.5,11381.1,11378.4,11379,11379.4,11380,0.6,136
2026-07-24T17:50:00+00:00,11379.3,11379.8,11378.6,11379.6,11379,11379.6,11379.5,11380.1,11378.3,11378.9,11379.3,11379.9,0.6,127
2026-07-24T17:55:00+00:00,11379.8,11380.9,11377.8,11377.8,11379.5,11380.1,11380.6,11381.2,11377.5,11378.1,11377.5,11378.1,0.6,96
2026-07-24T18:00:00+00:00,11377.7,11377.9,11376.4,11376.5,11377.4,11378,11377.6,11378.2,11376.1,11376.7,11376.2,11376.8,0.6,145
2026-07-24T18:05:00+00:00,11376.6,11376.8,11370.7,11372.2,11376.3,11376.9,11376.5,11377.1,11370.4,11371,11371.9,11372.5,0.6,258
2026-07-24T18:10:00+00:00,11372.3,11372.7,11370,11371.1,11372,11372.6,11372.4,11373,11369.7,11370.3,11370.8,11371.4,0.6,272
2026-07-24T18:15:00+00:00,11371.2,11372.6,11369.8,11369.9,11370.9,11371.5,11372.3,11372.9,11369.5,11370.1,11369.6,11370.2,0.6,174
2026-07-24T18:20:00+00:00,11370,11370.6,11368.7,11369.7,11369.7,11370.3,11370.3,11370.9,11368.4,11369,11369.4,11370,0.6,150
2026-07-24T18:25:00+00:00,11369.8,11372,11369.5,11372,11369.5,11370.1,11371.7,11372.3,11369.2,11369.8,11371.7,11372.3,0.6,138
2026-07-24T18:30:00+00:00,11372.1,11372.8,11371.2,11371.3,11371.8,11372.4,11372.5,11373.1,11370.9,11371.5,11371,11371.6,0.6,144
2026-07-24T18:35:00+00:00,11371.4,11371.7,11369.5,11369.5,11371.1,11371.7,11371.4,11372,11369.2,11369.8,11369.2,11369.8,0.6,136
2026-07-24T18:40:00+00:00,11369.6,11370.1,11368.2,11369.3,11369.3,11369.9,11369.8,11370.4,11367.9,11368.5,11369,11369.6,0.6,158
2026-07-24T18:45:00+00:00,11369.2,11369.6,11368.5,11368.7,11368.9,11369.5,11369.3,11369.9,11368.2,11368.8,11368.4,11369,0.6,118
2026-07-24T18:50:00+00:00,11368.6,11369,11367.6,11369,11368.3,11368.9,11368.7,11369.3,11367.3,11367.9,11368.7,11369.3,0.6,112
2026-07-24T18:55:00+00:00,11369.1,11370.6,11369,11369.6,11368.8,11369.4,11370.3,11370.9,11368.7,11369.3,11369.3,11369.9,0.6,79
2026-07-24T19:00:00+00:00,11369.7,11369.9,11367.8,11368.6,11369.4,11370,11369.6,11370.2,11367.5,11368.1,11368.3,11368.9,0.6,56
2026-07-24T19:05:00+00:00,11368.9,11370.2,11368.6,11370.1,11368.6,11369.2,11369.9,11370.5,11368.3,11368.9,11369.8,11370.4,0.6,85
2026-07-24T19:10:00+00:00,11370,11370.6,11369.3,11369.6,11369.7,11370.3,11370.3,11370.9,11369,11369.6,11369.3,11369.9,0.6,124
2026-07-24T19:15:00+00:00,11369.8,11371.4,11369.6,11369.9,11369.5,11370.1,11371.1,11371.7,11369.3,11369.9,11369.6,11370.2,0.6,113
2026-07-24T19:20:00+00:00,11370,11370.1,11367.8,11369.5,11369.7,11370.3,11369.8,11370.4,11367.5,11368.1,11369.2,11369.8,0.6,116
2026-07-24T19:25:00+00:00,11369.4,11370,11368.7,11369.1,11369.1,11369.7,11369.7,11370.3,11368.4,11369,11368.8,11369.4,0.6,141
2026-07-24T19:30:00+00:00,11369.2,11370.1,11367.9,11367.9,11368.9,11369.5,11369.8,11370.4,11367.6,11368.2,11367.6,11368.2,0.6,130
2026-07-24T19:35:00+00:00,11367.8,11369.4,11367.2,11368.9,11367.5,11368.1,11369.1,11369.7,11366.9,11367.5,11368.6,11369.2,0.6,128
2026-07-24T19:40:00+00:00,11368.8,11369.4,11367.7,11368.6,11368.5,11369.1,11369.1,11369.7,11367.4,11368,11368.3,11368.9,0.6,108
2026-07-24T19:45:00+00:00,11368.7,11370.9,11368.5,11369.8,11368.4,11369,11370.6,11371.2,11368.2,11368.8,11369.5,11370.1,0.6,114
2026-07-24T19:50:00+00:00,11369.7,11370.2,11369.2,11369.2,11369.4,11370,11369.9,11370.5,11368.9,11369.5,11368.9,11369.5,0.6,104
2026-07-24T19:55:00+00:00,11369.3,11370.2,11369.2,11370,11369,11369.6,11369.9,11370.5,11368.9,11369.5,11369.7,11370.3,0.6,88
2026-07-24T20:00:00+00:00,11370.3,11371.3,11370,11370.5,11370,11370.6,11371,11371.6,11369.7,11370.3,11370.2,11370.8,0.6,118
2026-07-24T20:05:00+00:00,11370.2,11371,11369.9,11370.6,11369.9,11370.5,11370.7,11371.3,11369.6,11370.2,11370.3,11370.9,0.6,99
2026-07-24T20:10:00+00:00,11370.7,11371.4,11370,11370.4,11370.4,11371,11371.1,11371.7,11369.7,11370.3,11370.1,11370.7,0.6,127
2026-07-24T20:15:00+00:00,11370.5,11370.7,11369.6,11370.3,11370.2,11370.8,11370.4,11371,11369.3,11369.9,11370,11370.6,0.6,109
2026-07-24T20:20:00+00:00,11370.5,11370.7,11368.7,11368.8,11370.2,11370.8,11370.4,11371,11368.4,11369,11368.5,11369.1,0.6,110
2026-07-24T20:25:00+00:00,11369,11369.3,11368.1,11368.7,11368.7,11369.3,11369,11369.6,11367.8,11368.4,11368.4,11369,0.6,145
2026-07-24T20:30:00+00:00,11368.8,11370,11368,11369.3,11368.5,11369.1,11369.7,11370.3,11367.7,11368.3,11369,11369.6,0.6,182
2026-07-24T20:35:00+00:00,11369.4,11372.3,11368.9,11371.6,11369.1,11369.7,11372,11372.6,11368.6,11369.2,11371.3,11371.9,0.6,214
2026-07-24T20:40:00+00:00,11371.7,11372.5,11371.2,11371.6,11371.4,11372,11372.2,11372.8,11370.9,11371.5,11371.3,11371.9,0.6,128
2026-07-24T20:45:00+00:00,11371.7,11371.9,11370.2,11371.1,11371.4,11372,11371.6,11372.2,11369.9,11370.5,11370.8,11371.4,0.6,116
2026-07-24T20:50:00+00:00,11371.3,11371.3,11370.4,11371,11371,11371.6,11371,11371.6,11370.1,11370.7,11370.7,11371.3,0.6,76
2026-07-24T20:55:00+00:00,11370.7,11371.1,11370,11370.1,11370.4,11371,11370.8,11371.4,11369.7,11370.3,11369.8,11370.4,0.6,104
2026-07-24T21:00:00+00:00,11370.3,11370.8,11370.1,11370.5,11370,11370.6,11370.5,11371.1,11369.8,11370.4,11370.2,11370.8,0.6,34
2026-07-24T21:05:00+00:00,11370.4,11370.5,11369.6,11369.9,11370.1,11370.7,11370.2,11370.8,11369.3,11369.9,11369.6,11370.2,0.6,46
2026-07-24T21:10:00+00:00,11370,11370.3,11369.6,11370.1,11369.7,11370.3,11370,11370.6,11369.3,11369.9,11369.8,11370.4,0.6,73
2026-07-24T21:15:00+00:00,11370,11370.1,11368.7,11368.7,11369.7,11370.3,11369.8,11370.4,11368.4,11369,11368.4,11369,0.6,75
2026-07-24T21:20:00+00:00,11368.8,11369.4,11368.5,11368.9,11368.5,11369.1,11369.1,11369.7,11368.2,11368.8,11368.6,11369.2,0.6,97
2026-07-24T21:25:00+00:00,11368.85,11369.45,11368.15,11368.85,11368.3,11369.4,11369,11369.9,11367.7,11368.6,11368.4,11369.3,0.9,124
2026-07-24T21:30:00+00:00,11368.95,11369.05,11367.55,11368.05,11368.5,11369.4,11368.6,11369.5,11367.1,11368,11367.6,11368.5,0.9,107
2026-07-24T21:35:00+00:00,11367.95,11368.55,11367.35,11367.85,11367.5,11368.4,11368.1,11369,11366.9,11367.8,11367.4,11368.3,0.9,113
2026-07-24T21:40:00+00:00,11367.95,11369.75,11367.15,11368.25,11367.5,11368.4,11369.2,11370.3,11366.6,11367.7,11367.8,11368.7,0.9,132
2026-07-24T21:45:00+00:00,11368.35,11370.95,11368.2,11370.75,11367.7,11369,11370.5,11371.4,11367.6,11368.8,11370.3,11371.2,0.9,163
2026-07-24T21:50:00+00:00,11370.85,11371.35,11369.65,11370.25,11370.4,11371.3,11370.9,11371.8,11369.2,11370.1,11369.8,11370.7,0.9,190
2026-07-24T21:55:00+00:00,11370.45,11374.3,11369.15,11371.7,11369.7,11371.2,11371,11377.6,11368,11370.3,11368.4,11375,6.6,122
2026-07-26T21:00:00+00:00,11395.5,11395.5,11393.65,11394.6,11392.7,11398.3,11392.7,11398.3,11390.1,11397.2,11391.9,11397.3,5.4,6
2026-07-26T21:05:00+00:00,11394.6,11394.6,11394.6,11394.6,11392,11397.2,11392,11397.2,11392,11397.2,11392,11397.2,5.2,1
2026-07-26T21:10:00+00:00,11393.6,11393.6,11393.6,11393.6,11389.5,11397.7,11389.5,11397.7,11389.5,11397.7,11389.5,11397.7,8.2,1
2026-07-26T21:15:00+00:00,11394.1,11399.05,11394.1,11398.75,11390.6,11397.6,11398.1,11400,11390.6,11397.6,11397.8,11399.7,1.9,24
2026-07-26T21:20:00+00:00,11398.65,11399.05,11398.45,11398.45,11397.7,11399.6,11398.1,11400,11397.5,11399.4,11397.5,11399.4,1.9,15
2026-07-26T21:25:00+00:00,11398.35,11399.75,11398.35,11399.75,11397.4,11399.3,11398.8,11400.7,11397.4,11399.3,11398.8,11400.7,1.9,15
2026-07-26T21:30:00+00:00,11399.05,11399.05,11398.85,11398.85,11398.1,11400,11398.1,11400,11397.9,11399.8,11397.9,11399.8,1.9,2
2026-07-26T21:35:00+00:00,11399.05,11399.75,11396.8,11397.3,11398.1,11400,11398.8,11400.7,11394.1,11399.5,11394.1,11400.5,6.4,12
2026-07-26T21:40:00+00:00,11397,11399.3,11396.45,11398.65,11393.8,11400.2,11398,11400.6,11393.8,11399.1,11397.7,11399.6,1.9,23
2026-07-26T21:45:00+00:00,11399.25,11399.45,11393.6,11393.85,11398.3,11400.2,11398.5,11400.4,11389.1,11398.1,11389.6,11398.1,8.5,24
2026-07-26T21:50:00+00:00,11393.35,11394.6,11393.35,11394.1,11389.1,11397.6,11390,11399.2,11389.1,11397.6,11389.1,11399.1,10,16
2026-07-26T21:55:00+00:00,11394.1,11394.95,11393.6,11394.95,11388.8,11399.4,11388.8,11401.1,11387.8,11399.4,11388.8,11401.1,12.3,6
2026-07-26T22:00:00+00:00,11394.65,11396.55,11394,11394.95,11388.3,11401,11392.1,11401,11388.3,11399.7,11390,11399.9,9.9,45
2026-07-26T22:05:00+00:00,11393.9,11395.65,11389.45,11391.05,11387.8,11400,11390.6,11400.7,11387.2,11391.7,11387.6,11394.5,6.9,81
2026-07-26T22:10:00+00:00,11390.35,11394.65,11388.2,11394,11386.3,11394.4,11391.6,11397.7,11385.1,11391.3,11390.7,11397.3,6.6,129
2026-07-26T22:15:00+00:00,11394.05,11396.95,11393.5,11394.9,11390.5,11397.6,11394.2,11399.7,11389.4,11397.6,11390.6,11399.2,8.6,107
2026-07-26T22:20:00+00:00,11393.95,11395.2,11393.15,11395.1,11390.5,11397.4,11390.7,11399.7,11388.9,11397.4,11390.5,11399.7,9.2,93
2026-07-26T22:25:00+00:00,11395.3,11395.85,11393.2,11394.15,11390.4,11400.2,11391.2,11400.5,11388,11398.4,11389,11399.3,10.3,63
2026-07-26T22:30:00+00:00,11394.3,11395.45,11393.15,11394.85,11388.9,11399.7,11391.2,11399.7,11387.3,11399,11390.4,11399.3,8.9,62
2026-07-26T22:35:00+00:00,11395.05,11395.95,11393.8,11394.3,11390.6,11399.5,11392.1,11399.8,11389.2,11398.4,11389.7,11398.9,9.2,84
2026-07-26T22:40:00+00:00,11394.45,11396.4,11394.35,11395.05,11389.6,11399.3,11392.9,11399.9,11389.4,11399.3,11390.8,11399.3,8.5,57
2026-07-26T22:45:00+00:00,11395.25,11397.75,11395.1,11396.3,11391,11399.5,11394.5,11401,11391,11399.2,11392.5,11400.1,7.6,89
2026-07-26T22:50:00+00:00,11396.05,11396.4,11394.2,11394.7,11391.8,11400.3,11391.8,11401,11388.4,11400,11388.9,11400.5,11.6,47
2026-07-26T22:55:00+00:00,11393.6,11395.1,11390.25,11390.9,11387.8,11399.4,11389.8,11400.4,11386.3,11394.2,11386.6,11395.2,8.6,41
2026-07-26T23:00:00+00:00,11390.8,11400.6,11390.65,11398.4,11386.3,11395.3,11400,11401.2,11386.3,11395,11397.5,11399.3,1.8,224
2026-07-26T23:05:00+00:00,11398.2,11400.25,11396.05,11396.25,11397.6,11398.8,11399.8,11400.7,11395.6,11396.5,11395.8,11396.7,0.9,139
2026-07-26T23:10:00+00:00,11395.95,11397.15,11392.05,11393.25,11395.5,11396.4,11396.7,11397.6,11391.6,11392.5,11392.8,11393.7,0.9,138
2026-07-26T23:15:00+00:00,11393.75,11393.9,11392.05,11393.35,11393.3,11394.2,11393.5,11394.3,11391.6,11392.5,11392.9,11393.8,0.9,87
2026-07-26T23:20:00+00:00,11393.25,11394.25,11391.45,11391.55,11392.8,11393.7,11393.8,11394.7,11391,11391.9,11391.1,11392,0.9,79
2026-07-26T23:25:00+00:00,11391.45,11391.8,11390.45,11391.55,11391,11391.9,11391.5,11392.1,11390,11390.9,11391.1,11392,0.9,108
2026-07-26T23:30:00+00:00,11391.45,11391.5,11390.25,11391.4,11391,11391.9,11391.1,11391.9,11389.8,11390.7,11391.1,11391.7,0.6,71
2026-07-26T23:35:00+00:00,11391.3,11391.8,11390.45,11390.85,11391,11391.6,11391.5,11392.1,11390,11390.9,11390.4,11391.3,0.9,37
2026-07-26T23:40:00+00:00,11390.75,11391.8,11390.35,11391.7,11390.3,11391.2,11391.5,11392.1,11389.9,11390.8,11391.4,11392,0.6,28
2026-07-26T23:45:00+00:00,11391.6,11391.65,11389.65,11390.45,11391.3,11391.9,11391.3,11392,11389.2,11390.1,11390,11390.9,0.9,49
2026-07-26T23:50:00+00:00,11390.65,11391.75,11390.65,11390.65,11390.2,11391.1,11391.3,11392.2,11390.2,11391.1,11390.2,11391.1,0.9,31
2026-07-26T23:55:00+00:00,11390.55,11390.55,11388.05,11389.3,11390.1,11391,11390.1,11391,11387.6,11388.5,11389,11389.6,0.6,48
2026-07-27T00:00:00+00:00,11389.4,11390.45,11389.05,11389.25,11389.1,11389.7,11390.1,11390.8,11388.7,11389.4,11388.8,11389.7,0.9,55
2026-07-27T00:05:00+00:00,11389.45,11390.9,11389.45,11390.3,11389,11389.9,11390.6,11391.2,11389,11389.9,11390,11390.6,0.6,38
2026-07-27T00:10:00+00:00,11390.4,11390.4,11388.75,11388.75,11390.1,11390.7,11390.1,11390.7,11388.3,11389.2,11388.3,11389.2,0.9,54
2026-07-27T00:15:00+00:00,11388.85,11389.65,11388.45,11388.75,11388.4,11389.3,11389.2,11390.1,11388,11388.9,11388.3,11389.2,0.9,68
2026-07-27T00:20:00+00:00,11388.85,11389.35,11388.3,11388.4,11388.4,11389.3,11388.9,11389.8,11388,11388.6,11388.1,11388.7,0.6,36
2026-07-27T00:25:00+00:00,11388.3,11389.3,11388.3,11388.9,11388,11388.6,11389,11389.6,11388,11388.6,11388.6,11389.2,0.6,52
2026-07-27T00:30:00+00:00,11389,11390.5,11388.75,11390.35,11388.7,11389.3,11390.1,11390.9,11388.3,11389.2,11389.9,11390.8,0.9,79
2026-07-27T00:35:00+00:00,11390.45,11391.95,11390.35,11390.85,11390,11390.9,11391.5,11392.4,11389.9,11390.8,11390.4,11391.3,0.9,82
2026-07-27T00:40:00+00:00,11390.95,11393.05,11390.95,11392.25,11390.5,11391.4,11392.6,11393.5,11390.5,11391.4,11391.8,11392.7,0.9,117
2026-07-27T00:45:00+00:00,11392.15,11393.35,11391.45,11392.5,11391.7,11392.6,11392.9,11393.8,11391,11391.9,11392.2,11392.8,0.6,200
2026-07-27T00:50:00+00:00,11392.4,11392.4,11391.05,11391.25,11392.1,11392.7,11392.1,11392.7,11390.6,11391.5,11390.8,11391.7,0.9,141
2026-07-27T00:55:00+00:00,11391.35,11395,11391.25,11394.4,11390.9,11391.8,11394.7,11395.3,11390.8,11391.7,11394.1,11394.7,0.6,131
2026-07-27T01:00:00+00:00,11394.5,11398.7,11394.5,11397.4,11394.2,11394.8,11398.3,11399.1,11394.2,11394.8,11397.1,11397.7,0.6,257
2026-07-27T01:05:00+00:00,11397.5,11398.85,11396.15,11398.5,11397.2,11397.8,11398.4,11399.3,11395.7,11396.6,11398.2,11398.8,0.6,210
2026-07-27T01:10:00+00:00,11398.4,11403.7,11397.75,11403.5,11398.1,11398.7,11403.4,11404,11397.3,11398.2,11403.2,11403.8,0.6,260
2026-07-27T01:15:00+00:00,11403.6,11404.65,11401.15,11404.15,11403.3,11403.9,11404.2,11405.1,11400.7,11401.6,11403.7,11404.6,0.9,374
2026-07-27T01:20:00+00:00,11404.05,11407.95,11402.95,11407.35,11403.6,11404.5,11407.5,11408.4,11402.5,11403.4,11406.9,11407.8,0.9,369
2026-07-27T01:25:00+00:00,11407.45,11412.3,11406.95,11411,11407,11407.9,11412,11412.6,11406.5,11407.4,11410.7,11411.3,0.6,327
2026-07-27T01:30:00+00:00,11411.1,11413.3,11410.1,11411.6,11410.8,11411.4,11412.9,11413.7,11409.8,11410.4,11411.3,11411.9,0.6,314
2026-07-27T01:35:00+00:00,11411.65,11411.85,11404.8,11405.2,11411.1,11412.2,11411.4,11412.3,11404.4,11405.2,11404.9,11405.5,0.6,271
2026-07-27T01:40:00+00:00,11405.1,11406.4,11404.2,11404.6,11404.8,11405.4,11406.1,11406.7,11403.9,11404.5,11404.3,11404.9,0.6,217
2026-07-27T01:45:00+00:00,11404.5,11405.6,11403.8,11404.2,11404.2,11404.8,11405.3,11405.9,11403.5,11404.1,11403.9,11404.5,0.6,222
2026-07-27T01:50:00+00:00,11404.1,11404.3,11400.9,11400.95,11403.8,11404.4,11404,11404.6,11400.5,11401.3,11400.5,11401.4,0.9,240
2026-07-27T01:55:00+00:00,11401,11402.6,11401,11402,11400.7,11401.3,11402.3,11402.9,11400.7,11401.3,11401.7,11402.3,0.6,178
2026-07-27T02:00:00+00:00,11402.1,11406.3,11402.1,11404,11401.8,11402.4,11406,11406.6,11401.8,11402.4,11403.7,11404.3,0.6,176
2026-07-27T02:05:00+00:00,11403.9,11407.6,11403.9,11406.2,11403.6,11404.2,11407.3,11407.9,11403.6,11404.2,11405.9,11406.5,0.6,178
2026-07-27T02:10:00+00:00,11406.3,11406.9,11405.3,11405.4,11406,11406.6,11406.6,11407.2,11405,11405.6,11405.1,11405.7,0.6,218
2026-07-27T02:15:00+00:00,11405.35,11407.15,11405.05,11406.65,11404.9,11405.8,11406.8,11407.5,11404.7,11405.4,11406.2,11407.1,0.9,222
2026-07-27T02:20:00+00:00,11406.75,11408.05,11404.8,11405.35,11406.3,11407.2,11407.6,11408.5,11404.5,11405.1,11404.9,11405.8,0.9,213
2026-07-27T02:25:00+00:00,11405.25,11406.7,11404.75,11406.65,11404.8,11405.7,11406.3,11407.1,11404.3,11405.2,11406.2,11407.1,0.9,228
2026-07-27T02:30:00+00:00,11406.75,11409.2,11406.7,11406.9,11406.3,11407.2,11408.8,11409.6,11406.3,11407.1,11406.6,11407.2,0.6,237
2026-07-27T02:35:00+00:00,11406.8,11406.8,11403.4,11404.4,11406.5,11407.1,11406.5,11407.1,11403.1,11403.7,11404.1,11404.7,0.6,201
2026-07-27T02:40:00+00:00,11404.3,11408,11404.3,11407.9,11404,11404.6,11407.7,11408.3,11404,11404.6,11407.6,11408.2,0.6,185
2026-07-27T02:45:00+00:00,11408,11410.65,11408,11410.3,11407.7,11408.3,11410.2,11411.1,11407.7,11408.3,11410,11410.6,0.6,178
2026-07-27T02:50:00+00:00,11410.2,11410.3,11407.9,11408.9,11409.9,11410.5,11410,11410.6,11407.6,11408.2,11408.6,11409.2,0.6,187
2026-07-27T02:55:00+00:00,11409,11414.1,11408.7,11414.1,11408.7,11409.3,11413.8,11414.4,11408.4,11409,11413.8,11414.4,0.6,181
2026-07-27T03:00:00+00:00,11413.9,11414.1,11411.6,11411.9,11413.6,11414.2,11413.8,11414.4,11411.3,11411.9,11411.6,11412.2,0.6,146
2026-07-27T03:05:00+00:00,11412,11412.9,11410.95,11411.65,11411.7,11412.3,11412.6,11413.2,11410.5,11411.4,11411.2,11412.1,0.9,119
2026-07-27T03:10:00+00:00,11411.75,11412.2,11409.7,11410.3,11411.3,11412.2,11411.8,11412.6,11409.4,11410,11410,11410.6,0.6,223
2026-07-27T03:15:00+00:00,11410.1,11410.7,11407.45,11408.45,11409.8,11410.4,11410.4,11411,11407,11407.9,11408,11408.9,0.9,174
2026-07-27T03:20:00+00:00,11408.55,11409.5,11407.6,11409.3,11408.1,11409,11409.2,11409.8,11407.3,11407.9,11409,11409.6,0.6,130
2026-07-27T03:25:00+00:00,11409.2,11410.9,11409.1,11410.4,11408.9,11409.5,11410.6,11411.2,11408.8,11409.4,11410.1,11410.7,0.6,107
2026-07-27T03:30:00+00:00,11410.3,11410.3,11408.35,11409.9,11410,11410.6,11410,11410.6,11408,11408.7,11409.6,11410.2,0.6,174
2026-07-27T03:35:00+00:00,11410,11410.8,11408.2,11408.2,11409.7,11410.3,11410.5,11411.1,11407.9,11408.5,11407.9,11408.5,0.6,131
2026-07-27T03:40:00+00:00,11408.4,11409.4,11408,11408.9,11408.1,11408.7,11409.1,11409.7,11407.7,11408.3,11408.6,11409.2,0.6,117
2026-07-27T03:45:00+00:00,11408.8,11409.3,11407.6,11408,11408.5,11409.1,11409,11409.6,11407.3,11407.9,11407.7,11408.3,0.6,107
2026-07-27T03:50:00+00:00,11408.1,11408.7,11407.3,11408.4,11407.8,11408.4,11408.4,11409,11406.9,11407.7,11408.1,11408.7,0.6,149
2026-07-27T03:55:00+00:00,11408.3,11408.3,11405.95,11405.95,11408,11408.6,11408,11408.6,11405.5,11406.4,11405.5,11406.4,0.9,122
2026-07-27T04:00:00+00:00,11406,11407.35,11404.6,11404.9,11405.7,11406.3,11407,11407.7,11404.3,11404.9,11404.6,11405.2,0.6,142
2026-07-27T04:05:00+00:00,11405.1,11405.6,11403.9,11404.5,11404.8,11405.4,11405.2,11406,11403.6,11404.2,11404.2,11404.8,0.6,66
2026-07-27T04:10:00+00:00,11404.3,11404.5,11403,11403.4,11404,11404.6,11404.2,11404.8,11402.7,11403.3,11403.1,11403.7,0.6,67
2026-07-27T04:15:00+00:00,11403.3,11404.5,11402.75,11403.75,11403,11403.6,11404.2,11404.8,11402.3,11403.2,11403.3,11404.2,0.9,63
2026-07-27T04:20:00+00:00,11403.85,11403.85,11402.65,11403.55,11403.4,11404.3,11403.4,11404.3,11402.2,11403.1,11403.1,11404,0.9,91
2026-07-27T04:25:00+00:00,11403.35,11404.7,11403.35,11403.65,11402.9,11403.8,11404.3,11405.1,11402.9,11403.8,11403.2,11404.1,0.9,76
2026-07-27T04:30:00+00:00,11403.55,11403.55,11401.55,11402.25,11403.1,11404,11403.1,11404,11401.2,11401.9,11401.8,11402.7,0.9,120
2026-07-27T04:35:00+00:00,11402.35,11403,11401.9,11402.7,11401.9,11402.8,11402.7,11403.3,11401.5,11402.3,11402.4,11403,0.6,79
2026-07-27T04:40:00+00:00,11402.6,11403.8,11402.25,11403.05,11402.3,11402.9,11403.5,11404.1,11401.8,11402.7,11402.6,11403.5,0.9,46
2026-07-27T04:45:00+00:00,11403.15,11403.9,11402.95,11403.45,11402.7,11403.6,11403.6,11404.2,11402.5,11403.4,11403,11403.9,0.9,40
2026-07-27T04:50:00+00:00,11403.5,11404.45,11403.35,11403.4,11403.3,11403.7,11404,11404.9,11403,11403.7,11403.1,11403.7,0.6,34
2026-07-27T04:55:00+00:00,11403.5,11404,11403,11403.4,11403.2,11403.8,11403.7,11404.3,11402.7,11403.3,11403.1,11403.7,0.6,29
2026-07-27T05:00:00+00:00,11403.5,11404.8,11403.2,11404,11403.2,11403.8,11404.5,11405.1,11402.9,11403.5,11403.7,11404.3,0.6,59
2026-07-27T05:05:00+00:00,11404.1,11404.45,11403.55,11403.65,11403.8,11404.4,11404,11404.9,11403.1,11404,11403.2,11404.1,0.9,30
2026-07-27T05:10:00+00:00,11403.55,11404.4,11402.95,11404.4,11403.1,11404,11404.1,11404.7,11402.5,11403.4,11404.1,11404.7,0.6,44
2026-07-27T05:15:00+00:00,11404.5,11405.05,11403.7,11404.8,11404.2,11404.8,11404.7,11405.4,11403.4,11404,11404.5,11405.1,0.6,50
2026-07-27T05:20:00+00:00,11404.9,11404.9,11403,11403.1,11404.6,11405.2,11404.6,11405.2,11402.7,11403.3,11402.8,11403.4,0.6,33
2026-07-27T05:25:00+00:00,11403.2,11403.3,11402.3,11402.9,11402.9,11403.5,11403,11403.6,11401.9,11402.7,11402.6,11403.2,0.6,43
2026-07-27T05:30:00+00:00,11403,11403.85,11402.9,11403.45,11402.7,11403.3,11403.5,11404.2,11402.6,11403.2,11403,11403.9,0.9,57
2026-07-27T05:35:00+00:00,11403.5,11403.5,11402.9,11403.5,11403.2,11403.8,11403.2,11403.8,11402.5,11403.3,11403.2,11403.8,0.6,14
2026-07-27T05:40:00+00:00,11403.4,11405.25,11403.25,11403.6,11403.1,11403.7,11404.8,11405.7,11402.9,11403.6,11403.3,11403.9,0.6,75
2026-07-27T05:45:00+00:00,11403.3,11403.9,11403.3,11403.3,11403,11403.6,11403.6,11404.2,11403,11403.6,11403,11403.6,0.6,53
2026-07-27T05:50:00+00:00,11403.2,11403.3,11402,11402.6,11402.9,11403.5,11403,11403.6,11401.7,11402.3,11402.3,11402.9,0.6,47
2026-07-27T05:55:00+00:00,11402.7,11404.7,11402.6,11403.9,11402.4,11403,11404.4,11405,11402.3,11402.9,11403.6,11404.2,0.6,54
2026-07-27T06:00:00+00:00,11403.7,11404,11402.8,11403.5,11403.4,11404,11403.7,11404.3,11402.5,11403.1,11403.2,11403.8,0.6,50
2026-07-27T06:05:00+00:00,11403.4,11405,11403.1,11405,11403.1,11403.7,11404.7,11405.3,11402.8,11403.4,11404.7,11405.3,0.6,64
2026-07-27T06:10:00+00:00,11404.9,11407.3,11404.4,11407.3,11404.6,11405.2,11407,11407.6,11404.1,11404.7,11407,11407.6,0.6,76
2026-07-27T06:15:00+00:00,11407.1,11407.75,11406.15,11407.15,11406.8,11407.4,11407.3,11408.2,11405.7,11406.6,11406.7,11407.6,0.9,471
2026-07-27T06:20:00+00:00,11407.25,11407.25,11405.2,11405.4,11406.8,11407.7,11406.8,11407.7,11404.9,11405.5,11405.1,11405.7,0.6,818
2026-07-27T06:25:00+00:00,11405.5,11406.5,11404.6,11405.85,11405.2,11405.8,11406.2,11406.8,11404.3,11404.9,11405.4,11406.3,0.9,809
2026-07-27T06:30:00+00:00,11405.75,11407.1,11403.5,11404.2,11405.3,11406.2,11406.8,11407.4,11403.2,11403.8,11403.9,11404.5,0.6,899
2026-07-27T06:35:00+00:00,11404.3,11405.55,11403.55,11404.7,11404,11404.6,11405.1,11406,11403.2,11403.9,11404.4,11405,0.6,923
2026-07-27T06:40:00+00:00,11404.6,11405.5,11404,11405,11404.3,11404.9,11405.2,11405.8,11403.7,11404.3,11404.7,11405.3,0.6,876
2026-07-27T06:45:00+00:00,11404.9,11405.8,11403.9,11405.1,11404.6,11405.2,11405.5,11406.1,11403.6,11404.2,11404.8,11405.4,0.6,115
2026-07-27T06:50:00+00:00,11405,11407.2,11405,11406.9,11404.7,11405.3,11406.9,11407.5,11404.7,11405.3,11406.6,11407.2,0.6,64
2026-07-27T06:55:00+00:00,11407,11407.1,11405.4,11405.9,11406.7,11407.3,11406.8,11407.4,11405.1,11405.7,11405.6,11406.2,0.6,88
2026-07-27T07:00:00+00:00,11406,11410.9,11405.6,11410.4,11405.7,11406.3,11410.6,11411.2,11405.3,11405.9,11410.1,11410.7,0.6,202
2026-07-27T07:05:00+00:00,11410.3,11410.5,11408.6,11410,11410,11410.6,11410.2,11410.8,11408.3,11408.9,11409.7,11410.3,0.6,109
2026-07-27T07:10:00+00:00,11410.4,11413.4,11410.4,11411.9,11410.1,11410.7,11413.1,11413.7,11410.1,11410.7,11411.6,11412.2,0.6,115
2026-07-27T07:15:00+00:00,11412,11412.5,11408.4,11408.4,11411.7,11412.3,11412.2,11412.8,11408.1,11408.7,11408.1,11408.7,0.6,141
2026-07-27T07:20:00+00:00,11408,11410.6,11407.2,11410.5,11407.7,11408.3,11410.3,11410.9,11406.9,11407.5,11410.2,11410.8,0.6,137
2026-07-27T07:25:00+00:00,11410.8,11413,11410.2,11412.6,11410.5,11411.1,11412.7,11413.3,11409.8,11410.6,11412.3,11412.9,0.6,135
2026-07-27T07:30:00+00:00,11412.8,11412.9,11409.3,11412,11412.5,11413.1,11412.6,11413.2,11409,11409.6,11411.7,11412.3,0.6,118
2026-07-27T07:35:00+00:00,11411.8,11414.6,11410.4,11414.6,11411.5,11412.1,11414.3,11414.9,11410.1,11410.7,11414.3,11414.9,0.6,162
2026-07-27T07:40:00+00:00,11414.5,11418.4,11413.8,11415,11414.2,11414.8,11418.1,11418.7,11413.5,11414.1,11414.7,11415.3,0.6,187
2026-07-27T07:45:00+00:00,11415.1,11415.1,11410.4,11410.4,11414.8,11415.4,11414.8,11415.4,11410.1,11410.7,11410.1,11410.7,0.6,102
2026-07-27T07:50:00+00:00,11410.5,11410.7,11408.6,11408.6,11410.2,11410.8,11410.4,11411,11408.3,11408.9,11408.3,11408.9,0.6,115
2026-07-27T07:55:00+00:00,11408.5,11409.9,11406.9,11408.3,11408.2,11408.8,11409.6,11410.2,11406.6,11407.2,11408,11408.6,0.6,161
2026-07-27T08:00:00+00:00,11408.1,11409.7,11404.6,11406.4,11407.8,11408.4,11409.4,11410,11404.3,11404.9,11406.1,11406.7,0.6,215
2026-07-27T08:05:00+00:00,11406.3,11407.7,11405.5,11406.3,11406,11406.6,11407.4,11408,11405.2,11405.8,11406,11406.6,0.6,146
2026-07-27T08:10:00+00:00,11406.2,11410,11405,11410,11405.9,11406.5,11409.7,11410.3,11404.7,11405.3,11409.7,11410.3,0.6,250
2026-07-27T08:15:00+00:00,11410.2,11410.2,11406.1,11407.2,11409.9,11410.5,11409.9,11410.5,11405.8,11406.4,11406.9,11407.5,0.6,201
2026-07-27T08:20:00+00:00,11407,11409.8,11405.8,11407.4,11406.7,11407.3,11409.5,11410.1,11405.5,11406.1,11407.1,11407.7,0.6,258
2026-07-27T08:25:00+00:00,11407.3,11408.8,11406.6,11406.9,11407,11407.6,11408.5,11409.1,11406.3,11406.9,11406.6,11407.2,0.6,246
2026-07-27T08:30:00+00:00,11406.6,11407.1,11403.3,11405.3,11406.3,11406.9,11406.8,11407.4,11403,11403.6,11405,11405.6,0.6,280
2026-07-27T08:35:00+00:00,11405.4,11406.8,11402.5,11403.3,11405.1,11405.7,11406.5,11407.1,11402.2,11402.8,11403,11403.6,0.6,224
2026-07-27T08:40:00+00:00,11403.1,11404.8,11401.5,11402.8,11402.8,11403.4,11404.5,11405.1,11401.2,11401.8,11402.5,11403.1,0.6,201
2026-07-27T08:45:00+00:00,11402.7,11403.1,11400.75,11400.85,11402.4,11403,11402.8,11403.4,11400.4,11401.1,11400.4,11401.3,0.9,171
2026-07-27T08:50:00+00:00,11400.95,11402.6,11399.6,11402.4,11400.5,11401.4,11402.3,11402.9,11399.3,11399.9,11402.1,11402.7,0.6,246
2026-07-27T08:55:00+00:00,11402.5,11402.7,11396.25,11396.45,11402.2,11402.8,11402.4,11403,11395.8,11396.7,11396,11396.9,0.9,214
2026-07-27T09:00:00+00:00,11396.25,11398.5,11395.8,11396.9,11395.8,11396.7,11398.2,11398.8,11395.2,11396.4,11396.6,11397.2,0.6,219
2026-07-27T09:05:00+00:00,11396.5,11399.7,11395.9,11396.1,11396.2,11396.8,11399.4,11400,11395.6,11396.2,11395.8,11396.4,0.6,227
2026-07-27T09:10:00+00:00,11396.2,11397.5,11395.4,11396.3,11395.9,11396.5,11397.2,11397.8,11395.1,11395.7,11396,11396.6,0.6,209
2026-07-27T09:15:00+00:00,11396.2,11397.2,11395.1,11396.9,11395.9,11396.5,11396.9,11397.5,11394.8,11395.4,11396.6,11397.2,0.6,178
2026-07-27T09:20:00+00:00,11396.8,11397.4,11395.1,11396.3,11396.5,11397.1,11397.1,11397.7,11394.8,11395.4,11396,11396.6,0.6,209
2026-07-27T09:25:00+00:00,11396.4,11397.1,11395,11395.6,11396.1,11396.7,11396.8,11397.4,11394.7,11395.3,11395.3,11395.9,0.6,208
2026-07-27T09:30:00+00:00,11395.7,11397.1,11395.4,11396.3,11395.4,11396,11396.8,11397.4,11395.1,11395.7,11396,11396.6,0.6,217
2026-07-27T09:35:00+00:00,11396.2,11399.7,11396.2,11398.7,11395.9,11396.5,11399.4,11400,11395.9,11396.5,11398.4,11399,0.6,127
2026-07-27T09:40:00+00:00,11398.8,11401.6,11398.4,11398.9,11398.5,11399.1,11401.3,11401.9,11398.1,11398.7,11398.6,11399.2,0.6,178
2026-07-27T09:45:00+00:00,11399,11400.2,11398,11398,11398.7,11399.3,11399.9,11400.5,11397.7,11398.3,11397.7,11398.3,0.6,152
2026-07-27T09:50:00+00:00,11398.1,11401.9,11396.6,11401.9,11397.8,11398.4,11401.6,11402.2,11396.3,11396.9,11401.6,11402.2,0.6,200
2026-07-27T09:55:00+00:00,11401.8,11403.4,11401.6,11402.5,11401.5,11402.1,11403.1,11403.7,11401.3,11401.9,11402.2,11402.8,0.6,198
2026-07-27T10:00:00+00:00,11402.4,11403.2,11401.4,11402.7,11402.1,11402.7,11402.9,11403.5,11401.1,11401.7,11402.4,11403,0.6,94
2026-07-27T10:05:00+00:00,11403,11403,11400.8,11400.8,11402.7,11403.3,11402.7,11403.3,11400.5,11401.1,11400.5,11401.1,0.6,107
2026-07-27T10:10:00+00:00,11400.7,11401.1,11397.7,11398,11400.4,11401,11400.8,11401.4,11397.4,11398,11397.7,11398.3,0.6,213
2026-07-27T10:15:00+00:00,11397.9,11399.1,11396.6,11398.1,11397.6,11398.2,11398.8,11399.4,11396.3,11396.9,11397.8,11398.4,0.6,204
2026-07-27T10:20:00+00:00,11398.2,11399.2,11397.5,11398.4,11397.9,11398.5,11398.9,11399.5,11397.2,11397.8,11398.1,11398.7,0.6,158
2026-07-27T10:25:00+00:00,11398.3,11399.4,11395.5,11395.5,11398,11398.6,11399.1,11399.7,11395.2,11395.8,11395.2,11395.8,0.6,221
2026-07-27T10:30:00+00:00,11395.4,11398.1,11394.9,11397.3,11395.1,11395.7,11397.8,11398.4,11394.6,11395.2,11397,11397.6,0.6,232
2026-07-27T10:35:00+00:00,11397.2,11398.5,11396.8,11398.5,11396.9,11397.5,11398.2,11398.8,11396.5,11397.1,11398.2,11398.8,0.6,115
2026-07-27T10:40:00+00:00,11398.4,11398.5,11397.2,11397.5,11398.1,11398.7,11398.2,11398.8,11396.9,11397.5,11397.2,11397.8,0.6,162
2026-07-27T10:45:00+00:00,11397.4,11399,11396.8,11397.3,11397.1,11397.7,11398.7,11399.3,11396.5,11397.1,11397,11397.6,0.6,135
2026-07-27T10:50:00+00:00,11397.4,11398.1,11395.7,11397.5,11397.1,11397.7,11397.8,11398.4,11395.4,11396,11397.2,11397.8,0.6,180
2026-07-27T10:55:00+00:00,11397.6,11398.2,11396.4,11396.6,11397.3,11397.9,11397.9,11398.5,11396.1,11396.7,11396.3,11396.9,0.6,118
2026-07-27T11:00:00+00:00,11396.7,11401.1,11395.8,11400.7,11396.2,11397.2,11400.8,11401.4,11395.5,11396.1,11400.4,11401,0.6,122
2026-07-27T11:05:00+00:00,11400.8,11400.9,11397.6,11397.7,11400.5,11401.1,11400.6,11401.2,11397.3,11397.9,11397.4,11398,0.6,149
2026-07-27T11:10:00+00:00,11397.8,11398.3,11393.4,11395.2,11397.5,11398.1,11398,11398.6,11393.1,11393.7,11394.9,11395.5,0.6,271
2026-07-27T11:15:00+00:00,11395.1,11398.9,11395.1,11397.6,11394.8,11395.4,11398.6,11399.2,11394.8,11395.4,11397.3,11397.9,0.6,185
2026-07-27T11:20:00+00:00,11397.7,11399.8,11396.5,11398.8,11397.4,11398,11399.5,11400.1,11396.2,11396.8,11398.5,11399.1,0.6,177
2026-07-27T11:25:00+00:00,11398.5,11399.5,11397.5,11397.9,11398.2,11398.8,11399.2,11399.8,11397.2,11397.8,11397.6,11398.2,0.6,168
2026-07-27T11:30:00+00:00,11397.8,11399.6,11397.7,11398.7,11397.5,11398.1,11399.3,11399.9,11397.4,11398,11398.4,11399,0.6,147
2026-07-27T11:35:00+00:00,11398.5,11399,11396.9,11397.4,11398.2,11398.8,11398.7,11399.3,11396.6,11397.2,11397.1,11397.7,0.6,135
2026-07-27T11:40:00+00:00,11397.3,11401.7,11397.2,11400.8,11397,11397.6,11401.4,11402,11396.9,11397.5,11400.5,11401.1,0.6,174
2026-07-27T11:45:00+00:00,11400.7,11400.7,11398,11399.6,11400.4,11401,11400.4,11401,11397.7,11398.3,11399.3,11399.9,0.6,158
2026-07-27T11:50:00+00:00,11399.5,11399.6,11397.4,11399.3,11399.2,11399.8,11399.3,11399.9,11397.1,11397.7,11399,11399.6,0.6,140
2026-07-27T11:55:00+00:00,11399.8,11400.1,11394.7,11395.4,11399.5,11400.1,11399.8,11400.4,11394.4,11395,11395.1,11395.7,0.6,202
2026-07-27T12:00:00+00:00,11395.6,11395.8,11393.5,11394,11395.3,11395.9,11395.5,11396.1,11393.2,11393.8,11393.7,11394.3,0.6,167
2026-07-27T12:05:00+00:00,11393.9,11394.1,11391.7,11392.5,11393.6,11394.2,11393.8,11394.4,11391.4,11392,11392.2,11392.8,0.6,151
2026-07-27T12:10:00+00:00,11392.4,11393.2,11391.4,11392,11392.1,11392.7,11392.9,11393.5,11391.1,11391.7,11391.7,11392.3,0.6,143
2026-07-27T12:15:00+00:00,11392.1,11394.7,11391.1,11393.1,11391.8,11392.4,11394.4,11395,11390.8,11391.4,11392.8,11393.4,0.6,160
2026-07-27T12:20:00+00:00,11393.2,11393.8,11391.7,11391.7,11392.9,11393.5,11393.5,11394.1,11391.4,11392,11391.4,11392,0.6,82
2026-07-27T12:25:00+00:00,11392,11393.9,11390.9,11390.9,11391.7,11392.3,11393.6,11394.2,11390.6,11391.2,11390.6,11391.2,0.6,141
2026-07-27T12:30:00+00:00,11390.7,11394.7,11390.6,11393,11390.4,11391,11394.4,11395,11390.3,11390.9,11392.7,11393.3,0.6,182
2026-07-27T12:35:00+00:00,11392.9,11395.3,11392.5,11392.9,11392.6,11393.2,11395,11395.6,11392.2,11392.8,11392.6,11393.2,0.6,122
2026-07-27T12:40:00+00:00,11392.8,11395.4,11391.8,11391.8,11392.5,11393.1,11395.1,11395.7,11391.5,11392.1,11391.5,11392.1,0.6,142
2026-07-27T12:45:00+00:00,11391.7,11392.4,11388.5,11389.4,11391.4,11392,11392.1,11392.7,11388.2,11388.8,11389.1,11389.7,0.6,161
2026-07-27T12:50:00+00:00,11389.3,11389.6,11387.4,11388.3,11389,11389.6,11389.3,11389.9,11387.1,11387.7,11388,11388.6,0.6,115
2026-07-27T12:55:00+00:00,11387.8,11387.8,11385.2,11386.3,11387.5,11388.1,11387.5,11388.1,11384.9,11385.5,11386,11386.6,0.6,155
2026-07-27T13:00:00+00:00,11386.4,11389.6,11386.4,11389.2,11386.1,11386.7,11389.3,11389.9,11386.1,11386.7,11388.9,11389.5,0.6,189
2026-07-27T13:05:00+00:00,11388.8,11390.6,11388.7,11389.3,11388.5,11389.1,11390.3,11390.9,11388.4,11389,11389,11389.6,0.6,138
2026-07-27T13:10:00+00:00,11389.2,11389.2,11383.6,11384.1,11388.9,11389.5,11388.9,11389.5,11383.3,11383.9,11383.8,11384.4,0.6,254
2026-07-27T13:15:00+00:00,11384.2,11386.1,11384,11385.2,11383.9,11384.5,11385.8,11386.4,11383.7,11384.3,11384.9,11385.5,0.6,144
2026-07-27T13:20:00+00:00,11385.3,11385.7,11384,11384,11385,11385.6,11385.4,11386,11383.7,11384.3,11383.7,11384.3,0.6,190
2026-07-27T13:25:00+00:00,11383.9,11385.1,11383.5,11383.65,11383.6,11384.2,11384.8,11385.4,11383.2,11383.8,11383.2,11384.1,0.9,99
2026-07-27T13:30:00+00:00,11383.75,11384.1,11381.1,11383.5,11383.3,11384.2,11383.7,11384.5,11380.8,11381.4,11383.2,11383.8,0.6,157
2026-07-27T13:35:00+00:00,11383.6,11383.6,11377.9,11378.5,11383.3,11383.9,11383.3,11383.9,11377.6,11378.2,11378.2,11378.8,0.6,127
2026-07-27T13:40:00+00:00,11378.7,11381,11376.7,11380.7,11378.4,11379,11380.7,11381.3,11376.4,11377,11380.4,11381,0.6,170
2026-07-27T13:45:00+00:00,11380.6,11383.1,11380,11380.7,11380.3,11380.9,11382.8,11383.4,11379.7,11380.3,11380.4,11381,0.6,179
2026-07-27T13:50:00+00:00,11380.6,11384.65,11380.3,11383.5,11380.3,11380.9,11384.2,11385.1,11380,11380.6,11383.2,11383.8,0.6,199
2026-07-27T13:55:00+00:00,11383.6,11385.8,11383.4,11383.7,11383.3,11383.9,11385.5,11386.1,11383.1,11383.7,11383.4,11384,0.6,156
2026-07-27T14:00:00+00:00,11383.8,11384,11379,11379.9,11383.5,11384.1,11383.7,11384.3,11378.7,11379.3,11379.6,11380.2,0.6,340
2026-07-27T14:05:00+00:00,11379.8,11385.4,11379.2,11385.2,11379.5,11380.1,11385.1,11385.7,11378.9,11379.5,11384.9,11385.5,0.6,165
2026-07-27T14:10:00+00:00,11385.3,11386.8,11383.9,11383.9,11385,11385.6,11386.5,11387.1,11383.6,11384.2,11383.6,11384.2,0.6,152
2026-07-27T14:15:00+00:00,11383.7,11383.9,11381.4,11381.6,11383.4,11384,11383.6,11384.2,11381.1,11381.7,11381.3,11381.9,0.6,149
2026-07-27T14:20:00+00:00,11381.7,11382.4,11379.8,11379.8,11381.4,11382,11382.1,11382.7,11379.5,11380.1,11379.5,11380.1,0.6,192
2026-07-27T14:25:00+00:00,11379.7,11380.6,11377.5,11379.4,11379.4,11380,11380.3,11380.9,11377.2,11377.8,11379.1,11379.7,0.6,197
2026-07-27T14:30:00+00:00,11379.6,11383.4,11378.8,11380.2,11379.3,11379.9,11383.1,11383.7,11378.5,11379.1,11379.9,11380.5,0.6,286
2026-07-27T14:35:00+00:00,11379.9,11381.2,11378.8,11380.2,11379.6,11380.2,11380.9,11381.5,11378.5,11379.1,11379.9,11380.5,0.6,240
2026-07-27T14:40:00+00:00,11380.1,11381.8,11378.8,11380.1,11379.8,11380.4,11381.5,11382.1,11378.5,11379.1,11379.8,11380.4,0.6,185
2026-07-27T14:45:00+00:00,11380.2,11381.3,11378.3,11379.8,11379.9,11380.5,11381,11381.6,11378,11378.6,11379.5,11380.1,0.6,148
2026-07-27T14:50:00+00:00,11379.9,11380.9,11376.2,11376.2,11379.6,11380.2,11380.6,11381.2,11375.9,11376.5,11375.9,11376.5,0.6,198
2026-07-27T14:55:00+00:00,11376.1,11376.5,11372.4,11374,11375.8,11376.4,11376.2,11376.8,11372.1,11372.7,11373.7,11374.3,0.6,215
2026-07-27T15:00:00+00:00,11374.1,11376.2,11371,11374.6,11373.8,11374.4,11375.9,11376.5,11370.7,11371.3,11374.3,11374.9,0.6,266
2026-07-27T15:05:00+00:00,11374.7,11376.8,11374.6,11374.9,11374.4,11375,11376.5,11377.1,11374.3,11374.9,11374.6,11375.2,0.6,218
2026-07-27T15:10:00+00:00,11375,11376.2,11374,11376.2,11374.7,11375.3,11375.9,11376.5,11373.7,11374.3,11375.9,11376.5,0.6,228
2026-07-27T15:15:00+00:00,11376.1,11376.3,11372.5,11373.9,11375.8,11376.4,11376,11376.6,11372.2,11372.8,11373.6,11374.2,0.6,183
2026-07-27T15:20:00+00:00,11373.7,11374.6,11372.7,11374.4,11373.4,11374,11374.3,11374.9,11372.4,11373,11374.1,11374.7,0.6,179
2026-07-27T15:25:00+00:00,11374.3,11374.6,11370.5,11370.6,11374,11374.6,11374.3,11374.9,11370.2,11370.8,11370.3,11370.9,0.6,220
2026-07-27T15:30:00+00:00,11370.5,11372.4,11369.5,11370.8,11370.2,11370.8,11372.1,11372.7,11369.2,11369.8,11370.5,11371.1,0.6,238
2026-07-27T15:35:00+00:00,11370.7,11373.6,11370,11373.6,11370.4,11371,11373.3,11373.9,11369.7,11370.3,11373.3,11373.9,0.6,213
2026-07-27T15:40:00+00:00,11373.5,11374.7,11370.1,11371.5,11373.2,11373.8,11374.4,11375,11369.8,11370.4,11371.2,11371.8,0.6,218
2026-07-27T15:45:00+00:00,11371.3,11375.2,11371.3,11373.6,11371,11371.6,11374.9,11375.5,11371,11371.6,11373.3,11373.9,0.6,217
2026-07-27T15:50:00+00:00,11373.7,11374.7,11369.5,11369.9,11373.4,11374,11374.4,11375,11369.2,11369.8,11369.6,11370.2,0.6,220
2026-07-27T15:55:00+00:00,11369.7,11373.2,11368.9,11372.7,11369.4,11370,11372.9,11373.5,11368.6,11369.2,11372.4,11373,0.6,289
2026-07-27T16:00:00+00:00,11372.6,11373.1,11371,11373,11372.3,11372.9,11372.8,11373.4,11370.7,11371.3,11372.7,11373.3,0.6,244
2026-07-27T16:05:00+00:00,11372.8,11373,11370.1,11370.2,11372.5,11373.1,11372.7,11373.3,11369.8,11370.4,11369.9,11370.5,0.6,262
2026-07-27T16:10:00+00:00,11370.3,11371.5,11368.1,11371,11370,11370.6,11371.2,11371.8,11367.8,11368.4,11370.7,11371.3,0.6,196
2026-07-27T16:15:00+00:00,11371.1,11373.4,11370.9,11373,11370.8,11371.4,11373.1,11373.7,11370.6,11371.2,11372.7,11373.3,0.6,255
2026-07-27T16:20:00+00:00,11373.1,11375.7,11372.9,11374.9,11372.8,11373.4,11375.4,11376,11372.6,11373.2,11374.6,11375.2,0.6,303
2026-07-27T16:25:00+00:00,11375,11376.8,11373.7,11376.6,11374.7,11375.3,11376.5,11377.1,11373.4,11374,11376.3,11376.9,0.6,265
2026-07-27T16:30:00+00:00,11376.5,11376.5,11373.9,11374.55,11376.2,11376.8,11376.2,11376.8,11373.6,11374.2,11374.1,11375,0.9,265
2026-07-27T16:35:00+00:00,11374.65,11376.6,11374.25,11375.7,11374.2,11375.1,11376.3,11376.9,11373.8,11374.7,11375.4,11376,0.6,213
2026-07-27T16:40:00+00:00,11375.8,11375.8,11374.3,11375.4,11375.5,11376.1,11375.5,11376.1,11374,11374.6,11375.1,11375.7,0.6,187
2026-07-27T16:45:00+00:00,11375.5,11375.6,11373.6,11374.1,11375.2,11375.8,11375.3,11375.9,11373.3,11373.9,11373.8,11374.4,0.6,183
2026-07-27T16:50:00+00:00,11374,11378,11374,11376.6,11373.7,11374.3,11377.7,11378.3,11373.7,11374.3,11376.3,11376.9,0.6,168
2026-07-27T16:55:00+00:00,11376.5,11378.4,11375.5,11375.5,11376.2,11376.8,11378.1,11378.7,11375.2,11375.8,11375.2,11375.8,0.6,181
2026-07-27T17:00:00+00:00,11375.6,11377.5,11373.9,11376.7,11375.3,11375.9,11377.2,11377.8,11373.6,11374.2,11376.4,11377,0.6,173
2026-07-27T17:05:00+00:00,11377,11377,11374.9,11376.3,11376.7,11377.3,11376.7,11377.3,11374.6,11375.2,11376,11376.6,0.6,132
2026-07-27T17:10:00+00:00,11376.2,11377.7,11375.8,11376.3,11375.9,11376.5,11377.4,11378,11375.5,11376.1,11376,11376.6,0.6,169
2026-07-27T17:15:00+00:00,11376.4,11380.5,11376.3,11380.1,11376.1,11376.7,11380.2,11380.8,11376,11376.6,11379.8,11380.4,0.6,218
2026-07-27T17:20:00+00:00,11380.2,11382.4,11380.1,11381.9,11379.9,11380.5,11382.1,11382.7,11379.7,11380.5,11381.6,11382.2,0.6,209
2026-07-27T17:25:00+00:00,11381.7,11384.35,11380.8,11382.6,11381.4,11382,11383.9,11384.8,11380.5,11381.1,11382.3,11382.9,0.6,347
2026-07-27T17:30:00+00:00,11382.7,11384.7,11381.8,11384.7,11382.4,11383,11384.4,11385,11381.5,11382.1,11384.4,11385,0.6,204
2026-07-27T17:35:00+00:00,11384.8,11385.4,11383.6,11384.3,11384.5,11385.1,11385.1,11385.7,11383.3,11383.9,11384,11384.6,0.6,154
2026-07-27T17:40:00+00:00,11384.1,11385,11382.2,11382.9,11383.8,11384.4,11384.7,11385.3,11381.9,11382.5,11382.6,11383.2,0.6,160
2026-07-27T17:45:00+00:00,11382.8,11382.9,11380.4,11380.4,11382.5,11383.1,11382.6,11383.2,11380.1,11380.7,11380.1,11380.7,0.6,162
2026-07-27T17:50:00+00:00,11380.3,11381.2,11379.4,11380.5,11380,11380.6,11380.9,11381.5,11379.1,11379.7,11380.2,11380.8,0.6,173
2026-07-27T17:55:00+00:00,11380.4,11380.5,11378.7,11380,11380.1,11380.7,11380.2,11380.8,11378.4,11379,11379.7,11380.3,0.6,111
2026-07-27T18:00:00+00:00,11379.9,11379.9,11373,11373.7,11379.6,11380.2,11379.6,11380.2,11372.7,11373.3,11373.4,11374,0.6,157
2026-07-27T18:05:00+00:00,11373.6,11376.2,11372.9,11374.3,11373.3,11373.9,11375.9,11376.5,11372.6,11373.2,11374,11374.6,0.6,243
2026-07-27T18:10:00+00:00,11374.2,11375.5,11373.2,11373.2,11373.9,11374.5,11375.2,11375.8,11372.9,11373.5,11372.9,11373.5,0.6,301
2026-07-27T18:15:00+00:00,11373.3,11373.7,11371.7,11372,11373,11373.6,11373.4,11374,11371.4,11372,11371.7,11372.3,0.6,160
2026-07-27T18:20:00+00:00,11371.9,11372.5,11370.6,11370.7,11371.6,11372.2,11372.2,11372.8,11370.3,11370.9,11370.4,11371,0.6,138
2026-07-27T18:25:00+00:00,11370.6,11371.4,11369.5,11370.6,11370.3,11370.9,11371.1,11371.7,11369.2,11369.8,11370.3,11370.9,0.6,190
2026-07-27T18:30:00+00:00,11370.5,11373.1,11369.3,11372.1,11370.2,11370.8,11372.8,11373.4,11369,11369.6,11371.8,11372.4,0.6,165
2026-07-27T18:35:00+00:00,11372,11372,11369.7,11369.8,11371.7,11372.3,11371.7,11372.3,11369.4,11370,11369.5,11370.1,0.6,148
2026-07-27T18:40:00+00:00,11369.5,11370.2,11368.8,11369.5,11369.2,11369.8,11369.9,11370.5,11368.5,11369.1,11369.2,11369.8,0.6,107
2026-07-27T18:45:00+00:00,11369.6,11370.5,11369.1,11370.3,11369.3,11369.9,11370.2,11370.8,11368.8,11369.4,11370,11370.6,0.6,115
2026-07-27T18:50:00+00:00,11370.2,11372.4,11370,11372.3,11369.9,11370.5,11372.1,11372.7,11369.7,11370.3,11372,11372.6,0.6,113
2026-07-27T18:55:00+00:00,11372.4,11373.2,11371.8,11372.7,11372.1,11372.7,11372.9,11373.5,11371.5,11372.1,11372.4,11373,0.6,84
2026-07-27T19:00:00+00:00,11372.6,11373.1,11371.6,11373,11372.3,11372.9,11372.8,11373.4,11371.3,11371.9,11372.7,11373.3,0.6,66
2026-07-27T19:05:00+00:00,11373.4,11373.8,11372.6,11373.2,11373.1,11373.7,11373.5,11374.1,11372.3,11372.9,11372.9,11373.5,0.6,92
2026-07-27T19:10:00+00:00,11373.3,11373.6,11372.1,11372.8,11373,11373.6,11373.3,11373.9,11371.8,11372.4,11372.5,11373.1,0.6,136
2026-07-27T19:15:00+00:00,11372.9,11373,11371.4,11371.8,11372.6,11373.2,11372.7,11373.3,11371.1,11371.7,11371.5,11372.1,0.6,155
2026-07-27T19:20:00+00:00,11371.7,11371.7,11369.5,11370.5,11371.4,11372,11371.4,11372,11369.2,11369.8,11370.2,11370.8,0.6,166
2026-07-27T19:25:00+00:00,11370.1,11370.6,11369,11370.2,11369.8,11370.4,11370.3,11370.9,11368.7,11369.3,11369.9,11370.5,0.6,157
2026-07-27T19:30:00+00:00,11370.1,11371.6,11369.7,11369.9,11369.8,11370.4,11371.3,11371.9,11369.4,11370,11369.6,11370.2,0.6,176
2026-07-27T19:35:00+00:00,11369.8,11370.5,11368.7,11368.7,11369.5,11370.1,11370.2,11370.8,11368.4,11369,11368.4,11369,0.6,191
2026-07-27T19:40:00+00:00,11369.1,11372.9,11368.3,11370.1,11368.8,11369.4,11372.6,11373.2,11368,11368.6,11369.8,11370.4,0.6,231
2026-07-27T19:45:00+00:00,11370.2,11370.6,11368.3,11368.5,11369.9,11370.5,11370.3,11370.9,11368,11368.6,11368.2,11368.8,0.6,174
2026-07-27T19:50:00+00:00,11368.4,11369.5,11368.1,11369.2,11368.1,11368.7,11369.2,11369.8,11367.8,11368.4,11368.9,11369.5,0.6,187
2026-07-27T19:55:00+00:00,11369.3,11370.1,11367.7,11368.7,11369,11369.6,11369.8,11370.4,11367.4,11368,11368.4,11369,0.6,193
2026-07-27T20:00:00+00:00,11369.1,11370.2,11367.9,11367.9,11368.8,11369.4,11369.9,11370.5,11367.6,11368.2,11367.6,11368.2,0.6,94
2026-07-27T20:05:00+00:00,11368,11369,11367.9,11368.1,11367.7,11368.3,11368.7,11369.3,11367.6,11368.2,11367.8,11368.4,0.6,106
2026-07-27T20:10:00+00:00,11368.2,11369.2,11367,11367.7,11367.9,11368.5,11368.9,11369.5,11366.7,11367.3,11367.4,11368,0.6,162
2026-07-27T20:15:00+00:00,11367.8,11368.5,11367.3,11368.1,11367.5,11368.1,11368.2,11368.8,11367,11367.6,11367.8,11368.4,0.6,138
2026-07-27T20:20:00+00:00,11368.2,11369.6,11368,11369,11367.9,11368.5,11369.3,11369.9,11367.7,11368.3,11368.7,11369.3,0.6,117
2026-07-27T20:25:00+00:00,11369.2,11370.8,11368.9,11370.5,11368.9,11369.5,11370.5,11371.1,11368.6,11369.2,11370.2,11370.8,0.6,129
2026-07-27T20:30:00+00:00,11370.4,11372.1,11370.3,11371.35,11370.1,11370.7,11371.8,11372.4,11370,11370.6,11370.9,11371.8,0.9,194
2026-07-27T20:35:00+00:00,11371.45,11373,11371,11372.8,11371,11371.9,11372.7,11373.3,11370.7,11371.3,11372.5,11373.1,0.6,134
2026-07-27T20:40:00+00:00,11372.7,11373.65,11371.65,11372.25,11372.4,11373,11373.2,11374.1,11371.2,11372.1,11371.8,11372.7,0.9,183
2026-07-27T20:45:00+00:00,11372.45,11373.05,11370.4,11370.6,11372,11372.9,11372.6,11373.5,11370.1,11370.7,11370.3,11370.9,0.6,200
2026-07-27T20:50:00+00:00,11370.7,11371.4,11370.55,11370.9,11370.4,11371,11371,11371.8,11370.2,11370.9,11370.6,11371.2,0.6,131
2026-07-27T20:55:00+00:00,11370.7,11371.2,11369.9,11369.9,11370.4,11371,11370.9,11371.5,11369.6,11370.2,11369.6,11370.2,0.6,99
2026-07-27T21:00:00+00:00,11369.8,11371.6,11369.8,11370.8,11369.5,11370.1,11371.3,11371.9,11369.5,11370.1,11370.5,11371.1,0.6,74
2026-07-27T21:05:00+00:00,11370.7,11371.5,11370.3,11371.3,11370.4,11371,11371.2,11371.8,11370,11370.6,11371,11371.6,0.6,62
2026-07-27T21:10:00+00:00,11371.2,11372.3,11371.1,11371.9,11370.9,11371.5,11372,11372.6,11370.8,11371.4,11371.6,11372.2,0.6,132
2026-07-27T21:15:00+00:00,11372,11372.5,11370.8,11370.8,11371.7,11372.3,11372.2,11372.8,11370.5,11371.1,11370.5,11371.1,0.6,82
2026-07-27T21:20:00+00:00,11370.9,11371.2,11370.1,11371.1,11370.6,11371.2,11370.9,11371.5,11369.8,11370.4,11370.8,11371.4,0.6,86
2026-07-27T21:25:00+00:00,11371,11371.6,11370.7,11370.9,11370.7,11371.3,11371.3,11371.9,11370.4,11371,11370.6,11371.2,0.6,100
2026-07-27T21:30:00+00:00,11370.8,11370.8,11367.8,11368.4,11370.5,11371.1,11370.5,11371.1,11367.5,11368.1,11368.1,11368.7,0.6,84
2026-07-27T21:35:00+00:00,11368.3,11368.6,11367.9,11368,11368,11368.6,11368.3,11368.9,11367.6,11368.2,11367.7,11368.3,0.6,68
2026-07-27T21:40:00+00:00,11368.1,11368.6,11366.8,11367.6,11367.8,11368.4,11368.3,11368.9,11366.5,11367.1,11367.3,11367.9,0.6,110
2026-07-27T21:45:00+00:00,11367.5,11367.8,11366.9,11367.6,11367.2,11367.8,11367.5,11368.1,11366.6,11367.2,11367.3,11367.9,0.6,79
2026-07-27T21:50:00+00:00,11367.7,11368.3,11367.6,11368.25,11367.4,11368,11367.9,11368.7,11367.2,11368,11367.8,11368.7,0.9,111
2026-07-27T21:55:00+00:00,11368.35,11369.25,11367.2,11368.35,11367.6,11369.1,11367.6,11370.9,11365.8,11368.6,11365.8,11370.9,5.1,177
2026-07-27T22:00:00+00:00,11369.1,11373.6,11367.9,11368.5,11365.6,11372.6,11367.8,11379.4,11364.1,11371.7,11365.3,11371.7,6.4,60
2026-07-27T22:05:00+00:00,11368.75,11374.3,11368.55,11374.1,11365.1,11372.4,11368.5,11380.1,11364.9,11372.2,11368.3,11379.9,11.6,61
2026-07-27T22:10:00+00:00,11374,11374.9,11369.9,11374.7,11368.2,11379.8,11369.1,11380.7,11364.1,11375.7,11368.9,11380.5,11.6,93
2026-07-27T22:15:00+00:00,11374.9,11375.7,11373.5,11374.85,11369.1,11380.7,11369.9,11381.5,11368.1,11378.9,11369.3,11380.4,11.1,182
2026-07-27T22:20:00+00:00,11375.2,11375.7,11374,11375.2,11369.5,11380.9,11369.9,11381.5,11368.2,11379.8,11369.4,11381,11.6,34
2026-07-27T22:25:00+00:00,11375.1,11375.4,11373.8,11374.2,11369.3,11380.9,11369.6,11381.2,11368,11379.6,11368.4,11380,11.6,28
2026-07-27T22:30:00+00:00,11375.1,11375.2,11373,11374,11369.3,11380.9,11369.4,11381,11367.2,11378.8,11368.2,11379.8,11.6,84
2026-07-27T22:35:00+00:00,11374.1,11374.6,11372.9,11373.7,11368.3,11379.9,11368.8,11380.4,11367.1,11378.7,11367.9,11379.5,11.6,95
2026-07-27T22:40:00+00:00,11374.2,11374.6,11371.5,11372.4,11368.4,11380,11368.8,11380.4,11365.7,11377.3,11366.6,11378.2,11.6,186
2026-07-27T22:45:00+00:00,11373.1,11373.2,11371.7,11372.6,11367.3,11378.9,11367.4,11379,11365.9,11377.5,11366.8,11378.4,11.6,49
2026-07-27T22:50:00+00:00,11372.5,11372.9,11371.7,11372.8,11366.7,11378.3,11367.1,11378.7,11365.9,11377.5,11367,11378.6,11.6,39
2026-07-27T22:55:00+00:00,11373.2,11373.3,11371.9,11372.1,11367.4,11379,11367.5,11379.1,11366.1,11377.7,11366.3,11377.9,11.6,37
2026-07-27T23:00:00+00:00,11372,11373.15,11368.25,11370.15,11366.2,11377.8,11368.5,11377.8,11365,11371.5,11368.4,11371.9,3.5,116
2026-07-27T23:05:00+00:00,11370.25,11371.8,11369.85,11370.95,11368.7,11371.8,11370.5,11373.1,11368.7,11371,11370.4,11371.5,1.1,156
2026-07-27T23:10:00+00:00,11370.85,11370.85,11368.4,11369.65,11370.3,11371.4,11370.3,11371.4,11367.9,11368.9,11369.2,11370.1,0.9,177
2026-07-27T23:15:00+00:00,11369.75,11371.35,11369.65,11370.95,11369.3,11370.2,11370.9,11371.8,11369.2,11370.1,11370.5,11371.4,0.9,144
2026-07-27T23:20:00+00:00,11370.55,11371.35,11369.05,11369.75,11370.1,11371,11370.9,11371.8,11368.6,11369.5,11369.3,11370.2,0.9,140
2026-07-27T23:25:00+00:00,11369.85,11369.95,11368.85,11369.75,11369.4,11370.3,11369.5,11370.4,11368.4,11369.3,11369.3,11370.2,0.9,80
2026-07-27T23:30:00+00:00,11369.85,11369.95,11369.05,11369.65,11369.4,11370.3,11369.5,11370.4,11368.6,11369.5,11369.2,11370.1,0.9,150
2026-07-27T23:35:00+00:00,11369.75,11370.35,11369.25,11370.15,11369.3,11370.2,11369.9,11370.8,11368.8,11369.7,11369.7,11370.6,0.9,145
2026-07-27T23:40:00+00:00,11370.25,11370.35,11369.35,11369.35,11369.8,11370.7,11369.9,11370.8,11368.9,11369.8,11368.9,11369.8,0.9,125
2026-07-27T23:45:00+00:00,11369.25,11369.75,11368.85,11369.05,11368.8,11369.7,11369.3,11370.2,11368.4,11369.3,11368.6,11369.5,0.9,121
2026-07-27T23:50:00+00:00,11369.15,11369.75,11368.95,11369.55,11368.7,11369.6,11369.3,11370.2,11368.5,11369.4,11369.1,11370,0.9,109
2026-07-27T23:55:00+00:00,11369.45,11369.75,11368.45,11368.85,11369,11369.9,11369.3,11370.2,11368,11368.9,11368.4,11369.3,0.9,70
2026-07-28T00:00:00+00:00,11368.75,11369.45,11367.95,11368.95,11368.3,11369.2,11369,11369.9,11367.5,11368.4,11368.5,11369.4,0.9,90
2026-07-28T00:05:00+00:00,11369.05,11369.95,11369.05,11369.95,11368.6,11369.5,11369.5,11370.4,11368.6,11369.5,11369.5,11370.4,0.9,54
2026-07-28T00:10:00+00:00,11369.85,11370.15,11369.15,11369.45,11369.4,11370.3,11369.7,11370.6,11368.7,11369.6,11369,11369.9,0.9,71
2026-07-28T00:15:00+00:00,11369.35,11369.95,11369.35,11369.75,11368.9,11369.8,11369.5,11370.4,11368.9,11369.8,11369.3,11370.2,0.9,35
2026-07-28T00:20:00+00:00,11369.85,11369.95,11369.15,11369.45,11369.4,11370.3,11369.5,11370.4,11368.7,11369.6,11369,11369.9,0.9,64
2026-07-28T00:25:00+00:00,11369.35,11370.35,11369.35,11370.35,11368.9,11369.8,11369.9,11370.8,11368.9,11369.8,11369.9,11370.8,0.9,94
2026-07-28T00:30:00+00:00,11370.55,11370.75,11369.15,11369.35,11370.1,11371,11370.3,11371.2,11368.7,11369.6,11368.9,11369.8,0.9,130
2026-07-28T00:35:00+00:00,11369.45,11369.65,11368.5,11368.65,11369,11369.9,11369.3,11370,11368.1,11368.9,11368.2,11369.1,0.9,122
2026-07-28T00:40:00+00:00,11368.55,11369.95,11368.55,11369.35,11368.1,11369,11369.5,11370.4,11368.1,11369,11368.9,11369.8,0.9,108
2026-07-28T00:45:00+00:00,11369.25,11370.35,11367.65,11367.95,11368.8,11369.7,11369.9,11370.8,11367.2,11368.1,11367.5,11368.4,0.9,158
2026-07-28T00:50:00+00:00,11368.05,11368.95,11367.7,11368,11367.6,11368.5,11368.5,11369.4,11367.4,11368,11367.7,11368.3,0.6,145
2026-07-28T00:55:00+00:00,11367.9,11369.65,11367.9,11369.45,11367.6,11368.2,11369.2,11370.1,11367.6,11368.2,11369,11369.9,0.9,58
2026-07-28T01:00:00+00:00,11369.55,11369.75,11367.6,11367.6,11369.1,11370,11369.3,11370.2,11367.3,11367.9,11367.3,11367.9,0.6,131
2026-07-28T01:05:00+00:00,11367.35,11369.25,11367,11368.65,11366.9,11367.8,11368.8,11369.7,11366.7,11367.3,11368.2,11369.1,0.9,135
2026-07-28T01:10:00+00:00,11368.75,11369,11368.1,11368.5,11368.3,11369.2,11368.6,11369.4,11367.7,11368.5,11368.2,11368.8,0.6,150
2026-07-28T01:15:00+00:00,11368.15,11370.75,11368.15,11370.75,11367.7,11368.6,11370.3,11371.2,11367.7,11368.6,11370.3,11371.2,0.9,144
2026-07-28T01:20:00+00:00,11371.25,11371.75,11370.25,11371.05,11370.8,11371.7,11371.3,11372.2,11369.8,11370.7,11370.6,11371.5,0.9,162
2026-07-28T01:25:00+00:00,11370.95,11373.25,11370.85,11372.4,11370.5,11371.4,11372.8,11373.7,11370.4,11371.3,11372.1,11372.7,0.6,202
2026-07-28T01:30:00+00:00,11372.3,11373.4,11371.6,11372.6,11372,11372.6,11373.1,11373.7,11371.3,11371.9,11372.3,11372.9,0.6,119
2026-07-28T01:35:00+00:00,11372.1,11373.85,11372,11373.25,11371.8,11372.4,11373.4,11374.3,11371.7,11372.3,11372.8,11373.7,0.9,118
2026-07-28T01:40:00+00:00,11373.35,11373.55,11371.7,11372.6,11372.9,11373.8,11373.1,11374,11371.4,11372,11372.3,11372.9,0.6,115
2026-07-28T01:45:00+00:00,11372.5,11373.1,11371.7,11372.5,11372.2,11372.8,11372.8,11373.4,11371.4,11372,11372.2,11372.8,0.6,150
2026-07-28T01:50:00+00:00,11372.6,11372.6,11370.4,11370.7,11372.3,11372.9,11372.3,11372.9,11370.1,11370.7,11370.4,11371,0.6,88
2026-07-28T01:55:00+00:00,11370.6,11374.85,11370.3,11374.65,11370.3,11370.9,11374.4,11375.3,11370,11370.6,11374.2,11375.1,0.9,120
2026-07-28T02:00:00+00:00,11374.75,11377.5,11374.45,11375.65,11374.3,11375.2,11377.2,11377.8,11374.1,11374.8,11375.2,11376.1,0.9,185
2026-07-28T02:05:00+00:00,11375.95,11377.25,11375.9,11377.05,11375.5,11376.4,11376.8,11377.7,11375.5,11376.3,11376.6,11377.5,0.9,149
2026-07-28T02:10:00+00:00,11376.95,11377.3,11375.1,11375.3,11376.5,11377.4,11376.9,11377.7,11374.8,11375.4,11375,11375.6,0.6,193
2026-07-28T02:15:00+00:00,11375.2,11375.3,11373.5,11374.9,11374.9,11375.5,11375,11375.6,11373.2,11373.8,11374.6,11375.2,0.6,156
2026-07-28T02:20:00+00:00,11375,11375.9,11374.7,11375.4,11374.7,11375.3,11375.6,11376.2,11374.4,11375,11375.1,11375.7,0.6,123
2026-07-28T02:25:00+00:00,11375.5,11375.7,11374.5,11375.2,11375.2,11375.8,11375.4,11376,11374.2,11374.8,11374.9,11375.5,0.6,156
2026-07-28T02:30:00+00:00,11375.3,11375.95,11374.55,11375.5,11375,11375.6,11375.5,11376.4,11374.2,11374.9,11375.2,11375.8,0.6,179
2026-07-28T02:35:00+00:00,11375.6,11375.9,11374.05,11374.45,11375.3,11375.9,11375.6,11376.2,11373.6,11374.5,11374,11374.9,0.9,70
2026-07-28T02:40:00+00:00,11374.35,11375.05,11373.2,11373.5,11373.9,11374.8,11374.6,11375.5,11372.9,11373.5,11373.2,11373.8,0.6,113
2026-07-28T02:45:00+00:00,11373.4,11374.2,11372.6,11372.8,11373.1,11373.7,11373.9,11374.5,11372.3,11372.9,11372.5,11373.1,0.6,124
2026-07-28T02:50:00+00:00,11372.7,11372.75,11370.8,11372.55,11372.4,11373,11372.4,11373.1,11370.4,11371.2,11372.1,11373,0.9,166
2026-07-28T02:55:00+00:00,11372.65,11373.5,11372.4,11373.3,11372.2,11373.1,11373.2,11373.8,11372.1,11372.7,11373,11373.6,0.6,106
2026-07-28T03:00:00+00:00,11373.5,11373.6,11372,11372.7,11373.2,11373.8,11373.3,11373.9,11371.7,11372.3,11372.4,11373,0.6,72
2026-07-28T03:05:00+00:00,11372.8,11374.8,11372.8,11374.5,11372.5,11373.1,11374.5,11375.1,11372.5,11373.1,11374.2,11374.8,0.6,82
2026-07-28T03:10:00+00:00,11374.6,11374.6,11373.7,11374,11374.3,11374.9,11374.3,11374.9,11373.4,11374,11373.7,11374.3,0.6,135
2026-07-28T03:15:00+00:00,11373.8,11374.6,11373.5,11374.4,11373.5,11374.1,11374.3,11374.9,11373.2,11373.8,11374.1,11374.7,0.6,114
2026-07-28T03:20:00+00:00,11374.5,11375.2,11373.7,11374.8,11374.2,11374.8,11374.9,11375.5,11373.4,11374,11374.5,11375.1,0.6,128
2026-07-28T03:25:00+00:00,11374.7,11374.7,11371.65,11371.95,11374.4,11375,11374.4,11375,11371.2,11372.1,11371.5,11372.4,0.9,165
2026-07-28T03:30:00+00:00,11371.75,11373.05,11371.4,11371.9,11371.3,11372.2,11372.7,11373.4,11371.1,11371.7,11371.6,11372.2,0.6,147
2026-07-28T03:35:00+00:00,11372,11372.7,11371.8,11372.3,11371.7,11372.3,11372.3,11373.1,11371.5,11372.1,11372,11372.6,0.6,86
2026-07-28T03:40:00+00:00,11372.2,11373.5,11371.7,11373.2,11371.9,11372.5,11373.2,11373.8,11371.3,11372.1,11372.9,11373.5,0.6,150
2026-07-28T03:45:00+00:00,11373.1,11374.85,11372.7,11374.8,11372.8,11373.4,11374.5,11375.2,11372.4,11373,11374.5,11375.1,0.6,129
2026-07-28T03:50:00+00:00,11375.15,11378.9,11375.05,11378.6,11374.7,11375.6,11378.6,11379.2,11374.6,11375.5,11378.3,11378.9,0.6,169
2026-07-28T03:55:00+00:00,11378.7,11378.9,11377.2,11377.5,11378.4,11379,11378.6,11379.2,11376.9,11377.5,11377.2,11377.8,0.6,109
2026-07-28T04:00:00+00:00,11377.4,11378.15,11376.7,11377.4,11377.1,11377.7,11377.8,11378.5,11376.4,11377,11377.1,11377.7,0.6,70
2026-07-28T04:05:00+00:00,11377.45,11377.6,11376.3,11376.3,11377,11377.9,11377.3,11377.9,11376,11376.6,11376,11376.6,0.6,64
2026-07-28T04:10:00+00:00,11376.4,11376.4,11375.1,11376,11376.1,11376.7,11376.1,11376.7,11374.8,11375.4,11375.7,11376.3,0.6,101
2026-07-28T04:15:00+00:00,11375.8,11377.3,11375.4,11377.1,11375.5,11376.1,11377,11377.6,11375.1,11375.7,11376.8,11377.4,0.6,89
2026-07-28T04:20:00+00:00,11377.2,11378.1,11376.7,11378.1,11376.9,11377.5,11377.8,11378.4,11376.3,11377.1,11377.8,11378.4,0.6,59
2026-07-28T04:25:00+00:00,11377.8,11378.2,11377.6,11377.9,11377.5,11378.1,11377.9,11378.5,11377.3,11377.9,11377.6,11378.2,0.6,47
2026-07-28T04:30:00+00:00,11378.4,11380.45,11378.3,11380.2,11378.1,11378.7,11380,11380.9,11378,11378.6,11379.9,11380.5,0.6,81
2026-07-28T04:35:00+00:00,11380.1,11380.1,11376.8,11377.5,11379.8,11380.4,11379.8,11380.4,11376.4,11377.2,11377.2,11377.8,0.6,139
2026-07-28T04:40:00+00:00,11377.4,11377.65,11376.1,11376.4,11377.1,11377.7,11377.3,11378,11375.8,11376.4,11376.1,11376.7,0.6,61
2026-07-28T04:45:00+00:00,11376.3,11376.35,11375.45,11375.7,11376,11376.6,11376,11376.7,11375.1,11375.8,11375.4,11376,0.6,70
2026-07-28T04:50:00+00:00,11375.6,11375.6,11374.4,11375.1,11375.3,11375.9,11375.3,11375.9,11374.1,11374.7,11374.8,11375.4,0.6,57
2026-07-28T04:55:00+00:00,11375,11375,11373.9,11374.7,11374.7,11375.3,11374.7,11375.3,11373.6,11374.2,11374.4,11375,0.6,44
2026-07-28T05:00:00+00:00,11374.4,11374.6,11371.3,11372.1,11374.1,11374.7,11374.3,11374.9,11371,11371.6,11371.8,11372.4,0.6,136
2026-07-28T05:05:00+00:00,11372,11372.5,11371.5,11372,11371.7,11372.3,11372.2,11372.8,11371.2,11371.8,11371.7,11372.3,0.6,37
2026-07-28T05:10:00+00:00,11372.1,11372.4,11370.9,11371,11371.8,11372.4,11372.1,11372.7,11370.6,11371.2,11370.7,11371.3,0.6,71
2026-07-28T05:15:00+00:00,11370.9,11371.8,11370.2,11371.7,11370.6,11371.2,11371.5,11372.1,11369.9,11370.5,11371.4,11372,0.6,49
2026-07-28T05:20:00+00:00,11371.6,11371.7,11370.3,11370.7,11371.3,11371.9,11371.4,11372,11370,11370.6,11370.4,11371,0.6,32
2026-07-28T05:25:00+00:00,11370.8,11370.9,11369.7,11370.9,11370.5,11371.1,11370.6,11371.2,11369.4,11370,11370.6,11371.2,0.6,34
2026-07-28T05:30:00+00:00,11371,11371.4,11370.2,11371.2,11370.7,11371.3,11371.1,11371.7,11369.9,11370.5,11370.9,11371.5,0.6,40
2026-07-28T05:35:00+00:00,11371,11371.4,11370.3,11370.6,11370.7,11371.3,11371.1,11371.7,11370,11370.6,11370.3,11370.9,0.6,22
2026-07-28T05:40:00+00:00,11370.7,11371.1,11370.5,11371.1,11370.4,11371,11370.8,11371.4,11370.1,11370.9,11370.8,11371.4,0.6,35
2026-07-28T05:45:00+00:00,11371.3,11371.7,11370.4,11370.4,11371,11371.6,11371.4,11372,11370.1,11370.7,11370.1,11370.7,0.6,33
2026-07-28T05:50:00+00:00,11370.7,11370.85,11368.5,11368.5,11370.4,11371,11370.5,11371.2,11368.2,11368.8,11368.2,11368.8,0.6,66
2026-07-28T05:55:00+00:00,11368.6,11369.1,11367.9,11368.8,11368.3,11368.9,11368.8,11369.4,11367.6,11368.2,11368.5,11369.1,0.6,33
2026-07-28T06:00:00+00:00,11368.4,11368.8,11367.2,11368.05,11368.1,11368.7,11368.5,11369.1,11366.9,11367.5,11367.6,11368.5,0.9,100
2026-07-28T06:05:00+00:00,11367.95,11368.15,11363.35,11363.8,11367.5,11368.4,11367.8,11368.5,11362.9,11363.8,11363.5,11364.1,0.6,148
2026-07-28T06:10:00+00:00,11363.7,11364.2,11361.8,11362.4,11363.4,11364,11363.9,11364.5,11361.5,11362.1,11362.1,11362.7,0.6,84
2026-07-28T06:15:00+00:00,11362.3,11363.6,11361.6,11362.7,11362,11362.6,11363.3,11363.9,11361.3,11361.9,11362.4,11363,0.6,492
2026-07-28T06:20:00+00:00,11362.6,11363.6,11361.7,11362.1,11362.3,11362.9,11363.3,11363.9,11361.4,11362,11361.8,11362.4,0.6,876
2026-07-28T06:25:00+00:00,11362.2,11365.2,11362,11365,11361.9,11362.5,11364.9,11365.5,11361.7,11362.3,11364.7,11365.3,0.6,911
2026-07-28T06:30:00+00:00,11365.1,11366.25,11364.6,11364.6,11364.8,11365.4,11365.8,11366.7,11364.3,11364.9,11364.3,11364.9,0.6,941
2026-07-28T06:35:00+00:00,11364.7,11365.6,11363,11364,11364.4,11365,11365.3,11365.9,11362.7,11363.3,11363.7,11364.3,0.6,873
2026-07-28T06:40:00+00:00,11364.1,11366.6,11362.9,11365.55,11363.8,11364.4,11366.3,11366.9,11362.6,11363.2,11365.1,11366,0.9,776
2026-07-28T06:45:00+00:00,11365.65,11366.05,11364.2,11364.2,11365.2,11366.1,11365.6,11366.5,11363.9,11364.5,11363.9,11364.5,0.6,66
2026-07-28T06:50:00+00:00,11364.4,11365.1,11364.1,11364.7,11364.1,11364.7,11364.8,11365.4,11363.8,11364.4,11364.4,11365,0.6,52
2026-07-28T06:55:00+00:00,11364.6,11366.05,11364.6,11365.55,11364.3,11364.9,11365.7,11366.4,11364.3,11364.9,11365.1,11366,0.9,54
2026-07-28T07:00:00+00:00,11365.45,11367.6,11365,11366.4,11365,11365.9,11367.3,11367.9,11364.6,11365.4,11366.1,11366.7,0.6,126
2026-07-28T07:05:00+00:00,11366.5,11366.7,11364.6,11365.5,11366.2,11366.8,11366.4,11367,11364.3,11364.9,11365.2,11365.8,0.6,113
2026-07-28T07:10:00+00:00,11365.6,11367.5,11365.2,11366.45,11365.3,11365.9,11367.2,11367.8,11364.9,11365.5,11366,11366.9,0.9,91
2026-07-28T07:15:00+00:00,11366.35,11367.9,11366.35,11367.1,11365.9,11366.8,11367.6,11368.2,11365.9,11366.8,11366.8,11367.4,0.6,115
2026-07-28T07:20:00+00:00,11367,11368.8,11366.5,11368.8,11366.7,11367.3,11368.5,11369.1,11366.2,11366.8,11368.5,11369.1,0.6,87
2026-07-28T07:25:00+00:00,11369,11371.1,11367.95,11371.1,11368.7,11369.3,11370.8,11371.4,11367.5,11368.4,11370.8,11371.4,0.6,142
2026-07-28T07:30:00+00:00,11370.9,11373.1,11370.1,11370.3,11370.6,11371.2,11372.8,11373.4,11369.8,11370.4,11370,11370.6,0.6,149
2026-07-28T07:35:00+00:00,11370.2,11370.9,11369.5,11370.1,11369.9,11370.5,11370.6,11371.2,11369.2,11369.8,11369.8,11370.4,0.6,105
2026-07-28T07:40:00+00:00,11370,11371.2,11368.6,11369.5,11369.7,11370.3,11370.9,11371.5,11368.3,11368.9,11369.2,11369.8,0.6,76
2026-07-28T07:45:00+00:00,11369.4,11369.5,11367.8,11367.9,11369.1,11369.7,11369.2,11369.8,11367.5,11368.1,11367.6,11368.2,0.6,42
2026-07-28T07:50:00+00:00,11368,11371.3,11368,11371.3,11367.7,11368.3,11371,11371.6,11367.7,11368.3,11371,11371.6,0.6,99
2026-07-28T07:55:00+00:00,11371.2,11371.7,11367.3,11368.55,11370.9,11371.5,11371.4,11372,11367,11367.6,11368.1,11369,0.9,148
2026-07-28T08:00:00+00:00,11368.45,11369.4,11366.7,11367.6,11368,11368.9,11369.1,11369.7,11366.4,11367,11367.3,11367.9,0.6,160
2026-07-28T08:05:00+00:00,11367.7,11372.3,11366.8,11371.9,11367.4,11368,11372,11372.6,11366.5,11367.1,11371.6,11372.2,0.6,172
2026-07-28T08:10:00+00:00,11372.2,11373.7,11370.9,11372.9,11371.9,11372.5,11373.4,11374,11370.6,11371.2,11372.6,11373.2,0.6,286
2026-07-28T08:15:00+00:00,11372.8,11373.8,11371.7,11371.8,11372.5,11373.1,11373.5,11374.1,11371.4,11372,11371.5,11372.1,0.6,156
2026-07-28T08:20:00+00:00,11371.9,11372.8,11369.9,11370,11371.6,11372.2,11372.5,11373.1,11369.6,11370.2,11369.7,11370.3,0.6,184
2026-07-28T08:25:00+00:00,11369.9,11371.6,11369.6,11370,11369.6,11370.2,11371.3,11371.9,11369.3,11369.9,11369.7,11370.3,0.6,163
2026-07-28T08:30:00+00:00,11369.9,11371.1,11369.5,11370.4,11369.6,11370.2,11370.8,11371.4,11369.2,11369.8,11370.1,11370.7,0.6,159
2026-07-28T08:35:00+00:00,11370.5,11372.2,11369.7,11371,11370.2,11370.8,11371.9,11372.5,11369.4,11370,11370.7,11371.3,0.6,142
2026-07-28T08:40:00+00:00,11371.1,11371.4,11368.7,11369.3,11370.8,11371.4,11371.1,11371.7,11368.4,11369,11369,11369.6,0.6,115
2026-07-28T08:45:00+00:00,11369.4,11369.4,11366.3,11366.8,11369.1,11369.7,11369.1,11369.7,11366,11366.6,11366.5,11367.1,0.6,167
2026-07-28T08:50:00+00:00,11366.7,11366.7,11363.2,11365,11366.4,11367,11366.4,11367,11362.9,11363.5,11364.7,11365.3,0.6,247
2026-07-28T08:55:00+00:00,11365.1,11366.6,11364.5,11364.7,11364.8,11365.4,11366.3,11366.9,11364.2,11364.8,11364.4,11365,0.6,155
2026-07-28T09:00:00+00:00,11364.6,11368.4,11364.45,11368.1,11364.1,11365.1,11368.1,11368.7,11364.1,11364.8,11367.8,11368.4,0.6,167
2026-07-28T09:05:00+00:00,11368,11370.4,11367.7,11369.4,11367.7,11368.3,11370.1,11370.7,11367.4,11368,11369.1,11369.7,0.6,148
2026-07-28T09:10:00+00:00,11369.3,11369.5,11366.4,11368.3,11369,11369.6,11369.2,11369.8,11366.1,11366.7,11368,11368.6,0.6,240
2026-07-28T09:15:00+00:00,11368.2,11371,11368.2,11369.6,11367.9,11368.5,11370.7,11371.3,11367.9,11368.5,11369.3,11369.9,0.6,235
2026-07-28T09:20:00+00:00,11369.5,11372.2,11369.4,11371.7,11369.2,11369.8,11371.9,11372.5,11369.1,11369.7,11371.4,11372,0.6,185
2026-07-28T09:25:00+00:00,11371.6,11371.6,11368,11369.9,11371.3,11371.9,11371.3,11371.9,11367.7,11368.3,11369.6,11370.2,0.6,171
2026-07-28T09:30:00+00:00,11370,11370.7,11368.2,11369.8,11369.7,11370.3,11370.4,11371,11367.9,11368.5,11369.5,11370.1,0.6,207
2026-07-28T09:35:00+00:00,11369.9,11371.6,11369.6,11370,11369.6,11370.2,11371.3,11371.9,11369.3,11369.9,11369.7,11370.3,0.6,143
2026-07-28T09:40:00+00:00,11369.8,11371.4,11369.4,11371,11369.5,11370.1,11371.1,11371.7,11369.1,11369.7,11370.7,11371.3,0.6,185
2026-07-28T09:45:00+00:00,11371.1,11372.8,11370.2,11372.7,11370.8,11371.4,11372.5,11373.1,11369.9,11370.5,11372.4,11373,0.6,187
2026-07-28T09:50:00+00:00,11372.6,11372.8,11370.8,11371.2,11372.3,11372.9,11372.5,11373.1,11370.5,11371.1,11370.9,11371.5,0.6,140
2026-07-28T09:55:00+00:00,11371.3,11372.7,11370.8,11372.6,11371,11371.6,11372.4,11373,11370.5,11371.1,11372.3,11372.9,0.6,144
2026-07-28T10:00:00+00:00,11372.7,11373.1,11371,11371.1,11372.4,11373,11372.8,11373.4,11370.7,11371.3,11370.8,11371.4,0.6,96
2026-07-28T10:05:00+00:00,11371.2,11371.6,11367.5,11368.5,11370.9,11371.5,11371.3,11371.9,11367.2,11367.8,11368.2,11368.8,0.6,131
2026-07-28T10:10:00+00:00,11368.4,11368.4,11366.1,11366.9,11368.1,11368.7,11368.1,11368.7,11365.8,11366.4,11366.6,11367.2,0.6,156
2026-07-28T10:15:00+00:00,11367,11368.2,11366.8,11367.5,11366.7,11367.3,11367.9,11368.5,11366.5,11367.1,11367.2,11367.8,0.6,173
2026-07-28T10:20:00+00:00,11367.4,11368.2,11366.1,11366.8,11367.1,11367.7,11367.9,11368.5,11365.8,11366.4,11366.5,11367.1,0.6,125
2026-07-28T10:25:00+00:00,11366.9,11367.4,11365.8,11366.1,11366.6,11367.2,11367.1,11367.7,11365.5,11366.1,11365.8,11366.4,0.6,157
2026-07-28T10:30:00+00:00,11366,11366,11363.7,11364.7,11365.7,11366.3,11365.7,11366.3,11363.4,11364,11364.4,11365,0.6,121
2026-07-28T10:35:00+00:00,11364.8,11365.2,11363.8,11364.5,11364.5,11365.1,11364.9,11365.5,11363.5,11364.1,11364.2,11364.8,0.6,97
2026-07-28T10:40:00+00:00,11364.6,11365.4,11362.3,11362.5,11364.3,11364.9,11365.1,11365.7,11362,11362.6,11362.2,11362.8,0.6,147
2026-07-28T10:45:00+00:00,11362.6,11362.6,11360.6,11361.4,11362.3,11362.9,11362.3,11362.9,11360.3,11360.9,11361.1,11361.7,0.6,126
2026-07-28T10:50:00+00:00,11361.5,11361.5,11358.4,11359.7,11361.2,11361.8,11361.2,11361.8,11358.1,11358.7,11359.4,11360,0.6,195
2026-07-28T10:55:00+00:00,11359.8,11359.8,11356.2,11356.7,11359.5,11360.1,11359.5,11360.1,11355.9,11356.5,11356.4,11357,0.6,160
2026-07-28T11:00:00+00:00,11356.75,11356.9,11355.5,11356.2,11356.3,11357.2,11356.6,11357.2,11355.2,11355.8,11355.9,11356.5,0.6,100
2026-07-28T11:05:00+00:00,11356.1,11356.1,11354,11354.1,11355.8,11356.4,11355.8,11356.4,11353.7,11354.3,11353.8,11354.4,0.6,181
2026-07-28T11:10:00+00:00,11354,11357.3,11353.2,11356.9,11353.7,11354.3,11357,11357.6,11352.9,11353.5,11356.6,11357.2,0.6,216
2026-07-28T11:15:00+00:00,11356.8,11357.1,11354.8,11355.5,11356.5,11357.1,11356.8,11357.4,11354.5,11355.1,11355.2,11355.8,0.6,140
2026-07-28T11:20:00+00:00,11355.4,11357.6,11354.6,11356.9,11355.1,11355.7,11357.3,11357.9,11354.3,11354.9,11356.6,11357.2,0.6,140
2026-07-28T11:25:00+00:00,11357,11357.8,11356.2,11356.6,11356.7,11357.3,11357.5,11358.1,11355.9,11356.5,11356.3,11356.9,0.6,162
2026-07-28T11:30:00+00:00,11356.5,11360.3,11356,11360.3,11356.2,11356.8,11360,11360.6,11355.7,11356.3,11360,11360.6,0.6,171
2026-07-28T11:35:00+00:00,11360.2,11361.3,11358.2,11360.9,11359.9,11360.5,11361,11361.6,11357.9,11358.5,11360.6,11361.2,0.6,205
2026-07-28T11:40:00+00:00,11360.8,11361.1,11357,11357,11360.5,11361.1,11360.8,11361.4,11356.7,11357.3,11356.7,11357.3,0.6,121
2026-07-28T11:45:00+00:00,11357.1,11359.9,11357.1,11358.9,11356.8,11357.4,11359.6,11360.2,11356.8,11357.4,11358.6,11359.2,0.6,151
2026-07-28T11:50:00+00:00,11358.8,11362.3,11358.6,11362.3,11358.5,11359.1,11362,11362.6,11358.3,11358.9,11362,11362.6,0.6,106
2026-07-28T11:55:00+00:00,11362.2,11363.3,11360.1,11360.5,11361.9,11362.5,11363,11363.6,11359.8,11360.4,11360.2,11360.8,0.6,132
2026-07-28T12:00:00+00:00,11360.6,11361,11358.8,11359.3,11360.3,11360.9,11360.7,11361.3,11358.5,11359.1,11359,11359.6,0.6,108
2026-07-28T12:05:00+00:00,11359.4,11359.9,11357,11357.2,11359.1,11359.7,11359.6,11360.2,11356.7,11357.3,11356.9,11357.5,0.6,83
2026-07-28T12:10:00+00:00,11357.3,11359.3,11357,11358.6,11357,11357.6,11359,11359.6,11356.7,11357.3,11358.3,11358.9,0.6,103
2026-07-28T12:15:00+00:00,11358.7,11362.7,11358.7,11361.9,11358.4,11359,11362.4,11363,11358.4,11359,11361.6,11362.2,0.6,204
2026-07-28T12:20:00+00:00,11361.8,11364.1,11361.8,11364,11361.5,11362.1,11363.8,11364.4,11361.5,11362.1,11363.7,11364.3,0.6,95
2026-07-28T12:25:00+00:00,11363.7,11366,11363.7,11365.1,11363.4,11364,11365.7,11366.3,11363.4,11364,11364.8,11365.4,0.6,136
2026-07-28T12:30:00+00:00,11365,11365.2,11363.2,11363.8,11364.7,11365.3,11364.9,11365.5,11362.9,11363.5,11363.5,11364.1,0.6,72
2026-07-28T12:35:00+00:00,11363.7,11366.6,11363.7,11366.1,11363.4,11364,11366.3,11366.9,11363.4,11364,11365.8,11366.4,0.6,121
2026-07-28T12:40:00+00:00,11366.2,11366.4,11363.75,11363.75,11365.9,11366.5,11366.1,11366.7,11363.3,11364.2,11363.3,11364.2,0.9,97
2026-07-28T12:45:00+00:00,11363.8,11364.7,11361.6,11361.6,11363.5,11364.1,11364.3,11365.1,11361.3,11361.9,11361.3,11361.9,0.6,119
2026-07-28T12:50:00+00:00,11361.5,11365,11361.1,11364.3,11361.2,11361.8,11364.7,11365.3,11360.8,11361.4,11364,11364.6,0.6,99
2026-07-28T12:55:00+00:00,11364.2,11368.1,11364,11365.3,11363.9,11364.5,11367.8,11368.4,11363.7,11364.3,11365,11365.6,0.6,181
2026-07-28T13:00:00+00:00,11365.4,11365.9,11362,11363.4,11365.1,11365.7,11365.6,11366.2,11361.7,11362.3,11363.1,11363.7,0.6,168
2026-07-28T13:05:00+00:00,11363.5,11367.9,11363.4,11366.6,11363.2,11363.8,11367.6,11368.2,11363.1,11363.7,11366.3,11366.9,0.6,93
2026-07-28T13:10:00+00:00,11367.2,11367.2,11363.8,11365.2,11366.9,11367.5,11366.9,11367.5,11363.5,11364.1,11364.9,11365.5,0.6,92
2026-07-28T13:15:00+00:00,11365.25,11366.3,11364.4,11364.9,11364.8,11365.7,11366,11366.6,11364.1,11364.7,11364.6,11365.2,0.6,118
2026-07-28T13:20:00+00:00,11364.7,11366,11363.5,11363.6,11364.4,11365,11365.7,11366.3,11363.2,11363.8,11363.3,11363.9,0.6,112
2026-07-28T13:25:00+00:00,11363.7,11363.8,11362.1,11362.7,11363.4,11364,11363.5,11364.1,11361.7,11362.5,11362.4,11363,0.6,140
2026-07-28T13:30:00+00:00,11362.6,11363.1,11360.9,11362.3,11362.3,11362.9,11362.7,11363.5,11360.6,11361.2,11362,11362.6,0.6,122
2026-07-28T13:35:00+00:00,11362.4,11364.5,11361.8,11363.3,11362.1,11362.7,11364.2,11364.8,11361.5,11362.1,11363,11363.6,0.6,134
2026-07-28T13:40:00+00:00,11363.1,11365.5,11361.7,11364.9,11362.8,11363.4,11365.2,11365.8,11361.4,11362,11364.6,11365.2,0.6,97
2026-07-28T13:45:00+00:00,11365,11367.6,11364.9,11367.4,11364.7,11365.3,11367.3,11367.9,11364.6,11365.2,11367.1,11367.7,0.6,128
2026-07-28T13:50:00+00:00,11367.3,11368.6,11364.8,11365.4,11367,11367.6,11368.3,11368.9,11364.5,11365.1,11365.1,11365.7,0.6,150
2026-07-28T13:55:00+00:00,11365.3,11367.2,11365.3,11365.45,11365,11365.6,11366.9,11367.5,11365,11365.6,11365,11365.9,0.9,114
2026-07-28T14:00:00+00:00,11365.55,11368.7,11365.5,11367.9,11365.1,11366,11368.4,11369,11365.1,11365.9,11367.6,11368.2,0.6,130
2026-07-28T14:05:00+00:00,11368,11369.9,11367.8,11369.4,11367.7,11368.3,11369.6,11370.2,11367.5,11368.1,11369.1,11369.7,0.6,119
2026-07-28T14:10:00+00:00,11369.5,11370.6,11366.5,11366.7,11369.2,11369.8,11370.3,11370.9,11366.2,11366.8,11366.4,11367,0.6,107
2026-07-28T14:15:00+00:00,11366.9,11368.5,11366.1,11368.1,11366.6,11367.2,11368.2,11368.8,11365.8,11366.4,11367.8,11368.4,0.6,131
2026-07-28T14:20:00+00:00,11368,11370.4,11367.9,11368.7,11367.7,11368.3,11370.1,11370.7,11367.6,11368.2,11368.4,11369,0.6,111
2026-07-28T14:25:00+00:00,11368.6,11368.6,11366.7,11367.2,11368.3,11368.9,11368.3,11368.9,11366.4,11367,11366.9,11367.5,0.6,119
2026-07-28T14:30:00+00:00,11367.1,11370.4,11367,11369.3,11366.8,11367.4,11370.1,11370.7,11366.7,11367.3,11369,11369.6,0.6,154
2026-07-28T14:35:00+00:00,11369.4,11370.5,11367.6,11368.6,11369.1,11369.7,11370.2,11370.8,11367.3,11367.9,11368.3,11368.9,0.6,172
2026-07-28T14:40:00+00:00,11368.4,11370.5,11368.4,11369.1,11368.1,11368.7,11370.2,11370.8,11368.1,11368.7,11368.8,11369.4,0.6,144
2026-07-28T14:45:00+00:00,11368.9,11374.3,11367.9,11373.3,11368.6,11369.2,11374,11374.6,11367.6,11368.2,11373,11373.6,0.6,205
2026-07-28T14:50:00+00:00,11373.2,11374.1,11371.6,11372.6,11372.9,11373.5,11373.8,11374.4,11371.3,11371.9,11372.3,11372.9,0.6,258
2026-07-28T14:55:00+00:00,11372.5,11372.7,11370.3,11372.2,11372.2,11372.8,11372.4,11373,11370,11370.6,11371.9,11372.5,0.6,184
2026-07-28T15:00:00+00:00,11371.75,11374.2,11370.3,11374,11371.2,11372.3,11373.9,11374.5,11369.2,11371.4,11373.7,11374.3,0.6,197
2026-07-28T15:05:00+00:00,11373.9,11375.4,11371.6,11374.5,11373.6,11374.2,11375.1,11375.7,11371.3,11371.9,11374.2,11374.8,0.6,196
2026-07-28T15:10:00+00:00,11374.4,11375.8,11373.1,11373.6,11374.1,11374.7,11375.5,11376.1,11372.8,11373.4,11373.3,11373.9,0.6,225
2026-07-28T15:15:00+00:00,11373.7,11373.7,11371.7,11372.6,11373.4,11374,11373.4,11374,11371.4,11372,11372.3,11372.9,0.6,211
2026-07-28T15:20:00+00:00,11372.5,11375.1,11372.4,11374.7,11372.2,11372.8,11374.8,11375.4,11372.1,11372.7,11374.4,11375,0.6,195
2026-07-28T15:25:00+00:00,11374.6,11378.4,11374.4,11378.3,11374.3,11374.9,11378.1,11378.7,11374.1,11374.7,11378,11378.6,0.6,232
2026-07-28T15:30:00+00:00,11378.2,11379.1,11376.8,11377,11377.9,11378.5,11378.8,11379.4,11376.5,11377.1,11376.7,11377.3,0.6,214
2026-07-28T15:35:00+00:00,11377.4,11377.9,11375.8,11377.5,11377.1,11377.7,11377.6,11378.2,11375.5,11376.1,11377.2,11377.8,0.6,172
2026-07-28T15:40:00+00:00,11377.6,11380,11377.3,11378.9,11377.3,11377.9,11379.7,11380.3,11377,11377.6,11378.6,11379.2,0.6,213
2026-07-28T15:45:00+00:00,11378.6,11378.9,11376.3,11377.6,11378.3,11378.9,11378.6,11379.2,11376,11376.6,11377.3,11377.9,0.6,207
2026-07-28T15:50:00+00:00,11377.7,11383.2,11377.3,11382.9,11377.4,11378,11382.9,11383.5,11377,11377.6,11382.6,11383.2,0.6,317
2026-07-28T15:55:00+00:00,11382.8,11386.85,11382.6,11386,11382.5,11383.1,11386.4,11387.3,11382.3,11382.9,11385.7,11386.3,0.6,399
2026-07-28T16:00:00+00:00,11385.9,11387.1,11383.9,11384.2,11385.6,11386.2,11386.8,11387.4,11383.6,11384.2,11383.9,11384.5,0.6,234
2026-07-28T16:05:00+00:00,11384.1,11387.9,11383.7,11387.2,11383.8,11384.4,11387.6,11388.2,11383.4,11384,11386.9,11387.5,0.6,167
2026-07-28T16:10:00+00:00,11387.1,11395.9,11386.6,11394.3,11386.8,11387.4,11395.6,11396.2,11386.3,11386.9,11394,11394.6,0.6,490
2026-07-28T16:15:00+00:00,11394.7,11395.7,11392.35,11395.6,11394.4,11395,11395.4,11396,11391.9,11392.8,11395.3,11395.9,0.6,401
2026-07-28T16:20:00+00:00,11395.3,11399.4,11394.7,11394.9,11395,11395.6,11399.1,11399.7,11394.4,11395,11394.6,11395.2,0.6,344
2026-07-28T16:25:00+00:00,11394.8,11398.4,11394,11395.7,11394.5,11395.1,11398.1,11398.7,11393.7,11394.3,11395.4,11396,0.6,283
2026-07-28T16:30:00+00:00,11395.2,11398.5,11394.1,11396.9,11394.9,11395.5,11398.2,11398.8,11393.8,11394.4,11396.6,11397.2,0.6,355
2026-07-28T16:35:00+00:00,11396.8,11398.5,11395.3,11395.7,11396.5,11397.1,11398.2,11398.8,11395,11395.6,11395.4,11396,0.6,264
2026-07-28T16:40:00+00:00,11395.8,11402.4,11395.7,11401.6,11395.5,11396.1,11402.1,11402.7,11395.4,11396,11401.3,11401.9,0.6,299
2026-07-28T16:45:00+00:00,11401.5,11401.6,11398.7,11399,11401.2,11401.8,11401.3,11401.9,11398.4,11399,11398.7,11399.3,0.6,257
2026-07-28T16:50:00+00:00,11399.2,11400.3,11396.6,11399.8,11398.9,11399.5,11400,11400.6,11396.3,11396.9,11399.5,11400.1,0.6,262
2026-07-28T16:55:00+00:00,11399.7,11400.7,11398.9,11400.4,11399.4,11400,11400.4,11401,11398.6,11399.2,11400.1,11400.7,0.6,214
2026-07-28T17:00:00+00:00,11400.9,11402.3,11399.7,11400.6,11400.6,11401.2,11402,11402.6,11399.3,11400.1,11400.3,11400.9,0.6,167
2026-07-28T17:05:00+00:00,11400.5,11402,11399.2,11401.9,11400.2,11400.8,11401.7,11402.3,11398.9,11399.5,11401.6,11402.2,0.6,164
2026-07-28T17:10:00+00:00,11401.8,11403.5,11400.3,11402.6,11401.5,11402.1,11403.2,11403.8,11400,11400.6,11402.3,11402.9,0.6,220
2026-07-28T17:15:00+00:00,11402.5,11404.3,11402.1,11403.2,11402.2,11402.8,11404,11404.6,11401.8,11402.4,11402.9,11403.5,0.6,169
2026-07-28T17:20:00+00:00,11403.3,11403.8,11401.5,11403.6,11403,11403.6,11403.5,11404.1,11401.2,11401.8,11403.3,11403.9,0.6,177
2026-07-28T17:25:00+00:00,11403.7,11405.4,11403.3,11405.3,11403.4,11404,11405.1,11405.7,11403,11403.6,11405,11405.6,0.6,185
2026-07-28T17:30:00+00:00,11405.2,11405.3,11402.4,11404.1,11404.9,11405.5,11405,11405.6,11402.1,11402.7,11403.8,11404.4,0.6,189
2026-07-28T17:35:00+00:00,11404.2,11404.7,11402.25,11402.35,11403.9,11404.5,11404.4,11405,11401.8,11402.7,11401.9,11402.8,0.9,172
2026-07-28T17:40:00+00:00,11402.55,11402.55,11400.35,11400.65,11402.1,11403,11402.1,11403,11399.9,11400.8,11400.2,11401.1,0.9,202
2026-07-28T17:45:00+00:00,11400.55,11401.15,11397.25,11397.35,11400.1,11401,11400.7,11401.6,11396.9,11397.6,11396.9,11397.8,0.9,277
2026-07-28T17:50:00+00:00,11397.55,11399.1,11397.05,11398.3,11397.1,11398,11398.8,11399.4,11396.6,11397.5,11398,11398.6,0.6,141
2026-07-28T17:55:00+00:00,11398.2,11398.6,11396,11396,11397.9,11398.5,11398.3,11398.9,11395.7,11396.3,11395.7,11396.3,0.6,173
2026-07-28T18:00:00+00:00,11395.9,11397.6,11395.4,11396.7,11395.6,11396.2,11397.3,11397.9,11395.1,11395.7,11396.4,11397,0.6,131
2026-07-28T18:05:00+00:00,11396.8,11397.6,11395.1,11395.1,11396.5,11397.1,11397.3,11397.9,11394.8,11395.4,11394.8,11395.4,0.6,164
2026-07-28T18:10:00+00:00,11395,11395.1,11393.2,11393.9,11394.7,11395.3,11394.8,11395.4,11392.9,11393.5,11393.6,11394.2,0.6,201
2026-07-28T18:15:00+00:00,11394,11395.2,11393.7,11394.4,11393.7,11394.3,11394.9,11395.5,11393.4,11394,11394.1,11394.7,0.6,154
2026-07-28T18:20:00+00:00,11394.5,11397.9,11393.2,11393.3,11394.2,11394.8,11397.6,11398.2,11392.9,11393.5,11393,11393.6,0.6,237
2026-07-28T18:25:00+00:00,11393.2,11394.3,11392.8,11393.2,11392.9,11393.5,11394,11394.6,11392.5,11393.1,11392.9,11393.5,0.6,167
2026-07-28T18:30:00+00:00,11393.1,11394.2,11392.4,11394,11392.8,11393.4,11393.9,11394.5,11392.1,11392.7,11393.7,11394.3,0.6,165
2026-07-28T18:35:00+00:00,11393.9,11394.3,11392.6,11393.8,11393.6,11394.2,11394,11394.6,11392.3,11392.9,11393.5,11394.1,0.6,121
2026-07-28T18:40:00+00:00,11393.7,11393.7,11391.55,11391.9,11393.4,11394,11393.4,11394,11391.1,11392,11391.6,11392.2,0.6,150
2026-07-28T18:45:00+00:00,11392,11392.6,11390.9,11391.6,11391.7,11392.3,11392.3,11392.9,11390.6,11391.2,11391.3,11391.9,0.6,191
2026-07-28T18:50:00+00:00,11391.4,11391.4,11390.2,11390.8,11391.1,11391.7,11391.1,11391.7,11389.9,11390.5,11390.5,11391.1,0.6,147
2026-07-28T18:55:00+00:00,11391,11391.3,11388.5,11389.4,11390.7,11391.3,11391,11391.6,11388.2,11388.8,11389.1,11389.7,0.6,176
2026-07-28T19:00:00+00:00,11389.5,11390.8,11388.6,11389,11389.2,11389.8,11390.5,11391.1,11388.3,11388.9,11388.7,11389.3,0.6,145
2026-07-28T19:05:00+00:00,11388.9,11390.1,11388.5,11390,11388.6,11389.2,11389.8,11390.4,11388.2,11388.8,11389.7,11390.3,0.6,118
2026-07-28T19:10:00+00:00,11389.9,11389.9,11387.7,11389.2,11389.6,11390.2,11389.6,11390.2,11387.4,11388,11388.9,11389.5,0.6,138
2026-07-28T19:15:00+00:00,11389.3,11391.5,11389.1,11391.2,11389,11389.6,11391.2,11391.8,11388.8,11389.4,11390.9,11391.5,0.6,129
2026-07-28T19:20:00+00:00,11391.1,11391.1,11388.7,11388.8,11390.8,11391.4,11390.8,11391.4,11388.4,11389,11388.5,11389.1,0.6,114
2026-07-28T19:25:00+00:00,11388.9,11389,11387.2,11387.8,11388.6,11389.2,11388.7,11389.3,11386.9,11387.5,11387.5,11388.1,0.6,140
2026-07-28T19:30:00+00:00,11387.9,11388.5,11387.7,11387.8,11387.6,11388.2,11388.2,11388.8,11387.4,11388,11387.5,11388.1,0.6,142
2026-07-28T19:35:00+00:00,11387.9,11389.4,11387.7,11388.5,11387.6,11388.2,11389.1,11389.7,11387.4,11388,11388.2,11388.8,0.6,104
2026-07-28T19:40:00+00:00,11388.4,11389.1,11388,11388.7,11388.1,11388.7,11388.8,11389.4,11387.7,11388.3,11388.4,11389,0.6,103
2026-07-28T19:45:00+00:00,11388.6,11388.7,11386,11387.1,11388.3,11388.9,11388.4,11389,11385.7,11386.3,11386.8,11387.4,0.6,124
2026-07-28T19:50:00+00:00,11387.3,11388,11386.5,11387.1,11387,11387.6,11387.7,11388.3,11386.2,11386.8,11386.8,11387.4,0.6,112
2026-07-28T19:55:00+00:00,11387,11388,11386.4,11386.9,11386.7,11387.3,11387.7,11388.3,11386.1,11386.7,11386.6,11387.2,0.6,84
2026-07-28T20:00:00+00:00,11387,11388.6,11386.5,11388.5,11386.7,11387.3,11388.3,11388.9,11386.2,11386.8,11388.2,11388.8,0.6,65
2026-07-28T20:05:00+00:00,11388.6,11390.5,11388.6,11389.1,11388.3,11388.9,11390.2,11390.8,11388.3,11388.9,11388.8,11389.4,0.6,100
2026-07-28T20:10:00+00:00,11389.2,11389.6,11387.7,11388.3,11388.9,11389.5,11389.3,11389.9,11387.4,11388,11388,11388.6,0.6,125
2026-07-28T20:15:00+00:00,11388.2,11390.1,11387.7,11389.8,11387.9,11388.5,11389.8,11390.4,11387.4,11388,11389.5,11390.1,0.6,126
2026-07-28T20:20:00+00:00,11389.9,11390.9,11389.8,11390.2,11389.6,11390.2,11390.6,11391.2,11389.5,11390.1,11389.9,11390.5,0.6,122
2026-07-28T20:25:00+00:00,11390.1,11390.7,11388.8,11389.2,11389.8,11390.4,11390.4,11391,11388.5,11389.1,11388.9,11389.5,0.6,126
2026-07-28T20:30:00+00:00,11389.1,11390.5,11388.8,11390.3,11388.8,11389.4,11390.2,11390.8,11388.5,11389.1,11390,11390.6,0.6,143
2026-07-28T20:35:00+00:00,11390.4,11390.4,11388.9,11389.6,11390.1,11390.7,11390.1,11390.7,11388.6,11389.2,11389.3,11389.9,0.6,105
2026-07-28T20:40:00+00:00,11389.7,11390.2,11389.2,11390.1,11389.4,11390,11389.9,11390.5,11388.9,11389.5,11389.8,11390.4,0.6,135
2026-07-28T20:45:00+00:00,11390.3,11392.1,11390.3,11391.5,11390,11390.6,11391.8,11392.4,11390,11390.6,11391.2,11391.8,0.6,121
2026-07-28T20:50:00+00:00,11391.3,11391.4,11390.2,11391.3,11391,11391.6,11391.1,11391.7,11389.9,11390.5,11391,11391.6,0.6,121
2026-07-28T20:55:00+00:00,11391.2,11391.3,11387.3,11387.3,11390.9,11391.5,11391,11391.6,11387,11387.6,11387,11387.6,0.6,105
2026-07-28T21:00:00+00:00,11387.1,11388.6,11386.9,11387.8,11386.8,11387.4,11388.3,11388.9,11386.6,11387.2,11387.5,11388.1,0.6,46
2026-07-28T21:05:00+00:00,11387.9,11387.9,11386.7,11387.4,11387.6,11388.2,11387.6,11388.2,11386.4,11387,11387.1,11387.7,0.6,48
2026-07-28T21:10:00+00:00,11387.5,11388.7,11387.5,11388.3,11387.2,11387.8,11388.4,11389,11387.2,11387.8,11388,11388.6,0.6,98
2026-07-28T21:15:00+00:00,11388.4,11389,11387.7,11387.9,11388.1,11388.7,11388.7,11389.3,11387.4,11388,11387.6,11388.2,0.6,87
2026-07-28T21:20:00+00:00,11387.8,11388,11387.2,11387.4,11387.5,11388.1,11387.7,11388.3,11386.9,11387.5,11387.1,11387.7,0.6,72
2026-07-28T21:25:00+00:00,11387.3,11387.7,11385.5,11386.3,11387,11387.6,11387.4,11388,11385.1,11385.9,11386,11386.6,0.6,147
2026-07-28T21:30:00+00:00,11386.2,11386.6,11385.25,11386.6,11385.9,11386.5,11386.3,11386.9,11384.8,11385.7,11386.3,11386.9,0.6,98
2026-07-28T21:35:00+00:00,11386.5,11387.4,11385.5,11386,11386.2,11386.8,11387.1,11387.7,11385.2,11385.8,11385.7,11386.3,0.6,91
2026-07-28T21:40:00+00:00,11386.1,11387.5,11385.4,11387.5,11385.8,11386.4,11387.2,11387.8,11385.1,11385.7,11387.2,11387.8,0.6,110
2026-07-28T21:45:00+00:00,11387.4,11387.45,11386.4,11387.1,11387.1,11387.7,11387.1,11387.8,11386.1,11386.7,11386.8,11387.4,0.6,59
2026-07-28T21:50:00+00:00,11387,11388,11386.6,11387.2,11386.7,11387.3,11387.7,11388.3,11386.3,11386.9,11386.9,11387.5,0.6,72
2026-07-28T21:55:00+00:00,11387.4,11388.9,11385.6,11387.6,11386.8,11388,11386.8,11391,11384,11387.2,11384.2,11391,6.8,139
2026-07-28T22:00:00+00:00,11387,11389.7,11385.85,11389.7,11383.8,11390.2,11383.9,11395.5,11381.5,11390.2,11383.9,11395.5,11.6,19
2026-07-28T22:05:00+00:00,11389.8,11391.35,11389.6,11390.25,11384,11395.6,11385.6,11397.1,11383.9,11395.3,11385.2,11395.3,10.1,14
2026-07-28T22:10:00+00:00,11390.25,11391.35,11389.95,11391.1,11385.4,11395.1,11386.8,11395.9,11385.3,11394.6,11386.7,11395.5,8.8,37
2026-07-28T22:15:00+00:00,11391.05,11392,11389.95,11391.85,11386.4,11395.7,11387.8,11396.2,11385.6,11394.3,11387.8,11395.9,8.1,33
2026-07-28T22:20:00+00:00,11392.65,11393.6,11391.35,11392.65,11388.6,11396.7,11390.2,11397,11387.6,11395.1,11389.5,11395.8,6.3,64
2026-07-28T22:25:00+00:00,11393.35,11393.5,11392.2,11392.55,11390.2,11396.5,11390.4,11396.6,11389.1,11395.3,11389.5,11395.6,6.1,46
2026-07-28T22:30:00+00:00,11391.85,11392.9,11391.8,11392.7,11388.8,11394.9,11389.8,11396,11388.7,11394.9,11389.6,11395.8,6.2,45
2026-07-28T22:35:00+00:00,11392.2,11393.45,11391.75,11393.25,11389.1,11395.3,11390.6,11396.3,11388.3,11395.2,11390.6,11395.9,5.3,35
2026-07-28T22:40:00+00:00,11392.95,11393.95,11392.3,11393.9,11389.9,11396,11391.9,11396,11389.6,11395,11391.9,11395.9,4,39
2026-07-28T22:45:00+00:00,11393.6,11394,11390.2,11392.4,11391.6,11395.6,11392,11396,11386.4,11394,11390.5,11394.3,3.8,76
2026-07-28T22:50:00+00:00,11393,11393.5,11390.75,11391.45,11391.1,11394.9,11391.5,11395.5,11388.1,11393.4,11389.5,11393.4,3.9,51
2026-07-28T22:55:00+00:00,11391.5,11392.35,11390.7,11390.95,11389.7,11393.3,11390.4,11394.3,11388.3,11393.1,11388.7,11393.2,4.5,25
2026-07-28T23:00:00+00:00,11391.05,11391.2,11388.75,11389.75,11388.8,11393.3,11389.1,11393.3,11387.3,11390.2,11388.8,11390.7,1.9,65
2026-07-28T23:05:00+00:00,11389.75,11390.6,11389.15,11390.55,11389.1,11390.4,11390.1,11391.1,11388.7,11389.6,11390.1,11391,0.9,57
2026-07-28T23:10:00+00:00,11390.65,11391.05,11387.55,11387.65,11390.2,11391.1,11390.6,11391.5,11387.1,11388,11387.2,11388.1,0.9,157
2026-07-28T23:15:00+00:00,11387.75,11388.75,11386.15,11386.75,11387.3,11388.2,11388.3,11389.2,11385.7,11386.6,11386.3,11387.2,0.9,171
2026-07-28T23:20:00+00:00,11386.65,11386.75,11383.75,11384.35,11386.2,11387.1,11386.3,11387.2,11383.3,11384.2,11383.9,11384.8,0.9,195
2026-07-28T23:25:00+00:00,11384.55,11385.95,11384.25,11385.45,11384.1,11385,11385.5,11386.4,11383.8,11384.7,11385,11385.9,0.9,190
2026-07-28T23:30:00+00:00,11385.55,11386.25,11385.55,11385.65,11385.1,11386,11385.8,11386.7,11385.1,11386,11385.2,11386.1,0.9,20
