timestamp,open,high,low,close,open_bid,open_ask,high_bid,high_ask,low_bid,low_ask,close_bid,close_ask,spread,volume
2026-07-14T12:00:00+00:00,16225.8,16228.1,16224.6,16225.6,16225.3,16226.3,16227.6,16228.6,16224.1,16225.1,16225.1,16226.1,1,261
2026-07-14T12:05:00+00:00,16225.7,16226.3,16223.1,16223.4,16225.2,16226.2,16225.8,16226.8,16222.6,16223.6,16222.9,16223.9,1,1085
2026-07-14T12:10:00+00:00,16223.5,16225.6,16223.2,16224.9,16223,16224,16225.1,16226.1,16222.7,16223.7,16224.4,16225.4,1,1775
2026-07-14T12:15:00+00:00,16224.8,16226.9,16224.1,16225.1,16224.3,16225.3,16226.4,16227.4,16223.6,16224.6,16224.6,16225.6,1,1890
2026-07-14T12:20:00+00:00,16225,16226.1,16222.4,16222.8,16224.5,16225.5,16225.6,16226.6,16221.9,16222.9,16222.3,16223.3,1,2030
2026-07-14T12:25:00+00:00,16222.6,16225.5,16222.6,16224.8,16222.1,16223.1,16225,16226,16222.1,16223.1,16224.3,16225.3,1,1915
2026-07-14T12:30:00+00:00,16224.6,16225,16220,16222.2,16224.1,16225.1,16224.5,16225.5,16219.5,16220.5,16221.7,16222.7,1,1859
2026-07-14T12:35:00+00:00,16222,16223,16220.5,16221.1,16221.5,16222.5,16222.5,16223.5,16220,16221,16220.6,16221.6,1,1905
2026-07-14T12:40:00+00:00,16221,16222.8,16220.2,16222.2,16220.5,16221.5,16222.3,16223.3,16219.7,16220.7,16221.7,16222.7,1,1762
2026-07-14T12:45:00+00:00,16222.1,16222.4,16219.8,16221.2,16221.6,16222.6,16221.9,16222.9,16219.3,16220.3,16220.7,16221.7,1,1969
2026-07-14T12:50:00+00:00,16221.3,16221.7,16218.8,16220.8,16220.8,16221.8,16221.2,16222.2,16218.3,16219.3,16220.3,16221.3,1,1926
2026-07-14T12:55:00+00:00,16220.7,16221,16218.4,16220.4,16220.2,16221.2,16220.5,16221.5,16217.9,16218.9,16219.9,16220.9,1,1694
2026-07-14T13:00:00+00:00,16220.3,16221.1,16216.8,16219,16219.8,16220.8,16220.6,16221.6,16216.3,16217.3,16218.5,16219.5,1,1712
2026-07-14T13:05:00+00:00,16219.1,16222,16218.1,16221.6,16218.6,16219.6,16221.5,16222.5,16217.6,16218.6,16221.1,16222.1,1,229
2026-07-14T13:10:00+00:00,16221.7,16222.1,16219.9,16220.5,16221.2,16222.2,16221.6,16222.6,16219.4,16220.4,16220,16221,1,193
2026-07-14T13:15:00+00:00,16221.1,16223.7,16220.3,16222.7,16220.6,16221.6,16223.2,16224.2,16219.8,16220.8,16222.2,16223.2,1,243
2026-07-14T13:20:00+00:00,16222.8,16223.1,16218.8,16219.1,16222.3,16223.3,16222.6,16223.6,16218.3,16219.3,16218.6,16219.6,1,301
2026-07-14T13:25:00+00:00,16219.2,16220.6,16213.9,16216.3,16218.7,16219.7,16219.4,16221.8,16210.9,16216.9,16213.3,16219.3,6,199
2026-07-14T13:30:00+00:00,16218,16218,16160.75,16174.85,16215,16221,16215,16221,16158.9,16162.6,16174.1,16175.6,1.5,1136
2026-07-14T13:35:00+00:00,16174.9,16186.7,16171.4,16181.3,16174.4,16175.4,16186.2,16187.2,16170.8,16172,16180.8,16181.8,1,816
2026-07-14T13:40:00+00:00,16181.1,16182.5,16169.4,16173.7,16180.6,16181.6,16182,16183,16168.9,16169.9,16173.2,16174.2,1,707
2026-07-14T13:45:00+00:00,16173.6,16182,16169,16179.1,16173.1,16174.1,16181.5,16182.5,16168.5,16169.5,16178.6,16179.6,1,654
2026-07-14T13:50:00+00:00,16179.3,16193.1,16178.6,16191.5,16178.8,16179.8,16192.6,16193.6,16178.1,16179.1,16191,16192,1,621
2026-07-14T13:55:00+00:00,16191.4,16194.6,16188.3,16190.7,16190.9,16191.9,16194.1,16195.1,16187.8,16188.8,16190.2,16191.2,1,533
2026-07-14T14:00:00+00:00,16190.6,16193.2,16183,16187.7,16190.1,16191.1,16192.7,16193.7,16182.5,16183.5,16187.2,16188.2,1,681
2026-07-14T14:05:00+00:00,16187.9,16189.5,16184.9,16188.2,16187.4,16188.4,16189,16190,16184.4,16185.4,16187.7,16188.7,1,549
2026-07-14T14:10:00+00:00,16188.1,16195.8,16186.9,16191.9,16187.6,16188.6,16195.3,16196.3,16186.4,16187.4,16191.4,16192.4,1,502
2026-07-14T14:15:00+00:00,16191.8,16194.5,16188.8,16193.7,16191.3,16192.3,16194,16195,16188.3,16189.3,16193.2,16194.2,1,467
2026-07-14T14:20:00+00:00,16193.8,16197.6,16186.3,16189.3,16193.3,16194.3,16197.1,16198.1,16185.8,16186.8,16188.8,16189.8,1,528
2026-07-14T14:25:00+00:00,16189.2,16190.1,16185.7,16187.6,16188.7,16189.7,16189.6,16190.6,16185.2,16186.2,16187.1,16188.1,1,485
2026-07-14T14:30:00+00:00,16187.4,16194.8,16185.3,16192,16186.9,16187.9,16194.3,16195.3,16184.8,16185.8,16191.5,16192.5,1,502
2026-07-14T14:35:00+00:00,16192.1,16195.2,16191.8,16193.9,16191.6,16192.6,16194.7,16195.7,16191.3,16192.3,16193.4,16194.4,1,416
2026-07-14T14:40:00+00:00,16193.5,16197.3,16192.7,16194.6,16193,16194,16196.8,16197.8,16192.2,16193.2,16194.1,16195.1,1,439
2026-07-14T14:45:00+00:00,16194.8,16196.6,16191.8,16192.8,16194.3,16195.3,16196.1,16197.1,16191.3,16192.3,16192.3,16193.3,1,432
2026-07-14T14:50:00+00:00,16192.5,16196.6,16191.5,16193,16192,16193,16196.1,16197.1,16191,16192,16192.5,16193.5,1,392
2026-07-14T14:55:00+00:00,16192.6,16194.7,16191.2,16192.4,16192.1,16193.1,16194.2,16195.2,16190.7,16191.7,16191.9,16192.9,1,249
2026-07-14T15:00:00+00:00,16192.6,16193.3,16185.4,16188,16192.1,16193.1,16192.8,16193.8,16184.9,16185.9,16187.5,16188.5,1,310
2026-07-14T15:05:00+00:00,16188.5,16190.1,16184.5,16189.9,16188,16189,16189.6,16190.6,16184,16185,16189.4,16190.4,1,430
2026-07-14T15:10:00+00:00,16189.7,16190.6,16185.7,16188.7,16189.2,16190.2,16190.1,16191.1,16185.2,16186.2,16188.2,16189.2,1,409
2026-07-14T15:15:00+00:00,16189.1,16195,16188.4,16190.7,16188.6,16189.6,16194.5,16195.5,16187.9,16188.9,16190.2,16191.2,1,575
2026-07-14T15:20:00+00:00,16190.3,16196.1,16189.4,16195.5,16189.8,16190.8,16195.6,16196.6,16188.9,16189.9,16195,16196,1,455
2026-07-14T15:25:00+00:00,16195.2,16200.1,16194.5,16198.9,16194.7,16195.7,16199.6,16200.6,16194,16195,16198.4,16199.4,1,568
2026-07-14T15:30:00+00:00,16199.1,16201.3,16183,16193.2,16198.6,16199.6,16200.8,16201.8,16182.5,16183.5,16192.4,16194,1.6,626
2026-07-14T15:35:00+00:00,16193.4,16194.35,16190.35,16193.2,16192.9,16193.9,16193.7,16195,16189.6,16191.1,16192.7,16193.7,1,608
2026-07-14T15:40:00+00:00,16193.1,16195.6,16191.9,16194.4,16192.6,16193.6,16195.1,16196.1,16191.4,16192.4,16193.9,16194.9,1,398
2026-07-14T15:45:00+00:00,16194.3,16196.3,16192.5,16195.3,16193.8,16194.8,16195.8,16196.8,16192,16193,16194.8,16195.8,1,451
2026-07-14T15:50:00+00:00,16195.4,16196.9,16193,16196,16194.9,16195.9,16196.4,16197.4,16192.5,16193.5,16195.5,16196.5,1,375
2026-07-14T15:55:00+00:00,16196.1,16198,16195,16197.1,16195.6,16196.6,16197.5,16198.5,16194.5,16195.5,16196.6,16197.6,1,402
2026-07-14T16:00:00+00:00,16197.3,16202.5,16187.6,16191.6,16196.8,16197.8,16202,16203,16187.1,16188.1,16191.1,16192.1,1,458
2026-07-14T16:05:00+00:00,16191.7,16194.7,16191,16192.2,16191.2,16192.2,16194.2,16195.2,16190.5,16191.5,16191.7,16192.7,1,489
2026-07-14T16:10:00+00:00,16192.3,16195.9,16191.9,16192.2,16191.8,16192.8,16195.4,16196.4,16191.4,16192.4,16191.7,16192.7,1,340
2026-07-14T16:15:00+00:00,16192.3,16194.2,16190.3,16193.3,16191.8,16192.8,16193.7,16194.7,16189.8,16190.8,16192.8,16193.8,1,312
2026-07-14T16:20:00+00:00,16193.5,16196.3,16192,16196.1,16193,16194,16195.8,16196.8,16191.5,16192.5,16195.6,16196.6,1,224
2026-07-14T16:25:00+00:00,16196,16196.8,16194.3,16194.7,16195.5,16196.5,16196.3,16197.3,16193.8,16194.8,16194.2,16195.2,1,233
2026-07-14T16:30:00+00:00,16194.6,16199.4,16194.3,16199.3,16194.1,16195.1,16198.9,16199.9,16193.8,16194.8,16198.8,16199.8,1,415
2026-07-14T16:35:00+00:00,16199.2,16202.4,16199.2,16201.7,16198.7,16199.7,16201.9,16202.9,16198.7,16199.7,16201.2,16202.2,1,409
2026-07-14T16:40:00+00:00,16201.6,16211,16201.5,16208.9,16201.1,16202.1,16210.5,16211.5,16201,16202,16208.4,16209.4,1,550
2026-07-14T16:45:00+00:00,16208.8,16210.5,16204.6,16210.5,16208.3,16209.3,16210,16211,16204.1,16205.1,16210,16211,1,443
2026-07-14T16:50:00+00:00,16210.4,16215.9,16210.3,16214.6,16209.9,16210.9,16215.4,16216.4,16209.8,16210.8,16214.1,16215.1,1,482
2026-07-14T16:55:00+00:00,16214.8,16217.4,16213.2,16214.4,16214.3,16215.3,16216.9,16217.9,16212.7,16213.7,16213.9,16214.9,1,305
2026-07-14T17:00:00+00:00,16214.3,16220.3,16213.6,16218.2,16213.8,16214.8,16219.8,16220.8,16213.1,16214.1,16217.7,16218.7,1,257
2026-07-14T17:05:00+00:00,16217.9,16220.2,16216.9,16217.4,16217.4,16218.4,16219.7,16220.7,16216.4,16217.4,16216.9,16217.9,1,321
2026-07-14T17:10:00+00:00,16217.5,16217.8,16213.4,16215.8,16217,16218,16217.3,16218.3,16212.9,16213.9,16215.3,16216.3,1,377
2026-07-14T17:15:00+00:00,16215.7,16216.1,16213.3,16215.9,16215.2,16216.2,16215.6,16216.6,16212.8,16213.8,16215.4,16216.4,1,329
2026-07-14T17:20:00+00:00,16216,16216.4,16214.3,16215.3,16215.5,16216.5,16215.9,16216.9,16213.8,16214.8,16214.8,16215.8,1,278
2026-07-14T17:25:00+00:00,16215.4,16217.2,16214.4,16216.4,16214.9,16215.9,16216.7,16217.7,16213.9,16214.9,16215.9,16216.9,1,259
2026-07-14T17:30:00+00:00,16216.3,16216.4,16214.3,16214.7,16215.8,16216.8,16215.9,16216.9,16213.8,16214.8,16214.2,16215.2,1,289
2026-07-14T17:35:00+00:00,16214.8,16214.9,16211.3,16212.1,16214.3,16215.3,16214.4,16215.4,16210.8,16211.8,16211.6,16212.6,1,249
2026-07-14T17:40:00+00:00,16212,16214.9,16210.5,16213.9,16211.5,16212.5,16214.4,16215.4,16210,16211,16213.4,16214.4,1,215
2026-07-14T17:45:00+00:00,16213.8,16215.8,16212.3,16214.4,16213.3,16214.3,16215.3,16216.3,16211.8,16212.8,16213.9,16214.9,1,235
2026-07-14T17:50:00+00:00,16214.3,16215.3,16211.6,16211.9,16213.8,16214.8,16214.8,16215.8,16211.1,16212.1,16211.4,16212.4,1,208
2026-07-14T17:55:00+00:00,16211.6,16214,16211.1,16211.8,16211.1,16212.1,16213.5,16214.5,16210.6,16211.6,16211.3,16212.3,1,191
2026-07-14T18:00:00+00:00,16211.9,16216,16211.7,16215.9,16211.4,16212.4,16215.5,16216.5,16211.2,16212.2,16215.4,16216.4,1,159
2026-07-14T18:05:00+00:00,16215.5,16218.9,16215.5,16216,16215,16216,16218.4,16219.4,16215,16216,16215.5,16216.5,1,213
2026-07-14T18:10:00+00:00,16216.1,16220.7,16216.1,16219.1,16215.6,16216.6,16220.2,16221.2,16215.6,16216.6,16218.6,16219.6,1,334
2026-07-14T18:15:00+00:00,16218.8,16223.1,16218.5,16223.1,16218.3,16219.3,16222.6,16223.6,16218,16219,16222.6,16223.6,1,365
2026-07-14T18:20:00+00:00,16223,16223.9,16219.4,16220.7,16222.5,16223.5,16223.4,16224.4,16218.9,16219.9,16220.2,16221.2,1,261
2026-07-14T18:25:00+00:00,16220.8,16220.9,16217.5,16218.7,16220.3,16221.3,16220.4,16221.4,16217,16218,16218.2,16219.2,1,290
2026-07-14T18:30:00+00:00,16218.5,16219.6,16217.3,16219.6,16218,16219,16219.1,16220.1,16216.8,16217.8,16219.1,16220.1,1,255
2026-07-14T18:35:00+00:00,16219.5,16220.1,16218.7,16219.3,16219,16220,16219.6,16220.6,16218.2,16219.2,16218.8,16219.8,1,225
2026-07-14T18:40:00+00:00,16219.4,16219.4,16216.6,16216.9,16218.9,16219.9,16218.9,16219.9,16216.1,16217.1,16216.4,16217.4,1,197
2026-07-14T18:45:00+00:00,16216.8,16218.6,16215.4,16216,16216.3,16217.3,16218.1,16219.1,16214.9,16215.9,16215.5,16216.5,1,235
2026-07-14T18:50:00+00:00,16215.9,16217.1,16215.3,16216.9,16215.4,16216.4,16216.6,16217.6,16214.8,16215.8,16216.4,16217.4,1,202
2026-07-14T18:55:00+00:00,16216.7,16219.7,16216.3,16219.7,16216.2,16217.2,16219.2,16220.2,16215.8,16216.8,16219.2,16220.2,1,190
2026-07-14T19:00:00+00:00,16219.8,16220.8,16219.2,16219.7,16219.3,16220.3,16220.3,16221.3,16218.7,16219.7,16219.2,16220.2,1,136
2026-07-14T19:05:00+00:00,16219.8,16220.8,16219.2,16219.2,16219.3,16220.3,16220.3,16221.3,16218.7,16219.7,16218.7,16219.7,1,112
2026-07-14T19:10:00+00:00,16219,16219.9,16218.2,16218.6,16218.5,16219.5,16219.4,16220.4,16217.7,16218.7,16218.1,16219.1,1,217
2026-07-14T19:15:00+00:00,16218.7,16218.7,16216.3,16217.4,16218.2,16219.2,16218.2,16219.2,16215.8,16216.8,16216.9,16217.9,1,160
2026-07-14T19:20:00+00:00,16217.6,16221.1,16217.6,16220.6,16217.1,16218.1,16220.6,16221.6,16217.1,16218.1,16220.1,16221.1,1,221
2026-07-14T19:25:00+00:00,16220.5,16221.9,16219.8,16221,16220,16221,16221.4,16222.4,16219.3,16220.3,16220.5,16221.5,1,236
2026-07-14T19:30:00+00:00,16220.9,16223,16220.1,16221.2,16220.4,16221.4,16222.5,16223.5,16219.6,16220.6,16220.7,16221.7,1,247
2026-07-14T19:35:00+00:00,16221.1,16224.5,16221,16223.2,16220.6,16221.6,16224,16225,16220.5,16221.5,16222.7,16223.7,1,247
2026-07-14T19:40:00+00:00,16223.1,16228.6,16223.1,16225.6,16222.6,16223.6,16228.1,16229.1,16222.6,16223.6,16225.1,16226.1,1,384
2026-07-14T19:45:00+00:00,16225.7,16226.1,16222.3,16222.9,16225.2,16226.2,16225.6,16226.6,16221.8,16222.8,16222.4,16223.4,1,254
2026-07-14T19:50:00+00:00,16222.8,16224.8,16222.3,16223.3,16222.3,16223.3,16224.3,16225.3,16221.8,16222.8,16222.8,16223.8,1,240
2026-07-14T19:55:00+00:00,16223.2,16223.4,16219.2,16219.8,16222.7,16223.7,16222.9,16223.9,16218.7,16219.7,16219.3,16220.3,1,245
2026-07-14T20:00:00+00:00,16219.6,16219.8,16217.3,16218.3,16219.1,16220.1,16219.3,16220.3,16216.8,16217.8,16217.8,16218.8,1,167
2026-07-14T20:05:00+00:00,16218.4,16218.4,16216.5,16217.1,16217.9,16218.9,16217.9,16218.9,16216,16217,16216.6,16217.6,1,182
2026-07-14T20:10:00+00:00,16217.2,16218,16214.1,16215.3,16216.7,16217.7,16217.5,16218.5,16213.6,16214.6,16214.8,16215.8,1,198
2026-07-14T20:15:00+00:00,16215.1,16216.3,16213.1,16215.3,16214.6,16215.6,16215.8,16216.8,16212.6,16213.6,16214.8,16215.8,1,286
2026-07-14T20:20:00+00:00,16215.2,16219,16215.2,16217.4,16214.7,16215.7,16218.5,16219.5,16214.7,16215.7,16216.9,16217.9,1,258
2026-07-14T20:25:00+00:00,16217.5,16217.8,16215.7,16216.6,16217,16218,16217.3,16218.3,16215.2,16216.2,16216.1,16217.1,1,180
2026-07-14T20:30:00+00:00,16216.7,16220.5,16215.8,16217.8,16216.2,16217.2,16220,16221,16215.3,16216.3,16217.3,16218.3,1,370
2026-07-14T20:35:00+00:00,16217.9,16219.1,16217.2,16218,16217.4,16218.4,16218.6,16219.6,16216.7,16217.7,16217.5,16218.5,1,244
2026-07-14T20:40:00+00:00,16218.3,16219.5,16217,16217.4,16217.8,16218.8,16219,16220,16216.5,16217.5,16216.9,16217.9,1,240
2026-07-14T20:45:00+00:00,16217.2,16217.4,16214,16215.5,16216.7,16217.7,16216.9,16217.9,16213.5,16214.5,16215,16216,1,225
2026-07-14T20:50:00+00:00,16215.7,16218.1,16215.3,16217,16215.2,16216.2,16217.6,16218.6,16214.8,16215.8,16216.5,16217.5,1,195
2026-07-14T20:55:00+00:00,16217.1,16222,16217,16222,16216.6,16217.6,16221.5,16222.5,16216.5,16217.5,16221.5,16222.5,1,239
2026-07-14T21:00:00+00:00,16221.8,16223.4,16221,16222.8,16221.3,16222.3,16222.9,16223.9,16220.5,16221.5,16222.3,16223.3,1,79
2026-07-14T21:05:00+00:00,16222.9,16223,16221.2,16221.2,16222.4,16223.4,16222.5,16223.5,16220.7,16221.7,16220.7,16221.7,1,76
2026-07-14T21:10:00+00:00,16221.1,16222.6,16220.8,16222.5,16220.6,16221.6,16222.1,16223.1,16220.3,16221.3,16222,16223,1,149
2026-07-14T21:15:00+00:00,16222.7,16225,16222.6,16224.1,16222.2,16223.2,16224.5,16225.5,16222.1,16223.1,16223.6,16224.6,1,110
2026-07-14T21:20:00+00:00,16224.2,16224.4,16223,16223.4,16223.7,16224.7,16223.9,16224.9,16222.5,16223.5,16222.9,16223.9,1,153
2026-07-14T21:25:00+00:00,16223.6,16224.9,16223.1,16224.7,16223.1,16224.1,16224.4,16225.4,16222.6,16223.6,16224.2,16225.2,1,155
2026-07-14T21:30:00+00:00,16225,16225.3,16223.4,16224.7,16224.5,16225.5,16224.8,16225.8,16222.9,16223.9,16224.2,16225.2,1,138
2026-07-14T21:35:00+00:00,16224.6,16225.5,16223.9,16224.5,16224.1,16225.1,16225,16226,16223.4,16224.4,16224,16225,1,146
2026-07-14T21:40:00+00:00,16224.6,16225.3,16223.9,16225.3,16224.1,16225.1,16224.8,16225.8,16223.4,16224.4,16224.8,16225.8,1,146
2026-07-14T21:45:00+00:00,16225.4,16227.35,16224.9,16225.9,16224.6,16226.2,16226.6,16228.1,16224.2,16225.6,16225.4,16226.4,1,188
2026-07-14T21:50:00+00:00,16225.8,16226.75,16225,16225.45,16224.8,16226.8,16225.5,16228,16223.9,16226.1,16224.6,16226.3,1.7,215
2026-07-14T21:55:00+00:00,16225.4,16227.6,16224.55,16225.7,16223.4,16227.4,16224.9,16230.3,16222.2,16226.9,16222.2,16229.2,7,208
2026-07-14T22:00:00+00:00,16224.1,16224.1,16218.4,16220.7,16220.6,16227.6,16220.6,16227.6,16214.9,16221.9,16217.2,16224.2,7,13
2026-07-14T22:05:00+00:00,16217.2,16217.8,16216.3,16216.3,16213.7,16220.7,16214.3,16221.3,16212.8,16219.8,16212.8,16219.8,7,25
2026-07-14T22:10:00+00:00,16217.2,16218,16216.3,16216.6,16213.7,16220.7,16214.5,16221.5,16212.8,16219.8,16213.1,16220.1,7,74
2026-07-14T22:15:00+00:00,16217.6,16217.6,16216.5,16216.8,16214.1,16221.1,16214.1,16221.1,16213,16220,16213.3,16220.3,7,29
2026-07-14T22:25:00+00:00,16216.6,16217.8,16216.6,16216.8,16213.1,16220.1,16214.3,16221.3,16213.1,16220.1,16213.3,16220.3,7,15
2026-07-14T22:30:00+00:00,16216.7,16217.7,16216.2,16217.7,16213.2,16220.2,16214.2,16221.2,16212.7,16219.7,16214.2,16221.2,7,32
2026-07-14T22:35:00+00:00,16217.6,16222.4,16217.6,16220.3,16214.1,16221.1,16218.9,16225.9,16214.1,16221.1,16216.8,16223.8,7,125
2026-07-14T22:40:00+00:00,16221.2,16221.4,16220.2,16220.4,16217.7,16224.7,16217.9,16224.9,16216.7,16223.7,16216.9,16223.9,7,70
2026-07-14T22:45:00+00:00,16220.3,16221.8,16220.1,16221.2,16216.8,16223.8,16218.3,16225.3,16216.6,16223.6,16217.7,16224.7,7,65
2026-07-14T22:50:00+00:00,16221.1,16222,16220.1,16221.7,16217.6,16224.6,16218.5,16225.5,16216.6,16223.6,16218.2,16225.2,7,75
2026-07-14T22:55:00+00:00,16222.1,16222.1,16220.1,16221.8,16218.6,16225.6,16218.6,16225.6,16216.6,16223.6,16218.3,16225.3,7,34
2026-07-14T23:00:00+00:00,16221.5,16227.55,16221.1,16224.4,16218,16225,16224.5,16230.6,16217.6,16224.6,16220.9,16227.9,7,85
2026-07-14T23:05:00+00:00,16224.4,16226.35,16223.45,16224.45,16221.4,16227.4,16224.8,16227.9,16221.4,16225.5,16222.5,16226.4,3.9,108
2026-07-14T23:10:00+00:00,16224.55,16226.2,16223.75,16225.15,16223.4,16225.7,16225,16227.4,16222.1,16225.4,16224.2,16226.1,1.9,180
2026-07-14T23:15:00+00:00,16225.35,16226.4,16224.15,16225,16224.4,16226.3,16225.5,16227.3,16223.2,16225.1,16224.2,16225.8,1.6,193
2026-07-14T23:20:00+00:00,16225,16225.9,16223.25,16224.5,16224.1,16225.9,16225.1,16226.7,16222.5,16224,16223.7,16225.3,1.6,159
2026-07-14T23:25:00+00:00,16224.6,16225.05,16223.25,16223.6,16223.8,16225.4,16224.3,16225.8,16222.7,16223.8,16223.1,16224.1,1,233
2026-07-14T23:30:00+00:00,16223.5,16223.6,16221.1,16221.7,16223,16224,16223.1,16224.1,16220.6,16221.6,16221.2,16222.2,1,154
2026-07-14T23:35:00+00:00,16221.8,16222.8,16221.5,16221.8,16221.3,16222.3,16222.3,16223.3,16221,16222,16221.3,16222.3,1,135
2026-07-14T23:40:00+00:00,16221.9,16223.2,16221.1,16222.6,16221.4,16222.4,16222.7,16223.7,16220.5,16221.7,16221.8,16223.4,1.6,180
2026-07-14T23:45:00+00:00,16222.45,16223.2,16221.5,16222.9,16221.9,16223,16222.6,16223.8,16220.9,16222.1,16222.4,16223.4,1,158
2026-07-14T23:50:00+00:00,16222.8,16224.2,16222.05,16224.2,16222.3,16223.3,16223.7,16224.7,16221.4,16222.7,16223.7,16224.7,1,132
2026-07-14T23:55:00+00:00,16224.3,16224.7,16223.9,16224.2,16223.8,16224.8,16224.1,16225.3,16223.2,16224.6,16223.7,16224.7,1,90
2026-07-15T00:00:00+00:00,16224.1,16224.4,16222.5,16223.1,16223.6,16224.6,16223.8,16225,16222,16223,16222.6,16223.6,1,77
2026-07-15T00:05:00+00:00,16222.9,16223.2,16221.6,16221.7,16222.4,16223.4,16222.7,16223.7,16221.1,16222.1,16221.2,16222.2,1,46
2026-07-15T00:10:00+00:00,16221.8,16222,16220.6,16220.7,16221.3,16222.3,16221.5,16222.5,16220.1,16221.1,16220.2,16221.2,1,54
2026-07-15T00:15:00+00:00,16220.6,16222.1,16220.6,16221.9,16220.1,16221.1,16221.6,16222.6,16220.1,16221.1,16221.4,16222.4,1,38
2026-07-15T00:20:00+00:00,16222,16222.1,16221.7,16221.8,16221.5,16222.5,16221.6,16222.6,16221.2,16222.2,16221.3,16222.3,1,35
2026-07-15T00:25:00+00:00,16221.7,16221.8,16218.2,16219.2,16221.2,16222.2,16221.3,16222.3,16217.7,16218.7,16218.7,16219.7,1,100
2026-07-15T00:30:00+00:00,16219.3,16219.6,16218.7,16219.4,16218.8,16219.8,16219.1,16220.1,16218.2,16219.2,16218.9,16219.9,1,86
2026-07-15T00:35:00+00:00,16219.3,16219.9,16218.7,16219.2,16218.8,16219.8,16219.4,16220.4,16218.2,16219.2,16218.7,16219.7,1,78
2026-07-15T00:40:00+00:00,16218.9,16219.3,16216.2,16216.5,16218.4,16219.4,16218.8,16219.8,16215.7,16216.7,16216,16217,1,175
2026-07-15T00:45:00+00:00,16216.6,16218.5,16216.6,16217.9,16216.1,16217.1,16218,16219,16216.1,16217.1,16217.4,16218.4,1,126
2026-07-15T00:50:00+00:00,16217.8,16219.2,16217.8,16218.1,16217.3,16218.3,16218.7,16219.7,16217.3,16218.3,16217.6,16218.6,1,160
2026-07-15T00:55:00+00:00,16217.9,16219.2,16217.8,16219,16217.4,16218.4,16218.7,16219.7,16217.3,16218.3,16218.5,16219.5,1,148
2026-07-15T01:00:00+00:00,16218.6,16219.8,16216.9,16217.6,16218.1,16219.1,16219.3,16220.3,16216.4,16217.4,16217.1,16218.1,1,162
2026-07-15T01:05:00+00:00,16217.5,16220.5,16217.5,16218.6,16217,16218,16220,16221,16217,16218,16218.1,16219.1,1,175
2026-07-15T01:10:00+00:00,16218.5,16224,16218.3,16223,16218,16219,16223.5,16224.5,16217.8,16218.8,16222.5,16223.5,1,286
2026-07-15T01:15:00+00:00,16222.9,16223.9,16220.5,16221.8,16222.4,16223.4,16223.4,16224.4,16220,16221,16221.3,16222.3,1,233
2026-07-15T01:20:00+00:00,16221.9,16222.2,16218.4,16219.9,16221.4,16222.4,16221.7,16222.7,16217.9,16218.9,16219.4,16220.4,1,189
2026-07-15T01:25:00+00:00,16220,16220.7,16211.7,16214.9,16219.5,16220.5,16220.2,16221.2,16211.2,16212.2,16214.4,16215.4,1,335
2026-07-15T01:30:00+00:00,16214.8,16217.4,16214.2,16217.3,16214.3,16215.3,16216.9,16217.9,16213.7,16214.7,16216.8,16217.8,1,207
2026-07-15T01:35:00+00:00,16217.2,16219.9,16217,16218.5,16216.7,16217.7,16219.4,16220.4,16216.5,16217.5,16218,16219,1,268
2026-07-15T01:40:00+00:00,16218.3,16223.4,16218.3,16221.6,16217.8,16218.8,16222.9,16223.9,16217.8,16218.8,16221.1,16222.1,1,344
2026-07-15T01:45:00+00:00,16221.7,16222,16217.6,16218.6,16221.2,16222.2,16221.5,16222.5,16217.1,16218.1,16218.1,16219.1,1,310
2026-07-15T01:50:00+00:00,16218.7,16218.9,16212.5,16213.8,16218.2,16219.2,16218.4,16219.4,16212,16213,16213,16214.6,1.6,525
2026-07-15T01:55:00+00:00,16212.6,16213.55,16207.7,16210.2,16211.8,16213.4,16212.7,16214.4,16207.2,16208.2,16209.7,16210.7,1,409
2026-07-15T02:00:00+00:00,16210.3,16211.5,16207.1,16208.6,16209.8,16210.8,16211,16212,16206.6,16207.6,16208.1,16209.1,1,253
2026-07-15T02:05:00+00:00,16208.5,16208.8,16198.5,16204.2,16208,16209,16208.3,16209.3,16198,16199,16203.7,16204.7,1,343
2026-07-15T02:10:00+00:00,16204,16205.5,16198.4,16199.8,16203.5,16204.5,16205,16206,16197.9,16198.9,16199.3,16200.3,1,483
2026-07-15T02:15:00+00:00,16199.7,16201.5,16196.9,16201.2,16199.2,16200.2,16201,16202,16196.4,16197.4,16200.7,16201.7,1,430
2026-07-15T02:20:00+00:00,16201.4,16204.7,16199.4,16204.2,16200.9,16201.9,16204.2,16205.2,16198.9,16199.9,16203.7,16204.7,1,300
2026-07-15T02:25:00+00:00,16203.4,16207.5,16202.5,16205.5,16202.9,16203.9,16207,16208,16202,16203,16205,16206,1,319
2026-07-15T02:30:00+00:00,16205.4,16207.2,16203.8,16206.8,16204.9,16205.9,16206.7,16207.7,16203.3,16204.3,16206.3,16207.3,1,332
2026-07-15T02:35:00+00:00,16206.7,16208.7,16205.9,16208.5,16206.2,16207.2,16208.2,16209.2,16205.4,16206.4,16208,16209,1,301
2026-07-15T02:40:00+00:00,16208.4,16211.5,16207.1,16208.8,16207.9,16208.9,16211,16212,16206.6,16207.6,16208.3,16209.3,1,295
2026-07-15T02:45:00+00:00,16208.6,16211.1,16208.5,16210.4,16208.1,16209.1,16210.6,16211.6,16208,16209,16209.9,16210.9,1,316
2026-07-15T02:50:00+00:00,16210.3,16213.1,16210.1,16211.9,16209.8,16210.8,16212.6,16213.6,16209.6,16210.6,16211.4,16212.4,1,274
2026-07-15T02:55:00+00:00,16211.8,16212.3,16210,16210,16211.3,16212.3,16211.8,16212.8,16209.5,16210.5,16209.5,16210.5,1,191
2026-07-15T03:00:00+00:00,16210.2,16211,16206.5,16206.5,16209.7,16210.7,16210.5,16211.5,16206,16207,16206,16207,1,148
2026-07-15T03:05:00+00:00,16206.6,16206.6,16203.1,16205.8,16206.1,16207.1,16206.1,16207.1,16202.6,16203.6,16205.3,16206.3,1,230
2026-07-15T03:10:00+00:00,16205.5,16212,16205,16211.1,16205,16206,16211.5,16212.5,16204.5,16205.5,16210.6,16211.6,1,307
2026-07-15T03:15:00+00:00,16211,16211.7,16209.4,16211.2,16210.5,16211.5,16211.2,16212.2,16208.9,16209.9,16210.7,16211.7,1,211
2026-07-15T03:20:00+00:00,16211.3,16212.6,16210,16212,16210.8,16211.8,16212.1,16213.1,16209.5,16210.5,16211.5,16212.5,1,239
2026-07-15T03:25:00+00:00,16212.1,16212.4,16209.7,16210.2,16211.6,16212.6,16211.9,16212.9,16209.2,16210.2,16209.7,16210.7,1,235
2026-07-15T03:30:00+00:00,16210.7,16211.1,16209.2,16210.2,16210.2,16211.2,16210.6,16211.6,16208.7,16209.7,16209.7,16210.7,1,228
2026-07-15T03:35:00+00:00,16210,16211.4,16209.7,16210.9,16209.5,16210.5,16210.9,16211.9,16209.2,16210.2,16210.4,16211.4,1,184
2026-07-15T03:40:00+00:00,16210.8,16210.9,16205.5,16206.8,16210.3,16211.3,16210.4,16211.4,16205,16206,16206.3,16207.3,1,284
2026-07-15T03:45:00+00:00,16206.9,16209.3,16206.8,16207.9,16206.4,16207.4,16208.8,16209.8,16206.3,16207.3,16207.4,16208.4,1,232
2026-07-15T03:50:00+00:00,16207.8,16210.8,16206.6,16209.7,16207.3,16208.3,16210.3,16211.3,16206.1,16207.1,16209.2,16210.2,1,232
2026-07-15T03:55:00+00:00,16209.8,16211.5,16209.1,16211.1,16209.3,16210.3,16211,16212,16208.6,16209.6,16210.6,16211.6,1,208
2026-07-15T04:00:00+00:00,16211.2,16211.5,16208.8,16208.9,16210.7,16211.7,16211,16212,16208.3,16209.3,16208.4,16209.4,1,146
2026-07-15T04:05:00+00:00,16209,16211.3,16209,16210.6,16208.5,16209.5,16210.8,16211.8,16208.5,16209.5,16210.1,16211.1,1,95
2026-07-15T04:10:00+00:00,16210.7,16215.6,16210.5,16214.2,16210.2,16211.2,16215.1,16216.1,16210,16211,16213.7,16214.7,1,163
2026-07-15T04:15:00+00:00,16214.3,16218.1,16213.8,16218.1,16213.8,16214.8,16217.6,16218.6,16213.3,16214.3,16217.6,16218.6,1,149
2026-07-15T04:20:00+00:00,16217.8,16217.8,16215.8,16216.3,16217.3,16218.3,16217.3,16218.3,16215.3,16216.3,16215.8,16216.8,1,141
2026-07-15T04:25:00+00:00,16216.2,16217.5,16215.4,16215.5,16215.7,16216.7,16217,16218,16214.9,16215.9,16215,16216,1,129
2026-07-15T04:30:00+00:00,16215.6,16216.4,16215.3,16215.5,16215.1,16216.1,16215.9,16216.9,16214.8,16215.8,16215,16216,1,100
2026-07-15T04:35:00+00:00,16215.4,16216.3,16214.8,16215.3,16214.9,16215.9,16215.8,16216.8,16214.3,16215.3,16214.8,16215.8,1,104
2026-07-15T04:40:00+00:00,16215.2,16217.6,16214.9,16217.5,16214.7,16215.7,16217.1,16218.1,16214.4,16215.4,16217,16218,1,148
2026-07-15T04:45:00+00:00,16217.7,16217.7,16214.6,16215,16217.2,16218.2,16217.2,16218.2,16214.1,16215.1,16214.5,16215.5,1,102
2026-07-15T04:50:00+00:00,16214.9,16215.5,16214,16214.6,16214.4,16215.4,16215,16216,16213.5,16214.5,16214.1,16215.1,1,133
2026-07-15T04:55:00+00:00,16214.7,16214.9,16213.3,16213.9,16214.2,16215.2,16214.4,16215.4,16212.8,16213.8,16213.4,16214.4,1,80
2026-07-15T05:00:00+00:00,16213.8,16215.7,16213.3,16215.1,16213.3,16214.3,16215.2,16216.2,16212.8,16213.8,16214.6,16215.6,1,86
2026-07-15T05:05:00+00:00,16215.2,16215.2,16213.4,16213.8,16214.7,16215.7,16214.7,16215.7,16212.9,16213.9,16213.3,16214.3,1,105
2026-07-15T05:10:00+00:00,16213.7,16217.4,16213.5,16217.2,16213.2,16214.2,16216.9,16217.9,16213,16214,16216.7,16217.7,1,109
2026-07-15T05:15:00+00:00,16217.4,16217.7,16215.7,16216.1,16216.9,16217.9,16217.2,16218.2,16215.2,16216.2,16215.6,16216.6,1,94
2026-07-15T05:20:00+00:00,16217,16218.4,16216.4,16217.3,16216.5,16217.5,16217.9,16218.9,16215.9,16216.9,16216.8,16217.8,1,79
2026-07-15T05:25:00+00:00,16217.2,16222.4,16217.2,16221.8,16216.7,16217.7,16221.9,16222.9,16216.7,16217.7,16221.3,16222.3,1,193
2026-07-15T05:30:00+00:00,16222,16222.5,16219.9,16221.1,16221.5,16222.5,16222,16223,16219.4,16220.4,16220.6,16221.6,1,104
2026-07-15T05:35:00+00:00,16221,16221.4,16219.8,16221,16220.5,16221.5,16220.9,16221.9,16219.3,16220.3,16220.5,16221.5,1,94
2026-07-15T05:40:00+00:00,16221.1,16223.3,16221,16221.9,16220.6,16221.6,16222.8,16223.8,16220.5,16221.5,16221.4,16222.4,1,113
2026-07-15T05:45:00+00:00,16221.8,16222.3,16220.8,16221,16221.3,16222.3,16221.8,16222.8,16220.3,16221.3,16220.5,16221.5,1,65
2026-07-15T05:50:00+00:00,16220.9,16222.6,16220.6,16222.5,16220.4,16221.4,16222.1,16223.1,16220.1,16221.1,16222,16223,1,54
2026-07-15T05:55:00+00:00,16222.6,16222.6,16220.9,16221.6,16222.1,16223.1,16222.1,16223.1,16220.4,16221.4,16221.1,16222.1,1,96
2026-07-15T06:00:00+00:00,16221.8,16224.1,16221.6,16222.4,16221.3,16222.3,16223.6,16224.6,16221.1,16222.1,16221.9,16222.9,1,202
2026-07-15T06:05:00+00:00,16222.5,16222.5,16218.6,16220.8,16222,16223,16222,16223,16218.1,16219.1,16220.3,16221.3,1,142
2026-07-15T06:10:00+00:00,16220.9,16221.3,16218.1,16218.1,16220.4,16221.4,16220.8,16221.8,16217.6,16218.6,16217.6,16218.6,1,86
2026-07-15T06:15:00+00:00,16218,16219.3,16217.3,16217.6,16217.5,16218.5,16218.8,16219.8,16216.8,16217.8,16217.1,16218.1,1,584
2026-07-15T06:20:00+00:00,16217.7,16220.4,16217.1,16219.7,16217.2,16218.2,16219.9,16220.9,16216.6,16217.6,16219.2,16220.2,1,1091
2026-07-15T06:25:00+00:00,16219.6,16221.5,16219.2,16220.9,16219.1,16220.1,16221,16222,16218.7,16219.7,16220.4,16221.4,1,1160
2026-07-15T06:30:00+00:00,16221,16221.3,16218.8,16220.2,16220.5,16221.5,16220.8,16221.8,16218.3,16219.3,16219.7,16220.7,1,1108
2026-07-15T06:35:00+00:00,16220.1,16221.3,16218.8,16219.7,16219.6,16220.6,16220.8,16221.8,16218.3,16219.3,16219.2,16220.2,1,1200
2026-07-15T06:40:00+00:00,16219.6,16220.2,16218.4,16218.7,16219.1,16220.1,16219.7,16220.7,16217.9,16218.9,16218.2,16219.2,1,1126
2026-07-15T06:45:00+00:00,16218.8,16221.2,16217.3,16218.3,16218.3,16219.3,16220.7,16221.7,16216.8,16217.8,16217.8,16218.8,1,198
2026-07-15T06:50:00+00:00,16218.8,16220.9,16217.6,16217.8,16218.3,16219.3,16220.4,16221.4,16217.1,16218.1,16217.3,16218.3,1,173
2026-07-15T06:55:00+00:00,16218.3,16220.6,16218.3,16219.9,16217.8,16218.8,16220.1,16221.1,16217.8,16218.8,16219.4,16220.4,1,147
2026-07-15T07:00:00+00:00,16219.8,16221,16218.1,16218.6,16219.3,16220.3,16220.5,16221.5,16217.6,16218.6,16218.1,16219.1,1,199
2026-07-15T07:05:00+00:00,16218.5,16220.4,16217.7,16217.7,16218,16219,16219.9,16220.9,16217.2,16218.2,16217.2,16218.2,1,145
2026-07-15T07:10:00+00:00,16217.9,16219.5,16216.4,16219.1,16217.4,16218.4,16219,16220,16215.9,16216.9,16218.6,16219.6,1,162
2026-07-15T07:15:00+00:00,16219.2,16219.4,16216.3,16216.4,16218.7,16219.7,16218.9,16219.9,16215.8,16216.8,16215.9,16216.9,1,124
2026-07-15T07:20:00+00:00,16216.3,16217.7,16215.6,16216,16215.8,16216.8,16217.2,16218.2,16215.1,16216.1,16215.5,16216.5,1,132
2026-07-15T07:25:00+00:00,16215.7,16216.7,16213.5,16216.7,16215.2,16216.2,16216.2,16217.2,16213,16214,16216.2,16217.2,1,167
2026-07-15T07:30:00+00:00,16216.8,16219.2,16216.7,16218.8,16216.3,16217.3,16218.7,16219.7,16216.2,16217.2,16218.3,16219.3,1,148
2026-07-15T07:35:00+00:00,16218.9,16219,16217.5,16217.5,16218.4,16219.4,16218.5,16219.5,16217,16218,16217,16218,1,130
2026-07-15T07:40:00+00:00,16217.4,16217.6,16212,16212.6,16216.9,16217.9,16217.1,16218.1,16211.5,16212.5,16212.1,16213.1,1,197
2026-07-15T07:45:00+00:00,16212.2,16215.7,16209.8,16215.5,16211.7,16212.7,16215.2,16216.2,16209.3,16210.3,16215,16216,1,227
2026-07-15T07:50:00+00:00,16215.3,16218.9,16213.9,16217.6,16214.8,16215.8,16218.4,16219.4,16213.4,16214.4,16217.1,16218.1,1,318
2026-07-15T07:55:00+00:00,16217.7,16221.2,16216.8,16220.7,16217.2,16218.2,16220.7,16221.7,16216.3,16217.3,16220.2,16221.2,1,248
2026-07-15T08:00:00+00:00,16221.1,16222.1,16219.8,16221.6,16220.6,16221.6,16221.6,16222.6,16219.3,16220.3,16221.1,16222.1,1,218
2026-07-15T08:05:00+00:00,16221.7,16224.7,16221.3,16223,16221.2,16222.2,16224.2,16225.2,16220.8,16221.8,16222.5,16223.5,1,241
2026-07-15T08:10:00+00:00,16223.2,16223.3,16221.3,16222.8,16222.7,16223.7,16222.8,16223.8,16220.8,16221.8,16222.3,16223.3,1,304
2026-07-15T08:15:00+00:00,16222.6,16224,16222.4,16223.7,16222.1,16223.1,16223.5,16224.5,16221.9,16222.9,16223.2,16224.2,1,208
2026-07-15T08:20:00+00:00,16223.4,16227.8,16222.7,16227.5,16222.9,16223.9,16227.1,16228.5,16222.2,16223.2,16227,16228,1,256
2026-07-15T08:25:00+00:00,16227.4,16231.4,16227,16227.1,16226.9,16227.9,16230.9,16231.9,16226.5,16227.5,16226.6,16227.6,1,259
2026-07-15T08:30:00+00:00,16227,16229.1,16226.1,16228.8,16226.5,16227.5,16228.6,16229.6,16225.6,16226.6,16228.3,16229.3,1,288
2026-07-15T08:35:00+00:00,16228.9,16230.3,16227.4,16229.1,16228.4,16229.4,16229.8,16230.8,16226.9,16227.9,16228.6,16229.6,1,209
2026-07-15T08:40:00+00:00,16229.2,16229.9,16224.2,16224.9,16228.7,16229.7,16229.4,16230.4,16223.7,16224.7,16224.4,16225.4,1,276
2026-07-15T08:45:00+00:00,16225,16229.1,16224.9,16227.4,16224.5,16225.5,16228.6,16229.6,16224.4,16225.4,16226.9,16227.9,1,242
2026-07-15T08:50:00+00:00,16227.5,16227.5,16225.1,16226.4,16227,16228,16227,16228,16224.6,16225.6,16225.9,16226.9,1,186
2026-07-15T08:55:00+00:00,16226.3,16227.7,16225.9,16227.3,16225.8,16226.8,16227.2,16228.2,16225.4,16226.4,16226.8,16227.8,1,163
2026-07-15T09:00:00+00:00,16227.2,16228.9,16225.2,16226.7,16226.7,16227.7,16228.4,16229.4,16224.7,16225.7,16226.2,16227.2,1,163
2026-07-15T09:05:00+00:00,16226.9,16230.4,16226.6,16229.2,16226.4,16227.4,16229.9,16230.9,16226.1,16227.1,16228.7,16229.7,1,194
2026-07-15T09:10:00+00:00,16229.3,16235.3,16229.3,16233.7,16228.8,16229.8,16234.8,16235.8,16228.8,16229.8,16233.2,16234.2,1,315
2026-07-15T09:15:00+00:00,16233.5,16235,16231.9,16232.2,16233,16234,16234.5,16235.5,16231.4,16232.4,16231.7,16232.7,1,272
2026-07-15T09:20:00+00:00,16232.4,16232.7,16229.2,16229.9,16231.9,16232.9,16232.2,16233.2,16228.7,16229.7,16229.4,16230.4,1,308
2026-07-15T09:25:00+00:00,16230,16232.3,16227.9,16228,16229.5,16230.5,16231.8,16232.8,16227.4,16228.4,16227.5,16228.5,1,302
2026-07-15T09:30:00+00:00,16227.9,16230.3,16226.5,16230.1,16227.4,16228.4,16229.8,16230.8,16226,16227,16229.6,16230.6,1,331
2026-07-15T09:35:00+00:00,16230.2,16231.8,16229.9,16231.4,16229.7,16230.7,16231.3,16232.3,16229.4,16230.4,16230.9,16231.9,1,203
2026-07-15T09:40:00+00:00,16231.5,16231.7,16228.9,16229.3,16231,16232,16231.2,16232.2,16228.4,16229.4,16228.8,16229.8,1,267
2026-07-15T09:45:00+00:00,16229.4,16232.1,16229.2,16231.6,16228.9,16229.9,16231.6,16232.6,16228.7,16229.7,16231.1,16232.1,1,192
2026-07-15T09:50:00+00:00,16231.7,16232.9,16231.5,16232.1,16231.2,16232.2,16232.4,16233.4,16231,16232,16231.6,16232.6,1,190
2026-07-15T09:55:00+00:00,16232,16233.9,16229.4,16230.3,16231.5,16232.5,16233.4,16234.4,16228.9,16229.9,16229.8,16230.8,1,206
2026-07-15T10:00:00+00:00,16229.8,16232.7,16229,16229.9,16229.3,16230.3,16232.2,16233.2,16228.5,16229.5,16229.4,16230.4,1,198
2026-07-15T10:05:00+00:00,16229.8,16231.3,16229.2,16230.7,16229.3,16230.3,16230.8,16231.8,16228.7,16229.7,16230.2,16231.2,1,223
2026-07-15T10:10:00+00:00,16230.3,16231.2,16224.1,16228.4,16229.8,16230.8,16230.7,16231.7,16223.6,16224.6,16227.9,16228.9,1,401
2026-07-15T10:15:00+00:00,16228.3,16231,16227.6,16229.6,16227.8,16228.8,16230.5,16231.5,16227.1,16228.1,16229.1,16230.1,1,253
2026-07-15T10:20:00+00:00,16229.7,16230.7,16228.1,16228.1,16229.2,16230.2,16230.2,16231.2,16227.6,16228.6,16227.6,16228.6,1,268
2026-07-15T10:25:00+00:00,16228.3,16232.4,16228.3,16232,16227.8,16228.8,16231.9,16232.9,16227.8,16228.8,16231.5,16232.5,1,259
2026-07-15T10:30:00+00:00,16232.1,16234.1,16231.8,16231.8,16231.6,16232.6,16233.6,16234.6,16231.3,16232.3,16231.3,16232.3,1,188
2026-07-15T10:35:00+00:00,16231.7,16233.8,16231.7,16232.6,16231.2,16232.2,16233.3,16234.3,16231.2,16232.2,16232.1,16233.1,1,234
2026-07-15T10:40:00+00:00,16232.7,16233.4,16231.6,16232.3,16232.2,16233.2,16232.9,16233.9,16231.1,16232.1,16231.8,16232.8,1,182
2026-07-15T10:45:00+00:00,16232.2,16234.2,16232.1,16233.6,16231.7,16232.7,16233.7,16234.7,16231.6,16232.6,16233.1,16234.1,1,194
2026-07-15T10:50:00+00:00,16233.5,16236.2,16232.8,16234.3,16233,16234,16235.7,16236.7,16232.3,16233.3,16233.8,16234.8,1,255
2026-07-15T10:55:00+00:00,16234.2,16237.9,16234.2,16237.1,16233.7,16234.7,16237.4,16238.4,16233.7,16234.7,16236.6,16237.6,1,186
2026-07-15T11:00:00+00:00,16237,16239.3,16236.6,16237,16236.5,16237.5,16238.8,16239.8,16236.1,16237.1,16236.5,16237.5,1,143
2026-07-15T11:05:00+00:00,16236.7,16240.1,16236.6,16238.2,16236.2,16237.2,16239.6,16240.6,16236.1,16237.1,16237.7,16238.7,1,190
2026-07-15T11:10:00+00:00,16238.3,16239.4,16237.5,16238.1,16237.8,16238.8,16238.9,16239.9,16237,16238,16237.6,16238.6,1,164
2026-07-15T11:15:00+00:00,16238,16239.4,16236.1,16237.9,16237.5,16238.5,16238.9,16239.9,16235.6,16236.6,16237.4,16238.4,1,204
2026-07-15T11:20:00+00:00,16238,16241.4,16237,16241.1,16237.5,16238.5,16240.9,16241.9,16236.5,16237.5,16240.6,16241.6,1,286
2026-07-15T11:25:00+00:00,16241.2,16242.2,16239.7,16239.9,16240.7,16241.7,16241.7,16242.7,16239.2,16240.2,16239.4,16240.4,1,264
2026-07-15T11:30:00+00:00,16240,16241.1,16239.1,16239.9,16239.5,16240.5,16240.6,16241.6,16238.6,16239.6,16239.4,16240.4,1,206
2026-07-15T11:35:00+00:00,16240,16241,16239.6,16240.5,16239.5,16240.5,16240.5,16241.5,16239.1,16240.1,16240,16241,1,211
2026-07-15T11:40:00+00:00,16240.7,16241.8,16240.3,16241.1,16240.2,16241.2,16241.3,16242.3,16239.8,16240.8,16240.6,16241.6,1,218
2026-07-15T11:45:00+00:00,16241.5,16241.7,16239.7,16241.6,16241,16242,16241.2,16242.2,16239.2,16240.2,16241.1,16242.1,1,266
2026-07-15T11:50:00+00:00,16241.7,16241.9,16240.5,16240.6,16241.2,16242.2,16241.4,16242.4,16240,16241,16240.1,16241.1,1,138
2026-07-15T11:55:00+00:00,16240.5,16240.7,16231.7,16232.7,16240,16241,16240.2,16241.2,16231.2,16232.2,16232.2,16233.2,1,255
2026-07-15T12:00:00+00:00,16232.8,16236.8,16229.9,16236.5,16232.3,16233.3,16236.3,16237.3,16229.4,16230.4,16236,16237,1,215
2026-07-15T12:05:00+00:00,16236.4,16236.7,16234.2,16234.8,16235.9,16236.9,16236.2,16237.2,16233.7,16234.7,16234.3,16235.3,1,890
2026-07-15T12:10:00+00:00,16234.9,16235.6,16232.1,16234.9,16234.4,16235.4,16235.1,16236.1,16231.6,16232.6,16234.4,16235.4,1,1575
2026-07-15T12:15:00+00:00,16235,16236.6,16234.2,16236.2,16234.5,16235.5,16236.1,16237.1,16233.7,16234.7,16235.7,16236.7,1,1735
2026-07-15T12:20:00+00:00,16236.3,16236.6,16234.7,16236,16235.8,16236.8,16236.1,16237.1,16234.2,16235.2,16235.5,16236.5,1,1661
2026-07-15T12:25:00+00:00,16236.3,16238.8,16235.9,16237.6,16235.8,16236.8,16238.3,16239.3,16235.4,16236.4,16237.1,16238.1,1,1583
2026-07-15T12:30:00+00:00,16237.4,16239.9,16237,16237.7,16236.9,16237.9,16239.4,16240.4,16236.5,16237.5,16237.2,16238.2,1,1714
2026-07-15T12:35:00+00:00,16237.8,16238.1,16234.7,16237.8,16237.3,16238.3,16237.6,16238.6,16234.2,16235.2,16237.3,16238.3,1,1727
2026-07-15T12:40:00+00:00,16237.9,16238.1,16235.8,16237.2,16237.4,16238.4,16237.6,16238.6,16235.3,16236.3,16236.7,16237.7,1,1737
2026-07-15T12:45:00+00:00,16237.1,16237.3,16235.2,16235.7,16236.6,16237.6,16236.8,16237.8,16234.7,16235.7,16235.2,16236.2,1,1676
2026-07-15T12:50:00+00:00,16235.8,16236.6,16232.5,16235.6,16235.3,16236.3,16236.1,16237.1,16232,16233,16235.1,16236.1,1,1274
2026-07-15T12:55:00+00:00,16235.8,16236.9,16233.5,16234.9,16235.3,16236.3,16236.4,16237.4,16233,16234,16234.4,16235.4,1,1820
2026-07-15T13:00:00+00:00,16234.5,16238.2,16233.1,16238.1,16234,16235,16237.7,16238.7,16232.6,16233.6,16237.6,16238.6,1,1747
2026-07-15T13:05:00+00:00,16237.9,16239.6,16237.1,16238.2,16237.4,16238.4,16239.1,16240.1,16236.6,16237.6,16237.7,16238.7,1,343
2026-07-15T13:10:00+00:00,16238.1,16238.9,16235.9,16236.2,16237.6,16238.6,16238.4,16239.4,16235.4,16236.4,16235.7,16236.7,1,175
2026-07-15T13:15:00+00:00,16236,16238.2,16235.5,16238.2,16235.5,16236.5,16237.7,16238.7,16235,16236,16237.7,16238.7,1,150
2026-07-15T13:20:00+00:00,16238,16238.1,16236.2,16236.3,16237.5,16238.5,16237.6,16238.6,16235.7,16236.7,16235.8,16236.8,1,153
2026-07-15T13:25:00+00:00,16235.9,16238.7,16235.8,16236.7,16235.4,16236.4,16238.2,16239.2,16235.3,16236.3,16235.4,16238,2.6,201
2026-07-15T13:30:00+00:00,16237.2,16237.25,16226.5,16230.2,16235.6,16238.8,16235.7,16238.8,16225.6,16227.4,16229.7,16230.7,1,491
2026-07-15T13:35:00+00:00,16230,16231.5,16228.1,16229.4,16229.5,16230.5,16231,16232,16227.6,16228.6,16228.9,16229.9,1,276
2026-07-15T13:40:00+00:00,16229.5,16229.7,16223.4,16223.8,16229,16230,16229.2,16230.2,16222.9,16223.9,16223.3,16224.3,1,314
2026-07-15T13:45:00+00:00,16223.9,16225.7,16219.8,16220.1,16223.4,16224.4,16225.2,16226.2,16219.3,16220.3,16219.6,16220.6,1,300
2026-07-15T13:50:00+00:00,16220.5,16224.3,16220.5,16222.4,16220,16221,16223.8,16224.8,16220,16221,16221.9,16222.9,1,268
2026-07-15T13:55:00+00:00,16222.1,16223.7,16214.3,16216.6,16221.6,16222.6,16223.2,16224.2,16213.8,16214.8,16216.1,16217.1,1,350
2026-07-15T14:00:00+00:00,16216.5,16218.7,16214.7,16216.8,16216,16217,16218.2,16219.2,16214.2,16215.2,16216.3,16217.3,1,361
2026-07-15T14:05:00+00:00,16216.9,16217,16213.7,16215.7,16216.4,16217.4,16216.5,16217.5,16213.2,16214.2,16215.2,16216.2,1,315
2026-07-15T14:10:00+00:00,16215.2,16223.4,16215.2,16223.3,16214.7,16215.7,16222.9,16223.9,16214.7,16215.7,16222.8,16223.8,1,306
2026-07-15T14:15:00+00:00,16222.8,16224.6,16219.1,16219.5,16222.3,16223.3,16224.1,16225.1,16218.6,16219.6,16219,16220,1,202
2026-07-15T14:20:00+00:00,16219.7,16223.9,16219.7,16223.2,16219.2,16220.2,16223.4,16224.4,16219.2,16220.2,16222.7,16223.7,1,161
2026-07-15T14:25:00+00:00,16223.3,16228,16223.3,16227.3,16222.8,16223.8,16227.5,16228.5,16222.8,16223.8,16226.8,16227.8,1,182
2026-07-15T14:30:00+00:00,16227.5,16227.6,16223.9,16224.2,16227,16228,16227.1,16228.1,16223.4,16224.4,16223.7,16224.7,1,231
2026-07-15T14:35:00+00:00,16224.3,16225.4,16222.6,16223.5,16223.8,16224.8,16224.9,16225.9,16222.1,16223.1,16223,16224,1,232
2026-07-15T14:40:00+00:00,16223.7,16225,16221.2,16224.6,16223.2,16224.2,16224.5,16225.5,16220.7,16221.7,16224.1,16225.1,1,117
2026-07-15T14:45:00+00:00,16225.3,16226.2,16222.2,16222.5,16224.8,16225.8,16225.7,16226.7,16221.7,16222.7,16222,16223,1,221
2026-07-15T14:50:00+00:00,16222.6,16225.4,16222.1,16224.8,16222.1,16223.1,16224.9,16225.9,16221.6,16222.6,16224.3,16225.3,1,259
2026-07-15T14:55:00+00:00,16224.7,16225,16215.7,16220.5,16224.2,16225.2,16224.5,16225.5,16215.2,16216.2,16220,16221,1,401
2026-07-15T15:00:00+00:00,16220.4,16221.3,16217.9,16220.7,16219.9,16220.9,16220.8,16221.8,16217.4,16218.4,16220.2,16221.2,1,230
2026-07-15T15:05:00+00:00,16220.6,16223.5,16219.3,16220.6,16220.1,16221.1,16223,16224,16218.8,16219.8,16220.1,16221.1,1,336
2026-07-15T15:10:00+00:00,16220.5,16221.5,16218.9,16220.3,16220,16221,16221,16222,16218.4,16219.4,16219.8,16220.8,1,299
2026-07-15T15:15:00+00:00,16220.2,16220.4,16216.7,16216.7,16219.7,16220.7,16219.9,16220.9,16216.2,16217.2,16216.2,16217.2,1,317
2026-07-15T15:20:00+00:00,16216.6,16221.3,16216.6,16221.1,16216.1,16217.1,16220.8,16221.8,16216.1,16217.1,16220.6,16221.6,1,353
2026-07-15T15:25:00+00:00,16221.3,16223.9,16220.7,16222.3,16220.8,16221.8,16223.4,16224.4,16220.2,16221.2,16221.8,16222.8,1,431
2026-07-15T15:30:00+00:00,16222.1,16222.8,16217.1,16218.3,16221.6,16222.6,16222.3,16223.3,16216.6,16217.6,16217.8,16218.8,1,391
2026-07-15T15:35:00+00:00,16218.1,16221.7,16217.9,16221.4,16217.6,16218.6,16221.2,16222.2,16217.4,16218.4,16220.9,16221.9,1,390
2026-07-15T15:40:00+00:00,16221.5,16222.6,16219.1,16220.3,16221,16222,16222.1,16223.1,16218.6,16219.6,16219.8,16220.8,1,378
2026-07-15T15:45:00+00:00,16220.2,16220.2,16215.5,16215.6,16219.7,16220.7,16219.7,16220.7,16215,16216,16215.1,16216.1,1,405
2026-07-15T15:50:00+00:00,16215.7,16219.6,16215.2,16217.9,16215.2,16216.2,16219.1,16220.1,16214.7,16215.7,16217.4,16218.4,1,470
2026-07-15T15:55:00+00:00,16218.1,16219,16212.7,16214.5,16217.6,16218.6,16218.5,16219.5,16212.2,16213.2,16214,16215,1,430
2026-07-15T16:00:00+00:00,16214.4,16214.9,16210.4,16213.7,16213.9,16214.9,16214.4,16215.4,16209.9,16210.9,16213.2,16214.2,1,299
2026-07-15T16:05:00+00:00,16213.3,16215.6,16212.7,16215.4,16212.8,16213.8,16215.1,16216.1,16212.2,16213.2,16214.9,16215.9,1,178
2026-07-15T16:10:00+00:00,16215.5,16220.4,16213.8,16220.4,16215,16216,16219.9,16220.9,16213.3,16214.3,16219.9,16220.9,1,240
2026-07-15T16:15:00+00:00,16220.8,16221,16216.6,16217.7,16220.3,16221.3,16220.5,16221.5,16216.1,16217.1,16217.2,16218.2,1,262
2026-07-15T16:20:00+00:00,16217.8,16218.6,16213.7,16214.5,16217.3,16218.3,16218.1,16219.1,16213.2,16214.2,16214,16215,1,189
2026-07-15T16:25:00+00:00,16214.6,16214.9,16208.9,16210,16214.1,16215.1,16214.4,16215.4,16208.4,16209.4,16209.5,16210.5,1,294
2026-07-15T16:30:00+00:00,16209.9,16212.8,16209,16209.4,16209.4,16210.4,16212.3,16213.3,16208.5,16209.5,16208.9,16209.9,1,280
2026-07-15T16:35:00+00:00,16209.3,16213.9,16207.1,16213.6,16208.8,16209.8,16213.4,16214.4,16206.6,16207.6,16213.1,16214.1,1,235
2026-07-15T16:40:00+00:00,16213.4,16213.6,16211,16212.2,16212.9,16213.9,16213.1,16214.1,16210.5,16211.5,16211.7,16212.7,1,187
2026-07-15T16:45:00+00:00,16212.1,16212.4,16208.5,16211.8,16211.6,16212.6,16211.9,16212.9,16208,16209,16211.3,16212.3,1,181
2026-07-15T16:50:00+00:00,16212.2,16214.8,16211.5,16212.6,16211.7,16212.7,16214.3,16215.3,16211,16212,16212.1,16213.1,1,301
2026-07-15T16:55:00+00:00,16212.5,16214.7,16212.5,16213.5,16212,16213,16214.2,16215.2,16212,16213,16213,16214,1,216
2026-07-15T17:00:00+00:00,16213.4,16216.7,16212.9,16216.2,16212.9,16213.9,16216.2,16217.2,16212.4,16213.4,16215.7,16216.7,1,191
2026-07-15T17:05:00+00:00,16216.5,16217.3,16215.7,16216.3,16216,16217,16216.8,16217.8,16215.2,16216.2,16215.8,16216.8,1,189
2026-07-15T17:10:00+00:00,16216.4,16217.3,16215.2,16216.3,16215.9,16216.9,16216.8,16217.8,16214.7,16215.7,16215.8,16216.8,1,277
2026-07-15T17:15:00+00:00,16216.4,16216.8,16213.9,16216.1,16215.9,16216.9,16216.3,16217.3,16213.4,16214.4,16215.6,16216.6,1,212
2026-07-15T17:20:00+00:00,16216.2,16217.2,16213.3,16214,16215.7,16216.7,16216.7,16217.7,16212.8,16213.8,16213.5,16214.5,1,250
2026-07-15T17:25:00+00:00,16214.1,16215,16211.9,16213.8,16213.6,16214.6,16214.5,16215.5,16211.4,16212.4,16213.3,16214.3,1,291
2026-07-15T17:30:00+00:00,16213.9,16216.4,16213.9,16215.9,16213.4,16214.4,16215.9,16216.9,16213.4,16214.4,16215.4,16216.4,1,279
2026-07-15T17:35:00+00:00,16216,16218.7,16215.5,16218,16215.5,16216.5,16218.2,16219.2,16215,16216,16217.5,16218.5,1,285
2026-07-15T17:40:00+00:00,16218.1,16220,16216.6,16219.4,16217.6,16218.6,16219.5,16220.5,16216.1,16217.1,16218.9,16219.9,1,255
2026-07-15T17:45:00+00:00,16219.3,16220.2,16213.4,16217.4,16218.8,16219.8,16219.7,16220.7,16212.7,16214.1,16216.9,16217.9,1,372
2026-07-15T17:50:00+00:00,16217.5,16218.6,16215.3,16218.2,16217,16218,16218.1,16219.1,16214.8,16215.8,16217.7,16218.7,1,272
2026-07-15T17:55:00+00:00,16218.3,16219,16216.5,16217.1,16217.8,16218.8,16218.5,16219.5,16216,16217,16216.6,16217.6,1,201
2026-07-15T18:00:00+00:00,16217,16217.3,16211.6,16213.1,16216.5,16217.5,16216.8,16217.8,16211.1,16212.1,16212.6,16213.6,1,258
2026-07-15T18:05:00+00:00,16213,16214.1,16209,16209.2,16212.5,16213.5,16213.6,16214.6,16208.5,16209.5,16208.7,16209.7,1,191
2026-07-15T18:10:00+00:00,16209.4,16212.4,16207.2,16211.1,16208.9,16209.9,16211.9,16212.9,16206.7,16207.7,16210.6,16211.6,1,248
2026-07-15T18:15:00+00:00,16211.2,16212.6,16210,16211.1,16210.7,16211.7,16212.1,16213.1,16209.5,16210.5,16210.6,16211.6,1,212
2026-07-15T18:20:00+00:00,16211,16211.7,16210.2,16211,16210.5,16211.5,16211.2,16212.2,16209.7,16210.7,16210.5,16211.5,1,200
2026-07-15T18:25:00+00:00,16211.1,16211.2,16208,16208.9,16210.6,16211.6,16210.7,16211.7,16207.5,16208.5,16208.4,16209.4,1,259
2026-07-15T18:30:00+00:00,16209,16211.2,16206.3,16207.7,16208.5,16209.5,16210.7,16211.7,16205.8,16206.8,16207.2,16208.2,1,412
2026-07-15T18:35:00+00:00,16207.8,16208.8,16205.9,16206,16207.3,16208.3,16208.3,16209.3,16205.4,16206.4,16205.5,16206.5,1,257
2026-07-15T18:40:00+00:00,16205.8,16206.5,16198.4,16202.9,16205.3,16206.3,16206,16207,16197.9,16198.9,16202.4,16203.4,1,331
2026-07-15T18:45:00+00:00,16203.1,16206.3,16197.3,16197.3,16202.6,16203.6,16205.8,16206.8,16196.8,16197.8,16196.8,16197.8,1,355
2026-07-15T18:50:00+00:00,16197.2,16201.6,16196.6,16200.5,16196.7,16197.7,16201.1,16202.1,16196.1,16197.1,16200,16201,1,351
2026-07-15T18:55:00+00:00,16200.6,16200.6,16198,16198.2,16200.1,16201.1,16200.1,16201.1,16197.5,16198.5,16197.7,16198.7,1,162
2026-07-15T19:00:00+00:00,16198.3,16199.1,16189.8,16191.1,16197.8,16198.8,16198.6,16199.6,16189.3,16190.3,16190.6,16191.6,1,195
2026-07-15T19:05:00+00:00,16191.2,16193.6,16189.8,16192.4,16190.7,16191.7,16193.1,16194.1,16189.3,16190.3,16191.9,16192.9,1,221
2026-07-15T19:10:00+00:00,16192.3,16195.6,16191.5,16195.2,16191.8,16192.8,16195.1,16196.1,16191,16192,16194.7,16195.7,1,260
2026-07-15T19:15:00+00:00,16195.3,16196.6,16189.9,16190.3,16194.8,16195.8,16196.1,16197.1,16189.4,16190.4,16189.8,16190.8,1,273
2026-07-15T19:20:00+00:00,16190.2,16192.5,16190.2,16192.4,16189.7,16190.7,16192,16193,16189.7,16190.7,16191.9,16192.9,1,192
2026-07-15T19:25:00+00:00,16192.5,16192.7,16190.6,16191.4,16192,16193,16192.2,16193.2,16190.1,16191.1,16190.9,16191.9,1,262
2026-07-15T19:30:00+00:00,16191.3,16192.2,16189.2,16191.2,16190.8,16191.8,16191.7,16192.7,16188.7,16189.7,16190.7,16191.7,1,292
2026-07-15T19:35:00+00:00,16191.1,16194.4,16190.1,16190.9,16190.6,16191.6,16193.9,16194.9,16189.6,16190.6,16190.4,16191.4,1,254
2026-07-15T19:40:00+00:00,16191,16198.6,16190.7,16198.6,16190.5,16191.5,16198.1,16199.1,16190.2,16191.2,16198.1,16199.1,1,304
2026-07-15T19:45:00+00:00,16198.7,16200.8,16197.3,16199.9,16198.2,16199.2,16200.3,16201.3,16196.8,16197.8,16199.4,16200.4,1,356
2026-07-15T19:50:00+00:00,16199.8,16204.2,16199.7,16203.1,16199.3,16200.3,16203.7,16204.7,16199.2,16200.2,16202.6,16203.6,1,371
2026-07-15T19:55:00+00:00,16202.9,16206.7,16202,16205.1,16202.4,16203.4,16206.2,16207.2,16201.5,16202.5,16204.6,16205.6,1,237
2026-07-15T20:00:00+00:00,16205.2,16206.4,16201.2,16203.1,16204.7,16205.7,16205.9,16206.9,16200.7,16201.7,16202.6,16203.6,1,204
2026-07-15T20:05:00+00:00,16203.2,16204.1,16201.2,16203.3,16202.7,16203.7,16203.6,16204.6,16200.7,16201.7,16202.8,16203.8,1,171
2026-07-15T20:10:00+00:00,16203.4,16204.5,16202.1,16203,16202.9,16203.9,16204,16205,16201.6,16202.6,16202.5,16203.5,1,303
2026-07-15T20:15:00+00:00,16203.6,16208.2,16202.9,16207.3,16203.1,16204.1,16207.7,16208.7,16202.4,16203.4,16206.8,16207.8,1,254
2026-07-15T20:20:00+00:00,16207.7,16209.3,16207,16208.9,16207.2,16208.2,16208.8,16209.8,16206.5,16207.5,16208.4,16209.4,1,233
2026-07-15T20:25:00+00:00,16209,16211,16208.2,16211,16208.5,16209.5,16210.5,16211.5,16207.7,16208.7,16210.5,16211.5,1,280
2026-07-15T20:30:00+00:00,16210.9,16219.4,16210,16217.9,16210.4,16211.4,16218.9,16219.9,16209.5,16210.5,16217.4,16218.4,1,491
2026-07-15T20:35:00+00:00,16218.1,16224.6,16216.6,16221.6,16217.6,16218.6,16224.1,16225.1,16216.1,16217.1,16221.1,16222.1,1,465
2026-07-15T20:40:00+00:00,16221.1,16225.6,16221.1,16225.1,16220.6,16221.6,16225.1,16226.1,16220.6,16221.6,16224.6,16225.6,1,251
2026-07-15T20:45:00+00:00,16225.2,16227.8,16224.6,16226.7,16224.7,16225.7,16227.3,16228.3,16224.1,16225.1,16226.2,16227.2,1,312
2026-07-15T20:50:00+00:00,16226.8,16228.7,16225.2,16227.5,16226.3,16227.3,16228.2,16229.2,16224.7,16225.7,16227,16228,1,317
2026-07-15T20:55:00+00:00,16227.4,16227.9,16220.6,16223.2,16226.9,16227.9,16227.4,16228.4,16220.1,16221.1,16222.7,16223.7,1,354
2026-07-15T21:00:00+00:00,16223.1,16223.7,16220.9,16221.6,16222.6,16223.6,16223.2,16224.2,16220.4,16221.4,16221.1,16222.1,1,100
2026-07-15T21:05:00+00:00,16221.8,16223.2,16220.2,16222.7,16221.3,16222.3,16222.7,16223.7,16219.7,16220.7,16222.2,16223.2,1,124
2026-07-15T21:10:00+00:00,16222.8,16223.1,16221.4,16221.7,16222.3,16223.3,16222.6,16223.6,16220.9,16221.9,16221.2,16222.2,1,190
2026-07-15T21:15:00+00:00,16221.6,16222.5,16221.3,16221.9,16221.1,16222.1,16222,16223,16220.8,16221.8,16221.4,16222.4,1,159
2026-07-15T21:20:00+00:00,16222,16222.2,16220.5,16220.8,16221.5,16222.5,16221.7,16222.7,16220,16221,16220.3,16221.3,1,147
2026-07-15T21:25:00+00:00,16221,16221.4,16219.3,16220.8,16220.5,16221.5,16220.9,16221.9,16218.8,16219.8,16220.3,16221.3,1,168
2026-07-15T21:30:00+00:00,16220.5,16222.5,16220,16221,16220,16221,16222,16223,16219.5,16220.5,16220.5,16221.5,1,186
2026-07-15T21:35:00+00:00,16220.9,16222.7,16220.9,16222.1,16220.4,16221.4,16222.2,16223.2,16220.4,16221.4,16221.6,16222.6,1,125
2026-07-15T21:40:00+00:00,16222,16222.6,16220.1,16221,16221.5,16222.5,16222.1,16223.1,16219.6,16220.6,16220.5,16221.5,1,151
2026-07-15T21:45:00+00:00,16221.2,16222,16220.45,16221.25,16220.7,16221.7,16221.5,16222.5,16219.8,16221.1,16220.3,16222.2,1.9,174
2026-07-15T21:50:00+00:00,16221.05,16221.1,16219.25,16219.85,16220.1,16222,16220.2,16222,16218.3,16220.2,16218.9,16220.8,1.9,232
2026-07-15T21:55:00+00:00,16219.8,16221,16218.85,16219.5,16218.2,16221.4,16219.2,16222.8,16216.5,16221.2,16216.5,16222.5,6,121
2026-07-15T22:00:00+00:00,16219.1,16219.9,16212.1,16216.7,16215.6,16222.6,16216.4,16223.4,16208.6,16215.6,16213.2,16220.2,7,25
2026-07-15T22:05:00+00:00,16216.1,16217.1,16211.3,16216,16212.6,16219.6,16213.6,16220.6,16207.8,16214.8,16212.5,16219.5,7,14
2026-07-15T22:10:00+00:00,16216.7,16219.5,16210.3,16218.5,16213.2,16220.2,16216,16223,16206.8,16213.8,16215,16222,7,70
2026-07-15T22:15:00+00:00,16218.6,16219.6,16217.5,16218.5,16215.1,16222.1,16216.1,16223.1,16214,16221,16215,16222,7,20
2026-07-15T22:20:00+00:00,16217.9,16217.9,16216.4,16216.4,16214.4,16221.4,16214.4,16221.4,16212.9,16219.9,16212.9,16219.9,7,28
2026-07-15T22:25:00+00:00,16216.5,16217,16214.9,16216,16213,16220,16213.5,16220.5,16211.4,16218.4,16212.5,16219.5,7,43
2026-07-15T22:30:00+00:00,16215.9,16216.9,16215.9,16216.9,16212.4,16219.4,16213.4,16220.4,16212.4,16219.4,16213.4,16220.4,7,17
2026-07-15T22:35:00+00:00,16217,16217,16215.1,16216.1,16213.5,16220.5,16213.5,16220.5,16211.6,16218.6,16212.6,16219.6,7,26
2026-07-15T22:40:00+00:00,16216.2,16217,16214.4,16217,16212.7,16219.7,16213.5,16220.5,16211.2,16217.6,16213.5,16220.5,7,57
2026-07-15T22:45:00+00:00,16216.9,16217.1,16216,16216.2,16213.4,16220.4,16213.6,16220.6,16212.5,16219.5,16212.7,16219.7,7,53
2026-07-15T22:50:00+00:00,16216.1,16217.1,16214.5,16216.2,16212.6,16219.6,16213.6,16220.6,16211,16218,16212.7,16219.7,7,122
2026-07-15T22:55:00+00:00,16215.8,16216.2,16212.3,16213.7,16212.3,16219.3,16212.7,16219.7,16209.5,16215.1,16211.7,16215.7,4,90
2026-07-15T23:00:00+00:00,16213.6,16216.3,16209.3,16216,16211.6,16215.6,16212.8,16219.8,16205.8,16212.8,16212.5,16219.5,7,201
2026-07-15T23:05:00+00:00,16216.1,16217.05,16214.05,16215,16213.1,16219.1,16214.2,16219.9,16212.1,16216,16213.1,16216.9,3.8,103
2026-07-15T23:10:00+00:00,16215,16215.8,16213.8,16215.1,16213.2,16216.8,16213.7,16217.9,16211.9,16215.7,16213.4,16216.8,3.4,140
2026-07-15T23:15:00+00:00,16215.1,16215.35,16209.55,16210.25,16213.3,16216.9,16213.6,16217.1,16207.1,16212,16208.1,16212.4,4.3,184
2026-07-15T23:20:00+00:00,16210.35,16211.9,16208.65,16211.3,16208.2,16212.5,16209.9,16213.9,16206.9,16210.4,16209.3,16213.3,4,171
2026-07-15T23:25:00+00:00,16211.35,16211.6,16209.45,16210.25,16209.2,16213.5,16209.7,16213.5,16207.8,16211.1,16208.2,16212.3,4.1,139
2026-07-15T23:30:00+00:00,16210.05,16212.55,16209.15,16212.15,16207.9,16212.2,16210.4,16214.7,16207.7,16210.6,16210.1,16214.2,4.1,173
2026-07-15T23:35:00+00:00,16212.45,16214.45,16211.5,16212.35,16210.2,16214.7,16212.1,16216.8,16209.7,16213.3,16211.1,16213.6,2.5,124
2026-07-15T23:40:00+00:00,16212.7,16212.95,16211.45,16212.2,16211.2,16214.2,16211.2,16214.7,16210.1,16212.8,16211.2,16213.2,2,58
2026-07-15T23:45:00+00:00,16212.1,16212.6,16210.8,16212.2,16211.1,16213.1,16211.3,16213.9,16209.5,16212.1,16210.9,16213.5,2.6,117
2026-07-15T23:50:00+00:00,16211.95,16214.75,16210.6,16213.7,16210.6,16213.3,16213.5,16216,16209.7,16211.5,16212.4,16215,2.6,114
2026-07-15T23:55:00+00:00,16213.7,16214.5,16212.05,16212.85,16212.5,16214.9,16213.6,16215.4,16211.1,16213,16212,16213.7,1.7,108
2026-07-16T00:00:00+00:00,16211.95,16212.2,16210.6,16210.8,16211.1,16212.8,16211.5,16212.9,16210,16211.2,16210.3,16211.3,1,89
2026-07-16T00:05:00+00:00,16210.9,16211.3,16210.7,16210.8,16210.4,16211.4,16210.8,16211.8,16210.2,16211.2,16210.3,16211.3,1,64
2026-07-16T00:10:00+00:00,16210.9,16211.1,16208.6,16208.7,16210.4,16211.4,16210.6,16211.6,16208.1,16209.1,16208.2,16209.2,1,47
2026-07-16T00:15:00+00:00,16209.6,16209.7,16205.9,16206,16209.1,16210.1,16209.2,16210.2,16205.4,16206.4,16205.5,16206.5,1,105
2026-07-16T00:20:00+00:00,16206.1,16207.9,16206.1,16207.8,16205.6,16206.6,16207.4,16208.4,16205.6,16206.6,16207.3,16208.3,1,98
2026-07-16T00:25:00+00:00,16207.9,16208.9,16207.3,16208.8,16207.4,16208.4,16208.4,16209.4,16206.8,16207.8,16208.3,16209.3,1,82
2026-07-16T00:30:00+00:00,16208.7,16209.4,16206.4,16207.2,16208.2,16209.2,16208.9,16209.9,16205.9,16206.9,16206.7,16207.7,1,120
2026-07-16T00:35:00+00:00,16207.3,16208.4,16207,16207.6,16206.8,16207.8,16207.9,16208.9,16206.5,16207.5,16207.1,16208.1,1,96
2026-07-16T00:40:00+00:00,16207.5,16208.5,16207,16207.6,16207,16208,16208,16209,16206.5,16207.5,16207.1,16208.1,1,160
2026-07-16T00:45:00+00:00,16207.5,16207.5,16204.9,16205,16207,16208,16207,16208,16204.4,16205.4,16204.5,16205.5,1,232
2026-07-16T00:50:00+00:00,16204.9,16207.5,16203,16207.3,16204.4,16205.4,16207,16208,16202.5,16203.5,16206.8,16207.8,1,212
2026-07-16T00:55:00+00:00,16207.1,16208.2,16204.8,16207.1,16206.6,16207.6,16207.7,16208.7,16204.3,16205.3,16206.6,16207.6,1,226
2026-07-16T01:00:00+00:00,16207,16212.9,16206,16212.4,16206.5,16207.5,16212.4,16213.4,16205.5,16206.5,16211.9,16212.9,1,227
2026-07-16T01:05:00+00:00,16212.5,16213.1,16208.2,16209.9,16212,16213,16212.6,16213.6,16207.7,16208.7,16209.4,16210.4,1,172
2026-07-16T01:10:00+00:00,16209.7,16210.6,16207.1,16207.4,16209.2,16210.2,16210.1,16211.1,16206.6,16207.6,16206.9,16207.9,1,275
2026-07-16T01:15:00+00:00,16207.3,16208.4,16205.9,16207.1,16206.8,16207.8,16207.9,16208.9,16205.4,16206.4,16206.6,16207.6,1,266
2026-07-16T01:20:00+00:00,16207.2,16210.6,16207.2,16208.2,16206.7,16207.7,16210.1,16211.1,16206.7,16207.7,16207.7,16208.7,1,248
2026-07-16T01:25:00+00:00,16208.1,16208.9,16206.9,16207.8,16207.6,16208.6,16208.4,16209.4,16206.4,16207.4,16207.3,16208.3,1,180
2026-07-16T01:30:00+00:00,16207.7,16213.2,16207.7,16212.2,16207.2,16208.2,16212.7,16213.7,16207.2,16208.2,16211.7,16212.7,1,215
2026-07-16T01:35:00+00:00,16212.1,16212.3,16209.2,16209.9,16211.6,16212.6,16211.8,16212.8,16208.7,16209.7,16209.4,16210.4,1,214
2026-07-16T01:40:00+00:00,16209.8,16209.8,16206.6,16208.5,16209.3,16210.3,16209.3,16210.3,16206.1,16207.1,16208,16209,1,233
2026-07-16T01:45:00+00:00,16208.6,16209.5,16207.6,16209.5,16208.1,16209.1,16209,16210,16207.1,16208.1,16209,16210,1,219
2026-07-16T01:50:00+00:00,16209.7,16216.1,16205.6,16214.2,16209.2,16210.2,16215.5,16216.7,16205.1,16206.1,16213.4,16215,1.6,474
2026-07-16T01:55:00+00:00,16214.45,16214.45,16208.3,16209.2,16213.6,16215.3,16213.6,16215.3,16207.8,16208.8,16208.7,16209.7,1,290
2026-07-16T02:00:00+00:00,16209,16210.9,16208.6,16209.3,16208.5,16209.5,16210.4,16211.4,16208.1,16209.1,16208.8,16209.8,1,206
2026-07-16T02:05:00+00:00,16208.9,16209.9,16207.8,16208,16208.4,16209.4,16209.4,16210.4,16207.3,16208.3,16207.5,16208.5,1,170
2026-07-16T02:10:00+00:00,16208.1,16209.1,16204.7,16206.9,16207.6,16208.6,16208.6,16209.6,16204.2,16205.2,16206.4,16207.4,1,242
2026-07-16T02:15:00+00:00,16206.8,16210.5,16206.65,16208,16206.3,16207.3,16210,16211,16206.1,16207.2,16207.5,16208.5,1,262
2026-07-16T02:20:00+00:00,16208.1,16208.1,16203,16203.1,16207.6,16208.6,16207.6,16208.6,16202.5,16203.5,16202.6,16203.6,1,272
2026-07-16T02:25:00+00:00,16203,16205.6,16202.9,16205.2,16202.5,16203.5,16205.1,16206.1,16202.4,16203.4,16204.7,16205.7,1,246
2026-07-16T02:30:00+00:00,16205.4,16207,16203.3,16206.4,16204.9,16205.9,16206.5,16207.5,16202.8,16203.8,16205.9,16206.9,1,248
2026-07-16T02:35:00+00:00,16206.3,16208.7,16206,16208.1,16205.8,16206.8,16208.2,16209.2,16205.5,16206.5,16207.6,16208.6,1,256
2026-07-16T02:40:00+00:00,16208,16208,16206.2,16206.8,16207.5,16208.5,16207.5,16208.5,16205.7,16206.7,16206.3,16207.3,1,239
2026-07-16T02:45:00+00:00,16206.9,16208.1,16206,16207.7,16206.4,16207.4,16207.6,16208.6,16205.5,16206.5,16207.2,16208.2,1,189
2026-07-16T02:50:00+00:00,16207.8,16210.7,16207.6,16210.6,16207.3,16208.3,16210.2,16211.2,16207.1,16208.1,16210.1,16211.1,1,180
2026-07-16T02:55:00+00:00,16210.7,16212.2,16209.4,16211.2,16210.2,16211.2,16211.7,16212.7,16208.9,16209.9,16210.7,16211.7,1,159
2026-07-16T03:00:00+00:00,16211,16212.1,16210.5,16211.4,16210.5,16211.5,16211.6,16212.6,16210,16211,16210.9,16211.9,1,117
2026-07-16T03:05:00+00:00,16211.5,16213.6,16211.4,16213.1,16211,16212,16213.1,16214.1,16210.9,16211.9,16212.6,16213.6,1,157
2026-07-16T03:10:00+00:00,16213.3,16216.7,16212.7,16216.3,16212.8,16213.8,16216.2,16217.2,16212.2,16213.2,16215.8,16216.8,1,284
2026-07-16T03:15:00+00:00,16216.2,16217.1,16213.4,16214.1,16215.7,16216.7,16216.6,16217.6,16212.9,16213.9,16213.6,16214.6,1,223
2026-07-16T03:20:00+00:00,16214.2,16214.5,16211,16211.6,16213.7,16214.7,16214,16215,16210.5,16211.5,16211.1,16212.1,1,235
2026-07-16T03:25:00+00:00,16211.7,16212.3,16209.8,16210.3,16211.2,16212.2,16211.8,16212.8,16209.3,16210.3,16209.8,16210.8,1,229
2026-07-16T03:30:00+00:00,16210.2,16213.5,16210,16210.5,16209.7,16210.7,16213,16214,16209.5,16210.5,16210,16211,1,215
2026-07-16T03:35:00+00:00,16210.6,16214.7,16208.6,16212.8,16210.1,16211.1,16214.2,16215.2,16208.1,16209.1,16212.3,16213.3,1,220
2026-07-16T03:40:00+00:00,16212.7,16214.6,16212.5,16213.6,16212.2,16213.2,16214.1,16215.1,16212,16213,16213.1,16214.1,1,237
2026-07-16T03:45:00+00:00,16213.5,16214.8,16212.6,16213.9,16213,16214,16214.3,16215.3,16212.1,16213.1,16213.4,16214.4,1,192
2026-07-16T03:50:00+00:00,16214,16215.5,16213,16214.3,16213.5,16214.5,16215,16216,16212.5,16213.5,16213.8,16214.8,1,197
2026-07-16T03:55:00+00:00,16214.2,16217.1,16213.7,16215.7,16213.7,16214.7,16216.6,16217.6,16213.2,16214.2,16215.2,16216.2,1,206
2026-07-16T04:00:00+00:00,16215.1,16216.4,16214.2,16214.4,16214.6,16215.6,16215.9,16216.9,16213.7,16214.7,16213.9,16214.9,1,113
2026-07-16T04:05:00+00:00,16214.5,16214.8,16211.8,16212.3,16214,16215,16214.3,16215.3,16211.3,16212.3,16211.8,16212.8,1,128
2026-07-16T04:10:00+00:00,16212,16213.6,16211.6,16213.1,16211.5,16212.5,16213.1,16214.1,16211.1,16212.1,16212.6,16213.6,1,129
2026-07-16T04:15:00+00:00,16213.2,16213.2,16209.4,16209.6,16212.7,16213.7,16212.7,16213.7,16208.9,16209.9,16209.1,16210.1,1,116
2026-07-16T04:20:00+00:00,16209.7,16211,16209.7,16210.7,16209.2,16210.2,16210.5,16211.5,16209.2,16210.2,16210.2,16211.2,1,95
2026-07-16T04:25:00+00:00,16210.9,16210.9,16209.1,16209.6,16210.4,16211.4,16210.4,16211.4,16208.6,16209.6,16209.1,16210.1,1,116
2026-07-16T04:30:00+00:00,16210,16210.1,16207.6,16207.7,16209.5,16210.5,16209.6,16210.6,16207.1,16208.1,16207.2,16208.2,1,125
2026-07-16T04:35:00+00:00,16207.6,16208.3,16207.2,16207.8,16207.1,16208.1,16207.8,16208.8,16206.7,16207.7,16207.3,16208.3,1,105
2026-07-16T04:40:00+00:00,16207.7,16209.9,16207.6,16209.9,16207.2,16208.2,16209.4,16210.4,16207.1,16208.1,16209.4,16210.4,1,86
2026-07-16T04:45:00+00:00,16209.8,16210.7,16208.9,16210,16209.3,16210.3,16210.2,16211.2,16208.4,16209.4,16209.5,16210.5,1,89
2026-07-16T04:50:00+00:00,16209.9,16210.7,16209.7,16210.5,16209.4,16210.4,16210.2,16211.2,16209.2,16210.2,16210,16211,1,80
2026-07-16T04:55:00+00:00,16210.6,16210.9,16209.2,16209.2,16210.1,16211.1,16210.4,16211.4,16208.7,16209.7,16208.7,16209.7,1,77
2026-07-16T05:00:00+00:00,16209.4,16211,16208.7,16210.2,16208.9,16209.9,16210.5,16211.5,16208.2,16209.2,16209.7,16210.7,1,112
2026-07-16T05:05:00+00:00,16210.1,16211.5,16208.9,16211.4,16209.6,16210.6,16211,16212,16208.4,16209.4,16210.9,16211.9,1,62
2026-07-16T05:10:00+00:00,16211.5,16212.9,16210.1,16212.7,16211,16212,16212.4,16213.4,16209.6,16210.6,16212.2,16213.2,1,98
2026-07-16T05:15:00+00:00,16212.6,16213.5,16211.5,16212.8,16212.1,16213.1,16213,16214,16211,16212,16212.3,16213.3,1,91
2026-07-16T05:20:00+00:00,16212.9,16213,16211.7,16212.3,16212.4,16213.4,16212.5,16213.5,16211.2,16212.2,16211.8,16212.8,1,75
2026-07-16T05:25:00+00:00,16212.6,16214.3,16212.6,16214.1,16212.1,16213.1,16213.8,16214.8,16212.1,16213.1,16213.6,16214.6,1,68
2026-07-16T05:30:00+00:00,16214.2,16214.2,16212.8,16213.8,16213.7,16214.7,16213.7,16214.7,16212.3,16213.3,16213.3,16214.3,1,62
2026-07-16T05:35:00+00:00,16213.9,16214.5,16212.8,16212.8,16213.4,16214.4,16214,16215,16212.3,16213.3,16212.3,16213.3,1,96
2026-07-16T05:40:00+00:00,16212.9,16212.9,16210.8,16211.7,16212.4,16213.4,16212.4,16213.4,16210.3,16211.3,16211.2,16212.2,1,114
2026-07-16T05:45:00+00:00,16211.8,16211.8,16210.7,16211,16211.3,16212.3,16211.3,16212.3,16210.2,16211.2,16210.5,16211.5,1,62
2026-07-16T05:50:00+00:00,16210.9,16211.6,16208.6,16208.7,16210.4,16211.4,16211.1,16212.1,16208.1,16209.1,16208.2,16209.2,1,103
2026-07-16T05:55:00+00:00,16208.6,16209.7,16208.1,16209.7,16208.1,16209.1,16209.2,16210.2,16207.6,16208.6,16209.2,16210.2,1,124
2026-07-16T06:00:00+00:00,16209.8,16210.8,16208.9,16209.9,16209.3,16210.3,16210.3,16211.3,16208.4,16209.4,16209.4,16210.4,1,111
2026-07-16T06:05:00+00:00,16209.8,16210.6,16209,16209,16209.3,16210.3,16210.1,16211.1,16208.5,16209.5,16208.5,16209.5,1,91
2026-07-16T06:10:00+00:00,16209.1,16210.8,16208.6,16210,16208.6,16209.6,16210.3,16211.3,16208.1,16209.1,16209.5,16210.5,1,93
2026-07-16T06:15:00+00:00,16209.8,16211,16208.3,16210.3,16209.3,16210.3,16210.5,16211.5,16207.8,16208.8,16209.8,16210.8,1,564
2026-07-16T06:20:00+00:00,16210.4,16212.2,16210.1,16211.6,16209.9,16210.9,16211.7,16212.7,16209.6,16210.6,16211.1,16212.1,1,1166
2026-07-16T06:25:00+00:00,16211.7,16212.5,16210.3,16211.8,16211.2,16212.2,16212,16213,16209.8,16210.8,16211.3,16212.3,1,1276
2026-07-16T06:30:00+00:00,16211.6,16213.3,16210.9,16211.6,16211.1,16212.1,16212.8,16213.8,16210.4,16211.4,16211.1,16212.1,1,1197
2026-07-16T06:35:00+00:00,16211.7,16214.6,16211.6,16213.4,16211.2,16212.2,16214.1,16215.1,16211.1,16212.1,16212.9,16213.9,1,1312
2026-07-16T06:40:00+00:00,16213.5,16214.2,16211,16211.6,16213,16214,16213.7,16214.7,16210.5,16211.5,16211.1,16212.1,1,1271
2026-07-16T06:45:00+00:00,16211.7,16212.6,16210.8,16212.5,16211.2,16212.2,16212.1,16213.1,16210.3,16211.3,16212,16213,1,131
2026-07-16T06:50:00+00:00,16212.6,16213.7,16212.5,16213.6,16212.1,16213.1,16213.2,16214.2,16212,16213,16213.1,16214.1,1,146
2026-07-16T06:55:00+00:00,16214.1,16218.6,16214,16216.3,16213.6,16214.6,16218.1,16219.1,16213.5,16214.5,16215.8,16216.8,1,152
2026-07-16T07:00:00+00:00,16216.5,16217.8,16212.8,16215.3,16216,16217,16217.3,16218.3,16212.3,16213.3,16214.8,16215.8,1,225
2026-07-16T07:05:00+00:00,16215.1,16215.8,16212.1,16213.2,16214.6,16215.6,16215.3,16216.3,16211.6,16212.6,16212.7,16213.7,1,217
2026-07-16T07:10:00+00:00,16213.3,16215,16211.8,16213.4,16212.8,16213.8,16214.5,16215.5,16211.3,16212.3,16212.9,16213.9,1,196
2026-07-16T07:15:00+00:00,16213.6,16216.5,16213.3,16215.9,16213.1,16214.1,16216,16217,16212.8,16213.8,16215.4,16216.4,1,178
2026-07-16T07:20:00+00:00,16216,16216.5,16213.4,16214.4,16215.5,16216.5,16216,16217,16212.9,16213.9,16213.9,16214.9,1,140
2026-07-16T07:25:00+00:00,16214.5,16215.2,16213.3,16213.9,16214,16215,16214.7,16215.7,16212.8,16213.8,16213.4,16214.4,1,166
2026-07-16T07:30:00+00:00,16214,16217.1,16213.9,16216.7,16213.5,16214.5,16216.6,16217.6,16213.4,16214.4,16216.2,16217.2,1,232
2026-07-16T07:35:00+00:00,16216.8,16216.8,16215.3,16215.3,16216.3,16217.3,16216.3,16217.3,16214.8,16215.8,16214.8,16215.8,1,171
2026-07-16T07:40:00+00:00,16215,16215.7,16214.9,16215.2,16214.5,16215.5,16215.2,16216.2,16214.4,16215.4,16214.7,16215.7,1,136
2026-07-16T07:45:00+00:00,16215.1,16215.5,16212.4,16213.3,16214.6,16215.6,16215,16216,16211.9,16212.9,16212.8,16213.8,1,102
2026-07-16T07:50:00+00:00,16213.7,16215.9,16213.3,16213.4,16213.2,16214.2,16215.4,16216.4,16212.8,16213.8,16212.9,16213.9,1,141
2026-07-16T07:55:00+00:00,16213.5,16213.6,16210.9,16212,16213,16214,16213.1,16214.1,16210.4,16211.4,16211.5,16212.5,1,167
2026-07-16T08:00:00+00:00,16212.1,16212.8,16207.7,16207.7,16211.6,16212.6,16212.3,16213.3,16207.2,16208.2,16207.2,16208.2,1,213
2026-07-16T08:05:00+00:00,16207.5,16208.4,16199.1,16204.3,16207,16208,16207.9,16208.9,16198.6,16199.6,16203.8,16204.8,1,337
2026-07-16T08:10:00+00:00,16204.4,16207.4,16203.9,16204.7,16203.9,16204.9,16206.9,16207.9,16203.4,16204.4,16204.2,16205.2,1,310
2026-07-16T08:15:00+00:00,16204.8,16207.1,16203.4,16203.5,16204.3,16205.3,16206.6,16207.6,16202.9,16203.9,16203,16204,1,306
2026-07-16T08:20:00+00:00,16203.4,16203.5,16198.5,16201.2,16202.9,16203.9,16203,16204,16198,16199,16200.7,16201.7,1,435
2026-07-16T08:25:00+00:00,16201.4,16209.8,16201.3,16209.8,16200.9,16201.9,16209.3,16210.3,16200.8,16201.8,16209.3,16210.3,1,327
2026-07-16T08:30:00+00:00,16210,16210,16205.6,16206.3,16209.5,16210.5,16209.5,16210.5,16205.1,16206.1,16205.8,16206.8,1,245
2026-07-16T08:35:00+00:00,16206.1,16209.1,16206,16208.6,16205.6,16206.6,16208.6,16209.6,16205.5,16206.5,16208.1,16209.1,1,261
2026-07-16T08:40:00+00:00,16208.7,16209.7,16206.6,16207.9,16208.2,16209.2,16209.2,16210.2,16206.1,16207.1,16207.4,16208.4,1,263
2026-07-16T08:45:00+00:00,16208,16208.3,16201,16202,16207.5,16208.5,16207.8,16208.8,16200.5,16201.5,16201.5,16202.5,1,377
2026-07-16T08:50:00+00:00,16202.1,16206.7,16202.1,16205.6,16201.6,16202.6,16206.2,16207.2,16201.6,16202.6,16205.1,16206.1,1,290
2026-07-16T08:55:00+00:00,16205.7,16210.2,16204.9,16208.8,16205.2,16206.2,16209.7,16210.7,16204.4,16205.4,16208.3,16209.3,1,267
2026-07-16T09:00:00+00:00,16208.9,16209.5,16206.2,16209.1,16208.4,16209.4,16209,16210,16205.7,16206.7,16208.6,16209.6,1,191
2026-07-16T09:05:00+00:00,16209,16212.8,16208.8,16212.5,16208.5,16209.5,16212.3,16213.3,16208.3,16209.3,16212,16213,1,252
2026-07-16T09:10:00+00:00,16212.6,16215.7,16212.5,16214.4,16212.1,16213.1,16215.2,16216.2,16212,16213,16213.9,16214.9,1,343
2026-07-16T09:15:00+00:00,16214.3,16215,16207.9,16211.6,16213.8,16214.8,16214.5,16215.5,16207.4,16208.4,16211.1,16212.1,1,335
2026-07-16T09:20:00+00:00,16211.7,16213.3,16210.9,16211.1,16211.2,16212.2,16212.8,16213.8,16210.4,16211.4,16210.6,16211.6,1,263
2026-07-16T09:25:00+00:00,16211.2,16213.4,16210.8,16211.6,16210.7,16211.7,16212.9,16213.9,16210.3,16211.3,16211.1,16212.1,1,229
2026-07-16T09:30:00+00:00,16211.5,16212,16210.2,16211.3,16211,16212,16211.5,16212.5,16209.7,16210.7,16210.8,16211.8,1,191
2026-07-16T09:35:00+00:00,16211.4,16213,16210,16213,16210.9,16211.9,16212.5,16213.5,16209.5,16210.5,16212.5,16213.5,1,236
2026-07-16T09:40:00+00:00,16213.1,16214.9,16212.2,16214.6,16212.6,16213.6,16214.4,16215.4,16211.7,16212.7,16214.1,16215.1,1,199
2026-07-16T09:45:00+00:00,16214.5,16216,16213.4,16214.5,16214,16215,16215.5,16216.5,16212.9,16213.9,16214,16215,1,251
2026-07-16T09:50:00+00:00,16214.6,16217.3,16213.9,16216.8,16214.1,16215.1,16216.8,16217.8,16213.4,16214.4,16216.3,16217.3,1,212
2026-07-16T09:55:00+00:00,16216.9,16218.2,16214,16214.65,16216.4,16217.4,16217.7,16218.7,16213.5,16214.5,16214.3,16215,0.7,228
2026-07-16T10:00:00+00:00,16214.75,16217.3,16214.15,16216.4,16214.4,16215.1,16216.8,16217.8,16213.8,16214.5,16215.9,16216.9,1,162
2026-07-16T10:05:00+00:00,16216.5,16216.6,16214.7,16215.5,16216,16217,16216.1,16217.1,16214.2,16215.2,16215,16216,1,208
2026-07-16T10:10:00+00:00,16215.6,16216,16212,16212.6,16215.1,16216.1,16215.5,16216.5,16211.5,16212.5,16212.1,16213.1,1,205
2026-07-16T10:15:00+00:00,16212.7,16212.9,16211.5,16212.4,16212.2,16213.2,16212.4,16213.4,16211,16212,16211.9,16212.9,1,232
2026-07-16T10:20:00+00:00,16212.3,16214,16211.4,16213.1,16211.8,16212.8,16213.5,16214.5,16210.9,16211.9,16212.6,16213.6,1,215
2026-07-16T10:25:00+00:00,16213.5,16215.1,16212.9,16214.3,16213,16214,16214.6,16215.6,16212.4,16213.4,16213.8,16214.8,1,244
2026-07-16T10:30:00+00:00,16214.5,16218.9,16214.1,16218.2,16214,16215,16218.4,16219.4,16213.6,16214.6,16217.7,16218.7,1,235
2026-07-16T10:35:00+00:00,16218.3,16220.1,16217.1,16218,16217.8,16218.8,16219.6,16220.6,16216.6,16217.6,16217.5,16218.5,1,288
2026-07-16T10:40:00+00:00,16218.1,16220.1,16217.4,16217.6,16217.6,16218.6,16219.6,16220.6,16216.9,16217.9,16217.1,16218.1,1,245
2026-07-16T10:45:00+00:00,16217.9,16218.5,16214.9,16215.9,16217.4,16218.4,16218,16219,16214.4,16215.4,16215.4,16216.4,1,210
2026-07-16T10:50:00+00:00,16216.1,16218,16215.7,16215.8,16215.6,16216.6,16217.5,16218.5,16215.2,16216.2,16215.3,16216.3,1,183
2026-07-16T10:55:00+00:00,16215.4,16218.2,16215.4,16217.8,16214.9,16215.9,16217.7,16218.7,16214.9,16215.9,16217.3,16218.3,1,188
2026-07-16T11:00:00+00:00,16217.9,16218.9,16217.4,16218.2,16217.4,16218.4,16218.4,16219.4,16216.9,16217.9,16217.7,16218.7,1,133
2026-07-16T11:05:00+00:00,16218.1,16219.6,16217.7,16218.6,16217.6,16218.6,16219.1,16220.1,16217.2,16218.2,16218.1,16219.1,1,114
2026-07-16T11:10:00+00:00,16218.7,16219.8,16217.7,16219.6,16218.2,16219.2,16219.3,16220.3,16217.2,16218.2,16219.1,16220.1,1,212
2026-07-16T11:15:00+00:00,16219.5,16219.6,16217.4,16217.7,16219,16220,16219.1,16220.1,16216.9,16217.9,16217.2,16218.2,1,159
2026-07-16T11:20:00+00:00,16217.8,16218.7,16217.4,16217.7,16217.3,16218.3,16218.2,16219.2,16216.9,16217.9,16217.2,16218.2,1,148
2026-07-16T11:25:00+00:00,16217.8,16218.6,16216.4,16217.4,16217.3,16218.3,16218.1,16219.1,16215.9,16216.9,16216.9,16217.9,1,222
2026-07-16T11:30:00+00:00,16217.6,16218.7,16217.5,16218.2,16217.1,16218.1,16218.2,16219.2,16217,16218,16217.7,16218.7,1,210
2026-07-16T11:35:00+00:00,16218.1,16218.5,16216.4,16218.5,16217.6,16218.6,16218,16219,16215.9,16216.9,16218,16219,1,216
2026-07-16T11:40:00+00:00,16218.2,16218.4,16216.8,16217.5,16217.7,16218.7,16217.9,16218.9,16216.3,16217.3,16217,16218,1,159
2026-07-16T11:45:00+00:00,16217.6,16218.4,16216.7,16217.4,16217.1,16218.1,16217.9,16218.9,16216.2,16217.2,16216.9,16217.9,1,175
2026-07-16T11:50:00+00:00,16217.6,16218.6,16217.1,16217.5,16217.1,16218.1,16218.1,16219.1,16216.6,16217.6,16217,16218,1,176
2026-07-16T11:55:00+00:00,16217.4,16217.5,16213.4,16215.7,16216.9,16217.9,16217,16218,16212.9,16213.9,16215.2,16216.2,1,237
2026-07-16T12:00:00+00:00,16215.8,16216.4,16212.8,16213.2,16215.3,16216.3,16215.9,16216.9,16212.3,16213.3,16212.7,16213.7,1,161
2026-07-16T12:05:00+00:00,16213.5,16213.5,16211.7,16213.4,16213,16214,16213,16214,16211.2,16212.2,16212.9,16213.9,1,78
2026-07-16T12:10:00+00:00,16213.3,16215,16213.3,16214.6,16212.8,16213.8,16214.5,16215.5,16212.8,16213.8,16214.1,16215.1,1,98
2026-07-16T12:15:00+00:00,16214.5,16216.5,16213.8,16214.1,16214,16215,16216,16217,16213.3,16214.3,16213.6,16214.6,1,117
2026-07-16T12:20:00+00:00,16214,16216.3,16213.8,16216.1,16213.5,16214.5,16215.8,16216.8,16213.3,16214.3,16215.6,16216.6,1,110
2026-07-16T12:25:00+00:00,16215.7,16218.8,16215.6,16218.6,16215.2,16216.2,16218.3,16219.3,16215.1,16216.1,16218.1,16219.1,1,140
2026-07-16T12:30:00+00:00,16218.7,16219.6,16217.5,16217.5,16218.2,16219.2,16219.1,16220.1,16217,16218,16217,16218,1,110
2026-07-16T12:35:00+00:00,16217.6,16218.7,16217.1,16217.1,16217.1,16218.1,16218.2,16219.2,16216.6,16217.6,16216.6,16217.6,1,84
2026-07-16T12:40:00+00:00,16216.9,16218.3,16215.5,16217,16216.4,16217.4,16217.8,16218.8,16215,16216,16216.5,16217.5,1,92
2026-07-16T12:45:00+00:00,16216.9,16222.3,16215.1,16220,16216.4,16217.4,16221.8,16222.8,16214.6,16215.6,16219.5,16220.5,1,156
2026-07-16T12:50:00+00:00,16220.1,16223.6,16218.8,16219.5,16219.6,16220.6,16223.1,16224.1,16218.3,16219.3,16219,16220,1,398
2026-07-16T12:55:00+00:00,16219.4,16219.4,16215.8,16215.9,16218.9,16219.9,16218.9,16219.9,16215.3,16216.3,16215.4,16216.4,1,197
2026-07-16T13:00:00+00:00,16215.8,16218.5,16215.7,16217.2,16215.3,16216.3,16218,16219,16215.2,16216.2,16216.7,16217.7,1,286
2026-07-16T13:05:00+00:00,16217.3,16219.8,16217.2,16218.7,16216.8,16217.8,16219.3,16220.3,16216.7,16217.7,16218.2,16219.2,1,212
2026-07-16T13:10:00+00:00,16218.6,16220.2,16217.8,16219.2,16218.1,16219.1,16219.7,16220.7,16217.3,16218.3,16218.7,16219.7,1,791
2026-07-16T13:15:00+00:00,16219.3,16220.9,16218,16218.1,16218.8,16219.8,16220.4,16221.4,16217.5,16218.5,16217.6,16218.6,1,1290
2026-07-16T13:20:00+00:00,16218.2,16222,16218.1,16220.7,16217.7,16218.7,16221.5,16222.5,16217.6,16218.6,16220.2,16221.2,1,1340
2026-07-16T13:25:00+00:00,16220.8,16221.3,16216.5,16217.1,16220.3,16221.3,16220.8,16221.8,16214,16219,16214.1,16220.1,6,1176
2026-07-16T13:30:00+00:00,16217.7,16223.5,16216.3,16223.1,16214.7,16220.7,16223,16224,16214.6,16218,16222.6,16223.6,1,1395
2026-07-16T13:35:00+00:00,16223,16225.8,16221.5,16224.7,16222.5,16223.5,16225.3,16226.3,16221,16222,16224.2,16225.2,1,1383
2026-07-16T13:40:00+00:00,16224.5,16228.8,16224.2,16227.4,16224,16225,16228.3,16229.3,16223.7,16224.7,16226.9,16227.9,1,1382
2026-07-16T13:45:00+00:00,16227.5,16230,16226.6,16228,16227,16228,16229.5,16230.5,16226.1,16227.1,16227.5,16228.5,1,1243
2026-07-16T13:50:00+00:00,16227.9,16228.8,16226.5,16227.8,16227.4,16228.4,16228.3,16229.3,16226,16227,16227.3,16228.3,1,1143
2026-07-16T13:55:00+00:00,16227.9,16230.6,16227.2,16230.1,16227.4,16228.4,16230.1,16231.1,16226.7,16227.7,16229.6,16230.6,1,1242
2026-07-16T14:00:00+00:00,16230.2,16232.1,16229.5,16231.2,16229.7,16230.7,16231.6,16232.6,16229,16230,16230.7,16231.7,1,1096
2026-07-16T14:05:00+00:00,16231.3,16231.5,16226,16227.4,16230.8,16231.8,16231,16232,16225.5,16226.5,16226.9,16227.9,1,1180
2026-07-16T14:10:00+00:00,16227.5,16227.8,16223,16225,16227,16228,16227.3,16228.3,16222.5,16223.5,16224.5,16225.5,1,1117
2026-07-16T14:15:00+00:00,16224.9,16227.4,16224.1,16224.9,16224.4,16225.4,16226.9,16227.9,16223.6,16224.6,16224.4,16225.4,1,1079
2026-07-16T14:20:00+00:00,16225,16227,16223,16224.9,16224.5,16225.5,16226.5,16227.5,16222.5,16223.5,16224.4,16225.4,1,1226
2026-07-16T14:25:00+00:00,16224.8,16225.7,16223,16223.7,16224.3,16225.3,16225.2,16226.2,16222.5,16223.5,16223.2,16224.2,1,904
2026-07-16T14:30:00+00:00,16223.8,16223.9,16221.3,16223.2,16223.3,16224.3,16223.4,16224.4,16220.8,16221.8,16222.7,16223.7,1,1075
2026-07-16T14:35:00+00:00,16223.3,16225.2,16222.9,16224.5,16222.8,16223.8,16224.7,16225.7,16222.4,16223.4,16224,16225,1,360
2026-07-16T14:40:00+00:00,16224.4,16227,16223.9,16227,16223.9,16224.9,16226.5,16227.5,16223.4,16224.4,16226.5,16227.5,1,215
2026-07-16T14:45:00+00:00,16226.8,16229.4,16226.6,16228.9,16226.3,16227.3,16228.9,16229.9,16226.1,16227.1,16228.4,16229.4,1,225
2026-07-16T14:50:00+00:00,16229,16231.2,16228.3,16230.6,16228.5,16229.5,16230.7,16231.7,16227.8,16228.8,16230.1,16231.1,1,196
2026-07-16T14:55:00+00:00,16230.7,16234.4,16230.5,16232.9,16230.2,16231.2,16233.9,16234.9,16230,16231,16232.4,16233.4,1,237
2026-07-16T15:00:00+00:00,16233,16233,16230.6,16231.6,16232.5,16233.5,16232.5,16233.5,16230.1,16231.1,16231.1,16232.1,1,241
2026-07-16T15:05:00+00:00,16231.5,16236.7,16230.7,16236.4,16231,16232,16236.2,16237.2,16230.2,16231.2,16235.9,16236.9,1,229
2026-07-16T15:10:00+00:00,16236.5,16240.3,16236.1,16237.4,16236,16237,16239.8,16240.8,16235.6,16236.6,16236.9,16237.9,1,416
2026-07-16T15:15:00+00:00,16237.5,16238.2,16234.6,16234.9,16237,16238,16237.7,16238.7,16234.1,16235.1,16234.4,16235.4,1,346
2026-07-16T15:20:00+00:00,16234.8,16239.3,16233.9,16238.2,16234.3,16235.3,16238.8,16239.8,16233.4,16234.4,16237.7,16238.7,1,302
2026-07-16T15:25:00+00:00,16238.3,16240.5,16238,16240.3,16237.8,16238.8,16240,16241,16237.5,16238.5,16239.8,16240.8,1,232
2026-07-16T15:30:00+00:00,16240.1,16240.2,16236.3,16237.3,16239.6,16240.6,16239.7,16240.7,16235.8,16236.8,16236.8,16237.8,1,306
2026-07-16T15:35:00+00:00,16237.4,16240.2,16237.4,16239.2,16236.9,16237.9,16239.7,16240.7,16236.9,16237.9,16238.7,16239.7,1,296
2026-07-16T15:40:00+00:00,16239.4,16243,16238.6,16241.9,16238.9,16239.9,16242.5,16243.5,16238.1,16239.1,16241.4,16242.4,1,320
2026-07-16T15:45:00+00:00,16241.8,16243.3,16241.1,16242.9,16241.3,16242.3,16242.8,16243.8,16240.6,16241.6,16242.4,16243.4,1,247
2026-07-16T15:50:00+00:00,16243,16244.8,16241.5,16243.4,16242.5,16243.5,16244.3,16245.3,16241,16242,16242.9,16243.9,1,321
2026-07-16T15:55:00+00:00,16243.5,16245.2,16243.1,16244.1,16243,16244,16244.7,16245.7,16242.6,16243.6,16243.6,16244.6,1,326
2026-07-16T16:00:00+00:00,16244.6,16247.2,16244,16246.2,16244.1,16245.1,16246.7,16247.7,16243.5,16244.5,16245.7,16246.7,1,288
2026-07-16T16:05:00+00:00,16246.1,16247.5,16245.5,16246.1,16245.6,16246.6,16247,16248,16245,16246,16245.6,16246.6,1,169
2026-07-16T16:10:00+00:00,16246,16246.2,16243.6,16244.4,16245.5,16246.5,16245.7,16246.7,16243.1,16244.1,16243.9,16244.9,1,139
2026-07-16T16:15:00+00:00,16244.5,16244.5,16242.1,16243.3,16244,16245,16244,16245,16241.6,16242.6,16242.8,16243.8,1,171
2026-07-16T16:20:00+00:00,16243.2,16244.7,16241.6,16244.7,16242.7,16243.7,16244.2,16245.2,16241.1,16242.1,16244.2,16245.2,1,141
2026-07-16T16:25:00+00:00,16244.6,16245.3,16243.9,16245.1,16244.1,16245.1,16244.8,16245.8,16243.4,16244.4,16244.6,16245.6,1,133
2026-07-16T16:30:00+00:00,16245,16246.1,16242.1,16242.2,16244.5,16245.5,16245.6,16246.6,16241.6,16242.6,16241.7,16242.7,1,179
2026-07-16T16:35:00+00:00,16242.3,16244.2,16241.9,16242.2,16241.8,16242.8,16243.7,16244.7,16241.4,16242.4,16241.7,16242.7,1,186
2026-07-16T16:40:00+00:00,16242.4,16242.8,16242,16242.2,16241.9,16242.9,16242.3,16243.3,16241.5,16242.5,16241.7,16242.7,1,215
2026-07-16T16:45:00+00:00,16242.1,16243.5,16240.6,16240.8,16241.6,16242.6,16243,16244,16240.1,16241.1,16240.3,16241.3,1,223
2026-07-16T16:50:00+00:00,16240.7,16243,16240.7,16241.2,16240.2,16241.2,16242.5,16243.5,16240.2,16241.2,16240.7,16241.7,1,173
2026-07-16T16:55:00+00:00,16241.4,16242.4,16241.3,16242.1,16240.9,16241.9,16241.9,16242.9,16240.8,16241.8,16241.6,16242.6,1,125
2026-07-16T17:00:00+00:00,16242.2,16243.8,16241.5,16243.5,16241.7,16242.7,16243.3,16244.3,16241,16242,16243,16244,1,100
2026-07-16T17:05:00+00:00,16243.6,16245,16243,16244.15,16243.1,16244.1,16244.5,16245.5,16242.5,16243.5,16243.8,16244.5,0.7,145
2026-07-16T17:10:00+00:00,16244.05,16245.7,16243.5,16245.5,16243.7,16244.4,16245.2,16246.2,16243,16244,16245,16246,1,122
2026-07-16T17:15:00+00:00,16246.2,16248.5,16246,16248.2,16245.7,16246.7,16248,16249,16245.5,16246.5,16247.7,16248.7,1,142
2026-07-16T17:20:00+00:00,16248.3,16251.4,16247.1,16249.4,16247.8,16248.8,16250.9,16251.9,16246.6,16247.6,16248.9,16249.9,1,279
2026-07-16T17:25:00+00:00,16249.3,16254.8,16249,16252.2,16248.8,16249.8,16254.3,16255.3,16248.5,16249.5,16251.7,16252.7,1,317
2026-07-16T17:30:00+00:00,16252,16252.7,16247.5,16248.4,16251.5,16252.5,16252.2,16253.2,16247,16248,16247.9,16248.9,1,280
2026-07-16T17:35:00+00:00,16248.5,16250.3,16247.4,16250.1,16248,16249,16249.8,16250.8,16246.9,16247.9,16249.6,16250.6,1,234
2026-07-16T17:40:00+00:00,16250,16252.2,16248.3,16248.5,16249.5,16250.5,16251.7,16252.7,16247.8,16248.8,16248,16249,1,213
2026-07-16T17:45:00+00:00,16248.6,16249.6,16248,16248.4,16248.1,16249.1,16249.1,16250.1,16247.5,16248.5,16247.9,16248.9,1,164
2026-07-16T17:50:00+00:00,16248.3,16248.4,16245.5,16247.5,16247.8,16248.8,16247.9,16248.9,16245,16246,16247,16248,1,228
2026-07-16T17:55:00+00:00,16247.6,16248.8,16246.1,16247.9,16247.1,16248.1,16248.3,16249.3,16245.6,16246.6,16247.4,16248.4,1,161
2026-07-16T18:00:00+00:00,16247.7,16250.5,16247.5,16249.7,16247.2,16248.2,16250,16251,16247,16248,16249.2,16250.2,1,129
2026-07-16T18:05:00+00:00,16249.8,16250.8,16249.4,16249.6,16249.3,16250.3,16250.3,16251.3,16248.9,16249.9,16249.1,16250.1,1,140
2026-07-16T18:10:00+00:00,16249.7,16250.5,16249.2,16250.4,16249.2,16250.2,16250,16251,16248.7,16249.7,16249.9,16250.9,1,190
2026-07-16T18:15:00+00:00,16250.5,16250.5,16248.4,16249.2,16250,16251,16250,16251,16247.9,16248.9,16248.7,16249.7,1,168
2026-07-16T18:20:00+00:00,16249.1,16249.1,16248.4,16248.6,16248.6,16249.6,16248.6,16249.6,16247.9,16248.9,16248.1,16249.1,1,112
2026-07-16T18:25:00+00:00,16248.7,16249.8,16247,16247.1,16248.2,16249.2,16249.3,16250.3,16246.5,16247.5,16246.6,16247.6,1,179
2026-07-16T18:30:00+00:00,16247.3,16247.7,16245.9,16246.4,16246.8,16247.8,16247.2,16248.2,16245.4,16246.4,16245.9,16246.9,1,162
2026-07-16T18:35:00+00:00,16246.5,16249.2,16246.5,16248.8,16246,16247,16248.7,16249.7,16246,16247,16248.3,16249.3,1,186
2026-07-16T18:40:00+00:00,16248.7,16248.9,16246.9,16247.3,16248.2,16249.2,16248.4,16249.4,16246.4,16247.4,16246.8,16247.8,1,192
2026-07-16T18:45:00+00:00,16247.2,16247.8,16243.1,16243.1,16246.7,16247.7,16247.3,16248.3,16242.6,16243.6,16242.6,16243.6,1,186
2026-07-16T18:50:00+00:00,16243.2,16244.5,16241.6,16241.9,16242.7,16243.7,16244,16245,16241.1,16242.1,16241.4,16242.4,1,225
2026-07-16T18:55:00+00:00,16242,16242.2,16240.1,16241.7,16241.5,16242.5,16241.7,16242.7,16239.6,16240.6,16241.2,16242.2,1,177
2026-07-16T19:00:00+00:00,16242,16242,16240.8,16241.7,16241.5,16242.5,16241.5,16242.5,16240.3,16241.3,16241.2,16242.2,1,133
2026-07-16T19:05:00+00:00,16241.8,16243,16239.7,16240.8,16241.3,16242.3,16242.5,16243.5,16239.2,16240.2,16240.3,16241.3,1,154
2026-07-16T19:10:00+00:00,16240.9,16241.8,16237.3,16237.8,16240.4,16241.4,16241.3,16242.3,16236.8,16237.8,16237.3,16238.3,1,271
2026-07-16T19:15:00+00:00,16237.6,16239,16237.2,16238.9,16237.1,16238.1,16238.5,16239.5,16236.7,16237.7,16238.4,16239.4,1,172
2026-07-16T19:20:00+00:00,16238.8,16240.5,16237.3,16239.8,16238.3,16239.3,16240,16241,16236.8,16237.8,16239.3,16240.3,1,235
2026-07-16T19:25:00+00:00,16239.9,16241.7,16238.6,16239.2,16239.4,16240.4,16241.2,16242.2,16238.1,16239.1,16238.7,16239.7,1,207
2026-07-16T19:30:00+00:00,16239,16240.5,16238.5,16240.1,16238.5,16239.5,16240,16241,16238,16239,16239.6,16240.6,1,183
2026-07-16T19:35:00+00:00,16240.3,16241.8,16239.7,16240.5,16239.8,16240.8,16241.3,16242.3,16239.2,16240.2,16240,16241,1,212
2026-07-16T19:40:00+00:00,16240.4,16240.4,16239.1,16239.5,16239.9,16240.9,16239.9,16240.9,16238.6,16239.6,16239,16240,1,205
2026-07-16T19:45:00+00:00,16239.4,16240.4,16238.5,16240.2,16238.9,16239.9,16239.9,16240.9,16238,16239,16239.7,16240.7,1,205
2026-07-16T19:50:00+00:00,16240.3,16241.2,16239.9,16240.5,16239.8,16240.8,16240.7,16241.7,16239.4,16240.4,16240,16241,1,146
2026-07-16T19:55:00+00:00,16240.6,16240.6,16238.9,16239.5,16240.1,16241.1,16240.1,16241.1,16238.4,16239.4,16239,16240,1,98
2026-07-16T20:00:00+00:00,16239.6,16239.9,16238.1,16239.3,16239.1,16240.1,16239.4,16240.4,16237.6,16238.6,16238.8,16239.8,1,131
2026-07-16T20:05:00+00:00,16239.4,16241.1,16239.4,16240.1,16238.9,16239.9,16240.6,16241.6,16238.9,16239.9,16239.6,16240.6,1,85
2026-07-16T20:10:00+00:00,16240,16241.3,16239,16240.2,16239.5,16240.5,16240.8,16241.8,16238.5,16239.5,16239.7,16240.7,1,142
2026-07-16T20:15:00+00:00,16240.3,16242,16239.7,16240.3,16239.8,16240.8,16241.5,16242.5,16239.2,16240.2,16239.8,16240.8,1,168
2026-07-16T20:20:00+00:00,16240.2,16242.9,16240,16242.8,16239.7,16240.7,16242.4,16243.4,16239.5,16240.5,16242.3,16243.3,1,181
2026-07-16T20:25:00+00:00,16242.9,16243.6,16242.1,16242.6,16242.4,16243.4,16243.1,16244.1,16241.6,16242.6,16242.1,16243.1,1,203
2026-07-16T20:30:00+00:00,16242.5,16242.9,16240,16242.1,16242,16243,16242.4,16243.4,16239.5,16240.5,16241.6,16242.6,1,246
2026-07-16T20:35:00+00:00,16242.2,16242.3,16240.7,16240.9,16241.7,16242.7,16241.8,16242.8,16240.2,16241.2,16240.4,16241.4,1,185
2026-07-16T20:40:00+00:00,16240.8,16242.3,16240.5,16241.8,16240.3,16241.3,16241.8,16242.8,16240,16241,16241.3,16242.3,1,151
2026-07-16T20:45:00+00:00,16241.7,16241.9,16239,16239.5,16241.2,16242.2,16241.4,16242.4,16238.5,16239.5,16239,16240,1,148
2026-07-16T20:50:00+00:00,16239.4,16240.1,16239.2,16239.6,16238.9,16239.9,16239.6,16240.6,16238.7,16239.7,16239.1,16240.1,1,137
2026-07-16T20:55:00+00:00,16239.5,16240.8,16239.1,16240.8,16239,16240,16240.3,16241.3,16238.6,16239.6,16240.3,16241.3,1,141
2026-07-16T21:00:00+00:00,16240.9,16241,16238.1,16238.2,16240.4,16241.4,16240.5,16241.5,16237.6,16238.6,16237.7,16238.7,1,91
2026-07-16T21:05:00+00:00,16238.1,16239.1,16237.6,16237.9,16237.6,16238.6,16238.6,16239.6,16237.1,16238.1,16237.4,16238.4,1,130
2026-07-16T21:10:00+00:00,16238,16239.5,16237.9,16239.5,16237.5,16238.5,16239,16240,16237.4,16238.4,16239,16240,1,143
2026-07-16T21:15:00+00:00,16239.4,16240,16237.9,16238.9,16238.9,16239.9,16239.5,16240.5,16237.4,16238.4,16238.4,16239.4,1,114
2026-07-16T21:20:00+00:00,16239.1,16240,16238.1,16239.7,16238.6,16239.6,16239.5,16240.5,16237.6,16238.6,16239.2,16240.2,1,127
2026-07-16T21:25:00+00:00,16239.5,16240.2,16237.4,16238.3,16239,16240,16239.7,16240.7,16236.9,16237.9,16237.8,16238.8,1,165
2026-07-16T21:30:00+00:00,16238.2,16239,16235.2,16237.1,16237.7,16238.7,16238.5,16239.5,16234.7,16235.7,16236.6,16237.6,1,174
2026-07-16T21:35:00+00:00,16236.9,16237.3,16236.2,16237,16236.4,16237.4,16236.8,16237.8,16235.7,16236.7,16236.5,16237.5,1,114
2026-07-16T21:40:00+00:00,16237.1,16237.4,16236.2,16237.2,16236.6,16237.6,16236.9,16237.9,16235.7,16236.7,16236.7,16237.7,1,96
2026-07-16T21:45:00+00:00,16236.9,16238.65,16236.45,16238,16236.4,16237.4,16237.8,16239.5,16235.7,16237.2,16237.1,16238.9,1.8,221
2026-07-16T21:50:00+00:00,16237.55,16237.85,16236.2,16237.25,16236.6,16238.5,16236.9,16238.8,16235.3,16237.1,16236.1,16238.4,2.3,155
2026-07-16T21:55:00+00:00,16237.25,16240.05,16236.55,16239.95,16235.6,16238.9,16237.2,16242.9,16234.6,16238.5,16237.2,16242.7,5.5,190
2026-07-16T22:00:00+00:00,16240.1,16241,16239.8,16240.7,16237.4,16242.8,16237.5,16244.5,16236.8,16242.8,16237.2,16244.2,7,7
2026-07-16T22:05:00+00:00,16241,16242,16239.7,16241.9,16237.5,16244.5,16238.5,16245.5,16236.2,16243.2,16238.4,16245.4,7,40
2026-07-16T22:10:00+00:00,16241.8,16241.9,16237.9,16238.9,16238.3,16245.3,16238.4,16245.4,16234.4,16241.4,16235.4,16242.4,7,62
2026-07-16T22:15:00+00:00,16238.7,16238.9,16237.9,16237.9,16235.2,16242.2,16235.4,16242.4,16234.4,16241.4,16234.4,16241.4,7,27
2026-07-16T22:30:00+00:00,16238.3,16239,16237.9,16238.9,16234.8,16241.8,16235.5,16242.5,16234.4,16241.4,16235.4,16242.4,7,26
2026-07-16T22:35:00+00:00,16238.8,16239,16237.9,16237.9,16235.3,16242.3,16235.5,16242.5,16234.4,16241.4,16234.4,16241.4,7,27
2026-07-16T22:40:00+00:00,16238.5,16241,16237.9,16238,16235,16242,16238,16244,16234.4,16241.4,16234.5,16241.5,7,52
2026-07-16T22:45:00+00:00,16237.9,16239,16237.9,16239,16234.4,16241.4,16235.5,16242.5,16234.4,16241.4,16235.5,16242.5,7,48
2026-07-16T22:50:00+00:00,16238.8,16239,16237.9,16238.3,16235.3,16242.3,16235.5,16242.5,16234.4,16241.4,16234.8,16241.8,7,36
2026-07-16T22:55:00+00:00,16239,16239,16238.3,16239,16235.5,16242.5,16235.5,16242.5,16234.8,16241.8,16235.5,16242.5,7,6
2026-07-16T23:00:00+00:00,16238.9,16238.9,16230.85,16231.25,16235.4,16242.4,16235.4,16242.4,16228.8,16232.9,16229.5,16233,3.5,80
2026-07-16T23:05:00+00:00,16231.35,16234.95,16231,16233.65,16230.1,16232.6,16233.5,16236.4,16229.4,16232.6,16232.5,16234.8,2.3,45
2026-07-16T23:10:00+00:00,16232.5,16234.25,16231.8,16233.75,16230.9,16234.1,16233.2,16235.3,16230.5,16233.1,16232.7,16234.8,2.1,84
2026-07-16T23:15:00+00:00,16233.55,16234.45,16233.1,16234.2,16232.5,16234.6,16233.5,16235.4,16232.1,16234.1,16233.3,16235.1,1.8,171
2026-07-16T23:20:00+00:00,16234,16236.3,16233.25,16235.25,16233.1,16234.9,16235.4,16237.2,16232.4,16234.1,16234.4,16236.1,1.7,164
2026-07-16T23:25:00+00:00,16235.4,16236.35,16234.85,16236,16234.5,16236.3,16235.5,16237.2,16234.1,16235.6,16235.1,16236.9,1.8,188
2026-07-16T23:30:00+00:00,16235.8,16236.3,16234.65,16235.35,16234.9,16236.7,16235.4,16237.2,16233.8,16235.5,16234.5,16236.2,1.7,133
2026-07-16T23:35:00+00:00,16235.2,16236.3,16235.15,16235.3,16234.4,16236,16235.5,16237.1,16234.3,16236,16234.5,16236.1,1.6,89
2026-07-16T23:40:00+00:00,16235.5,16237.55,16235.1,16237.4,16234.7,16236.3,16236.9,16238.2,16234.4,16235.8,16236.9,16237.9,1,189
2026-07-16T23:45:00+00:00,16237.45,16237.85,16236.35,16237.6,16236.7,16238.2,16237.1,16238.6,16235.7,16237,16237.1,16238.1,1,176
2026-07-16T23:50:00+00:00,16237.5,16237.6,16236.7,16237,16237,16238,16237.1,16238.1,16236.2,16237.2,16236.5,16237.5,1,105
2026-07-16T23:55:00+00:00,16237.1,16237.7,16235.95,16236.2,16236.6,16237.6,16237.2,16238.2,16235.4,16236.5,16235.4,16237,1.6,107
2026-07-17T00:00:00+00:00,16235.85,16236.2,16234.3,16235.4,16235.3,16236.4,16235.4,16237,16233.8,16234.8,16234.9,16235.9,1,81
2026-07-17T00:05:00+00:00,16235.6,16236.8,16235.5,16236.2,16235.1,16236.1,16236.3,16237.3,16235,16236,16235.7,16236.7,1,53
2026-07-17T00:10:00+00:00,16236.1,16236.7,16235.1,16235.2,16235.6,16236.6,16236.2,16237.2,16234.6,16235.6,16234.7,16235.7,1,89
2026-07-17T00:15:00+00:00,16235.1,16235.3,16234.7,16235.2,16234.6,16235.6,16234.8,16235.8,16234.2,16235.2,16234.7,16235.7,1,20
2026-07-17T00:20:00+00:00,16235.1,16235.4,16235,16235.1,16234.6,16235.6,16234.9,16235.9,16234.5,16235.5,16234.6,16235.6,1,27
2026-07-17T00:25:00+00:00,16235,16235,16232.8,16233.7,16234.5,16235.5,16234.5,16235.5,16232.3,16233.3,16233.2,16234.2,1,62
2026-07-17T00:30:00+00:00,16233.8,16233.9,16232.8,16232.9,16233.3,16234.3,16233.4,16234.4,16232.3,16233.3,16232.4,16233.4,1,128
2026-07-17T00:35:00+00:00,16233,16233.1,16231.7,16232.4,16232.5,16233.5,16232.6,16233.6,16231.2,16232.2,16231.9,16232.9,1,109
2026-07-17T00:40:00+00:00,16232.6,16234.3,16232.3,16234,16232.1,16233.1,16233.8,16234.8,16231.8,16232.8,16233.5,16234.5,1,162
2026-07-17T00:45:00+00:00,16234.1,16234.9,16232.6,16233.7,16233.6,16234.6,16234.4,16235.4,16232.1,16233.1,16233.2,16234.2,1,196
2026-07-17T00:50:00+00:00,16233.6,16236.4,16233.6,16236.4,16233.1,16234.1,16235.9,16236.9,16233.1,16234.1,16235.9,16236.9,1,207
2026-07-17T00:55:00+00:00,16236.5,16239.9,16235.5,16238.7,16236,16237,16239.4,16240.4,16235,16236,16238.2,16239.2,1,152
2026-07-17T01:00:00+00:00,16237.5,16240,16237,16239.6,16237,16238,16239.5,16240.5,16236.5,16237.5,16239.1,16240.1,1,173
2026-07-17T01:05:00+00:00,16239.5,16241.9,16238.4,16241.7,16239,16240,16241.4,16242.4,16237.9,16238.9,16241.2,16242.2,1,156
2026-07-17T01:10:00+00:00,16241.6,16242.1,16239,16239,16241.1,16242.1,16241.6,16242.6,16238.5,16239.5,16238.5,16239.5,1,255
2026-07-17T01:15:00+00:00,16238.9,16242.2,16237.6,16241.8,16238.4,16239.4,16241.7,16242.7,16237.1,16238.1,16241.3,16242.3,1,226
2026-07-17T01:20:00+00:00,16241.9,16243.4,16241.3,16242.3,16241.4,16242.4,16242.9,16243.9,16240.8,16241.8,16241.8,16242.8,1,203
2026-07-17T01:25:00+00:00,16242.4,16242.4,16239,16241,16241.9,16242.9,16241.9,16242.9,16238.5,16239.5,16240.5,16241.5,1,249
2026-07-17T01:30:00+00:00,16240.9,16242.4,16239.8,16240.9,16240.4,16241.4,16241.9,16242.9,16239.3,16240.3,16240.4,16241.4,1,277
2026-07-17T01:35:00+00:00,16241,16241.3,16236.1,16239.7,16240.5,16241.5,16240.8,16241.8,16235.6,16236.6,16239.2,16240.2,1,272
2026-07-17T01:40:00+00:00,16240,16241.2,16238.4,16239.3,16239.5,16240.5,16240.7,16241.7,16237.9,16238.9,16238.8,16239.8,1,234
2026-07-17T01:45:00+00:00,16239.2,16241.5,16237.7,16238.3,16238.7,16239.7,16241,16242,16237.2,16238.2,16237.8,16238.8,1,262
2026-07-17T01:50:00+00:00,16238.4,16246,16236.6,16242.4,16237.9,16238.9,16245.5,16246.5,16236.1,16237.1,16241.9,16242.9,1,474
2026-07-17T01:55:00+00:00,16242.2,16243.1,16239.95,16241.7,16241.7,16242.7,16242.6,16243.6,16239.4,16240.5,16241.2,16242.2,1,256
2026-07-17T02:00:00+00:00,16242.7,16243.8,16241,16243.4,16242.2,16243.2,16243.3,16244.3,16240.5,16241.5,16242.9,16243.9,1,194
2026-07-17T02:05:00+00:00,16243.5,16244.7,16241.7,16244.3,16243,16244,16244.2,16245.2,16241.2,16242.2,16243.8,16244.8,1,149
2026-07-17T02:10:00+00:00,16244.4,16246.8,16244.1,16244.1,16243.9,16244.9,16246.3,16247.3,16243.6,16244.6,16243.6,16244.6,1,253
2026-07-17T02:15:00+00:00,16244.2,16244.8,16242.6,16243.1,16243.7,16244.7,16244.3,16245.3,16242.1,16243.1,16242.6,16243.6,1,203
2026-07-17T02:20:00+00:00,16243,16244.6,16242.7,16243.3,16242.5,16243.5,16244.1,16245.1,16242.2,16243.2,16242.8,16243.8,1,219
2026-07-17T02:25:00+00:00,16243.5,16244.9,16242,16244.9,16243,16244,16244.4,16245.4,16241.5,16242.5,16244.4,16245.4,1,277
2026-07-17T02:30:00+00:00,16244.8,16244.8,16242.6,16244.5,16244.3,16245.3,16244.3,16245.3,16242.1,16243.1,16244,16245,1,236
2026-07-17T02:35:00+00:00,16244.8,16246.4,16244.3,16246.3,16244.3,16245.3,16245.9,16246.9,16243.8,16244.8,16245.8,16246.8,1,219
2026-07-17T02:40:00+00:00,16246.4,16247.1,16244.1,16245,16245.9,16246.9,16246.6,16247.6,16243.6,16244.6,16244.5,16245.5,1,212
2026-07-17T02:45:00+00:00,16244.9,16246.3,16244.3,16245.8,16244.4,16245.4,16245.8,16246.8,16243.8,16244.8,16245.3,16246.3,1,222
2026-07-17T02:50:00+00:00,16245.7,16247.5,16244.8,16247.5,16245.2,16246.2,16247,16248,16244.3,16245.3,16247,16248,1,238
2026-07-17T02:55:00+00:00,16247.4,16247.8,16246.7,16247.1,16246.9,16247.9,16247.3,16248.3,16246.2,16247.2,16246.6,16247.6,1,166
2026-07-17T03:00:00+00:00,16247.2,16247.3,16244.2,16245.2,16246.7,16247.7,16246.8,16247.8,16243.7,16244.7,16244.7,16245.7,1,173
2026-07-17T03:05:00+00:00,16245.3,16245.8,16242,16242.2,16244.8,16245.8,16245.3,16246.3,16241.5,16242.5,16241.7,16242.7,1,155
2026-07-17T03:10:00+00:00,16242.1,16245,16241.8,16243.9,16241.6,16242.6,16244.5,16245.5,16241.3,16242.3,16243.4,16244.4,1,208
2026-07-17T03:15:00+00:00,16244,16244.5,16243.1,16243.6,16243.5,16244.5,16244,16245,16242.6,16243.6,16243.1,16244.1,1,195
2026-07-17T03:20:00+00:00,16243.5,16243.5,16241.4,16241.9,16243,16244,16243,16244,16240.9,16241.9,16241.4,16242.4,1,158
2026-07-17T03:25:00+00:00,16242,16243.8,16241.5,16243.7,16241.5,16242.5,16243.3,16244.3,16241,16242,16243.2,16244.2,1,222
2026-07-17T03:30:00+00:00,16243.6,16244.4,16242.7,16243.4,16243.1,16244.1,16243.9,16244.9,16242.2,16243.2,16242.9,16243.9,1,184
2026-07-17T03:35:00+00:00,16243.3,16243.6,16241.8,16243,16242.8,16243.8,16243.1,16244.1,16241.3,16242.3,16242.5,16243.5,1,173
2026-07-17T03:40:00+00:00,16243.1,16243.1,16240.7,16241.6,16242.6,16243.6,16242.6,16243.6,16240.2,16241.2,16241.1,16242.1,1,194
2026-07-17T03:45:00+00:00,16241.5,16242.3,16237.4,16238.4,16241,16242,16241.8,16242.8,16236.9,16237.9,16237.9,16238.9,1,222
2026-07-17T03:50:00+00:00,16238.6,16239.2,16237.1,16238.2,16238.1,16239.1,16238.7,16239.7,16236.6,16237.6,16237.7,16238.7,1,177
2026-07-17T03:55:00+00:00,16238.1,16238.1,16234.5,16237.6,16237.6,16238.6,16237.6,16238.6,16234,16235,16237.1,16238.1,1,215
2026-07-17T04:00:00+00:00,16236.7,16238.7,16236.2,16237.6,16236.2,16237.2,16238.2,16239.2,16235.7,16236.7,16237.1,16238.1,1,128
2026-07-17T04:05:00+00:00,16237.5,16237.9,16235.9,16236.7,16237,16238,16237.4,16238.4,16235.4,16236.4,16236.2,16237.2,1,159
2026-07-17T04:10:00+00:00,16237.1,16237.4,16236.6,16237.2,16236.6,16237.6,16236.9,16237.9,16236.1,16237.1,16236.7,16237.7,1,92
2026-07-17T04:15:00+00:00,16237.1,16237.9,16235.9,16237.5,16236.6,16237.6,16237.4,16238.4,16235.4,16236.4,16237,16238,1,164
2026-07-17T04:20:00+00:00,16237.4,16238.3,16237.2,16238,16236.9,16237.9,16237.8,16238.8,16236.7,16237.7,16237.5,16238.5,1,102
2026-07-17T04:25:00+00:00,16238.1,16239.5,16238,16238.8,16237.6,16238.6,16239,16240,16237.5,16238.5,16238.3,16239.3,1,136
2026-07-17T04:30:00+00:00,16238.7,16239.8,16238.3,16238.8,16238.2,16239.2,16239.3,16240.3,16237.8,16238.8,16238.3,16239.3,1,93
2026-07-17T04:35:00+00:00,16239.2,16239.6,16238.4,16239.2,16238.7,16239.7,16239.1,16240.1,16237.9,16238.9,16238.7,16239.7,1,101
2026-07-17T04:40:00+00:00,16239.1,16240,16238.1,16239.3,16238.6,16239.6,16239.5,16240.5,16237.6,16238.6,16238.8,16239.8,1,82
2026-07-17T04:45:00+00:00,16239.4,16241.2,16239.1,16240.6,16238.9,16239.9,16240.7,16241.7,16238.6,16239.6,16240.1,16241.1,1,89
2026-07-17T04:50:00+00:00,16240.4,16240.7,16239.1,16240.1,16239.9,16240.9,16240.2,16241.2,16238.6,16239.6,16239.6,16240.6,1,102
2026-07-17T04:55:00+00:00,16240.2,16240.4,16238.3,16239.5,16239.7,16240.7,16239.9,16240.9,16237.8,16238.8,16239,16240,1,112
2026-07-17T05:00:00+00:00,16239.6,16239.8,16237.2,16238.4,16239.1,16240.1,16239.3,16240.3,16236.7,16237.7,16237.9,16238.9,1,95
2026-07-17T05:05:00+00:00,16239.2,16241,16239.2,16241,16238.7,16239.7,16240.5,16241.5,16238.7,16239.7,16240.5,16241.5,1,77
2026-07-17T05:10:00+00:00,16241.1,16241.9,16240.6,16241.1,16240.6,16241.6,16241.4,16242.4,16240.1,16241.1,16240.6,16241.6,1,49
2026-07-17T05:15:00+00:00,16241.2,16242.9,16240.9,16242.4,16240.7,16241.7,16242.4,16243.4,16240.4,16241.4,16241.9,16242.9,1,61
2026-07-17T05:20:00+00:00,16242.5,16242.7,16241.5,16242.2,16242,16243,16242.2,16243.2,16241,16242,16241.7,16242.7,1,90
2026-07-17T05:25:00+00:00,16242.3,16242.6,16242,16242.4,16241.8,16242.8,16242.1,16243.1,16241.5,16242.5,16241.9,16242.9,1,70
2026-07-17T05:30:00+00:00,16242.5,16243,16241.9,16243,16242,16243,16242.5,16243.5,16241.4,16242.4,16242.5,16243.5,1,47
2026-07-17T05:35:00+00:00,16242.9,16243.6,16241.9,16242.4,16242.4,16243.4,16243.1,16244.1,16241.4,16242.4,16241.9,16242.9,1,72
2026-07-17T05:40:00+00:00,16242.5,16242.7,16241.4,16241.5,16242,16243,16242.2,16243.2,16240.9,16241.9,16241,16242,1,72
2026-07-17T05:45:00+00:00,16241.4,16242,16240.4,16241.4,16240.9,16241.9,16241.5,16242.5,16239.9,16240.9,16240.9,16241.9,1,59
2026-07-17T05:50:00+00:00,16241.5,16242.1,16240.6,16241.7,16241,16242,16241.6,16242.6,16240.1,16241.1,16241.2,16242.2,1,60
2026-07-17T05:55:00+00:00,16241.8,16242.2,16241.4,16242.1,16241.3,16242.3,16241.7,16242.7,16240.9,16241.9,16241.6,16242.6,1,45
2026-07-17T06:00:00+00:00,16242,16242.2,16241.5,16241.6,16241.5,16242.5,16241.7,16242.7,16241,16242,16241.1,16242.1,1,84
2026-07-17T06:05:00+00:00,16241.5,16242.2,16241,16241.5,16241,16242,16241.7,16242.7,16240.5,16241.5,16241,16242,1,59
2026-07-17T06:10:00+00:00,16241.6,16244.6,16241.5,16244,16241.1,16242.1,16244.1,16245.1,16241,16242,16243.5,16244.5,1,91
2026-07-17T06:15:00+00:00,16243.9,16244.6,16242.6,16243,16243.4,16244.4,16244.1,16245.1,16242.1,16243.1,16242.5,16243.5,1,561
2026-07-17T06:20:00+00:00,16243.1,16244.6,16242.7,16244,16242.6,16243.6,16244.1,16245.1,16242.2,16243.2,16243.5,16244.5,1,1186
2026-07-17T06:25:00+00:00,16243.9,16244.5,16241.4,16242.3,16243.4,16244.4,16244,16245,16240.9,16241.9,16241.8,16242.8,1,1363
2026-07-17T06:30:00+00:00,16242.2,16242.3,16240.3,16242.3,16241.7,16242.7,16241.8,16242.8,16239.8,16240.8,16241.8,16242.8,1,1330
2026-07-17T06:35:00+00:00,16242.2,16242.4,16238,16238.1,16241.7,16242.7,16241.9,16242.9,16237.5,16238.5,16237.6,16238.6,1,1232
2026-07-17T06:40:00+00:00,16238.2,16239.4,16236.4,16238.4,16237.7,16238.7,16238.9,16239.9,16235.9,16236.9,16237.9,16238.9,1,1271
2026-07-17T06:45:00+00:00,16238.3,16239.6,16237.5,16237.7,16237.8,16238.8,16239.1,16240.1,16237,16238,16237.2,16238.2,1,139
2026-07-17T06:50:00+00:00,16237.8,16239.4,16237.7,16239.3,16237.3,16238.3,16238.9,16239.9,16237.2,16238.2,16238.8,16239.8,1,129
2026-07-17T06:55:00+00:00,16239.2,16240.9,16239.2,16239.7,16238.7,16239.7,16240.4,16241.4,16238.7,16239.7,16239.2,16240.2,1,169
2026-07-17T07:00:00+00:00,16240.2,16240.5,16238.4,16238.7,16239.7,16240.7,16240,16241,16237.9,16238.9,16238.2,16239.2,1,188
2026-07-17T07:05:00+00:00,16238.6,16241.7,16237.8,16241.1,16238.1,16239.1,16241.2,16242.2,16237.3,16238.3,16240.6,16241.6,1,163
2026-07-17T07:10:00+00:00,16241.2,16241.5,16239.1,16239.5,16240.7,16241.7,16241,16242,16238.6,16239.6,16239,16240,1,125
2026-07-17T07:15:00+00:00,16239.6,16239.7,16234.9,16235.6,16239.1,16240.1,16239.2,16240.2,16234.4,16235.4,16235.1,16236.1,1,223
2026-07-17T07:20:00+00:00,16235.5,16236.5,16233.2,16233.4,16235,16236,16236,16237,16232.7,16233.7,16232.9,16233.9,1,257
2026-07-17T07:25:00+00:00,16233.6,16236.1,16233.2,16234.4,16233.1,16234.1,16235.6,16236.6,16232.7,16233.7,16233.9,16234.9,1,221
2026-07-17T07:30:00+00:00,16234.5,16237,16232.9,16237,16234,16235,16236.5,16237.5,16232.4,16233.4,16236.5,16237.5,1,205
2026-07-17T07:35:00+00:00,16236.8,16238.9,16236.3,16237.9,16236.3,16237.3,16238.4,16239.4,16235.8,16236.8,16237.4,16238.4,1,178
2026-07-17T07:40:00+00:00,16237.7,16239.2,16237.6,16237.8,16237.2,16238.2,16238.7,16239.7,16237.1,16238.1,16237.3,16238.3,1,123
2026-07-17T07:45:00+00:00,16237.9,16238.7,16235.5,16237.5,16237.4,16238.4,16238.2,16239.2,16235,16236,16237,16238,1,159
2026-07-17T07:50:00+00:00,16237.4,16237.8,16234.8,16235,16236.9,16237.9,16237.3,16238.3,16234.3,16235.3,16234.5,16235.5,1,118
2026-07-17T07:55:00+00:00,16234.9,16235.5,16212.75,16227,16234.4,16235.4,16235,16236,16211.9,16213.6,16226.5,16227.5,1,654
2026-07-17T08:00:00+00:00,16226.9,16226.9,16218,16220.6,16226.4,16227.4,16226.4,16227.4,16217.5,16218.5,16220.1,16221.1,1,436
2026-07-17T08:05:00+00:00,16220.7,16222.3,16217.3,16221.2,16220.2,16221.2,16221.8,16222.8,16216.8,16217.8,16220.7,16221.7,1,322
2026-07-17T08:10:00+00:00,16221.1,16223.1,16215.9,16217.6,16220.6,16221.6,16222.6,16223.6,16215.4,16216.4,16217.1,16218.1,1,375
2026-07-17T08:15:00+00:00,16217.5,16220.1,16216,16218.8,16217,16218,16219.6,16220.6,16215.5,16216.5,16218.3,16219.3,1,360
2026-07-17T08:20:00+00:00,16219,16222,16218.5,16221.5,16218.5,16219.5,16221.5,16222.5,16218,16219,16221,16222,1,319
2026-07-17T08:25:00+00:00,16221.6,16224.2,16221.6,16222.2,16221.1,16222.1,16223.7,16224.7,16221.1,16222.1,16221.7,16222.7,1,305
2026-07-17T08:30:00+00:00,16222.1,16224.9,16220.2,16223,16221.6,16222.6,16224.4,16225.4,16219.7,16220.7,16222.5,16223.5,1,312
2026-07-17T08:35:00+00:00,16222.9,16225.3,16222.2,16222.8,16222.4,16223.4,16224.8,16225.8,16221.7,16222.7,16222.3,16223.3,1,243
2026-07-17T08:40:00+00:00,16223.1,16226.4,16222.4,16224.1,16222.6,16223.6,16225.9,16226.9,16221.9,16222.9,16223.6,16224.6,1,233
2026-07-17T08:45:00+00:00,16224.2,16224.9,16222.8,16224,16223.7,16224.7,16224.4,16225.4,16222.3,16223.3,16223.5,16224.5,1,201
2026-07-17T08:50:00+00:00,16224.1,16225.9,16221.7,16225.8,16223.6,16224.6,16225.4,16226.4,16221.2,16222.2,16225.3,16226.3,1,262
2026-07-17T08:55:00+00:00,16225.9,16229.7,16224.6,16229.2,16225.4,16226.4,16229.2,16230.2,16224.1,16225.1,16228.7,16229.7,1,283
2026-07-17T09:00:00+00:00,16229.4,16229.4,16226.7,16227.9,16228.9,16229.9,16228.9,16229.9,16226.2,16227.2,16227.4,16228.4,1,189
2026-07-17T09:05:00+00:00,16228.3,16231.8,16225.9,16231.5,16227.8,16228.8,16231.3,16232.3,16225.4,16226.4,16231,16232,1,256
2026-07-17T09:10:00+00:00,16231.6,16238.7,16231.4,16237,16231.1,16232.1,16238.2,16239.2,16230.9,16231.9,16236.5,16237.5,1,362
2026-07-17T09:15:00+00:00,16237.1,16238,16235.5,16235.9,16236.6,16237.6,16237.5,16238.5,16235,16236,16235.4,16236.4,1,278
2026-07-17T09:20:00+00:00,16235.8,16238.8,16233.7,16238.8,16235.3,16236.3,16238.3,16239.3,16233.2,16234.2,16238.3,16239.3,1,310
2026-07-17T09:25:00+00:00,16240.4,16242.8,16239.6,16241.9,16239.9,16240.9,16242.3,16243.3,16239.1,16240.1,16241.4,16242.4,1,429
2026-07-17T09:30:00+00:00,16241.8,16242.4,16236.2,16238,16241.3,16242.3,16241.9,16242.9,16235.7,16236.7,16237.5,16238.5,1,327
2026-07-17T09:35:00+00:00,16238.1,16238.3,16234.9,16236.3,16237.6,16238.6,16237.8,16238.8,16234.4,16235.4,16235.8,16236.8,1,277
2026-07-17T09:40:00+00:00,16236.4,16238.2,16236.1,16236.4,16235.9,16236.9,16237.7,16238.7,16235.6,16236.6,16235.9,16236.9,1,236
2026-07-17T09:45:00+00:00,16236.5,16239.7,16236.3,16239.5,16236,16237,16239.2,16240.2,16235.8,16236.8,16239,16240,1,196
2026-07-17T09:50:00+00:00,16239.6,16240.5,16238.8,16239.5,16239.1,16240.1,16240,16241,16238.3,16239.3,16239,16240,1,253
2026-07-17T09:55:00+00:00,16239.6,16239.7,16237,16239.5,16239.1,16240.1,16239.2,16240.2,16236.5,16237.5,16239,16240,1,138
2026-07-17T10:00:00+00:00,16239.4,16243,16239.2,16241.7,16238.9,16239.9,16242.5,16243.5,16238.7,16239.7,16241.2,16242.2,1,161
2026-07-17T10:05:00+00:00,16241.8,16242.1,16240.7,16241.5,16241.3,16242.3,16241.6,16242.6,16240.2,16241.2,16241,16242,1,186
2026-07-17T10:10:00+00:00,16241.6,16245.5,16240.7,16243.5,16241.1,16242.1,16245,16246,16240.2,16241.2,16243,16244,1,300
2026-07-17T10:15:00+00:00,16243.8,16245.6,16242.9,16244.2,16243.3,16244.3,16245.1,16246.1,16242.4,16243.4,16243.7,16244.7,1,272
2026-07-17T10:20:00+00:00,16244.3,16245,16242.6,16243.3,16243.8,16244.8,16244.5,16245.5,16242.1,16243.1,16242.8,16243.8,1,235
2026-07-17T10:25:00+00:00,16243.1,16243.4,16241.6,16243.1,16242.6,16243.6,16242.9,16243.9,16241.1,16242.1,16242.6,16243.6,1,221
2026-07-17T10:30:00+00:00,16243.2,16245.7,16243.1,16244.4,16242.7,16243.7,16245.2,16246.2,16242.6,16243.6,16243.9,16244.9,1,199
2026-07-17T10:35:00+00:00,16244.3,16244.7,16243.1,16244.3,16243.8,16244.8,16244.2,16245.2,16242.6,16243.6,16243.8,16244.8,1,187
2026-07-17T10:40:00+00:00,16244.4,16244.5,16242.7,16243,16243.9,16244.9,16244,16245,16242.2,16243.2,16242.5,16243.5,1,198
2026-07-17T10:45:00+00:00,16242.9,16243,16241.3,16242.1,16242.4,16243.4,16242.5,16243.5,16240.8,16241.8,16241.6,16242.6,1,184
2026-07-17T10:50:00+00:00,16242,16242.4,16239.5,16239.9,16241.5,16242.5,16241.9,16242.9,16239,16240,16239.4,16240.4,1,209
2026-07-17T10:55:00+00:00,16240,16240.3,16236.4,16236.6,16239.5,16240.5,16239.8,16240.8,16235.9,16236.9,16236.1,16237.1,1,160
2026-07-17T11:00:00+00:00,16236.9,16238.2,16236.3,16237.4,16236.4,16237.4,16237.7,16238.7,16235.8,16236.8,16236.9,16237.9,1,180
2026-07-17T11:05:00+00:00,16237.5,16238.7,16236.3,16238.5,16237,16238,16238.2,16239.2,16235.8,16236.8,16238,16239,1,152
2026-07-17T11:10:00+00:00,16238.6,16239.6,16236.5,16236.8,16238.1,16239.1,16239.1,16240.1,16236,16237,16236.3,16237.3,1,209
2026-07-17T11:15:00+00:00,16236.6,16239.2,16236.5,16239.1,16236.1,16237.1,16238.7,16239.7,16236,16237,16238.6,16239.6,1,207
2026-07-17T11:20:00+00:00,16239.2,16241.1,16238.1,16240.8,16238.7,16239.7,16240.6,16241.6,16237.6,16238.6,16240.3,16241.3,1,229
2026-07-17T11:25:00+00:00,16240.9,16242.4,16240.4,16241.6,16240.4,16241.4,16241.9,16242.9,16239.9,16240.9,16241.1,16242.1,1,204
2026-07-17T11:30:00+00:00,16241.5,16241.8,16239.5,16240.2,16241,16242,16241.3,16242.3,16239,16240,16239.7,16240.7,1,213
2026-07-17T11:35:00+00:00,16240.1,16240.8,16239,16239.6,16239.6,16240.6,16240.3,16241.3,16238.5,16239.5,16239.1,16240.1,1,124
2026-07-17T11:40:00+00:00,16239.7,16240.5,16239.3,16239.9,16239.2,16240.2,16240,16241,16238.8,16239.8,16239.4,16240.4,1,139
2026-07-17T11:45:00+00:00,16240,16240.4,16238.7,16238.9,16239.5,16240.5,16239.9,16240.9,16238.2,16239.2,16238.4,16239.4,1,145
2026-07-17T11:50:00+00:00,16239.1,16241.3,16239,16239.3,16238.6,16239.6,16240.8,16241.8,16238.5,16239.5,16238.8,16239.8,1,179
2026-07-17T11:55:00+00:00,16238.9,16239.4,16236.3,16236.5,16238.4,16239.4,16238.9,16239.9,16235.8,16236.8,16236,16237,1,317
2026-07-17T12:00:00+00:00,16236.4,16236.4,16230.2,16234.8,16235.9,16236.9,16235.9,16236.9,16229.7,16230.7,16234.3,16235.3,1,233
2026-07-17T12:05:00+00:00,16235,16237.1,16234.6,16234.9,16234.5,16235.5,16236.6,16237.6,16234.1,16235.1,16234.4,16235.4,1,141
2026-07-17T12:10:00+00:00,16234.8,16236.1,16233.8,16235.1,16234.3,16235.3,16235.6,16236.6,16233.3,16234.3,16234.6,16235.6,1,82
2026-07-17T12:15:00+00:00,16235.2,16236.6,16235,16235.5,16234.7,16235.7,16236.1,16237.1,16234.5,16235.5,16235,16236,1,135
2026-07-17T12:20:00+00:00,16235.6,16236.6,16234.1,16234.4,16235.1,16236.1,16236.1,16237.1,16233.6,16234.6,16233.9,16234.9,1,127
2026-07-17T12:25:00+00:00,16234.5,16235.4,16232.1,16233,16234,16235,16234.9,16235.9,16231.6,16232.6,16232.5,16233.5,1,142
2026-07-17T12:30:00+00:00,16233.1,16235.1,16231.9,16234.7,16232.6,16233.6,16234.6,16235.6,16231.4,16232.4,16234.2,16235.2,1,148
2026-07-17T12:35:00+00:00,16234.9,16235,16231.2,16232.3,16234.4,16235.4,16234.5,16235.5,16230.7,16231.7,16231.8,16232.8,1,113
2026-07-17T12:40:00+00:00,16232,16232.9,16230.4,16231.1,16231.5,16232.5,16232.4,16233.4,16229.9,16230.9,16230.6,16231.6,1,166
2026-07-17T12:45:00+00:00,16231,16233.7,16230,16233.1,16230.5,16231.5,16233.2,16234.2,16229.5,16230.5,16232.6,16233.6,1,121
2026-07-17T12:50:00+00:00,16233,16234.4,16232.8,16234.4,16232.5,16233.5,16233.9,16234.9,16232.3,16233.3,16233.9,16234.9,1,86
2026-07-17T12:55:00+00:00,16234.9,16237.3,16233.4,16236.7,16234.4,16235.4,16236.8,16237.8,16232.9,16233.9,16236.2,16237.2,1,183
2026-07-17T13:00:00+00:00,16236.8,16236.8,16233.5,16236.1,16236.3,16237.3,16236.3,16237.3,16233,16234,16235.6,16236.6,1,269
2026-07-17T13:05:00+00:00,16236.2,16237,16234.8,16234.9,16235.7,16236.7,16236.5,16237.5,16234.3,16235.3,16234.4,16235.4,1,173
2026-07-17T13:10:00+00:00,16235.9,16237.5,16235.6,16236.8,16235.4,16236.4,16237,16238,16235.1,16236.1,16236.3,16237.3,1,154
2026-07-17T13:15:00+00:00,16236.6,16237.4,16235.8,16236.4,16236.1,16237.1,16236.9,16237.9,16235.3,16236.3,16235.9,16236.9,1,157
2026-07-17T13:20:00+00:00,16236.3,16237,16233.4,16234.4,16235.8,16236.8,16236.5,16237.5,16232.9,16233.9,16233.9,16234.9,1,166
2026-07-17T13:25:00+00:00,16234,16235.1,16230.1,16232.95,16233.5,16234.5,16234.6,16235.6,16229.6,16230.6,16231.9,16234,2.1,114
2026-07-17T13:30:00+00:00,16232.2,16238,16231.6,16237.5,16231.1,16233.3,16237.5,16238.5,16230.7,16232.5,16237,16238,1,155
2026-07-17T13:35:00+00:00,16237.4,16238,16236.4,16238,16236.9,16237.9,16237.5,16238.5,16235.9,16236.9,16237.5,16238.5,1,143
2026-07-17T13:40:00+00:00,16238.1,16239.6,16238.1,16239.3,16237.6,16238.6,16239.1,16240.1,16237.6,16238.6,16238.8,16239.8,1,172
2026-07-17T13:45:00+00:00,16239.5,16240.9,16239,16240.6,16239,16240,16240.4,16241.4,16238.5,16239.5,16240.1,16241.1,1,180
2026-07-17T13:50:00+00:00,16240.7,16242.5,16240.4,16241.7,16240.2,16241.2,16242,16243,16239.9,16240.9,16241.2,16242.2,1,170
2026-07-17T13:55:00+00:00,16241.6,16241.9,16239.1,16241.1,16241.1,16242.1,16241.4,16242.4,16238.6,16239.6,16240.6,16241.6,1,158
2026-07-17T14:00:00+00:00,16241.3,16243.8,16240.1,16240.4,16240.8,16241.8,16243.3,16244.3,16239.6,16240.6,16239.9,16240.9,1,265
2026-07-17T14:05:00+00:00,16240.5,16242.1,16240.1,16241.6,16240,16241,16241.6,16242.6,16239.6,16240.6,16241.1,16242.1,1,209
2026-07-17T14:10:00+00:00,16241.5,16242.1,16240,16241.9,16241,16242,16241.6,16242.6,16239.5,16240.5,16241.4,16242.4,1,123
2026-07-17T14:15:00+00:00,16241.8,16243.8,16240.2,16242.2,16241.3,16242.3,16243.3,16244.3,16239.7,16240.7,16241.7,16242.7,1,176
2026-07-17T14:20:00+00:00,16242.1,16244.4,16241.3,16243.6,16241.6,16242.6,16243.9,16244.9,16240.8,16241.8,16243.1,16244.1,1,191
2026-07-17T14:25:00+00:00,16243.7,16243.9,16241.1,16241.5,16243.2,16244.2,16243.4,16244.4,16240.6,16241.6,16241,16242,1,182
2026-07-17T14:30:00+00:00,16241.6,16244.3,16238,16239.3,16241.1,16242.1,16243.8,16244.8,16237.5,16238.5,16238.8,16239.8,1,264
2026-07-17T14:35:00+00:00,16239.4,16239.4,16232.1,16234.1,16238.9,16239.9,16238.9,16239.9,16231.6,16232.6,16233.6,16234.6,1,326
2026-07-17T14:40:00+00:00,16234.2,16237.3,16234.1,16236,16233.7,16234.7,16236.8,16237.8,16233.6,16234.6,16235.5,16236.5,1,282
2026-07-17T14:45:00+00:00,16236.2,16239.7,16235.3,16238.5,16235.7,16236.7,16239.2,16240.2,16234.8,16235.8,16238,16239,1,269
2026-07-17T14:50:00+00:00,16238.6,16240.5,16237.8,16239.3,16238.1,16239.1,16240,16241,16237.3,16238.3,16238.8,16239.8,1,258
2026-07-17T14:55:00+00:00,16239.1,16239.6,16234.4,16236.15,16238.6,16239.6,16239.1,16240.1,16233.9,16234.9,16235,16237.3,2.3,252
2026-07-17T15:00:00+00:00,16236,16238.6,16234.2,16237.3,16234.6,16237.4,16238.1,16239.1,16233.7,16234.7,16236.8,16237.8,1,267
2026-07-17T15:05:00+00:00,16237.4,16237.5,16234.2,16234.3,16236.9,16237.9,16237,16238,16233.7,16234.7,16233.8,16234.8,1,282
2026-07-17T15:10:00+00:00,16234.1,16235.8,16232.6,16235.4,16233.6,16234.6,16235.3,16236.3,16232.1,16233.1,16234.9,16235.9,1,329
2026-07-17T15:15:00+00:00,16235.5,16237.5,16233.5,16236,16235,16236,16237,16238,16233,16234,16235.5,16236.5,1,309
2026-07-17T15:20:00+00:00,16235.9,16238.7,16234.7,16238.2,16235.4,16236.4,16238.2,16239.2,16234.2,16235.2,16237.7,16238.7,1,232
2026-07-17T15:25:00+00:00,16238.3,16240.9,16238,16240.1,16237.8,16238.8,16240.4,16241.4,16237.5,16238.5,16239.6,16240.6,1,298
2026-07-17T15:30:00+00:00,16239.7,16240.7,16237.8,16238.8,16239.2,16240.2,16240.2,16241.2,16237.3,16238.3,16238.3,16239.3,1,256
2026-07-17T15:35:00+00:00,16238.7,16239.6,16237.1,16237.1,16238.2,16239.2,16239.1,16240.1,16236.6,16237.6,16236.6,16237.6,1,181
2026-07-17T15:40:00+00:00,16237.2,16239,16236.7,16238.3,16236.7,16237.7,16238.5,16239.5,16236.2,16237.2,16237.8,16238.8,1,241
2026-07-17T15:45:00+00:00,16238.2,16238.4,16236.1,16238.2,16237.7,16238.7,16237.9,16238.9,16235.6,16236.6,16237.7,16238.7,1,277
2026-07-17T15:50:00+00:00,16238.1,16240.3,16238,16240.2,16237.6,16238.6,16239.8,16240.8,16237.5,16238.5,16239.7,16240.7,1,247
2026-07-17T15:55:00+00:00,16240.4,16241.7,16238.9,16241.3,16239.9,16240.9,16241.2,16242.2,16238.4,16239.4,16240.8,16241.8,1,317
2026-07-17T16:00:00+00:00,16241.4,16242.9,16239.2,16239.4,16240.9,16241.9,16242.4,16243.4,16238.7,16239.7,16238.9,16239.9,1,198
2026-07-17T16:05:00+00:00,16239.3,16239.5,16237.3,16238,16238.8,16239.8,16239,16240,16236.8,16237.8,16237.5,16238.5,1,154
2026-07-17T16:10:00+00:00,16237.9,16238.9,16234.9,16238.4,16237.4,16238.4,16238.4,16239.4,16234.4,16235.4,16237.9,16238.9,1,206
2026-07-17T16:15:00+00:00,16238.5,16238.5,16236.3,16236.5,16238,16239,16238,16239,16235.8,16236.8,16236,16237,1,188
2026-07-17T16:20:00+00:00,16236.4,16236.6,16234.5,16236.1,16235.9,16236.9,16236.1,16237.1,16234,16235,16235.6,16236.6,1,223
2026-07-17T16:25:00+00:00,16236.2,16237.3,16234.6,16236.2,16235.7,16236.7,16236.8,16237.8,16234.1,16235.1,16235.7,16236.7,1,208
2026-07-17T16:30:00+00:00,16236.3,16239.5,16235.5,16238.3,16235.8,16236.8,16239,16240,16235,16236,16237.8,16238.8,1,284
2026-07-17T16:35:00+00:00,16238.5,16241,16238.4,16240.8,16238,16239,16240.5,16241.5,16237.9,16238.9,16240.3,16241.3,1,276
2026-07-17T16:40:00+00:00,16240.7,16242.5,16239.8,16241.4,16240.2,16241.2,16242,16243,16239.3,16240.3,16240.9,16241.9,1,213
2026-07-17T16:45:00+00:00,16241.3,16243.4,16240.2,16242.2,16240.8,16241.8,16242.9,16243.9,16239.7,16240.7,16241.7,16242.7,1,207
2026-07-17T16:50:00+00:00,16242.3,16243.3,16241.4,16243.3,16241.8,16242.8,16242.8,16243.8,16240.9,16241.9,16242.8,16243.8,1,168
2026-07-17T16:55:00+00:00,16243.2,16244.3,16242.3,16243,16242.7,16243.7,16243.8,16244.8,16241.8,16242.8,16242.5,16243.5,1,161
2026-07-17T17:00:00+00:00,16243.4,16250.2,16243.2,16248.6,16242.9,16243.9,16249.7,16250.7,16242.7,16243.7,16248.1,16249.1,1,284
2026-07-17T17:05:00+00:00,16248.5,16249.3,16245.8,16246.3,16248,16249,16248.8,16249.8,16245.3,16246.3,16245.8,16246.8,1,222
2026-07-17T17:10:00+00:00,16246.2,16247.4,16245.7,16247.3,16245.7,16246.7,16246.9,16247.9,16245.2,16246.2,16246.8,16247.8,1,253
2026-07-17T17:15:00+00:00,16247.4,16249.8,16247,16249.3,16246.9,16247.9,16249.3,16250.3,16246.5,16247.5,16248.8,16249.8,1,238
2026-07-17T17:20:00+00:00,16249.2,16250,16248.2,16248.4,16248.7,16249.7,16249.5,16250.5,16247.7,16248.7,16247.9,16248.9,1,218
2026-07-17T17:25:00+00:00,16248.5,16249,16246.8,16247.4,16248,16249,16248.5,16249.5,16246.3,16247.3,16246.9,16247.9,1,232
2026-07-17T17:30:00+00:00,16247.5,16249.9,16246.6,16249.3,16247,16248,16249.4,16250.4,16246.1,16247.1,16248.8,16249.8,1,203
2026-07-17T17:35:00+00:00,16249.5,16250.4,16248.2,16249,16249,16250,16249.9,16250.9,16247.7,16248.7,16248.5,16249.5,1,186
2026-07-17T17:40:00+00:00,16248.9,16249.9,16248,16249.9,16248.4,16249.4,16249.4,16250.4,16247.5,16248.5,16249.4,16250.4,1,183
2026-07-17T17:45:00+00:00,16249.4,16252.4,16249.4,16250.2,16248.9,16249.9,16251.9,16252.9,16248.9,16249.9,16249.7,16250.7,1,228
2026-07-17T17:50:00+00:00,16250.4,16250.6,16247.9,16248,16249.9,16250.9,16250.1,16251.1,16247.4,16248.4,16247.5,16248.5,1,145
2026-07-17T17:55:00+00:00,16247.9,16248.8,16243.5,16243.5,16247.4,16248.4,16248.3,16249.3,16243,16244,16243,16244,1,130
2026-07-17T18:00:00+00:00,16243.3,16245.3,16240.8,16241.9,16242.8,16243.8,16244.8,16245.8,16240.3,16241.3,16241.4,16242.4,1,176
2026-07-17T18:05:00+00:00,16241.8,16244,16241.6,16243.2,16241.3,16242.3,16243.5,16244.5,16241.1,16242.1,16242.7,16243.7,1,184
2026-07-17T18:10:00+00:00,16243.3,16246.4,16242.8,16246.1,16242.8,16243.8,16245.9,16246.9,16242.3,16243.3,16245.6,16246.6,1,231
2026-07-17T18:15:00+00:00,16246.3,16247.6,16246,16247.4,16245.8,16246.8,16247.1,16248.1,16245.5,16246.5,16246.9,16247.9,1,196
2026-07-17T18:20:00+00:00,16247.3,16247.7,16245.7,16246,16246.8,16247.8,16247.2,16248.2,16245.2,16246.2,16245.5,16246.5,1,217
2026-07-17T18:25:00+00:00,16245.9,16246.6,16244.7,16245.8,16245.4,16246.4,16246.1,16247.1,16244.2,16245.2,16245.3,16246.3,1,234
2026-07-17T18:30:00+00:00,16245.9,16246.8,16245.2,16245.4,16245.4,16246.4,16246.3,16247.3,16244.7,16245.7,16244.9,16245.9,1,177
2026-07-17T18:35:00+00:00,16245.5,16246.9,16245,16246.5,16245,16246,16246.4,16247.4,16244.5,16245.5,16246,16247,1,141
2026-07-17T18:40:00+00:00,16246.4,16247.2,16246.1,16246.2,16245.9,16246.9,16246.7,16247.7,16245.6,16246.6,16245.7,16246.7,1,180
2026-07-17T18:45:00+00:00,16246.1,16247.5,16245.2,16247.2,16245.6,16246.6,16247,16248,16244.7,16245.7,16246.7,16247.7,1,151
2026-07-17T18:50:00+00:00,16247.1,16247.9,16246.7,16246.7,16246.6,16247.6,16247.4,16248.4,16246.2,16247.2,16246.2,16247.2,1,148
2026-07-17T18:55:00+00:00,16246.9,16247,16245,16245.2,16246.4,16247.4,16246.5,16247.5,16244.5,16245.5,16244.7,16245.7,1,123
2026-07-17T19:00:00+00:00,16245.3,16246.5,16245.1,16245.9,16244.8,16245.8,16246,16247,16244.6,16245.6,16245.4,16246.4,1,42
2026-07-17T19:05:00+00:00,16246.1,16246.1,16242.9,16243.4,16245.6,16246.6,16245.6,16246.6,16242.4,16243.4,16242.9,16243.9,1,104
2026-07-17T19:10:00+00:00,16243.3,16244.9,16241.7,16244,16242.8,16243.8,16244.4,16245.4,16241.2,16242.2,16243.5,16244.5,1,223
2026-07-17T19:15:00+00:00,16244.1,16246.4,16243.3,16244.9,16243.6,16244.6,16245.9,16246.9,16242.8,16243.8,16244.4,16245.4,1,208
2026-07-17T19:20:00+00:00,16244.8,16246,16243.1,16245.1,16244.3,16245.3,16245.5,16246.5,16242.6,16243.6,16244.6,16245.6,1,182
2026-07-17T19:25:00+00:00,16245.2,16245.5,16242.9,16243.6,16244.7,16245.7,16245,16246,16242.4,16243.4,16243.1,16244.1,1,197
2026-07-17T19:30:00+00:00,16243.5,16245.4,16243.1,16243.9,16243,16244,16244.9,16245.9,16242.6,16243.6,16243.4,16244.4,1,186
2026-07-17T19:35:00+00:00,16244,16244.7,16243.2,16243.9,16243.5,16244.5,16244.2,16245.2,16242.7,16243.7,16243.4,16244.4,1,191
2026-07-17T19:40:00+00:00,16244,16244.9,16243.6,16244.8,16243.5,16244.5,16244.4,16245.4,16243.1,16244.1,16244.3,16245.3,1,150
2026-07-17T19:45:00+00:00,16244.9,16245.2,16243.3,16244.2,16244.4,16245.4,16244.7,16245.7,16242.8,16243.8,16243.7,16244.7,1,139
2026-07-17T19:50:00+00:00,16244.3,16244.7,16242.9,16243,16243.8,16244.8,16244.2,16245.2,16242.4,16243.4,16242.5,16243.5,1,150
2026-07-17T19:55:00+00:00,16242.9,16245.1,16242.8,16245.1,16242.4,16243.4,16244.6,16245.6,16242.3,16243.3,16244.6,16245.6,1,107
2026-07-17T20:00:00+00:00,16245.3,16245.3,16242.1,16244.7,16244.8,16245.8,16244.8,16245.8,16241.6,16242.6,16244.2,16245.2,1,101
2026-07-17T20:05:00+00:00,16244,16245,16243.7,16244.4,16243.5,16244.5,16244.5,16245.5,16243.2,16244.2,16243.9,16244.9,1,90
2026-07-17T20:10:00+00:00,16244.3,16245.4,16244.1,16245,16243.8,16244.8,16244.9,16245.9,16243.6,16244.6,16244.5,16245.5,1,152
2026-07-17T20:15:00+00:00,16244.9,16246.8,16244.6,16246.2,16244.4,16245.4,16246.3,16247.3,16244.1,16245.1,16245.7,16246.7,1,148
2026-07-17T20:20:00+00:00,16246.3,16246.7,16245.5,16246.7,16245.8,16246.8,16246.2,16247.2,16245,16246,16246.2,16247.2,1,147
2026-07-17T20:25:00+00:00,16246.8,16247.6,16245.9,16246.4,16246.3,16247.3,16247.1,16248.1,16245.4,16246.4,16245.9,16246.9,1,216
2026-07-17T20:30:00+00:00,16246.2,16246.5,16244.4,16245.5,16245.7,16246.7,16246,16247,16243.9,16244.9,16245,16246,1,162
2026-07-17T20:35:00+00:00,16245.9,16247.6,16245.6,16247.5,16245.4,16246.4,16247.1,16248.1,16245.1,16246.1,16247,16248,1,129
2026-07-17T20:40:00+00:00,16247.4,16247.8,16245.2,16246,16246.9,16247.9,16247.3,16248.3,16244.7,16245.7,16245.5,16246.5,1,136
2026-07-17T20:45:00+00:00,16245.9,16247.4,16245.4,16246.3,16245.4,16246.4,16246.9,16247.9,16244.9,16245.9,16245.8,16246.8,1,186
2026-07-17T20:50:00+00:00,16246.1,16246.8,16243.5,16245.1,16245.6,16246.6,16246.3,16247.3,16243,16244,16244.6,16245.6,1,199
2026-07-17T20:55:00+00:00,16245.3,16246.1,16238.7,16239.3,16244.8,16245.8,16245.6,16246.6,16238.3,16239.1,16238.8,16239.8,1,298
2026-07-17T21:00:00+00:00,16239.2,16239.4,16236,16238.2,16238.7,16239.7,16238.9,16239.9,16235.5,16236.5,16237.7,16238.7,1,169
2026-07-17T21:05:00+00:00,16238,16241.2,16237.2,16240.5,16237.5,16238.5,16240.7,16241.7,16236.7,16237.7,16240,16241,1,128
2026-07-17T21:10:00+00:00,16240.8,16241.1,16238.9,16240.7,16240.3,16241.3,16240.6,16241.6,16238.4,16239.4,16240.2,16241.2,1,196
2026-07-17T21:15:00+00:00,16240.6,16242.4,16240.3,16242.3,16240.1,16241.1,16241.9,16242.9,16239.8,16240.8,16241.8,16242.8,1,132
2026-07-17T21:20:00+00:00,16242.5,16243.8,16241.6,16243.7,16242,16243,16243.3,16244.3,16241.1,16242.1,16243.2,16244.2,1,120
2026-07-17T21:25:00+00:00,16243.6,16244.7,16242.7,16243.1,16243.1,16244.1,16244.2,16245.2,16242.2,16243.2,16242.6,16243.6,1,148
2026-07-17T21:30:00+00:00,16242.3,16243.6,16241.9,16242.6,16241.8,16242.8,16243.1,16244.1,16241.4,16242.4,16242.1,16243.1,1,199
2026-07-17T21:35:00+00:00,16242.7,16243.9,16242.3,16242.7,16242.2,16243.2,16243.4,16244.4,16241.8,16242.8,16242.2,16243.2,1,132
2026-07-17T21:40:00+00:00,16242.6,16243.35,16240.85,16242.4,16242.1,16243.1,16242.6,16244.1,16239.6,16242.1,16241.9,16242.9,1,208
2026-07-17T21:45:00+00:00,16242.9,16243.3,16239.3,16240.8,16242.4,16243.4,16242.8,16243.8,16238.8,16239.8,16240.3,16241.3,1,255
2026-07-17T21:50:00+00:00,16241.1,16242.4,16237.45,16240.5,16240.6,16241.6,16240.9,16243.9,16235.3,16239.6,16237.5,16243.5,6,347
2026-07-17T21:55:00+00:00,16240.6,16242.7,16239.8,16240.6,16237.6,16243.6,16239.2,16246.2,16236.3,16243.3,16237.1,16244.1,7,115
2026-07-20T00:15:00+00:00,16246.85,16252.45,16246.45,16251.9,16250.6,16243.1,16251.9,16253,16249.8,16243.1,16251.4,16252.4,1,116
2026-07-20T00:20:00+00:00,16252,16253.2,16251.6,16252.6,16251.5,16252.5,16252.6,16253.8,16251,16252.2,16252.1,16253.1,1,117
2026-07-20T00:25:00+00:00,16252.7,16253.2,16251.8,16252.9,16252.2,16253.2,16252.7,16253.7,16251.3,16252.3,16252.4,16253.4,1,96
2026-07-20T00:30:00+00:00,16253,16253.5,16252.9,16253.1,16252.5,16253.5,16253,16254,16252.4,16253.4,16252.6,16253.6,1,65
2026-07-20T00:35:00+00:00,16253.2,16255.3,16252.9,16254.6,16252.7,16253.7,16254.8,16255.8,16252.4,16253.4,16254.1,16255.1,1,179
2026-07-20T00:40:00+00:00,16254.8,16254.8,16252.5,16252.7,16254.3,16255.3,16254.3,16255.3,16252,16253,16252.2,16253.2,1,81
2026-07-20T00:45:00+00:00,16252.6,16253.8,16250.8,16252.4,16252.1,16253.1,16253.3,16254.3,16250.3,16251.3,16251.9,16252.9,1,144
2026-07-20T00:50:00+00:00,16252.3,16255.1,16251.5,16254.3,16251.8,16252.8,16254.6,16255.6,16251,16252,16253.8,16254.8,1,214
2026-07-20T00:55:00+00:00,16254.2,16254.9,16252.5,16252.6,16253.7,16254.7,16254.4,16255.4,16252,16253,16252.1,16253.1,1,160
2026-07-20T01:00:00+00:00,16252.3,16254,16251.3,16251.5,16251.8,16252.8,16253.5,16254.5,16250.8,16251.8,16251,16252,1,162
2026-07-20T01:05:00+00:00,16251.6,16252.8,16250.6,16250.6,16251.1,16252.1,16252.3,16253.3,16250.1,16251.1,16250.1,16251.1,1,106
2026-07-20T01:10:00+00:00,16250.5,16251.7,16249.3,16249.7,16250,16251,16251.2,16252.2,16248.8,16249.8,16249.2,16250.2,1,228
2026-07-20T01:15:00+00:00,16249.5,16250,16248,16248.1,16249,16250,16249.5,16250.5,16247.5,16248.5,16247.6,16248.6,1,241
2026-07-20T01:20:00+00:00,16248.2,16249,16245.6,16246.6,16247.7,16248.7,16248.5,16249.5,16245.1,16246.1,16246.1,16247.1,1,248
2026-07-20T01:25:00+00:00,16246.7,16247.9,16245.8,16246.2,16246.2,16247.2,16247.4,16248.4,16245.3,16246.3,16245.7,16246.7,1,217
2026-07-20T01:30:00+00:00,16246.3,16246.7,16243.8,16245.2,16245.8,16246.8,16246.2,16247.2,16243.3,16244.3,16244.7,16245.7,1,251
2026-07-20T01:35:00+00:00,16245.3,16246.8,16245.1,16245.2,16244.8,16245.8,16246.3,16247.3,16244.6,16245.6,16244.7,16245.7,1,205
2026-07-20T01:40:00+00:00,16245.1,16245.1,16241.3,16242.9,16244.6,16245.6,16244.6,16245.6,16240.8,16241.8,16242.4,16243.4,1,154
2026-07-20T01:45:00+00:00,16242.8,16242.9,16240.3,16241.7,16242.3,16243.3,16242.4,16243.4,16239.8,16240.8,16241.2,16242.2,1,164
2026-07-20T01:50:00+00:00,16241.8,16241.8,16233,16235.15,16241.3,16242.3,16241.3,16242.3,16232.5,16233.5,16234.3,16236,1.7,318
2026-07-20T01:55:00+00:00,16235.05,16236.65,16232.7,16234.5,16234.2,16235.9,16236,16237.3,16232.2,16233.2,16234,16235,1,295
2026-07-20T02:00:00+00:00,16234.3,16234.3,16231.1,16233.3,16233.8,16234.8,16233.8,16234.8,16230.6,16231.6,16232.8,16233.8,1,210
2026-07-20T02:05:00+00:00,16233.4,16235.8,16232.5,16232.8,16232.9,16233.9,16235.3,16236.3,16232,16233,16232.3,16233.3,1,172
2026-07-20T02:10:00+00:00,16232.9,16235.3,16232.4,16234.3,16232.4,16233.4,16234.8,16235.8,16231.9,16232.9,16233.8,16234.8,1,279
2026-07-20T02:15:00+00:00,16234.5,16238,16234.1,16237.9,16234,16235,16237.5,16238.5,16233.6,16234.6,16237.4,16238.4,1,266
2026-07-20T02:20:00+00:00,16237.8,16241.7,16237.6,16237.8,16237.3,16238.3,16241.2,16242.2,16237.1,16238.1,16237.3,16238.3,1,255
2026-07-20T02:25:00+00:00,16237.9,16240.1,16237.7,16238.7,16237.4,16238.4,16239.6,16240.6,16237.2,16238.2,16238.2,16239.2,1,250
2026-07-20T02:30:00+00:00,16238.6,16238.7,16234.9,16235.8,16238.1,16239.1,16238.2,16239.2,16234.4,16235.4,16235.3,16236.3,1,246
2026-07-20T02:35:00+00:00,16235.7,16238.2,16235.5,16237.8,16235.2,16236.2,16237.7,16238.7,16235,16236,16237.3,16238.3,1,145
2026-07-20T02:40:00+00:00,16237.9,16239.2,16235,16235.6,16237.4,16238.4,16238.7,16239.7,16234.5,16235.5,16235.1,16236.1,1,221
2026-07-20T02:45:00+00:00,16235.5,16239,16235.1,16238.5,16235,16236,16238.5,16239.5,16234.6,16235.6,16238,16239,1,223
2026-07-20T02:50:00+00:00,16238.4,16239,16236.2,16237.9,16237.9,16238.9,16238.5,16239.5,16235.7,16236.7,16237.4,16238.4,1,186
2026-07-20T02:55:00+00:00,16237.8,16238.1,16235.9,16236.5,16237.3,16238.3,16237.6,16238.6,16235.4,16236.4,16236,16237,1,112
2026-07-20T03:00:00+00:00,16236.6,16237.6,16234.5,16236.6,16236.1,16237.1,16237.1,16238.1,16234,16235,16236.1,16237.1,1,131
2026-07-20T03:05:00+00:00,16236.7,16236.7,16234,16234.5,16236.2,16237.2,16236.2,16237.2,16233.5,16234.5,16234,16235,1,153
2026-07-20T03:10:00+00:00,16234.4,16236.2,16233,16234.6,16233.9,16234.9,16235.7,16236.7,16232.5,16233.5,16234.1,16235.1,1,235
2026-07-20T03:15:00+00:00,16234.5,16235.6,16234.1,16234.7,16234,16235,16235.1,16236.1,16233.6,16234.6,16234.2,16235.2,1,161
2026-07-20T03:20:00+00:00,16234.6,16235.9,16234.2,16234.8,16234.1,16235.1,16235.4,16236.4,16233.7,16234.7,16234.3,16235.3,1,170
2026-07-20T03:25:00+00:00,16234.9,16235.2,16233.6,16234,16234.4,16235.4,16234.7,16235.7,16233.1,16234.1,16233.5,16234.5,1,201
2026-07-20T03:30:00+00:00,16233.9,16235.4,16233.3,16235,16233.4,16234.4,16234.9,16235.9,16232.8,16233.8,16234.5,16235.5,1,182
2026-07-20T03:35:00+00:00,16235.1,16236.4,16234.4,16235.4,16234.6,16235.6,16235.9,16236.9,16233.9,16234.9,16234.9,16235.9,1,163
2026-07-20T03:40:00+00:00,16235.5,16236.6,16234.2,16236.1,16235,16236,16236.1,16237.1,16233.7,16234.7,16235.6,16236.6,1,154
2026-07-20T03:45:00+00:00,16235.9,16236.5,16234.9,16236,16235.4,16236.4,16236,16237,16234.4,16235.4,16235.5,16236.5,1,134
2026-07-20T03:50:00+00:00,16235.9,16236.3,16234.5,16236.1,16235.4,16236.4,16235.8,16236.8,16234,16235,16235.6,16236.6,1,154
2026-07-20T03:55:00+00:00,16236.2,16237.8,16236,16237.4,16235.7,16236.7,16237.3,16238.3,16235.5,16236.5,16236.9,16237.9,1,107
2026-07-20T04:00:00+00:00,16237.5,16238,16237,16237.1,16237,16238,16237.5,16238.5,16236.5,16237.5,16236.6,16237.6,1,92
2026-07-20T04:05:00+00:00,16237,16237.3,16236,16236.3,16236.5,16237.5,16236.8,16237.8,16235.5,16236.5,16235.8,16236.8,1,80
2026-07-20T04:10:00+00:00,16236.2,16237.2,16235.9,16236.9,16235.7,16236.7,16236.7,16237.7,16235.4,16236.4,16236.4,16237.4,1,58
2026-07-20T04:15:00+00:00,16237,16238.6,16236.4,16237.7,16236.5,16237.5,16238.1,16239.1,16235.9,16236.9,16237.2,16238.2,1,62
2026-07-20T04:20:00+00:00,16237.6,16238.3,16237,16237.7,16237.1,16238.1,16237.8,16238.8,16236.5,16237.5,16237.2,16238.2,1,73
2026-07-20T04:25:00+00:00,16237.6,16238.4,16237.3,16237.5,16237.1,16238.1,16237.9,16238.9,16236.8,16237.8,16237,16238,1,45
2026-07-20T04:30:00+00:00,16237.6,16237.6,16237.2,16237.5,16237.1,16238.1,16237.1,16238.1,16236.7,16237.7,16237,16238,1,56
2026-07-20T04:35:00+00:00,16237.6,16237.7,16237.3,16237.4,16237.1,16238.1,16237.2,16238.2,16236.8,16237.8,16236.9,16237.9,1,21
2026-07-20T04:40:00+00:00,16237.3,16237.4,16235.6,16236.1,16236.8,16237.8,16236.9,16237.9,16235.1,16236.1,16235.6,16236.6,1,87
2026-07-20T04:45:00+00:00,16235.9,16237,16235.5,16237,16235.4,16236.4,16236.5,16237.5,16235,16236,16236.5,16237.5,1,86
2026-07-20T04:50:00+00:00,16236.7,16237.2,16236.4,16237.2,16236.2,16237.2,16236.7,16237.7,16235.9,16236.9,16236.7,16237.7,1,23
2026-07-20T04:55:00+00:00,16237.1,16237.7,16237.1,16237.5,16236.6,16237.6,16237.2,16238.2,16236.6,16237.6,16237,16238,1,51
2026-07-20T05:00:00+00:00,16237.3,16239,16237.1,16238.7,16236.8,16237.8,16238.5,16239.5,16236.6,16237.6,16238.2,16239.2,1,53
2026-07-20T05:05:00+00:00,16238.8,16239.1,16237.5,16238.9,16238.3,16239.3,16238.6,16239.6,16237,16238,16238.4,16239.4,1,51
2026-07-20T05:10:00+00:00,16239,16239,16237.9,16238.1,16238.5,16239.5,16238.5,16239.5,16237.4,16238.4,16237.6,16238.6,1,30
2026-07-20T05:15:00+00:00,16238,16238.5,16237.1,16238.5,16237.5,16238.5,16238,16239,16236.6,16237.6,16238,16239,1,39
2026-07-20T05:20:00+00:00,16238.4,16238.6,16236,16237,16237.9,16238.9,16238.1,16239.1,16235.5,16236.5,16236.5,16237.5,1,66
2026-07-20T05:25:00+00:00,16236.9,16237.7,16235.4,16237.3,16236.4,16237.4,16237.2,16238.2,16234.9,16235.9,16236.8,16237.8,1,65
2026-07-20T05:30:00+00:00,16237.4,16237.4,16236.8,16236.8,16236.9,16237.9,16236.9,16237.9,16236.3,16237.3,16236.3,16237.3,1,43
2026-07-20T05:35:00+00:00,16236.9,16237.3,16234.8,16236,16236.4,16237.4,16236.8,16237.8,16234.3,16235.3,16235.5,16236.5,1,91
2026-07-20T05:40:00+00:00,16236.1,16236.1,16234.9,16235.1,16235.6,16236.6,16235.6,16236.6,16234.4,16235.4,16234.6,16235.6,1,41
2026-07-20T05:45:00+00:00,16235.2,16236.1,16232.9,16234,16234.7,16235.7,16235.6,16236.6,16232.4,16233.4,16233.5,16234.5,1,102
2026-07-20T05:50:00+00:00,16233.9,16235,16233.7,16234.2,16233.4,16234.4,16234.5,16235.5,16233.2,16234.2,16233.7,16234.7,1,72
2026-07-20T05:55:00+00:00,16234.3,16234.7,16234.1,16234.5,16233.8,16234.8,16234.2,16235.2,16233.6,16234.6,16234,16235,1,60
2026-07-20T06:00:00+00:00,16234.6,16234.8,16233.1,16233.4,16234.1,16235.1,16234.3,16235.3,16232.6,16233.6,16232.9,16233.9,1,74
2026-07-20T06:05:00+00:00,16233.7,16233.8,16232.5,16233.8,16233.2,16234.2,16233.3,16234.3,16232,16233,16233.3,16234.3,1,81
2026-07-20T06:10:00+00:00,16233.7,16235.1,16233.6,16235.1,16233.2,16234.2,16234.6,16235.6,16233.1,16234.1,16234.6,16235.6,1,92
2026-07-20T06:15:00+00:00,16235,16235.3,16233.9,16234,16234.5,16235.5,16234.8,16235.8,16233.4,16234.4,16233.5,16234.5,1,589
2026-07-20T06:20:00+00:00,16233.9,16235.2,16233.8,16234.4,16233.4,16234.4,16234.7,16235.7,16233.3,16234.3,16233.9,16234.9,1,1110
2026-07-20T06:25:00+00:00,16234.5,16236.8,16234.3,16236.4,16234,16235,16236.3,16237.3,16233.8,16234.8,16235.9,16236.9,1,1324
2026-07-20T06:30:00+00:00,16236.3,16236.4,16234.4,16234.9,16235.8,16236.8,16235.9,16236.9,16233.9,16234.9,16234.4,16235.4,1,1135
2026-07-20T06:35:00+00:00,16234.8,16236,16234.2,16235.3,16234.3,16235.3,16235.5,16236.5,16233.7,16234.7,16234.8,16235.8,1,1307
2026-07-20T06:40:00+00:00,16235.4,16235.4,16233.2,16235.2,16234.9,16235.9,16234.9,16235.9,16232.7,16233.7,16234.7,16235.7,1,1181
2026-07-20T06:45:00+00:00,16235.1,16236.3,16234.9,16235.8,16234.6,16235.6,16235.8,16236.8,16234.4,16235.4,16235.3,16236.3,1,63
2026-07-20T06:50:00+00:00,16235.9,16235.9,16235.4,16235.7,16235.4,16236.4,16235.4,16236.4,16234.9,16235.9,16235.2,16236.2,1,65
2026-07-20T06:55:00+00:00,16235.8,16237.7,16235.8,16237.6,16235.3,16236.3,16237.2,16238.2,16235.3,16236.3,16237.1,16238.1,1,108
2026-07-20T07:00:00+00:00,16237.5,16238.6,16236,16237.2,16237,16238,16238.1,16239.1,16235.5,16236.5,16236.7,16237.7,1,176
2026-07-20T07:05:00+00:00,16237.1,16239,16236.4,16238.7,16236.6,16237.6,16238.5,16239.5,16235.9,16236.9,16238.2,16239.2,1,130
2026-07-20T07:10:00+00:00,16238.8,16240.5,16238.1,16239.7,16238.3,16239.3,16240,16241,16237.6,16238.6,16239.2,16240.2,1,127
2026-07-20T07:15:00+00:00,16239.8,16240,16237.8,16238.5,16239.3,16240.3,16239.5,16240.5,16237.3,16238.3,16238,16239,1,121
2026-07-20T07:20:00+00:00,16238.6,16239.5,16236.7,16238.2,16238.1,16239.1,16239,16240,16236.2,16237.2,16237.7,16238.7,1,135
2026-07-20T07:25:00+00:00,16238.3,16239.5,16238.1,16238.8,16237.8,16238.8,16239,16240,16237.6,16238.6,16238.3,16239.3,1,113
2026-07-20T07:30:00+00:00,16238.4,16238.4,16236.5,16236.5,16237.9,16238.9,16237.9,16238.9,16236,16237,16236,16237,1,132
2026-07-20T07:35:00+00:00,16236.6,16238.4,16236.5,16237.9,16236.1,16237.1,16237.9,16238.9,16236,16237,16237.4,16238.4,1,97
2026-07-20T07:40:00+00:00,16238,16238,16236.1,16236.7,16237.5,16238.5,16237.5,16238.5,16235.6,16236.6,16236.2,16237.2,1,140
2026-07-20T07:45:00+00:00,16236.8,16237.5,16235.8,16237.2,16236.3,16237.3,16237,16238,16235.3,16236.3,16236.7,16237.7,1,104
2026-07-20T07:50:00+00:00,16236.9,16239.3,16236.9,16239.2,16236.4,16237.4,16238.8,16239.8,16236.4,16237.4,16238.7,16239.7,1,85
2026-07-20T07:55:00+00:00,16239.3,16241.1,16238.8,16240.6,16238.8,16239.8,16240.6,16241.6,16238.3,16239.3,16240.1,16241.1,1,124
2026-07-20T08:00:00+00:00,16240.7,16241.4,16238.5,16239.3,16240.2,16241.2,16240.9,16241.9,16238,16239,16238.8,16239.8,1,180
2026-07-20T08:05:00+00:00,16239.4,16243,16239.4,16242.4,16238.9,16239.9,16242.5,16243.5,16238.9,16239.9,16241.9,16242.9,1,169
2026-07-20T08:10:00+00:00,16242.5,16244.9,16242.4,16243.8,16242,16243,16244.4,16245.4,16241.9,16242.9,16243.3,16244.3,1,264
2026-07-20T08:15:00+00:00,16243.9,16245.3,16243.4,16244.6,16243.4,16244.4,16244.8,16245.8,16242.9,16243.9,16244.1,16245.1,1,215
2026-07-20T08:20:00+00:00,16244.7,16245.2,16240.5,16241.8,16244.2,16245.2,16244.7,16245.7,16240,16241,16241.3,16242.3,1,358
2026-07-20T08:25:00+00:00,16241.9,16242.8,16240.2,16240.4,16241.4,16242.4,16242.3,16243.3,16239.7,16240.7,16239.9,16240.9,1,294
2026-07-20T08:30:00+00:00,16240.5,16241,16233.8,16234.5,16240,16241,16240.5,16241.5,16233.3,16234.3,16234,16235,1,430
2026-07-20T08:35:00+00:00,16234.2,16236.5,16234.2,16235.2,16233.7,16234.7,16236,16237,16233.7,16234.7,16234.7,16235.7,1,357
2026-07-20T08:40:00+00:00,16235.1,16235.9,16231.9,16232.4,16234.6,16235.6,16235.4,16236.4,16231.4,16232.4,16231.9,16232.9,1,379
2026-07-20T08:45:00+00:00,16232.3,16236.4,16231.8,16236.3,16231.8,16232.8,16235.9,16236.9,16231.3,16232.3,16235.8,16236.8,1,301
2026-07-20T08:50:00+00:00,16236.5,16236.7,16233.9,16236.5,16236,16237,16236.2,16237.2,16233.4,16234.4,16236,16237,1,212
2026-07-20T08:55:00+00:00,16236.6,16238,16235.6,16236.9,16236.1,16237.1,16237.5,16238.5,16235.1,16236.1,16236.4,16237.4,1,280
2026-07-20T09:00:00+00:00,16236.8,16237.6,16235.8,16237.4,16236.3,16237.3,16237.1,16238.1,16235.3,16236.3,16236.9,16237.9,1,205
2026-07-20T09:05:00+00:00,16237.5,16238.1,16236.7,16236.7,16237,16238,16237.6,16238.6,16236.2,16237.2,16236.2,16237.2,1,168
2026-07-20T09:10:00+00:00,16236.8,16237.9,16235.3,16235.4,16236.3,16237.3,16237.4,16238.4,16234.8,16235.8,16234.9,16235.9,1,205
2026-07-20T09:15:00+00:00,16234.7,16235.7,16233.8,16234.9,16234.2,16235.2,16235.2,16236.2,16233.3,16234.3,16234.4,16235.4,1,215
2026-07-20T09:20:00+00:00,16235.1,16236.7,16234.9,16235.3,16234.6,16235.6,16236.2,16237.2,16234.4,16235.4,16234.8,16235.8,1,227
2026-07-20T09:25:00+00:00,16235.5,16238,16235.5,16237.7,16235,16236,16237.5,16238.5,16235,16236,16237.2,16238.2,1,200
2026-07-20T09:30:00+00:00,16237.6,16238.2,16235.7,16237.4,16237.1,16238.1,16237.7,16238.7,16235.2,16236.2,16236.9,16237.9,1,196
2026-07-20T09:35:00+00:00,16237.5,16238,16235.1,16235.5,16237,16238,16237.5,16238.5,16234.6,16235.6,16235,16236,1,192
2026-07-20T09:40:00+00:00,16235.6,16236.8,16235.1,16236.5,16235.1,16236.1,16236.3,16237.3,16234.6,16235.6,16236,16237,1,182
2026-07-20T09:45:00+00:00,16236.4,16237.5,16234.3,16234.9,16235.9,16236.9,16237,16238,16233.8,16234.8,16234.4,16235.4,1,186
2026-07-20T09:50:00+00:00,16235,16237.5,16235,16237.3,16234.5,16235.5,16237,16238,16234.5,16235.5,16236.8,16237.8,1,179
2026-07-20T09:55:00+00:00,16237.2,16237.5,16236.4,16236.7,16236.7,16237.7,16237,16238,16235.9,16236.9,16236.2,16237.2,1,166
2026-07-20T10:00:00+00:00,16236.8,16238.3,16236.4,16238.2,16236.3,16237.3,16237.8,16238.8,16235.9,16236.9,16237.7,16238.7,1,94
2026-07-20T10:05:00+00:00,16239.2,16240.8,16239,16239.1,16238.7,16239.7,16240.3,16241.3,16238.5,16239.5,16238.6,16239.6,1,124
2026-07-20T10:10:00+00:00,16239.2,16240.3,16237.6,16237.8,16238.7,16239.7,16239.8,16240.8,16237.1,16238.1,16237.3,16238.3,1,231
2026-07-20T10:15:00+00:00,16237.7,16239.9,16237.3,16239.9,16237.2,16238.2,16239.4,16240.4,16236.8,16237.8,16239.4,16240.4,1,175
2026-07-20T10:20:00+00:00,16240.1,16240.1,16237.7,16237.8,16239.6,16240.6,16239.6,16240.6,16237.2,16238.2,16237.3,16238.3,1,138
2026-07-20T10:25:00+00:00,16238,16240.9,16237.9,16240.8,16237.5,16238.5,16240.4,16241.4,16237.4,16238.4,16240.3,16241.3,1,224
2026-07-20T10:30:00+00:00,16240.9,16242.1,16240.2,16242.1,16240.4,16241.4,16241.6,16242.6,16239.7,16240.7,16241.6,16242.6,1,190
2026-07-20T10:35:00+00:00,16242.2,16242.5,16240.5,16241.9,16241.7,16242.7,16242,16243,16240,16241,16241.4,16242.4,1,181
2026-07-20T10:40:00+00:00,16242,16242.5,16241.2,16241.7,16241.5,16242.5,16242,16243,16240.7,16241.7,16241.2,16242.2,1,187
2026-07-20T10:45:00+00:00,16241.9,16242.6,16241.6,16242.4,16241.4,16242.4,16242.1,16243.1,16241.1,16242.1,16241.9,16242.9,1,206
2026-07-20T10:50:00+00:00,16242.5,16242.8,16241.1,16242.7,16242,16243,16242.3,16243.3,16240.6,16241.6,16242.2,16243.2,1,183
2026-07-20T10:55:00+00:00,16242.6,16244,16242.2,16242.2,16242.1,16243.1,16243.5,16244.5,16241.7,16242.7,16241.7,16242.7,1,127
2026-07-20T11:00:00+00:00,16242.3,16243.5,16242.3,16243.2,16241.8,16242.8,16243,16244,16241.8,16242.8,16242.7,16243.7,1,143
2026-07-20T11:05:00+00:00,16243.3,16243.4,16241.9,16242.1,16242.8,16243.8,16242.9,16243.9,16241.4,16242.4,16241.6,16242.6,1,153
2026-07-20T11:10:00+00:00,16242.2,16242.2,16239.1,16240.1,16241.7,16242.7,16241.7,16242.7,16238.6,16239.6,16239.6,16240.6,1,226
2026-07-20T11:15:00+00:00,16240.2,16240.7,16239,16240.4,16239.7,16240.7,16240.2,16241.2,16238.5,16239.5,16239.9,16240.9,1,184
2026-07-20T11:20:00+00:00,16240.3,16240.7,16238.8,16239.7,16239.8,16240.8,16240.2,16241.2,16238.3,16239.3,16239.2,16240.2,1,163
2026-07-20T11:25:00+00:00,16239.8,16240.5,16239.5,16240.4,16239.3,16240.3,16240,16241,16239,16240,16239.9,16240.9,1,152
2026-07-20T11:30:00+00:00,16240.6,16241.1,16238.8,16239.3,16240.1,16241.1,16240.6,16241.6,16238.3,16239.3,16238.8,16239.8,1,151
2026-07-20T11:35:00+00:00,16239.2,16240.3,16238.9,16239.8,16238.7,16239.7,16239.8,16240.8,16238.4,16239.4,16239.3,16240.3,1,135
2026-07-20T11:40:00+00:00,16239.9,16241,16238.8,16240.7,16239.4,16240.4,16240.5,16241.5,16238.3,16239.3,16240.2,16241.2,1,145
2026-07-20T11:45:00+00:00,16240.8,16240.9,16239.8,16240.5,16240.3,16241.3,16240.4,16241.4,16239.3,16240.3,16240,16241,1,161
2026-07-20T11:50:00+00:00,16240.4,16240.9,16239.6,16239.9,16239.9,16240.9,16240.4,16241.4,16239.1,16240.1,16239.4,16240.4,1,128
2026-07-20T11:55:00+00:00,16239.8,16241.1,16239.3,16241,16239.3,16240.3,16240.6,16241.6,16238.8,16239.8,16240.5,16241.5,1,144
2026-07-20T12:00:00+00:00,16240.9,16241.1,16239.7,16240.1,16240.4,16241.4,16240.6,16241.6,16239.2,16240.2,16239.6,16240.6,1,137
2026-07-20T12:05:00+00:00,16240.2,16241.2,16239.1,16240.7,16239.7,16240.7,16240.7,16241.7,16238.6,16239.6,16240.2,16241.2,1,204
2026-07-20T12:10:00+00:00,16240.6,16243,16240.4,16242.2,16240.1,16241.1,16242.5,16243.5,16239.9,16240.9,16241.7,16242.7,1,198
2026-07-20T12:15:00+00:00,16242.3,16243,16241.2,16242,16241.8,16242.8,16242.5,16243.5,16240.7,16241.7,16241.5,16242.5,1,142
2026-07-20T12:20:00+00:00,16242.1,16242.3,16241.3,16241.5,16241.6,16242.6,16241.8,16242.8,16240.8,16241.8,16241,16242,1,68
2026-07-20T12:25:00+00:00,16241.6,16242,16240.1,16240.4,16241.1,16242.1,16241.5,16242.5,16239.6,16240.6,16239.9,16240.9,1,82
2026-07-20T12:30:00+00:00,16240.3,16240.4,16220.15,16230.1,16239.8,16240.8,16239.9,16240.9,16219.2,16221.1,16229.6,16230.6,1,659
2026-07-20T12:35:00+00:00,16230.2,16233.6,16229.3,16232.3,16229.7,16230.7,16233.1,16234.1,16228.8,16229.8,16231.8,16232.8,1,308
2026-07-20T12:40:00+00:00,16232.2,16232.9,16230.3,16232.1,16231.7,16232.7,16232.4,16233.4,16229.8,16230.8,16231.6,16232.6,1,242
2026-07-20T12:45:00+00:00,16232.3,16235.1,16231.9,16235,16231.8,16232.8,16234.6,16235.6,16231.4,16232.4,16234.5,16235.5,1,172
2026-07-20T12:50:00+00:00,16235.1,16235.1,16234.4,16234.5,16234.6,16235.6,16234.6,16235.6,16233.9,16234.9,16234,16235,1,129
2026-07-20T12:55:00+00:00,16234.6,16236,16233.8,16234.7,16234.1,16235.1,16235.5,16236.5,16233.3,16234.3,16234.2,16235.2,1,178
2026-07-20T13:00:00+00:00,16234.8,16240.15,16234.1,16238.9,16234.3,16235.3,16239.8,16240.5,16233.6,16234.6,16238.4,16239.4,1,367
2026-07-20T13:05:00+00:00,16239,16239.2,16236.6,16238.9,16238.5,16239.5,16238.7,16239.7,16236.1,16237.1,16238.4,16239.4,1,209
2026-07-20T13:10:00+00:00,16239,16240.2,16238.6,16238.9,16238.5,16239.5,16239.7,16240.7,16238.1,16239.1,16238.4,16239.4,1,148
2026-07-20T13:15:00+00:00,16239,16240.4,16238.5,16239.3,16238.5,16239.5,16239.9,16240.9,16238,16239,16238.8,16239.8,1,151
2026-07-20T13:20:00+00:00,16239,16243.1,16239,16242,16238.5,16239.5,16242.6,16243.6,16238.5,16239.5,16241.5,16242.5,1,162
2026-07-20T13:25:00+00:00,16242.1,16243.5,16240.8,16241,16241.6,16242.6,16243,16244,16240.3,16241.3,16240.5,16241.5,1,100
2026-07-20T13:30:00+00:00,16240.9,16241.8,16238.8,16240.6,16240.4,16241.4,16241.3,16242.3,16238.3,16239.3,16240.1,16241.1,1,113
2026-07-20T13:35:00+00:00,16240.5,16240.5,16238.6,16239.6,16240,16241,16240,16241,16238.1,16239.1,16239.1,16240.1,1,135
2026-07-20T13:40:00+00:00,16239.7,16242,16239.5,16241.6,16239.2,16240.2,16241.5,16242.5,16239,16240,16241.1,16242.1,1,126
2026-07-20T13:45:00+00:00,16241.7,16241.9,16239.9,16240.5,16241.2,16242.2,16241.4,16242.4,16239.4,16240.4,16240,16241,1,171
2026-07-20T13:50:00+00:00,16240.6,16241.3,16239.2,16240.1,16240.1,16241.1,16240.8,16241.8,16238.7,16239.7,16239.6,16240.6,1,125
2026-07-20T13:55:00+00:00,16239.9,16241.8,16239.7,16241.3,16239.4,16240.4,16241.3,16242.3,16239.2,16240.2,16240.8,16241.8,1,126
2026-07-20T14:00:00+00:00,16241.5,16242.7,16240.3,16240.4,16241,16242,16242.2,16243.2,16239.8,16240.8,16239.9,16240.9,1,175
2026-07-20T14:05:00+00:00,16240.6,16242.9,16240.6,16241.9,16240.1,16241.1,16242.4,16243.4,16240.1,16241.1,16241.4,16242.4,1,119
2026-07-20T14:10:00+00:00,16242.4,16242.8,16241.8,16242.3,16241.9,16242.9,16242.3,16243.3,16241.3,16242.3,16241.8,16242.8,1,108
2026-07-20T14:15:00+00:00,16241.8,16242.7,16241.5,16241.6,16241.3,16242.3,16242.2,16243.2,16241,16242,16241.1,16242.1,1,109
2026-07-20T14:20:00+00:00,16241.4,16242.5,16240.9,16241,16240.9,16241.9,16242,16243,16240.4,16241.4,16240.5,16241.5,1,135
2026-07-20T14:25:00+00:00,16241.1,16242.5,16241,16242.4,16240.6,16241.6,16242,16243,16240.5,16241.5,16241.9,16242.9,1,119
2026-07-20T14:30:00+00:00,16242.3,16243.1,16241.7,16242.1,16241.8,16242.8,16242.6,16243.6,16241.2,16242.2,16241.6,16242.6,1,131
2026-07-20T14:35:00+00:00,16242.2,16242.5,16239,16239.5,16241.7,16242.7,16242,16243,16238.5,16239.5,16239,16240,1,164
2026-07-20T14:40:00+00:00,16239.6,16242,16239.4,16241.6,16239.1,16240.1,16241.5,16242.5,16238.9,16239.9,16241.1,16242.1,1,155
2026-07-20T14:45:00+00:00,16241.5,16242.5,16240.4,16240.6,16241,16242,16242,16243,16239.9,16240.9,16240.1,16241.1,1,139
2026-07-20T14:50:00+00:00,16240.5,16242.3,16239.2,16241.2,16240,16241,16241.8,16242.8,16238.7,16239.7,16240.7,16241.7,1,129
2026-07-20T14:55:00+00:00,16240.9,16247.5,16240.7,16247.2,16240.4,16241.4,16247,16248,16240.2,16241.2,16246.7,16247.7,1,217
2026-07-20T15:00:00+00:00,16247.5,16248.9,16246.2,16247.9,16247,16248,16248.4,16249.4,16245.7,16246.7,16247.4,16248.4,1,201
2026-07-20T15:05:00+00:00,16249.2,16254.3,16247.8,16253.5,16248.7,16249.7,16253.8,16254.8,16247.3,16248.3,16253,16254,1,353
2026-07-20T15:10:00+00:00,16254.4,16256.4,16251.8,16254,16253.9,16254.9,16255.9,16256.9,16251.3,16252.3,16253.5,16254.5,1,351
2026-07-20T15:15:00+00:00,16253.9,16254,16251.6,16252,16253.4,16254.4,16253.5,16254.5,16251.1,16252.1,16251.5,16252.5,1,310
2026-07-20T15:20:00+00:00,16251.9,16255.5,16251.8,16255.3,16251.4,16252.4,16255,16256,16251.3,16252.3,16254.8,16255.8,1,306
2026-07-20T15:25:00+00:00,16255.4,16256.2,16253.3,16254.6,16254.9,16255.9,16255.7,16256.7,16252.8,16253.8,16254.1,16255.1,1,270
2026-07-20T15:30:00+00:00,16254.7,16257.8,16254.5,16255.7,16254.2,16255.2,16257.3,16258.3,16254,16255,16255.2,16256.2,1,288
2026-07-20T15:35:00+00:00,16255.6,16257.5,16255.1,16256.1,16255.1,16256.1,16257,16258,16254.6,16255.6,16255.6,16256.6,1,270
2026-07-20T15:40:00+00:00,16256.2,16259,16255.8,16257.3,16255.7,16256.7,16258.5,16259.5,16255.3,16256.3,16256.8,16257.8,1,325
2026-07-20T15:45:00+00:00,16257.2,16258.7,16255.6,16257.8,16256.7,16257.7,16258.2,16259.2,16255.1,16256.1,16257.3,16258.3,1,313
2026-07-20T15:50:00+00:00,16257.9,16259,16256.6,16258.9,16257.4,16258.4,16258.5,16259.5,16256.1,16257.1,16258.4,16259.4,1,269
2026-07-20T15:55:00+00:00,16258.8,16259.3,16250.5,16251.8,16258.3,16259.3,16258.8,16259.8,16250,16251,16251.3,16252.3,1,342
2026-07-20T16:00:00+00:00,16251.9,16256.4,16251.9,16254.1,16251.4,16252.4,16255.9,16256.9,16251.4,16252.4,16253.6,16254.6,1,470
2026-07-20T16:05:00+00:00,16254.2,16257.6,16252.9,16253.4,16253.7,16254.7,16257.1,16258.1,16252.4,16253.4,16252.9,16253.9,1,568
2026-07-20T16:10:00+00:00,16253.3,16257.4,16253.1,16256.8,16252.8,16253.8,16256.9,16257.9,16252.6,16253.6,16256.3,16257.3,1,515
2026-07-20T16:15:00+00:00,16256.9,16257.9,16255.3,16255.9,16256.4,16257.4,16257.4,16258.4,16254.8,16255.8,16255.4,16256.4,1,444
2026-07-20T16:20:00+00:00,16256,16256.4,16254.5,16254.8,16255.5,16256.5,16255.9,16256.9,16254,16255,16254.3,16255.3,1,442
2026-07-20T16:25:00+00:00,16254.7,16256.3,16254.3,16255.7,16254.2,16255.2,16255.8,16256.8,16253.8,16254.8,16255.2,16256.2,1,369
2026-07-20T16:30:00+00:00,16255.8,16257.6,16255.3,16257.5,16255.3,16256.3,16257.1,16258.1,16254.8,16255.8,16257,16258,1,286
2026-07-20T16:35:00+00:00,16257.4,16258.1,16256,16257.7,16256.9,16257.9,16257.6,16258.6,16255.5,16256.5,16257.2,16258.2,1,299
2026-07-20T16:40:00+00:00,16257.5,16258.8,16256.1,16256.7,16257,16258,16258.3,16259.3,16255.6,16256.6,16256.2,16257.2,1,229
2026-07-20T16:45:00+00:00,16256.6,16257.4,16254.4,16255.4,16256.1,16257.1,16256.9,16257.9,16253.9,16254.9,16254.9,16255.9,1,210
2026-07-20T16:50:00+00:00,16255.5,16257.2,16255.2,16256.8,16255,16256,16256.7,16257.7,16254.7,16255.7,16256.3,16257.3,1,197
2026-07-20T16:55:00+00:00,16256.9,16257,16255.8,16256.8,16256.4,16257.4,16256.5,16257.5,16255.3,16256.3,16256.3,16257.3,1,144
2026-07-20T17:00:00+00:00,16257.75,16259.7,16254,16255.3,16257.4,16258.1,16259.2,16260.2,16253.5,16254.5,16254.8,16255.8,1,179
2026-07-20T17:05:00+00:00,16255.4,16255.5,16252.9,16252.9,16254.9,16255.9,16255,16256,16252.4,16253.4,16252.4,16253.4,1,126
2026-07-20T17:10:00+00:00,16253,16253.9,16253,16253.7,16252.5,16253.5,16253.4,16254.4,16252.5,16253.5,16253.2,16254.2,1,176
2026-07-20T17:15:00+00:00,16253.6,16255.3,16253,16254.3,16253.1,16254.1,16254.8,16255.8,16252.5,16253.5,16253.8,16254.8,1,128
2026-07-20T17:20:00+00:00,16254.2,16255.1,16253.3,16254.1,16253.7,16254.7,16254.6,16255.6,16252.8,16253.8,16253.6,16254.6,1,125
2026-07-20T17:25:00+00:00,16254,16256.4,16253.8,16255,16253.5,16254.5,16255.9,16256.9,16253.3,16254.3,16254.5,16255.5,1,179
2026-07-20T17:30:00+00:00,16254.9,16255.2,16253.8,16254.4,16254.4,16255.4,16254.7,16255.7,16253.3,16254.3,16253.9,16254.9,1,172
2026-07-20T17:35:00+00:00,16254.8,16254.8,16253.3,16253.9,16254.3,16255.3,16254.3,16255.3,16252.8,16253.8,16253.4,16254.4,1,146
2026-07-20T17:40:00+00:00,16253.8,16257.5,16253.6,16254,16253.3,16254.3,16257,16258,16253.1,16254.1,16253.5,16254.5,1,262
2026-07-20T17:45:00+00:00,16254.1,16255.3,16253.7,16255.1,16253.6,16254.6,16254.8,16255.8,16253.2,16254.2,16254.6,16255.6,1,157
2026-07-20T17:50:00+00:00,16255.2,16255.5,16254.4,16255.3,16254.7,16255.7,16255,16256,16253.9,16254.9,16254.8,16255.8,1,167
2026-07-20T17:55:00+00:00,16255.4,16255.4,16253,16253,16254.9,16255.9,16254.9,16255.9,16252.5,16253.5,16252.5,16253.5,1,70
2026-07-20T18:00:00+00:00,16253.1,16253.1,16248.5,16249.7,16252.6,16253.6,16252.6,16253.6,16248,16249,16249.2,16250.2,1,152
2026-07-20T18:05:00+00:00,16249.8,16250,16247.8,16248.5,16249.3,16250.3,16249.5,16250.5,16247.3,16248.3,16248,16249,1,132
2026-07-20T18:10:00+00:00,16248.6,16251.2,16248,16250.5,16248.1,16249.1,16250.7,16251.7,16247.5,16248.5,16250,16251,1,230
2026-07-20T18:15:00+00:00,16250.4,16250.5,16248.2,16248.4,16249.9,16250.9,16250,16251,16247.7,16248.7,16247.9,16248.9,1,178
2026-07-20T18:20:00+00:00,16248.6,16249.8,16247.9,16248.5,16248.1,16249.1,16249.3,16250.3,16247.4,16248.4,16248,16249,1,195
2026-07-20T18:25:00+00:00,16248.4,16248.4,16246,16247.7,16247.9,16248.9,16247.9,16248.9,16245.5,16246.5,16247.2,16248.2,1,159
2026-07-20T18:30:00+00:00,16247.8,16248.2,16247.3,16247.9,16247.3,16248.3,16247.7,16248.7,16246.8,16247.8,16247.4,16248.4,1,116
2026-07-20T18:35:00+00:00,16247.8,16249.5,16247.4,16249.5,16247.3,16248.3,16249,16250,16246.9,16247.9,16249,16250,1,130
2026-07-20T18:40:00+00:00,16249.4,16249.5,16247.2,16247.4,16248.9,16249.9,16249,16250,16246.7,16247.7,16246.9,16247.9,1,147
2026-07-20T18:45:00+00:00,16247.5,16248.1,16246.7,16246.7,16247,16248,16247.6,16248.6,16246.2,16247.2,16246.2,16247.2,1,120
2026-07-20T18:50:00+00:00,16247.4,16247.8,16246.3,16247,16246.9,16247.9,16247.3,16248.3,16245.8,16246.8,16246.5,16247.5,1,108
2026-07-20T18:55:00+00:00,16246.9,16247.4,16246.2,16246.6,16246.4,16247.4,16246.9,16247.9,16245.7,16246.7,16246.1,16247.1,1,90
2026-07-20T19:00:00+00:00,16246.5,16246.6,16245.7,16245.7,16246,16247,16246.1,16247.1,16245.2,16246.2,16245.2,16246.2,1,45
2026-07-20T19:05:00+00:00,16245.8,16246,16244.3,16244.9,16245.3,16246.3,16245.5,16246.5,16243.8,16244.8,16244.4,16245.4,1,88
2026-07-20T19:10:00+00:00,16244.8,16245.1,16244,16244.1,16244.3,16245.3,16244.6,16245.6,16243.5,16244.5,16243.6,16244.6,1,126
2026-07-20T19:15:00+00:00,16244,16244.7,16242.5,16244.2,16243.5,16244.5,16244.2,16245.2,16242,16243,16243.7,16244.7,1,162
2026-07-20T19:20:00+00:00,16244.4,16248.4,16244.3,16247.1,16243.9,16244.9,16247.9,16248.9,16243.8,16244.8,16246.6,16247.6,1,243
2026-07-20T19:25:00+00:00,16247.2,16247.9,16246,16247.3,16246.7,16247.7,16247.4,16248.4,16245.5,16246.5,16246.8,16247.8,1,195
2026-07-20T19:30:00+00:00,16247.2,16249.2,16246.2,16249,16246.7,16247.7,16248.7,16249.7,16245.7,16246.7,16248.5,16249.5,1,196
2026-07-20T19:35:00+00:00,16248.9,16249.5,16248.2,16248.9,16248.4,16249.4,16249,16250,16247.7,16248.7,16248.4,16249.4,1,133
2026-07-20T19:40:00+00:00,16248.8,16250.6,16248.7,16250.6,16248.3,16249.3,16250.1,16251.1,16248.2,16249.2,16250.1,16251.1,1,132
2026-07-20T19:45:00+00:00,16250.5,16252,16249.8,16250.1,16250,16251,16251.5,16252.5,16249.3,16250.3,16249.6,16250.6,1,127
2026-07-20T19:50:00+00:00,16249.9,16252.2,16249.9,16251.8,16249.4,16250.4,16251.7,16252.7,16249.4,16250.4,16251.3,16252.3,1,133
2026-07-20T19:55:00+00:00,16251.7,16253.4,16250.7,16250.8,16251.2,16252.2,16252.9,16253.9,16250.2,16251.2,16250.3,16251.3,1,137
2026-07-20T20:00:00+00:00,16250.7,16251.4,16249.1,16249.8,16250.2,16251.2,16250.9,16251.9,16248.6,16249.6,16249.3,16250.3,1,171
2026-07-20T20:05:00+00:00,16249.9,16250.4,16248.5,16249.2,16249.4,16250.4,16249.9,16250.9,16248,16249,16248.7,16249.7,1,128
2026-07-20T20:10:00+00:00,16249.3,16251,16248.7,16250.4,16248.8,16249.8,16250.5,16251.5,16248.2,16249.2,16249.9,16250.9,1,215
2026-07-20T20:15:00+00:00,16250.3,16251,16249.2,16249.7,16249.8,16250.8,16250.5,16251.5,16248.7,16249.7,16249.2,16250.2,1,174
2026-07-20T20:20:00+00:00,16249.8,16250.3,16248.9,16249.1,16249.3,16250.3,16249.8,16250.8,16248.4,16249.4,16248.6,16249.6,1,149
2026-07-20T20:25:00+00:00,16249.2,16250.1,16246.2,16246.9,16248.7,16249.7,16249.6,16250.6,16245.7,16246.7,16246.4,16247.4,1,247
2026-07-20T20:30:00+00:00,16247,16248.1,16246.4,16247.9,16246.5,16247.5,16247.6,16248.6,16245.9,16246.9,16247.4,16248.4,1,248
2026-07-20T20:35:00+00:00,16247.8,16249,16246.7,16248.8,16247.3,16248.3,16248.5,16249.5,16246.2,16247.2,16248.3,16249.3,1,205
2026-07-20T20:40:00+00:00,16248.9,16250.5,16248.2,16250.1,16248.4,16249.4,16250,16251,16247.7,16248.7,16249.6,16250.6,1,145
2026-07-20T20:45:00+00:00,16250.2,16250.4,16248.2,16248.8,16249.7,16250.7,16249.9,16250.9,16247.7,16248.7,16248.3,16249.3,1,166
2026-07-20T20:50:00+00:00,16248.9,16249,16247,16247.9,16248.4,16249.4,16248.5,16249.5,16246.5,16247.5,16247.4,16248.4,1,198
2026-07-20T20:55:00+00:00,16248,16252,16247.5,16251.8,16247.5,16248.5,16251.5,16252.5,16247,16248,16251.3,16252.3,1,258
2026-07-20T21:00:00+00:00,16252,16252.2,16248.6,16249.5,16251.5,16252.5,16251.7,16252.7,16248.1,16249.1,16249,16250,1,118
2026-07-20T21:05:00+00:00,16249.4,16251.6,16249.3,16251.2,16248.9,16249.9,16251.1,16252.1,16248.8,16249.8,16250.7,16251.7,1,98
2026-07-20T21:10:00+00:00,16251.5,16252,16250,16250,16251,16252,16251.5,16252.5,16249.5,16250.5,16249.5,16250.5,1,172
2026-07-20T21:15:00+00:00,16250.1,16253.4,16250.1,16253,16249.6,16250.6,16252.9,16253.9,16249.6,16250.6,16252.5,16253.5,1,154
2026-07-20T21:20:00+00:00,16253.1,16253.2,16250.6,16250.6,16252.6,16253.6,16252.7,16253.7,16250.1,16251.1,16250.1,16251.1,1,113
2026-07-20T21:25:00+00:00,16250.7,16252,16250.5,16251,16250.2,16251.2,16251.5,16252.5,16250,16251,16250.5,16251.5,1,170
2026-07-20T21:30:00+00:00,16250.8,16252,16250.7,16251.5,16250.3,16251.3,16251.5,16252.5,16250.2,16251.2,16251,16252,1,142
2026-07-20T21:35:00+00:00,16251.6,16252.3,16251.3,16252.2,16251.1,16252.1,16251.8,16252.8,16250.8,16251.8,16251.7,16252.7,1,117
2026-07-20T21:40:00+00:00,16252.3,16253.6,16251.2,16253.6,16251.8,16252.8,16253.1,16254.1,16250.7,16251.7,16253.1,16254.1,1,125
2026-07-20T21:45:00+00:00,16253.7,16253.8,16252.6,16253.05,16253.2,16254.2,16253.2,16254.4,16252.1,16253.1,16252.2,16253.9,1.7,208
2026-07-20T21:50:00+00:00,16253.2,16253.7,16250.25,16250.75,16252.4,16254,16252.9,16254.5,16249.7,16250.8,16249.8,16251.7,1.9,227
2026-07-20T21:55:00+00:00,16250.7,16251.35,16248.65,16250.3,16248.9,16252.5,16249.2,16253.5,16245.7,16251.6,16247.7,16252.9,5.2,112
2026-07-20T22:00:00+00:00,16250.75,16251.4,16247.7,16250.3,16249,16252.5,16249,16253.8,16244.2,16251.2,16246.8,16253.8,7,8
2026-07-20T22:05:00+00:00,16250.4,16250.8,16249.7,16250.1,16246.9,16253.9,16247.3,16254.3,16246.2,16253.2,16246.6,16253.6,7,19
2026-07-20T22:15:00+00:00,16250,16250.7,16249.6,16249.6,16246.5,16253.5,16247.2,16254.2,16246.1,16253.1,16246.1,16253.1,7,20
2026-07-20T22:20:00+00:00,16249.8,16249.8,16249.8,16249.8,16246.3,16253.3,16246.3,16253.3,16246.3,16253.3,16246.3,16253.3,7,1
2026-07-20T22:25:00+00:00,16250,16252.8,16249.8,16252.5,16246.5,16253.5,16249.3,16256.3,16246.3,16253.3,16249,16256,7,45
2026-07-20T22:30:00+00:00,16251.9,16252.5,16251.3,16252.5,16248.4,16255.4,16249,16256,16247.8,16254.8,16249,16256,7,44
2026-07-20T22:35:00+00:00,16251.7,16252.5,16250.5,16251,16248.2,16255.2,16249,16256,16247,16254,16247.5,16254.5,7,49
2026-07-20T22:40:00+00:00,16250.9,16251.1,16249.8,16250,16247.4,16254.4,16247.6,16254.6,16246.3,16253.3,16246.5,16253.5,7,60
2026-07-20T22:45:00+00:00,16250.6,16251.3,16249.3,16251.2,16247.1,16254.1,16247.8,16254.8,16245.8,16252.8,16247.7,16254.7,7,88
2026-07-20T22:50:00+00:00,16251.1,16251.1,16249.6,16250.7,16247.6,16254.6,16247.6,16254.6,16246.1,16253.1,16247.2,16254.2,7,60
2026-07-20T22:55:00+00:00,16250.5,16250.6,16249.5,16250.4,16247,16254,16247.1,16254.1,16246,16253,16246.9,16253.9,7,37
2026-07-20T23:00:00+00:00,16250.5,16251.2,16249.7,16250.75,16247,16254,16248.3,16254.1,16246.9,16252.5,16247.5,16254,6.5,122
2026-07-20T23:05:00+00:00,16250.75,16251.55,16248.5,16250.45,16248,16253.5,16249.6,16253.5,16246.6,16250.4,16249.4,16251.5,2.1,79
2026-07-20T23:10:00+00:00,16250.25,16250.85,16249.55,16249.7,16249.2,16251.3,16249.7,16252,16248.4,16250.7,16248.7,16250.7,2,131
2026-07-20T23:15:00+00:00,16249.9,16250.95,16248.5,16249.1,16248.8,16251,16250,16251.9,16247.9,16249.1,16248.6,16249.6,1,143
2026-07-20T23:20:00+00:00,16249,16250.35,16248.3,16249.7,16248.5,16249.5,16249.5,16251.2,16247.6,16249,16248.9,16250.5,1.6,155
2026-07-20T23:25:00+00:00,16249.5,16249.95,16248.45,16249.9,16248.7,16250.3,16249.2,16250.7,16247.7,16249.2,16249.1,16250.7,1.6,173
2026-07-20T23:30:00+00:00,16249.9,16250.65,16249.4,16250,16249.2,16250.6,16249.9,16251.4,16248.8,16250,16249.5,16250.5,1,167
2026-07-20T23:35:00+00:00,16250.1,16251,16249.4,16250,16249.6,16250.6,16250.5,16251.5,16248.9,16249.9,16249.5,16250.5,1,137
2026-07-20T23:40:00+00:00,16249.8,16252.05,16249.5,16250.8,16249.3,16250.3,16251.2,16252.9,16249,16250,16250.3,16251.3,1,223
2026-07-20T23:45:00+00:00,16250.6,16250.7,16248.65,16250,16250.1,16251.1,16250.1,16251.3,16248.1,16249.2,16249.5,16250.5,1,192
2026-07-20T23:50:00+00:00,16249.9,16250.5,16249.1,16249.6,16249.4,16250.4,16250,16251,16248.6,16249.6,16249.1,16250.1,1,127
2026-07-20T23:55:00+00:00,16249.5,16250.85,16248.9,16250.6,16249,16250,16250.2,16251.5,16248.4,16249.4,16250.1,16251.1,1,71
2026-07-21T00:00:00+00:00,16250.7,16251.2,16248.8,16249.8,16250.2,16251.2,16250.7,16251.7,16248.3,16249.3,16249.3,16250.3,1,101
2026-07-21T00:05:00+00:00,16249.7,16249.9,16249.5,16249.6,16249.2,16250.2,16249.4,16250.4,16249,16250,16249.1,16250.1,1,32
2026-07-21T00:10:00+00:00,16249.5,16250.8,16248.9,16249.9,16249,16250,16250.3,16251.3,16248.4,16249.4,16249.4,16250.4,1,116
2026-07-21T00:15:00+00:00,16250,16250.4,16248.8,16248.8,16249.5,16250.5,16249.9,16250.9,16248.3,16249.3,16248.3,16249.3,1,152
2026-07-21T00:20:00+00:00,16248.9,16251,16248.9,16249.9,16248.4,16249.4,16250.5,16251.5,16248.4,16249.4,16249.4,16250.4,1,144
2026-07-21T00:25:00+00:00,16249.8,16250.4,16249.5,16249.7,16249.3,16250.3,16249.9,16250.9,16249,16250,16249.2,16250.2,1,167
2026-07-21T00:30:00+00:00,16249.8,16250.9,16249.7,16249.7,16249.3,16250.3,16250.4,16251.4,16249.2,16250.2,16249.2,16250.2,1,175
2026-07-21T00:35:00+00:00,16249.8,16250.5,16249.6,16250.1,16249.3,16250.3,16250,16251,16249.1,16250.1,16249.6,16250.6,1,172
2026-07-21T00:40:00+00:00,16250.2,16250.5,16249.5,16250.3,16249.7,16250.7,16250,16251,16249,16250,16249.8,16250.8,1,170
2026-07-21T00:45:00+00:00,16250.2,16251.1,16249.7,16250.7,16249.7,16250.7,16250.6,16251.6,16249.2,16250.2,16250.2,16251.2,1,182
2026-07-21T00:50:00+00:00,16250.6,16251.2,16249.2,16249.7,16250.1,16251.1,16250.7,16251.7,16248.7,16249.7,16249.2,16250.2,1,104
2026-07-21T00:55:00+00:00,16249.6,16250.3,16249,16249.2,16249.1,16250.1,16249.8,16250.8,16248.5,16249.5,16248.7,16249.7,1,109
2026-07-21T01:00:00+00:00,16249.3,16249.7,16245,16248.6,16248.8,16249.8,16249.2,16250.2,16244.5,16245.5,16248.1,16249.1,1,221
2026-07-21T01:05:00+00:00,16248.5,16249.6,16246.2,16247.9,16248,16249,16249.1,16250.1,16245.7,16246.7,16247.4,16248.4,1,142
2026-07-21T01:10:00+00:00,16248.2,16249.2,16246.6,16248.9,16247.7,16248.7,16248.7,16249.7,16246.1,16247.1,16248.4,16249.4,1,262
2026-07-21T01:15:00+00:00,16248.7,16249.9,16248.4,16249.6,16248.2,16249.2,16249.4,16250.4,16247.9,16248.9,16249.1,16250.1,1,234
2026-07-21T01:20:00+00:00,16249.7,16251.6,16248.9,16250.9,16249.2,16250.2,16251.1,16252.1,16248.4,16249.4,16250.4,16251.4,1,215
2026-07-21T01:25:00+00:00,16251,16251.6,16249.8,16251,16250.5,16251.5,16251.1,16252.1,16249.3,16250.3,16250.5,16251.5,1,229
2026-07-21T01:30:00+00:00,16251.1,16253.5,16250.9,16252.9,16250.6,16251.6,16253,16254,16250.4,16251.4,16252.4,16253.4,1,203
2026-07-21T01:35:00+00:00,16253,16254.1,16251.9,16253.4,16252.5,16253.5,16253.6,16254.6,16251.4,16252.4,16252.9,16253.9,1,121
2026-07-21T01:40:00+00:00,16253.5,16253.5,16251.1,16251.6,16253,16254,16253,16254,16250.6,16251.6,16251.1,16252.1,1,168
2026-07-21T01:45:00+00:00,16251.5,16252.1,16249.8,16252.1,16251,16252,16251.6,16252.6,16249.3,16250.3,16251.6,16252.6,1,224
2026-07-21T01:50:00+00:00,16251.7,16253.3,16249,16251.55,16251.2,16252.2,16252.8,16253.8,16248.5,16249.5,16250.8,16252.3,1.5,347
2026-07-21T01:55:00+00:00,16251.45,16253.95,16251.15,16253.3,16250.7,16252.2,16253.2,16254.7,16250.4,16251.9,16252.8,16253.8,1,237
2026-07-21T02:00:00+00:00,16253.4,16253.5,16250.8,16253.1,16252.9,16253.9,16253,16254,16250.3,16251.3,16252.6,16253.6,1,130
2026-07-21T02:05:00+00:00,16253,16253.1,16250.3,16251.3,16252.5,16253.5,16252.6,16253.6,16249.8,16250.8,16250.8,16251.8,1,210
2026-07-21T02:10:00+00:00,16251.4,16252.1,16250,16251.3,16250.9,16251.9,16251.6,16252.6,16249.5,16250.5,16250.8,16251.8,1,194
2026-07-21T02:15:00+00:00,16251.2,16252,16249.6,16250.4,16250.7,16251.7,16251.5,16252.5,16249.1,16250.1,16249.9,16250.9,1,212
2026-07-21T02:20:00+00:00,16250.6,16252,16250.5,16251,16250.1,16251.1,16251.5,16252.5,16250,16251,16250.5,16251.5,1,201
2026-07-21T02:25:00+00:00,16251.1,16252,16243.3,16247.8,16250.6,16251.6,16251.5,16252.5,16242.8,16243.8,16247.3,16248.3,1,265
2026-07-21T02:30:00+00:00,16248,16250.7,16245.5,16249.7,16247.5,16248.5,16250.2,16251.2,16245,16246,16249.2,16250.2,1,282
2026-07-21T02:35:00+00:00,16249.8,16253,16249.5,16250.6,16249.3,16250.3,16252.5,16253.5,16249,16250,16250.1,16251.1,1,273
2026-07-21T02:40:00+00:00,16250.4,16250.9,16249.2,16250.8,16249.9,16250.9,16250.4,16251.4,16248.7,16249.7,16250.3,16251.3,1,247
2026-07-21T02:45:00+00:00,16250.9,16251.6,16249.5,16250.6,16250.4,16251.4,16251.1,16252.1,16249,16250,16250.1,16251.1,1,223
2026-07-21T02:50:00+00:00,16250.8,16252.8,16250.5,16252.2,16250.3,16251.3,16252.3,16253.3,16250,16251,16251.7,16252.7,1,146
2026-07-21T02:55:00+00:00,16252.4,16252.5,16250.9,16251.2,16251.9,16252.9,16252,16253,16250.4,16251.4,16250.7,16251.7,1,99
2026-07-21T03:00:00+00:00,16251.3,16252.6,16250.3,16251.9,16250.8,16251.8,16252.1,16253.1,16249.8,16250.8,16251.4,16252.4,1,131
2026-07-21T03:05:00+00:00,16251.6,16252.4,16250.8,16251.5,16251.1,16252.1,16251.9,16252.9,16250.3,16251.3,16251,16252,1,118
2026-07-21T03:10:00+00:00,16251.4,16251.5,16249.8,16251.3,16250.9,16251.9,16251,16252,16249.3,16250.3,16250.8,16251.8,1,203
2026-07-21T03:15:00+00:00,16251.2,16251.8,16249.9,16250.4,16250.7,16251.7,16251.3,16252.3,16249.4,16250.4,16249.9,16250.9,1,164
2026-07-21T03:20:00+00:00,16250.7,16251.3,16249.8,16250.5,16250.2,16251.2,16250.8,16251.8,16249.3,16250.3,16250,16251,1,166
2026-07-21T03:25:00+00:00,16250.6,16250.8,16248.6,16250.2,16250.1,16251.1,16250.3,16251.3,16248.1,16249.1,16249.7,16250.7,1,226
2026-07-21T03:30:00+00:00,16250.3,16250.9,16250,16250.3,16249.8,16250.8,16250.4,16251.4,16249.5,16250.5,16249.8,16250.8,1,113
2026-07-21T03:35:00+00:00,16250.2,16250.3,16249.4,16250.2,16249.7,16250.7,16249.8,16250.8,16248.9,16249.9,16249.7,16250.7,1,151
2026-07-21T03:40:00+00:00,16250.1,16250.6,16249.1,16250.1,16249.6,16250.6,16250.1,16251.1,16248.6,16249.6,16249.6,16250.6,1,182
2026-07-21T03:45:00+00:00,16250.3,16250.6,16249.7,16250.4,16249.8,16250.8,16250.1,16251.1,16249.2,16250.2,16249.9,16250.9,1,137
2026-07-21T03:50:00+00:00,16250.5,16250.6,16249.3,16250.2,16250,16251,16250.1,16251.1,16248.8,16249.8,16249.7,16250.7,1,184
2026-07-21T03:55:00+00:00,16250.1,16250.5,16248.8,16249.6,16249.6,16250.6,16250,16251,16248.3,16249.3,16249.1,16250.1,1,126
2026-07-21T04:00:00+00:00,16249.5,16250.9,16248.8,16250.7,16249,16250,16250.4,16251.4,16248.3,16249.3,16250.2,16251.2,1,93
2026-07-21T04:05:00+00:00,16250.9,16251.8,16250.9,16251.2,16250.4,16251.4,16251.3,16252.3,16250.4,16251.4,16250.7,16251.7,1,79
2026-07-21T04:10:00+00:00,16251.1,16251.9,16250.6,16251.7,16250.6,16251.6,16251.4,16252.4,16250.1,16251.1,16251.2,16252.2,1,58
2026-07-21T04:15:00+00:00,16251.8,16251.8,16250.8,16251,16251.3,16252.3,16251.3,16252.3,16250.3,16251.3,16250.5,16251.5,1,40
2026-07-21T04:20:00+00:00,16251.1,16251.1,16249.7,16250.5,16250.6,16251.6,16250.6,16251.6,16249.2,16250.2,16250,16251,1,74
2026-07-21T04:25:00+00:00,16250.2,16251.1,16249.3,16249.5,16249.7,16250.7,16250.6,16251.6,16248.8,16249.8,16249,16250,1,55
2026-07-21T04:30:00+00:00,16249.4,16249.8,16249.1,16249.4,16248.9,16249.9,16249.3,16250.3,16248.6,16249.6,16248.9,16249.9,1,45
2026-07-21T04:35:00+00:00,16249.5,16250.3,16249,16249.1,16249,16250,16249.8,16250.8,16248.5,16249.5,16248.6,16249.6,1,84
2026-07-21T04:40:00+00:00,16249,16249.5,16247.9,16248,16248.5,16249.5,16249,16250,16247.4,16248.4,16247.5,16248.5,1,76
2026-07-21T04:45:00+00:00,16247.9,16248.4,16246,16246,16247.4,16248.4,16247.9,16248.9,16245.5,16246.5,16245.5,16246.5,1,108
2026-07-21T04:50:00+00:00,16245.7,16248.1,16245,16248.1,16245.2,16246.2,16247.6,16248.6,16244.5,16245.5,16247.6,16248.6,1,96
2026-07-21T04:55:00+00:00,16248,16249.2,16248,16249.2,16247.5,16248.5,16248.7,16249.7,16247.5,16248.5,16248.7,16249.7,1,68
2026-07-21T05:00:00+00:00,16249.1,16249.6,16248.9,16249.4,16248.6,16249.6,16249.1,16250.1,16248.4,16249.4,16248.9,16249.9,1,51
2026-07-21T05:05:00+00:00,16249.5,16249.5,16247.4,16247.7,16249,16250,16249,16250,16246.9,16247.9,16247.2,16248.2,1,69
2026-07-21T05:10:00+00:00,16247.8,16248.6,16247.5,16247.9,16247.3,16248.3,16248.1,16249.1,16247,16248,16247.4,16248.4,1,77
2026-07-21T05:15:00+00:00,16247.8,16248.5,16247.5,16248.1,16247.3,16248.3,16248,16249,16247,16248,16247.6,16248.6,1,72
2026-07-21T05:20:00+00:00,16247.7,16247.8,16247.1,16247.1,16247.2,16248.2,16247.3,16248.3,16246.6,16247.6,16246.6,16247.6,1,25
2026-07-21T05:25:00+00:00,16247.2,16248.2,16247.1,16247.6,16246.7,16247.7,16247.7,16248.7,16246.6,16247.6,16247.1,16248.1,1,45
2026-07-21T05:30:00+00:00,16247.5,16249.6,16247,16247.9,16247,16248,16249.1,16250.1,16246.5,16247.5,16247.4,16248.4,1,85
2026-07-21T05:35:00+00:00,16248,16249.8,16247.3,16249.8,16247.5,16248.5,16249.3,16250.3,16246.8,16247.8,16249.3,16250.3,1,98
2026-07-21T05:40:00+00:00,16249.7,16250.1,16247.9,16248.7,16249.2,16250.2,16249.6,16250.6,16247.4,16248.4,16248.2,16249.2,1,82
2026-07-21T05:45:00+00:00,16248.8,16249.6,16248.6,16248.8,16248.3,16249.3,16249.1,16250.1,16248.1,16249.1,16248.3,16249.3,1,46
2026-07-21T05:50:00+00:00,16249.2,16250,16249.2,16249.6,16248.7,16249.7,16249.5,16250.5,16248.7,16249.7,16249.1,16250.1,1,56
2026-07-21T05:55:00+00:00,16249.7,16249.9,16249.1,16249.3,16249.2,16250.2,16249.4,16250.4,16248.6,16249.6,16248.8,16249.8,1,75
2026-07-21T06:00:00+00:00,16249.2,16249.8,16248.7,16249.8,16248.7,16249.7,16249.3,16250.3,16248.2,16249.2,16249.3,16250.3,1,105
2026-07-21T06:05:00+00:00,16250,16250.9,16249.4,16249.7,16249.5,16250.5,16250.4,16251.4,16248.9,16249.9,16249.2,16250.2,1,85
2026-07-21T06:10:00+00:00,16249.6,16251.9,16249.5,16251.8,16249.1,16250.1,16251.4,16252.4,16249,16250,16251.3,16252.3,1,99
2026-07-21T06:15:00+00:00,16251.9,16252.2,16250.9,16251.9,16251.4,16252.4,16251.7,16252.7,16250.4,16251.4,16251.4,16252.4,1,565
2026-07-21T06:20:00+00:00,16252,16253.1,16250.8,16251.1,16251.5,16252.5,16252.6,16253.6,16250.3,16251.3,16250.6,16251.6,1,1233
2026-07-21T06:25:00+00:00,16251.2,16252.1,16250.8,16251.8,16250.7,16251.7,16251.6,16252.6,16250.3,16251.3,16251.3,16252.3,1,1093
2026-07-21T06:30:00+00:00,16251.9,16251.9,16249.5,16250.4,16251.4,16252.4,16251.4,16252.4,16249,16250,16249.9,16250.9,1,1161
2026-07-21T06:35:00+00:00,16250.2,16251.5,16249,16249.8,16249.7,16250.7,16251,16252,16248.5,16249.5,16249.3,16250.3,1,1090
2026-07-21T06:40:00+00:00,16249.9,16250.2,16246.9,16247.8,16249.4,16250.4,16249.7,16250.7,16246.4,16247.4,16247.3,16248.3,1,1100
2026-07-21T06:45:00+00:00,16247.7,16249.5,16247.5,16249.5,16247.2,16248.2,16249,16250,16247,16248,16249,16250,1,57
2026-07-21T06:50:00+00:00,16249.4,16251.9,16249.1,16251.8,16248.9,16249.9,16251.4,16252.4,16248.6,16249.6,16251.3,16252.3,1,147
2026-07-21T06:55:00+00:00,16251.9,16252.2,16250.8,16250.8,16251.4,16252.4,16251.7,16252.7,16250.3,16251.3,16250.3,16251.3,1,84
2026-07-21T07:00:00+00:00,16251.3,16251.4,16248.2,16249.9,16250.8,16251.8,16250.9,16251.9,16247.7,16248.7,16249.4,16250.4,1,154
2026-07-21T07:05:00+00:00,16249.8,16251,16248.7,16250.5,16249.3,16250.3,16250.5,16251.5,16248.2,16249.2,16250,16251,1,155
2026-07-21T07:10:00+00:00,16250.6,16252.3,16250.4,16251.7,16250.1,16251.1,16251.8,16252.8,16249.9,16250.9,16251.2,16252.2,1,116
2026-07-21T07:15:00+00:00,16251.6,16251.9,16250.7,16251.8,16251.1,16252.1,16251.4,16252.4,16250.2,16251.2,16251.3,16252.3,1,81
2026-07-21T07:20:00+00:00,16251.7,16252.4,16250.9,16252.1,16251.2,16252.2,16251.9,16252.9,16250.4,16251.4,16251.6,16252.6,1,108
2026-07-21T07:25:00+00:00,16252,16252.4,16251.8,16252,16251.5,16252.5,16251.9,16252.9,16251.3,16252.3,16251.5,16252.5,1,96
2026-07-21T07:30:00+00:00,16252.1,16254.2,16251.6,16252.9,16251.6,16252.6,16253.7,16254.7,16251.1,16252.1,16252.4,16253.4,1,153
2026-07-21T07:35:00+00:00,16252.3,16254.2,16251.7,16253.6,16251.8,16252.8,16253.7,16254.7,16251.2,16252.2,16253.1,16254.1,1,114
2026-07-21T07:40:00+00:00,16253.5,16255,16253.5,16254.5,16253,16254,16254.5,16255.5,16253,16254,16254,16255,1,151
2026-07-21T07:45:00+00:00,16254.6,16255.5,16251.8,16252.5,16254.1,16255.1,16255,16256,16251.3,16252.3,16252,16253,1,131
2026-07-21T07:50:00+00:00,16252.6,16253.5,16252.2,16252.7,16252.1,16253.1,16253,16254,16251.7,16252.7,16252.2,16253.2,1,120
2026-07-21T07:55:00+00:00,16252.8,16254.2,16252.7,16253.1,16252.3,16253.3,16253.7,16254.7,16252.2,16253.2,16252.6,16253.6,1,95
2026-07-21T08:00:00+00:00,16253.2,16254.7,16252.4,16254.5,16252.7,16253.7,16254.2,16255.2,16251.9,16252.9,16254,16255,1,139
2026-07-21T08:05:00+00:00,16254.4,16254.6,16253.3,16254.3,16253.9,16254.9,16254.1,16255.1,16252.8,16253.8,16253.8,16254.8,1,151
2026-07-21T08:10:00+00:00,16254.5,16256.7,16254.4,16256.3,16254,16255,16256.2,16257.2,16253.9,16254.9,16255.8,16256.8,1,247
2026-07-21T08:15:00+00:00,16256.4,16258.3,16255.5,16255.6,16255.9,16256.9,16257.8,16258.8,16255,16256,16255.1,16256.1,1,248
2026-07-21T08:20:00+00:00,16255.5,16257.8,16254.8,16257.6,16255,16256,16257.3,16258.3,16254.3,16255.3,16257.1,16258.1,1,231
2026-07-21T08:25:00+00:00,16257.5,16259.5,16257.5,16259.4,16257,16258,16259,16260,16257,16258,16258.9,16259.9,1,245
2026-07-21T08:30:00+00:00,16259.8,16260.4,16257.4,16257.8,16259.3,16260.3,16259.9,16260.9,16256.9,16257.9,16257.3,16258.3,1,243
2026-07-21T08:35:00+00:00,16257.5,16257.9,16255.6,16257.2,16257,16258,16257.4,16258.4,16255.1,16256.1,16256.7,16257.7,1,195
2026-07-21T08:40:00+00:00,16257.1,16259.4,16257.1,16259.1,16256.6,16257.6,16258.9,16259.9,16256.6,16257.6,16258.6,16259.6,1,231
2026-07-21T08:45:00+00:00,16259,16259.9,16258.1,16259.7,16258.5,16259.5,16259.4,16260.4,16257.6,16258.6,16259.2,16260.2,1,208
2026-07-21T08:50:00+00:00,16259.6,16262,16259.4,16261.4,16259.1,16260.1,16261.5,16262.5,16258.9,16259.9,16260.9,16261.9,1,228
2026-07-21T08:55:00+00:00,16261.7,16262.3,16259.9,16260.1,16261.2,16262.2,16261.8,16262.8,16259.4,16260.4,16259.6,16260.6,1,164
2026-07-21T09:00:00+00:00,16260.3,16262.1,16259,16261.8,16259.8,16260.8,16261.6,16262.6,16258.5,16259.5,16261.3,16262.3,1,126
2026-07-21T09:05:00+00:00,16261.7,16263.6,16261.6,16263.4,16261.2,16262.2,16263.1,16264.1,16261.1,16262.1,16262.9,16263.9,1,204
2026-07-21T09:10:00+00:00,16263.5,16265,16263.5,16264.3,16263,16264,16264.5,16265.5,16263,16264,16263.8,16264.8,1,226
2026-07-21T09:15:00+00:00,16264.4,16267.6,16264.4,16264.7,16263.9,16264.9,16267.1,16268.1,16263.9,16264.9,16264.2,16265.2,1,202
2026-07-21T09:20:00+00:00,16264.6,16265.9,16263.6,16264.7,16264.1,16265.1,16265.4,16266.4,16263.1,16264.1,16264.2,16265.2,1,227
2026-07-21T09:25:00+00:00,16264.6,16268.2,16264.5,16267.5,16264.1,16265.1,16267.7,16268.7,16264,16265,16267,16268,1,202
2026-07-21T09:30:00+00:00,16267.7,16269.9,16267.5,16268.3,16267.2,16268.2,16269.4,16270.4,16267,16268,16267.8,16268.8,1,211
2026-07-21T09:35:00+00:00,16268.4,16270.2,16267.9,16269.3,16267.9,16268.9,16269.7,16270.7,16267.4,16268.4,16268.8,16269.8,1,221
2026-07-21T09:40:00+00:00,16269.1,16269.5,16267.5,16268.4,16268.6,16269.6,16269,16270,16267,16268,16267.9,16268.9,1,147
2026-07-21T09:45:00+00:00,16268.3,16270.1,16268.1,16269.3,16267.8,16268.8,16269.6,16270.6,16267.6,16268.6,16268.8,16269.8,1,185
2026-07-21T09:50:00+00:00,16269.4,16270.1,16268.7,16268.9,16268.9,16269.9,16269.6,16270.6,16268.2,16269.2,16268.4,16269.4,1,144
2026-07-21T09:55:00+00:00,16268.8,16269.3,16267.7,16269.2,16268.3,16269.3,16268.8,16269.8,16267.2,16268.2,16268.7,16269.7,1,106
2026-07-21T10:00:00+00:00,16269.4,16270,16268.3,16268.7,16268.9,16269.9,16269.5,16270.5,16267.8,16268.8,16268.2,16269.2,1,90
2026-07-21T10:05:00+00:00,16268.6,16268.6,16267.3,16268.1,16268.1,16269.1,16268.1,16269.1,16266.8,16267.8,16267.6,16268.6,1,164
2026-07-21T10:10:00+00:00,16268.2,16270,16268,16269.3,16267.7,16268.7,16269.5,16270.5,16267.5,16268.5,16268.8,16269.8,1,187
2026-07-21T10:15:00+00:00,16269.2,16270,16262.4,16266.1,16268.7,16269.7,16269.5,16270.5,16261.9,16262.9,16265.6,16266.6,1,275
2026-07-21T10:20:00+00:00,16266,16267.9,16265.8,16267.3,16265.5,16266.5,16267.4,16268.4,16265.3,16266.3,16266.8,16267.8,1,236
2026-07-21T10:25:00+00:00,16267.5,16268.8,16266.7,16268.8,16267,16268,16268.3,16269.3,16266.2,16267.2,16268.3,16269.3,1,256
2026-07-21T10:30:00+00:00,16268.6,16269.5,16266.2,16266.5,16268.1,16269.1,16269,16270,16265.7,16266.7,16266,16267,1,201
2026-07-21T10:35:00+00:00,16266.6,16268.4,16266,16267.5,16266.1,16267.1,16267.9,16268.9,16265.5,16266.5,16267,16268,1,153
2026-07-21T10:40:00+00:00,16267.6,16267.8,16265.9,16267.3,16267.1,16268.1,16267.3,16268.3,16265.4,16266.4,16266.8,16267.8,1,170
2026-07-21T10:45:00+00:00,16267.4,16267.5,16265.5,16266.8,16266.9,16267.9,16267,16268,16265,16266,16266.3,16267.3,1,163
2026-07-21T10:50:00+00:00,16266.9,16268.6,16266,16267.2,16266.4,16267.4,16268.1,16269.1,16265.5,16266.5,16266.7,16267.7,1,202
2026-07-21T10:55:00+00:00,16267.1,16268.8,16266.8,16267.7,16266.6,16267.6,16268.3,16269.3,16266.3,16267.3,16267.2,16268.2,1,144
2026-07-21T11:00:00+00:00,16267.8,16268.6,16264.5,16268,16267.3,16268.3,16268.1,16269.1,16264,16265,16267.5,16268.5,1,143
2026-07-21T11:05:00+00:00,16268.3,16269.1,16267.7,16268.7,16267.8,16268.8,16268.6,16269.6,16267.2,16268.2,16268.2,16269.2,1,129
2026-07-21T11:10:00+00:00,16268.6,16268.8,16265.1,16267.5,16268.1,16269.1,16268.3,16269.3,16264.6,16265.6,16267,16268,1,385
2026-07-21T11:15:00+00:00,16267.3,16268.2,16265.8,16266.9,16266.8,16267.8,16267.7,16268.7,16265.3,16266.3,16266.4,16267.4,1,213
2026-07-21T11:20:00+00:00,16267,16267,16264.7,16266.4,16266.5,16267.5,16266.5,16267.5,16264.2,16265.2,16265.9,16266.9,1,178
2026-07-21T11:25:00+00:00,16266.3,16266.9,16265.3,16265.8,16265.8,16266.8,16266.4,16267.4,16264.8,16265.8,16265.3,16266.3,1,164
2026-07-21T11:30:00+00:00,16266,16267.4,16264.9,16267.4,16265.5,16266.5,16266.9,16267.9,16264.4,16265.4,16266.9,16267.9,1,195
2026-07-21T11:35:00+00:00,16267.3,16269.2,16267,16269.1,16266.8,16267.8,16268.7,16269.7,16266.5,16267.5,16268.6,16269.6,1,196
2026-07-21T11:40:00+00:00,16268.9,16269.8,16268.1,16269.3,16268.4,16269.4,16269.3,16270.3,16267.6,16268.6,16268.8,16269.8,1,153
2026-07-21T11:45:00+00:00,16269.4,16270.1,16269,16270,16268.9,16269.9,16269.6,16270.6,16268.5,16269.5,16269.5,16270.5,1,161
2026-07-21T11:50:00+00:00,16269.9,16270.2,16268.1,16268.7,16269.4,16270.4,16269.7,16270.7,16267.7,16268.5,16268.2,16269.2,1,166
2026-07-21T11:55:00+00:00,16268.8,16269.1,16266.4,16267.1,16268.3,16269.3,16268.6,16269.6,16265.9,16266.9,16266.6,16267.6,1,334
2026-07-21T12:00:00+00:00,16266.8,16269.7,16266.4,16268.8,16266.3,16267.3,16269.2,16270.2,16265.9,16266.9,16268.3,16269.3,1,296
2026-07-21T12:05:00+00:00,16268.9,16272.5,16268.2,16271.8,16268.4,16269.4,16272,16273,16267.7,16268.7,16271.3,16272.3,1,1063
2026-07-21T12:10:00+00:00,16271.6,16274.1,16271.4,16272.8,16271.1,16272.1,16273.6,16274.6,16270.9,16271.9,16272.3,16273.3,1,1744
2026-07-21T12:15:00+00:00,16272.9,16274.2,16271.9,16274,16272.4,16273.4,16273.7,16274.7,16271.4,16272.4,16273.5,16274.5,1,1844
2026-07-21T12:20:00+00:00,16273.9,16275.2,16273.3,16273.9,16273.4,16274.4,16274.7,16275.7,16272.8,16273.8,16273.4,16274.4,1,1727
2026-07-21T12:25:00+00:00,16273.6,16274.8,16273.3,16274,16273.1,16274.1,16274.3,16275.3,16272.8,16273.8,16273.5,16274.5,1,1809
2026-07-21T12:30:00+00:00,16273.9,16275.3,16272.6,16275.3,16273.4,16274.4,16274.8,16275.8,16272.1,16273.1,16274.8,16275.8,1,1743
2026-07-21T12:35:00+00:00,16275.2,16275.4,16272.8,16274,16274.7,16275.7,16274.9,16275.9,16272.3,16273.3,16273.5,16274.5,1,1821
2026-07-21T12:40:00+00:00,16273.7,16275.1,16273.1,16273.5,16273.2,16274.2,16274.6,16275.6,16272.6,16273.6,16273,16274,1,1789
2026-07-21T12:45:00+00:00,16273.6,16274.8,16273.1,16273.7,16273.1,16274.1,16274.3,16275.3,16272.6,16273.6,16273.2,16274.2,1,1801
2026-07-21T12:50:00+00:00,16273.6,16275.6,16273.1,16275.1,16273.1,16274.1,16275.1,16276.1,16272.6,16273.6,16274.6,16275.6,1,1798
2026-07-21T12:55:00+00:00,16275.2,16275.5,16272.7,16273.4,16274.7,16275.7,16275,16276,16272.2,16273.2,16272.9,16273.9,1,1649
2026-07-21T13:00:00+00:00,16272.7,16275.5,16271.9,16275.3,16272.2,16273.2,16275,16276,16271.4,16272.4,16274.8,16275.8,1,1586
2026-07-21T13:05:00+00:00,16275.2,16275.4,16274.1,16275,16274.7,16275.7,16274.9,16275.9,16273.6,16274.6,16274.5,16275.5,1,156
2026-07-21T13:10:00+00:00,16275.1,16275.4,16274.1,16274.3,16274.6,16275.6,16274.9,16275.9,16273.6,16274.6,16273.8,16274.8,1,92
2026-07-21T13:15:00+00:00,16274.2,16275.4,16273.4,16274.7,16273.7,16274.7,16274.9,16275.9,16272.9,16273.9,16274.2,16275.2,1,148
2026-07-21T13:20:00+00:00,16274.8,16278.2,16274.6,16277.5,16274.3,16275.3,16277.7,16278.7,16274.1,16275.1,16277,16278,1,152
2026-07-21T13:25:00+00:00,16277.9,16280.1,16277.2,16278.7,16277.4,16278.4,16279.6,16280.6,16276.7,16277.7,16278.2,16279.2,1,173
2026-07-21T13:30:00+00:00,16278.6,16279.5,16277.2,16278.4,16278.1,16279.1,16279,16280,16276.7,16277.7,16277.9,16278.9,1,130
2026-07-21T13:35:00+00:00,16278.9,16280.1,16278.7,16279.1,16278.4,16279.4,16279.6,16280.6,16278.2,16279.2,16278.6,16279.6,1,79
2026-07-21T13:40:00+00:00,16279,16280.3,16278.2,16278.6,16278.5,16279.5,16279.8,16280.8,16277.7,16278.7,16278.1,16279.1,1,210
2026-07-21T13:45:00+00:00,16278.7,16278.8,16276.9,16277.2,16278.2,16279.2,16278.3,16279.3,16276.4,16277.4,16276.7,16277.7,1,140
2026-07-21T13:50:00+00:00,16277.5,16278.4,16269.8,16272.8,16277,16278,16277.9,16278.9,16269.3,16270.3,16272.3,16273.3,1,266
2026-07-21T13:55:00+00:00,16272.9,16275,16272.2,16272.5,16272.4,16273.4,16274.5,16275.5,16271.7,16272.7,16272,16273,1,191
2026-07-21T14:00:00+00:00,16272.6,16276.5,16272.5,16275.9,16272.1,16273.1,16276,16277,16272,16273,16275.4,16276.4,1,206
2026-07-21T14:05:00+00:00,16276,16276.6,16274.5,16276.6,16275.5,16276.5,16276.1,16277.1,16274,16275,16276.1,16277.1,1,205
2026-07-21T14:10:00+00:00,16276.3,16276.5,16273.4,16275.3,16275.8,16276.8,16276,16277,16272.9,16273.9,16274.8,16275.8,1,150
2026-07-21T14:15:00+00:00,16275.4,16279.9,16275.3,16279.6,16274.9,16275.9,16279.4,16280.4,16274.8,16275.8,16279.1,16280.1,1,160
2026-07-21T14:20:00+00:00,16279.7,16280.3,16278.6,16278.7,16279.2,16280.2,16279.8,16280.8,16278.1,16279.1,16278.2,16279.2,1,158
2026-07-21T14:25:00+00:00,16278.8,16280.4,16278.1,16280,16278.3,16279.3,16279.9,16280.9,16277.6,16278.6,16279.5,16280.5,1,137
2026-07-21T14:30:00+00:00,16280.3,16280.8,16277.3,16279.1,16279.8,16280.8,16280.3,16281.3,16276.8,16277.8,16278.6,16279.6,1,208
2026-07-21T14:35:00+00:00,16279.2,16282.3,16278.5,16282.1,16278.7,16279.7,16281.9,16282.7,16278,16279,16281.6,16282.6,1,240
2026-07-21T14:40:00+00:00,16282.2,16283.5,16279.3,16283,16281.7,16282.7,16283,16284,16278.8,16279.8,16282.5,16283.5,1,231
2026-07-21T14:45:00+00:00,16283.1,16284.4,16280.4,16282.7,16282.6,16283.6,16283.9,16284.9,16279.9,16280.9,16282.2,16283.2,1,202
2026-07-21T14:50:00+00:00,16282.8,16289.1,16282.2,16287.1,16282.3,16283.3,16288.6,16289.6,16281.7,16282.7,16286.6,16287.6,1,341
2026-07-21T14:55:00+00:00,16287.2,16288.6,16285.4,16286.5,16286.7,16287.7,16288.1,16289.1,16284.9,16285.9,16286,16287,1,225
2026-07-21T15:00:00+00:00,16286.6,16288.6,16285.5,16286.5,16286.1,16287.1,16288.1,16289.1,16285,16286,16286,16287,1,224
2026-07-21T15:05:00+00:00,16286.4,16292.3,16286.1,16292.1,16285.9,16286.9,16291.8,16292.8,16285.6,16286.6,16291.6,16292.6,1,270
2026-07-21T15:10:00+00:00,16292,16292.5,16289.3,16289.5,16291.5,16292.5,16292,16293,16288.8,16289.8,16289,16290,1,291
2026-07-21T15:15:00+00:00,16289.6,16292.7,16289.5,16292.1,16289.1,16290.1,16292.2,16293.2,16289,16290,16291.6,16292.6,1,245
2026-07-21T15:20:00+00:00,16292.2,16292.3,16290.15,16290.3,16291.7,16292.7,16291.8,16292.8,16289.7,16290.6,16289.8,16290.8,1,271
2026-07-21T15:25:00+00:00,16290.4,16295.3,16290.2,16294.7,16289.9,16290.9,16294.8,16295.8,16289.7,16290.7,16294.2,16295.2,1,272
2026-07-21T15:30:00+00:00,16294.8,16298.6,16292.1,16297.6,16294.3,16295.3,16298.1,16299.1,16291.6,16292.6,16297.1,16298.1,1,403
2026-07-21T15:35:00+00:00,16297.5,16299.4,16297,16298.2,16297,16298,16298.9,16299.9,16296.5,16297.5,16297.7,16298.7,1,302
2026-07-21T15:40:00+00:00,16298.1,16298.2,16295.2,16296.7,16297.6,16298.6,16297.7,16298.7,16294.7,16295.7,16296.2,16297.2,1,330
2026-07-21T15:45:00+00:00,16296.8,16298.6,16294.7,16297.4,16296.3,16297.3,16298.1,16299.1,16294.2,16295.2,16296.9,16297.9,1,336
2026-07-21T15:50:00+00:00,16297.5,16304.3,16296.8,16299.5,16297,16298,16303.8,16304.8,16296.3,16297.3,16299,16300,1,269
2026-07-21T15:55:00+00:00,16298.4,16303.9,16290,16301.4,16297.9,16298.9,16303.4,16304.4,16289.5,16290.5,16300.9,16301.9,1,596
2026-07-21T16:00:00+00:00,16301.8,16301.8,16298.7,16299,16301.3,16302.3,16301.3,16302.3,16298.2,16299.2,16298.5,16299.5,1,230
2026-07-21T16:05:00+00:00,16298.8,16299.8,16297.6,16298.9,16298.3,16299.3,16299.3,16300.3,16297.1,16298.1,16298.4,16299.4,1,243
2026-07-21T16:10:00+00:00,16298.8,16298.9,16295.6,16295.8,16298.3,16299.3,16298.4,16299.4,16295.1,16296.1,16295.3,16296.3,1,170
2026-07-21T16:15:00+00:00,16295.3,16295.9,16293,16293.4,16294.8,16295.8,16295.4,16296.4,16292.5,16293.5,16292.9,16293.9,1,212
2026-07-21T16:20:00+00:00,16293.5,16294.7,16291,16293.7,16293,16294,16294.2,16295.2,16290.5,16291.5,16293.2,16294.2,1,251
2026-07-21T16:25:00+00:00,16293.8,16296.1,16293.7,16296.1,16293.3,16294.3,16295.6,16296.6,16293.2,16294.2,16295.6,16296.6,1,177
2026-07-21T16:30:00+00:00,16296.2,16298.9,16294.7,16296.7,16295.7,16296.7,16298.4,16299.4,16294.2,16295.2,16296.2,16297.2,1,224
2026-07-21T16:35:00+00:00,16297,16297.9,16295.8,16297.4,16296.5,16297.5,16297.4,16298.4,16295.3,16296.3,16296.9,16297.9,1,211
2026-07-21T16:40:00+00:00,16297.5,16301.4,16297.3,16301.1,16297,16298,16300.9,16301.9,16296.8,16297.8,16300.6,16301.6,1,227
2026-07-21T16:45:00+00:00,16301,16303,16300.4,16302.4,16300.5,16301.5,16302.5,16303.5,16299.9,16300.9,16301.9,16302.9,1,255
2026-07-21T16:50:00+00:00,16302.5,16303.8,16301.5,16303.5,16302,16303,16303.3,16304.3,16301,16302,16303,16304,1,243
2026-07-21T16:55:00+00:00,16303.4,16303.8,16301.2,16301.2,16302.9,16303.9,16303.3,16304.3,16300.7,16301.7,16300.7,16301.7,1,198
2026-07-21T17:00:00+00:00,16301.1,16302.5,16300.4,16300.4,16300.6,16301.6,16302,16303,16299.9,16300.9,16299.9,16300.9,1,106
2026-07-21T17:05:00+00:00,16300.3,16301.3,16300.2,16301,16299.8,16300.8,16300.8,16301.8,16299.7,16300.7,16300.5,16301.5,1,137
2026-07-21T17:10:00+00:00,16301.1,16302.3,16300,16301.9,16300.6,16301.6,16301.8,16302.8,16299.5,16300.5,16301.4,16302.4,1,236
2026-07-21T17:15:00+00:00,16301.8,16302.4,16300.6,16302.2,16301.3,16302.3,16301.9,16302.9,16300.1,16301.1,16301.7,16302.7,1,127
2026-07-21T17:20:00+00:00,16302.3,16303,16300.6,16301,16301.8,16302.8,16302.5,16303.5,16300.1,16301.1,16300.5,16301.5,1,182
2026-07-21T17:25:00+00:00,16300.9,16301,16298.7,16299.8,16300.4,16301.4,16300.5,16301.5,16298.2,16299.2,16299.3,16300.3,1,199
2026-07-21T17:30:00+00:00,16299.9,16300.7,16298.3,16299.6,16299.4,16300.4,16300.2,16301.2,16297.8,16298.8,16299.1,16300.1,1,201
2026-07-21T17:35:00+00:00,16299.5,16300.4,16298.9,16299.7,16299,16300,16299.9,16300.9,16298.4,16299.4,16299.2,16300.2,1,199
2026-07-21T17:40:00+00:00,16299.8,16299.8,16296.1,16297,16299.3,16300.3,16299.3,16300.3,16295.6,16296.6,16296.5,16297.5,1,211
2026-07-21T17:45:00+00:00,16296.9,16300.2,16295.8,16300.2,16296.4,16297.4,16299.7,16300.7,16295.3,16296.3,16299.7,16300.7,1,211
2026-07-21T17:50:00+00:00,16300.3,16301.4,16299.7,16301,16299.8,16300.8,16300.9,16301.9,16299.2,16300.2,16300.5,16301.5,1,166
2026-07-21T17:55:00+00:00,16300.9,16301.4,16299.3,16301.3,16300.4,16301.4,16300.9,16301.9,16298.8,16299.8,16300.8,16301.8,1,150
2026-07-21T18:00:00+00:00,16301.4,16301.4,16297.8,16299.7,16300.9,16301.9,16300.9,16301.9,16297.3,16298.3,16299.2,16300.2,1,123
2026-07-21T18:05:00+00:00,16299.6,16301.9,16299.6,16301.9,16299.1,16300.1,16301.4,16302.4,16299.1,16300.1,16301.4,16302.4,1,115
2026-07-21T18:10:00+00:00,16301.8,16302.1,16300.6,16301.2,16301.3,16302.3,16301.6,16302.6,16300.1,16301.1,16300.7,16301.7,1,167
2026-07-21T18:15:00+00:00,16301.3,16302.3,16300,16300.6,16300.8,16301.8,16301.8,16302.8,16299.5,16300.5,16300.1,16301.1,1,134
2026-07-21T18:20:00+00:00,16300.7,16301,16299.1,16299.7,16300.2,16301.2,16300.5,16301.5,16298.6,16299.6,16299.2,16300.2,1,156
2026-07-21T18:25:00+00:00,16299.6,16300,16297.9,16298.4,16299.1,16300.1,16299.5,16300.5,16297.4,16298.4,16297.9,16298.9,1,185
2026-07-21T18:30:00+00:00,16298.3,16300.7,16298.3,16300.7,16297.8,16298.8,16300.2,16301.2,16297.8,16298.8,16300.2,16301.2,1,121
2026-07-21T18:35:00+00:00,16300.8,16301.3,16299.8,16300.9,16300.3,16301.3,16300.8,16301.8,16299.3,16300.3,16300.4,16301.4,1,126
2026-07-21T18:40:00+00:00,16301,16302.1,16300.2,16301.1,16300.5,16301.5,16301.6,16302.6,16299.7,16300.7,16300.6,16301.6,1,130
2026-07-21T18:45:00+00:00,16301.2,16302.3,16300.3,16302.1,16300.7,16301.7,16301.8,16302.8,16299.8,16300.8,16301.6,16302.6,1,159
2026-07-21T18:50:00+00:00,16302,16302.2,16301.3,16302,16301.5,16302.5,16301.7,16302.7,16300.8,16301.8,16301.5,16302.5,1,151
2026-07-21T18:55:00+00:00,16302.1,16303.2,16301.4,16302.5,16301.6,16302.6,16302.7,16303.7,16300.9,16301.9,16302,16303,1,96
2026-07-21T19:00:00+00:00,16302.6,16310.4,16302.5,16310.4,16302.1,16303.1,16309.9,16310.9,16302,16303,16309.9,16310.9,1,111
2026-07-21T19:05:00+00:00,16310.5,16322.5,16309.2,16314.3,16310,16311,16322,16323,16308.7,16309.7,16313.8,16314.8,1,473
2026-07-21T19:10:00+00:00,16314.4,16314.4,16312.2,16313.8,16313.9,16314.9,16313.9,16314.9,16311.7,16312.7,16313.3,16314.3,1,321
2026-07-21T19:15:00+00:00,16313.9,16315.6,16313.3,16315.3,16313.4,16314.4,16315.1,16316.1,16312.8,16313.8,16314.8,16315.8,1,243
2026-07-21T19:20:00+00:00,16315.2,16318.2,16314.7,16316.9,16314.7,16315.7,16317.7,16318.7,16314.2,16315.2,16316.4,16317.4,1,240
2026-07-21T19:25:00+00:00,16317,16317,16313.5,16315.4,16316.5,16317.5,16316.5,16317.5,16313,16314,16314.9,16315.9,1,241
2026-07-21T19:30:00+00:00,16315.3,16318,16314.7,16317.9,16314.8,16315.8,16317.5,16318.5,16314.2,16315.2,16317.4,16318.4,1,261
2026-07-21T19:35:00+00:00,16317.8,16319.7,16317.8,16318.3,16317.3,16318.3,16319.2,16320.2,16317.3,16318.3,16317.8,16318.8,1,196
2026-07-21T19:40:00+00:00,16318.2,16323.4,16318.2,16323.4,16317.7,16318.7,16322.9,16323.9,16317.7,16318.7,16322.9,16323.9,1,269
2026-07-21T19:45:00+00:00,16323.3,16323.85,16322.1,16323.3,16322.8,16323.8,16323.4,16324.3,16321.6,16322.6,16322.8,16323.8,1,244
2026-07-21T19:50:00+00:00,16323.2,16324.1,16320.3,16320.8,16322.7,16323.7,16323.6,16324.6,16319.8,16320.8,16320.3,16321.3,1,214
2026-07-21T19:55:00+00:00,16320.9,16321.9,16318.3,16319.2,16320.4,16321.4,16321.4,16322.4,16317.8,16318.8,16318.7,16319.7,1,212
2026-07-21T20:00:00+00:00,16318.5,16320.5,16316.7,16320.5,16318,16319,16320,16321,16316.2,16317.2,16320,16321,1,117
2026-07-21T20:05:00+00:00,16320.7,16320.9,16318.6,16319.9,16320.2,16321.2,16320.4,16321.4,16318.1,16319.1,16319.4,16320.4,1,140
2026-07-21T20:10:00+00:00,16320,16322.5,16319.9,16321.3,16319.5,16320.5,16322,16323,16319.4,16320.4,16320.8,16321.8,1,218
2026-07-21T20:15:00+00:00,16321.4,16322.1,16319.6,16319.7,16320.9,16321.9,16321.6,16322.6,16319.1,16320.1,16319.2,16320.2,1,172
2026-07-21T20:20:00+00:00,16319,16319.5,16316.6,16318,16318.5,16319.5,16319,16320,16316.1,16317.1,16317.5,16318.5,1,210
2026-07-21T20:25:00+00:00,16318.1,16318.6,16316.4,16317.7,16317.6,16318.6,16318.1,16319.1,16315.9,16316.9,16317.2,16318.2,1,273
2026-07-21T20:30:00+00:00,16317.6,16317.9,16316.1,16317,16317.1,16318.1,16317.4,16318.4,16315.6,16316.6,16316.5,16317.5,1,164
2026-07-21T20:35:00+00:00,16317.1,16320.9,16317.1,16320,16316.6,16317.6,16320.4,16321.4,16316.6,16317.6,16319.5,16320.5,1,215
2026-07-21T20:40:00+00:00,16320.1,16320.8,16319,16320.4,16319.6,16320.6,16320.3,16321.3,16318.5,16319.5,16319.9,16320.9,1,163
2026-07-21T20:45:00+00:00,16320.5,16320.8,16319.5,16319.9,16320,16321,16320.3,16321.3,16319,16320,16319.4,16320.4,1,141
2026-07-21T20:50:00+00:00,16320.3,16320.8,16318.7,16319.5,16319.8,16320.8,16320.3,16321.3,16318.2,16319.2,16319,16320,1,186
2026-07-21T20:55:00+00:00,16319.4,16321,16319.1,16320.6,16318.9,16319.9,16320.5,16321.5,16318.6,16319.6,16320.1,16321.1,1,290
2026-07-21T21:00:00+00:00,16319.7,16322.5,16319.7,16321.7,16319.2,16320.2,16322,16323,16319.2,16320.2,16321.2,16322.2,1,227
2026-07-21T21:05:00+00:00,16321.6,16322.7,16321.1,16322.1,16321.1,16322.1,16322.2,16323.2,16320.6,16321.6,16321.6,16322.6,1,96
2026-07-21T21:10:00+00:00,16322.3,16323.2,16321,16322.8,16321.8,16322.8,16322.7,16323.7,16320.5,16321.5,16322.3,16323.3,1,177
2026-07-21T21:15:00+00:00,16322.7,16323.5,16322.6,16322.6,16322.2,16323.2,16323,16324,16322.1,16323.1,16322.1,16323.1,1,157
2026-07-21T21:20:00+00:00,16322.7,16324.5,16322.7,16324.1,16322.2,16323.2,16324,16325,16322.2,16323.2,16323.6,16324.6,1,150
2026-07-21T21:25:00+00:00,16324,16324.4,16323,16323.6,16323.5,16324.5,16323.9,16324.9,16322.5,16323.5,16323.1,16324.1,1,141
2026-07-21T21:30:00+00:00,16323.7,16323.9,16322.6,16323.5,16323.2,16324.2,16323.4,16324.4,16322.1,16323.1,16323,16324,1,120
2026-07-21T21:35:00+00:00,16323.2,16323.8,16322,16322.2,16322.7,16323.7,16323.3,16324.3,16321.5,16322.5,16321.7,16322.7,1,151
2026-07-21T21:40:00+00:00,16322.1,16322.2,16320.1,16321.7,16321.6,16322.6,16321.7,16322.7,16319.6,16320.6,16321.2,16322.2,1,214
2026-07-21T21:45:00+00:00,16321.8,16322.3,16320.4,16320.85,16321.3,16322.3,16321.8,16322.8,16319.9,16320.9,16320.1,16321.6,1.5,196
2026-07-21T21:50:00+00:00,16320.8,16321,16319,16320.4,16320.3,16321.3,16320.3,16321.7,16318,16320,16319.3,16321.5,2.2,234
2026-07-21T21:55:00+00:00,16320.1,16322.4,16317.8,16317.8,16318.4,16321.8,16320.2,16324.6,16315.4,16320.2,16315.4,16320.2,4.8,202
2026-07-21T22:00:00+00:00,16317,16319.3,16316.5,16317.9,16315,16319,16315.8,16322.8,16314,16319,16314.4,16321.4,7,20
2026-07-21T22:05:00+00:00,16318,16318.7,16317.9,16318,16314.5,16321.5,16315.2,16322.2,16314.4,16321.4,16314.5,16321.5,7,5
2026-07-21T22:10:00+00:00,16317.9,16318.5,16315.3,16316.8,16314.4,16321.4,16315,16322,16311.8,16318.8,16313.3,16320.3,7,55
2026-07-21T22:15:00+00:00,16316.9,16318.3,16315.7,16317.65,16313.4,16320.4,16314.8,16321.8,16312.2,16319.2,16314.2,16321.1,6.9,30
2026-07-21T22:20:00+00:00,16317.75,16319.35,16317.65,16319,16314.3,16321.2,16316.5,16322.2,16314.2,16321.1,16316.4,16321.6,5.2,49
2026-07-21T22:25:00+00:00,16318.9,16319.45,16317.85,16319.3,16316.3,16321.5,16317.1,16321.8,16315.4,16320.3,16317.1,16321.5,4.4,54
2026-07-21T22:30:00+00:00,16318.7,16319.3,16318.15,16318.2,16316.9,16320.5,16317.1,16321.5,16315.9,16320.4,16315.9,16320.5,4.6,78
2026-07-21T22:35:00+00:00,16318.6,16319.2,16316.65,16317.7,16316.3,16320.9,16316.9,16321.5,16313.9,16319.4,16315.4,16320,4.6,53
2026-07-21T22:40:00+00:00,16317.6,16317.8,16316.05,16317.15,16315.3,16319.9,16315.5,16320.1,16313.2,16318.9,16314.2,16320.1,5.9,66
2026-07-21T22:45:00+00:00,16316.95,16317.25,16315.9,16316.95,16314,16319.9,16314.4,16320.1,16313.2,16318.6,16314.4,16319.5,5.1,62
2026-07-21T22:50:00+00:00,16316.65,16317,16315.9,16316.95,16314.1,16319.2,16314.4,16319.6,16313.3,16318.5,16314.4,16319.5,5.1,46
2026-07-21T22:55:00+00:00,16317.05,16317.25,16315.95,16317,16314.5,16319.6,16314.9,16319.6,16313.3,16318.6,16314.8,16319.2,4.4,46
2026-07-21T23:00:00+00:00,16316.95,16319.65,16316.95,16319.3,16314.4,16319.5,16318,16321.3,16314.4,16319.5,16318,16320.6,2.6,100
2026-07-21T23:05:00+00:00,16319.2,16319.75,16316.25,16317.6,16318.4,16320,16318.9,16320.6,16315.3,16317.2,16316.7,16318.5,1.8,100
2026-07-21T23:10:00+00:00,16317.6,16318.65,16317.05,16318.55,16316.6,16318.6,16317.9,16319.4,16316.2,16317.9,16317.7,16319.4,1.7,155
2026-07-21T23:15:00+00:00,16318.7,16319.5,16317.8,16318.3,16317.8,16319.6,16318.8,16320.2,16317.3,16318.3,16317.8,16318.8,1,107
2026-07-21T23:20:00+00:00,16318.2,16319.5,16317.7,16319.5,16317.7,16318.7,16319,16320,16317.2,16318.2,16319,16320,1,134
2026-07-21T23:25:00+00:00,16319.6,16319.7,16318,16319.5,16319.1,16320.1,16319.2,16320.2,16317.5,16318.5,16319,16320,1,172
2026-07-21T23:30:00+00:00,16319.6,16319.8,16318,16318.4,16319.1,16320.1,16319.3,16320.3,16317.5,16318.5,16317.9,16318.9,1,125
2026-07-21T23:35:00+00:00,16318.3,16319.5,16317.6,16319.5,16317.8,16318.8,16319,16320,16317.1,16318.1,16319,16320,1,122
2026-07-21T23:40:00+00:00,16319.6,16320,16319.2,16319.6,16319.1,16320.1,16319.5,16320.5,16318.7,16319.7,16319.1,16320.1,1,142
2026-07-21T23:45:00+00:00,16319.7,16319.9,16318.8,16319.7,16319.2,16320.2,16319.4,16320.4,16318.3,16319.3,16319.2,16320.2,1,159
2026-07-21T23:50:00+00:00,16319.8,16320.9,16319.1,16320.8,16319.3,16320.3,16320.4,16321.4,16318.6,16319.6,16320.3,16321.3,1,131
2026-07-21T23:55:00+00:00,16320.9,16321.3,16320.3,16320.6,16320.4,16321.4,16320.8,16321.8,16319.8,16320.8,16320.1,16321.1,1,83
2026-07-22T00:00:00+00:00,16320.8,16321.7,16320.4,16321.3,16320.3,16321.3,16321.2,16322.2,16319.9,16320.9,16320.8,16321.8,1,50
2026-07-22T00:05:00+00:00,16321.2,16321.4,16320.2,16320.4,16320.7,16321.7,16320.9,16321.9,16319.7,16320.7,16319.9,16320.9,1,37
2026-07-22T00:10:00+00:00,16320.3,16320.8,16319.5,16320.3,16319.8,16320.8,16320.3,16321.3,16319,16320,16319.8,16320.8,1,80
2026-07-22T00:15:00+00:00,16320.2,16321.3,16319.7,16321.2,16319.7,16320.7,16320.8,16321.8,16319.2,16320.2,16320.7,16321.7,1,48
2026-07-22T00:20:00+00:00,16321.3,16321.9,16321.1,16321.3,16320.8,16321.8,16321.4,16322.4,16320.6,16321.6,16320.8,16321.8,1,44
2026-07-22T00:25:00+00:00,16321.2,16321.9,16320.2,16320.3,16320.7,16321.7,16321.4,16322.4,16319.7,16320.7,16319.8,16320.8,1,71
2026-07-22T00:30:00+00:00,16320.2,16320.3,16319.9,16320,16319.7,16320.7,16319.8,16320.8,16319.4,16320.4,16319.5,16320.5,1,42
2026-07-22T00:35:00+00:00,16320.1,16320.8,16320,16320.3,16319.6,16320.6,16320.3,16321.3,16319.5,16320.5,16319.8,16320.8,1,94
2026-07-22T00:40:00+00:00,16320.2,16321.9,16320.2,16321.3,16319.7,16320.7,16321.4,16322.4,16319.7,16320.7,16320.8,16321.8,1,112
2026-07-22T00:45:00+00:00,16321.4,16322,16321.2,16321.3,16320.9,16321.9,16321.5,16322.5,16320.7,16321.7,16320.8,16321.8,1,123
2026-07-22T00:50:00+00:00,16321.2,16322.2,16320.2,16320.5,16320.7,16321.7,16321.7,16322.7,16319.5,16320.9,16320,16321,1,179
2026-07-22T00:55:00+00:00,16320.6,16321,16318.2,16318.5,16320.1,16321.1,16320.5,16321.5,16317.7,16318.7,16318,16319,1,150
2026-07-22T01:00:00+00:00,16318.4,16318.9,16313.1,16313.5,16317.9,16318.9,16318.4,16319.4,16312.6,16313.6,16313,16314,1,183
2026-07-22T01:05:00+00:00,16313.4,16320.9,16313.4,16316.2,16312.9,16313.9,16320.4,16321.4,16312.9,16313.9,16315.7,16316.7,1,278
2026-07-22T01:10:00+00:00,16316.3,16318.4,16311.2,16311.7,16315.8,16316.8,16317.9,16318.9,16310.7,16311.7,16311.2,16312.2,1,323
2026-07-22T01:15:00+00:00,16311.8,16313.4,16307.6,16307.7,16311.3,16312.3,16312.9,16313.9,16307.1,16308.1,16307.2,16308.2,1,302
2026-07-22T01:20:00+00:00,16307.8,16309,16302.7,16307.6,16307.3,16308.3,16308.5,16309.5,16302.2,16303.2,16307.1,16308.1,1,333
2026-07-22T01:25:00+00:00,16307.7,16310.6,16306.5,16306.8,16307.2,16308.2,16310.1,16311.1,16306,16307,16306.3,16307.3,1,304
2026-07-22T01:30:00+00:00,16306.7,16308.3,16305.2,16306.9,16306.2,16307.2,16307.8,16308.8,16304.7,16305.7,16306.4,16307.4,1,304
2026-07-22T01:35:00+00:00,16307,16313.4,16306.8,16313.3,16306.5,16307.5,16312.9,16313.9,16306.3,16307.3,16312.8,16313.8,1,262
2026-07-22T01:40:00+00:00,16313.4,16315.2,16311.4,16312.3,16312.9,16313.9,16314.7,16315.7,16310.9,16311.9,16311.8,16312.8,1,224
2026-07-22T01:45:00+00:00,16312.2,16316.3,16312.1,16315.3,16311.7,16312.7,16315.8,16316.8,16311.6,16312.6,16314.8,16315.8,1,305
2026-07-22T01:50:00+00:00,16315.2,16317.6,16311,16317.5,16314.7,16315.7,16317.1,16318.1,16310.5,16311.5,16317,16318,1,405
2026-07-22T01:55:00+00:00,16317.7,16318.4,16313.5,16313.8,16317.2,16318.2,16317.8,16319,16313,16314,16313.3,16314.3,1,266
2026-07-22T02:00:00+00:00,16313.7,16316.2,16310.1,16315.9,16313.2,16314.2,16315.7,16316.7,16309.6,16310.6,16315.4,16316.4,1,292
2026-07-22T02:05:00+00:00,16316,16316,16312.5,16313.4,16315.5,16316.5,16315.5,16316.5,16312,16313,16312.9,16313.9,1,168
2026-07-22T02:10:00+00:00,16313.5,16314.4,16312.3,16314,16313,16314,16313.9,16314.9,16311.8,16312.8,16313.5,16314.5,1,258
2026-07-22T02:15:00+00:00,16314.1,16316.8,16313.5,16314.9,16313.6,16314.6,16316.3,16317.3,16313,16314,16314.4,16315.4,1,171
2026-07-22T02:20:00+00:00,16315,16318.7,16314.2,16318.2,16314.5,16315.5,16318.2,16319.2,16313.7,16314.7,16317.7,16318.7,1,227
2026-07-22T02:25:00+00:00,16318.3,16318.6,16316.4,16316.5,16317.8,16318.8,16318.1,16319.1,16315.9,16316.9,16316,16317,1,291
2026-07-22T02:30:00+00:00,16316.3,16320.7,16316.3,16319.5,16315.8,16316.8,16320.2,16321.2,16315.8,16316.8,16319,16320,1,301
2026-07-22T02:35:00+00:00,16319.4,16319.6,16317.9,16318.1,16318.9,16319.9,16319.1,16320.1,16317.4,16318.4,16317.6,16318.6,1,255
2026-07-22T02:40:00+00:00,16318,16318.8,16317.2,16318.1,16317.5,16318.5,16318.3,16319.3,16316.7,16317.7,16317.6,16318.6,1,209
2026-07-22T02:45:00+00:00,16318.2,16318.6,16316.3,16317,16317.7,16318.7,16318.1,16319.1,16315.8,16316.8,16316.5,16317.5,1,199
2026-07-22T02:50:00+00:00,16317.3,16317.8,16316.3,16316.6,16316.8,16317.8,16317.3,16318.3,16315.8,16316.8,16316.1,16317.1,1,190
2026-07-22T02:55:00+00:00,16316.7,16317,16314.8,16315.2,16316.2,16317.2,16316.5,16317.5,16314.3,16315.3,16314.7,16315.7,1,118
2026-07-22T03:00:00+00:00,16315.1,16317.7,16314.9,16316.6,16314.6,16315.6,16317.2,16318.2,16314.4,16315.4,16316.1,16317.1,1,137
2026-07-22T03:05:00+00:00,16316.5,16316.7,16315.1,16316,16316,16317,16316.2,16317.2,16314.6,16315.6,16315.5,16316.5,1,100
2026-07-22T03:10:00+00:00,16315.9,16317.2,16315.2,16316.9,16315.4,16316.4,16316.7,16317.7,16314.7,16315.7,16316.4,16317.4,1,193
2026-07-22T03:15:00+00:00,16317,16317.4,16315.5,16316.9,16316.5,16317.5,16316.9,16317.9,16315,16316,16316.4,16317.4,1,189
2026-07-22T03:20:00+00:00,16316.8,16316.8,16314.4,16315.2,16316.3,16317.3,16316.3,16317.3,16313.9,16314.9,16314.7,16315.7,1,173
2026-07-22T03:25:00+00:00,16315.1,16315.1,16307.6,16309.9,16314.6,16315.6,16314.6,16315.6,16307.1,16308.1,16309.4,16310.4,1,375
2026-07-22T03:30:00+00:00,16309.8,16311,16308.1,16310.9,16309.3,16310.3,16310.5,16311.5,16307.6,16308.6,16310.4,16311.4,1,264
2026-07-22T03:35:00+00:00,16311,16311.7,16310,16310.9,16310.5,16311.5,16311.2,16312.2,16309.5,16310.5,16310.4,16311.4,1,162
2026-07-22T03:40:00+00:00,16311,16311.2,16308.7,16310,16310.5,16311.5,16310.7,16311.7,16308.2,16309.2,16309.5,16310.5,1,248
2026-07-22T03:45:00+00:00,16310.1,16313.3,16309.6,16313.3,16309.6,16310.6,16312.8,16313.8,16309.1,16310.1,16312.8,16313.8,1,219
2026-07-22T03:50:00+00:00,16313.2,16313.5,16311.5,16312,16312.7,16313.7,16313,16314,16311,16312,16311.5,16312.5,1,202
2026-07-22T03:55:00+00:00,16311.9,16312.7,16310.6,16312.3,16311.4,16312.4,16312.2,16313.2,16310.1,16311.1,16311.8,16312.8,1,195
2026-07-22T04:00:00+00:00,16312.7,16314.6,16311.8,16312,16312.2,16313.2,16314.1,16315.1,16311.3,16312.3,16311.5,16312.5,1,175
2026-07-22T04:05:00+00:00,16311.9,16315.3,16311.9,16315,16311.4,16312.4,16314.8,16315.8,16311.4,16312.4,16314.5,16315.5,1,168
2026-07-22T04:10:00+00:00,16315.2,16315.4,16314.1,16314.3,16314.7,16315.7,16314.9,16315.9,16313.6,16314.6,16313.8,16314.8,1,102
2026-07-22T04:15:00+00:00,16314.4,16315.1,16313.3,16314.6,16313.9,16314.9,16314.6,16315.6,16312.8,16313.8,16314.1,16315.1,1,98
2026-07-22T04:20:00+00:00,16314.2,16315.4,16314.2,16315,16313.7,16314.7,16314.9,16315.9,16313.7,16314.7,16314.5,16315.5,1,77
2026-07-22T04:25:00+00:00,16314.9,16315,16312.6,16312.6,16314.4,16315.4,16314.5,16315.5,16312.1,16313.1,16312.1,16313.1,1,91
2026-07-22T04:30:00+00:00,16312.7,16314,16311.2,16312.7,16312.2,16313.2,16313.5,16314.5,16310.7,16311.7,16312.2,16313.2,1,162
2026-07-22T04:35:00+00:00,16313.4,16314.1,16311.9,16312.4,16312.9,16313.9,16313.6,16314.6,16311.4,16312.4,16311.9,16312.9,1,90
2026-07-22T04:40:00+00:00,16312.3,16314.7,16312.2,16314.6,16311.8,16312.8,16314.2,16315.2,16311.7,16312.7,16314.1,16315.1,1,122
2026-07-22T04:45:00+00:00,16314.5,16316,16314.4,16315.4,16314,16315,16315.5,16316.5,16313.9,16314.9,16314.9,16315.9,1,102
2026-07-22T04:50:00+00:00,16315.8,16317.2,16315,16316.6,16315.3,16316.3,16316.7,16317.7,16314.5,16315.5,16316.1,16317.1,1,108
2026-07-22T04:55:00+00:00,16316.5,16316.8,16314.4,16316.3,16316,16317,16316.3,16317.3,16313.9,16314.9,16315.8,16316.8,1,158
2026-07-22T05:00:00+00:00,16316.4,16316.8,16315.8,16316.3,16315.9,16316.9,16316.3,16317.3,16315.3,16316.3,16315.8,16316.8,1,81
2026-07-22T05:05:00+00:00,16316.2,16317.2,16314.7,16317.1,16315.7,16316.7,16316.7,16317.7,16314.2,16315.2,16316.6,16317.6,1,101
2026-07-22T05:10:00+00:00,16317.2,16319.7,16317,16319.5,16316.7,16317.7,16319.2,16320.2,16316.5,16317.5,16319,16320,1,103
2026-07-22T05:15:00+00:00,16319.4,16319.4,16317.6,16318.2,16318.9,16319.9,16318.9,16319.9,16317.1,16318.1,16317.7,16318.7,1,75
2026-07-22T05:20:00+00:00,16317.8,16319.5,16317.6,16319.3,16317.3,16318.3,16319,16320,16317.1,16318.1,16318.8,16319.8,1,77
2026-07-22T05:25:00+00:00,16319.4,16319.7,16317.9,16318.3,16318.9,16319.9,16319.2,16320.2,16317.4,16318.4,16317.8,16318.8,1,100
2026-07-22T05:30:00+00:00,16318.6,16318.8,16316.7,16317,16318.1,16319.1,16318.3,16319.3,16316.2,16317.2,16316.5,16317.5,1,93
2026-07-22T05:35:00+00:00,16317.2,16317.8,16316.4,16316.5,16316.7,16317.7,16317.3,16318.3,16315.9,16316.9,16316,16317,1,57
2026-07-22T05:40:00+00:00,16316.6,16316.6,16315,16315.1,16316.1,16317.1,16316.1,16317.1,16314.5,16315.5,16314.6,16315.6,1,63
2026-07-22T05:45:00+00:00,16315.2,16316.6,16314.9,16316.5,16314.7,16315.7,16316.1,16317.1,16314.4,16315.4,16316,16317,1,70
2026-07-22T05:50:00+00:00,16316.6,16317.6,16316.3,16316.4,16316.1,16317.1,16317.1,16318.1,16315.8,16316.8,16315.9,16316.9,1,72
2026-07-22T05:55:00+00:00,16316.5,16318.4,16316.5,16317.3,16316,16317,16317.9,16318.9,16316,16317,16316.8,16317.8,1,67
2026-07-22T06:00:00+00:00,16317.4,16318,16316.2,16316.7,16316.9,16317.9,16317.5,16318.5,16315.7,16316.7,16316.2,16317.2,1,97
2026-07-22T06:05:00+00:00,16316.8,16317.5,16316.7,16317.4,16316.3,16317.3,16317,16318,16316.2,16317.2,16316.9,16317.9,1,66
2026-07-22T06:10:00+00:00,16317.3,16317.5,16315.9,16316.5,16316.8,16317.8,16317,16318,16315.4,16316.4,16316,16317,1,67
2026-07-22T06:15:00+00:00,16316.4,16317.4,16315.2,16315.9,16315.9,16316.9,16316.9,16317.9,16314.7,16315.7,16315.4,16316.4,1,439
2026-07-22T06:20:00+00:00,16315.8,16316.6,16314.8,16316.3,16315.3,16316.3,16316.1,16317.1,16314.3,16315.3,16315.8,16316.8,1,1139
2026-07-22T06:25:00+00:00,16316.4,16317.9,16315.6,16317.4,16315.9,16316.9,16317.4,16318.4,16315.1,16316.1,16316.9,16317.9,1,1221
2026-07-22T06:30:00+00:00,16317.5,16319.2,16316.6,16318.4,16317,16318,16318.7,16319.7,16316.1,16317.1,16317.9,16318.9,1,1214
2026-07-22T06:35:00+00:00,16318.3,16319.1,16316.1,16317.3,16317.8,16318.8,16318.6,16319.6,16315.6,16316.6,16316.8,16317.8,1,1272
2026-07-22T06:40:00+00:00,16317.4,16317.5,16314.3,16315,16316.9,16317.9,16317,16318,16313.8,16314.8,16314.5,16315.5,1,1304
2026-07-22T06:45:00+00:00,16315.1,16316.6,16314.7,16315.4,16314.6,16315.6,16316.1,16317.1,16314.2,16315.2,16314.9,16315.9,1,214
2026-07-22T06:50:00+00:00,16315.2,16317,16315.1,16316.6,16314.7,16315.7,16316.5,16317.5,16314.6,16315.6,16316.1,16317.1,1,90
2026-07-22T06:55:00+00:00,16316.9,16317,16308.8,16309.3,16316.4,16317.4,16316.5,16317.5,16308.3,16309.3,16308.8,16309.8,1,227
2026-07-22T07:00:00+00:00,16309.6,16309.6,16304.9,16308.4,16309.1,16310.1,16309.1,16310.1,16304.4,16305.4,16307.9,16308.9,1,269
2026-07-22T07:05:00+00:00,16308.5,16308.9,16306.6,16306.6,16308,16309,16308.4,16309.4,16306.1,16307.1,16306.1,16307.1,1,181
2026-07-22T07:10:00+00:00,16306.7,16308.2,16304.9,16307.9,16306.2,16307.2,16307.7,16308.7,16304.4,16305.4,16307.4,16308.4,1,210
2026-07-22T07:15:00+00:00,16308,16311.7,16307.9,16309.8,16307.5,16308.5,16311.2,16312.2,16307.4,16308.4,16309.3,16310.3,1,181
2026-07-22T07:20:00+00:00,16309.4,16310.2,16307.1,16309.6,16308.9,16309.9,16309.7,16310.7,16306.6,16307.6,16309.1,16310.1,1,208
2026-07-22T07:25:00+00:00,16309.7,16311.9,16309.2,16310.5,16309.2,16310.2,16311.4,16312.4,16308.7,16309.7,16310,16311,1,210
2026-07-22T07:30:00+00:00,16310.7,16311.8,16308.9,16309.8,16310.2,16311.2,16311.3,16312.3,16308.4,16309.4,16309.3,16310.3,1,166
2026-07-22T07:35:00+00:00,16310,16313.8,16309.1,16313.2,16309.5,16310.5,16313.3,16314.3,16308.6,16309.6,16312.7,16313.7,1,145
2026-07-22T07:40:00+00:00,16313.1,16313.9,16311.6,16311.6,16312.6,16313.6,16313.4,16314.4,16311.1,16312.1,16311.1,16312.1,1,153
2026-07-22T07:45:00+00:00,16311.4,16312.1,16310.4,16311.8,16310.9,16311.9,16311.7,16312.5,16309.9,16310.9,16311.3,16312.3,1,106
2026-07-22T07:50:00+00:00,16312.05,16313.3,16311.5,16311.9,16311.7,16312.4,16312.8,16313.8,16311,16312,16311.4,16312.4,1,157
2026-07-22T07:55:00+00:00,16311.7,16312.4,16308.7,16308.8,16311.2,16312.2,16311.9,16312.9,16308.2,16309.2,16308.3,16309.3,1,221
2026-07-22T08:00:00+00:00,16308.9,16311.1,16308.8,16310.7,16308.4,16309.4,16310.6,16311.6,16308.3,16309.3,16310.2,16311.2,1,196
2026-07-22T08:05:00+00:00,16310.8,16312,16308.6,16309.1,16310.3,16311.3,16311.5,16312.5,16308.1,16309.1,16308.6,16309.6,1,197
2026-07-22T08:10:00+00:00,16309,16309.5,16306.9,16309.1,16308.5,16309.5,16309,16310,16306.4,16307.4,16308.6,16309.6,1,271
2026-07-22T08:15:00+00:00,16309.3,16311.4,16309.1,16309.7,16308.8,16309.8,16310.9,16311.9,16308.6,16309.6,16309.2,16310.2,1,244
2026-07-22T08:20:00+00:00,16310.3,16313,16309.4,16311.7,16309.8,16310.8,16312.5,16313.5,16308.9,16309.9,16311.2,16312.2,1,201
2026-07-22T08:25:00+00:00,16311.8,16313.7,16311.1,16312.9,16311.3,16312.3,16313.2,16314.2,16310.6,16311.6,16312.4,16313.4,1,229
2026-07-22T08:30:00+00:00,16313,16313.5,16267.4,16292.7,16312.5,16313.5,16313,16314,16266,16268.8,16292.2,16293.2,1,758
2026-07-22T08:35:00+00:00,16292.6,16296.4,16292.4,16294,16292.1,16293.1,16295.9,16296.9,16291.9,16292.9,16293.5,16294.5,1,353
2026-07-22T08:40:00+00:00,16293.9,16294.9,16289.1,16294.3,16293.4,16294.4,16294.4,16295.4,16288.6,16289.6,16293.8,16294.8,1,354
2026-07-22T08:45:00+00:00,16294.4,16298.2,16292.9,16293,16293.9,16294.9,16297.7,16298.7,16292.4,16293.4,16292.5,16293.5,1,344
2026-07-22T08:50:00+00:00,16293.2,16294.8,16290.2,16291.3,16292.7,16293.7,16294.3,16295.3,16289.7,16290.7,16290.8,16291.8,1,391
2026-07-22T08:55:00+00:00,16291.4,16295.2,16290.8,16295,16290.9,16291.9,16294.7,16295.7,16290.3,16291.3,16294.5,16295.5,1,227
2026-07-22T09:00:00+00:00,16294.9,16297.1,16291.4,16296.2,16294.4,16295.4,16296.6,16297.6,16290.9,16291.9,16295.7,16296.7,1,256
2026-07-22T09:05:00+00:00,16296.3,16306.3,16295.6,16303,16295.8,16296.8,16305.8,16306.8,16295.1,16296.1,16302.5,16303.5,1,307
2026-07-22T09:10:00+00:00,16302.9,16306.1,16302.4,16305.8,16302.4,16303.4,16305.6,16306.6,16301.9,16302.9,16305.3,16306.3,1,327
2026-07-22T09:15:00+00:00,16306.2,16311.6,16306,16309,16305.7,16306.7,16310.8,16312.4,16305.5,16306.5,16308.5,16309.5,1,336
2026-07-22T09:20:00+00:00,16308.5,16311.1,16307.4,16307.7,16308,16309,16310.6,16311.6,16306.9,16307.9,16307.2,16308.2,1,241
2026-07-22T09:25:00+00:00,16307.8,16308.7,16305,16307.7,16307.3,16308.3,16308.2,16309.2,16304.5,16305.5,16307.2,16308.2,1,338
2026-07-22T09:30:00+00:00,16307.8,16307.9,16302.2,16303.1,16307.3,16308.3,16307.4,16308.4,16301.7,16302.7,16302.6,16303.6,1,301
2026-07-22T09:35:00+00:00,16303.2,16303.6,16300.7,16302.3,16302.7,16303.7,16303.1,16304.1,16300.2,16301.2,16301.8,16302.8,1,242
2026-07-22T09:40:00+00:00,16302.2,16304.7,16300.8,16301.8,16301.7,16302.7,16304.2,16305.2,16300.3,16301.3,16301.3,16302.3,1,279
2026-07-22T09:45:00+00:00,16302,16303.8,16299.8,16303.7,16301.5,16302.5,16303.3,16304.3,16299.3,16300.3,16303.2,16304.2,1,229
2026-07-22T09:50:00+00:00,16303.8,16304.4,16302,16302.4,16303.3,16304.3,16303.9,16304.9,16301.5,16302.5,16301.9,16302.9,1,205
2026-07-22T09:55:00+00:00,16302.5,16302.7,16294.9,16295.4,16302,16303,16302.2,16303.2,16294.4,16295.4,16294.9,16295.9,1,236
2026-07-22T10:00:00+00:00,16295.5,16297.8,16294,16295.8,16295,16296,16297.3,16298.3,16293.5,16294.5,16295.3,16296.3,1,304
2026-07-22T10:05:00+00:00,16295.7,16298.2,16295.2,16295.3,16295.2,16296.2,16297.7,16298.7,16294.7,16295.7,16294.8,16295.8,1,235
2026-07-22T10:10:00+00:00,16295.4,16299.6,16295,16298.5,16294.9,16295.9,16299.1,16300.1,16294.5,16295.5,16298,16299,1,278
2026-07-22T10:15:00+00:00,16298.7,16299.7,16296,16297.2,16298.2,16299.2,16299.2,16300.2,16295.5,16296.5,16296.7,16297.7,1,271
2026-07-22T10:20:00+00:00,16297.4,16299.7,16297.2,16299.1,16296.9,16297.9,16299.2,16300.2,16296.7,16297.7,16298.6,16299.6,1,245
2026-07-22T10:25:00+00:00,16299,16299.3,16296.9,16298.4,16298.5,16299.5,16298.8,16299.8,16296.4,16297.4,16297.9,16298.9,1,228
2026-07-22T10:30:00+00:00,16298.5,16300.8,16298.4,16300.1,16298,16299,16300.3,16301.3,16297.9,16298.9,16299.6,16300.6,1,277
2026-07-22T10:35:00+00:00,16300,16301.3,16299.8,16301.2,16299.5,16300.5,16300.8,16301.8,16299.3,16300.3,16300.7,16301.7,1,202
2026-07-22T10:40:00+00:00,16301.1,16303.3,16300,16300.6,16300.6,16301.6,16302.8,16303.8,16299.5,16300.5,16300.1,16301.1,1,225
2026-07-22T10:45:00+00:00,16300.5,16302.5,16299.2,16302.2,16300,16301,16302,16303,16298.7,16299.7,16301.7,16302.7,1,228
2026-07-22T10:50:00+00:00,16302.3,16305.7,16301.9,16304.5,16301.8,16302.8,16305.2,16306.2,16301.4,16302.4,16304,16305,1,262
2026-07-22T10:55:00+00:00,16304.4,16305.6,16303.3,16303.9,16303.9,16304.9,16305.1,16306.1,16302.8,16303.8,16303.4,16304.4,1,174
2026-07-22T11:00:00+00:00,16304.1,16305.7,16302.1,16305.4,16303.6,16304.6,16305.2,16306.2,16301.6,16302.6,16304.9,16305.9,1,186
2026-07-22T11:05:00+00:00,16305.5,16307.4,16305.5,16306.6,16305,16306,16306.9,16307.9,16305,16306,16306.1,16307.1,1,153
2026-07-22T11:10:00+00:00,16306.5,16307.7,16305.2,16307.5,16306,16307,16307.2,16308.2,16304.7,16305.7,16307,16308,1,218
2026-07-22T11:15:00+00:00,16307.4,16308.1,16305.3,16306.7,16306.9,16307.9,16307.6,16308.6,16304.8,16305.8,16306.2,16307.2,1,194
2026-07-22T11:20:00+00:00,16306.6,16307,16304.9,16305.8,16306.1,16307.1,16306.5,16307.5,16304.4,16305.4,16305.3,16306.3,1,234
2026-07-22T11:25:00+00:00,16305.7,16306.3,16303.8,16304.3,16305.2,16306.2,16305.8,16306.8,16303.3,16304.3,16303.8,16304.8,1,166
2026-07-22T11:30:00+00:00,16304.4,16305.8,16303.4,16304,16303.9,16304.9,16305.3,16306.3,16302.9,16303.9,16303.5,16304.5,1,146
2026-07-22T11:35:00+00:00,16303.9,16304,16301.7,16302.6,16303.4,16304.4,16303.5,16304.5,16301.2,16302.2,16302.1,16303.1,1,204
2026-07-22T11:40:00+00:00,16302.7,16305.7,16302.7,16303.4,16302.2,16303.2,16305.2,16306.2,16302.2,16303.2,16302.9,16303.9,1,188
2026-07-22T11:45:00+00:00,16303.2,16304.9,16303,16304.9,16302.7,16303.7,16304.4,16305.4,16302.5,16303.5,16304.4,16305.4,1,204
2026-07-22T11:50:00+00:00,16305.1,16307.1,16304.6,16307,16304.6,16305.6,16306.6,16307.6,16304.1,16305.1,16306.5,16307.5,1,169
2026-07-22T11:55:00+00:00,16306.8,16306.9,16300.7,16302.8,16306.3,16307.3,16306.4,16307.4,16300.2,16301.2,16302.3,16303.3,1,244
2026-07-22T12:00:00+00:00,16302.9,16304.2,16299.6,16301.4,16302.4,16303.4,16303.7,16304.7,16299.1,16300.1,16300.9,16301.9,1,208
2026-07-22T12:05:00+00:00,16301.3,16302.4,16299.4,16299.9,16300.8,16301.8,16301.9,16302.9,16298.9,16299.9,16299.4,16300.4,1,1032
2026-07-22T12:10:00+00:00,16300.1,16302.4,16299.2,16301.7,16299.6,16300.6,16301.9,16302.9,16298.7,16299.7,16301.2,16302.2,1,1655
2026-07-22T12:15:00+00:00,16301.6,16304.3,16300.5,16302.3,16301.1,16302.1,16303.8,16304.8,16300,16301,16301.8,16302.8,1,1877
2026-07-22T12:20:00+00:00,16302.2,16304,16300.9,16303.3,16301.7,16302.7,16303.5,16304.5,16300.4,16301.4,16302.8,16303.8,1,1750
2026-07-22T12:25:00+00:00,16303.2,16304.9,16302.9,16304.3,16302.7,16303.7,16304.4,16305.4,16302.4,16303.4,16303.8,16304.8,1,1851
2026-07-22T12:30:00+00:00,16304.5,16304.8,16301.3,16302.2,16304,16305,16304.3,16305.3,16300.8,16301.8,16301.7,16302.7,1,1859
2026-07-22T12:35:00+00:00,16302.3,16304.2,16301.2,16302.6,16301.8,16302.8,16303.7,16304.7,16300.7,16301.7,16302.1,16303.1,1,1875
2026-07-22T12:40:00+00:00,16302.5,16307,16302.3,16305.7,16302,16303,16306.5,16307.5,16301.8,16302.8,16305.2,16306.2,1,1932
2026-07-22T12:45:00+00:00,16305.8,16306.3,16303.1,16305.2,16305.3,16306.3,16305.8,16306.8,16302.6,16303.6,16304.7,16305.7,1,1778
2026-07-22T12:50:00+00:00,16305.1,16308.1,16303.9,16307,16304.6,16305.6,16307.6,16308.6,16303.4,16304.4,16306.5,16307.5,1,1830
2026-07-22T12:55:00+00:00,16306.9,16308.5,16305.1,16308,16306.4,16307.4,16308,16309,16304.6,16305.6,16307.5,16308.5,1,1700
2026-07-22T13:00:00+00:00,16307.2,16307.9,16305.2,16307.3,16306.7,16307.7,16307.4,16308.4,16304.7,16305.7,16306.8,16307.8,1,1789
2026-07-22T13:05:00+00:00,16307.4,16308.4,16306.7,16307.4,16306.9,16307.9,16307.9,16308.9,16306.2,16307.2,16306.9,16307.9,1,124
2026-07-22T13:10:00+00:00,16307.5,16307.5,16305.6,16305.6,16307,16308,16307,16308,16305.1,16306.1,16305.1,16306.1,1,109
2026-07-22T13:15:00+00:00,16305.7,16306,16304.6,16305.1,16305.2,16306.2,16305.5,16306.5,16304.1,16305.1,16304.6,16305.6,1,124
2026-07-22T13:20:00+00:00,16305.2,16307.3,16304.6,16306.4,16304.7,16305.7,16306.8,16307.8,16304.1,16305.1,16305.9,16306.9,1,105
2026-07-22T13:25:00+00:00,16306.5,16307.7,16305.7,16306.3,16306,16307,16307.2,16308.2,16305.2,16306.2,16305.8,16306.8,1,141
2026-07-22T13:30:00+00:00,16306.4,16306.8,16304.7,16305.3,16305.9,16306.9,16306.3,16307.3,16304.2,16305.2,16304.8,16305.8,1,96
2026-07-22T13:35:00+00:00,16305.2,16306.3,16304.9,16305.9,16304.7,16305.7,16305.8,16306.8,16304.4,16305.4,16305.4,16306.4,1,144
2026-07-22T13:40:00+00:00,16306,16306.7,16304.5,16305.5,16305.5,16306.5,16306.2,16307.2,16304,16305,16305,16306,1,139
2026-07-22T13:45:00+00:00,16305.6,16307.9,16305.5,16306.9,16305.1,16306.1,16307.4,16308.4,16305,16306,16306.4,16307.4,1,114
2026-07-22T13:50:00+00:00,16307,16307.9,16306.4,16307.5,16306.5,16307.5,16307.4,16308.4,16305.9,16306.9,16307,16308,1,128
2026-07-22T13:55:00+00:00,16307.4,16313.5,16307.2,16310.6,16306.9,16307.9,16313,16314,16306.7,16307.7,16310.1,16311.1,1,291
2026-07-22T14:00:00+00:00,16310.8,16311.1,16307.6,16308.7,16310.3,16311.3,16310.6,16311.6,16307.1,16308.1,16308.2,16309.2,1,242
2026-07-22T14:05:00+00:00,16308.8,16309.9,16308.3,16309.6,16308.3,16309.3,16309.4,16310.4,16307.8,16308.8,16309.1,16310.1,1,168
2026-07-22T14:10:00+00:00,16309.7,16310.5,16307.5,16309.3,16309.2,16310.2,16310,16311,16307,16308,16308.8,16309.8,1,158
2026-07-22T14:15:00+00:00,16309.4,16310.8,16307.9,16308.1,16308.9,16309.9,16310.3,16311.3,16307.4,16308.4,16307.6,16308.6,1,164
2026-07-22T14:20:00+00:00,16308.2,16309.7,16307,16307,16307.7,16308.7,16309.2,16310.2,16306.5,16307.5,16306.5,16307.5,1,198
2026-07-22T14:25:00+00:00,16307.1,16307.9,16305.5,16306.7,16306.6,16307.6,16307.4,16308.4,16305,16306,16306.2,16307.2,1,189
2026-07-22T14:30:00+00:00,16306.3,16306.9,16301,16303.4,16305.8,16306.8,16306.4,16307.4,16300.5,16301.5,16302.9,16303.9,1,255
2026-07-22T14:35:00+00:00,16303.3,16304.6,16302.2,16302.4,16302.8,16303.8,16304.1,16305.1,16301.7,16302.7,16301.9,16302.9,1,274
2026-07-22T14:40:00+00:00,16302.3,16303.5,16301.2,16302.8,16301.8,16302.8,16303,16304,16300.7,16301.7,16302.3,16303.3,1,189
2026-07-22T14:45:00+00:00,16303.2,16305.3,16302.6,16304.4,16302.7,16303.7,16304.8,16305.8,16302.1,16303.1,16303.9,16304.9,1,225
2026-07-22T14:50:00+00:00,16304.3,16306.1,16304,16305.3,16303.8,16304.8,16305.6,16306.6,16303.5,16304.5,16304.8,16305.8,1,191
2026-07-22T14:55:00+00:00,16305.4,16309.1,16305.2,16305.9,16304.9,16305.9,16308.6,16309.6,16304.7,16305.7,16305.4,16306.4,1,240
2026-07-22T15:00:00+00:00,16305.3,16306.9,16304.5,16305.7,16304.8,16305.8,16306.4,16307.4,16304,16305,16305.2,16306.2,1,178
2026-07-22T15:05:00+00:00,16305.8,16308.7,16305.6,16307.4,16305.3,16306.3,16308.2,16309.2,16305.1,16306.1,16306.9,16307.9,1,183
2026-07-22T15:10:00+00:00,16307.3,16308,16305,16305.9,16306.8,16307.8,16307.5,16308.5,16304.5,16305.5,16305.4,16306.4,1,262
2026-07-22T15:15:00+00:00,16305.8,16306.8,16304.6,16306.2,16305.3,16306.3,16306.3,16307.3,16304.1,16305.1,16305.7,16306.7,1,284
2026-07-22T15:20:00+00:00,16306.3,16307.6,16305,16306.3,16305.8,16306.8,16307.1,16308.1,16304.5,16305.5,16305.8,16306.8,1,241
2026-07-22T15:25:00+00:00,16306.4,16308.6,16306.3,16307.4,16305.9,16306.9,16308.1,16309.1,16305.8,16306.8,16306.9,16307.9,1,236
2026-07-22T15:30:00+00:00,16307.5,16308.3,16305.5,16306.6,16307,16308,16307.8,16308.8,16305,16306,16306.1,16307.1,1,271
2026-07-22T15:35:00+00:00,16306.4,16307.9,16305.7,16305.9,16305.9,16306.9,16307.4,16308.4,16305.2,16306.2,16305.4,16306.4,1,251
2026-07-22T15:40:00+00:00,16305.8,16306.9,16305.3,16306.1,16305.3,16306.3,16306.4,16307.4,16304.8,16305.8,16305.6,16306.6,1,255
2026-07-22T15:45:00+00:00,16306,16306,16304,16306,16305.5,16306.5,16305.5,16306.5,16303.5,16304.5,16305.5,16306.5,1,247
2026-07-22T15:50:00+00:00,16306.1,16308.6,16305.6,16308.5,16305.6,16306.6,16308.1,16309.1,16305.1,16306.1,16308,16309,1,312
2026-07-22T15:55:00+00:00,16308.6,16312.3,16308.4,16312.1,16308.1,16309.1,16311.8,16312.8,16307.9,16308.9,16311.6,16312.6,1,262
2026-07-22T16:00:00+00:00,16312.3,16312.3,16307.2,16308.8,16311.8,16312.8,16311.8,16312.8,16306.7,16307.7,16308.3,16309.3,1,227
2026-07-22T16:05:00+00:00,16308.9,16310.9,16307.8,16308.5,16308.4,16309.4,16310.4,16311.4,16307.3,16308.3,16308,16309,1,160
2026-07-22T16:10:00+00:00,16308.4,16309.6,16307.5,16309.5,16307.9,16308.9,16309.1,16310.1,16307,16308,16309,16310,1,97
2026-07-22T16:15:00+00:00,16310,16311.7,16309.4,16311.4,16309.5,16310.5,16311.2,16312.2,16308.9,16309.9,16310.9,16311.9,1,122
2026-07-22T16:20:00+00:00,16311.2,16311.5,16310,16310.5,16310.7,16311.7,16311,16312,16309.5,16310.5,16310,16311,1,135
2026-07-22T16:25:00+00:00,16310.6,16311.1,16310.4,16310.4,16310.1,16311.1,16310.6,16311.6,16309.9,16310.9,16309.9,16310.9,1,81
2026-07-22T16:30:00+00:00,16310.3,16312,16310,16311.4,16309.8,16310.8,16311.5,16312.5,16309.5,16310.5,16310.9,16311.9,1,150
2026-07-22T16:35:00+00:00,16311.5,16313.3,16311.1,16311.5,16311,16312,16312.8,16313.8,16310.6,16311.6,16311,16312,1,172
2026-07-22T16:40:00+00:00,16311.8,16312.1,16309.6,16310.5,16311.3,16312.3,16311.6,16312.6,16309.1,16310.1,16310,16311,1,208
2026-07-22T16:45:00+00:00,16310.4,16311.4,16308.2,16308.3,16309.9,16310.9,16310.9,16311.9,16307.7,16308.7,16307.8,16308.8,1,231
2026-07-22T16:50:00+00:00,16308.1,16310.4,16307.3,16310,16307.6,16308.6,16309.9,16310.9,16306.8,16307.8,16309.5,16310.5,1,311
2026-07-22T16:55:00+00:00,16310.5,16310.9,16307.4,16307.6,16310,16311,16310.4,16311.4,16306.9,16307.9,16307.1,16308.1,1,193
2026-07-22T17:00:00+00:00,16307.5,16307.9,16306.1,16307.5,16307,16308,16307.4,16308.4,16305.6,16306.6,16307,16308,1,112
2026-07-22T17:05:00+00:00,16307.4,16309.9,16307.4,16309,16306.9,16307.9,16309.4,16310.4,16306.9,16307.9,16308.5,16309.5,1,124
2026-07-22T17:10:00+00:00,16308.9,16310.9,16308.9,16310.1,16308.4,16309.4,16310.4,16311.4,16308.4,16309.4,16309.6,16310.6,1,210
2026-07-22T17:15:00+00:00,16310.2,16312.9,16309.5,16311,16309.7,16310.7,16312.4,16313.4,16309,16310,16310.5,16311.5,1,251
2026-07-22T17:20:00+00:00,16311.1,16312,16310.1,16310.1,16310.6,16311.6,16311.5,16312.5,16309.6,16310.6,16309.6,16310.6,1,226
2026-07-22T17:25:00+00:00,16310.2,16311.3,16309.1,16309.4,16309.7,16310.7,16310.8,16311.8,16308.6,16309.6,16308.9,16309.9,1,217
2026-07-22T17:30:00+00:00,16309.5,16310.9,16308.3,16310.8,16309,16310,16310.4,16311.4,16307.8,16308.8,16310.3,16311.3,1,248
2026-07-22T17:35:00+00:00,16310.7,16311.9,16310.3,16311.1,16310.2,16311.2,16311.4,16312.4,16309.8,16310.8,16310.6,16311.6,1,199
2026-07-22T17:40:00+00:00,16311.2,16311.7,16310.3,16311.3,16310.7,16311.7,16311.2,16312.2,16309.8,16310.8,16310.8,16311.8,1,216
2026-07-22T17:45:00+00:00,16311.4,16312.1,16309.8,16309.9,16310.9,16311.9,16311.6,16312.6,16309.3,16310.3,16309.4,16310.4,1,166
2026-07-22T17:50:00+00:00,16309.5,16311,16309.4,16310.5,16309,16310,16310.5,16311.5,16308.9,16309.9,16310,16311,1,188
2026-07-22T17:55:00+00:00,16310.6,16311.6,16309.4,16311.6,16310.1,16311.1,16311.1,16312.1,16308.9,16309.9,16311.1,16312.1,1,120
2026-07-22T18:00:00+00:00,16311.7,16313.1,16311,16311.8,16311.2,16312.2,16312.6,16313.6,16310.5,16311.5,16311.3,16312.3,1,79
2026-07-22T18:05:00+00:00,16311.7,16313,16311.7,16312.4,16311.2,16312.2,16312.5,16313.5,16311.2,16312.2,16311.9,16312.9,1,102
2026-07-22T18:10:00+00:00,16312.3,16314.2,16311.9,16313.8,16311.8,16312.8,16313.7,16314.7,16311.4,16312.4,16313.3,16314.3,1,148
2026-07-22T18:15:00+00:00,16313.9,16314,16311.9,16313.7,16313.4,16314.4,16313.5,16314.5,16311.4,16312.4,16313.2,16314.2,1,131
2026-07-22T18:20:00+00:00,16313.8,16315.2,16313,16314.2,16313.3,16314.3,16314.7,16315.7,16312.5,16313.5,16313.7,16314.7,1,192
2026-07-22T18:25:00+00:00,16314.3,16315,16313.1,16313.9,16313.8,16314.8,16314.5,16315.5,16312.6,16313.6,16313.4,16314.4,1,181
2026-07-22T18:30:00+00:00,16313.7,16315.4,16313.7,16314.9,16313.2,16314.2,16314.9,16315.9,16313.2,16314.2,16314.4,16315.4,1,152
2026-07-22T18:35:00+00:00,16314.8,16317,16314.7,16316.9,16314.3,16315.3,16316.5,16317.5,16314.2,16315.2,16316.4,16317.4,1,180
2026-07-22T18:40:00+00:00,16317.4,16318,16316.1,16316.8,16316.9,16317.9,16317.5,16318.5,16315.6,16316.6,16316.3,16317.3,1,155
2026-07-22T18:45:00+00:00,16316.7,16316.85,16315.4,16316.4,16316.2,16317.2,16316.4,16317.3,16314.9,16315.9,16315.9,16316.9,1,179
2026-07-22T18:50:00+00:00,16316.3,16317,16314.9,16316.4,16315.8,16316.8,16316.5,16317.5,16314.4,16315.4,16315.9,16316.9,1,160
2026-07-22T18:55:00+00:00,16316.5,16316.7,16315,16315.9,16316,16317,16316.2,16317.2,16314.5,16315.5,16315.4,16316.4,1,132
2026-07-22T19:00:00+00:00,16315.8,16317.7,16315.8,16316.5,16315.3,16316.3,16317.2,16318.2,16315.3,16316.3,16316,16317,1,65
2026-07-22T19:05:00+00:00,16316.6,16317,16314.6,16315.6,16316.1,16317.1,16316.5,16317.5,16314.1,16315.1,16315.1,16316.1,1,142
2026-07-22T19:10:00+00:00,16315.7,16316.3,16314.8,16315.8,16315.2,16316.2,16315.8,16316.8,16314.3,16315.3,16315.3,16316.3,1,170
2026-07-22T19:15:00+00:00,16315.9,16317.3,16315.2,16315.7,16315.4,16316.4,16316.8,16317.8,16314.7,16315.7,16315.2,16316.2,1,156
2026-07-22T19:20:00+00:00,16315.8,16316.1,16312.3,16313,16315.3,16316.3,16315.6,16316.6,16311.8,16312.8,16312.5,16313.5,1,201
2026-07-22T19:25:00+00:00,16312.9,16314.5,16312.6,16313,16312.4,16313.4,16314,16315,16312.1,16313.1,16312.5,16313.5,1,177
2026-07-22T19:30:00+00:00,16313.1,16314.1,16312.5,16313.1,16312.6,16313.6,16313.6,16314.6,16312,16313,16312.6,16313.6,1,165
2026-07-22T19:35:00+00:00,16313,16313.3,16311.6,16312,16312.5,16313.5,16312.8,16313.8,16311.1,16312.1,16311.5,16312.5,1,154
2026-07-22T19:40:00+00:00,16312.3,16313.3,16311.8,16312.1,16311.8,16312.8,16312.8,16313.8,16311.3,16312.3,16311.6,16312.6,1,188
2026-07-22T19:45:00+00:00,16312.2,16312.8,16310.9,16312.1,16311.7,16312.7,16312.3,16313.3,16310.4,16311.4,16311.6,16312.6,1,194
2026-07-22T19:50:00+00:00,16312.2,16313.6,16312,16312.8,16311.7,16312.7,16313.1,16314.1,16311.5,16312.5,16312.3,16313.3,1,140
2026-07-22T19:55:00+00:00,16313,16313.6,16312.6,16312.6,16312.5,16313.5,16313.1,16314.1,16312.1,16313.1,16312.1,16313.1,1,131
2026-07-22T20:00:00+00:00,16312.7,16314,16311.6,16311.7,16312.2,16313.2,16313.5,16314.5,16311.1,16312.1,16311.2,16312.2,1,118
2026-07-22T20:05:00+00:00,16311.8,16313.3,16311.4,16313.1,16311.3,16312.3,16312.8,16313.8,16310.9,16311.9,16312.6,16313.6,1,75
2026-07-22T20:10:00+00:00,16313.2,16314.9,16313.2,16314.2,16312.7,16313.7,16314.4,16315.4,16312.7,16313.7,16313.7,16314.7,1,144
2026-07-22T20:15:00+00:00,16314.1,16315,16313.2,16313.9,16313.6,16314.6,16314.5,16315.5,16312.7,16313.7,16313.4,16314.4,1,150
2026-07-22T20:20:00+00:00,16313.8,16314.2,16313.3,16314.1,16313.3,16314.3,16313.7,16314.7,16312.8,16313.8,16313.6,16314.6,1,163
2026-07-22T20:25:00+00:00,16314.2,16315,16313.8,16314.4,16313.7,16314.7,16314.5,16315.5,16313.3,16314.3,16313.9,16314.9,1,186
2026-07-22T20:30:00+00:00,16314.5,16315.1,16313.3,16315,16314,16315,16314.6,16315.6,16312.8,16313.8,16314.5,16315.5,1,152
2026-07-22T20:35:00+00:00,16315.1,16315.6,16314.6,16315.2,16314.6,16315.6,16315.1,16316.1,16314.1,16315.1,16314.7,16315.7,1,154
2026-07-22T20:40:00+00:00,16315.3,16315.7,16314.8,16315.3,16314.8,16315.8,16315.2,16316.2,16314.3,16315.3,16314.8,16315.8,1,167
2026-07-22T20:45:00+00:00,16315.2,16315.9,16314.7,16314.8,16314.7,16315.7,16315.4,16316.4,16314.2,16315.2,16314.3,16315.3,1,147
2026-07-22T20:50:00+00:00,16315,16316.6,16314.6,16316.3,16314.5,16315.5,16316.1,16317.1,16314.1,16315.1,16315.8,16316.8,1,200
2026-07-22T20:55:00+00:00,16316.2,16316.6,16314.2,16314.6,16315.7,16316.7,16316.1,16317.1,16313.7,16314.7,16314.1,16315.1,1,236
2026-07-22T21:00:00+00:00,16314.5,16315.4,16313.4,16315.1,16314,16315,16314.9,16315.9,16312.9,16313.9,16314.6,16315.6,1,147
2026-07-22T21:05:00+00:00,16314.9,16315.2,16313.7,16313.7,16314.4,16315.4,16314.7,16315.7,16313.2,16314.2,16313.2,16314.2,1,133
2026-07-22T21:10:00+00:00,16313.8,16315.2,16313.5,16314.4,16313.3,16314.3,16314.7,16315.7,16313,16314,16313.9,16314.9,1,160
2026-07-22T21:15:00+00:00,16314.6,16315.8,16314.1,16315.1,16314.1,16315.1,16315.3,16316.3,16313.6,16314.6,16314.6,16315.6,1,88
2026-07-22T21:20:00+00:00,16315.2,16315.9,16314.6,16315.9,16314.7,16315.7,16315.4,16316.4,16314.1,16315.1,16315.4,16316.4,1,94
2026-07-22T21:25:00+00:00,16315.8,16315.8,16314.3,16315.2,16315.3,16316.3,16315.3,16316.3,16313.8,16314.8,16314.7,16315.7,1,160
2026-07-22T21:30:00+00:00,16314.9,16315.7,16314.5,16315.2,16314.4,16315.4,16315.2,16316.2,16314,16315,16314.7,16315.7,1,151
2026-07-22T21:35:00+00:00,16315.3,16315.5,16314.3,16314.6,16314.8,16315.8,16315,16316,16313.8,16314.8,16314.1,16315.1,1,158
2026-07-22T21:40:00+00:00,16314.7,16315.6,16314.4,16315.3,16314.2,16315.2,16315.1,16316.1,16313.9,16314.9,16314.8,16315.8,1,129
2026-07-22T21:45:00+00:00,16315.6,16317.1,16314.9,16316.8,16315.1,16316.1,16316.4,16317.8,16314.4,16315.4,16316.3,16317.3,1,219
2026-07-22T21:50:00+00:00,16316.75,16317.15,16315.55,16316.8,16315.8,16317.7,16316.5,16317.8,16314.8,16316.3,16316,16317.6,1.6,466
2026-07-22T21:55:00+00:00,16317,16317.65,16315.1,16315.65,16315.4,16318.6,16315.7,16319.6,16312.7,16317.5,16312.7,16318.6,5.9,168
2026-07-22T22:00:00+00:00,16314.8,16315.1,16312.4,16313.6,16311.3,16318.3,16311.6,16318.6,16308.9,16315.9,16310.1,16317.1,7,7
2026-07-22T22:05:00+00:00,16312.7,16313.1,16311.7,16311.7,16309.2,16316.2,16309.6,16316.6,16308.2,16315.2,16308.2,16315.2,7,18
2026-07-22T22:10:00+00:00,16312.6,16314.1,16311,16312.4,16309.1,16316.1,16310.6,16317.6,16307.5,16314.5,16308.9,16315.9,7,72
2026-07-22T22:15:00+00:00,16311.4,16312.5,16311.3,16312.5,16307.9,16314.9,16309,16316,16307.8,16314.8,16309,16316,7,37
2026-07-22T22:20:00+00:00,16312,16312.5,16311.5,16311.5,16308.5,16315.5,16309,16316,16308,16315,16308,16315,7,39
2026-07-22T22:30:00+00:00,16311.1,16312,16311,16312,16307.6,16314.6,16308.5,16315.5,16307.5,16314.5,16308.5,16315.5,7,14
2026-07-22T22:35:00+00:00,16311.5,16312.1,16310.9,16310.9,16308,16315,16308.6,16315.6,16307.4,16314.4,16307.4,16314.4,7,57
2026-07-22T22:40:00+00:00,16311.2,16312,16310.9,16311.9,16307.7,16314.7,16308.5,16315.5,16307.4,16314.4,16308.4,16315.4,7,23
2026-07-22T22:55:00+00:00,16312.2,16312.9,16311.3,16312.2,16308.7,16315.7,16309.4,16316.4,16307.8,16314.8,16308.7,16315.7,7,40
2026-07-22T23:00:00+00:00,16312.3,16313.85,16310.4,16310.75,16308.8,16315.8,16311,16316.7,16308.2,16312.6,16308.3,16313.2,4.9,88
2026-07-22T23:05:00+00:00,16310.7,16311.1,16308.85,16310,16308.8,16312.6,16309.6,16312.6,16307.8,16309.9,16308.5,16311.5,3,100
2026-07-22T23:10:00+00:00,16310.3,16311.6,16308.8,16309.25,16308.8,16311.8,16310.6,16312.6,16307.7,16309.9,16308.3,16310.2,1.9,197
2026-07-22T23:15:00+00:00,16309.05,16310.95,16308.05,16309.6,16308.1,16310,16310.2,16311.7,16307.3,16308.8,16309.1,16310.1,1,241
2026-07-22T23:20:00+00:00,16309.8,16310.7,16309.15,16309.4,16309.3,16310.3,16310.1,16311.3,16308.5,16309.8,16308.6,16310.2,1.6,129
2026-07-22T23:25:00+00:00,16309.5,16311.15,16309.4,16310.3,16308.7,16310.3,16310.4,16311.9,16308.6,16310.2,16309.5,16311.1,1.6,161
2026-07-22T23:30:00+00:00,16310.5,16312.5,16310.05,16312,16309.7,16311.3,16312,16313,16309.4,16310.7,16311.5,16312.5,1,186
2026-07-22T23:35:00+00:00,16311.9,16313.5,16310.9,16312.6,16311.4,16312.4,16312.8,16314.2,16310.1,16311.7,16311.7,16313.5,1.8,153
2026-07-22T23:40:00+00:00,16312.8,16315.45,16312.45,16312.7,16311.9,16313.7,16314.8,16316.1,16311.7,16313.2,16312.2,16313.2,1,214
2026-07-22T23:45:00+00:00,16312.5,16313.75,16312.5,16312.9,16312,16313,16313.1,16314.4,16312,16313,16312.4,16313.4,1,149
2026-07-22T23:50:00+00:00,16312.8,16313,16310.9,16311.8,16312.3,16313.3,16312.5,16313.5,16310.4,16311.4,16311.3,16312.3,1,138
2026-07-22T23:55:00+00:00,16311.7,16312.6,16310.8,16312,16311.2,16312.2,16312.1,16313.1,16310.3,16311.3,16311.5,16312.5,1,101
2026-07-23T00:00:00+00:00,16311.9,16311.9,16309.3,16310.3,16311.4,16312.4,16311.4,16312.4,16308.8,16309.8,16309.8,16310.8,1,93
2026-07-23T00:05:00+00:00,16310.2,16311.3,16309.6,16311.3,16309.7,16310.7,16310.8,16311.8,16309.1,16310.1,16310.8,16311.8,1,83
2026-07-23T00:10:00+00:00,16311.2,16312,16311.1,16311.1,16310.7,16311.7,16311.5,16312.5,16310.6,16311.6,16310.6,16311.6,1,51
2026-07-23T00:15:00+00:00,16311,16311.2,16309.2,16309.4,16310.5,16311.5,16310.7,16311.7,16308.7,16309.7,16308.9,16309.9,1,88
2026-07-23T00:20:00+00:00,16309.5,16310.8,16309.2,16310.8,16309,16310,16310.3,16311.3,16308.7,16309.7,16310.3,16311.3,1,46
2026-07-23T00:25:00+00:00,16310.7,16311,16310.5,16310.7,16310.2,16311.2,16310.5,16311.5,16310,16311,16310.2,16311.2,1,41
2026-07-23T00:30:00+00:00,16310.8,16311,16309.6,16309.7,16310.3,16311.3,16310.5,16311.5,16309.1,16310.1,16309.2,16310.2,1,73
2026-07-23T00:35:00+00:00,16309.6,16310.4,16309.2,16309.7,16309.1,16310.1,16309.9,16310.9,16308.7,16309.7,16309.2,16310.2,1,97
2026-07-23T00:40:00+00:00,16309.8,16310.2,16309.3,16309.7,16309.3,16310.3,16309.7,16310.7,16308.8,16309.8,16309.2,16310.2,1,115
2026-07-23T00:45:00+00:00,16309.8,16310.7,16309.5,16309.8,16309.3,16310.3,16310.2,16311.2,16309,16310,16309.3,16310.3,1,175
2026-07-23T00:50:00+00:00,16309.7,16311.3,16309.7,16310,16309.2,16310.2,16310.8,16311.8,16309.2,16310.2,16309.5,16310.5,1,146
2026-07-23T00:55:00+00:00,16310.8,16310.9,16308.4,16308.4,16310.3,16311.3,16310.4,16311.4,16307.9,16308.9,16307.9,16308.9,1,119
2026-07-23T01:00:00+00:00,16308.6,16309.6,16306,16307.6,16308.1,16309.1,16309.1,16310.1,16305.5,16306.5,16307.1,16308.1,1,192
2026-07-23T01:05:00+00:00,16307.9,16310.1,16307.8,16309.6,16307.4,16308.4,16309.6,16310.6,16307.3,16308.3,16309.1,16310.1,1,143
2026-07-23T01:10:00+00:00,16309.7,16310.8,16309,16309.8,16309.2,16310.2,16310.3,16311.3,16308.5,16309.5,16309.3,16310.3,1,212
2026-07-23T01:15:00+00:00,16309.9,16311.6,16309.6,16310.5,16309.4,16310.4,16311.1,16312.1,16309.1,16310.1,16310,16311,1,207
2026-07-23T01:20:00+00:00,16310.7,16311.8,16308,16308.5,16310.2,16311.2,16311.3,16312.3,16307.5,16308.5,16308,16309,1,221
2026-07-23T01:25:00+00:00,16308.4,16310.8,16308.4,16310.3,16307.9,16308.9,16310.3,16311.3,16307.9,16308.9,16309.8,16310.8,1,175
2026-07-23T01:30:00+00:00,16310.2,16311.1,16309.6,16310.4,16309.7,16310.7,16310.6,16311.6,16309.1,16310.1,16309.9,16310.9,1,196
2026-07-23T01:35:00+00:00,16310.3,16311,16309.3,16309.3,16309.8,16310.8,16310.5,16311.5,16308.8,16309.8,16308.8,16309.8,1,233
2026-07-23T01:40:00+00:00,16309,16310.7,16308.7,16309.5,16308.5,16309.5,16310.2,16311.2,16308.2,16309.2,16309,16310,1,223
2026-07-23T01:45:00+00:00,16309.6,16312.6,16309.5,16312.5,16309.1,16310.1,16312.1,16313.1,16309,16310,16312,16313,1,218
2026-07-23T01:50:00+00:00,16312.6,16314.5,16306.9,16307.3,16312.1,16313.1,16314,16315,16306.4,16307.4,16306.8,16307.8,1,304
2026-07-23T01:55:00+00:00,16308.6,16310.4,16304.1,16305.6,16307.7,16309.5,16309.9,16310.9,16303.6,16304.6,16305.1,16306.1,1,269
2026-07-23T02:00:00+00:00,16305.2,16308.6,16301.9,16308.6,16304.7,16305.7,16308.1,16309.1,16301.4,16302.4,16308.1,16309.1,1,301
2026-07-23T02:05:00+00:00,16308.5,16308.7,16305.9,16306,16308,16309,16308.2,16309.2,16305.4,16306.4,16305.5,16306.5,1,210
2026-07-23T02:10:00+00:00,16305.9,16307.7,16302.9,16306.8,16305.4,16306.4,16307.2,16308.2,16302.4,16303.4,16306.3,16307.3,1,262
2026-07-23T02:15:00+00:00,16307.3,16307.4,16304.7,16306.8,16306.8,16307.8,16306.9,16307.9,16304.2,16305.2,16306.3,16307.3,1,256
2026-07-23T02:20:00+00:00,16306.9,16307.6,16306.1,16306.8,16306.4,16307.4,16307.1,16308.1,16305.6,16306.6,16306.3,16307.3,1,184
2026-07-23T02:25:00+00:00,16306.9,16307.6,16305.4,16307.3,16306.4,16307.4,16307.1,16308.1,16304.9,16305.9,16306.8,16307.8,1,199
2026-07-23T02:30:00+00:00,16307.4,16307.4,16303.6,16303.7,16306.9,16307.9,16306.9,16307.9,16303.1,16304.1,16303.2,16304.2,1,291
2026-07-23T02:35:00+00:00,16303.8,16303.9,16299.9,16302.7,16303.3,16304.3,16303.4,16304.4,16299.4,16300.4,16302.2,16303.2,1,292
2026-07-23T02:40:00+00:00,16302.5,16303.5,16299.5,16303.5,16302,16303,16303,16304,16299,16300,16303,16304,1,289
2026-07-23T02:45:00+00:00,16303.6,16305.4,16303.4,16304.8,16303.1,16304.1,16304.9,16305.9,16302.9,16303.9,16304.3,16305.3,1,241
2026-07-23T02:50:00+00:00,16304.7,16306.2,16303.9,16304.9,16304.2,16305.2,16305.7,16306.7,16303.4,16304.4,16304.4,16305.4,1,228
2026-07-23T02:55:00+00:00,16305,16306.8,16304.7,16306.2,16304.5,16305.5,16306.3,16307.3,16304.2,16305.2,16305.7,16306.7,1,149
2026-07-23T03:00:00+00:00,16306.1,16307.8,16306,16306.8,16305.6,16306.6,16307.3,16308.3,16305.5,16306.5,16306.3,16307.3,1,155
2026-07-23T03:05:00+00:00,16306.9,16307.5,16304.8,16305.6,16306.4,16307.4,16307,16308,16304.3,16305.3,16305.1,16306.1,1,153
2026-07-23T03:10:00+00:00,16305.7,16307.2,16305.4,16306.4,16305.2,16306.2,16306.7,16307.7,16304.9,16305.9,16305.9,16306.9,1,214
2026-07-23T03:15:00+00:00,16306.2,16307,16305.5,16306.1,16305.7,16306.7,16306.5,16307.5,16305,16306,16305.6,16306.6,1,145
2026-07-23T03:20:00+00:00,16306.3,16306.8,16305.1,16306.3,16305.8,16306.8,16306.3,16307.3,16304.6,16305.6,16305.8,16306.8,1,189
2026-07-23T03:25:00+00:00,16306.2,16308,16305.5,16306.8,16305.7,16306.7,16307.5,16308.5,16305,16306,16306.3,16307.3,1,120
2026-07-23T03:30:00+00:00,16306.7,16309,16306.1,16308.9,16306.2,16307.2,16308.5,16309.5,16305.6,16306.6,16308.4,16309.4,1,149
2026-07-23T03:35:00+00:00,16309,16309.7,16308,16309,16308.5,16309.5,16309.2,16310.2,16307.5,16308.5,16308.5,16309.5,1,228
2026-07-23T03:40:00+00:00,16309.1,16309.3,16307.3,16307.8,16308.6,16309.6,16308.8,16309.8,16306.8,16307.8,16307.3,16308.3,1,183
2026-07-23T03:45:00+00:00,16308,16309,16306.2,16306.8,16307.5,16308.5,16308.5,16309.5,16305.7,16306.7,16306.3,16307.3,1,187
2026-07-23T03:50:00+00:00,16306.9,16308.1,16306.3,16307.9,16306.4,16307.4,16307.6,16308.6,16305.8,16306.8,16307.4,16308.4,1,165
2026-07-23T03:55:00+00:00,16307.8,16307.9,16306.7,16307.1,16307.3,16308.3,16307.4,16308.4,16306.2,16307.2,16306.6,16307.6,1,121
2026-07-23T04:00:00+00:00,16307,16308.1,16306.2,16307.4,16306.5,16307.5,16307.6,16308.6,16305.7,16306.7,16306.9,16307.9,1,96
2026-07-23T04:05:00+00:00,16307.3,16308.8,16307.2,16307.7,16306.8,16307.8,16308.3,16309.3,16306.7,16307.7,16307.2,16308.2,1,84
2026-07-23T04:10:00+00:00,16307.6,16308.7,16306.4,16308.6,16307.1,16308.1,16308.2,16309.2,16305.9,16306.9,16308.1,16309.1,1,122
2026-07-23T04:15:00+00:00,16308.7,16308.8,16306.6,16306.6,16308.2,16309.2,16308.3,16309.3,16306.1,16307.1,16306.1,16307.1,1,87
2026-07-23T04:20:00+00:00,16306.7,16307.8,16305.7,16305.7,16306.2,16307.2,16307.3,16308.3,16305.2,16306.2,16305.2,16306.2,1,94
2026-07-23T04:25:00+00:00,16305.6,16306.5,16304.1,16306.3,16305.1,16306.1,16306,16307,16303.6,16304.6,16305.8,16306.8,1,95
2026-07-23T04:30:00+00:00,16306.4,16306.5,16304.8,16304.8,16305.9,16306.9,16306,16307,16304.3,16305.3,16304.3,16305.3,1,109
2026-07-23T04:35:00+00:00,16304.7,16306.9,16304.7,16305.4,16304.2,16305.2,16306.4,16307.4,16304.2,16305.2,16304.9,16305.9,1,72
2026-07-23T04:40:00+00:00,16305.5,16306.6,16305.1,16305.2,16305,16306,16306.1,16307.1,16304.6,16305.6,16304.7,16305.7,1,110
2026-07-23T04:45:00+00:00,16305.1,16306.3,16304.5,16304.5,16304.6,16305.6,16305.8,16306.8,16304,16305,16304,16305,1,74
2026-07-23T04:50:00+00:00,16304.6,16305.6,16304.2,16304.4,16304.1,16305.1,16305.1,16306.1,16303.7,16304.7,16303.9,16304.9,1,110
2026-07-23T04:55:00+00:00,16304.7,16305.6,16303.3,16304.6,16304.2,16305.2,16305.1,16306.1,16302.8,16303.8,16304.1,16305.1,1,134
2026-07-23T05:00:00+00:00,16304.7,16305.7,16304.2,16305.6,16304.2,16305.2,16305.2,16306.2,16303.7,16304.7,16305.1,16306.1,1,81
2026-07-23T05:05:00+00:00,16305.7,16306.2,16303.2,16303.7,16305.2,16306.2,16305.7,16306.7,16302.7,16303.7,16303.2,16304.2,1,120
2026-07-23T05:10:00+00:00,16303.8,16306,16303.8,16305.7,16303.3,16304.3,16305.5,16306.5,16303.3,16304.3,16305.2,16306.2,1,109
2026-07-23T05:15:00+00:00,16305.6,16306.5,16305.6,16306.5,16305.1,16306.1,16306,16307,16305.1,16306.1,16306,16307,1,91
2026-07-23T05:20:00+00:00,16306.6,16306.6,16305.7,16305.9,16306.1,16307.1,16306.1,16307.1,16305.2,16306.2,16305.4,16306.4,1,52
2026-07-23T05:25:00+00:00,16305.8,16305.9,16304.5,16304.6,16305.3,16306.3,16305.4,16306.4,16304,16305,16304.1,16305.1,1,40
2026-07-23T05:30:00+00:00,16304.7,16305.9,16304.5,16305.4,16304.2,16305.2,16305.4,16306.4,16304,16305,16304.9,16305.9,1,49
2026-07-23T05:35:00+00:00,16305.5,16306.2,16305,16306.2,16305,16306,16305.7,16306.7,16304.5,16305.5,16305.7,16306.7,1,59
2026-07-23T05:40:00+00:00,16306.4,16306.6,16306,16306.2,16305.9,16306.9,16306.1,16307.1,16305.5,16306.5,16305.7,16306.7,1,17
2026-07-23T05:45:00+00:00,16307,16307.9,16306.1,16307.5,16306.5,16307.5,16307.4,16308.4,16305.6,16306.6,16307,16308,1,94
2026-07-23T05:50:00+00:00,16307.4,16308.5,16307,16308.1,16306.9,16307.9,16308,16309,16306.5,16307.5,16307.6,16308.6,1,90
2026-07-23T05:55:00+00:00,16307.9,16309,16307.4,16307.7,16307.4,16308.4,16308.5,16309.5,16306.9,16307.9,16307.2,16308.2,1,94
2026-07-23T06:00:00+00:00,16307.8,16308.6,16307.3,16308.4,16307.3,16308.3,16308.1,16309.1,16306.8,16307.8,16307.9,16308.9,1,104
2026-07-23T06:05:00+00:00,16308.5,16308.9,16308.3,16308.7,16308,16309,16308.4,16309.4,16307.8,16308.8,16308.2,16309.2,1,76
2026-07-23T06:10:00+00:00,16308.8,16308.8,16308.1,16308.5,16308.3,16309.3,16308.3,16309.3,16307.6,16308.6,16308,16309,1,68
2026-07-23T06:15:00+00:00,16308.6,16311,16308,16310.3,16308.1,16309.1,16310.5,16311.5,16307.5,16308.5,16309.8,16310.8,1,498
2026-07-23T06:20:00+00:00,16310.2,16311.3,16309.2,16309.9,16309.7,16310.7,16310.8,16311.8,16308.7,16309.7,16309.4,16310.4,1,1173
2026-07-23T06:25:00+00:00,16310,16311.2,16308.8,16309,16309.5,16310.5,16310.7,16311.7,16308.3,16309.3,16308.5,16309.5,1,1280
2026-07-23T06:30:00+00:00,16309.1,16310.1,16308.1,16309.2,16308.6,16309.6,16309.6,16310.6,16307.6,16308.6,16308.7,16309.7,1,1193
2026-07-23T06:35:00+00:00,16309.1,16309.2,16306.6,16307.7,16308.6,16309.6,16308.7,16309.7,16306.1,16307.1,16307.2,16308.2,1,1266
2026-07-23T06:40:00+00:00,16307.8,16309.8,16307.1,16308.9,16307.3,16308.3,16309.3,16310.3,16306.6,16307.6,16308.4,16309.4,1,1278
2026-07-23T06:45:00+00:00,16308.8,16309.7,16308.6,16309,16308.3,16309.3,16309.2,16310.2,16308.1,16309.1,16308.5,16309.5,1,81
2026-07-23T06:50:00+00:00,16309.1,16310.6,16308.9,16310.3,16308.6,16309.6,16310.1,16311.1,16308.4,16309.4,16309.8,16310.8,1,115
2026-07-23T06:55:00+00:00,16310.4,16311.5,16310.1,16311.4,16309.9,16310.9,16311,16312,16309.6,16310.6,16310.9,16311.9,1,94
2026-07-23T07:00:00+00:00,16311.5,16311.9,16309.9,16310.2,16311,16312,16311.4,16312.4,16309.4,16310.4,16309.7,16310.7,1,188
2026-07-23T07:05:00+00:00,16310.1,16311.1,16309.2,16309.7,16309.6,16310.6,16310.6,16311.6,16308.7,16309.7,16309.2,16310.2,1,134
2026-07-23T07:10:00+00:00,16309.6,16309.7,16306.9,16307.3,16309.1,16310.1,16309.2,16310.2,16306.4,16307.4,16306.8,16307.8,1,124
2026-07-23T07:15:00+00:00,16307.6,16309.5,16307.6,16308.3,16307.1,16308.1,16309,16310,16307.1,16308.1,16307.8,16308.8,1,92
2026-07-23T07:20:00+00:00,16308.4,16308.6,16307.2,16307.4,16307.9,16308.9,16308.1,16309.1,16306.7,16307.7,16306.9,16307.9,1,119
2026-07-23T07:25:00+00:00,16307.2,16308.9,16306.6,16306.8,16306.7,16307.7,16308.4,16309.4,16306.1,16307.1,16306.3,16307.3,1,142
2026-07-23T07:30:00+00:00,16306.7,16308.1,16306.5,16307.2,16306.2,16307.2,16307.6,16308.6,16306,16307,16306.7,16307.7,1,155
2026-07-23T07:35:00+00:00,16307.1,16308.5,16307.1,16308.4,16306.6,16307.6,16308,16309,16306.6,16307.6,16307.9,16308.9,1,115
2026-07-23T07:40:00+00:00,16308.5,16309.4,16307.8,16309.1,16308,16309,16308.9,16309.9,16307.3,16308.3,16308.6,16309.6,1,110
2026-07-23T07:45:00+00:00,16309.2,16310.2,16308.3,16308.7,16308.7,16309.7,16309.7,16310.7,16307.8,16308.8,16308.2,16309.2,1,76
2026-07-23T07:50:00+00:00,16308.8,16310.7,16308.6,16309.3,16308.3,16309.3,16310.2,16311.2,16308.1,16309.1,16308.8,16309.8,1,106
2026-07-23T07:55:00+00:00,16309.4,16311.5,16309.3,16310.7,16308.9,16309.9,16311,16312,16308.8,16309.8,16310.2,16311.2,1,112
2026-07-23T08:00:00+00:00,16311.1,16314.7,16311.1,16314.3,16310.6,16311.6,16314.2,16315.2,16310.6,16311.6,16313.8,16314.8,1,260
2026-07-23T08:05:00+00:00,16314.4,16315.9,16313.6,16314.5,16313.9,16314.9,16315.4,16316.4,16313.1,16314.1,16314,16315,1,205
2026-07-23T08:10:00+00:00,16314.6,16315.4,16312.9,16313.3,16314.1,16315.1,16314.9,16315.9,16312.4,16313.4,16312.8,16313.8,1,281
2026-07-23T08:15:00+00:00,16313.4,16315.6,16313.3,16315.4,16312.9,16313.9,16315.1,16316.1,16312.8,16313.8,16314.9,16315.9,1,216
2026-07-23T08:20:00+00:00,16315.5,16316.1,16314.5,16315.3,16315,16316,16315.6,16316.6,16314,16315,16314.8,16315.8,1,217
2026-07-23T08:25:00+00:00,16315.2,16317.8,16314.9,16317.1,16314.7,16315.7,16317.3,16318.3,16314.4,16315.4,16316.6,16317.6,1,188
2026-07-23T08:30:00+00:00,16317.2,16318.3,16316.7,16316.8,16316.7,16317.7,16317.8,16318.8,16316.2,16317.2,16316.3,16317.3,1,173
2026-07-23T08:35:00+00:00,16316.7,16319.3,16316.5,16318.9,16316.2,16317.2,16318.8,16319.8,16316,16317,16318.4,16319.4,1,209
2026-07-23T08:40:00+00:00,16319,16326.2,16319,16323.7,16318.5,16319.5,16325.7,16326.7,16318.5,16319.5,16323.2,16324.2,1,376
2026-07-23T08:45:00+00:00,16323.8,16334.6,16323.7,16331,16323.3,16324.3,16334.1,16335.1,16323.2,16324.2,16330.5,16331.5,1,522
2026-07-23T08:50:00+00:00,16331.2,16341.9,16330.4,16341.1,16330.7,16331.7,16341.4,16342.4,16329.9,16330.9,16340.6,16341.6,1,466
2026-07-23T08:55:00+00:00,16341.2,16343.2,16319.85,16332.2,16340.7,16341.7,16342.7,16343.7,16319.3,16320.4,16331.7,16332.7,1,500
2026-07-23T09:00:00+00:00,16332.1,16336.3,16329.3,16335.6,16331.6,16332.6,16335.8,16336.8,16328.8,16329.8,16335.1,16336.1,1,325
2026-07-23T09:05:00+00:00,16335.7,16336.9,16333,16333.2,16335.2,16336.2,16336.4,16337.4,16332.5,16333.5,16332.7,16333.7,1,238
2026-07-23T09:10:00+00:00,16333.3,16340.4,16333,16338.6,16332.8,16333.8,16339.9,16340.9,16332.5,16333.5,16338.1,16339.1,1,302
2026-07-23T09:15:00+00:00,16338.8,16339.5,16336.2,16338.1,16338.3,16339.3,16339,16340,16335.7,16336.7,16337.6,16338.6,1,284
2026-07-23T09:20:00+00:00,16338.2,16340.5,16337.2,16338.3,16337.7,16338.7,16340,16341,16336.7,16337.7,16337.8,16338.8,1,270
2026-07-23T09:25:00+00:00,16338.1,16340.4,16337.6,16340,16337.6,16338.6,16339.9,16340.9,16337.1,16338.1,16339.5,16340.5,1,277
2026-07-23T09:30:00+00:00,16340.1,16343.1,16339.5,16341.6,16339.6,16340.6,16342.6,16343.6,16339,16340,16341.1,16342.1,1,221
2026-07-23T09:35:00+00:00,16341.7,16342.9,16340.5,16342.2,16341.2,16342.2,16342.4,16343.4,16340,16341,16341.7,16342.7,1,235
2026-07-23T09:40:00+00:00,16342.3,16344.5,16337.9,16340.3,16341.8,16342.8,16344,16345,16337.4,16338.4,16339.8,16340.8,1,279
2026-07-23T09:45:00+00:00,16340.2,16340.7,16333.7,16336.2,16339.7,16340.7,16340.2,16341.2,16333.2,16334.2,16335.7,16336.7,1,396
2026-07-23T09:50:00+00:00,16335.9,16338,16335.4,16337.4,16335.4,16336.4,16337.5,16338.5,16334.9,16335.9,16336.9,16337.9,1,297
2026-07-23T09:55:00+00:00,16337.3,16338.9,16333,16333,16336.8,16337.8,16338.4,16339.4,16332.5,16333.5,16332.5,16333.5,1,212
2026-07-23T10:00:00+00:00,16333.5,16335.7,16330.3,16330.3,16333,16334,16335.2,16336.2,16329.8,16330.8,16329.8,16330.8,1,270
2026-07-23T10:05:00+00:00,16330.5,16333.5,16328.8,16333.4,16330,16331,16333,16334,16328.3,16329.3,16332.9,16333.9,1,235
2026-07-23T10:10:00+00:00,16333.5,16336.7,16333.2,16336.6,16333,16334,16336.2,16337.2,16332.7,16333.7,16336.1,16337.1,1,240
2026-07-23T10:15:00+00:00,16336.5,16337.1,16334,16336.3,16336,16337,16336.6,16337.6,16333.5,16334.5,16335.8,16336.8,1,249
2026-07-23T10:20:00+00:00,16336.2,16338.5,16335.5,16338.4,16335.7,16336.7,16338,16339,16335,16336,16337.9,16338.9,1,229
2026-07-23T10:25:00+00:00,16338.1,16339.7,16337.8,16337.9,16337.6,16338.6,16339.2,16340.2,16337.3,16338.3,16337.4,16338.4,1,346
2026-07-23T10:30:00+00:00,16338,16338.6,16335.5,16336.4,16337.5,16338.5,16338.1,16339.1,16335,16336,16335.9,16336.9,1,250
2026-07-23T10:35:00+00:00,16336.5,16336.5,16334.4,16334.6,16336,16337,16336,16337,16333.9,16334.9,16334.1,16335.1,1,166
2026-07-23T10:40:00+00:00,16334.7,16335.8,16332.1,16334.6,16334.2,16335.2,16335.3,16336.3,16331.6,16332.6,16334.1,16335.1,1,230
2026-07-23T10:45:00+00:00,16334.5,16337.3,16334,16337.3,16334,16335,16336.8,16337.8,16333.5,16334.5,16336.8,16337.8,1,193
2026-07-23T10:50:00+00:00,16337.4,16338,16335.6,16336.6,16336.9,16337.9,16337.5,16338.5,16335.1,16336.1,16336.1,16337.1,1,211
2026-07-23T10:55:00+00:00,16336.5,16338.7,16335.7,16337.6,16336,16337,16338.2,16339.2,16335.2,16336.2,16337.1,16338.1,1,169
2026-07-23T11:00:00+00:00,16337.5,16338,16336.1,16337.1,16337,16338,16337.5,16338.5,16335.6,16336.6,16336.6,16337.6,1,137
2026-07-23T11:05:00+00:00,16337,16338.9,16336.3,16337.4,16336.5,16337.5,16338.4,16339.4,16335.8,16336.8,16336.9,16337.9,1,156
2026-07-23T11:10:00+00:00,16337.5,16338.2,16335.9,16336.2,16337,16338,16337.7,16338.7,16335.4,16336.4,16335.7,16336.7,1,179
2026-07-23T11:15:00+00:00,16336.3,16336.9,16334.8,16336.8,16335.8,16336.8,16336.4,16337.4,16334.3,16335.3,16336.3,16337.3,1,213
2026-07-23T11:20:00+00:00,16336.9,16337.2,16334.9,16335.9,16336.4,16337.4,16336.7,16337.7,16334.4,16335.4,16335.4,16336.4,1,255
2026-07-23T11:25:00+00:00,16335.8,16337.5,16335.4,16336,16335.3,16336.3,16337,16338,16334.9,16335.9,16335.5,16336.5,1,170
2026-07-23T11:30:00+00:00,16335.9,16336.6,16334.9,16335.9,16335.4,16336.4,16336.1,16337.1,16334.4,16335.4,16335.4,16336.4,1,229
2026-07-23T11:35:00+00:00,16335.8,16337.7,16335.5,16337.5,16335.3,16336.3,16337.2,16338.2,16335,16336,16337,16338,1,189
2026-07-23T11:40:00+00:00,16337.4,16337.9,16335.8,16335.9,16336.9,16337.9,16337.4,16338.4,16335.3,16336.3,16335.4,16336.4,1,178
2026-07-23T11:45:00+00:00,16335.8,16338.9,16335.8,16337.4,16335.3,16336.3,16338.4,16339.4,16335.3,16336.3,16336.9,16337.9,1,192
2026-07-23T11:50:00+00:00,16337.5,16338.4,16335.4,16335.7,16337,16338,16337.9,16338.9,16334.9,16335.9,16335.2,16336.2,1,213
2026-07-23T11:55:00+00:00,16336,16337.9,16335.4,16337.2,16335.5,16336.5,16337.4,16338.4,16334.9,16335.9,16336.7,16337.7,1,152
2026-07-23T12:00:00+00:00,16337.3,16338.8,16336.9,16337.9,16336.8,16337.8,16338.3,16339.3,16336.4,16337.4,16337.4,16338.4,1,152
2026-07-23T12:05:00+00:00,16338,16338.1,16336.4,16337.1,16337.5,16338.5,16337.6,16338.6,16335.9,16336.9,16336.6,16337.6,1,140
2026-07-23T12:10:00+00:00,16337.2,16337.2,16335.7,16336,16336.7,16337.7,16336.7,16337.7,16335.2,16336.2,16335.5,16336.5,1,101
2026-07-23T12:15:00+00:00,16336.1,16338,16336,16338,16335.6,16336.6,16337.5,16338.5,16335.5,16336.5,16337.5,16338.5,1,99
2026-07-23T12:20:00+00:00,16338.2,16340.7,16338.1,16340.5,16337.7,16338.7,16340.2,16341.2,16337.6,16338.6,16340,16341,1,107
2026-07-23T12:25:00+00:00,16340.6,16343.1,16340.3,16342.3,16340.1,16341.1,16342.6,16343.6,16339.8,16340.8,16341.8,16342.8,1,104
2026-07-23T12:30:00+00:00,16342.2,16345,16341.9,16343.9,16341.7,16342.7,16344.5,16345.5,16341.4,16342.4,16343.4,16344.4,1,179
2026-07-23T12:35:00+00:00,16344,16352.5,16344,16351.3,16343.5,16344.5,16352,16353,16343.5,16344.5,16350.8,16351.8,1,400
2026-07-23T12:40:00+00:00,16351.2,16364.9,16351.2,16358.5,16350.7,16351.7,16364.4,16365.4,16350.7,16351.7,16358,16359,1,396
2026-07-23T12:45:00+00:00,16358.8,16358.8,16331.75,16348.9,16358.3,16359.3,16358.3,16359.3,16329.7,16333.8,16348.4,16349.4,1,507
2026-07-23T12:50:00+00:00,16348.8,16349.9,16342.5,16349.7,16348.3,16349.3,16349.4,16350.4,16342,16343,16349.2,16350.2,1,447
2026-07-23T12:55:00+00:00,16349.6,16351.3,16347.3,16349.4,16349.1,16350.1,16350.8,16351.8,16346.8,16347.8,16348.9,16349.9,1,342
2026-07-23T13:00:00+00:00,16349.7,16351.8,16348.4,16348.7,16349.2,16350.2,16351.3,16352.3,16347.9,16348.9,16348.2,16349.2,1,246
2026-07-23T13:05:00+00:00,16349.6,16349.8,16346.2,16346.6,16349.1,16350.1,16349.3,16350.3,16345.7,16346.7,16346.1,16347.1,1,284
2026-07-23T13:10:00+00:00,16346.7,16349.9,16346,16348.2,16346.2,16347.2,16349.4,16350.4,16345.5,16346.5,16347.7,16348.7,1,796
2026-07-23T13:15:00+00:00,16348.1,16351.6,16346.7,16349.2,16347.6,16348.6,16351.1,16352.1,16346.2,16347.2,16348.7,16349.7,1,1380
2026-07-23T13:20:00+00:00,16349.3,16357.7,16349.3,16356.5,16348.8,16349.8,16357.2,16358.2,16348.8,16349.8,16356,16357,1,1321
2026-07-23T13:25:00+00:00,16356.6,16359.7,16356.2,16358.55,16356.1,16357.1,16359.2,16360.2,16355.7,16356.7,16357.3,16359.8,2.5,1328
2026-07-23T13:30:00+00:00,16360.65,16362.05,16357.9,16360.6,16357.9,16363.4,16360.4,16363.7,16357.4,16358.4,16360.1,16361.1,1,1496
2026-07-23T13:35:00+00:00,16360.4,16369.3,16359.8,16367.9,16359.9,16360.9,16368.8,16369.8,16359.3,16360.3,16367.4,16368.4,1,1471
2026-07-23T13:40:00+00:00,16368.1,16376.1,16367.3,16371.5,16367.6,16368.6,16375.6,16376.6,16366.8,16367.8,16371,16372,1,1447
2026-07-23T13:45:00+00:00,16371.6,16372.7,16367.6,16368.2,16371.1,16372.1,16372.2,16373.2,16367.1,16368.1,16367.7,16368.7,1,1460
2026-07-23T13:50:00+00:00,16368.3,16370.8,16367,16367.7,16367.8,16368.8,16370.3,16371.3,16366.5,16367.5,16367.2,16368.2,1,1401
2026-07-23T13:55:00+00:00,16367.6,16369.5,16365,16367.7,16367.1,16368.1,16369,16370,16364.5,16365.5,16367.2,16368.2,1,1371
2026-07-23T14:00:00+00:00,16367.8,16375.7,16366.7,16373.9,16367.3,16368.3,16375.2,16376.2,16366.2,16367.2,16373.4,16374.4,1,1340
2026-07-23T14:05:00+00:00,16373.8,16380.6,16372.8,16379.5,16373.3,16374.3,16380.1,16381.1,16372.3,16373.3,16379,16380,1,1217
2026-07-23T14:10:00+00:00,16379.6,16385.6,16377.9,16381.4,16379.1,16380.1,16385.1,16386.1,16377.4,16378.4,16380.9,16381.9,1,1209
2026-07-23T14:15:00+00:00,16381.3,16382.7,16377.3,16379,16380.8,16381.8,16382.2,16383.2,16376.8,16377.8,16378.5,16379.5,1,1261
2026-07-23T14:20:00+00:00,16379.1,16382.7,16377.2,16381.5,16378.6,16379.6,16382.2,16383.2,16376.7,16377.7,16381,16382,1,1208
2026-07-23T14:25:00+00:00,16381.6,16382.1,16377.8,16379.4,16381.1,16382.1,16381.6,16382.6,16377.3,16378.3,16378.9,16379.9,1,1023
2026-07-23T14:30:00+00:00,16379.5,16379.6,16374.3,16375.7,16379,16380,16379.1,16380.1,16373.8,16374.8,16375.2,16376.2,1,1148
2026-07-23T14:35:00+00:00,16375.8,16379.1,16373.1,16379.1,16375.3,16376.3,16378.6,16379.6,16372.6,16373.6,16378.6,16379.6,1,558
2026-07-23T14:40:00+00:00,16379.2,16384.3,16377.9,16384.3,16378.7,16379.7,16383.8,16384.8,16377.4,16378.4,16383.8,16384.8,1,340
2026-07-23T14:45:00+00:00,16384.2,16388.4,16383.9,16385.9,16383.7,16384.7,16387.9,16388.9,16383.4,16384.4,16385.4,16386.4,1,321
2026-07-23T14:50:00+00:00,16385.5,16389,16384.3,16388,16385,16386,16388.5,16389.5,16383.8,16384.8,16387.5,16388.5,1,319
2026-07-23T14:55:00+00:00,16388.2,16396.4,16386.6,16396.3,16387.7,16388.7,16395.9,16396.9,16386.1,16387.1,16395.8,16396.8,1,360
2026-07-23T15:00:00+00:00,16395.9,16396.2,16388.9,16394.4,16395.4,16396.4,16395.7,16396.7,16388.4,16389.4,16393.9,16394.9,1,306
2026-07-23T15:05:00+00:00,16394.5,16394.6,16391.8,16393.3,16394,16395,16394.1,16395.1,16391.3,16392.3,16392.8,16393.8,1,316
2026-07-23T15:10:00+00:00,16393.2,16394.2,16387.7,16389.3,16392.7,16393.7,16393.7,16394.7,16387.2,16388.2,16388.8,16389.8,1,381
2026-07-23T15:15:00+00:00,16389.4,16394.9,16387.7,16393.8,16388.9,16389.9,16394.4,16395.4,16387.2,16388.2,16393.3,16394.3,1,414
2026-07-23T15:20:00+00:00,16393.9,16395.5,16390.5,16390.6,16393.4,16394.4,16395,16396,16390,16391,16390.1,16391.1,1,340
2026-07-23T15:25:00+00:00,16390.8,16394.4,16390.6,16393.7,16390.3,16391.3,16393.9,16394.9,16390.1,16391.1,16393.2,16394.2,1,374
2026-07-23T15:30:00+00:00,16393.6,16395.5,16392.5,16394.2,16393.1,16394.1,16395,16396,16392,16393,16393.7,16394.7,1,331
2026-07-23T15:35:00+00:00,16394,16394.7,16389.2,16391.1,16393.5,16394.5,16394.2,16395.2,16388.7,16389.7,16390.6,16391.6,1,371
2026-07-23T15:40:00+00:00,16391.2,16394.4,16390.6,16393.5,16390.7,16391.7,16393.9,16394.9,16390.1,16391.1,16393,16394,1,285
2026-07-23T15:45:00+00:00,16393.6,16397.8,16393.3,16397.7,16393.1,16394.1,16397.3,16398.3,16392.8,16393.8,16397.2,16398.2,1,355
2026-07-23T15:50:00+00:00,16397.8,16398.2,16395.1,16395.7,16397.3,16398.3,16397.7,16398.7,16394.6,16395.6,16395.2,16396.2,1,284
2026-07-23T15:55:00+00:00,16396.4,16399.4,16392.5,16392.5,16395.9,16396.9,16398.9,16399.9,16392,16393,16392,16393,1,384
2026-07-23T16:00:00+00:00,16392.4,16395,16386.2,16386.3,16391.9,16392.9,16394.5,16395.5,16385.7,16386.7,16385.8,16386.8,1,425
2026-07-23T16:05:00+00:00,16386.5,16390,16384.6,16387.9,16386,16387,16389.5,16390.5,16384.1,16385.1,16387.4,16388.4,1,254
2026-07-23T16:10:00+00:00,16387.8,16389.3,16384.7,16385.5,16387.3,16388.3,16388.8,16389.8,16384.2,16385.2,16385,16386,1,202
2026-07-23T16:15:00+00:00,16385.6,16388.1,16384.8,16387.8,16385.1,16386.1,16387.6,16388.6,16384.3,16385.3,16387.3,16388.3,1,176
2026-07-23T16:20:00+00:00,16387.7,16387.8,16377.3,16384.2,16387.2,16388.2,16387.3,16388.3,16376.8,16377.8,16383.7,16384.7,1,575
2026-07-23T16:25:00+00:00,16384.3,16386.8,16381.3,16386.4,16383.8,16384.8,16386.3,16387.3,16380.8,16381.8,16385.9,16386.9,1,283
2026-07-23T16:30:00+00:00,16386.7,16391.2,16385.6,16388.5,16386.2,16387.2,16390.7,16391.7,16385.1,16386.1,16388,16389,1,473
2026-07-23T16:35:00+00:00,16388.4,16391.2,16380.9,16382.2,16387.9,16388.9,16390.7,16391.7,16380.4,16381.4,16381.7,16382.7,1,470
2026-07-23T16:40:00+00:00,16381.8,16383.6,16378.7,16382.3,16381.3,16382.3,16383.1,16384.1,16378.2,16379.2,16381.8,16382.8,1,392
2026-07-23T16:45:00+00:00,16382.2,16384.3,16381.7,16383,16381.7,16382.7,16383.8,16384.8,16381.2,16382.2,16382.5,16383.5,1,285
2026-07-23T16:50:00+00:00,16382.9,16383.9,16380.3,16380.5,16382.4,16383.4,16383.4,16384.4,16379.8,16380.8,16380,16381,1,290
2026-07-23T16:55:00+00:00,16380.4,16383.3,16378.6,16380.9,16379.9,16380.9,16382.8,16383.8,16378.1,16379.1,16380.4,16381.4,1,260
2026-07-23T17:00:00+00:00,16380.8,16382.8,16379.9,16382.8,16380.3,16381.3,16382.3,16383.3,16379.4,16380.4,16382.3,16383.3,1,191
2026-07-23T17:05:00+00:00,16383.1,16384,16381.6,16381.8,16382.6,16383.6,16383.5,16384.5,16381.1,16382.1,16381.3,16382.3,1,167
2026-07-23T17:10:00+00:00,16381.9,16382.6,16378.4,16378.6,16381.4,16382.4,16382.1,16383.1,16377.9,16378.9,16378.1,16379.1,1,253
2026-07-23T17:15:00+00:00,16378.5,16383.1,16376.3,16381.6,16378,16379,16382.6,16383.6,16375.8,16376.8,16381.1,16382.1,1,295
2026-07-23T17:20:00+00:00,16381.7,16381.9,16378.7,16379.3,16381.2,16382.2,16381.4,16382.4,16378.2,16379.2,16378.8,16379.8,1,261
2026-07-23T17:25:00+00:00,16379.1,16379.7,16374.9,16375.1,16378.6,16379.6,16379.2,16380.2,16374.4,16375.4,16374.6,16375.6,1,261
2026-07-23T17:30:00+00:00,16375.2,16378.6,16372.3,16377.7,16374.7,16375.7,16378.1,16379.1,16371.8,16372.8,16377.2,16378.2,1,267
2026-07-23T17:35:00+00:00,16377.6,16380.2,16376.6,16378.7,16377.1,16378.1,16379.7,16380.7,16376.1,16377.1,16378.2,16379.2,1,279
2026-07-23T17:40:00+00:00,16378.6,16378.6,16375.2,16376,16378.1,16379.1,16378.1,16379.1,16374.7,16375.7,16375.5,16376.5,1,249
2026-07-23T17:45:00+00:00,16376.2,16378.5,16375.3,16375.7,16375.7,16376.7,16378,16379,16374.8,16375.8,16375.2,16376.2,1,220
2026-07-23T17:50:00+00:00,16375.6,16377.9,16375,16377.8,16375.1,16376.1,16377.4,16378.4,16374.5,16375.5,16377.3,16378.3,1,203
2026-07-23T17:55:00+00:00,16377.4,16378.1,16376.4,16377.5,16376.9,16377.9,16377.6,16378.6,16375.9,16376.9,16377,16378,1,141
2026-07-23T18:00:00+00:00,16377.7,16379.4,16373.4,16373.9,16377.2,16378.2,16378.9,16379.9,16372.9,16373.9,16373.4,16374.4,1,229
2026-07-23T18:05:00+00:00,16372.9,16376.7,16372.1,16375.5,16372.4,16373.4,16376.2,16377.2,16371.6,16372.6,16375,16376,1,278
2026-07-23T18:10:00+00:00,16375.6,16377.2,16374.9,16377.1,16375.1,16376.1,16376.7,16377.7,16374.4,16375.4,16376.6,16377.6,1,268
2026-07-23T18:15:00+00:00,16377,16378,16375.1,16376.1,16376.5,16377.5,16377.5,16378.5,16374.6,16375.6,16375.6,16376.6,1,263
2026-07-23T18:20:00+00:00,16376,16377.6,16373.6,16377.5,16375.5,16376.5,16377.1,16378.1,16373.1,16374.1,16377,16378,1,229
2026-07-23T18:25:00+00:00,16377.4,16378.6,16377,16378.3,16376.9,16377.9,16378.1,16379.1,16376.5,16377.5,16377.8,16378.8,1,226
2026-07-23T18:30:00+00:00,16378.4,16380.2,16377.8,16379.6,16377.9,16378.9,16379.7,16380.7,16377.3,16378.3,16379.1,16380.1,1,200
2026-07-23T18:35:00+00:00,16379.7,16381.2,16379.3,16379.7,16379.2,16380.2,16380.7,16381.7,16378.8,16379.8,16379.2,16380.2,1,189
2026-07-23T18:40:00+00:00,16379.5,16381.1,16378,16381,16379,16380,16380.6,16381.6,16377.5,16378.5,16380.5,16381.5,1,211
2026-07-23T18:45:00+00:00,16380.9,16382.6,16380.8,16381.8,16380.4,16381.4,16382.1,16383.1,16380.3,16381.3,16381.3,16382.3,1,248
2026-07-23T18:50:00+00:00,16381.9,16382.6,16380.8,16381.7,16381.4,16382.4,16382.1,16383.1,16380.3,16381.3,16381.2,16382.2,1,236
2026-07-23T18:55:00+00:00,16381.8,16384.2,16381.4,16383.8,16381.3,16382.3,16383.7,16384.7,16380.9,16381.9,16383.3,16384.3,1,161
2026-07-23T19:00:00+00:00,16384,16384.9,16382.2,16383,16383.5,16384.5,16384.4,16385.4,16381.7,16382.7,16382.5,16383.5,1,102
2026-07-23T19:05:00+00:00,16383.1,16383.7,16381.8,16382,16382.6,16383.6,16383.2,16384.2,16381.3,16382.3,16381.5,16382.5,1,120
2026-07-23T19:10:00+00:00,16382.1,16382.3,16380.1,16380.6,16381.6,16382.6,16381.8,16382.8,16379.6,16380.6,16380.1,16381.1,1,190
2026-07-23T19:15:00+00:00,16380.7,16380.9,16378.6,16379.9,16380.2,16381.2,16380.4,16381.4,16378.1,16379.1,16379.4,16380.4,1,175
2026-07-23T19:20:00+00:00,16379.8,16381.3,16379.2,16381,16379.3,16380.3,16380.8,16381.8,16378.7,16379.7,16380.5,16381.5,1,173
2026-07-23T19:25:00+00:00,16380.9,16381.2,16377.9,16379.1,16380.4,16381.4,16380.7,16381.7,16377.4,16378.4,16378.6,16379.6,1,256
2026-07-23T19:30:00+00:00,16379,16379.5,16377.5,16379.4,16378.5,16379.5,16379,16380,16377,16378,16378.9,16379.9,1,252
2026-07-23T19:35:00+00:00,16379.3,16381.7,16377.7,16381.5,16378.8,16379.8,16381.2,16382.2,16377.2,16378.2,16381,16382,1,187
2026-07-23T19:40:00+00:00,16381.4,16382.1,16379.2,16379.2,16380.9,16381.9,16381.6,16382.6,16378.7,16379.7,16378.7,16379.7,1,189
2026-07-23T19:45:00+00:00,16379.1,16381,16379.1,16381,16378.6,16379.6,16380.5,16381.5,16378.6,16379.6,16380.5,16381.5,1,169
2026-07-23T19:50:00+00:00,16380.9,16381.4,16380.2,16381.4,16380.4,16381.4,16380.9,16381.9,16379.7,16380.7,16380.9,16381.9,1,122
2026-07-23T19:55:00+00:00,16381.5,16382,16379.6,16380.4,16381,16382,16381.5,16382.5,16379.1,16380.1,16379.9,16380.9,1,175
2026-07-23T20:00:00+00:00,16379.8,16380.7,16377.9,16379.1,16379.3,16380.3,16380.2,16381.2,16377.4,16378.4,16378.6,16379.6,1,144
2026-07-23T20:05:00+00:00,16379.3,16380.8,16379,16380.3,16378.8,16379.8,16380.3,16381.3,16378.5,16379.5,16379.8,16380.8,1,100
2026-07-23T20:10:00+00:00,16380.2,16382.2,16379.8,16381.5,16379.7,16380.7,16381.7,16382.7,16379.3,16380.3,16381,16382,1,138
2026-07-23T20:15:00+00:00,16381.6,16383.8,16381.1,16383.8,16381.1,16382.1,16383.3,16384.3,16380.6,16381.6,16383.3,16384.3,1,194
2026-07-23T20:20:00+00:00,16383.7,16383.7,16382.5,16383.3,16383.2,16384.2,16383.2,16384.2,16382,16383,16382.8,16383.8,1,170
2026-07-23T20:25:00+00:00,16383.2,16384,16380.9,16381.3,16382.7,16383.7,16383.5,16384.5,16380.4,16381.4,16380.8,16381.8,1,152
2026-07-23T20:30:00+00:00,16381.2,16382.1,16377.3,16382.1,16380.7,16381.7,16381.6,16382.6,16376.8,16377.8,16381.6,16382.6,1,291
2026-07-23T20:35:00+00:00,16381.9,16382.6,16381.6,16382.3,16381.4,16382.4,16382.1,16383.1,16381.1,16382.1,16381.8,16382.8,1,201
2026-07-23T20:40:00+00:00,16382.4,16385.1,16381.6,16385.1,16381.9,16382.9,16384.6,16385.6,16381.1,16382.1,16384.6,16385.6,1,213
2026-07-23T20:45:00+00:00,16385,16385.7,16384.2,16384.4,16384.5,16385.5,16385.2,16386.2,16383.7,16384.7,16383.9,16384.9,1,189
2026-07-23T20:50:00+00:00,16384.1,16384.9,16382.8,16383.5,16383.6,16384.6,16384.4,16385.4,16382.3,16383.3,16383,16384,1,248
2026-07-23T20:55:00+00:00,16383.4,16383.8,16381.1,16382.4,16382.9,16383.9,16383.3,16384.3,16380.6,16381.6,16381.9,16382.9,1,160
2026-07-23T21:00:00+00:00,16382.7,16382.7,16380.2,16380.6,16382.2,16383.2,16382.2,16383.2,16379.7,16380.7,16380.1,16381.1,1,103
2026-07-23T21:05:00+00:00,16381.1,16381.8,16380.2,16380.2,16380.6,16381.6,16381.3,16382.3,16379.7,16380.7,16379.7,16380.7,1,105
2026-07-23T21:10:00+00:00,16380.1,16382.6,16380,16382,16379.6,16380.6,16382.1,16383.1,16379.5,16380.5,16381.5,16382.5,1,183
2026-07-23T21:15:00+00:00,16381.9,16383.8,16381.9,16382.8,16381.4,16382.4,16383.3,16384.3,16381.4,16382.4,16382.3,16383.3,1,144
2026-07-23T21:20:00+00:00,16382.7,16384.3,16381.7,16384.1,16382.2,16383.2,16383.8,16384.8,16381.2,16382.2,16383.6,16384.6,1,144
2026-07-23T21:25:00+00:00,16384.2,16384.4,16382.1,16382.6,16383.7,16384.7,16383.9,16384.9,16381.6,16382.6,16382.1,16383.1,1,159
2026-07-23T21:30:00+00:00,16382.3,16386.8,16381.9,16386.2,16381.8,16382.8,16386.3,16387.3,16381.4,16382.4,16385.7,16386.7,1,192
2026-07-23T21:35:00+00:00,16386.1,16386.7,16385.8,16386.7,16385.6,16386.6,16386.2,16387.2,16385.3,16386.3,16386.2,16387.2,1,136
2026-07-23T21:40:00+00:00,16386.8,16388.1,16386.1,16387.8,16386.3,16387.3,16387.6,16388.6,16385.6,16386.6,16387.3,16388.3,1,145
2026-07-23T21:45:00+00:00,16387,16388.05,16385.45,16386.7,16386.5,16387.5,16387.4,16388.7,16384.7,16386.2,16385.9,16387.5,1.6,266
2026-07-23T21:50:00+00:00,16386.9,16387.2,16385.1,16386.15,16386,16387.8,16386.3,16388.1,16384,16386.2,16384.9,16387.4,2.5,239
2026-07-23T21:55:00+00:00,16386.25,16387.5,16384.9,16386.1,16384.5,16388,16385,16390,16382.1,16387.7,16382.6,16389.6,7,147
2026-07-23T22:00:00+00:00,16386.5,16387.6,16382.8,16384.6,16383,16390,16384.1,16391.1,16379.3,16386.3,16381.1,16388.1,7,21
2026-07-23T22:05:00+00:00,16384.5,16385.5,16384.5,16385.5,16381,16388,16382,16389,16381,16388,16382,16389,7,9
2026-07-23T22:10:00+00:00,16384.5,16385.6,16383,16384,16381,16388,16382.1,16389.1,16379.5,16386.5,16380.5,16387.5,7,36
2026-07-23T22:15:00+00:00,16383.2,16386.6,16383,16386.6,16379.7,16386.7,16383.1,16390.1,16379.5,16386.5,16383.1,16390.1,7,43
2026-07-23T22:20:00+00:00,16386.5,16386.6,16385.5,16386.6,16383,16390,16383.1,16390.1,16382,16389,16383.1,16390.1,7,21
2026-07-23T22:25:00+00:00,16386.3,16386.3,16385.2,16386.3,16382.8,16389.8,16382.8,16389.8,16381.7,16388.7,16382.8,16389.8,7,13
2026-07-23T22:30:00+00:00,16385.8,16386.3,16383.9,16385,16382.3,16389.3,16382.8,16389.8,16380.4,16387.4,16381.5,16388.5,7,66
2026-07-23T22:35:00+00:00,16384.9,16385.1,16383.2,16383.3,16381.4,16388.4,16381.6,16388.6,16379.7,16386.7,16379.8,16386.8,7,41
2026-07-23T22:40:00+00:00,16384,16384.3,16378.9,16380.4,16380.5,16387.5,16380.8,16387.8,16375.4,16382.4,16376.9,16383.9,7,77
2026-07-23T22:45:00+00:00,16381,16381.1,16378.6,16379.7,16377.5,16384.5,16377.6,16384.6,16375.1,16382.1,16376.2,16383.2,7,47
2026-07-23T22:50:00+00:00,16378.7,16381.1,16378.7,16381,16375.2,16382.2,16377.6,16384.6,16375.2,16382.2,16377.5,16384.5,7,67
2026-07-23T22:55:00+00:00,16381.1,16381.6,16379.6,16380.1,16377.6,16384.6,16378.1,16385.1,16376.1,16383.1,16376.6,16383.6,7,24
2026-07-23T23:00:00+00:00,16380.2,16384.6,16379,16382.4,16376.7,16383.7,16382,16387.2,16375.5,16382.5,16379.4,16385.4,6,133
2026-07-23T23:05:00+00:00,16382.4,16384.2,16381.05,16383.6,16379.9,16384.9,16383,16385.4,16379.9,16382.2,16382.7,16384.5,1.8,71
2026-07-23T23:10:00+00:00,16383.9,16384.45,16382.5,16383.25,16382.5,16385.3,16383.4,16385.5,16381.6,16383.4,16382.4,16384.1,1.7,154
2026-07-23T23:15:00+00:00,16383.45,16384.3,16382.95,16383.4,16382.7,16384.2,16383.6,16385,16382.3,16383.6,16382.9,16383.9,1,135
2026-07-23T23:20:00+00:00,16383.3,16384.5,16382.85,16383.15,16382.8,16383.8,16383.7,16385.3,16382,16383.7,16382.3,16384,1.7,140
2026-07-23T23:25:00+00:00,16383.25,16385.2,16382.95,16384.2,16382.4,16384.1,16384.5,16385.9,16382.2,16383.7,16383.7,16384.7,1,156
2026-07-23T23:30:00+00:00,16384.1,16385.6,16384,16385.15,16383.6,16384.6,16384.8,16386.4,16383.4,16384.6,16384.3,16386,1.7,219
2026-07-23T23:35:00+00:00,16385.15,16385.25,16382.55,16383.55,16384.4,16385.9,16384.4,16386.1,16381.6,16383.5,16382.7,16384.4,1.7,187
2026-07-23T23:40:00+00:00,16383.7,16383.9,16382.45,16383.4,16382.9,16384.5,16383,16384.8,16381.5,16383.4,16382.9,16383.9,1,182
2026-07-23T23:45:00+00:00,16383.3,16385.15,16382.7,16385.1,16382.8,16383.8,16384.3,16386,16381.9,16383.5,16384.2,16386,1.8,128
2026-07-23T23:50:00+00:00,16385,16385.25,16383.8,16385.25,16384.1,16385.9,16384.4,16386.1,16383,16384.6,16384.4,16386.1,1.7,160
2026-07-23T23:55:00+00:00,16385.1,16385.45,16384.15,16384.35,16384.5,16385.7,16384.8,16386.1,16383.3,16385,16383.6,16385.1,1.5,67
2026-07-24T00:00:00+00:00,16384.75,16385.2,16383.85,16384.3,16383.5,16386,16384.4,16386,16383.2,16384.5,16383.8,16384.8,1,69
2026-07-24T00:05:00+00:00,16384.35,16384.6,16384.05,16384.2,16383.6,16385.1,16384.1,16385.1,16383.5,16384.6,16383.7,16384.7,1,34
2026-07-24T00:10:00+00:00,16384.1,16384.3,16383.2,16383.2,16383.6,16384.6,16383.8,16384.8,16382.7,16383.7,16382.7,16383.7,1,29
2026-07-24T00:15:00+00:00,16383.3,16383.3,16382.3,16382.8,16382.8,16383.8,16382.8,16383.8,16381.8,16382.8,16382.3,16383.3,1,46
2026-07-24T00:20:00+00:00,16382.7,16382.8,16382.5,16382.7,16382.2,16383.2,16382.3,16383.3,16382,16383,16382.2,16383.2,1,28
2026-07-24T00:25:00+00:00,16382.8,16382.8,16381,16381.45,16382.3,16383.3,16382.3,16383.3,16380.4,16381.6,16380.6,16382.3,1.7,46
2026-07-24T00:30:00+00:00,16381.5,16381.9,16380.3,16381.1,16380.5,16382.5,16381.3,16382.5,16379.8,16380.8,16380.6,16381.6,1,76
2026-07-24T00:35:00+00:00,16381.2,16382.5,16381.2,16382.5,16380.7,16381.7,16382,16383,16380.7,16381.7,16382,16383,1,31
2026-07-24T00:40:00+00:00,16382.4,16383,16382.3,16382.8,16381.9,16382.9,16382.5,16383.5,16381.8,16382.8,16382.3,16383.3,1,108
2026-07-24T00:45:00+00:00,16382.7,16383.9,16382.4,16383.5,16382.2,16383.2,16383.4,16384.4,16381.9,16382.9,16383,16384,1,159
2026-07-24T00:50:00+00:00,16383.3,16387.2,16383,16387.1,16382.8,16383.8,16386.7,16387.7,16382.5,16383.5,16386.6,16387.6,1,177
2026-07-24T00:55:00+00:00,16387,16387,16383.7,16383.8,16386.5,16387.5,16386.5,16387.5,16383.2,16384.2,16383.3,16384.3,1,235
2026-07-24T01:00:00+00:00,16384,16389.9,16383,16385.7,16383.5,16384.5,16389.4,16390.4,16382.5,16383.5,16385.2,16386.2,1,284
2026-07-24T01:05:00+00:00,16385.6,16389.7,16379.4,16385.3,16385.1,16386.1,16389.2,16390.2,16378.9,16379.9,16384.8,16385.8,1,300
2026-07-24T01:10:00+00:00,16385.2,16385.8,16382.1,16385.1,16384.7,16385.7,16385.3,16386.3,16381.6,16382.6,16384.6,16385.6,1,289
2026-07-24T01:15:00+00:00,16385,16389.75,16384.4,16385.4,16384.5,16385.5,16389.4,16390.1,16383.9,16384.9,16384.9,16385.9,1,262
2026-07-24T01:20:00+00:00,16385.3,16386.6,16383.1,16384.2,16384.8,16385.8,16386.1,16387.1,16382.6,16383.6,16383.7,16384.7,1,260
2026-07-24T01:25:00+00:00,16384,16386.9,16384,16386.5,16383.5,16384.5,16386.4,16387.4,16383.5,16384.5,16386,16387,1,271
2026-07-24T01:30:00+00:00,16386.4,16387.5,16384.5,16386.7,16385.9,16386.9,16387,16388,16384,16385,16386.2,16387.2,1,253
2026-07-24T01:35:00+00:00,16386.2,16388.6,16385.2,16388.5,16385.7,16386.7,16388.1,16389.1,16384.7,16385.7,16388,16389,1,199
2026-07-24T01:40:00+00:00,16388.4,16393,16388.4,16392.8,16387.9,16388.9,16392.5,16393.5,16387.9,16388.9,16392.3,16393.3,1,232
2026-07-24T01:45:00+00:00,16392.9,16393.1,16389.8,16391.3,16392.4,16393.4,16392.6,16393.6,16389.3,16390.3,16390.8,16391.8,1,258
2026-07-24T01:50:00+00:00,16391.2,16394.15,16387.9,16393.35,16390.7,16391.7,16393.6,16394.7,16387.4,16388.4,16392.6,16394.1,1.5,460
2026-07-24T01:55:00+00:00,16393,16393.55,16381.2,16381.2,16392.5,16393.5,16392.7,16394.4,16380.7,16381.7,16380.7,16381.7,1,427
2026-07-24T02:00:00+00:00,16380,16384.8,16380,16384.7,16379.5,16380.5,16384.3,16385.3,16379.5,16380.5,16384.2,16385.2,1,291
2026-07-24T02:05:00+00:00,16384.8,16386,16381.3,16383.3,16384.3,16385.3,16385.5,16386.5,16380.8,16381.8,16382.8,16383.8,1,222
2026-07-24T02:10:00+00:00,16383.2,16386.2,16382.9,16384.6,16382.7,16383.7,16385.7,16386.7,16382.4,16383.4,16384.1,16385.1,1,242
2026-07-24T02:15:00+00:00,16384.5,16385.3,16378.1,16381.5,16384,16385,16384.8,16385.8,16377.6,16378.6,16381,16382,1,328
2026-07-24T02:20:00+00:00,16381.7,16382.9,16379.7,16380.8,16381.2,16382.2,16382.4,16383.4,16379.2,16380.2,16380.3,16381.3,1,284
2026-07-24T02:25:00+00:00,16380.7,16384.9,16380.7,16384.3,16380.2,16381.2,16384.4,16385.4,16380.2,16381.2,16383.8,16384.8,1,284
2026-07-24T02:30:00+00:00,16384.2,16385.2,16377.1,16377.9,16383.7,16384.7,16384.7,16385.7,16376.6,16377.6,16377.4,16378.4,1,355
2026-07-24T02:35:00+00:00,16378.1,16379.5,16375.4,16377.5,16377.6,16378.6,16379,16380,16374.9,16375.9,16377,16378,1,322
2026-07-24T02:40:00+00:00,16377.4,16377.4,16372.2,16373.7,16376.9,16377.9,16376.9,16377.9,16371.7,16372.7,16373.2,16374.2,1,377
2026-07-24T02:45:00+00:00,16373.8,16377.2,16373.5,16376.3,16373.3,16374.3,16376.7,16377.7,16373,16374,16375.8,16376.8,1,266
2026-07-24T02:50:00+00:00,16376.4,16377.5,16375.4,16376,16375.9,16376.9,16377,16378,16374.9,16375.9,16375.5,16376.5,1,228
2026-07-24T02:55:00+00:00,16376.1,16378.4,16376.1,16378.2,16375.6,16376.6,16377.9,16378.9,16375.6,16376.6,16377.7,16378.7,1,216
2026-07-24T03:00:00+00:00,16378.4,16379.6,16376.8,16377.7,16377.9,16378.9,16379.1,16380.1,16376.3,16377.3,16377.2,16378.2,1,172
2026-07-24T03:05:00+00:00,16377.5,16381.2,16377,16378.6,16377,16378,16380.7,16381.7,16376.5,16377.5,16378.1,16379.1,1,146
2026-07-24T03:10:00+00:00,16378.7,16379.5,16377.1,16377.8,16378.2,16379.2,16379,16380,16376.6,16377.6,16377.3,16378.3,1,219
2026-07-24T03:15:00+00:00,16377.9,16378.8,16377.2,16377.6,16377.4,16378.4,16378.3,16379.3,16376.7,16377.7,16377.1,16378.1,1,186
2026-07-24T03:20:00+00:00,16377.5,16378.4,16375.2,16377.8,16377,16378,16377.9,16378.9,16374.7,16375.7,16377.3,16378.3,1,264
2026-07-24T03:25:00+00:00,16377.7,16378.7,16376.3,16378.3,16377.2,16378.2,16378.2,16379.2,16375.8,16376.8,16377.8,16378.8,1,267
2026-07-24T03:30:00+00:00,16378.4,16378.6,16372.8,16374.4,16377.9,16378.9,16378.1,16379.1,16372.3,16373.3,16373.9,16374.9,1,277
2026-07-24T03:35:00+00:00,16374.5,16376.7,16373.7,16376.1,16374,16375,16376.2,16377.2,16373.2,16374.2,16375.6,16376.6,1,189
2026-07-24T03:40:00+00:00,16376.2,16376.9,16374.9,16376.7,16375.7,16376.7,16376.4,16377.4,16374.4,16375.4,16376.2,16377.2,1,215
2026-07-24T03:45:00+00:00,16376.9,16378.5,16375.7,16377.3,16376.4,16377.4,16378,16379,16375.2,16376.2,16376.8,16377.8,1,283
2026-07-24T03:50:00+00:00,16377.2,16378.8,16376.3,16378.3,16376.7,16377.7,16378.3,16379.3,16375.8,16376.8,16377.8,16378.8,1,210
2026-07-24T03:55:00+00:00,16378.2,16378.7,16377.2,16378.4,16377.7,16378.7,16378.2,16379.2,16376.7,16377.7,16377.9,16378.9,1,175
2026-07-24T04:00:00+00:00,16378.3,16379.3,16377.7,16379.2,16377.8,16378.8,16378.8,16379.8,16377.2,16378.2,16378.7,16379.7,1,121
2026-07-24T04:05:00+00:00,16379.3,16379.7,16378.1,16379.7,16378.8,16379.8,16379.2,16380.2,16377.6,16378.6,16379.2,16380.2,1,104
2026-07-24T04:10:00+00:00,16379.8,16382.6,16379.7,16382.2,16379.3,16380.3,16382.1,16383.1,16379.2,16380.2,16381.7,16382.7,1,184
2026-07-24T04:15:00+00:00,16382.3,16383.2,16381.8,16382.4,16381.8,16382.8,16382.7,16383.7,16381.3,16382.3,16381.9,16382.9,1,127
2026-07-24T04:20:00+00:00,16382.8,16386.1,16382.7,16385.9,16382.3,16383.3,16385.6,16386.6,16382.2,16383.2,16385.4,16386.4,1,112
2026-07-24T04:25:00+00:00,16385.8,16387.3,16385.3,16385.9,16385.3,16386.3,16386.8,16387.8,16384.8,16385.8,16385.4,16386.4,1,114
2026-07-24T04:30:00+00:00,16386,16386.5,16383.3,16383.4,16385.5,16386.5,16386,16387,16382.8,16383.8,16382.9,16383.9,1,139
2026-07-24T04:35:00+00:00,16383.5,16383.6,16381.9,16383.6,16383,16384,16383.1,16384.1,16381.4,16382.4,16383.1,16384.1,1,138
2026-07-24T04:40:00+00:00,16383.7,16383.7,16380.8,16381.9,16383.2,16384.2,16383.2,16384.2,16380.3,16381.3,16381.4,16382.4,1,98
2026-07-24T04:45:00+00:00,16382,16382.7,16381.5,16382.2,16381.5,16382.5,16382.2,16383.2,16381,16382,16381.7,16382.7,1,84
2026-07-24T04:50:00+00:00,16381.9,16382.1,16380.5,16380.9,16381.4,16382.4,16381.6,16382.6,16380,16381,16380.4,16381.4,1,117
2026-07-24T04:55:00+00:00,16380.8,16382,16379.7,16380.8,16380.3,16381.3,16381.5,16382.5,16379.2,16380.2,16380.3,16381.3,1,126
2026-07-24T05:00:00+00:00,16381,16382.4,16380.7,16381.5,16380.5,16381.5,16381.9,16382.9,16380.2,16381.2,16381,16382,1,126
2026-07-24T05:05:00+00:00,16381.6,16381.8,16380.7,16380.8,16381.1,16382.1,16381.3,16382.3,16380.2,16381.2,16380.3,16381.3,1,200
2026-07-24T05:10:00+00:00,16380.7,16381.3,16378.6,16381.3,16380.2,16381.2,16380.8,16381.8,16378.1,16379.1,16380.8,16381.8,1,179
2026-07-24T05:15:00+00:00,16381.7,16382.5,16381.4,16381.6,16381.2,16382.2,16382,16383,16380.9,16381.9,16381.1,16382.1,1,102
2026-07-24T05:20:00+00:00,16381.5,16383.3,16381.3,16383.1,16381,16382,16382.8,16383.8,16380.8,16381.8,16382.6,16383.6,1,108
2026-07-24T05:25:00+00:00,16383.2,16384,16382.6,16383.4,16382.7,16383.7,16383.5,16384.5,16382.1,16383.1,16382.9,16383.9,1,89
2026-07-24T05:30:00+00:00,16383.3,16384.3,16382.6,16382.8,16382.8,16383.8,16383.8,16384.8,16382.1,16383.1,16382.3,16383.3,1,86
2026-07-24T05:35:00+00:00,16382,16382.7,16381.7,16381.8,16381.5,16382.5,16382.2,16383.2,16381.2,16382.2,16381.3,16382.3,1,96
2026-07-24T05:40:00+00:00,16381.9,16383.1,16381.6,16383,16381.4,16382.4,16382.6,16383.6,16381.1,16382.1,16382.5,16383.5,1,75
2026-07-24T05:45:00+00:00,16382.9,16384,16382.5,16383.7,16382.4,16383.4,16383.5,16384.5,16382,16383,16383.2,16384.2,1,93
2026-07-24T05:50:00+00:00,16383.8,16384.9,16383.7,16384.7,16383.3,16384.3,16384.4,16385.4,16383.2,16384.2,16384.2,16385.2,1,72
2026-07-24T05:55:00+00:00,16384.6,16384.7,16382.9,16383,16384.1,16385.1,16384.2,16385.2,16382.4,16383.4,16382.5,16383.5,1,50
2026-07-24T06:00:00+00:00,16383.1,16383.6,16382.8,16383.4,16382.6,16383.6,16383.1,16384.1,16382.3,16383.3,16382.9,16383.9,1,63
2026-07-24T06:05:00+00:00,16383.5,16383.6,16380.7,16382.2,16383,16384,16383.1,16384.1,16380.2,16381.2,16381.7,16382.7,1,101
2026-07-24T06:10:00+00:00,16382.3,16383,16381.7,16382.3,16381.8,16382.8,16382.5,16383.5,16381.2,16382.2,16381.8,16382.8,1,105
2026-07-24T06:15:00+00:00,16382.4,16383.3,16381.3,16381.8,16381.9,16382.9,16382.8,16383.8,16380.8,16381.8,16381.3,16382.3,1,608
2026-07-24T06:20:00+00:00,16382,16382.6,16379.8,16380.5,16381.5,16382.5,16382.1,16383.1,16379.3,16380.3,16380,16381,1,1139
2026-07-24T06:25:00+00:00,16380.7,16382,16380,16381.3,16380.2,16381.2,16381.5,16382.5,16379.5,16380.5,16380.8,16381.8,1,1300
2026-07-24T06:30:00+00:00,16381.2,16382.9,16381.2,16382.3,16380.7,16381.7,16382.4,16383.4,16380.7,16381.7,16381.8,16382.8,1,1297
2026-07-24T06:35:00+00:00,16382.4,16382.9,16380.4,16382.1,16381.9,16382.9,16382.4,16383.4,16379.9,16380.9,16381.6,16382.6,1,1289
2026-07-24T06:40:00+00:00,16382,16382.7,16379.6,16381.9,16381.5,16382.5,16382.2,16383.2,16379.1,16380.1,16381.4,16382.4,1,1197
2026-07-24T06:45:00+00:00,16382.1,16382.2,16380.8,16381.9,16381.6,16382.6,16381.7,16382.7,16380.3,16381.3,16381.4,16382.4,1,95
2026-07-24T06:50:00+00:00,16381.8,16384.7,16380.4,16384.6,16381.3,16382.3,16384.2,16385.2,16379.9,16380.9,16384.1,16385.1,1,136
2026-07-24T06:55:00+00:00,16384.5,16385.1,16383.4,16384.1,16384,16385,16384.6,16385.6,16382.9,16383.9,16383.6,16384.6,1,119
2026-07-24T07:00:00+00:00,16384.2,16384.5,16381.1,16381.6,16383.7,16384.7,16384,16385,16380.6,16381.6,16381.1,16382.1,1,112
2026-07-24T07:05:00+00:00,16381.5,16381.6,16377.1,16380.6,16381,16382,16381.1,16382.1,16376.6,16377.6,16380.1,16381.1,1,208
2026-07-24T07:10:00+00:00,16380.2,16381.7,16379.8,16380.2,16379.7,16380.7,16381.2,16382.2,16379.3,16380.3,16379.7,16380.7,1,161
2026-07-24T07:15:00+00:00,16380.1,16380.5,16378.8,16379.3,16379.6,16380.6,16380,16381,16378.3,16379.3,16378.8,16379.8,1,158
2026-07-24T07:20:00+00:00,16379.4,16379.4,16377.1,16377.7,16378.9,16379.9,16378.9,16379.9,16376.6,16377.6,16377.2,16378.2,1,174
2026-07-24T07:25:00+00:00,16377.5,16378.8,16376.2,16378.2,16377,16378,16378.3,16379.3,16375.7,16376.7,16377.7,16378.7,1,166
2026-07-24T07:30:00+00:00,16378.3,16380.6,16378.1,16378.1,16377.8,16378.8,16380.1,16381.1,16377.6,16378.6,16377.6,16378.6,1,167
2026-07-24T07:35:00+00:00,16378.3,16379.4,16377.1,16377.8,16377.8,16378.8,16378.9,16379.9,16376.6,16377.6,16377.3,16378.3,1,129
2026-07-24T07:40:00+00:00,16377.6,16379.1,16377.4,16377.8,16377.1,16378.1,16378.6,16379.6,16376.9,16377.9,16377.3,16378.3,1,132
2026-07-24T07:45:00+00:00,16377.7,16378.8,16376.7,16378.6,16377.2,16378.2,16378.3,16379.3,16376.2,16377.2,16378.1,16379.1,1,93
2026-07-24T07:50:00+00:00,16378.5,16379.9,16377.2,16378.8,16378,16379,16379.4,16380.4,16376.7,16377.7,16378.3,16379.3,1,140
2026-07-24T07:55:00+00:00,16378.9,16379.8,16376.5,16376.5,16378.4,16379.4,16379.3,16380.3,16376,16377,16376,16377,1,186
2026-07-24T08:00:00+00:00,16376.6,16378,16367,16373,16376.1,16377.1,16377.5,16378.5,16366.5,16367.5,16372.5,16373.5,1,317
2026-07-24T08:05:00+00:00,16374,16376.6,16371.2,16371.5,16373.5,16374.5,16376.1,16377.1,16370.7,16371.7,16371,16372,1,278
2026-07-24T08:10:00+00:00,16371.2,16371.2,16365,16369.6,16370.7,16371.7,16370.7,16371.7,16364.5,16365.5,16369.1,16370.1,1,347
2026-07-24T08:15:00+00:00,16369.7,16375,16369.7,16374.3,16369.2,16370.2,16374.5,16375.5,16369.2,16370.2,16373.8,16374.8,1,367
2026-07-24T08:20:00+00:00,16374.2,16375.5,16371.1,16372.1,16373.7,16374.7,16375,16376,16370.6,16371.6,16371.6,16372.6,1,275
2026-07-24T08:25:00+00:00,16372.3,16372.3,16369.4,16369.7,16371.8,16372.8,16371.8,16372.8,16368.9,16369.9,16369.2,16370.2,1,304
2026-07-24T08:30:00+00:00,16369.8,16371.7,16366.8,16371.5,16369.3,16370.3,16371.2,16372.2,16366.3,16367.3,16371,16372,1,340
2026-07-24T08:35:00+00:00,16371.3,16376.5,16371.1,16376.1,16370.8,16371.8,16376,16377,16370.6,16371.6,16375.6,16376.6,1,282
2026-07-24T08:40:00+00:00,16376,16379.7,16376,16377.2,16375.5,16376.5,16379.2,16380.2,16375.5,16376.5,16376.7,16377.7,1,320
2026-07-24T08:45:00+00:00,16377.1,16380.8,16377,16379,16376.6,16377.6,16380.3,16381.3,16376.5,16377.5,16378.5,16379.5,1,305
2026-07-24T08:50:00+00:00,16379.1,16379.5,16376.6,16377.1,16378.6,16379.6,16379,16380,16376.1,16377.1,16376.6,16377.6,1,310
2026-07-24T08:55:00+00:00,16377.2,16379,16376.2,16377.1,16376.7,16377.7,16378.5,16379.5,16375.7,16376.7,16376.6,16377.6,1,199
2026-07-24T09:00:00+00:00,16376.7,16381.1,16375.3,16380.9,16376.2,16377.2,16380.6,16381.6,16374.8,16375.8,16380.4,16381.4,1,208
2026-07-24T09:05:00+00:00,16381,16381.7,16377.6,16378.5,16380.5,16381.5,16381.2,16382.2,16377.1,16378.1,16378,16379,1,168
2026-07-24T09:10:00+00:00,16378.4,16378.6,16375.8,16376.5,16377.9,16378.9,16378.1,16379.1,16375.3,16376.3,16376,16377,1,261
2026-07-24T09:15:00+00:00,16376.4,16379.8,16376.4,16377.1,16375.9,16376.9,16379.3,16380.3,16375.9,16376.9,16376.6,16377.6,1,252
2026-07-24T09:20:00+00:00,16377.5,16377.8,16375,16376.4,16377,16378,16377.3,16378.3,16374.5,16375.5,16375.9,16376.9,1,285
2026-07-24T09:25:00+00:00,16376.5,16377.5,16374.1,16374.2,16376,16377,16377,16378,16373.6,16374.6,16373.7,16374.7,1,216
2026-07-24T09:30:00+00:00,16374.9,16375.6,16372.5,16374.3,16374.4,16375.4,16375.1,16376.1,16372,16373,16373.8,16374.8,1,274
2026-07-24T09:35:00+00:00,16374.4,16377.2,16373.9,16375.1,16373.9,16374.9,16376.7,16377.7,16373.4,16374.4,16374.6,16375.6,1,239
2026-07-24T09:40:00+00:00,16375.8,16379.2,16374.8,16377.8,16375.3,16376.3,16378.7,16379.7,16374.3,16375.3,16377.3,16378.3,1,285
2026-07-24T09:45:00+00:00,16377.9,16380.3,16376,16379.2,16377.4,16378.4,16379.8,16380.8,16375.5,16376.5,16378.7,16379.7,1,283
2026-07-24T09:50:00+00:00,16379.1,16380.7,16377.6,16377.9,16378.6,16379.6,16380.2,16381.2,16377.1,16378.1,16377.4,16378.4,1,224
2026-07-24T09:55:00+00:00,16377.8,16378.4,16372.8,16373.5,16377.3,16378.3,16377.9,16378.9,16372.3,16373.3,16373,16374,1,227
2026-07-24T10:00:00+00:00,16373.4,16376.4,16373.4,16376.3,16372.9,16373.9,16375.9,16376.9,16372.9,16373.9,16375.8,16376.8,1,207
2026-07-24T10:05:00+00:00,16376.4,16376.7,16373.2,16373.2,16375.9,16376.9,16376.2,16377.2,16372.7,16373.7,16372.7,16373.7,1,173
2026-07-24T10:10:00+00:00,16373.3,16376.5,16373.2,16374,16372.8,16373.8,16376,16377,16372.7,16373.7,16373.5,16374.5,1,245
2026-07-24T10:15:00+00:00,16373.9,16375.2,16372.8,16373.1,16373.4,16374.4,16374.7,16375.7,16372.3,16373.3,16372.6,16373.6,1,203
2026-07-24T10:20:00+00:00,16373.2,16374.8,16372.9,16373.5,16372.7,16373.7,16374.3,16375.3,16372.4,16373.4,16373,16374,1,200
2026-07-24T10:25:00+00:00,16373.6,16375.6,16373.4,16374.2,16373.1,16374.1,16375.1,16376.1,16372.9,16373.9,16373.7,16374.7,1,248
2026-07-24T10:30:00+00:00,16374.3,16376.6,16372.7,16374,16373.8,16374.8,16376.1,16377.1,16372.2,16373.2,16373.5,16374.5,1,264
2026-07-24T10:35:00+00:00,16373.9,16376.6,16373.9,16375,16373.4,16374.4,16376.1,16377.1,16373.4,16374.4,16374.5,16375.5,1,216
2026-07-24T10:40:00+00:00,16374.8,16376.5,16372.9,16373.8,16374.3,16375.3,16376,16377,16372.4,16373.4,16373.3,16374.3,1,206
2026-07-24T10:45:00+00:00,16373.7,16374.9,16372.9,16373.7,16373.2,16374.2,16374.4,16375.4,16372.4,16373.4,16373.2,16374.2,1,188
2026-07-24T10:50:00+00:00,16373.6,16374.6,16370.8,16370.9,16373.1,16374.1,16374.1,16375.1,16370.3,16371.3,16370.4,16371.4,1,187
2026-07-24T10:55:00+00:00,16370.8,16371.8,16369.1,16369.5,16370.3,16371.3,16371.3,16372.3,16368.6,16369.6,16369,16370,1,200
2026-07-24T11:00:00+00:00,16368.7,16371.5,16368,16370.6,16368.2,16369.2,16371,16372,16367.5,16368.5,16370.1,16371.1,1,161
2026-07-24T11:05:00+00:00,16370.5,16372.8,16370.5,16372.1,16370,16371,16372.3,16373.3,16370,16371,16371.6,16372.6,1,150
2026-07-24T11:10:00+00:00,16372.2,16373.9,16372,16372.3,16371.7,16372.7,16373.4,16374.4,16371.5,16372.5,16371.8,16372.8,1,172
2026-07-24T11:15:00+00:00,16372.4,16372.8,16370.3,16372,16371.9,16372.9,16372.3,16373.3,16369.8,16370.8,16371.5,16372.5,1,181
2026-07-24T11:20:00+00:00,16371.9,16373,16370.7,16372.2,16371.4,16372.4,16372.5,16373.5,16370.2,16371.2,16371.7,16372.7,1,223
2026-07-24T11:25:00+00:00,16372.1,16373,16370.8,16372.5,16371.6,16372.6,16372.5,16373.5,16370.3,16371.3,16372,16373,1,227
2026-07-24T11:30:00+00:00,16372.6,16373.8,16370.6,16373.5,16372.1,16373.1,16373.3,16374.3,16370.1,16371.1,16373,16374,1,212
2026-07-24T11:35:00+00:00,16373.6,16374.9,16372.6,16374.9,16373.1,16374.1,16374.4,16375.4,16372.1,16373.1,16374.4,16375.4,1,181
2026-07-24T11:40:00+00:00,16374.8,16376.5,16374.3,16376.2,16374.3,16375.3,16376,16377,16373.8,16374.8,16375.7,16376.7,1,218
2026-07-24T11:45:00+00:00,16376.3,16377.6,16375.8,16377.6,16375.8,16376.8,16377.1,16378.1,16375.3,16376.3,16377.1,16378.1,1,192
2026-07-24T11:50:00+00:00,16377.7,16380.5,16377.6,16380.2,16377.2,16378.2,16380,16381,16377.1,16378.1,16379.7,16380.7,1,204
2026-07-24T11:55:00+00:00,16380.1,16381.1,16379.4,16379.6,16379.6,16380.6,16380.6,16381.6,16378.9,16379.9,16379.1,16380.1,1,169
2026-07-24T12:00:00+00:00,16379.7,16380.4,16377.1,16377.8,16379.2,16380.2,16379.9,16380.9,16376.6,16377.6,16377.3,16378.3,1,160
2026-07-24T12:05:00+00:00,16377.7,16378.9,16376.4,16377.8,16377.2,16378.2,16378.4,16379.4,16375.9,16376.9,16377.3,16378.3,1,126
2026-07-24T12:10:00+00:00,16377.7,16378,16376.3,16376.3,16377.2,16378.2,16377.5,16378.5,16375.8,16376.8,16375.8,16376.8,1,93
2026-07-24T12:15:00+00:00,16376.2,16377.7,16376.2,16377.7,16375.7,16376.7,16377.2,16378.2,16375.7,16376.7,16377.2,16378.2,1,98
2026-07-24T12:20:00+00:00,16378.2,16378.7,16377.4,16378.1,16377.7,16378.7,16378.2,16379.2,16376.9,16377.9,16377.6,16378.6,1,100
2026-07-24T12:25:00+00:00,16378,16379.2,16377.7,16379,16377.5,16378.5,16378.7,16379.7,16377.2,16378.2,16378.5,16379.5,1,127
2026-07-24T12:30:00+00:00,16378.8,16379.1,16376.6,16378.9,16378.3,16379.3,16378.6,16379.6,16376.1,16377.1,16378.4,16379.4,1,122
2026-07-24T12:35:00+00:00,16378.8,16380.3,16378.2,16379.9,16378.3,16379.3,16379.8,16380.8,16377.7,16378.7,16379.4,16380.4,1,139
2026-07-24T12:40:00+00:00,16379.8,16380.6,16379.4,16380.4,16379.3,16380.3,16380.1,16381.1,16378.9,16379.9,16379.9,16380.9,1,138
2026-07-24T12:45:00+00:00,16380.2,16380.2,16378.3,16379.4,16379.7,16380.7,16379.7,16380.7,16377.8,16378.8,16378.9,16379.9,1,136
2026-07-24T12:50:00+00:00,16379.5,16383.6,16379.4,16382.8,16379,16380,16383.1,16384.1,16378.9,16379.9,16382.3,16383.3,1,146
2026-07-24T12:55:00+00:00,16382.9,16384.1,16378.8,16381.2,16382.4,16383.4,16383.6,16384.6,16378.3,16379.3,16380.7,16381.7,1,302
2026-07-24T13:00:00+00:00,16381.1,16383.2,16380.5,16382.4,16380.6,16381.6,16382.7,16383.7,16380,16381,16381.9,16382.9,1,218
2026-07-24T13:05:00+00:00,16382.5,16383.6,16381.6,16382.5,16382,16383,16383.1,16384.1,16381.1,16382.1,16382,16383,1,197
2026-07-24T13:10:00+00:00,16382.3,16382.6,16380.2,16381,16381.8,16382.8,16382.1,16383.1,16379.7,16380.7,16380.5,16381.5,1,113
2026-07-24T13:15:00+00:00,16380.9,16381.7,16380.3,16381.4,16380.4,16381.4,16381.2,16382.2,16379.8,16380.8,16380.9,16381.9,1,163
2026-07-24T13:20:00+00:00,16381.9,16382.9,16381.1,16382.2,16381.4,16382.4,16382.4,16383.4,16380.6,16381.6,16381.7,16382.7,1,163
2026-07-24T13:25:00+00:00,16382.1,16384.6,16382,16382.9,16381.6,16382.6,16384.1,16385.1,16381.5,16382.5,16382.4,16383.4,1,181
2026-07-24T13:30:00+00:00,16382.8,16382.9,16380.4,16382.6,16382.3,16383.3,16382.4,16383.4,16379.9,16380.9,16382.1,16383.1,1,155
2026-07-24T13:35:00+00:00,16382.3,16382.5,16381.3,16382.1,16381.8,16382.8,16382,16383,16380.8,16381.8,16381.6,16382.6,1,142
2026-07-24T13:40:00+00:00,16382.2,16385,16382.1,16383.6,16381.7,16382.7,16384.5,16385.5,16381.6,16382.6,16383.1,16384.1,1,165
2026-07-24T13:45:00+00:00,16383.7,16385.2,16383.1,16384.5,16383.2,16384.2,16384.7,16385.7,16382.6,16383.6,16384,16385,1,132
2026-07-24T13:50:00+00:00,16384.3,16384.9,16383.9,16384.4,16383.8,16384.8,16384.4,16385.4,16383.4,16384.4,16383.9,16384.9,1,108
2026-07-24T13:55:00+00:00,16384.6,16386.2,16384.5,16384.9,16384.1,16385.1,16385.7,16386.7,16384,16385,16384.4,16385.4,1,112
2026-07-24T14:00:00+00:00,16385,16387.4,16384.3,16387.2,16384.5,16385.5,16386.9,16387.9,16383.8,16384.8,16386.7,16387.7,1,207
2026-07-24T14:05:00+00:00,16387.1,16387.6,16386.5,16387.4,16386.6,16387.6,16387.1,16388.1,16386,16387,16386.9,16387.9,1,140
2026-07-24T14:10:00+00:00,16387.5,16388.5,16384.1,16384.5,16387,16388,16388,16389,16383.6,16384.6,16384,16385,1,189
2026-07-24T14:15:00+00:00,16384.4,16386.1,16384,16386.1,16383.9,16384.9,16385.6,16386.6,16383.5,16384.5,16385.6,16386.6,1,195
2026-07-24T14:20:00+00:00,16386,16386.1,16384.1,16385.7,16385.5,16386.5,16385.6,16386.6,16383.6,16384.6,16385.2,16386.2,1,162
2026-07-24T14:25:00+00:00,16385.6,16387.3,16385.6,16386.3,16385.1,16386.1,16386.8,16387.8,16385.1,16386.1,16385.8,16386.8,1,123
2026-07-24T14:30:00+00:00,16385.7,16387,16385,16385.3,16385.2,16386.2,16386.5,16387.5,16384.5,16385.5,16384.8,16385.8,1,168
2026-07-24T14:35:00+00:00,16385.7,16386.8,16384.4,16384.7,16385.2,16386.2,16386.3,16387.3,16383.9,16384.9,16384.2,16385.2,1,127
2026-07-24T14:40:00+00:00,16384.6,16385.1,16383.1,16384.45,16384.1,16385.1,16384.6,16385.6,16382.6,16383.6,16383.4,16385.5,2.1,196
2026-07-24T14:45:00+00:00,16385,16387.05,16383.1,16384.8,16382,16388,16385.3,16388.8,16382,16384.2,16384.3,16385.3,1,251
2026-07-24T14:50:00+00:00,16384.5,16385.8,16383.6,16384.5,16384,16385,16385.3,16386.3,16383.1,16384.1,16384,16385,1,217
2026-07-24T14:55:00+00:00,16384.7,16385.2,16378.2,16378.2,16384.2,16385.2,16384.7,16385.7,16377.7,16378.7,16377.7,16378.7,1,271
2026-07-24T15:00:00+00:00,16377.4,16380.1,16376.5,16379.4,16376.2,16378.6,16379.6,16380.6,16376,16377,16378.9,16379.9,1,296
2026-07-24T15:05:00+00:00,16379.5,16383.8,16379.1,16381.8,16379,16380,16383.3,16384.3,16378.6,16379.6,16381.3,16382.3,1,217
2026-07-24T15:10:00+00:00,16381.9,16383.5,16380.4,16383.1,16381.4,16382.4,16383,16384,16379.9,16380.9,16382.6,16383.6,1,345
2026-07-24T15:15:00+00:00,16383,16383.1,16380,16381.4,16382.5,16383.5,16382.6,16383.6,16379.5,16380.5,16380.9,16381.9,1,212
2026-07-24T15:20:00+00:00,16381.2,16382.3,16377.8,16379.5,16380.7,16381.7,16381.8,16382.8,16377.3,16378.3,16379,16380,1,270
2026-07-24T15:25:00+00:00,16379.3,16380.7,16378.1,16379.4,16378.8,16379.8,16380.2,16381.2,16377.6,16378.6,16378.9,16379.9,1,251
2026-07-24T15:30:00+00:00,16379.6,16380.5,16377.3,16377.5,16379.1,16380.1,16380,16381,16376.8,16377.8,16377,16378,1,282
2026-07-24T15:35:00+00:00,16377.4,16378.3,16375.8,16378.3,16376.9,16377.9,16377.8,16378.8,16375.3,16376.3,16377.8,16378.8,1,284
2026-07-24T15:40:00+00:00,16378.5,16379.1,16375.6,16376.6,16378,16379,16378.6,16379.6,16375.1,16376.1,16376.1,16377.1,1,232
2026-07-24T15:45:00+00:00,16376.7,16377.4,16372.2,16372.9,16376.2,16377.2,16376.9,16377.9,16371.7,16372.7,16372.4,16373.4,1,264
2026-07-24T15:50:00+00:00,16373,16374.2,16369.3,16372.3,16372.5,16373.5,16373.7,16374.7,16368.8,16369.8,16371.8,16372.8,1,418
2026-07-24T15:55:00+00:00,16372.4,16376.3,16370.8,16376.2,16371.9,16372.9,16375.8,16376.8,16370.3,16371.3,16375.7,16376.7,1,457
2026-07-24T16:00:00+00:00,16376.1,16377.5,16374.7,16376.2,16375.6,16376.6,16377,16378,16374.2,16375.2,16375.7,16376.7,1,264
2026-07-24T16:05:00+00:00,16376.1,16376.1,16372.9,16373.5,16375.6,16376.6,16375.6,16376.6,16372.4,16373.4,16373,16374,1,237
2026-07-24T16:10:00+00:00,16373.4,16373.8,16366.5,16368.4,16372.9,16373.9,16373.3,16374.3,16366,16367,16367.9,16368.9,1,522
2026-07-24T16:15:00+00:00,16368.6,16370.1,16364.2,16368.5,16368.1,16369.1,16369.6,16370.6,16363.7,16364.7,16368,16369,1,490
2026-07-24T16:20:00+00:00,16368.4,16370.9,16366.8,16370.1,16367.9,16368.9,16370.4,16371.4,16366.3,16367.3,16369.6,16370.6,1,359
2026-07-24T16:25:00+00:00,16369.7,16370.8,16368.5,16369.8,16369.2,16370.2,16370.3,16371.3,16368,16369,16369.3,16370.3,1,340
2026-07-24T16:30:00+00:00,16369.7,16371.7,16369.1,16371.7,16369.2,16370.2,16371.2,16372.2,16368.6,16369.6,16371.2,16372.2,1,308
2026-07-24T16:35:00+00:00,16371.6,16373.4,16369.3,16369.8,16371.1,16372.1,16372.9,16373.9,16368.8,16369.8,16369.3,16370.3,1,276
2026-07-24T16:40:00+00:00,16369.9,16375.2,16369.8,16373.6,16369.4,16370.4,16374.7,16375.7,16369.3,16370.3,16373.1,16374.1,1,248
2026-07-24T16:45:00+00:00,16373.7,16374.4,16372,16373.4,16373.2,16374.2,16373.9,16374.9,16371.5,16372.5,16372.9,16373.9,1,197
2026-07-24T16:50:00+00:00,16373.1,16374.4,16372.1,16373.1,16372.6,16373.6,16373.9,16374.9,16371.6,16372.6,16372.6,16373.6,1,213
2026-07-24T16:55:00+00:00,16373.2,16374.1,16370.9,16371,16372.7,16373.7,16373.6,16374.6,16370.4,16371.4,16370.5,16371.5,1,177
2026-07-24T17:00:00+00:00,16371.1,16374.6,16371.1,16371.5,16370.6,16371.6,16374.1,16375.1,16370.6,16371.6,16371,16372,1,123
2026-07-24T17:05:00+00:00,16371.4,16373.2,16370.7,16371.7,16370.9,16371.9,16372.7,16373.7,16370.2,16371.2,16371.2,16372.2,1,153
2026-07-24T17:10:00+00:00,16371.8,16372.1,16370.6,16371.1,16371.3,16372.3,16371.6,16372.6,16370.1,16371.1,16370.6,16371.6,1,249
2026-07-24T17:15:00+00:00,16371,16372,16370,16371.8,16370.5,16371.5,16371.5,16372.5,16369.5,16370.5,16371.3,16372.3,1,237
2026-07-24T17:20:00+00:00,16371.9,16372.9,16371.6,16372.8,16371.4,16372.4,16372.4,16373.4,16371.1,16372.1,16372.3,16373.3,1,193
2026-07-24T17:25:00+00:00,16372.6,16373.7,16371.9,16372.6,16372.1,16373.1,16373.2,16374.2,16371.4,16372.4,16372.1,16373.1,1,191
2026-07-24T17:30:00+00:00,16372.7,16375.5,16371.8,16373,16372.2,16373.2,16375,16376,16371.3,16372.3,16372.5,16373.5,1,243
2026-07-24T17:35:00+00:00,16372.6,16375.5,16372.1,16374.9,16372.1,16373.1,16375,16376,16371.6,16372.6,16374.4,16375.4,1,178
2026-07-24T17:40:00+00:00,16375,16375.9,16374.2,16375.2,16374.5,16375.5,16375.4,16376.4,16373.7,16374.7,16374.7,16375.7,1,184
2026-07-24T17:45:00+00:00,16375.7,16376.5,16374.9,16376.2,16375.2,16376.2,16376,16377,16374.4,16375.4,16375.7,16376.7,1,197
2026-07-24T17:50:00+00:00,16376.3,16376.9,16375.6,16376.8,16375.8,16376.8,16376.4,16377.4,16375.1,16376.1,16376.3,16377.3,1,158
2026-07-24T17:55:00+00:00,16376.9,16378.3,16376,16378.3,16376.4,16377.4,16377.8,16378.8,16375.5,16376.5,16377.8,16378.8,1,94
2026-07-24T18:00:00+00:00,16378.5,16379.5,16378.4,16378.8,16378,16379,16379,16380,16377.9,16378.9,16378.3,16379.3,1,98
2026-07-24T18:05:00+00:00,16378.7,16381.7,16378.6,16380.1,16378.2,16379.2,16381.2,16382.2,16378.1,16379.1,16379.6,16380.6,1,201
2026-07-24T18:10:00+00:00,16380,16382.6,16380,16381.2,16379.5,16380.5,16382.1,16383.1,16379.5,16380.5,16380.7,16381.7,1,213
2026-07-24T18:15:00+00:00,16381.1,16383.4,16380.2,16382.8,16380.6,16381.6,16382.9,16383.9,16379.7,16380.7,16382.3,16383.3,1,174
2026-07-24T18:20:00+00:00,16382.9,16383.3,16381.7,16383.2,16382.4,16383.4,16382.8,16383.8,16381.2,16382.2,16382.7,16383.7,1,185
2026-07-24T18:25:00+00:00,16383.3,16383.3,16380.8,16381.4,16382.8,16383.8,16382.8,16383.8,16380.3,16381.3,16380.9,16381.9,1,167
2026-07-24T18:30:00+00:00,16381.5,16382.5,16380.8,16381.8,16381,16382,16382,16383,16380.3,16381.3,16381.3,16382.3,1,143
2026-07-24T18:35:00+00:00,16381.7,16383.6,16381.7,16383,16381.2,16382.2,16383.1,16384.1,16381.2,16382.2,16382.5,16383.5,1,141
2026-07-24T18:40:00+00:00,16383.1,16384.5,16382.3,16382.4,16382.6,16383.6,16384,16385,16381.8,16382.8,16381.9,16382.9,1,136
2026-07-24T18:45:00+00:00,16382.5,16383.9,16382.3,16383.1,16382,16383,16383.4,16384.4,16381.8,16382.8,16382.6,16383.6,1,140
2026-07-24T18:50:00+00:00,16383.2,16384.1,16382.3,16383.3,16382.7,16383.7,16383.6,16384.6,16381.8,16382.8,16382.8,16383.8,1,173
2026-07-24T18:55:00+00:00,16383.4,16383.4,16381.5,16381.7,16382.9,16383.9,16382.9,16383.9,16381,16382,16381.2,16382.2,1,82
2026-07-24T19:00:00+00:00,16381.6,16382.5,16380.9,16381.1,16381.1,16382.1,16382,16383,16380.4,16381.4,16380.6,16381.6,1,46
2026-07-24T19:05:00+00:00,16381,16382.5,16380.9,16381.5,16380.5,16381.5,16382,16383,16380.4,16381.4,16381,16382,1,72
2026-07-24T19:10:00+00:00,16381.4,16382.1,16380.9,16381.5,16380.9,16381.9,16381.6,16382.6,16380.4,16381.4,16381,16382,1,137
2026-07-24T19:15:00+00:00,16381.6,16381.7,16379.7,16381.1,16381.1,16382.1,16381.2,16382.2,16379.2,16380.2,16380.6,16381.6,1,126
2026-07-24T19:20:00+00:00,16381.2,16383.5,16381.2,16382.5,16380.7,16381.7,16383,16384,16380.7,16381.7,16382,16383,1,123
2026-07-24T19:25:00+00:00,16382.4,16383.9,16382,16383.8,16381.9,16382.9,16383.4,16384.4,16381.5,16382.5,16383.3,16384.3,1,141
2026-07-24T19:30:00+00:00,16384,16385.7,16382.8,16385.7,16383.5,16384.5,16385.2,16386.2,16382.3,16383.3,16385.2,16386.2,1,188
2026-07-24T19:35:00+00:00,16385.6,16385.8,16383.9,16385.2,16385.1,16386.1,16385.3,16386.3,16383.4,16384.4,16384.7,16385.7,1,176
2026-07-24T19:40:00+00:00,16385.3,16386.1,16383.7,16384.5,16384.8,16385.8,16385.6,16386.6,16383.2,16384.2,16384,16385,1,111
2026-07-24T19:45:00+00:00,16384.4,16385,16383.4,16384.2,16383.9,16384.9,16384.5,16385.5,16382.9,16383.9,16383.7,16384.7,1,155
2026-07-24T19:50:00+00:00,16384.3,16384.9,16383.8,16384.6,16383.8,16384.8,16384.4,16385.4,16383.3,16384.3,16384.1,16385.1,1,115
2026-07-24T19:55:00+00:00,16384.5,16384.7,16383.4,16383.9,16384,16385,16384.2,16385.2,16382.9,16383.9,16383.4,16384.4,1,124
2026-07-24T20:00:00+00:00,16383.7,16383.7,16380.7,16382.1,16383.2,16384.2,16383.2,16384.2,16380.2,16381.2,16381.6,16382.6,1,74
2026-07-24T20:05:00+00:00,16382.2,16382.9,16381.1,16382.9,16381.7,16382.7,16382.4,16383.4,16380.6,16381.6,16382.4,16383.4,1,102
2026-07-24T20:10:00+00:00,16382.8,16383.2,16382.1,16382.6,16382.3,16383.3,16382.7,16383.7,16381.6,16382.6,16382.1,16383.1,1,118
2026-07-24T20:15:00+00:00,16382.5,16384.4,16382.5,16383.5,16382,16383,16383.9,16384.9,16382,16383,16383,16384,1,143
2026-07-24T20:20:00+00:00,16383.4,16385.1,16382.7,16384.6,16382.9,16383.9,16384.6,16385.6,16382.2,16383.2,16384.1,16385.1,1,166
2026-07-24T20:25:00+00:00,16384.5,16385.7,16384,16385.4,16384,16385,16385.2,16386.2,16383.5,16384.5,16384.9,16385.9,1,199
2026-07-24T20:30:00+00:00,16385.3,16385.8,16383.8,16384.9,16384.8,16385.8,16385.3,16386.3,16383.3,16384.3,16384.4,16385.4,1,212
2026-07-24T20:35:00+00:00,16385,16385,16382.8,16383.2,16384.5,16385.5,16384.5,16385.5,16382.3,16383.3,16382.7,16383.7,1,222
2026-07-24T20:40:00+00:00,16383.3,16383.6,16381.9,16383.3,16382.8,16383.8,16383.1,16384.1,16381.4,16382.4,16382.8,16383.8,1,170
2026-07-24T20:45:00+00:00,16383.2,16384.5,16382.8,16384.3,16382.7,16383.7,16384,16385,16382.3,16383.3,16383.8,16384.8,1,125
2026-07-24T20:50:00+00:00,16384.2,16384.6,16383.3,16383.6,16383.7,16384.7,16384.1,16385.1,16382.8,16383.8,16383.1,16384.1,1,138
2026-07-24T20:55:00+00:00,16383.4,16385.5,16382.7,16385.1,16382.9,16383.9,16385,16386,16382.2,16383.2,16384.6,16385.6,1,133
2026-07-24T21:00:00+00:00,16385.2,16385.2,16383.9,16384.9,16384.7,16385.7,16384.7,16385.7,16383.4,16384.4,16384.4,16385.4,1,60
2026-07-24T21:05:00+00:00,16385,16385.7,16384.8,16385.2,16384.5,16385.5,16385.2,16386.2,16384.3,16385.3,16384.7,16385.7,1,66
2026-07-24T21:10:00+00:00,16385.1,16385.9,16384.3,16385.3,16384.6,16385.6,16385.4,16386.4,16383.8,16384.8,16384.8,16385.8,1,154
2026-07-24T21:15:00+00:00,16385.2,16385.8,16384.9,16385.8,16384.7,16385.7,16385.3,16386.3,16384.4,16385.4,16385.3,16386.3,1,141
2026-07-24T21:20:00+00:00,16385.9,16386,16384.9,16385.9,16385.4,16386.4,16385.5,16386.5,16384.4,16385.4,16385.4,16386.4,1,91
2026-07-24T21:25:00+00:00,16385.7,16386.65,16385.3,16385.7,16385.2,16386.2,16386,16387.3,16384.8,16385.8,16385.2,16386.2,1,186
2026-07-24T21:30:00+00:00,16385.15,16387.3,16385.15,16387.1,16384.5,16385.8,16386.8,16387.8,16384.5,16385.8,16386.6,16387.6,1,120
2026-07-24T21:35:00+00:00,16387.25,16387.3,16385.45,16386.65,16386.5,16388,16386.5,16388.1,16384.6,16386.3,16385.7,16387.6,1.9,135
2026-07-24T21:40:00+00:00,16386.55,16387.05,16385.45,16386,16385.6,16387.5,16386.1,16388,16384.5,16386.4,16385,16387,2,151
2026-07-24T21:45:00+00:00,16386.5,16386.7,16384.5,16385.5,16385.5,16387.5,16385.5,16387.9,16383.3,16385.7,16385,16386,1,207
2026-07-24T21:50:00+00:00,16385.4,16386.7,16384.3,16386.7,16384.9,16385.9,16386.2,16387.2,16383.8,16384.8,16386.2,16387.2,1,165
2026-07-24T21:55:00+00:00,16386.8,16388,16384.3,16385.8,16385.8,16387.8,16386.4,16389.6,16381.6,16387,16382.3,16389.3,7,148
2026-07-26T21:00:00+00:00,16384.95,16384.95,16384.95,16384.95,16382.2,16387.7,16382.2,16387.7,16382.2,16387.7,16382.2,16387.7,5.5,1
2026-07-26T21:05:00+00:00,16371.4,16371.5,16367.7,16369.25,16370.4,16372.4,16370.4,16372.6,16363.9,16371.5,16366.1,16372.4,6.3,11
2026-07-26T21:15:00+00:00,16369.35,16369.4,16364,16368.25,16366.2,16372.5,16366.2,16372.6,16362.2,16365.8,16365.1,16371.4,6.3,12
2026-07-26T21:20:00+00:00,16367.95,16367.95,16367.25,16367.25,16364.8,16371.1,16364.8,16371.1,16364.1,16370.4,16364.1,16370.4,6.3,2
2026-07-26T21:30:00+00:00,16366.75,16368.5,16366.2,16368.5,16363,16370.5,16366.1,16370.9,16361.9,16370.5,16366.1,16370.9,4.8,7
2026-07-26T21:35:00+00:00,16368.5,16369,16368.5,16369,16367.5,16369.5,16368,16370,16367.5,16369.5,16368,16370,2,2
2026-07-26T21:40:00+00:00,16369,16369.15,16364.9,16365.15,16366.4,16371.6,16366.4,16371.9,16360.3,16369.5,16360.8,16369.5,8.7,9
2026-07-26T21:45:00+00:00,16362.8,16364.9,16360.25,16361.75,16361.8,16363.8,16361.8,16368,16357.3,16363.2,16357.3,16366.2,8.9,29
2026-07-26T21:55:00+00:00,16361.75,16362.95,16356.25,16360.6,16356.8,16366.7,16358.6,16367.3,16352,16360.5,16354.1,16367.1,13,23
2026-07-26T22:00:00+00:00,16360.4,16362.2,16360.4,16361.6,16353.9,16366.9,16355.7,16368.7,16353.9,16366.9,16355.1,16368.1,13,8
2026-07-26T22:05:00+00:00,16360.6,16363.1,16360.6,16362.6,16354.1,16367.1,16356.7,16369.5,16354.1,16367.1,16356.1,16369.1,13,12
2026-07-26T22:10:00+00:00,16360.8,16360.8,16360.6,16360.6,16354.3,16367.3,16354.3,16367.3,16354.1,16367.1,16354.1,16367.1,13,2
2026-07-26T22:15:00+00:00,16364.65,16365.3,16360.6,16364.85,16360.3,16369,16360.6,16370,16354.1,16367.1,16359.7,16370,10.3,48
2026-07-26T22:20:00+00:00,16365.75,16369.45,16363.3,16367.4,16359.8,16371.7,16365.9,16373,16356.8,16369.8,16362.3,16372.5,10.2,59
2026-07-26T22:25:00+00:00,16367.4,16367.7,16367.35,16367.65,16362.4,16372.4,16362.9,16372.5,16362.3,16372.4,16362.8,16372.5,9.7,10
2026-07-26T22:30:00+00:00,16367.7,16367.8,16364.7,16364.7,16363,16372.4,16363.1,16372.5,16358.2,16371.2,16358.2,16371.2,13,16
2026-07-26T22:35:00+00:00,16366.1,16367.8,16364.6,16367.25,16359.7,16372.5,16363.1,16372.5,16358.1,16371.1,16362,16372.5,10.5,23
2026-07-26T22:40:00+00:00,16368.55,16368.55,16368.25,16368.35,16364.7,16372.4,16364.7,16372.4,16364.3,16372.2,16364.5,16372.2,7.7,14
2026-07-26T22:45:00+00:00,16368.1,16368.75,16362.3,16363.7,16364.1,16372.1,16365,16372.5,16355.8,16368.8,16357.4,16370,12.6,36
2026-07-26T22:50:00+00:00,16363.5,16363.5,16361.4,16363.3,16357.5,16369.5,16357.5,16369.5,16355.4,16367.4,16357.3,16369.3,12,99
2026-07-26T22:55:00+00:00,16363.4,16364.7,16363.3,16364.7,16357.4,16369.4,16358.7,16370.7,16357.3,16369.3,16358.7,16370.7,12,107
2026-07-26T23:00:00+00:00,16365.25,16367.5,16358.45,16360.15,16359.3,16371.2,16361.8,16373.2,16355.4,16361.5,16356.9,16363.4,6.5,313
2026-07-26T23:05:00+00:00,16360.15,16360.5,16355.85,16358.75,16357.4,16362.9,16358.1,16362.9,16354,16357.7,16356.7,16360.8,4.1,210
2026-07-26T23:10:00+00:00,16358.9,16368.7,16358.5,16366.4,16356.6,16361.2,16367.6,16369.8,16356.4,16360.6,16365.4,16367.4,2,335
2026-07-26T23:15:00+00:00,16366.5,16367.6,16365.8,16367.1,16365.5,16367.5,16366.6,16368.6,16364.8,16366.8,16366.1,16368.1,2,251
2026-07-26T23:20:00+00:00,16367.25,16369.5,16365.95,16369.4,16366.3,16368.2,16368.6,16370.4,16365,16366.9,16368.6,16370.2,1.6,239
2026-07-26T23:25:00+00:00,16369.5,16371.5,16368.95,16370.15,16368.7,16370.3,16370.6,16372.4,16368.1,16369.8,16369.3,16371,1.7,202
2026-07-26T23:30:00+00:00,16370.3,16370.3,16367.75,16367.9,16369.5,16371.1,16369.5,16371.1,16366.9,16368.6,16367,16368.8,1.8,201
2026-07-26T23:35:00+00:00,16367.75,16370.6,16367.5,16370.1,16366.8,16368.7,16369.6,16371.6,16366.5,16368.5,16369.1,16371.1,2,173
2026-07-26T23:40:00+00:00,16370.05,16370.2,16368.15,16368.85,16368.9,16371.2,16369.2,16371.2,16367.3,16369,16367.8,16369.9,2.1,100
2026-07-26T23:45:00+00:00,16368.75,16369.2,16367.9,16369.05,16367.7,16369.8,16368.1,16370.3,16367,16368.8,16368.1,16370,1.9,185
2026-07-26T23:50:00+00:00,16368.95,16369.5,16368.05,16369,16368,16369.9,16368.5,16370.5,16367.2,16368.9,16368.1,16369.9,1.8,148
2026-07-26T23:55:00+00:00,16369,16370.8,16369,16370.2,16368,16370,16369.9,16371.7,16368,16370,16369.4,16371,1.6,91
2026-07-27T00:00:00+00:00,16370.3,16370.5,16367.75,16368.25,16369.5,16371.1,16369.7,16371.3,16366.9,16368.6,16367.4,16369.1,1.7,182
2026-07-27T00:05:00+00:00,16368.15,16368.55,16366.95,16367.35,16367.3,16369,16367.9,16369.2,16366.3,16367.6,16366.4,16368.3,1.9,134
2026-07-27T00:10:00+00:00,16367.35,16368.8,16367.35,16368.1,16366.5,16368.2,16368.3,16369.3,16366.5,16368.2,16367.6,16368.6,1,122
2026-07-27T00:15:00+00:00,16367.9,16368.3,16366.7,16367.9,16367.4,16368.4,16367.8,16368.8,16366.2,16367.2,16367.4,16368.4,1,88
2026-07-27T00:20:00+00:00,16368,16368.4,16367.7,16368.2,16367.5,16368.5,16367.9,16368.9,16367.2,16368.2,16367.7,16368.7,1,61
2026-07-27T00:25:00+00:00,16368.3,16368.5,16367.8,16368,16367.8,16368.8,16368,16369,16367.3,16368.3,16367.5,16368.5,1,69
2026-07-27T00:30:00+00:00,16367.9,16368.2,16365.8,16366.9,16367.4,16368.4,16367.7,16368.7,16365.3,16366.3,16366.4,16367.4,1,111
2026-07-27T00:35:00+00:00,16366.8,16366.9,16364.4,16365.6,16366.3,16367.3,16366.4,16367.4,16363.9,16364.9,16365.1,16366.1,1,146
2026-07-27T00:40:00+00:00,16365.7,16366.4,16364.5,16366.3,16365.2,16366.2,16365.9,16366.9,16364,16365,16365.8,16366.8,1,200
2026-07-27T00:45:00+00:00,16366.2,16367.2,16364.7,16365.2,16365.7,16366.7,16366.7,16367.7,16364.2,16365.2,16364.7,16365.7,1,257
2026-07-27T00:50:00+00:00,16365.1,16366.2,16364.6,16365.5,16364.6,16365.6,16365.7,16366.7,16364.1,16365.1,16365,16366,1,164
2026-07-27T00:55:00+00:00,16365.6,16365.7,16360.6,16361.8,16365.1,16366.1,16365.2,16366.2,16360.1,16361.1,16361.3,16362.3,1,164
2026-07-27T01:00:00+00:00,16361.9,16361.9,16355.5,16355.6,16361.4,16362.4,16361.4,16362.4,16355,16356,16355.1,16356.1,1,333
2026-07-27T01:05:00+00:00,16355.9,16360.6,16355.8,16358.1,16355.4,16356.4,16360.1,16361.1,16355.3,16356.3,16357.6,16358.6,1,293
2026-07-27T01:10:00+00:00,16358,16359.7,16353.6,16354.3,16357.5,16358.5,16359.2,16360.2,16353.1,16354.1,16353.8,16354.8,1,356
2026-07-27T01:15:00+00:00,16354.4,16356.8,16352.9,16355.3,16353.9,16354.9,16356.3,16357.3,16352.4,16353.4,16354.8,16355.8,1,358
2026-07-27T01:20:00+00:00,16355.2,16359.3,16355.1,16356.8,16354.7,16355.7,16358.8,16359.8,16354.6,16355.6,16356.3,16357.3,1,376
2026-07-27T01:25:00+00:00,16356.9,16357,16353.5,16353.9,16356.4,16357.4,16356.5,16357.5,16353,16354,16353.4,16354.4,1,424
2026-07-27T01:30:00+00:00,16354,16354.1,16352.2,16353.8,16353.5,16354.5,16353.6,16354.6,16351.7,16352.7,16353.3,16354.3,1,358
2026-07-27T01:35:00+00:00,16353.7,16359.5,16353.7,16359.2,16353.2,16354.2,16359,16360,16353.2,16354.2,16358.7,16359.7,1,308
2026-07-27T01:40:00+00:00,16359.3,16359.6,16356.5,16357.1,16358.8,16359.8,16359.1,16360.1,16356,16357,16356.6,16357.6,1,237
2026-07-27T01:45:00+00:00,16357,16361.1,16355.8,16359.8,16356.5,16357.5,16360.6,16361.6,16355.3,16356.3,16359.3,16360.3,1,230
2026-07-27T01:50:00+00:00,16359.7,16365.9,16359.2,16365.1,16359.2,16360.2,16365.2,16366.6,16358.7,16359.7,16364.6,16365.6,1,389
2026-07-27T01:55:00+00:00,16364.9,16365.1,16361.3,16363.8,16364.4,16365.4,16364.6,16365.6,16360.8,16361.8,16363.3,16364.3,1,246
2026-07-27T02:00:00+00:00,16363.5,16364.2,16361.1,16361.8,16363,16364,16363.7,16364.7,16360.6,16361.6,16361.3,16362.3,1,180
2026-07-27T02:05:00+00:00,16361.7,16361.8,16358.3,16358.8,16361.2,16362.2,16361.3,16362.3,16357.8,16358.8,16358.3,16359.3,1,178
2026-07-27T02:10:00+00:00,16358.9,16359.1,16355.9,16356.3,16358.4,16359.4,16358.6,16359.6,16355.4,16356.4,16355.8,16356.8,1,274
2026-07-27T02:15:00+00:00,16356.6,16358.6,16354.9,16358,16356.1,16357.1,16358.1,16359.1,16354.4,16355.4,16357.5,16358.5,1,268
2026-07-27T02:20:00+00:00,16358.1,16358.7,16356.2,16356.7,16357.6,16358.6,16358.2,16359.2,16355.7,16356.7,16356.2,16357.2,1,240
2026-07-27T02:25:00+00:00,16356.6,16358.1,16356.1,16356.9,16356.1,16357.1,16357.6,16358.6,16355.6,16356.6,16356.4,16357.4,1,235
2026-07-27T02:30:00+00:00,16356.8,16356.8,16353.3,16355,16356.3,16357.3,16356.3,16357.3,16352.8,16353.8,16354.5,16355.5,1,250
2026-07-27T02:35:00+00:00,16355.1,16358.2,16355,16357.8,16354.6,16355.6,16357.7,16358.7,16354.5,16355.5,16357.3,16358.3,1,171
2026-07-27T02:40:00+00:00,16357.9,16358.2,16354.9,16355,16357.4,16358.4,16357.7,16358.7,16354.4,16355.4,16354.5,16355.5,1,205
2026-07-27T02:45:00+00:00,16355.1,16356.4,16354.3,16354.5,16354.6,16355.6,16355.9,16356.9,16353.8,16354.8,16354,16355,1,250
2026-07-27T02:50:00+00:00,16354.4,16356.7,16353.8,16355.7,16353.9,16354.9,16356.2,16357.2,16353.3,16354.3,16355.2,16356.2,1,196
2026-07-27T02:55:00+00:00,16355.8,16355.8,16348.5,16348.5,16355.3,16356.3,16355.3,16356.3,16348,16349,16348,16349,1,244
2026-07-27T03:00:00+00:00,16348.4,16351.6,16345.6,16351.4,16347.9,16348.9,16351.1,16352.1,16345.1,16346.1,16350.9,16351.9,1,252
2026-07-27T03:05:00+00:00,16351.5,16353.4,16351.1,16352.4,16351,16352,16352.9,16353.9,16350.6,16351.6,16351.9,16352.9,1,189
2026-07-27T03:10:00+00:00,16352.7,16355.4,16350.9,16354.6,16352.2,16353.2,16354.9,16355.9,16350.4,16351.4,16354.1,16355.1,1,288
2026-07-27T03:15:00+00:00,16354.5,16355.3,16352.8,16354.9,16354,16355,16354.8,16355.8,16352.3,16353.3,16354.4,16355.4,1,265
2026-07-27T03:20:00+00:00,16354.8,16355.8,16352.8,16353.8,16354.3,16355.3,16355.3,16356.3,16352.3,16353.3,16353.3,16354.3,1,243
2026-07-27T03:25:00+00:00,16353.9,16353.9,16351.3,16352.1,16353.4,16354.4,16353.4,16354.4,16350.8,16351.8,16351.6,16352.6,1,193
2026-07-27T03:30:00+00:00,16352,16354.4,16352,16352.8,16351.5,16352.5,16353.9,16354.9,16351.5,16352.5,16352.3,16353.3,1,249
2026-07-27T03:35:00+00:00,16352.9,16353,16350.2,16352.8,16352.4,16353.4,16352.5,16353.5,16349.7,16350.7,16352.3,16353.3,1,200
2026-07-27T03:40:00+00:00,16352.7,16354.9,16351.5,16353.6,16352.2,16353.2,16354.4,16355.4,16351,16352,16353.1,16354.1,1,217
2026-07-27T03:45:00+00:00,16353.7,16356.5,16353,16355.4,16353.2,16354.2,16356,16357,16352.5,16353.5,16354.9,16355.9,1,179
2026-07-27T03:50:00+00:00,16355.3,16356.5,16354.9,16356,16354.8,16355.8,16356,16357,16354.4,16355.4,16355.5,16356.5,1,196
2026-07-27T03:55:00+00:00,16356.1,16358.5,16355.9,16358.2,16355.6,16356.6,16358,16359,16355.4,16356.4,16357.7,16358.7,1,178
2026-07-27T04:00:00+00:00,16358.3,16358.5,16356,16356.8,16357.8,16358.8,16358,16359,16355.5,16356.5,16356.3,16357.3,1,200
2026-07-27T04:05:00+00:00,16356.9,16358,16356.5,16357.6,16356.4,16357.4,16357.5,16358.5,16356,16357,16357.1,16358.1,1,137
2026-07-27T04:10:00+00:00,16357.8,16359.8,16357.6,16359.6,16357.3,16358.3,16359.3,16360.3,16357.1,16358.1,16359.1,16360.1,1,132
2026-07-27T04:15:00+00:00,16359.7,16359.7,16357.8,16359.1,16359.2,16360.2,16359.2,16360.2,16357.3,16358.3,16358.6,16359.6,1,113
2026-07-27T04:20:00+00:00,16359,16360.5,16358.7,16359.6,16358.5,16359.5,16360,16361,16358.2,16359.2,16359.1,16360.1,1,114
2026-07-27T04:25:00+00:00,16359.5,16359.7,16357.4,16359.4,16359,16360,16359.2,16360.2,16356.9,16357.9,16358.9,16359.9,1,125
2026-07-27T04:30:00+00:00,16359.5,16362,16359.5,16360.9,16359,16360,16361.5,16362.5,16359,16360,16360.4,16361.4,1,176
2026-07-27T04:35:00+00:00,16360.8,16361.2,16359.3,16359.9,16360.3,16361.3,16360.7,16361.7,16358.8,16359.8,16359.4,16360.4,1,127
2026-07-27T04:40:00+00:00,16360,16360.8,16358.8,16360.2,16359.5,16360.5,16360.3,16361.3,16358.3,16359.3,16359.7,16360.7,1,126
2026-07-27T04:45:00+00:00,16360.1,16360.3,16357.5,16359.1,16359.6,16360.6,16359.8,16360.8,16357,16358,16358.6,16359.6,1,125
2026-07-27T04:50:00+00:00,16359,16359.1,16356.2,16357.3,16358.5,16359.5,16358.6,16359.6,16355.7,16356.7,16356.8,16357.8,1,86
2026-07-27T04:55:00+00:00,16357.4,16357.6,16356.7,16357.3,16356.9,16357.9,16357.1,16358.1,16356.2,16357.2,16356.8,16357.8,1,86
2026-07-27T05:00:00+00:00,16357.2,16357.3,16355.5,16355.9,16356.7,16357.7,16356.8,16357.8,16355,16356,16355.4,16356.4,1,96
2026-07-27T05:05:00+00:00,16356,16356.3,16354.7,16356.2,16355.5,16356.5,16355.8,16356.8,16354.2,16355.2,16355.7,16356.7,1,85
2026-07-27T05:10:00+00:00,16356.4,16357.6,16356.3,16356.4,16355.9,16356.9,16357.1,16358.1,16355.8,16356.8,16355.9,16356.9,1,56
2026-07-27T05:15:00+00:00,16356.5,16356.7,16355.2,16355.7,16356,16357,16356.2,16357.2,16354.7,16355.7,16355.2,16356.2,1,127
2026-07-27T05:20:00+00:00,16355.6,16356.8,16355.2,16356.7,16355.1,16356.1,16356.3,16357.3,16354.7,16355.7,16356.2,16357.2,1,122
2026-07-27T05:25:00+00:00,16356.6,16359.1,16356.5,16357.4,16356.1,16357.1,16358.6,16359.6,16356,16357,16356.9,16357.9,1,91
2026-07-27T05:30:00+00:00,16357.5,16359.6,16357.4,16358.4,16357,16358,16359.1,16360.1,16356.9,16357.9,16357.9,16358.9,1,91
2026-07-27T05:35:00+00:00,16358.3,16359.6,16358.2,16359.3,16357.8,16358.8,16359.1,16360.1,16357.7,16358.7,16358.8,16359.8,1,80
2026-07-27T05:40:00+00:00,16359.2,16359.2,16357.6,16358.6,16358.7,16359.7,16358.7,16359.7,16357.1,16358.1,16358.1,16359.1,1,102
2026-07-27T05:45:00+00:00,16358.7,16359,16357.8,16358.9,16358.2,16359.2,16358.5,16359.5,16357.3,16358.3,16358.4,16359.4,1,86
2026-07-27T05:50:00+00:00,16358.8,16359.7,16358.6,16358.9,16358.3,16359.3,16359.2,16360.2,16358.1,16359.1,16358.4,16359.4,1,87
2026-07-27T05:55:00+00:00,16359,16359,16357.6,16357.8,16358.5,16359.5,16358.5,16359.5,16357.1,16358.1,16357.3,16358.3,1,119
2026-07-27T06:00:00+00:00,16357.9,16359.9,16357.8,16358.7,16357.4,16358.4,16359.4,16360.4,16357.3,16358.3,16358.2,16359.2,1,141
2026-07-27T06:05:00+00:00,16358.6,16359.4,16356.9,16357.4,16358.1,16359.1,16358.9,16359.9,16356.4,16357.4,16356.9,16357.9,1,112
2026-07-27T06:10:00+00:00,16357.3,16357.6,16356.2,16356.9,16356.8,16357.8,16357.1,16358.1,16355.7,16356.7,16356.4,16357.4,1,101
2026-07-27T06:15:00+00:00,16357,16358.5,16356.8,16357.1,16356.5,16357.5,16358,16359,16356.3,16357.3,16356.6,16357.6,1,484
2026-07-27T06:20:00+00:00,16357.2,16358.7,16356.7,16357.8,16356.7,16357.7,16358.2,16359.2,16356.2,16357.2,16357.3,16358.3,1,1104
2026-07-27T06:25:00+00:00,16357.7,16359,16356.2,16356.9,16357.2,16358.2,16358.5,16359.5,16355.7,16356.7,16356.4,16357.4,1,1142
2026-07-27T06:30:00+00:00,16357,16358.1,16355.7,16357.1,16356.5,16357.5,16357.6,16358.6,16355.2,16356.2,16356.6,16357.6,1,1113
2026-07-27T06:35:00+00:00,16357,16358.3,16356.3,16357,16356.5,16357.5,16357.8,16358.8,16355.8,16356.8,16356.5,16357.5,1,1161
2026-07-27T06:40:00+00:00,16357.1,16360.2,16356.4,16359.9,16356.6,16357.6,16359.7,16360.7,16355.9,16356.9,16359.4,16360.4,1,1141
2026-07-27T06:45:00+00:00,16359.8,16361.2,16358.9,16360.1,16359.3,16360.3,16360.7,16361.7,16358.4,16359.4,16359.6,16360.6,1,163
2026-07-27T06:50:00+00:00,16360.2,16361.1,16359,16359.3,16359.7,16360.7,16360.6,16361.6,16358.5,16359.5,16358.8,16359.8,1,104
2026-07-27T06:55:00+00:00,16359.4,16360.4,16358.4,16359.2,16358.9,16359.9,16359.9,16360.9,16357.9,16358.9,16358.7,16359.7,1,167
2026-07-27T07:00:00+00:00,16359.1,16360.6,16355.8,16356.6,16358.6,16359.6,16360.1,16361.1,16355.3,16356.3,16356.1,16357.1,1,258
2026-07-27T07:05:00+00:00,16356.9,16357.7,16355.6,16356,16356.4,16357.4,16357.2,16358.2,16355.1,16356.1,16355.5,16356.5,1,170
2026-07-27T07:10:00+00:00,16356.1,16356.2,16353.2,16353.3,16355.6,16356.6,16355.7,16356.7,16352.7,16353.7,16352.8,16353.8,1,136
2026-07-27T07:15:00+00:00,16353.1,16355.9,16352.2,16355.9,16352.6,16353.6,16355.4,16356.4,16351.7,16352.7,16355.4,16356.4,1,216
2026-07-27T07:20:00+00:00,16356,16356.1,16353.6,16356,16355.5,16356.5,16355.6,16356.6,16353.1,16354.1,16355.5,16356.5,1,169
2026-07-27T07:25:00+00:00,16356.2,16356.2,16354.2,16355.8,16355.7,16356.7,16355.7,16356.7,16353.7,16354.7,16355.3,16356.3,1,167
2026-07-27T07:30:00+00:00,16355.9,16358.6,16355.2,16357.4,16355.4,16356.4,16358.1,16359.1,16354.7,16355.7,16356.9,16357.9,1,181
2026-07-27T07:35:00+00:00,16357.6,16358.6,16354.8,16354.9,16357.1,16358.1,16358.1,16359.1,16354.3,16355.3,16354.4,16355.4,1,145
2026-07-27T07:40:00+00:00,16354.8,16356.1,16351.9,16353.3,16354.3,16355.3,16355.6,16356.6,16351.4,16352.4,16352.8,16353.8,1,179
2026-07-27T07:45:00+00:00,16353,16355.3,16353,16353.8,16352.5,16353.5,16354.8,16355.8,16352.5,16353.5,16353.3,16354.3,1,195
2026-07-27T07:50:00+00:00,16354.3,16355.1,16352.7,16354.2,16353.8,16354.8,16354.6,16355.6,16352.2,16353.2,16353.7,16354.7,1,164
2026-07-27T07:55:00+00:00,16354.1,16355.4,16351.5,16351.8,16353.6,16354.6,16354.9,16355.9,16351,16352,16351.3,16352.3,1,198
2026-07-27T08:00:00+00:00,16352.5,16354.3,16348.5,16352.6,16352,16353,16353.8,16354.8,16348,16349,16352.1,16353.1,1,256
2026-07-27T08:05:00+00:00,16352.5,16352.9,16350.3,16351.2,16352,16353,16352.4,16353.4,16349.8,16350.8,16350.7,16351.7,1,223
2026-07-27T08:10:00+00:00,16351.3,16354.1,16347.4,16347.4,16350.8,16351.8,16353.6,16354.6,16346.9,16347.9,16346.9,16347.9,1,319
2026-07-27T08:15:00+00:00,16347.3,16349.9,16346.8,16348,16346.8,16347.8,16349.4,16350.4,16346.3,16347.3,16347.5,16348.5,1,327
2026-07-27T08:20:00+00:00,16348.1,16348.4,16336.1,16341.9,16347.6,16348.6,16347.9,16348.9,16335.6,16336.6,16341.4,16342.4,1,518
2026-07-27T08:25:00+00:00,16342,16342.1,16333.3,16333.9,16341.5,16342.5,16341.6,16342.6,16332.8,16333.8,16333.4,16334.4,1,448
2026-07-27T08:30:00+00:00,16333.8,16341.1,16333.2,16340.6,16333.3,16334.3,16340.6,16341.6,16332.7,16333.7,16340.1,16341.1,1,360
2026-07-27T08:35:00+00:00,16340.5,16344.9,16339,16344.9,16340,16341,16344.4,16345.4,16338.5,16339.5,16344.4,16345.4,1,268
2026-07-27T08:40:00+00:00,16345,16347.6,16343.5,16345.8,16344.5,16345.5,16347.1,16348.1,16343,16344,16345.3,16346.3,1,342
2026-07-27T08:45:00+00:00,16345.9,16346.4,16344.1,16344.9,16345.4,16346.4,16345.9,16346.9,16343.6,16344.6,16344.4,16345.4,1,325
2026-07-27T08:50:00+00:00,16345,16347.8,16344.6,16347.4,16344.5,16345.5,16347.3,16348.3,16344.1,16345.1,16346.9,16347.9,1,266
2026-07-27T08:55:00+00:00,16347.3,16352.4,16347,16352.3,16346.8,16347.8,16351.9,16352.9,16346.5,16347.5,16351.8,16352.8,1,304
2026-07-27T09:00:00+00:00,16352.2,16353.1,16350.7,16352,16351.7,16352.7,16352.6,16353.6,16350.2,16351.2,16351.5,16352.5,1,198
2026-07-27T09:05:00+00:00,16352.1,16352.8,16349.1,16351.6,16351.6,16352.6,16352.3,16353.3,16348.6,16349.6,16351.1,16352.1,1,262
2026-07-27T09:10:00+00:00,16351.4,16354.4,16350.8,16352.9,16350.9,16351.9,16353.9,16354.9,16350.3,16351.3,16352.4,16353.4,1,302
2026-07-27T09:15:00+00:00,16353,16354.2,16352,16353.9,16352.5,16353.5,16353.7,16354.7,16351.5,16352.5,16353.4,16354.4,1,236
2026-07-27T09:20:00+00:00,16354,16355.4,16352.4,16354,16353.5,16354.5,16354.9,16355.9,16351.9,16352.9,16353.5,16354.5,1,278
2026-07-27T09:25:00+00:00,16354.1,16355.2,16353.2,16354.6,16353.6,16354.6,16354.7,16355.7,16352.7,16353.7,16354.1,16355.1,1,284
2026-07-27T09:30:00+00:00,16354.5,16356.1,16353.9,16356,16354,16355,16355.6,16356.6,16353.4,16354.4,16355.5,16356.5,1,223
2026-07-27T09:35:00+00:00,16355.9,16356,16353.5,16354.4,16355.4,16356.4,16355.5,16356.5,16353,16354,16353.9,16354.9,1,238
2026-07-27T09:40:00+00:00,16354.5,16354.6,16350.7,16352.8,16354,16355,16354.1,16355.1,16350.2,16351.2,16352.3,16353.3,1,248
2026-07-27T09:45:00+00:00,16352.7,16355.1,16352.6,16354.3,16352.2,16353.2,16354.6,16355.6,16352.1,16353.1,16353.8,16354.8,1,187
2026-07-27T09:50:00+00:00,16354.2,16355,16351.1,16351.3,16353.7,16354.7,16354.5,16355.5,16350.6,16351.6,16350.8,16351.8,1,218
2026-07-27T09:55:00+00:00,16351.4,16352.6,16350.8,16352.5,16350.9,16351.9,16352.1,16353.1,16350.3,16351.3,16352,16353,1,253
2026-07-27T10:00:00+00:00,16352.4,16353.7,16349.6,16350.4,16351.9,16352.9,16353.2,16354.2,16349.1,16350.1,16349.9,16350.9,1,171
2026-07-27T10:05:00+00:00,16350.5,16352.6,16350.4,16351.2,16350,16351,16352.1,16353.1,16349.9,16350.9,16350.7,16351.7,1,239
2026-07-27T10:10:00+00:00,16351.3,16358.2,16350.6,16357.6,16350.8,16351.8,16357.7,16358.7,16350.1,16351.1,16357.1,16358.1,1,296
2026-07-27T10:15:00+00:00,16357.7,16360.7,16357.3,16360.2,16357.2,16358.2,16360.2,16361.2,16356.8,16357.8,16359.7,16360.7,1,302
2026-07-27T10:20:00+00:00,16360.3,16360.5,16356.8,16356.8,16359.8,16360.8,16360,16361,16356.3,16357.3,16356.3,16357.3,1,243
2026-07-27T10:25:00+00:00,16356.7,16357.8,16354,16357.3,16356.2,16357.2,16357.3,16358.3,16353.5,16354.5,16356.8,16357.8,1,346
2026-07-27T10:30:00+00:00,16357.2,16359.4,16357,16358,16356.7,16357.7,16358.9,16359.9,16356.5,16357.5,16357.5,16358.5,1,336
2026-07-27T10:35:00+00:00,16357.9,16358.1,16356.3,16357.1,16357.4,16358.4,16357.6,16358.6,16355.8,16356.8,16356.6,16357.6,1,211
2026-07-27T10:40:00+00:00,16357,16357.4,16355.2,16355.6,16356.5,16357.5,16356.9,16357.9,16354.7,16355.7,16355.1,16356.1,1,251
2026-07-27T10:45:00+00:00,16355.5,16357.5,16354.9,16355.4,16355,16356,16357,16358,16354.4,16355.4,16354.9,16355.9,1,227
2026-07-27T10:50:00+00:00,16355.1,16355.5,16352.5,16353.2,16354.6,16355.6,16355,16356,16352,16353,16352.7,16353.7,1,245
2026-07-27T10:55:00+00:00,16353.1,16354,16351,16354,16352.6,16353.6,16353.5,16354.5,16350.5,16351.5,16353.5,16354.5,1,177
2026-07-27T11:00:00+00:00,16354.1,16355.3,16353.8,16354,16353.6,16354.6,16354.8,16355.8,16353.3,16354.3,16353.5,16354.5,1,180
2026-07-27T11:05:00+00:00,16354.1,16357.7,16354,16357.1,16353.6,16354.6,16357.2,16358.2,16353.5,16354.5,16356.6,16357.6,1,198
2026-07-27T11:10:00+00:00,16357.2,16360,16355.7,16356.5,16356.7,16357.7,16359.5,16360.5,16355.2,16356.2,16356,16357,1,335
2026-07-27T11:15:00+00:00,16356.4,16356.6,16353.3,16354.8,16355.9,16356.9,16356.1,16357.1,16352.8,16353.8,16354.3,16355.3,1,255
2026-07-27T11:20:00+00:00,16354.6,16356.1,16354,16354.2,16354.1,16355.1,16355.6,16356.6,16353.5,16354.5,16353.7,16354.7,1,224
2026-07-27T11:25:00+00:00,16354.3,16355.8,16353.4,16355.6,16353.8,16354.8,16355.3,16356.3,16352.9,16353.9,16355.1,16356.1,1,221
2026-07-27T11:30:00+00:00,16355.2,16356.9,16354.7,16356,16354.7,16355.7,16356.4,16357.4,16354.2,16355.2,16355.5,16356.5,1,300
2026-07-27T11:35:00+00:00,16355.9,16357.6,16355.7,16357.4,16355.4,16356.4,16357.1,16358.1,16355.2,16356.2,16356.9,16357.9,1,236
2026-07-27T11:40:00+00:00,16357.5,16357.7,16354.9,16356.3,16357,16358,16357.2,16358.2,16354.4,16355.4,16355.8,16356.8,1,229
2026-07-27T11:45:00+00:00,16356.4,16357.9,16356.2,16356.8,16355.9,16356.9,16357.4,16358.4,16355.7,16356.7,16356.3,16357.3,1,196
2026-07-27T11:50:00+00:00,16356.7,16358.9,16356.6,16358,16356.2,16357.2,16358.4,16359.4,16356.1,16357.1,16357.5,16358.5,1,195
2026-07-27T11:55:00+00:00,16357.9,16360.4,16356.9,16359.3,16357.4,16358.4,16359.9,16360.9,16356.4,16357.4,16358.8,16359.8,1,193
2026-07-27T12:00:00+00:00,16359.7,16361.9,16359.3,16360.6,16359.2,16360.2,16361.4,16362.4,16358.8,16359.8,16360.1,16361.1,1,269
2026-07-27T12:05:00+00:00,16360.7,16364.4,16360.7,16362.3,16360.2,16361.2,16363.9,16364.9,16360.2,16361.2,16361.8,16362.8,1,245
2026-07-27T12:10:00+00:00,16362.5,16364.4,16362.4,16363.9,16362,16363,16363.9,16364.9,16361.9,16362.9,16363.4,16364.4,1,226
2026-07-27T12:15:00+00:00,16363.8,16363.9,16361,16362.6,16363.3,16364.3,16363.4,16364.4,16360.5,16361.5,16362.1,16363.1,1,174
2026-07-27T12:20:00+00:00,16362.7,16363.7,16361.3,16363.7,16362.2,16363.2,16363.2,16364.2,16360.8,16361.8,16363.2,16364.2,1,131
2026-07-27T12:25:00+00:00,16363.8,16364.6,16361.1,16364.6,16363.3,16364.3,16364.1,16365.1,16360.6,16361.6,16364.1,16365.1,1,169
2026-07-27T12:30:00+00:00,16365.3,16365.3,16361.2,16362.2,16364.8,16365.8,16364.8,16365.8,16360.7,16361.7,16361.7,16362.7,1,261
2026-07-27T12:35:00+00:00,16362.3,16362.4,16359.7,16360.2,16361.8,16362.8,16361.9,16362.9,16359.2,16360.2,16359.7,16360.7,1,188
2026-07-27T12:40:00+00:00,16360.1,16360.8,16357.9,16360.3,16359.6,16360.6,16360.3,16361.3,16357.4,16358.4,16359.8,16360.8,1,206
2026-07-27T12:45:00+00:00,16360.2,16363,16359.8,16361.9,16359.7,16360.7,16362.5,16363.5,16359.3,16360.3,16361.4,16362.4,1,220
2026-07-27T12:50:00+00:00,16362,16364.6,16361.8,16363.8,16361.5,16362.5,16364.1,16365.1,16361.3,16362.3,16363.3,16364.3,1,194
2026-07-27T12:55:00+00:00,16363.7,16364.8,16363.6,16364.6,16363.2,16364.2,16364.3,16365.3,16363.1,16364.1,16364.1,16365.1,1,166
2026-07-27T13:00:00+00:00,16364.5,16366.1,16363.4,16365.1,16364,16365,16365.6,16366.6,16362.9,16363.9,16364.6,16365.6,1,176
2026-07-27T13:05:00+00:00,16365.3,16365.7,16363.1,16363.6,16364.8,16365.8,16365.2,16366.2,16362.6,16363.6,16363.1,16364.1,1,141
2026-07-27T13:10:00+00:00,16363.9,16368.5,16363.7,16368.1,16363.4,16364.4,16368,16369,16363.2,16364.2,16367.6,16368.6,1,292
2026-07-27T13:15:00+00:00,16368,16369.4,16366.8,16367.35,16367.5,16368.5,16368.9,16369.9,16366.3,16367.3,16367,16367.7,0.7,203
2026-07-27T13:20:00+00:00,16367.65,16368.4,16366.4,16366.7,16367.3,16368,16367.9,16368.9,16365.9,16366.9,16366.2,16367.2,1,180
2026-07-27T13:25:00+00:00,16366.5,16367.3,16365.1,16367.1,16366,16367,16366.8,16367.8,16364.6,16365.6,16366.6,16367.6,1,96
2026-07-27T13:30:00+00:00,16366.8,16367.8,16365.3,16366.8,16366.3,16367.3,16367.3,16368.3,16364.8,16365.8,16366.3,16367.3,1,175
2026-07-27T13:35:00+00:00,16366.5,16369.9,16366.2,16369.6,16366,16367,16369.4,16370.4,16365.7,16366.7,16369.1,16370.1,1,189
2026-07-27T13:40:00+00:00,16369.7,16370.9,16368.7,16369.2,16369.2,16370.2,16370.4,16371.4,16368.2,16369.2,16368.7,16369.7,1,172
2026-07-27T13:45:00+00:00,16369.3,16369.6,16367.4,16369.3,16368.8,16369.8,16369.1,16370.1,16366.9,16367.9,16368.8,16369.8,1,131
2026-07-27T13:50:00+00:00,16369.4,16369.9,16367.7,16368.8,16368.9,16369.9,16369.4,16370.4,16367.2,16368.2,16368.3,16369.3,1,197
2026-07-27T13:55:00+00:00,16368.6,16369.8,16367.6,16369.3,16368.1,16369.1,16369.3,16370.3,16367.1,16368.1,16368.8,16369.8,1,157
2026-07-27T14:00:00+00:00,16369.4,16369.9,16368.2,16369.3,16368.9,16369.9,16369.4,16370.4,16367.7,16368.7,16368.8,16369.8,1,288
2026-07-27T14:05:00+00:00,16369.4,16370.3,16368,16368.1,16368.9,16369.9,16369.8,16370.8,16367.5,16368.5,16367.6,16368.6,1,187
2026-07-27T14:10:00+00:00,16368,16368.9,16365.7,16366.8,16367.5,16368.5,16368.4,16369.4,16365.2,16366.2,16366.3,16367.3,1,201
2026-07-27T14:15:00+00:00,16366.7,16368.5,16366.1,16367.8,16366.2,16367.2,16368,16369,16365.6,16366.6,16367.3,16368.3,1,161
2026-07-27T14:20:00+00:00,16367.7,16369.9,16367.7,16368.8,16367.2,16368.2,16369.4,16370.4,16367.2,16368.2,16368.3,16369.3,1,134
2026-07-27T14:25:00+00:00,16368.7,16372,16368.2,16370.5,16368.2,16369.2,16371.5,16372.5,16367.7,16368.7,16370,16371,1,195
2026-07-27T14:30:00+00:00,16370.6,16372.1,16368.1,16370.9,16370.1,16371.1,16371.6,16372.6,16367.6,16368.6,16370.4,16371.4,1,283
2026-07-27T14:35:00+00:00,16370.8,16372.6,16370.1,16371.2,16370.3,16371.3,16372.1,16373.1,16369.6,16370.6,16370.7,16371.7,1,205
2026-07-27T14:40:00+00:00,16371.3,16371.7,16370,16370.4,16370.8,16371.8,16371.2,16372.2,16369.5,16370.5,16369.9,16370.9,1,180
2026-07-27T14:45:00+00:00,16370.3,16371.7,16369.6,16369.9,16369.8,16370.8,16371.2,16372.2,16369.1,16370.1,16369.4,16370.4,1,146
2026-07-27T14:50:00+00:00,16370,16372.9,16369.9,16372.3,16369.5,16370.5,16372.4,16373.4,16369.4,16370.4,16371.8,16372.8,1,216
2026-07-27T14:55:00+00:00,16372.2,16376.4,16372,16374.6,16371.7,16372.7,16375.9,16376.9,16371.5,16372.5,16374.1,16375.1,1,220
2026-07-27T15:00:00+00:00,16375,16377.2,16372.9,16375,16374.5,16375.5,16376.7,16377.7,16372.4,16373.4,16374.5,16375.5,1,265
2026-07-27T15:05:00+00:00,16375.1,16375.1,16372.5,16373.1,16374.6,16375.6,16374.6,16375.6,16372,16373,16372.6,16373.6,1,175
2026-07-27T15:10:00+00:00,16373,16373.9,16371.6,16372.6,16372.5,16373.5,16373.4,16374.4,16371.1,16372.1,16372.1,16373.1,1,264
2026-07-27T15:15:00+00:00,16372.7,16375.2,16372.6,16374.7,16372.2,16373.2,16374.7,16375.7,16372.1,16373.1,16374.2,16375.2,1,239
2026-07-27T15:20:00+00:00,16374.8,16375.7,16373.2,16373.8,16374.3,16375.3,16375.2,16376.2,16372.7,16373.7,16373.3,16374.3,1,262
2026-07-27T15:25:00+00:00,16373.9,16376.2,16373.8,16376.2,16373.4,16374.4,16375.7,16376.7,16373.3,16374.3,16375.7,16376.7,1,305
2026-07-27T15:30:00+00:00,16376.1,16376.3,16374.3,16375.3,16375.6,16376.6,16375.8,16376.8,16373.8,16374.8,16374.8,16375.8,1,295
2026-07-27T15:35:00+00:00,16375.4,16377.3,16372.6,16372.7,16374.9,16375.9,16376.8,16377.8,16372.1,16373.1,16372.2,16373.2,1,327
2026-07-27T15:40:00+00:00,16372.9,16376.2,16372.9,16375.5,16372.4,16373.4,16375.7,16376.7,16372.4,16373.4,16375,16376,1,310
2026-07-27T15:45:00+00:00,16375.6,16375.6,16372.4,16374.5,16375.1,16376.1,16375.1,16376.1,16371.9,16372.9,16374,16375,1,338
2026-07-27T15:50:00+00:00,16374.3,16376.9,16373.8,16375.9,16373.8,16374.8,16376.4,16377.4,16373.3,16374.3,16375.4,16376.4,1,217
2026-07-27T15:55:00+00:00,16375.7,16376.6,16370.1,16371.1,16375.2,16376.2,16376.1,16377.1,16369.6,16370.6,16370.6,16371.6,1,316
2026-07-27T16:00:00+00:00,16371.3,16372.8,16368.6,16369.9,16370.8,16371.8,16372.3,16373.3,16368.1,16369.1,16369.4,16370.4,1,270
2026-07-27T16:05:00+00:00,16369.8,16371.6,16369.7,16371,16369.3,16370.3,16371.1,16372.1,16369.2,16370.2,16370.5,16371.5,1,279
2026-07-27T16:10:00+00:00,16371.1,16372.1,16369.6,16370.5,16370.6,16371.6,16371.6,16372.6,16369.1,16370.1,16370,16371,1,317
2026-07-27T16:15:00+00:00,16370.4,16371,16367.8,16369.6,16369.9,16370.9,16370.5,16371.5,16367.3,16368.3,16369.1,16370.1,1,367
2026-07-27T16:20:00+00:00,16369.7,16369.9,16365.6,16366.7,16369.2,16370.2,16369.4,16370.4,16365.1,16366.1,16366.2,16367.2,1,360
2026-07-27T16:25:00+00:00,16366.8,16367.7,16365.6,16366.6,16366.3,16367.3,16367.2,16368.2,16365.1,16366.1,16366.1,16367.1,1,303
2026-07-27T16:30:00+00:00,16366.5,16370.3,16366.5,16369.8,16366,16367,16369.8,16370.8,16366,16367,16369.3,16370.3,1,339
2026-07-27T16:35:00+00:00,16369.7,16369.7,16367.3,16368.3,16369.2,16370.2,16369.2,16370.2,16366.8,16367.8,16367.8,16368.8,1,276
2026-07-27T16:40:00+00:00,16368.2,16369.3,16367.8,16368.3,16367.7,16368.7,16368.8,16369.8,16367.3,16368.3,16367.8,16368.8,1,256
2026-07-27T16:45:00+00:00,16367.8,16369.1,16367.8,16368.3,16367.3,16368.3,16368.6,16369.6,16367.3,16368.3,16367.8,16368.8,1,239
2026-07-27T16:50:00+00:00,16368.2,16369.2,16367.6,16368.7,16367.7,16368.7,16368.7,16369.7,16367.1,16368.1,16368.2,16369.2,1,211
2026-07-27T16:55:00+00:00,16369,16371.5,16368.5,16371.5,16368.5,16369.5,16371,16372,16368,16369,16371,16372,1,152
2026-07-27T17:00:00+00:00,16371.3,16371.7,16369.8,16370.1,16370.8,16371.8,16371.2,16372.2,16369.3,16370.3,16369.6,16370.6,1,184
2026-07-27T17:05:00+00:00,16370.2,16371.3,16369.7,16370.8,16369.7,16370.7,16370.8,16371.8,16369.2,16370.2,16370.3,16371.3,1,221
2026-07-27T17:10:00+00:00,16370.9,16371.1,16368.9,16370.1,16370.4,16371.4,16370.6,16371.6,16368.4,16369.4,16369.6,16370.6,1,237
2026-07-27T17:15:00+00:00,16370,16370.1,16366.4,16367.3,16369.5,16370.5,16369.6,16370.6,16365.9,16366.9,16366.8,16367.8,1,205
2026-07-27T17:20:00+00:00,16367.1,16367.3,16364.6,16366.1,16366.6,16367.6,16366.8,16367.8,16364.1,16365.1,16365.6,16366.6,1,191
2026-07-27T17:25:00+00:00,16366.2,16366.4,16361.8,16363.2,16365.7,16366.7,16365.9,16366.9,16361.3,16362.3,16362.7,16363.7,1,423
2026-07-27T17:30:00+00:00,16363,16363.2,16360.2,16360.2,16362.5,16363.5,16362.7,16363.7,16359.7,16360.7,16359.7,16360.7,1,261
2026-07-27T17:35:00+00:00,16360.4,16361.8,16359.1,16360.6,16359.9,16360.9,16361.3,16362.3,16358.6,16359.6,16360.1,16361.1,1,257
2026-07-27T17:40:00+00:00,16360.5,16363.3,16359.8,16362.8,16360,16361,16362.8,16363.8,16359.3,16360.3,16362.3,16363.3,1,203
2026-07-27T17:45:00+00:00,16362.7,16366.3,16362.6,16365.6,16362.2,16363.2,16365.8,16366.8,16362.1,16363.1,16365.1,16366.1,1,253
2026-07-27T17:50:00+00:00,16365.7,16366.2,16364.7,16365,16365.2,16366.2,16365.7,16366.7,16364.2,16365.2,16364.5,16365.5,1,205
2026-07-27T17:55:00+00:00,16365.1,16366.5,16364.3,16365.2,16364.6,16365.6,16366,16367,16363.8,16364.8,16364.7,16365.7,1,136
2026-07-27T18:00:00+00:00,16365.3,16369.9,16365.2,16369.3,16364.8,16365.8,16369.4,16370.4,16364.7,16365.7,16368.8,16369.8,1,230
2026-07-27T18:05:00+00:00,16369.2,16369.8,16367.9,16368.9,16368.7,16369.7,16369.3,16370.3,16367.4,16368.4,16368.4,16369.4,1,249
2026-07-27T18:10:00+00:00,16369,16370,16368.2,16369.3,16368.5,16369.5,16369.5,16370.5,16367.7,16368.7,16368.8,16369.8,1,258
2026-07-27T18:15:00+00:00,16369.4,16371.8,16369.3,16371.7,16368.9,16369.9,16371.3,16372.3,16368.8,16369.8,16371.2,16372.2,1,169
2026-07-27T18:20:00+00:00,16371.8,16372,16370.7,16371.3,16371.3,16372.3,16371.5,16372.5,16370.2,16371.2,16370.8,16371.8,1,189
2026-07-27T18:25:00+00:00,16371.2,16371.8,16370.4,16371.3,16370.7,16371.7,16371.3,16372.3,16369.9,16370.9,16370.8,16371.8,1,207
2026-07-27T18:30:00+00:00,16371.4,16371.9,16369.1,16369.8,16370.9,16371.9,16371.4,16372.4,16368.6,16369.6,16369.3,16370.3,1,179
2026-07-27T18:35:00+00:00,16369.9,16371.7,16369.7,16371.7,16369.4,16370.4,16371.2,16372.2,16369.2,16370.2,16371.2,16372.2,1,174
2026-07-27T18:40:00+00:00,16371.8,16372.8,16371,16372.8,16371.3,16372.3,16372.3,16373.3,16370.5,16371.5,16372.3,16373.3,1,150
2026-07-27T18:45:00+00:00,16372.9,16373.9,16372.2,16373.4,16372.4,16373.4,16373.4,16374.4,16371.7,16372.7,16372.9,16373.9,1,165
2026-07-27T18:50:00+00:00,16373.3,16374.1,16372.4,16372.5,16372.8,16373.8,16373.6,16374.6,16371.9,16372.9,16372,16373,1,148
2026-07-27T18:55:00+00:00,16372.6,16373.3,16371.9,16373.1,16372.1,16373.1,16372.8,16373.8,16371.4,16372.4,16372.6,16373.6,1,149
2026-07-27T19:00:00+00:00,16372.8,16373.2,16371.5,16371.7,16372.3,16373.3,16372.7,16373.7,16371,16372,16371.2,16372.2,1,107
2026-07-27T19:05:00+00:00,16371.8,16371.8,16370,16370.9,16371.3,16372.3,16371.3,16372.3,16369.5,16370.5,16370.4,16371.4,1,136
2026-07-27T19:10:00+00:00,16370.8,16371.7,16369.9,16370.7,16370.3,16371.3,16371.2,16372.2,16369.4,16370.4,16370.2,16371.2,1,252
2026-07-27T19:15:00+00:00,16370.6,16372.5,16370.4,16371.9,16370.1,16371.1,16372,16373,16369.9,16370.9,16371.4,16372.4,1,172
2026-07-27T19:20:00+00:00,16371.8,16374,16371.8,16373.8,16371.3,16372.3,16373.5,16374.5,16371.3,16372.3,16373.3,16374.3,1,208
2026-07-27T19:25:00+00:00,16373.7,16374.4,16373,16373.6,16373.2,16374.2,16373.9,16374.9,16372.5,16373.5,16373.1,16374.1,1,215
2026-07-27T19:30:00+00:00,16373.7,16373.7,16371.5,16373.1,16373.2,16374.2,16373.2,16374.2,16371,16372,16372.6,16373.6,1,171
2026-07-27T19:35:00+00:00,16373,16373.8,16372.5,16373.6,16372.5,16373.5,16373.3,16374.3,16372,16373,16373.1,16374.1,1,142
2026-07-27T19:40:00+00:00,16373.8,16374.9,16369,16373.1,16373.3,16374.3,16374.4,16375.4,16368.5,16369.5,16372.6,16373.6,1,321
2026-07-27T19:45:00+00:00,16373.2,16376,16372.9,16375.3,16372.7,16373.7,16375.5,16376.5,16372.4,16373.4,16374.8,16375.8,1,212
2026-07-27T19:50:00+00:00,16375.2,16377.4,16374.9,16376.3,16374.7,16375.7,16376.9,16377.9,16374.4,16375.4,16375.8,16376.8,1,206
2026-07-27T19:55:00+00:00,16376.2,16380,16374.8,16378.5,16375.7,16376.7,16379.5,16380.5,16374.3,16375.3,16378,16379,1,255
2026-07-27T20:00:00+00:00,16378.6,16378.6,16375,16378,16378.1,16379.1,16378.1,16379.1,16374.5,16375.5,16377.5,16378.5,1,107
2026-07-27T20:05:00+00:00,16377.9,16378.1,16375.7,16376.3,16377.4,16378.4,16377.6,16378.6,16375.2,16376.2,16375.8,16376.8,1,113
2026-07-27T20:10:00+00:00,16376.2,16376.6,16375.5,16376.1,16375.7,16376.7,16376.1,16377.1,16375,16376,16375.6,16376.6,1,190
2026-07-27T20:15:00+00:00,16375.1,16376.7,16374.1,16374.8,16374.6,16375.6,16376.2,16377.2,16373.6,16374.6,16374.3,16375.3,1,144
2026-07-27T20:20:00+00:00,16374.9,16375,16374,16374.9,16374.4,16375.4,16374.5,16375.5,16373.5,16374.5,16374.4,16375.4,1,152
2026-07-27T20:25:00+00:00,16374.8,16374.9,16373,16373.3,16374.3,16375.3,16374.4,16375.4,16372.5,16373.5,16372.8,16373.8,1,160
2026-07-27T20:30:00+00:00,16373.4,16373.5,16370.4,16372.1,16372.9,16373.9,16373,16374,16369.9,16370.9,16371.6,16372.6,1,233
2026-07-27T20:35:00+00:00,16372.2,16372.6,16371.1,16371.2,16371.7,16372.7,16372.1,16373.1,16370.6,16371.6,16370.7,16371.7,1,146
2026-07-27T20:40:00+00:00,16371.1,16372.4,16370.4,16370.8,16370.6,16371.6,16371.9,16372.9,16369.9,16370.9,16370.3,16371.3,1,170
2026-07-27T20:45:00+00:00,16370.6,16372.4,16370.6,16372,16370.1,16371.1,16371.9,16372.9,16370.1,16371.1,16371.5,16372.5,1,233
2026-07-27T20:50:00+00:00,16371.8,16373.8,16370.6,16373.5,16371.3,16372.3,16373.3,16374.3,16370.1,16371.1,16373,16374,1,181
2026-07-27T20:55:00+00:00,16373.6,16373.7,16371.7,16373.6,16373.1,16374.1,16373.2,16374.2,16371.2,16372.2,16373.1,16374.1,1,245
2026-07-27T21:00:00+00:00,16373.5,16374.3,16372.9,16373.2,16373,16374,16373.8,16374.8,16372.4,16373.4,16372.7,16373.7,1,102
2026-07-27T21:05:00+00:00,16373.1,16374.7,16373.1,16374.6,16372.6,16373.6,16374.2,16375.2,16372.6,16373.6,16374.1,16375.1,1,76
2026-07-27T21:10:00+00:00,16374.5,16375,16374.1,16374.3,16374,16375,16374.5,16375.5,16373.6,16374.6,16373.8,16374.8,1,147
2026-07-27T21:15:00+00:00,16374.2,16375,16372.8,16374,16373.7,16374.7,16374.5,16375.5,16372.3,16373.3,16373.5,16374.5,1,120
2026-07-27T21:20:00+00:00,16373.9,16375,16373.2,16373.4,16373.4,16374.4,16374.5,16375.5,16372.7,16373.7,16372.9,16373.9,1,107
2026-07-27T21:25:00+00:00,16373.3,16374.9,16373.2,16374.5,16372.8,16373.8,16374.4,16375.4,16372.7,16373.7,16374,16375,1,101
2026-07-27T21:30:00+00:00,16374.4,16376.4,16374.1,16376.4,16373.9,16374.9,16375.9,16376.9,16373.6,16374.6,16375.9,16376.9,1,122
2026-07-27T21:35:00+00:00,16376.3,16377,16375.6,16375.75,16375.8,16376.8,16376.5,16377.5,16375.2,16376,16375.4,16376.1,0.7,149
2026-07-27T21:40:00+00:00,16375.85,16377.7,16375.75,16377.1,16375.5,16376.2,16377.2,16378.2,16375.3,16376.2,16376.6,16377.6,1,122
2026-07-27T21:45:00+00:00,16377.2,16377.65,16375.75,16376.05,16376.7,16377.7,16377,16378.3,16374.7,16376.8,16374.8,16377.3,2.5,262
2026-07-27T21:50:00+00:00,16374.9,16375.75,16374,16375.3,16374.7,16375.1,16375,16376.5,16373.3,16374.7,16374.8,16375.8,1,239
2026-07-27T21:55:00+00:00,16375.25,16376.05,16373.85,16374.7,16373.8,16376.7,16373.8,16378.3,16371,16376.7,16371.1,16378.3,7.2,185
2026-07-27T22:00:00+00:00,16370.4,16373.1,16366.4,16372.5,16364.4,16376.4,16367.1,16379.1,16360.4,16372.4,16366.5,16378.5,12,19
2026-07-27T22:05:00+00:00,16371.7,16373,16371.7,16371.9,16365.7,16377.7,16367,16379,16365.7,16377.7,16365.9,16377.9,12,17
2026-07-27T22:10:00+00:00,16372.9,16373,16371.9,16371.9,16366.9,16378.9,16367,16379,16365.9,16377.9,16365.9,16377.9,12,12
2026-07-27T22:20:00+00:00,16372.8,16373,16371.8,16371.8,16366.8,16378.8,16367,16379,16365.8,16377.8,16365.8,16377.8,12,34
2026-07-27T22:25:00+00:00,16372.8,16372.8,16371.9,16372.8,16366.8,16378.8,16366.8,16378.8,16365.9,16377.9,16366.8,16378.8,12,3
2026-07-27T22:30:00+00:00,16372.9,16373,16371.7,16372.8,16366.9,16378.9,16367,16379,16365.7,16377.7,16366.8,16378.8,12,63
2026-07-27T22:35:00+00:00,16372.7,16373.9,16371.8,16372.8,16366.7,16378.7,16367.9,16379.9,16365.8,16377.8,16366.8,16378.8,12,63
2026-07-27T22:40:00+00:00,16372.9,16374.1,16372.1,16373.2,16366.9,16378.9,16368.1,16380.1,16366.1,16378.1,16367.2,16379.2,12,90
2026-07-27T22:45:00+00:00,16372.2,16373.2,16372,16373.1,16366.2,16378.2,16367.2,16379.2,16366,16378,16367.1,16379.1,12,76
2026-07-27T22:50:00+00:00,16373,16373.2,16372,16373,16367,16379,16367.2,16379.2,16366,16378,16367,16379,12,80
2026-07-27T22:55:00+00:00,16373.1,16374.3,16371.9,16374.2,16367.1,16379.1,16368.3,16380.3,16365.9,16377.9,16368.2,16380.2,12,94
2026-07-27T23:00:00+00:00,16374.3,16376.7,16372.65,16374.65,16368.3,16380.3,16372.9,16380.5,16368.1,16377.2,16370.9,16378.4,7.5,138
2026-07-27T23:05:00+00:00,16374.65,16375.25,16372.1,16372.75,16371.4,16377.9,16372.6,16377.9,16369.6,16374.6,16370.8,16374.7,3.9,158
2026-07-27T23:10:00+00:00,16372.75,16376.7,16372.45,16375.75,16370.9,16374.6,16375.4,16378,16370.3,16374.6,16374.8,16376.7,1.9,176
2026-07-27T23:15:00+00:00,16375.55,16375.95,16374.1,16375.05,16374.6,16376.5,16375.2,16376.7,16373.3,16374.9,16374.3,16375.8,1.5,148
2026-07-27T23:20:00+00:00,16375,16376.45,16374.15,16375.6,16374.5,16375.5,16375.7,16377.2,16373.5,16374.8,16374.8,16376.4,1.6,198
2026-07-27T23:25:00+00:00,16375.7,16376.35,16375.05,16376,16374.9,16376.5,16375.8,16376.9,16374.3,16375.8,16375.5,16376.5,1,179
2026-07-27T23:30:00+00:00,16375.9,16376.3,16374.4,16374.8,16375.4,16376.4,16375.8,16376.8,16373.9,16374.9,16374.3,16375.3,1,153
2026-07-27T23:35:00+00:00,16374.7,16375.5,16373.9,16375.2,16374.2,16375.2,16375,16376,16373.4,16374.4,16374.7,16375.7,1,125
2026-07-27T23:40:00+00:00,16375.1,16375.3,16374.3,16375.2,16374.6,16375.6,16374.8,16375.8,16373.6,16375,16374.7,16375.7,1,95
2026-07-27T23:45:00+00:00,16375.3,16375.4,16374.4,16375.2,16374.8,16375.8,16374.9,16375.9,16373.9,16374.9,16374.7,16375.7,1,104
2026-07-27T23:50:00+00:00,16375.3,16375.5,16374.7,16375,16374.8,16375.8,16375,16376,16374.2,16375.2,16374.5,16375.5,1,104
2026-07-27T23:55:00+00:00,16375.2,16375.8,16374.7,16374.9,16374.7,16375.7,16375.3,16376.3,16374.2,16375.2,16374.4,16375.4,1,68
2026-07-28T00:00:00+00:00,16375,16375,16372,16373.2,16374.5,16375.5,16374.5,16375.5,16371.4,16372.6,16372.7,16373.7,1,161
2026-07-28T00:05:00+00:00,16373.1,16373.2,16372.1,16372.6,16372.6,16373.6,16372.7,16373.7,16371.6,16372.6,16372.1,16373.1,1,65
2026-07-28T00:10:00+00:00,16372.7,16372.7,16371.9,16372.1,16372.2,16373.2,16372.2,16373.2,16371.4,16372.4,16371.6,16372.6,1,108
2026-07-28T00:15:00+00:00,16372.2,16372.5,16372,16372.1,16371.7,16372.7,16372,16373,16371.5,16372.5,16371.6,16372.6,1,195
2026-07-28T00:20:00+00:00,16372.2,16373.7,16372.1,16373.3,16371.7,16372.7,16373.2,16374.2,16371.6,16372.6,16372.8,16373.8,1,77
2026-07-28T00:25:00+00:00,16373.2,16373.4,16371.9,16372.9,16372.7,16373.7,16372.9,16373.9,16371.4,16372.4,16372.4,16373.4,1,75
2026-07-28T00:30:00+00:00,16373,16376.5,16372.9,16374.4,16372.5,16373.5,16376,16377,16372.4,16373.4,16373.9,16374.9,1,158
2026-07-28T00:35:00+00:00,16374.3,16375.3,16374.3,16374.9,16373.8,16374.8,16374.8,16375.8,16373.8,16374.8,16374.4,16375.4,1,99
2026-07-28T00:40:00+00:00,16375,16375.6,16374.3,16375,16374.5,16375.5,16375.1,16376.1,16373.8,16374.8,16374.5,16375.5,1,181
2026-07-28T00:45:00+00:00,16374.9,16376.9,16373.5,16376.1,16374.4,16375.4,16376.4,16377.4,16373,16374,16375.6,16376.6,1,211
2026-07-28T00:50:00+00:00,16376,16378.8,16375.4,16378.8,16375.5,16376.5,16378.3,16379.3,16374.9,16375.9,16378.3,16379.3,1,265
2026-07-28T00:55:00+00:00,16378.7,16378.8,16377.5,16377.7,16378.2,16379.2,16378.3,16379.3,16377,16378,16377.2,16378.2,1,85
2026-07-28T01:00:00+00:00,16378,16382.5,16377.6,16382.5,16377.5,16378.5,16382,16383,16377.1,16378.1,16382,16383,1,201
2026-07-28T01:05:00+00:00,16382.6,16384.1,16381.1,16382.1,16382.1,16383.1,16383.6,16384.6,16380.6,16381.6,16381.6,16382.6,1,212
2026-07-28T01:10:00+00:00,16381.7,16382.5,16381.4,16381.5,16381.2,16382.2,16382,16383,16380.9,16381.9,16381,16382,1,201
2026-07-28T01:15:00+00:00,16381.6,16382.5,16378.1,16378.6,16381.1,16382.1,16382,16383,16377.6,16378.6,16378.1,16379.1,1,226
2026-07-28T01:20:00+00:00,16378.5,16379.8,16377.3,16378.3,16378,16379,16379.3,16380.3,16376.8,16377.8,16377.8,16378.8,1,223
2026-07-28T01:25:00+00:00,16378.5,16378.9,16376.4,16377.8,16378,16379,16378.4,16379.4,16375.9,16376.9,16377.3,16378.3,1,260
2026-07-28T01:30:00+00:00,16377.7,16379.3,16376.9,16377.9,16377.2,16378.2,16378.8,16379.8,16376.4,16377.4,16377.4,16378.4,1,276
2026-07-28T01:35:00+00:00,16377.7,16378.6,16376.5,16377.9,16377.2,16378.2,16378.1,16379.1,16376,16377,16377.4,16378.4,1,184
2026-07-28T01:40:00+00:00,16378,16379.4,16376.8,16376.9,16377.5,16378.5,16378.9,16379.9,16376.3,16377.3,16376.4,16377.4,1,198
2026-07-28T01:45:00+00:00,16376.8,16378.6,16376,16376.9,16376.3,16377.3,16378.1,16379.1,16375.5,16376.5,16376.4,16377.4,1,226
2026-07-28T01:50:00+00:00,16376.8,16382.3,16376.8,16377.8,16376.3,16377.3,16381.8,16382.8,16376.3,16377.3,16377.3,16378.3,1,341
2026-07-28T01:55:00+00:00,16378.15,16379.8,16374.4,16375.1,16377.4,16378.9,16379.1,16380.5,16373.9,16374.9,16374.6,16375.6,1,261
2026-07-28T02:00:00+00:00,16375.3,16375.9,16371.6,16374.8,16374.8,16375.8,16375.4,16376.4,16371.1,16372.1,16374.3,16375.3,1,249
2026-07-28T02:05:00+00:00,16374.9,16376,16373.5,16374.4,16374.4,16375.4,16375.5,16376.5,16373,16374,16373.9,16374.9,1,215
2026-07-28T02:10:00+00:00,16374.5,16376.3,16374.2,16375.7,16374,16375,16375.8,16376.8,16373.7,16374.7,16375.2,16376.2,1,256
2026-07-28T02:15:00+00:00,16375.8,16376.6,16374.1,16374.7,16375.3,16376.3,16376.1,16377.1,16373.6,16374.6,16374.2,16375.2,1,238
2026-07-28T02:20:00+00:00,16374.6,16375.7,16373.8,16375.3,16374.1,16375.1,16375.2,16376.2,16373.3,16374.3,16374.8,16375.8,1,188
2026-07-28T02:25:00+00:00,16375.4,16375.9,16374,16374.6,16374.9,16375.9,16375.4,16376.4,16373.5,16374.5,16374.1,16375.1,1,267
2026-07-28T02:30:00+00:00,16374.5,16377.1,16373.6,16376.5,16374,16375,16376.6,16377.6,16373.1,16374.1,16376,16377,1,244
2026-07-28T02:35:00+00:00,16376.4,16377,16375.9,16376.7,16375.9,16376.9,16376.5,16377.5,16375.4,16376.4,16376.2,16377.2,1,187
2026-07-28T02:40:00+00:00,16376.6,16378.1,16375.7,16376.2,16376.1,16377.1,16377.6,16378.6,16375.2,16376.2,16375.7,16376.7,1,212
2026-07-28T02:45:00+00:00,16376.3,16378,16375.6,16377,16375.8,16376.8,16377.5,16378.5,16375.1,16376.1,16376.5,16377.5,1,214
2026-07-28T02:50:00+00:00,16377.1,16379.5,16377.1,16377.8,16376.6,16377.6,16379,16380,16376.6,16377.6,16377.3,16378.3,1,223
2026-07-28T02:55:00+00:00,16377.6,16378.8,16376.8,16377.2,16377.1,16378.1,16378.3,16379.3,16376.3,16377.3,16376.7,16377.7,1,201
2026-07-28T03:00:00+00:00,16377,16379.3,16376.5,16377.9,16376.5,16377.5,16378.8,16379.8,16376,16377,16377.4,16378.4,1,144
2026-07-28T03:05:00+00:00,16378,16379.1,16376.9,16377.6,16377.5,16378.5,16378.6,16379.6,16376.4,16377.4,16377.1,16378.1,1,156
2026-07-28T03:10:00+00:00,16377.5,16378.7,16376.8,16377.7,16377,16378,16378.2,16379.2,16376.3,16377.3,16377.2,16378.2,1,197
2026-07-28T03:15:00+00:00,16377.8,16378.1,16376.5,16377.3,16377.3,16378.3,16377.6,16378.6,16376,16377,16376.8,16377.8,1,166
2026-07-28T03:20:00+00:00,16377.1,16377.1,16374.1,16375.9,16376.6,16377.6,16376.6,16377.6,16373.6,16374.6,16375.4,16376.4,1,212
2026-07-28T03:25:00+00:00,16375.8,16377.1,16375.1,16375.5,16375.3,16376.3,16376.6,16377.6,16374.6,16375.6,16375,16376,1,238
2026-07-28T03:30:00+00:00,16375.8,16376.9,16375,16376.8,16375.3,16376.3,16376.4,16377.4,16374.5,16375.5,16376.3,16377.3,1,202
2026-07-28T03:35:00+00:00,16376.7,16377,16375.3,16376.7,16376.2,16377.2,16376.5,16377.5,16374.8,16375.8,16376.2,16377.2,1,193
2026-07-28T03:40:00+00:00,16376.8,16376.9,16373.8,16374.2,16376.3,16377.3,16376.4,16377.4,16373.3,16374.3,16373.7,16374.7,1,178
2026-07-28T03:45:00+00:00,16374.1,16375.2,16373,16374.4,16373.6,16374.6,16374.7,16375.7,16372.5,16373.5,16373.9,16374.9,1,168
2026-07-28T03:50:00+00:00,16374.5,16374.5,16367.5,16370.4,16374,16375,16374,16375,16367,16368,16369.9,16370.9,1,309
2026-07-28T03:55:00+00:00,16370.5,16372.1,16370.1,16371.9,16370,16371,16371.6,16372.6,16369.6,16370.6,16371.4,16372.4,1,178
2026-07-28T04:00:00+00:00,16371.6,16372,16370.6,16371.9,16371.1,16372.1,16371.5,16372.5,16370.1,16371.1,16371.4,16372.4,1,131
2026-07-28T04:05:00+00:00,16372,16373.2,16371.4,16372,16371.5,16372.5,16372.7,16373.7,16370.9,16371.9,16371.5,16372.5,1,137
2026-07-28T04:10:00+00:00,16372.1,16374.7,16372.1,16374.6,16371.6,16372.6,16374.2,16375.2,16371.6,16372.6,16374.1,16375.1,1,162
2026-07-28T04:15:00+00:00,16374.4,16374.7,16373.1,16373.4,16373.9,16374.9,16374.2,16375.2,16372.6,16373.6,16372.9,16373.9,1,119
2026-07-28T04:20:00+00:00,16373.3,16374.2,16373.2,16374.1,16372.8,16373.8,16373.7,16374.7,16372.7,16373.7,16373.6,16374.6,1,95
2026-07-28T04:25:00+00:00,16374.2,16374.4,16372.4,16372.8,16373.7,16374.7,16373.9,16374.9,16371.9,16372.9,16372.3,16373.3,1,64
2026-07-28T04:30:00+00:00,16372.7,16373.2,16371.3,16372.4,16372.2,16373.2,16372.7,16373.7,16370.8,16371.8,16371.9,16372.9,1,141
2026-07-28T04:35:00+00:00,16372.3,16374.9,16372.3,16374.5,16371.8,16372.8,16374.4,16375.4,16371.8,16372.8,16374,16375,1,136
2026-07-28T04:40:00+00:00,16375.1,16376,16374.6,16376,16374.6,16375.6,16375.5,16376.5,16374.1,16375.1,16375.5,16376.5,1,157
2026-07-28T04:45:00+00:00,16376.1,16376.8,16376,16376.2,16375.6,16376.6,16376.3,16377.3,16375.5,16376.5,16375.7,16376.7,1,118
2026-07-28T04:50:00+00:00,16376.3,16376.7,16375.1,16376,16375.8,16376.8,16376.2,16377.2,16374.6,16375.6,16375.5,16376.5,1,115
2026-07-28T04:55:00+00:00,16375.9,16376.3,16375.7,16376.3,16375.4,16376.4,16375.8,16376.8,16375.2,16376.2,16375.8,16376.8,1,84
2026-07-28T05:00:00+00:00,16376.2,16377.3,16375.5,16376.5,16375.7,16376.7,16376.8,16377.8,16375,16376,16376,16377,1,145
2026-07-28T05:05:00+00:00,16376.6,16377.2,16376.1,16377.1,16376.1,16377.1,16376.7,16377.7,16375.6,16376.6,16376.6,16377.6,1,114
2026-07-28T05:10:00+00:00,16377,16377.2,16376.1,16376.8,16376.5,16377.5,16376.7,16377.7,16375.6,16376.6,16376.3,16377.3,1,132
2026-07-28T05:15:00+00:00,16376.9,16377.7,16375.9,16376.4,16376.4,16377.4,16377.2,16378.2,16375.4,16376.4,16375.9,16376.9,1,128
2026-07-28T05:20:00+00:00,16376.3,16377.3,16376.3,16376.9,16375.8,16376.8,16376.8,16377.8,16375.8,16376.8,16376.4,16377.4,1,103
2026-07-28T05:25:00+00:00,16376.8,16377.5,16376.3,16376.5,16376.3,16377.3,16377,16378,16375.8,16376.8,16376,16377,1,78
2026-07-28T05:30:00+00:00,16376.4,16377.4,16376,16377.1,16375.9,16376.9,16376.9,16377.9,16375.5,16376.5,16376.6,16377.6,1,76
2026-07-28T05:35:00+00:00,16377.2,16377.8,16376.4,16376.4,16376.7,16377.7,16377.3,16378.3,16375.9,16376.9,16375.9,16376.9,1,50
2026-07-28T05:40:00+00:00,16376,16376,16375.1,16375.8,16375.5,16376.5,16375.5,16376.5,16374.6,16375.6,16375.3,16376.3,1,94
2026-07-28T05:45:00+00:00,16375.7,16375.8,16374.3,16375,16375.2,16376.2,16375.3,16376.3,16373.8,16374.8,16374.5,16375.5,1,90
2026-07-28T05:50:00+00:00,16374.9,16376.4,16374.5,16376.4,16374.4,16375.4,16375.9,16376.9,16374,16375,16375.9,16376.9,1,94
2026-07-28T05:55:00+00:00,16376.3,16376.4,16374.7,16374.8,16375.8,16376.8,16375.9,16376.9,16374.2,16375.2,16374.3,16375.3,1,72
2026-07-28T06:00:00+00:00,16374.7,16376.6,16374.7,16375.6,16374.2,16375.2,16376.1,16377.1,16374.2,16375.2,16375.1,16376.1,1,168
2026-07-28T06:05:00+00:00,16375.3,16376.1,16374.8,16375.5,16374.8,16375.8,16375.6,16376.6,16374.3,16375.3,16375,16376,1,159
2026-07-28T06:10:00+00:00,16375.6,16377.1,16374.9,16377,16375.1,16376.1,16376.6,16377.6,16374.4,16375.4,16376.5,16377.5,1,154
2026-07-28T06:15:00+00:00,16377.1,16377.5,16375.8,16376.7,16376.6,16377.6,16377,16378,16375.3,16376.3,16376.2,16377.2,1,659
2026-07-28T06:20:00+00:00,16376.6,16377,16374.8,16375.5,16376.1,16377.1,16376.5,16377.5,16374.3,16375.3,16375,16376,1,1145
2026-07-28T06:25:00+00:00,16375.4,16375.8,16372.4,16373.2,16374.9,16375.9,16375.3,16376.3,16371.9,16372.9,16372.7,16373.7,1,1055
2026-07-28T06:30:00+00:00,16373.1,16374.2,16372.2,16373.5,16372.6,16373.6,16373.7,16374.7,16371.7,16372.7,16373,16374,1,1200
2026-07-28T06:35:00+00:00,16373.4,16375.8,16373.3,16374.8,16372.9,16373.9,16375.3,16376.3,16372.8,16373.8,16374.3,16375.3,1,1214
2026-07-28T06:40:00+00:00,16374.7,16375.7,16373.6,16374.4,16374.2,16375.2,16375.2,16376.2,16373.1,16374.1,16373.9,16374.9,1,1097
2026-07-28T06:45:00+00:00,16374.3,16376.1,16374.3,16375.7,16373.8,16374.8,16375.6,16376.6,16373.8,16374.8,16375.2,16376.2,1,84
2026-07-28T06:50:00+00:00,16375.8,16376.3,16372.8,16373.4,16375.3,16376.3,16375.8,16376.8,16372.3,16373.3,16372.9,16373.9,1,147
2026-07-28T06:55:00+00:00,16373.3,16374.6,16372.9,16373.9,16372.8,16373.8,16374.1,16375.1,16372.4,16373.4,16373.4,16374.4,1,101
2026-07-28T07:00:00+00:00,16373.8,16374,16372.2,16373.8,16373.3,16374.3,16373.5,16374.5,16371.7,16372.7,16373.3,16374.3,1,206
2026-07-28T07:05:00+00:00,16374,16374,16372.2,16372.4,16373.5,16374.5,16373.5,16374.5,16371.7,16372.7,16371.9,16372.9,1,151
2026-07-28T07:10:00+00:00,16372.5,16373.4,16368.8,16369,16372,16373,16372.9,16373.9,16368.3,16369.3,16368.5,16369.5,1,199
2026-07-28T07:15:00+00:00,16369.1,16371.2,16367.5,16370.7,16368.6,16369.6,16370.7,16371.7,16367,16368,16370.2,16371.2,1,199
2026-07-28T07:20:00+00:00,16371,16372.4,16369.9,16369.9,16370.5,16371.5,16371.9,16372.9,16369.4,16370.4,16369.4,16370.4,1,154
2026-07-28T07:25:00+00:00,16369.8,16371.3,16369.2,16369.9,16369.3,16370.3,16370.8,16371.8,16368.7,16369.7,16369.4,16370.4,1,197
2026-07-28T07:30:00+00:00,16369.8,16371.1,16368.3,16369.5,16369.3,16370.3,16370.6,16371.6,16367.8,16368.8,16369,16370,1,227
2026-07-28T07:35:00+00:00,16369.6,16371.2,16368.4,16370,16369.1,16370.1,16370.7,16371.7,16367.9,16368.9,16369.5,16370.5,1,180
2026-07-28T07:40:00+00:00,16370.3,16370.4,16366.9,16368.4,16369.8,16370.8,16369.9,16370.9,16366.4,16367.4,16367.9,16368.9,1,193
2026-07-28T07:45:00+00:00,16368.5,16369.9,16366.8,16369.8,16368,16369,16369.4,16370.4,16366.3,16367.3,16369.3,16370.3,1,138
2026-07-28T07:50:00+00:00,16369.7,16369.8,16368.1,16368.1,16369.2,16370.2,16369.3,16370.3,16367.6,16368.6,16367.6,16368.6,1,139
2026-07-28T07:55:00+00:00,16368,16370.8,16366.6,16370.7,16367.5,16368.5,16370.3,16371.3,16366.1,16367.1,16370.2,16371.2,1,191
2026-07-28T08:00:00+00:00,16371.1,16374.4,16370.9,16374.1,16370.6,16371.6,16373.9,16374.9,16370.4,16371.4,16373.6,16374.6,1,235
2026-07-28T08:05:00+00:00,16374.2,16375.8,16372.2,16372.5,16373.7,16374.7,16375.3,16376.3,16371.7,16372.7,16372,16373,1,202
2026-07-28T08:10:00+00:00,16372.6,16375.1,16371.9,16373.6,16372.1,16373.1,16374.6,16375.6,16371.4,16372.4,16373.1,16374.1,1,302
2026-07-28T08:15:00+00:00,16373.5,16374.2,16372.5,16373.3,16373,16374,16373.7,16374.7,16372,16373,16372.8,16373.8,1,221
2026-07-28T08:20:00+00:00,16373.4,16375.3,16373.3,16375.1,16372.9,16373.9,16374.8,16375.8,16372.8,16373.8,16374.6,16375.6,1,240
2026-07-28T08:25:00+00:00,16375,16377.1,16374.6,16376.1,16374.5,16375.5,16376.6,16377.6,16374.1,16375.1,16375.6,16376.6,1,224
2026-07-28T08:30:00+00:00,16376.2,16376.5,16374.7,16376.2,16375.7,16376.7,16376,16377,16374.2,16375.2,16375.7,16376.7,1,217
2026-07-28T08:35:00+00:00,16376.1,16376.7,16374.6,16375,16375.6,16376.6,16376.2,16377.2,16374.1,16375.1,16374.5,16375.5,1,219
2026-07-28T08:40:00+00:00,16374.9,16378,16374.8,16377.5,16374.4,16375.4,16377.5,16378.5,16374.3,16375.3,16377,16378,1,224
2026-07-28T08:45:00+00:00,16377.6,16379.8,16377.1,16379,16377.1,16378.1,16379.3,16380.3,16376.6,16377.6,16378.5,16379.5,1,193
2026-07-28T08:50:00+00:00,16379.1,16379.9,16377.9,16378.3,16378.6,16379.6,16379.4,16380.4,16377.4,16378.4,16377.8,16378.8,1,246
2026-07-28T08:55:00+00:00,16377.9,16379.9,16377.6,16378.9,16377.4,16378.4,16379.4,16380.4,16377.1,16378.1,16378.4,16379.4,1,193
2026-07-28T09:00:00+00:00,16379,16379.7,16377.7,16377.8,16378.5,16379.5,16379.2,16380.2,16377.2,16378.2,16377.3,16378.3,1,142
2026-07-28T09:05:00+00:00,16377.6,16378.4,16375.9,16377.4,16377.1,16378.1,16377.9,16378.9,16375.4,16376.4,16376.9,16377.9,1,191
2026-07-28T09:10:00+00:00,16377.5,16380,16377.4,16379.3,16377,16378,16379.5,16380.5,16376.9,16377.9,16378.8,16379.8,1,279
2026-07-28T09:15:00+00:00,16379.2,16382.5,16378.8,16382.2,16378.7,16379.7,16382,16383,16378.3,16379.3,16381.7,16382.7,1,224
2026-07-28T09:20:00+00:00,16382.3,16383.1,16379.6,16381.1,16381.8,16382.8,16382.6,16383.6,16379.1,16380.1,16380.6,16381.6,1,214
2026-07-28T09:25:00+00:00,16381,16384.8,16381,16384.1,16380.5,16381.5,16384.3,16385.3,16380.5,16381.5,16383.6,16384.6,1,257
2026-07-28T09:30:00+00:00,16384,16385.7,16382.5,16383.1,16383.5,16384.5,16385.2,16386.2,16382,16383,16382.6,16383.6,1,236
2026-07-28T09:35:00+00:00,16383,16384.6,16383,16384.5,16382.5,16383.5,16384.1,16385.1,16382.5,16383.5,16384,16385,1,215
2026-07-28T09:40:00+00:00,16384.6,16385.6,16384,16384.4,16384.1,16385.1,16385.1,16386.1,16383.5,16384.5,16383.9,16384.9,1,235
2026-07-28T09:45:00+00:00,16384.5,16384.5,16381.7,16382.1,16384,16385,16384,16385,16381.2,16382.2,16381.6,16382.6,1,160
2026-07-28T09:50:00+00:00,16382,16383.4,16381.4,16383.3,16381.5,16382.5,16382.9,16383.9,16380.9,16381.9,16382.8,16383.8,1,179
2026-07-28T09:55:00+00:00,16383.2,16383.9,16381.9,16382.9,16382.7,16383.7,16383.4,16384.4,16381.4,16382.4,16382.4,16383.4,1,144
2026-07-28T10:00:00+00:00,16383,16383.4,16381,16381.2,16382.5,16383.5,16382.9,16383.9,16380.5,16381.5,16380.7,16381.7,1,138
2026-07-28T10:05:00+00:00,16381.4,16382.7,16380.6,16381.6,16380.9,16381.9,16382.2,16383.2,16380.1,16381.1,16381.1,16382.1,1,172
2026-07-28T10:10:00+00:00,16381.7,16383,16381.4,16382.8,16381.2,16382.2,16382.5,16383.5,16380.9,16381.9,16382.3,16383.3,1,211
2026-07-28T10:15:00+00:00,16382.9,16383.3,16381.3,16382.3,16382.4,16383.4,16382.8,16383.8,16380.8,16381.8,16381.8,16382.8,1,185
2026-07-28T10:20:00+00:00,16382.2,16382.6,16381.1,16382.2,16381.7,16382.7,16382.1,16383.1,16380.6,16381.6,16381.7,16382.7,1,191
2026-07-28T10:25:00+00:00,16382.3,16383.5,16381.7,16383.3,16381.8,16382.8,16383,16384,16381.2,16382.2,16382.8,16383.8,1,218
2026-07-28T10:30:00+00:00,16383.4,16385.7,16383.2,16384.3,16382.9,16383.9,16385.2,16386.2,16382.7,16383.7,16383.8,16384.8,1,188
2026-07-28T10:35:00+00:00,16384.4,16385.4,16383.7,16384.2,16383.9,16384.9,16384.9,16385.9,16383.2,16384.2,16383.7,16384.7,1,187
2026-07-28T10:40:00+00:00,16384.1,16384.5,16383,16384,16383.6,16384.6,16384,16385,16382.5,16383.5,16383.5,16384.5,1,187
2026-07-28T10:45:00+00:00,16383.9,16385.9,16383.8,16385.5,16383.4,16384.4,16385.4,16386.4,16383.3,16384.3,16385,16386,1,196
2026-07-28T10:50:00+00:00,16385.4,16386.6,16385,16386.3,16384.9,16385.9,16386.1,16387.1,16384.5,16385.5,16385.8,16386.8,1,215
2026-07-28T10:55:00+00:00,16386.4,16389.6,16386.2,16388.4,16385.9,16386.9,16389.1,16390.1,16385.7,16386.7,16387.9,16388.9,1,162
2026-07-28T11:00:00+00:00,16388.5,16389.6,16387.2,16388.2,16388,16389,16389.1,16390.1,16386.7,16387.7,16387.7,16388.7,1,152
2026-07-28T11:05:00+00:00,16388.3,16389.9,16388.3,16388.9,16387.8,16388.8,16389.4,16390.4,16387.8,16388.8,16388.4,16389.4,1,196
2026-07-28T11:10:00+00:00,16388.8,16390,16388.5,16389.7,16388.3,16389.3,16389.5,16390.5,16388,16389,16389.2,16390.2,1,208
2026-07-28T11:15:00+00:00,16389.8,16392.5,16389.6,16392.1,16389.3,16390.3,16392,16393,16389.1,16390.1,16391.6,16392.6,1,225
2026-07-28T11:20:00+00:00,16392.2,16393.9,16391.9,16392.8,16391.7,16392.7,16393.4,16394.4,16391.4,16392.4,16392.3,16393.3,1,195
2026-07-28T11:25:00+00:00,16392.7,16393.6,16392.1,16393.3,16392.2,16393.2,16393.1,16394.1,16391.6,16392.6,16392.8,16393.8,1,216
2026-07-28T11:30:00+00:00,16393.4,16393.9,16391,16392.1,16392.9,16393.9,16393.4,16394.4,16390.5,16391.5,16391.6,16392.6,1,205
2026-07-28T11:35:00+00:00,16392.2,16393.5,16391.7,16392.9,16391.7,16392.7,16393,16394,16391.2,16392.2,16392.4,16393.4,1,194
2026-07-28T11:40:00+00:00,16392.8,16394.9,16392.4,16394.2,16392.3,16393.3,16394.4,16395.4,16391.9,16392.9,16393.7,16394.7,1,126
2026-07-28T11:45:00+00:00,16394.1,16395.2,16393.6,16394.6,16393.6,16394.6,16394.7,16395.7,16393.2,16394,16394.1,16395.1,1,178
2026-07-28T11:50:00+00:00,16394.7,16395,16393.3,16393.5,16394.2,16395.2,16394.5,16395.5,16392.8,16393.8,16393,16394,1,127
2026-07-28T11:55:00+00:00,16393.6,16394.4,16392.4,16393.6,16393.1,16394.1,16393.9,16394.9,16391.9,16392.9,16393.1,16394.1,1,128
2026-07-28T12:00:00+00:00,16393.7,16394,16392.1,16392.4,16393.2,16394.2,16393.5,16394.5,16391.6,16392.6,16391.9,16392.9,1,116
2026-07-28T12:05:00+00:00,16392.5,16393.8,16391.9,16393.7,16392,16393,16393.3,16394.3,16391.4,16392.4,16393.2,16394.2,1,65
2026-07-28T12:10:00+00:00,16393.4,16393.8,16393.2,16393.2,16392.9,16393.9,16393.3,16394.3,16392.7,16393.7,16392.7,16393.7,1,67
2026-07-28T12:15:00+00:00,16393.3,16393.4,16391.3,16392,16392.8,16393.8,16392.9,16393.9,16390.8,16391.8,16391.5,16392.5,1,157
2026-07-28T12:20:00+00:00,16391.9,16392.2,16390.6,16391.7,16391.4,16392.4,16391.7,16392.7,16390.1,16391.1,16391.2,16392.2,1,108
2026-07-28T12:25:00+00:00,16391.9,16392.3,16391.4,16392.1,16391.4,16392.4,16391.8,16392.8,16390.9,16391.9,16391.6,16392.6,1,91
2026-07-28T12:30:00+00:00,16392.2,16393.6,16392,16392.7,16391.7,16392.7,16393.1,16394.1,16391.5,16392.5,16392.2,16393.2,1,127
2026-07-28T12:35:00+00:00,16392.8,16392.8,16391.3,16391.8,16392.3,16393.3,16392.3,16393.3,16390.8,16391.8,16391.3,16392.3,1,124
2026-07-28T12:40:00+00:00,16391.7,16393.5,16391.7,16393.4,16391.2,16392.2,16393,16394,16391.2,16392.2,16392.9,16393.9,1,104
2026-07-28T12:45:00+00:00,16393.5,16393.6,16393.1,16393.3,16393,16394,16393.1,16394.1,16392.6,16393.6,16392.8,16393.8,1,50
2026-07-28T12:50:00+00:00,16393.2,16394.1,16392.6,16392.7,16392.7,16393.7,16393.6,16394.6,16392.1,16393.1,16392.2,16393.2,1,95
2026-07-28T12:55:00+00:00,16392.8,16393.4,16392,16392.8,16392.3,16393.3,16392.9,16393.9,16391.5,16392.5,16392.3,16393.3,1,97
2026-07-28T13:00:00+00:00,16391.7,16393.4,16391.7,16392,16391.2,16392.2,16392.9,16393.9,16391.2,16392.2,16391.5,16392.5,1,181
2026-07-28T13:05:00+00:00,16392.1,16393.1,16391.4,16391.8,16391.6,16392.6,16392.6,16393.6,16390.9,16391.9,16391.3,16392.3,1,89
2026-07-28T13:10:00+00:00,16391.9,16394,16391.9,16392.7,16391.4,16392.4,16393.5,16394.5,16391.4,16392.4,16392.2,16393.2,1,138
2026-07-28T13:15:00+00:00,16392.6,16393,16391.5,16392.2,16392.1,16393.1,16392.5,16393.5,16391,16392,16391.7,16392.7,1,110
2026-07-28T13:20:00+00:00,16392.1,16392.1,16389.3,16389.8,16391.6,16392.6,16391.6,16392.6,16388.8,16389.8,16389.3,16390.3,1,144
2026-07-28T13:25:00+00:00,16389.9,16390,16388.2,16389.5,16389.4,16390.4,16389.5,16390.5,16387.7,16388.7,16389,16390,1,108
2026-07-28T13:30:00+00:00,16389.6,16391.1,16388.7,16389.8,16389.1,16390.1,16390.6,16391.6,16388.2,16389.2,16389.3,16390.3,1,91
2026-07-28T13:35:00+00:00,16390,16390.2,16388.7,16389.7,16389.5,16390.5,16389.7,16390.7,16388.2,16389.2,16389.2,16390.2,1,199
2026-07-28T13:40:00+00:00,16389.8,16389.9,16388.8,16388.8,16389.3,16390.3,16389.4,16390.4,16388.3,16389.3,16388.3,16389.3,1,137
2026-07-28T13:45:00+00:00,16388.7,16388.8,16384.9,16386.3,16388.2,16389.2,16388.3,16389.3,16384.4,16385.4,16385.8,16386.8,1,174
2026-07-28T13:50:00+00:00,16386.4,16387.6,16386,16387.5,16385.9,16386.9,16387.1,16388.1,16385.5,16386.5,16387,16388,1,160
2026-07-28T13:55:00+00:00,16387.4,16388.8,16387.1,16387.9,16386.9,16387.9,16388.3,16389.3,16386.6,16387.6,16387.4,16388.4,1,144
2026-07-28T14:00:00+00:00,16388,16388.8,16386.3,16387.1,16387.5,16388.5,16388.3,16389.3,16385.8,16386.8,16386.6,16387.6,1,158
2026-07-28T14:05:00+00:00,16387,16387.5,16385.6,16386,16386.5,16387.5,16387,16388,16385.1,16386.1,16385.5,16386.5,1,143
2026-07-28T14:10:00+00:00,16385.9,16387.8,16385.6,16387.4,16385.4,16386.4,16387.3,16388.3,16385.1,16386.1,16386.9,16387.9,1,154
2026-07-28T14:15:00+00:00,16387.5,16387.9,16386.1,16386.6,16387,16388,16387.4,16388.4,16385.6,16386.6,16386.1,16387.1,1,175
2026-07-28T14:20:00+00:00,16386.4,16386.4,16384.1,16385.4,16385.9,16386.9,16385.9,16386.9,16383.6,16384.6,16384.9,16385.9,1,183
2026-07-28T14:25:00+00:00,16385.1,16387.2,16384.6,16387.2,16384.6,16385.6,16386.7,16387.7,16384.1,16385.1,16386.7,16387.7,1,138
2026-07-28T14:30:00+00:00,16387.1,16387.3,16385.4,16386.1,16386.6,16387.6,16386.8,16387.8,16384.9,16385.9,16385.6,16386.6,1,208
2026-07-28T14:35:00+00:00,16386,16388.3,16385.2,16387.5,16385.5,16386.5,16387.8,16388.8,16384.7,16385.7,16387,16388,1,163
2026-07-28T14:40:00+00:00,16387.7,16388.5,16385.3,16386.1,16387.2,16388.2,16388,16389,16384.8,16385.8,16385.6,16386.6,1,166
2026-07-28T14:45:00+00:00,16386,16386.5,16381.9,16383.4,16385.5,16386.5,16386,16387,16381.4,16382.4,16382.9,16383.9,1,225
2026-07-28T14:50:00+00:00,16383.3,16384.6,16381.5,16383.8,16382.8,16383.8,16384.1,16385.1,16381,16382,16383.3,16384.3,1,241
2026-07-28T14:55:00+00:00,16383.9,16385.1,16382.15,16382.9,16383.4,16384.4,16384.6,16385.6,16381.3,16383,16382.1,16383.7,1.6,137
2026-07-28T15:00:00+00:00,16382.45,16384.5,16381.85,16383.1,16380.9,16384,16384,16385,16380.9,16382.8,16382.6,16383.6,1,190
2026-07-28T15:05:00+00:00,16382.9,16385.4,16382.9,16384.3,16382.4,16383.4,16384.9,16385.9,16382.4,16383.4,16383.8,16384.8,1,244
2026-07-28T15:10:00+00:00,16384.2,16386.5,16383.9,16386.5,16383.7,16384.7,16386,16387,16383.4,16384.4,16386,16387,1,272
2026-07-28T15:15:00+00:00,16386.4,16386.6,16384,16385.6,16385.9,16386.9,16386.1,16387.1,16383.5,16384.5,16385.1,16386.1,1,212
2026-07-28T15:20:00+00:00,16385.4,16386.4,16384.3,16384.9,16384.9,16385.9,16385.9,16386.9,16383.8,16384.8,16384.4,16385.4,1,259
2026-07-28T15:25:00+00:00,16384.8,16385.2,16383.1,16384.7,16384.3,16385.3,16384.7,16385.7,16382.6,16383.6,16384.2,16385.2,1,271
2026-07-28T15:30:00+00:00,16385,16385.8,16383.3,16385.3,16384.5,16385.5,16385.3,16386.3,16382.8,16383.8,16384.8,16385.8,1,279
2026-07-28T15:35:00+00:00,16385.5,16386.1,16384.6,16385.7,16385,16386,16385.6,16386.6,16384.1,16385.1,16385.2,16386.2,1,213
2026-07-28T15:40:00+00:00,16385.6,16385.6,16384.5,16385.5,16385.1,16386.1,16385.1,16386.1,16384,16385,16385,16386,1,169
2026-07-28T15:45:00+00:00,16385.7,16388.3,16385.6,16387.1,16385.2,16386.2,16387.8,16388.8,16385.1,16386.1,16386.6,16387.6,1,227
2026-07-28T15:50:00+00:00,16387,16387.85,16385.8,16385.9,16386.5,16387.5,16387.4,16388.3,16385.3,16386.3,16385.4,16386.4,1,260
2026-07-28T15:55:00+00:00,16386.5,16388.8,16385.8,16386.6,16386,16387,16388.3,16389.3,16385.3,16386.3,16386.1,16387.1,1,299
2026-07-28T16:00:00+00:00,16386.5,16386.5,16382.2,16384.1,16386,16387,16386,16387,16381.7,16382.7,16383.6,16384.6,1,219
2026-07-28T16:05:00+00:00,16384.3,16385.1,16381.7,16381.7,16383.8,16384.8,16384.6,16385.6,16381.2,16382.2,16381.2,16382.2,1,150
2026-07-28T16:10:00+00:00,16381.2,16381.2,16373.6,16375.1,16380.7,16381.7,16380.7,16381.7,16373.1,16374.1,16374.6,16375.6,1,554
2026-07-28T16:15:00+00:00,16374.9,16375.6,16372,16372,16374.4,16375.4,16375.1,16376.1,16371.5,16372.5,16371.5,16372.5,1,387
2026-07-28T16:20:00+00:00,16372.1,16373.1,16365.2,16373,16371.6,16372.6,16372.6,16373.6,16364.7,16365.7,16372.5,16373.5,1,522
2026-07-28T16:25:00+00:00,16372.9,16373.4,16368.1,16369.5,16372.4,16373.4,16372.9,16373.9,16367.6,16368.6,16369,16370,1,421
2026-07-28T16:30:00+00:00,16369.6,16371.6,16367.1,16368.5,16369.1,16370.1,16371.1,16372.1,16366.6,16367.6,16368,16369,1,433
2026-07-28T16:35:00+00:00,16368.6,16371.1,16367.4,16370,16368.1,16369.1,16370.6,16371.6,16366.9,16367.9,16369.5,16370.5,1,339
2026-07-28T16:40:00+00:00,16369.9,16370.9,16366.2,16367.5,16369.4,16370.4,16370.4,16371.4,16365.7,16366.7,16367,16368,1,300
2026-07-28T16:45:00+00:00,16367.4,16369.1,16366.1,16368.6,16366.9,16367.9,16368.6,16369.6,16365.6,16366.6,16368.1,16369.1,1,288
2026-07-28T16:50:00+00:00,16368.7,16371.5,16367.3,16367.9,16368.2,16369.2,16371,16372,16366.8,16367.8,16367.4,16368.4,1,320
2026-07-28T16:55:00+00:00,16368,16370.2,16365.3,16365.5,16367.5,16368.5,16369.7,16370.7,16364.8,16365.8,16365,16366,1,291
2026-07-28T17:00:00+00:00,16365.4,16368.5,16364.6,16368,16364.9,16365.9,16368,16369,16364.1,16365.1,16367.5,16368.5,1,224
2026-07-28T17:05:00+00:00,16368.1,16368.7,16367,16367.4,16367.6,16368.6,16368.2,16369.2,16366.5,16367.5,16366.9,16367.9,1,238
2026-07-28T17:10:00+00:00,16367.3,16369.5,16366.8,16367,16366.8,16367.8,16369,16370,16366.3,16367.3,16366.5,16367.5,1,324
2026-07-28T17:15:00+00:00,16366.9,16367.8,16365.5,16366.8,16366.4,16367.4,16367.3,16368.3,16365,16366,16366.3,16367.3,1,218
2026-07-28T17:20:00+00:00,16366.7,16368.9,16366,16367.3,16366.2,16367.2,16368.4,16369.4,16365.5,16366.5,16366.8,16367.8,1,241
2026-07-28T17:25:00+00:00,16367.4,16368.7,16366.1,16368.5,16366.9,16367.9,16368.2,16369.2,16365.6,16366.6,16368,16369,1,205
2026-07-28T17:30:00+00:00,16368.6,16370.2,16368.2,16369.3,16368.1,16369.1,16369.7,16370.7,16367.7,16368.7,16368.8,16369.8,1,232
2026-07-28T17:35:00+00:00,16369.4,16369.9,16367.5,16368.5,16368.9,16369.9,16369.4,16370.4,16367,16368,16368,16369,1,175
2026-07-28T17:40:00+00:00,16368.4,16370.8,16368,16370.7,16367.9,16368.9,16370.3,16371.3,16367.5,16368.5,16370.2,16371.2,1,221
2026-07-28T17:45:00+00:00,16370.8,16374.4,16370.4,16373.8,16370.3,16371.3,16373.9,16374.9,16369.9,16370.9,16373.3,16374.3,1,317
2026-07-28T17:50:00+00:00,16373.9,16374.8,16373.3,16374.1,16373.4,16374.4,16374.3,16375.3,16372.8,16373.8,16373.6,16374.6,1,222
2026-07-28T17:55:00+00:00,16374.2,16375.3,16373.8,16375,16373.7,16374.7,16374.8,16375.8,16373.3,16374.3,16374.5,16375.5,1,170
2026-07-28T18:00:00+00:00,16375.1,16375.6,16372.5,16372.7,16374.6,16375.6,16375.1,16376.1,16372,16373,16372.2,16373.2,1,142
2026-07-28T18:05:00+00:00,16372.6,16374,16371.8,16372.5,16372.1,16373.1,16373.5,16374.5,16371.3,16372.3,16372,16373,1,172
2026-07-28T18:10:00+00:00,16372.7,16375.8,16372.3,16374.7,16372.2,16373.2,16375.3,16376.3,16371.8,16372.8,16374.2,16375.2,1,266
2026-07-28T18:15:00+00:00,16374.6,16377.1,16374.6,16376.9,16374.1,16375.1,16376.6,16377.6,16374.1,16375.1,16376.4,16377.4,1,210
2026-07-28T18:20:00+00:00,16376.8,16378,16372.9,16377.4,16376.3,16377.3,16377.5,16378.5,16372.4,16373.4,16376.9,16377.9,1,316
2026-07-28T18:25:00+00:00,16377.6,16378.4,16376.3,16378,16377.1,16378.1,16377.9,16378.9,16375.8,16376.8,16377.5,16378.5,1,219
2026-07-28T18:30:00+00:00,16377.9,16378.4,16376.2,16376.8,16377.4,16378.4,16377.9,16378.9,16375.7,16376.7,16376.3,16377.3,1,153
2026-07-28T18:35:00+00:00,16376.7,16378.4,16376.4,16377.9,16376.2,16377.2,16377.9,16378.9,16375.9,16376.9,16377.4,16378.4,1,119
2026-07-28T18:40:00+00:00,16378,16379.5,16377.7,16379.3,16377.5,16378.5,16379,16380,16377.2,16378.2,16378.8,16379.8,1,161
2026-07-28T18:45:00+00:00,16379.2,16380,16378,16378.9,16378.7,16379.7,16379.5,16380.5,16377.5,16378.5,16378.4,16379.4,1,207
2026-07-28T18:50:00+00:00,16379,16381,16378.7,16381,16378.5,16379.5,16380.5,16381.5,16378.2,16379.2,16380.5,16381.5,1,159
2026-07-28T18:55:00+00:00,16380.9,16381.9,16380.3,16380.3,16380.4,16381.4,16381.4,16382.4,16379.8,16380.8,16379.8,16380.8,1,161
2026-07-28T19:00:00+00:00,16380.2,16381.6,16379.7,16380.6,16379.7,16380.7,16381.1,16382.1,16379.2,16380.2,16380.1,16381.1,1,123
2026-07-28T19:05:00+00:00,16380.5,16381,16378.3,16378.6,16380,16381,16380.5,16381.5,16377.8,16378.8,16378.1,16379.1,1,126
2026-07-28T19:10:00+00:00,16378.5,16379.9,16376.9,16379.7,16378,16379,16379.4,16380.4,16376.4,16377.4,16379.2,16380.2,1,240
2026-07-28T19:15:00+00:00,16379.6,16379.7,16377.2,16378.9,16379.1,16380.1,16379.2,16380.2,16376.7,16377.7,16378.4,16379.4,1,200
2026-07-28T19:20:00+00:00,16378.8,16380.3,16378.6,16380,16378.3,16379.3,16379.8,16380.8,16378.1,16379.1,16379.5,16380.5,1,161
2026-07-28T19:25:00+00:00,16380.1,16382.4,16379.8,16382.4,16379.6,16380.6,16381.9,16382.9,16379.3,16380.3,16381.9,16382.9,1,212
2026-07-28T19:30:00+00:00,16382.3,16382.6,16380.8,16382.4,16381.8,16382.8,16382.1,16383.1,16380.3,16381.3,16381.9,16382.9,1,178
2026-07-28T19:35:00+00:00,16382.3,16382.6,16381.6,16382.3,16381.8,16382.8,16382.1,16383.1,16381.1,16382.1,16381.8,16382.8,1,140
2026-07-28T19:40:00+00:00,16382.4,16383.7,16381.8,16383.1,16381.9,16382.9,16383.2,16384.2,16381.3,16382.3,16382.6,16383.6,1,151
2026-07-28T19:45:00+00:00,16383,16385.4,16383,16384.5,16382.5,16383.5,16384.9,16385.9,16382.5,16383.5,16384,16385,1,175
2026-07-28T19:50:00+00:00,16384.4,16385.5,16384.1,16385.5,16383.9,16384.9,16385,16386,16383.6,16384.6,16385,16386,1,165
2026-07-28T19:55:00+00:00,16385.6,16386.4,16384.2,16385.9,16385.1,16386.1,16385.9,16386.9,16383.7,16384.7,16385.4,16386.4,1,138
2026-07-28T20:00:00+00:00,16386,16386.9,16384.8,16384.8,16385.5,16386.5,16386.4,16387.4,16384.3,16385.3,16384.3,16385.3,1,149
2026-07-28T20:05:00+00:00,16384.9,16385,16382.4,16383,16384.4,16385.4,16384.5,16385.5,16381.9,16382.9,16382.5,16383.5,1,156
2026-07-28T20:10:00+00:00,16383.1,16385.8,16382.3,16385.7,16382.6,16383.6,16385.3,16386.3,16381.8,16382.8,16385.2,16386.2,1,184
2026-07-28T20:15:00+00:00,16385.8,16385.8,16383.3,16383.6,16385.3,16386.3,16385.3,16386.3,16382.8,16383.8,16383.1,16384.1,1,178
2026-07-28T20:20:00+00:00,16383.5,16385.8,16382.7,16385.2,16383,16384,16385.3,16386.3,16382.2,16383.2,16384.7,16385.7,1,202
2026-07-28T20:25:00+00:00,16385.1,16385.7,16384.4,16385.3,16384.6,16385.6,16385.2,16386.2,16383.9,16384.9,16384.8,16385.8,1,219
2026-07-28T20:30:00+00:00,16385.2,16385.4,16383.1,16384.1,16384.7,16385.7,16384.9,16385.9,16382.6,16383.6,16383.6,16384.6,1,198
2026-07-28T20:35:00+00:00,16384,16384.7,16382.9,16383.5,16383.5,16384.5,16384.2,16385.2,16382.4,16383.4,16383,16384,1,174
2026-07-28T20:40:00+00:00,16383.6,16384.6,16383.2,16384.5,16383.1,16384.1,16384.1,16385.1,16382.7,16383.7,16384,16385,1,152
2026-07-28T20:45:00+00:00,16384.6,16384.6,16382.5,16383.9,16384.1,16385.1,16384.1,16385.1,16382,16383,16383.4,16384.4,1,167
2026-07-28T20:50:00+00:00,16383.8,16384.6,16382.8,16383.1,16383.3,16384.3,16384.1,16385.1,16382.3,16383.3,16382.6,16383.6,1,137
2026-07-28T20:55:00+00:00,16383.2,16386.2,16383.2,16385.3,16382.7,16383.7,16385.7,16386.7,16382.7,16383.7,16384.8,16385.8,1,140
2026-07-28T21:00:00+00:00,16385.2,16386.3,16385.2,16386.3,16384.7,16385.7,16385.8,16386.8,16384.7,16385.7,16385.8,16386.8,1,59
2026-07-28T21:05:00+00:00,16386.2,16388,16385.8,16385.8,16385.7,16386.7,16387.5,16388.5,16385.3,16386.3,16385.3,16386.3,1,71
2026-07-28T21:10:00+00:00,16385.9,16386.2,16384.7,16385.6,16385.4,16386.4,16385.7,16386.7,16384.2,16385.2,16385.1,16386.1,1,138
2026-07-28T21:15:00+00:00,16385.5,16386.7,16384.1,16386.7,16385,16386,16386.2,16387.2,16383.6,16384.6,16386.2,16387.2,1,147
2026-07-28T21:20:00+00:00,16386.5,16387,16386.1,16386.2,16386,16387,16386.5,16387.5,16385.6,16386.6,16385.7,16386.7,1,123
2026-07-28T21:25:00+00:00,16386.3,16387.1,16386,16386.2,16385.8,16386.8,16386.6,16387.6,16385.5,16386.5,16385.7,16386.7,1,134
2026-07-28T21:30:00+00:00,16386.3,16387.9,16386,16387,16385.8,16386.8,16387.4,16388.4,16385.5,16386.5,16386.5,16387.5,1,140
2026-07-28T21:35:00+00:00,16386.9,16389.2,16386,16388.3,16386.4,16387.4,16388.7,16389.7,16385.5,16386.5,16387.8,16388.8,1,120
2026-07-28T21:40:00+00:00,16388.2,16388.3,16386.2,16386.6,16387.7,16388.7,16387.8,16388.8,16385.7,16386.7,16386.1,16387.1,1,151
2026-07-28T21:45:00+00:00,16387,16387.4,16384.45,16384.65,16386.5,16387.5,16386.6,16388.2,16383.9,16385,16383.9,16385.4,1.5,182
2026-07-28T21:50:00+00:00,16385,16386.1,16383.9,16385.9,16384.5,16385.5,16385.4,16386.8,16383.4,16384.4,16385.4,16386.4,1,209
2026-07-28T21:55:00+00:00,16385.9,16387.8,16384.25,16385.9,16384.9,16386.9,16385.4,16390.2,16381.6,16386.9,16381.6,16390.2,8.6,131
2026-07-28T22:00:00+00:00,16384,16384,16377.4,16380.5,16378,16390,16378,16390,16371.4,16383.4,16374.5,16386.5,12,30
2026-07-28T22:05:00+00:00,16380.4,16382.5,16378.5,16381.5,16374.4,16386.4,16376.5,16388.5,16372.5,16384.5,16375.5,16387.5,12,30
2026-07-28T22:10:00+00:00,16382,16386.2,16381.4,16384.9,16376,16388,16381.3,16391.1,16375.4,16387.4,16380.3,16389.5,9.2,76
2026-07-28T22:15:00+00:00,16385,16385.1,16384.6,16384.65,16380.4,16389.6,16380.6,16389.6,16380.4,16388.8,16380.5,16388.8,8.3,12
2026-07-28T22:20:00+00:00,16382.5,16382.6,16382.5,16382.5,16376.5,16388.5,16376.6,16388.6,16376.5,16388.5,16376.5,16388.5,12,5
2026-07-28T22:25:00+00:00,16382.6,16382.9,16380.65,16381.65,16376.6,16388.6,16376.9,16388.9,16375.2,16386.1,16376.4,16386.9,10.5,21
2026-07-28T22:30:00+00:00,16381.55,16381.8,16380.65,16381.8,16376.3,16386.8,16376.6,16387,16375.4,16385.9,16376.6,16387,10.4,44
2026-07-28T22:35:00+00:00,16381.2,16382.5,16379.4,16380.6,16376,16386.4,16377.5,16387.5,16375.3,16383.5,16376.7,16384.5,7.8,57
2026-07-28T22:40:00+00:00,16380.4,16380.55,16379.15,16379.45,16376.5,16384.3,16376.5,16384.6,16375,16383.3,16375.3,16383.6,8.3,56
2026-07-28T22:45:00+00:00,16380.25,16381.05,16378.6,16380.95,16376.1,16384.4,16376.9,16385.2,16374.9,16382.3,16376.7,16385.2,8.5,86
2026-07-28T22:50:00+00:00,16380.85,16383.55,16379.2,16383.45,16376.6,16385.1,16380.7,16386.4,16375.2,16383.2,16380.7,16386.2,5.5,82
2026-07-28T22:55:00+00:00,16383.35,16383.5,16381.8,16382,16380.6,16386.1,16380.8,16386.2,16379.4,16384.2,16379.8,16384.2,4.4,46
2026-07-28T23:00:00+00:00,16382.9,16384.4,16381.9,16383.7,16380.1,16385.7,16382.4,16386.4,16379.9,16383.9,16382.3,16385.1,2.8,139
2026-07-28T23:05:00+00:00,16383.65,16383.95,16382.35,16382.35,16382.8,16384.5,16382.9,16385,16381.6,16383.1,16381.6,16383.1,1.5,102
2026-07-28T23:10:00+00:00,16382.25,16384.1,16381.95,16383.4,16381.3,16383.2,16383.6,16384.6,16381.1,16382.8,16382.9,16383.9,1,244
2026-07-28T23:15:00+00:00,16383.3,16387.05,16383.3,16387.05,16382.8,16383.8,16386.2,16387.9,16382.8,16383.8,16386.2,16387.9,1.7,227
2026-07-28T23:20:00+00:00,16387.2,16387.75,16385.45,16386.6,16386.4,16388,16387.2,16388.3,16384.8,16386.1,16386.1,16387.1,1,212
2026-07-28T23:25:00+00:00,16386.7,16388.45,16384.55,16385.1,16386.2,16387.2,16387.3,16389.6,16383.8,16385.3,16384.6,16385.6,1,254
2026-07-28T23:30:00+00:00,16385.2,16386.75,16384.5,16385.9,16384.7,16385.7,16386,16387.5,16384,16385,16385.4,16386.4,1,174
2026-07-28T23:35:00+00:00,16385.8,16387.1,16385.15,16386.5,16385.3,16386.3,16386.4,16387.8,16384.5,16385.8,16386,16387,1,223
2026-07-28T23:40:00+00:00,16386.8,16387.3,16385.55,16387,16386.3,16387.3,16386.7,16387.9,16384.8,16386.3,16386.5,16387.5,1,169
2026-07-28T23:45:00+00:00,16387.1,16387.5,16386.5,16387.5,16386.6,16387.6,16387,16388,16386,16387,16387,16388,1,125
2026-07-28T23:50:00+00:00,16387.4,16387.6,16385.55,16385.7,16386.9,16387.9,16387.1,16388.1,16385,16386.1,16385.2,16386.2,1,126
2026-07-28T23:55:00+00:00,16385.6,16385.7,16384.8,16385.6,16385.1,16386.1,16385.2,16386.2,16384.3,16385.3,16385.1,16386.1,1,108
2026-07-29T00:00:00+00:00,16385.5,16385.9,16384.3,16384.4,16385,16386,16385.4,16386.4,16383.8,16384.8,16383.9,16384.9,1,86
2026-07-29T00:05:00+00:00,16384.7,16386.1,16384.7,16386,16384.2,16385.2,16385.6,16386.6,16384.2,16385.2,16385.5,16386.5,1,60
