timestamp,open,high,low,close,open_bid,open_ask,high_bid,high_ask,low_bid,low_ask,close_bid,close_ask,spread,volume
2026-07-23T13:00:00+00:00,16349.7,16351.8,16348.4,16348.7,16349.2,16350.2,16351.3,16352.3,16347.9,16348.9,16348.2,16349.2,1,246
2026-07-23T13:05:00+00:00,16349.6,16349.8,16346.2,16346.6,16349.1,16350.1,16349.3,16350.3,16345.7,16346.7,16346.1,16347.1,1,284
2026-07-23T13:10:00+00:00,16346.7,16349.9,16346,16348.2,16346.2,16347.2,16349.4,16350.4,16345.5,16346.5,16347.7,16348.7,1,796
2026-07-23T13:15:00+00:00,16348.1,16351.6,16346.7,16349.2,16347.6,16348.6,16351.1,16352.1,16346.2,16347.2,16348.7,16349.7,1,1380
2026-07-23T13:20:00+00:00,16349.3,16357.7,16349.3,16356.5,16348.8,16349.8,16357.2,16358.2,16348.8,16349.8,16356,16357,1,1321
2026-07-23T13:25:00+00:00,16356.6,16359.7,16356.2,16358.55,16356.1,16357.1,16359.2,16360.2,16355.7,16356.7,16357.3,16359.8,2.5,1328
2026-07-23T13:30:00+00:00,16360.65,16362.05,16357.9,16360.6,16357.9,16363.4,16360.4,16363.7,16357.4,16358.4,16360.1,16361.1,1,1496
2026-07-23T13:35:00+00:00,16360.4,16369.3,16359.8,16367.9,16359.9,16360.9,16368.8,16369.8,16359.3,16360.3,16367.4,16368.4,1,1471
2026-07-23T13:40:00+00:00,16368.1,16376.1,16367.3,16371.5,16367.6,16368.6,16375.6,16376.6,16366.8,16367.8,16371,16372,1,1447
2026-07-23T13:45:00+00:00,16371.6,16372.7,16367.6,16368.2,16371.1,16372.1,16372.2,16373.2,16367.1,16368.1,16367.7,16368.7,1,1460
2026-07-23T13:50:00+00:00,16368.3,16370.8,16367,16367.7,16367.8,16368.8,16370.3,16371.3,16366.5,16367.5,16367.2,16368.2,1,1401
2026-07-23T13:55:00+00:00,16367.6,16369.5,16365,16367.7,16367.1,16368.1,16369,16370,16364.5,16365.5,16367.2,16368.2,1,1371
2026-07-23T14:00:00+00:00,16367.8,16375.7,16366.7,16373.9,16367.3,16368.3,16375.2,16376.2,16366.2,16367.2,16373.4,16374.4,1,1340
2026-07-23T14:05:00+00:00,16373.8,16380.6,16372.8,16379.5,16373.3,16374.3,16380.1,16381.1,16372.3,16373.3,16379,16380,1,1217
2026-07-23T14:10:00+00:00,16379.6,16385.6,16377.9,16381.4,16379.1,16380.1,16385.1,16386.1,16377.4,16378.4,16380.9,16381.9,1,1209
2026-07-23T14:15:00+00:00,16381.3,16382.7,16377.3,16379,16380.8,16381.8,16382.2,16383.2,16376.8,16377.8,16378.5,16379.5,1,1261
2026-07-23T14:20:00+00:00,16379.1,16382.7,16377.2,16381.5,16378.6,16379.6,16382.2,16383.2,16376.7,16377.7,16381,16382,1,1208
2026-07-23T14:25:00+00:00,16381.6,16382.1,16377.8,16379.4,16381.1,16382.1,16381.6,16382.6,16377.3,16378.3,16378.9,16379.9,1,1023
2026-07-23T14:30:00+00:00,16379.5,16379.6,16374.3,16375.7,16379,16380,16379.1,16380.1,16373.8,16374.8,16375.2,16376.2,1,1148
2026-07-23T14:35:00+00:00,16375.8,16379.1,16373.1,16379.1,16375.3,16376.3,16378.6,16379.6,16372.6,16373.6,16378.6,16379.6,1,558
2026-07-23T14:40:00+00:00,16379.2,16384.3,16377.9,16384.3,16378.7,16379.7,16383.8,16384.8,16377.4,16378.4,16383.8,16384.8,1,340
2026-07-23T14:45:00+00:00,16384.2,16388.4,16383.9,16385.9,16383.7,16384.7,16387.9,16388.9,16383.4,16384.4,16385.4,16386.4,1,321
2026-07-23T14:50:00+00:00,16385.5,16389,16384.3,16388,16385,16386,16388.5,16389.5,16383.8,16384.8,16387.5,16388.5,1,319
2026-07-23T14:55:00+00:00,16388.2,16396.4,16386.6,16396.3,16387.7,16388.7,16395.9,16396.9,16386.1,16387.1,16395.8,16396.8,1,360
2026-07-23T15:00:00+00:00,16395.9,16396.2,16388.9,16394.4,16395.4,16396.4,16395.7,16396.7,16388.4,16389.4,16393.9,16394.9,1,306
2026-07-23T15:05:00+00:00,16394.5,16394.6,16391.8,16393.3,16394,16395,16394.1,16395.1,16391.3,16392.3,16392.8,16393.8,1,316
2026-07-23T15:10:00+00:00,16393.2,16394.2,16387.7,16389.3,16392.7,16393.7,16393.7,16394.7,16387.2,16388.2,16388.8,16389.8,1,381
2026-07-23T15:15:00+00:00,16389.4,16394.9,16387.7,16393.8,16388.9,16389.9,16394.4,16395.4,16387.2,16388.2,16393.3,16394.3,1,414
2026-07-23T15:20:00+00:00,16393.9,16395.5,16390.5,16390.6,16393.4,16394.4,16395,16396,16390,16391,16390.1,16391.1,1,340
2026-07-23T15:25:00+00:00,16390.8,16394.4,16390.6,16393.7,16390.3,16391.3,16393.9,16394.9,16390.1,16391.1,16393.2,16394.2,1,374
2026-07-23T15:30:00+00:00,16393.6,16395.5,16392.5,16394.2,16393.1,16394.1,16395,16396,16392,16393,16393.7,16394.7,1,331
2026-07-23T15:35:00+00:00,16394,16394.7,16389.2,16391.1,16393.5,16394.5,16394.2,16395.2,16388.7,16389.7,16390.6,16391.6,1,371
2026-07-23T15:40:00+00:00,16391.2,16394.4,16390.6,16393.5,16390.7,16391.7,16393.9,16394.9,16390.1,16391.1,16393,16394,1,285
2026-07-23T15:45:00+00:00,16393.6,16397.8,16393.3,16397.7,16393.1,16394.1,16397.3,16398.3,16392.8,16393.8,16397.2,16398.2,1,355
2026-07-23T15:50:00+00:00,16397.8,16398.2,16395.1,16395.7,16397.3,16398.3,16397.7,16398.7,16394.6,16395.6,16395.2,16396.2,1,284
2026-07-23T15:55:00+00:00,16396.4,16399.4,16392.5,16392.5,16395.9,16396.9,16398.9,16399.9,16392,16393,16392,16393,1,384
2026-07-23T16:00:00+00:00,16392.4,16395,16386.2,16386.3,16391.9,16392.9,16394.5,16395.5,16385.7,16386.7,16385.8,16386.8,1,425
2026-07-23T16:05:00+00:00,16386.5,16390,16384.6,16387.9,16386,16387,16389.5,16390.5,16384.1,16385.1,16387.4,16388.4,1,254
2026-07-23T16:10:00+00:00,16387.8,16389.3,16384.7,16385.5,16387.3,16388.3,16388.8,16389.8,16384.2,16385.2,16385,16386,1,202
2026-07-23T16:15:00+00:00,16385.6,16388.1,16384.8,16387.8,16385.1,16386.1,16387.6,16388.6,16384.3,16385.3,16387.3,16388.3,1,176
2026-07-23T16:20:00+00:00,16387.7,16387.8,16377.3,16384.2,16387.2,16388.2,16387.3,16388.3,16376.8,16377.8,16383.7,16384.7,1,575
2026-07-23T16:25:00+00:00,16384.3,16386.8,16381.3,16386.4,16383.8,16384.8,16386.3,16387.3,16380.8,16381.8,16385.9,16386.9,1,283
2026-07-23T16:30:00+00:00,16386.7,16391.2,16385.6,16388.5,16386.2,16387.2,16390.7,16391.7,16385.1,16386.1,16388,16389,1,473
2026-07-23T16:35:00+00:00,16388.4,16391.2,16380.9,16382.2,16387.9,16388.9,16390.7,16391.7,16380.4,16381.4,16381.7,16382.7,1,470
2026-07-23T16:40:00+00:00,16381.8,16383.6,16378.7,16382.3,16381.3,16382.3,16383.1,16384.1,16378.2,16379.2,16381.8,16382.8,1,392
2026-07-23T16:45:00+00:00,16382.2,16384.3,16381.7,16383,16381.7,16382.7,16383.8,16384.8,16381.2,16382.2,16382.5,16383.5,1,285
2026-07-23T16:50:00+00:00,16382.9,16383.9,16380.3,16380.5,16382.4,16383.4,16383.4,16384.4,16379.8,16380.8,16380,16381,1,290
2026-07-23T16:55:00+00:00,16380.4,16383.3,16378.6,16380.9,16379.9,16380.9,16382.8,16383.8,16378.1,16379.1,16380.4,16381.4,1,260
2026-07-23T17:00:00+00:00,16380.8,16382.8,16379.9,16382.8,16380.3,16381.3,16382.3,16383.3,16379.4,16380.4,16382.3,16383.3,1,191
2026-07-23T17:05:00+00:00,16383.1,16384,16381.6,16381.8,16382.6,16383.6,16383.5,16384.5,16381.1,16382.1,16381.3,16382.3,1,167
2026-07-23T17:10:00+00:00,16381.9,16382.6,16378.4,16378.6,16381.4,16382.4,16382.1,16383.1,16377.9,16378.9,16378.1,16379.1,1,253
2026-07-23T17:15:00+00:00,16378.5,16383.1,16376.3,16381.6,16378,16379,16382.6,16383.6,16375.8,16376.8,16381.1,16382.1,1,295
2026-07-23T17:20:00+00:00,16381.7,16381.9,16378.7,16379.3,16381.2,16382.2,16381.4,16382.4,16378.2,16379.2,16378.8,16379.8,1,261
2026-07-23T17:25:00+00:00,16379.1,16379.7,16374.9,16375.1,16378.6,16379.6,16379.2,16380.2,16374.4,16375.4,16374.6,16375.6,1,261
2026-07-23T17:30:00+00:00,16375.2,16378.6,16372.3,16377.7,16374.7,16375.7,16378.1,16379.1,16371.8,16372.8,16377.2,16378.2,1,267
2026-07-23T17:35:00+00:00,16377.6,16380.2,16376.6,16378.7,16377.1,16378.1,16379.7,16380.7,16376.1,16377.1,16378.2,16379.2,1,279
2026-07-23T17:40:00+00:00,16378.6,16378.6,16375.2,16376,16378.1,16379.1,16378.1,16379.1,16374.7,16375.7,16375.5,16376.5,1,249
2026-07-23T17:45:00+00:00,16376.2,16378.5,16375.3,16375.7,16375.7,16376.7,16378,16379,16374.8,16375.8,16375.2,16376.2,1,220
2026-07-23T17:50:00+00:00,16375.6,16377.9,16375,16377.8,16375.1,16376.1,16377.4,16378.4,16374.5,16375.5,16377.3,16378.3,1,203
2026-07-23T17:55:00+00:00,16377.4,16378.1,16376.4,16377.5,16376.9,16377.9,16377.6,16378.6,16375.9,16376.9,16377,16378,1,141
2026-07-23T18:00:00+00:00,16377.7,16379.4,16373.4,16373.9,16377.2,16378.2,16378.9,16379.9,16372.9,16373.9,16373.4,16374.4,1,229
2026-07-23T18:05:00+00:00,16372.9,16376.7,16372.1,16375.5,16372.4,16373.4,16376.2,16377.2,16371.6,16372.6,16375,16376,1,278
2026-07-23T18:10:00+00:00,16375.6,16377.2,16374.9,16377.1,16375.1,16376.1,16376.7,16377.7,16374.4,16375.4,16376.6,16377.6,1,268
2026-07-23T18:15:00+00:00,16377,16378,16375.1,16376.1,16376.5,16377.5,16377.5,16378.5,16374.6,16375.6,16375.6,16376.6,1,263
2026-07-23T18:20:00+00:00,16376,16377.6,16373.6,16377.5,16375.5,16376.5,16377.1,16378.1,16373.1,16374.1,16377,16378,1,229
2026-07-23T18:25:00+00:00,16377.4,16378.6,16377,16378.3,16376.9,16377.9,16378.1,16379.1,16376.5,16377.5,16377.8,16378.8,1,226
2026-07-23T18:30:00+00:00,16378.4,16380.2,16377.8,16379.6,16377.9,16378.9,16379.7,16380.7,16377.3,16378.3,16379.1,16380.1,1,200
2026-07-23T18:35:00+00:00,16379.7,16381.2,16379.3,16379.7,16379.2,16380.2,16380.7,16381.7,16378.8,16379.8,16379.2,16380.2,1,189
2026-07-23T18:40:00+00:00,16379.5,16381.1,16378,16381,16379,16380,16380.6,16381.6,16377.5,16378.5,16380.5,16381.5,1,211
2026-07-23T18:45:00+00:00,16380.9,16382.6,16380.8,16381.8,16380.4,16381.4,16382.1,16383.1,16380.3,16381.3,16381.3,16382.3,1,248
2026-07-23T18:50:00+00:00,16381.9,16382.6,16380.8,16381.7,16381.4,16382.4,16382.1,16383.1,16380.3,16381.3,16381.2,16382.2,1,236
2026-07-23T18:55:00+00:00,16381.8,16384.2,16381.4,16383.8,16381.3,16382.3,16383.7,16384.7,16380.9,16381.9,16383.3,16384.3,1,161
2026-07-23T19:00:00+00:00,16384,16384.9,16382.2,16383,16383.5,16384.5,16384.4,16385.4,16381.7,16382.7,16382.5,16383.5,1,102
2026-07-23T19:05:00+00:00,16383.1,16383.7,16381.8,16382,16382.6,16383.6,16383.2,16384.2,16381.3,16382.3,16381.5,16382.5,1,120
2026-07-23T19:10:00+00:00,16382.1,16382.3,16380.1,16380.6,16381.6,16382.6,16381.8,16382.8,16379.6,16380.6,16380.1,16381.1,1,190
2026-07-23T19:15:00+00:00,16380.7,16380.9,16378.6,16379.9,16380.2,16381.2,16380.4,16381.4,16378.1,16379.1,16379.4,16380.4,1,175
2026-07-23T19:20:00+00:00,16379.8,16381.3,16379.2,16381,16379.3,16380.3,16380.8,16381.8,16378.7,16379.7,16380.5,16381.5,1,173
2026-07-23T19:25:00+00:00,16380.9,16381.2,16377.9,16379.1,16380.4,16381.4,16380.7,16381.7,16377.4,16378.4,16378.6,16379.6,1,256
2026-07-23T19:30:00+00:00,16379,16379.5,16377.5,16379.4,16378.5,16379.5,16379,16380,16377,16378,16378.9,16379.9,1,252
2026-07-23T19:35:00+00:00,16379.3,16381.7,16377.7,16381.5,16378.8,16379.8,16381.2,16382.2,16377.2,16378.2,16381,16382,1,187
2026-07-23T19:40:00+00:00,16381.4,16382.1,16379.2,16379.2,16380.9,16381.9,16381.6,16382.6,16378.7,16379.7,16378.7,16379.7,1,189
2026-07-23T19:45:00+00:00,16379.1,16381,16379.1,16381,16378.6,16379.6,16380.5,16381.5,16378.6,16379.6,16380.5,16381.5,1,169
2026-07-23T19:50:00+00:00,16380.9,16381.4,16380.2,16381.4,16380.4,16381.4,16380.9,16381.9,16379.7,16380.7,16380.9,16381.9,1,122
2026-07-23T19:55:00+00:00,16381.5,16382,16379.6,16380.4,16381,16382,16381.5,16382.5,16379.1,16380.1,16379.9,16380.9,1,175
2026-07-23T20:00:00+00:00,16379.8,16380.7,16377.9,16379.1,16379.3,16380.3,16380.2,16381.2,16377.4,16378.4,16378.6,16379.6,1,144
2026-07-23T20:05:00+00:00,16379.3,16380.8,16379,16380.3,16378.8,16379.8,16380.3,16381.3,16378.5,16379.5,16379.8,16380.8,1,100
2026-07-23T20:10:00+00:00,16380.2,16382.2,16379.8,16381.5,16379.7,16380.7,16381.7,16382.7,16379.3,16380.3,16381,16382,1,138
2026-07-23T20:15:00+00:00,16381.6,16383.8,16381.1,16383.8,16381.1,16382.1,16383.3,16384.3,16380.6,16381.6,16383.3,16384.3,1,194
2026-07-23T20:20:00+00:00,16383.7,16383.7,16382.5,16383.3,16383.2,16384.2,16383.2,16384.2,16382,16383,16382.8,16383.8,1,170
2026-07-23T20:25:00+00:00,16383.2,16384,16380.9,16381.3,16382.7,16383.7,16383.5,16384.5,16380.4,16381.4,16380.8,16381.8,1,152
2026-07-23T20:30:00+00:00,16381.2,16382.1,16377.3,16382.1,16380.7,16381.7,16381.6,16382.6,16376.8,16377.8,16381.6,16382.6,1,291
2026-07-23T20:35:00+00:00,16381.9,16382.6,16381.6,16382.3,16381.4,16382.4,16382.1,16383.1,16381.1,16382.1,16381.8,16382.8,1,201
2026-07-23T20:40:00+00:00,16382.4,16385.1,16381.6,16385.1,16381.9,16382.9,16384.6,16385.6,16381.1,16382.1,16384.6,16385.6,1,213
2026-07-23T20:45:00+00:00,16385,16385.7,16384.2,16384.4,16384.5,16385.5,16385.2,16386.2,16383.7,16384.7,16383.9,16384.9,1,189
2026-07-23T20:50:00+00:00,16384.1,16384.9,16382.8,16383.5,16383.6,16384.6,16384.4,16385.4,16382.3,16383.3,16383,16384,1,248
2026-07-23T20:55:00+00:00,16383.4,16383.8,16381.1,16382.4,16382.9,16383.9,16383.3,16384.3,16380.6,16381.6,16381.9,16382.9,1,160
2026-07-23T21:00:00+00:00,16382.7,16382.7,16380.2,16380.6,16382.2,16383.2,16382.2,16383.2,16379.7,16380.7,16380.1,16381.1,1,103
2026-07-23T21:05:00+00:00,16381.1,16381.8,16380.2,16380.2,16380.6,16381.6,16381.3,16382.3,16379.7,16380.7,16379.7,16380.7,1,105
2026-07-23T21:10:00+00:00,16380.1,16382.6,16380,16382,16379.6,16380.6,16382.1,16383.1,16379.5,16380.5,16381.5,16382.5,1,183
2026-07-23T21:15:00+00:00,16381.9,16383.8,16381.9,16382.8,16381.4,16382.4,16383.3,16384.3,16381.4,16382.4,16382.3,16383.3,1,144
2026-07-23T21:20:00+00:00,16382.7,16384.3,16381.7,16384.1,16382.2,16383.2,16383.8,16384.8,16381.2,16382.2,16383.6,16384.6,1,144
2026-07-23T21:25:00+00:00,16384.2,16384.4,16382.1,16382.6,16383.7,16384.7,16383.9,16384.9,16381.6,16382.6,16382.1,16383.1,1,159
2026-07-23T21:30:00+00:00,16382.3,16386.8,16381.9,16386.2,16381.8,16382.8,16386.3,16387.3,16381.4,16382.4,16385.7,16386.7,1,192
2026-07-23T21:35:00+00:00,16386.1,16386.7,16385.8,16386.7,16385.6,16386.6,16386.2,16387.2,16385.3,16386.3,16386.2,16387.2,1,136
2026-07-23T21:40:00+00:00,16386.8,16388.1,16386.1,16387.8,16386.3,16387.3,16387.6,16388.6,16385.6,16386.6,16387.3,16388.3,1,145
2026-07-23T21:45:00+00:00,16387,16388.05,16385.45,16386.7,16386.5,16387.5,16387.4,16388.7,16384.7,16386.2,16385.9,16387.5,1.6,266
2026-07-23T21:50:00+00:00,16386.9,16387.2,16385.1,16386.15,16386,16387.8,16386.3,16388.1,16384,16386.2,16384.9,16387.4,2.5,239
2026-07-23T21:55:00+00:00,16386.25,16387.5,16384.9,16386.1,16384.5,16388,16385,16390,16382.1,16387.7,16382.6,16389.6,7,147
2026-07-23T22:00:00+00:00,16386.5,16387.6,16382.8,16384.6,16383,16390,16384.1,16391.1,16379.3,16386.3,16381.1,16388.1,7,21
2026-07-23T22:05:00+00:00,16384.5,16385.5,16384.5,16385.5,16381,16388,16382,16389,16381,16388,16382,16389,7,9
2026-07-23T22:10:00+00:00,16384.5,16385.6,16383,16384,16381,16388,16382.1,16389.1,16379.5,16386.5,16380.5,16387.5,7,36
2026-07-23T22:15:00+00:00,16383.2,16386.6,16383,16386.6,16379.7,16386.7,16383.1,16390.1,16379.5,16386.5,16383.1,16390.1,7,43
2026-07-23T22:20:00+00:00,16386.5,16386.6,16385.5,16386.6,16383,16390,16383.1,16390.1,16382,16389,16383.1,16390.1,7,21
2026-07-23T22:25:00+00:00,16386.3,16386.3,16385.2,16386.3,16382.8,16389.8,16382.8,16389.8,16381.7,16388.7,16382.8,16389.8,7,13
2026-07-23T22:30:00+00:00,16385.8,16386.3,16383.9,16385,16382.3,16389.3,16382.8,16389.8,16380.4,16387.4,16381.5,16388.5,7,66
2026-07-23T22:35:00+00:00,16384.9,16385.1,16383.2,16383.3,16381.4,16388.4,16381.6,16388.6,16379.7,16386.7,16379.8,16386.8,7,41
2026-07-23T22:40:00+00:00,16384,16384.3,16378.9,16380.4,16380.5,16387.5,16380.8,16387.8,16375.4,16382.4,16376.9,16383.9,7,77
2026-07-23T22:45:00+00:00,16381,16381.1,16378.6,16379.7,16377.5,16384.5,16377.6,16384.6,16375.1,16382.1,16376.2,16383.2,7,47
2026-07-23T22:50:00+00:00,16378.7,16381.1,16378.7,16381,16375.2,16382.2,16377.6,16384.6,16375.2,16382.2,16377.5,16384.5,7,67
2026-07-23T22:55:00+00:00,16381.1,16381.6,16379.6,16380.1,16377.6,16384.6,16378.1,16385.1,16376.1,16383.1,16376.6,16383.6,7,24
2026-07-23T23:00:00+00:00,16380.2,16384.6,16379,16382.4,16376.7,16383.7,16382,16387.2,16375.5,16382.5,16379.4,16385.4,6,133
2026-07-23T23:05:00+00:00,16382.4,16384.2,16381.05,16383.6,16379.9,16384.9,16383,16385.4,16379.9,16382.2,16382.7,16384.5,1.8,71
2026-07-23T23:10:00+00:00,16383.9,16384.45,16382.5,16383.25,16382.5,16385.3,16383.4,16385.5,16381.6,16383.4,16382.4,16384.1,1.7,154
2026-07-23T23:15:00+00:00,16383.45,16384.3,16382.95,16383.4,16382.7,16384.2,16383.6,16385,16382.3,16383.6,16382.9,16383.9,1,135
2026-07-23T23:20:00+00:00,16383.3,16384.5,16382.85,16383.15,16382.8,16383.8,16383.7,16385.3,16382,16383.7,16382.3,16384,1.7,140
2026-07-23T23:25:00+00:00,16383.25,16385.2,16382.95,16384.2,16382.4,16384.1,16384.5,16385.9,16382.2,16383.7,16383.7,16384.7,1,156
2026-07-23T23:30:00+00:00,16384.1,16385.6,16384,16385.15,16383.6,16384.6,16384.8,16386.4,16383.4,16384.6,16384.3,16386,1.7,219
2026-07-23T23:35:00+00:00,16385.15,16385.25,16382.55,16383.55,16384.4,16385.9,16384.4,16386.1,16381.6,16383.5,16382.7,16384.4,1.7,187
2026-07-23T23:40:00+00:00,16383.7,16383.9,16382.45,16383.4,16382.9,16384.5,16383,16384.8,16381.5,16383.4,16382.9,16383.9,1,182
2026-07-23T23:45:00+00:00,16383.3,16385.15,16382.7,16385.1,16382.8,16383.8,16384.3,16386,16381.9,16383.5,16384.2,16386,1.8,128
2026-07-23T23:50:00+00:00,16385,16385.25,16383.8,16385.25,16384.1,16385.9,16384.4,16386.1,16383,16384.6,16384.4,16386.1,1.7,160
2026-07-23T23:55:00+00:00,16385.1,16385.45,16384.15,16384.35,16384.5,16385.7,16384.8,16386.1,16383.3,16385,16383.6,16385.1,1.5,67
2026-07-24T00:00:00+00:00,16384.75,16385.2,16383.85,16384.3,16383.5,16386,16384.4,16386,16383.2,16384.5,16383.8,16384.8,1,69
2026-07-24T00:05:00+00:00,16384.35,16384.6,16384.05,16384.2,16383.6,16385.1,16384.1,16385.1,16383.5,16384.6,16383.7,16384.7,1,34
2026-07-24T00:10:00+00:00,16384.1,16384.3,16383.2,16383.2,16383.6,16384.6,16383.8,16384.8,16382.7,16383.7,16382.7,16383.7,1,29
2026-07-24T00:15:00+00:00,16383.3,16383.3,16382.3,16382.8,16382.8,16383.8,16382.8,16383.8,16381.8,16382.8,16382.3,16383.3,1,46
2026-07-24T00:20:00+00:00,16382.7,16382.8,16382.5,16382.7,16382.2,16383.2,16382.3,16383.3,16382,16383,16382.2,16383.2,1,28
2026-07-24T00:25:00+00:00,16382.8,16382.8,16381,16381.45,16382.3,16383.3,16382.3,16383.3,16380.4,16381.6,16380.6,16382.3,1.7,46
2026-07-24T00:30:00+00:00,16381.5,16381.9,16380.3,16381.1,16380.5,16382.5,16381.3,16382.5,16379.8,16380.8,16380.6,16381.6,1,76
2026-07-24T00:35:00+00:00,16381.2,16382.5,16381.2,16382.5,16380.7,16381.7,16382,16383,16380.7,16381.7,16382,16383,1,31
2026-07-24T00:40:00+00:00,16382.4,16383,16382.3,16382.8,16381.9,16382.9,16382.5,16383.5,16381.8,16382.8,16382.3,16383.3,1,108
2026-07-24T00:45:00+00:00,16382.7,16383.9,16382.4,16383.5,16382.2,16383.2,16383.4,16384.4,16381.9,16382.9,16383,16384,1,159
2026-07-24T00:50:00+00:00,16383.3,16387.2,16383,16387.1,16382.8,16383.8,16386.7,16387.7,16382.5,16383.5,16386.6,16387.6,1,177
2026-07-24T00:55:00+00:00,16387,16387,16383.7,16383.8,16386.5,16387.5,16386.5,16387.5,16383.2,16384.2,16383.3,16384.3,1,235
2026-07-24T01:00:00+00:00,16384,16389.9,16383,16385.7,16383.5,16384.5,16389.4,16390.4,16382.5,16383.5,16385.2,16386.2,1,284
2026-07-24T01:05:00+00:00,16385.6,16389.7,16379.4,16385.3,16385.1,16386.1,16389.2,16390.2,16378.9,16379.9,16384.8,16385.8,1,300
2026-07-24T01:10:00+00:00,16385.2,16385.8,16382.1,16385.1,16384.7,16385.7,16385.3,16386.3,16381.6,16382.6,16384.6,16385.6,1,289
2026-07-24T01:15:00+00:00,16385,16389.75,16384.4,16385.4,16384.5,16385.5,16389.4,16390.1,16383.9,16384.9,16384.9,16385.9,1,262
2026-07-24T01:20:00+00:00,16385.3,16386.6,16383.1,16384.2,16384.8,16385.8,16386.1,16387.1,16382.6,16383.6,16383.7,16384.7,1,260
2026-07-24T01:25:00+00:00,16384,16386.9,16384,16386.5,16383.5,16384.5,16386.4,16387.4,16383.5,16384.5,16386,16387,1,271
2026-07-24T01:30:00+00:00,16386.4,16387.5,16384.5,16386.7,16385.9,16386.9,16387,16388,16384,16385,16386.2,16387.2,1,253
2026-07-24T01:35:00+00:00,16386.2,16388.6,16385.2,16388.5,16385.7,16386.7,16388.1,16389.1,16384.7,16385.7,16388,16389,1,199
2026-07-24T01:40:00+00:00,16388.4,16393,16388.4,16392.8,16387.9,16388.9,16392.5,16393.5,16387.9,16388.9,16392.3,16393.3,1,232
2026-07-24T01:45:00+00:00,16392.9,16393.1,16389.8,16391.3,16392.4,16393.4,16392.6,16393.6,16389.3,16390.3,16390.8,16391.8,1,258
2026-07-24T01:50:00+00:00,16391.2,16394.15,16387.9,16393.35,16390.7,16391.7,16393.6,16394.7,16387.4,16388.4,16392.6,16394.1,1.5,460
2026-07-24T01:55:00+00:00,16393,16393.55,16381.2,16381.2,16392.5,16393.5,16392.7,16394.4,16380.7,16381.7,16380.7,16381.7,1,427
2026-07-24T02:00:00+00:00,16380,16384.8,16380,16384.7,16379.5,16380.5,16384.3,16385.3,16379.5,16380.5,16384.2,16385.2,1,291
2026-07-24T02:05:00+00:00,16384.8,16386,16381.3,16383.3,16384.3,16385.3,16385.5,16386.5,16380.8,16381.8,16382.8,16383.8,1,222
2026-07-24T02:10:00+00:00,16383.2,16386.2,16382.9,16384.6,16382.7,16383.7,16385.7,16386.7,16382.4,16383.4,16384.1,16385.1,1,242
2026-07-24T02:15:00+00:00,16384.5,16385.3,16378.1,16381.5,16384,16385,16384.8,16385.8,16377.6,16378.6,16381,16382,1,328
2026-07-24T02:20:00+00:00,16381.7,16382.9,16379.7,16380.8,16381.2,16382.2,16382.4,16383.4,16379.2,16380.2,16380.3,16381.3,1,284
2026-07-24T02:25:00+00:00,16380.7,16384.9,16380.7,16384.3,16380.2,16381.2,16384.4,16385.4,16380.2,16381.2,16383.8,16384.8,1,284
2026-07-24T02:30:00+00:00,16384.2,16385.2,16377.1,16377.9,16383.7,16384.7,16384.7,16385.7,16376.6,16377.6,16377.4,16378.4,1,355
2026-07-24T02:35:00+00:00,16378.1,16379.5,16375.4,16377.5,16377.6,16378.6,16379,16380,16374.9,16375.9,16377,16378,1,322
2026-07-24T02:40:00+00:00,16377.4,16377.4,16372.2,16373.7,16376.9,16377.9,16376.9,16377.9,16371.7,16372.7,16373.2,16374.2,1,377
2026-07-24T02:45:00+00:00,16373.8,16377.2,16373.5,16376.3,16373.3,16374.3,16376.7,16377.7,16373,16374,16375.8,16376.8,1,266
2026-07-24T02:50:00+00:00,16376.4,16377.5,16375.4,16376,16375.9,16376.9,16377,16378,16374.9,16375.9,16375.5,16376.5,1,228
2026-07-24T02:55:00+00:00,16376.1,16378.4,16376.1,16378.2,16375.6,16376.6,16377.9,16378.9,16375.6,16376.6,16377.7,16378.7,1,216
2026-07-24T03:00:00+00:00,16378.4,16379.6,16376.8,16377.7,16377.9,16378.9,16379.1,16380.1,16376.3,16377.3,16377.2,16378.2,1,172
2026-07-24T03:05:00+00:00,16377.5,16381.2,16377,16378.6,16377,16378,16380.7,16381.7,16376.5,16377.5,16378.1,16379.1,1,146
2026-07-24T03:10:00+00:00,16378.7,16379.5,16377.1,16377.8,16378.2,16379.2,16379,16380,16376.6,16377.6,16377.3,16378.3,1,219
2026-07-24T03:15:00+00:00,16377.9,16378.8,16377.2,16377.6,16377.4,16378.4,16378.3,16379.3,16376.7,16377.7,16377.1,16378.1,1,186
2026-07-24T03:20:00+00:00,16377.5,16378.4,16375.2,16377.8,16377,16378,16377.9,16378.9,16374.7,16375.7,16377.3,16378.3,1,264
2026-07-24T03:25:00+00:00,16377.7,16378.7,16376.3,16378.3,16377.2,16378.2,16378.2,16379.2,16375.8,16376.8,16377.8,16378.8,1,267
2026-07-24T03:30:00+00:00,16378.4,16378.6,16372.8,16374.4,16377.9,16378.9,16378.1,16379.1,16372.3,16373.3,16373.9,16374.9,1,277
2026-07-24T03:35:00+00:00,16374.5,16376.7,16373.7,16376.1,16374,16375,16376.2,16377.2,16373.2,16374.2,16375.6,16376.6,1,189
2026-07-24T03:40:00+00:00,16376.2,16376.9,16374.9,16376.7,16375.7,16376.7,16376.4,16377.4,16374.4,16375.4,16376.2,16377.2,1,215
2026-07-24T03:45:00+00:00,16376.9,16378.5,16375.7,16377.3,16376.4,16377.4,16378,16379,16375.2,16376.2,16376.8,16377.8,1,283
2026-07-24T03:50:00+00:00,16377.2,16378.8,16376.3,16378.3,16376.7,16377.7,16378.3,16379.3,16375.8,16376.8,16377.8,16378.8,1,210
2026-07-24T03:55:00+00:00,16378.2,16378.7,16377.2,16378.4,16377.7,16378.7,16378.2,16379.2,16376.7,16377.7,16377.9,16378.9,1,175
2026-07-24T04:00:00+00:00,16378.3,16379.3,16377.7,16379.2,16377.8,16378.8,16378.8,16379.8,16377.2,16378.2,16378.7,16379.7,1,121
2026-07-24T04:05:00+00:00,16379.3,16379.7,16378.1,16379.7,16378.8,16379.8,16379.2,16380.2,16377.6,16378.6,16379.2,16380.2,1,104
2026-07-24T04:10:00+00:00,16379.8,16382.6,16379.7,16382.2,16379.3,16380.3,16382.1,16383.1,16379.2,16380.2,16381.7,16382.7,1,184
2026-07-24T04:15:00+00:00,16382.3,16383.2,16381.8,16382.4,16381.8,16382.8,16382.7,16383.7,16381.3,16382.3,16381.9,16382.9,1,127
2026-07-24T04:20:00+00:00,16382.8,16386.1,16382.7,16385.9,16382.3,16383.3,16385.6,16386.6,16382.2,16383.2,16385.4,16386.4,1,112
2026-07-24T04:25:00+00:00,16385.8,16387.3,16385.3,16385.9,16385.3,16386.3,16386.8,16387.8,16384.8,16385.8,16385.4,16386.4,1,114
2026-07-24T04:30:00+00:00,16386,16386.5,16383.3,16383.4,16385.5,16386.5,16386,16387,16382.8,16383.8,16382.9,16383.9,1,139
2026-07-24T04:35:00+00:00,16383.5,16383.6,16381.9,16383.6,16383,16384,16383.1,16384.1,16381.4,16382.4,16383.1,16384.1,1,138
2026-07-24T04:40:00+00:00,16383.7,16383.7,16380.8,16381.9,16383.2,16384.2,16383.2,16384.2,16380.3,16381.3,16381.4,16382.4,1,98
2026-07-24T04:45:00+00:00,16382,16382.7,16381.5,16382.2,16381.5,16382.5,16382.2,16383.2,16381,16382,16381.7,16382.7,1,84
2026-07-24T04:50:00+00:00,16381.9,16382.1,16380.5,16380.9,16381.4,16382.4,16381.6,16382.6,16380,16381,16380.4,16381.4,1,117
2026-07-24T04:55:00+00:00,16380.8,16382,16379.7,16380.8,16380.3,16381.3,16381.5,16382.5,16379.2,16380.2,16380.3,16381.3,1,126
2026-07-24T05:00:00+00:00,16381,16382.4,16380.7,16381.5,16380.5,16381.5,16381.9,16382.9,16380.2,16381.2,16381,16382,1,126
2026-07-24T05:05:00+00:00,16381.6,16381.8,16380.7,16380.8,16381.1,16382.1,16381.3,16382.3,16380.2,16381.2,16380.3,16381.3,1,200
2026-07-24T05:10:00+00:00,16380.7,16381.3,16378.6,16381.3,16380.2,16381.2,16380.8,16381.8,16378.1,16379.1,16380.8,16381.8,1,179
2026-07-24T05:15:00+00:00,16381.7,16382.5,16381.4,16381.6,16381.2,16382.2,16382,16383,16380.9,16381.9,16381.1,16382.1,1,102
2026-07-24T05:20:00+00:00,16381.5,16383.3,16381.3,16383.1,16381,16382,16382.8,16383.8,16380.8,16381.8,16382.6,16383.6,1,108
2026-07-24T05:25:00+00:00,16383.2,16384,16382.6,16383.4,16382.7,16383.7,16383.5,16384.5,16382.1,16383.1,16382.9,16383.9,1,89
2026-07-24T05:30:00+00:00,16383.3,16384.3,16382.6,16382.8,16382.8,16383.8,16383.8,16384.8,16382.1,16383.1,16382.3,16383.3,1,86
2026-07-24T05:35:00+00:00,16382,16382.7,16381.7,16381.8,16381.5,16382.5,16382.2,16383.2,16381.2,16382.2,16381.3,16382.3,1,96
2026-07-24T05:40:00+00:00,16381.9,16383.1,16381.6,16383,16381.4,16382.4,16382.6,16383.6,16381.1,16382.1,16382.5,16383.5,1,75
2026-07-24T05:45:00+00:00,16382.9,16384,16382.5,16383.7,16382.4,16383.4,16383.5,16384.5,16382,16383,16383.2,16384.2,1,93
2026-07-24T05:50:00+00:00,16383.8,16384.9,16383.7,16384.7,16383.3,16384.3,16384.4,16385.4,16383.2,16384.2,16384.2,16385.2,1,72
2026-07-24T05:55:00+00:00,16384.6,16384.7,16382.9,16383,16384.1,16385.1,16384.2,16385.2,16382.4,16383.4,16382.5,16383.5,1,50
2026-07-24T06:00:00+00:00,16383.1,16383.6,16382.8,16383.4,16382.6,16383.6,16383.1,16384.1,16382.3,16383.3,16382.9,16383.9,1,63
2026-07-24T06:05:00+00:00,16383.5,16383.6,16380.7,16382.2,16383,16384,16383.1,16384.1,16380.2,16381.2,16381.7,16382.7,1,101
2026-07-24T06:10:00+00:00,16382.3,16383,16381.7,16382.3,16381.8,16382.8,16382.5,16383.5,16381.2,16382.2,16381.8,16382.8,1,105
2026-07-24T06:15:00+00:00,16382.4,16383.3,16381.3,16381.8,16381.9,16382.9,16382.8,16383.8,16380.8,16381.8,16381.3,16382.3,1,608
2026-07-24T06:20:00+00:00,16382,16382.6,16379.8,16380.5,16381.5,16382.5,16382.1,16383.1,16379.3,16380.3,16380,16381,1,1139
2026-07-24T06:25:00+00:00,16380.7,16382,16380,16381.3,16380.2,16381.2,16381.5,16382.5,16379.5,16380.5,16380.8,16381.8,1,1300
2026-07-24T06:30:00+00:00,16381.2,16382.9,16381.2,16382.3,16380.7,16381.7,16382.4,16383.4,16380.7,16381.7,16381.8,16382.8,1,1297
2026-07-24T06:35:00+00:00,16382.4,16382.9,16380.4,16382.1,16381.9,16382.9,16382.4,16383.4,16379.9,16380.9,16381.6,16382.6,1,1289
2026-07-24T06:40:00+00:00,16382,16382.7,16379.6,16381.9,16381.5,16382.5,16382.2,16383.2,16379.1,16380.1,16381.4,16382.4,1,1197
2026-07-24T06:45:00+00:00,16382.1,16382.2,16380.8,16381.9,16381.6,16382.6,16381.7,16382.7,16380.3,16381.3,16381.4,16382.4,1,95
2026-07-24T06:50:00+00:00,16381.8,16384.7,16380.4,16384.6,16381.3,16382.3,16384.2,16385.2,16379.9,16380.9,16384.1,16385.1,1,136
2026-07-24T06:55:00+00:00,16384.5,16385.1,16383.4,16384.1,16384,16385,16384.6,16385.6,16382.9,16383.9,16383.6,16384.6,1,119
2026-07-24T07:00:00+00:00,16384.2,16384.5,16381.1,16381.6,16383.7,16384.7,16384,16385,16380.6,16381.6,16381.1,16382.1,1,112
2026-07-24T07:05:00+00:00,16381.5,16381.6,16377.1,16380.6,16381,16382,16381.1,16382.1,16376.6,16377.6,16380.1,16381.1,1,208
2026-07-24T07:10:00+00:00,16380.2,16381.7,16379.8,16380.2,16379.7,16380.7,16381.2,16382.2,16379.3,16380.3,16379.7,16380.7,1,161
2026-07-24T07:15:00+00:00,16380.1,16380.5,16378.8,16379.3,16379.6,16380.6,16380,16381,16378.3,16379.3,16378.8,16379.8,1,158
2026-07-24T07:20:00+00:00,16379.4,16379.4,16377.1,16377.7,16378.9,16379.9,16378.9,16379.9,16376.6,16377.6,16377.2,16378.2,1,174
2026-07-24T07:25:00+00:00,16377.5,16378.8,16376.2,16378.2,16377,16378,16378.3,16379.3,16375.7,16376.7,16377.7,16378.7,1,166
2026-07-24T07:30:00+00:00,16378.3,16380.6,16378.1,16378.1,16377.8,16378.8,16380.1,16381.1,16377.6,16378.6,16377.6,16378.6,1,167
2026-07-24T07:35:00+00:00,16378.3,16379.4,16377.1,16377.8,16377.8,16378.8,16378.9,16379.9,16376.6,16377.6,16377.3,16378.3,1,129
2026-07-24T07:40:00+00:00,16377.6,16379.1,16377.4,16377.8,16377.1,16378.1,16378.6,16379.6,16376.9,16377.9,16377.3,16378.3,1,132
2026-07-24T07:45:00+00:00,16377.7,16378.8,16376.7,16378.6,16377.2,16378.2,16378.3,16379.3,16376.2,16377.2,16378.1,16379.1,1,93
2026-07-24T07:50:00+00:00,16378.5,16379.9,16377.2,16378.8,16378,16379,16379.4,16380.4,16376.7,16377.7,16378.3,16379.3,1,140
2026-07-24T07:55:00+00:00,16378.9,16379.8,16376.5,16376.5,16378.4,16379.4,16379.3,16380.3,16376,16377,16376,16377,1,186
2026-07-24T08:00:00+00:00,16376.6,16378,16367,16373,16376.1,16377.1,16377.5,16378.5,16366.5,16367.5,16372.5,16373.5,1,317
2026-07-24T08:05:00+00:00,16374,16376.6,16371.2,16371.5,16373.5,16374.5,16376.1,16377.1,16370.7,16371.7,16371,16372,1,278
2026-07-24T08:10:00+00:00,16371.2,16371.2,16365,16369.6,16370.7,16371.7,16370.7,16371.7,16364.5,16365.5,16369.1,16370.1,1,347
2026-07-24T08:15:00+00:00,16369.7,16375,16369.7,16374.3,16369.2,16370.2,16374.5,16375.5,16369.2,16370.2,16373.8,16374.8,1,367
2026-07-24T08:20:00+00:00,16374.2,16375.5,16371.1,16372.1,16373.7,16374.7,16375,16376,16370.6,16371.6,16371.6,16372.6,1,275
2026-07-24T08:25:00+00:00,16372.3,16372.3,16369.4,16369.7,16371.8,16372.8,16371.8,16372.8,16368.9,16369.9,16369.2,16370.2,1,304
2026-07-24T08:30:00+00:00,16369.8,16371.7,16366.8,16371.5,16369.3,16370.3,16371.2,16372.2,16366.3,16367.3,16371,16372,1,340
2026-07-24T08:35:00+00:00,16371.3,16376.5,16371.1,16376.1,16370.8,16371.8,16376,16377,16370.6,16371.6,16375.6,16376.6,1,282
2026-07-24T08:40:00+00:00,16376,16379.7,16376,16377.2,16375.5,16376.5,16379.2,16380.2,16375.5,16376.5,16376.7,16377.7,1,320
2026-07-24T08:45:00+00:00,16377.1,16380.8,16377,16379,16376.6,16377.6,16380.3,16381.3,16376.5,16377.5,16378.5,16379.5,1,305
2026-07-24T08:50:00+00:00,16379.1,16379.5,16376.6,16377.1,16378.6,16379.6,16379,16380,16376.1,16377.1,16376.6,16377.6,1,310
2026-07-24T08:55:00+00:00,16377.2,16379,16376.2,16377.1,16376.7,16377.7,16378.5,16379.5,16375.7,16376.7,16376.6,16377.6,1,199
2026-07-24T09:00:00+00:00,16376.7,16381.1,16375.3,16380.9,16376.2,16377.2,16380.6,16381.6,16374.8,16375.8,16380.4,16381.4,1,208
2026-07-24T09:05:00+00:00,16381,16381.7,16377.6,16378.5,16380.5,16381.5,16381.2,16382.2,16377.1,16378.1,16378,16379,1,168
2026-07-24T09:10:00+00:00,16378.4,16378.6,16375.8,16376.5,16377.9,16378.9,16378.1,16379.1,16375.3,16376.3,16376,16377,1,261
2026-07-24T09:15:00+00:00,16376.4,16379.8,16376.4,16377.1,16375.9,16376.9,16379.3,16380.3,16375.9,16376.9,16376.6,16377.6,1,252
2026-07-24T09:20:00+00:00,16377.5,16377.8,16375,16376.4,16377,16378,16377.3,16378.3,16374.5,16375.5,16375.9,16376.9,1,285
2026-07-24T09:25:00+00:00,16376.5,16377.5,16374.1,16374.2,16376,16377,16377,16378,16373.6,16374.6,16373.7,16374.7,1,216
2026-07-24T09:30:00+00:00,16374.9,16375.6,16372.5,16374.3,16374.4,16375.4,16375.1,16376.1,16372,16373,16373.8,16374.8,1,274
2026-07-24T09:35:00+00:00,16374.4,16377.2,16373.9,16375.1,16373.9,16374.9,16376.7,16377.7,16373.4,16374.4,16374.6,16375.6,1,239
2026-07-24T09:40:00+00:00,16375.8,16379.2,16374.8,16377.8,16375.3,16376.3,16378.7,16379.7,16374.3,16375.3,16377.3,16378.3,1,285
2026-07-24T09:45:00+00:00,16377.9,16380.3,16376,16379.2,16377.4,16378.4,16379.8,16380.8,16375.5,16376.5,16378.7,16379.7,1,283
2026-07-24T09:50:00+00:00,16379.1,16380.7,16377.6,16377.9,16378.6,16379.6,16380.2,16381.2,16377.1,16378.1,16377.4,16378.4,1,224
2026-07-24T09:55:00+00:00,16377.8,16378.4,16372.8,16373.5,16377.3,16378.3,16377.9,16378.9,16372.3,16373.3,16373,16374,1,227
2026-07-24T10:00:00+00:00,16373.4,16376.4,16373.4,16376.3,16372.9,16373.9,16375.9,16376.9,16372.9,16373.9,16375.8,16376.8,1,207
2026-07-24T10:05:00+00:00,16376.4,16376.7,16373.2,16373.2,16375.9,16376.9,16376.2,16377.2,16372.7,16373.7,16372.7,16373.7,1,173
2026-07-24T10:10:00+00:00,16373.3,16376.5,16373.2,16374,16372.8,16373.8,16376,16377,16372.7,16373.7,16373.5,16374.5,1,245
2026-07-24T10:15:00+00:00,16373.9,16375.2,16372.8,16373.1,16373.4,16374.4,16374.7,16375.7,16372.3,16373.3,16372.6,16373.6,1,203
2026-07-24T10:20:00+00:00,16373.2,16374.8,16372.9,16373.5,16372.7,16373.7,16374.3,16375.3,16372.4,16373.4,16373,16374,1,200
2026-07-24T10:25:00+00:00,16373.6,16375.6,16373.4,16374.2,16373.1,16374.1,16375.1,16376.1,16372.9,16373.9,16373.7,16374.7,1,248
2026-07-24T10:30:00+00:00,16374.3,16376.6,16372.7,16374,16373.8,16374.8,16376.1,16377.1,16372.2,16373.2,16373.5,16374.5,1,264
2026-07-24T10:35:00+00:00,16373.9,16376.6,16373.9,16375,16373.4,16374.4,16376.1,16377.1,16373.4,16374.4,16374.5,16375.5,1,216
2026-07-24T10:40:00+00:00,16374.8,16376.5,16372.9,16373.8,16374.3,16375.3,16376,16377,16372.4,16373.4,16373.3,16374.3,1,206
2026-07-24T10:45:00+00:00,16373.7,16374.9,16372.9,16373.7,16373.2,16374.2,16374.4,16375.4,16372.4,16373.4,16373.2,16374.2,1,188
2026-07-24T10:50:00+00:00,16373.6,16374.6,16370.8,16370.9,16373.1,16374.1,16374.1,16375.1,16370.3,16371.3,16370.4,16371.4,1,187
2026-07-24T10:55:00+00:00,16370.8,16371.8,16369.1,16369.5,16370.3,16371.3,16371.3,16372.3,16368.6,16369.6,16369,16370,1,200
2026-07-24T11:00:00+00:00,16368.7,16371.5,16368,16370.6,16368.2,16369.2,16371,16372,16367.5,16368.5,16370.1,16371.1,1,161
2026-07-24T11:05:00+00:00,16370.5,16372.8,16370.5,16372.1,16370,16371,16372.3,16373.3,16370,16371,16371.6,16372.6,1,150
2026-07-24T11:10:00+00:00,16372.2,16373.9,16372,16372.3,16371.7,16372.7,16373.4,16374.4,16371.5,16372.5,16371.8,16372.8,1,172
2026-07-24T11:15:00+00:00,16372.4,16372.8,16370.3,16372,16371.9,16372.9,16372.3,16373.3,16369.8,16370.8,16371.5,16372.5,1,181
2026-07-24T11:20:00+00:00,16371.9,16373,16370.7,16372.2,16371.4,16372.4,16372.5,16373.5,16370.2,16371.2,16371.7,16372.7,1,223
2026-07-24T11:25:00+00:00,16372.1,16373,16370.8,16372.5,16371.6,16372.6,16372.5,16373.5,16370.3,16371.3,16372,16373,1,227
2026-07-24T11:30:00+00:00,16372.6,16373.8,16370.6,16373.5,16372.1,16373.1,16373.3,16374.3,16370.1,16371.1,16373,16374,1,212
2026-07-24T11:35:00+00:00,16373.6,16374.9,16372.6,16374.9,16373.1,16374.1,16374.4,16375.4,16372.1,16373.1,16374.4,16375.4,1,181
2026-07-24T11:40:00+00:00,16374.8,16376.5,16374.3,16376.2,16374.3,16375.3,16376,16377,16373.8,16374.8,16375.7,16376.7,1,218
2026-07-24T11:45:00+00:00,16376.3,16377.6,16375.8,16377.6,16375.8,16376.8,16377.1,16378.1,16375.3,16376.3,16377.1,16378.1,1,192
2026-07-24T11:50:00+00:00,16377.7,16380.5,16377.6,16380.2,16377.2,16378.2,16380,16381,16377.1,16378.1,16379.7,16380.7,1,204
2026-07-24T11:55:00+00:00,16380.1,16381.1,16379.4,16379.6,16379.6,16380.6,16380.6,16381.6,16378.9,16379.9,16379.1,16380.1,1,169
2026-07-24T12:00:00+00:00,16379.7,16380.4,16377.1,16377.8,16379.2,16380.2,16379.9,16380.9,16376.6,16377.6,16377.3,16378.3,1,160
2026-07-24T12:05:00+00:00,16377.7,16378.9,16376.4,16377.8,16377.2,16378.2,16378.4,16379.4,16375.9,16376.9,16377.3,16378.3,1,126
2026-07-24T12:10:00+00:00,16377.7,16378,16376.3,16376.3,16377.2,16378.2,16377.5,16378.5,16375.8,16376.8,16375.8,16376.8,1,93
2026-07-24T12:15:00+00:00,16376.2,16377.7,16376.2,16377.7,16375.7,16376.7,16377.2,16378.2,16375.7,16376.7,16377.2,16378.2,1,98
2026-07-24T12:20:00+00:00,16378.2,16378.7,16377.4,16378.1,16377.7,16378.7,16378.2,16379.2,16376.9,16377.9,16377.6,16378.6,1,100
2026-07-24T12:25:00+00:00,16378,16379.2,16377.7,16379,16377.5,16378.5,16378.7,16379.7,16377.2,16378.2,16378.5,16379.5,1,127
2026-07-24T12:30:00+00:00,16378.8,16379.1,16376.6,16378.9,16378.3,16379.3,16378.6,16379.6,16376.1,16377.1,16378.4,16379.4,1,122
2026-07-24T12:35:00+00:00,16378.8,16380.3,16378.2,16379.9,16378.3,16379.3,16379.8,16380.8,16377.7,16378.7,16379.4,16380.4,1,139
2026-07-24T12:40:00+00:00,16379.8,16380.6,16379.4,16380.4,16379.3,16380.3,16380.1,16381.1,16378.9,16379.9,16379.9,16380.9,1,138
2026-07-24T12:45:00+00:00,16380.2,16380.2,16378.3,16379.4,16379.7,16380.7,16379.7,16380.7,16377.8,16378.8,16378.9,16379.9,1,136
2026-07-24T12:50:00+00:00,16379.5,16383.6,16379.4,16382.8,16379,16380,16383.1,16384.1,16378.9,16379.9,16382.3,16383.3,1,146
2026-07-24T12:55:00+00:00,16382.9,16384.1,16378.8,16381.2,16382.4,16383.4,16383.6,16384.6,16378.3,16379.3,16380.7,16381.7,1,302
2026-07-24T13:00:00+00:00,16381.1,16383.2,16380.5,16382.4,16380.6,16381.6,16382.7,16383.7,16380,16381,16381.9,16382.9,1,218
2026-07-24T13:05:00+00:00,16382.5,16383.6,16381.6,16382.5,16382,16383,16383.1,16384.1,16381.1,16382.1,16382,16383,1,197
2026-07-24T13:10:00+00:00,16382.3,16382.6,16380.2,16381,16381.8,16382.8,16382.1,16383.1,16379.7,16380.7,16380.5,16381.5,1,113
2026-07-24T13:15:00+00:00,16380.9,16381.7,16380.3,16381.4,16380.4,16381.4,16381.2,16382.2,16379.8,16380.8,16380.9,16381.9,1,163
2026-07-24T13:20:00+00:00,16381.9,16382.9,16381.1,16382.2,16381.4,16382.4,16382.4,16383.4,16380.6,16381.6,16381.7,16382.7,1,163
2026-07-24T13:25:00+00:00,16382.1,16384.6,16382,16382.9,16381.6,16382.6,16384.1,16385.1,16381.5,16382.5,16382.4,16383.4,1,181
2026-07-24T13:30:00+00:00,16382.8,16382.9,16380.4,16382.6,16382.3,16383.3,16382.4,16383.4,16379.9,16380.9,16382.1,16383.1,1,155
2026-07-24T13:35:00+00:00,16382.3,16382.5,16381.3,16382.1,16381.8,16382.8,16382,16383,16380.8,16381.8,16381.6,16382.6,1,142
2026-07-24T13:40:00+00:00,16382.2,16385,16382.1,16383.6,16381.7,16382.7,16384.5,16385.5,16381.6,16382.6,16383.1,16384.1,1,165
2026-07-24T13:45:00+00:00,16383.7,16385.2,16383.1,16384.5,16383.2,16384.2,16384.7,16385.7,16382.6,16383.6,16384,16385,1,132
2026-07-24T13:50:00+00:00,16384.3,16384.9,16383.9,16384.4,16383.8,16384.8,16384.4,16385.4,16383.4,16384.4,16383.9,16384.9,1,108
2026-07-24T13:55:00+00:00,16384.6,16386.2,16384.5,16384.9,16384.1,16385.1,16385.7,16386.7,16384,16385,16384.4,16385.4,1,112
2026-07-24T14:00:00+00:00,16385,16387.4,16384.3,16387.2,16384.5,16385.5,16386.9,16387.9,16383.8,16384.8,16386.7,16387.7,1,207
2026-07-24T14:05:00+00:00,16387.1,16387.6,16386.5,16387.4,16386.6,16387.6,16387.1,16388.1,16386,16387,16386.9,16387.9,1,140
2026-07-24T14:10:00+00:00,16387.5,16388.5,16384.1,16384.5,16387,16388,16388,16389,16383.6,16384.6,16384,16385,1,189
2026-07-24T14:15:00+00:00,16384.4,16386.1,16384,16386.1,16383.9,16384.9,16385.6,16386.6,16383.5,16384.5,16385.6,16386.6,1,195
2026-07-24T14:20:00+00:00,16386,16386.1,16384.1,16385.7,16385.5,16386.5,16385.6,16386.6,16383.6,16384.6,16385.2,16386.2,1,162
2026-07-24T14:25:00+00:00,16385.6,16387.3,16385.6,16386.3,16385.1,16386.1,16386.8,16387.8,16385.1,16386.1,16385.8,16386.8,1,123
2026-07-24T14:30:00+00:00,16385.7,16387,16385,16385.3,16385.2,16386.2,16386.5,16387.5,16384.5,16385.5,16384.8,16385.8,1,168
2026-07-24T14:35:00+00:00,16385.7,16386.8,16384.4,16384.7,16385.2,16386.2,16386.3,16387.3,16383.9,16384.9,16384.2,16385.2,1,127
2026-07-24T14:40:00+00:00,16384.6,16385.1,16383.1,16384.45,16384.1,16385.1,16384.6,16385.6,16382.6,16383.6,16383.4,16385.5,2.1,196
2026-07-24T14:45:00+00:00,16385,16387.05,16383.1,16384.8,16382,16388,16385.3,16388.8,16382,16384.2,16384.3,16385.3,1,251
2026-07-24T14:50:00+00:00,16384.5,16385.8,16383.6,16384.5,16384,16385,16385.3,16386.3,16383.1,16384.1,16384,16385,1,217
2026-07-24T14:55:00+00:00,16384.7,16385.2,16378.2,16378.2,16384.2,16385.2,16384.7,16385.7,16377.7,16378.7,16377.7,16378.7,1,271
2026-07-24T15:00:00+00:00,16377.4,16380.1,16376.5,16379.4,16376.2,16378.6,16379.6,16380.6,16376,16377,16378.9,16379.9,1,296
2026-07-24T15:05:00+00:00,16379.5,16383.8,16379.1,16381.8,16379,16380,16383.3,16384.3,16378.6,16379.6,16381.3,16382.3,1,217
2026-07-24T15:10:00+00:00,16381.9,16383.5,16380.4,16383.1,16381.4,16382.4,16383,16384,16379.9,16380.9,16382.6,16383.6,1,345
2026-07-24T15:15:00+00:00,16383,16383.1,16380,16381.4,16382.5,16383.5,16382.6,16383.6,16379.5,16380.5,16380.9,16381.9,1,212
2026-07-24T15:20:00+00:00,16381.2,16382.3,16377.8,16379.5,16380.7,16381.7,16381.8,16382.8,16377.3,16378.3,16379,16380,1,270
2026-07-24T15:25:00+00:00,16379.3,16380.7,16378.1,16379.4,16378.8,16379.8,16380.2,16381.2,16377.6,16378.6,16378.9,16379.9,1,251
2026-07-24T15:30:00+00:00,16379.6,16380.5,16377.3,16377.5,16379.1,16380.1,16380,16381,16376.8,16377.8,16377,16378,1,282
2026-07-24T15:35:00+00:00,16377.4,16378.3,16375.8,16378.3,16376.9,16377.9,16377.8,16378.8,16375.3,16376.3,16377.8,16378.8,1,284
2026-07-24T15:40:00+00:00,16378.5,16379.1,16375.6,16376.6,16378,16379,16378.6,16379.6,16375.1,16376.1,16376.1,16377.1,1,232
2026-07-24T15:45:00+00:00,16376.7,16377.4,16372.2,16372.9,16376.2,16377.2,16376.9,16377.9,16371.7,16372.7,16372.4,16373.4,1,264
2026-07-24T15:50:00+00:00,16373,16374.2,16369.3,16372.3,16372.5,16373.5,16373.7,16374.7,16368.8,16369.8,16371.8,16372.8,1,418
2026-07-24T15:55:00+00:00,16372.4,16376.3,16370.8,16376.2,16371.9,16372.9,16375.8,16376.8,16370.3,16371.3,16375.7,16376.7,1,457
2026-07-24T16:00:00+00:00,16376.1,16377.5,16374.7,16376.2,16375.6,16376.6,16377,16378,16374.2,16375.2,16375.7,16376.7,1,264
2026-07-24T16:05:00+00:00,16376.1,16376.1,16372.9,16373.5,16375.6,16376.6,16375.6,16376.6,16372.4,16373.4,16373,16374,1,237
2026-07-24T16:10:00+00:00,16373.4,16373.8,16366.5,16368.4,16372.9,16373.9,16373.3,16374.3,16366,16367,16367.9,16368.9,1,522
2026-07-24T16:15:00+00:00,16368.6,16370.1,16364.2,16368.5,16368.1,16369.1,16369.6,16370.6,16363.7,16364.7,16368,16369,1,490
2026-07-24T16:20:00+00:00,16368.4,16370.9,16366.8,16370.1,16367.9,16368.9,16370.4,16371.4,16366.3,16367.3,16369.6,16370.6,1,359
2026-07-24T16:25:00+00:00,16369.7,16370.8,16368.5,16369.8,16369.2,16370.2,16370.3,16371.3,16368,16369,16369.3,16370.3,1,340
2026-07-24T16:30:00+00:00,16369.7,16371.7,16369.1,16371.7,16369.2,16370.2,16371.2,16372.2,16368.6,16369.6,16371.2,16372.2,1,308
2026-07-24T16:35:00+00:00,16371.6,16373.4,16369.3,16369.8,16371.1,16372.1,16372.9,16373.9,16368.8,16369.8,16369.3,16370.3,1,276
2026-07-24T16:40:00+00:00,16369.9,16375.2,16369.8,16373.6,16369.4,16370.4,16374.7,16375.7,16369.3,16370.3,16373.1,16374.1,1,248
2026-07-24T16:45:00+00:00,16373.7,16374.4,16372,16373.4,16373.2,16374.2,16373.9,16374.9,16371.5,16372.5,16372.9,16373.9,1,197
2026-07-24T16:50:00+00:00,16373.1,16374.4,16372.1,16373.1,16372.6,16373.6,16373.9,16374.9,16371.6,16372.6,16372.6,16373.6,1,213
2026-07-24T16:55:00+00:00,16373.2,16374.1,16370.9,16371,16372.7,16373.7,16373.6,16374.6,16370.4,16371.4,16370.5,16371.5,1,177
2026-07-24T17:00:00+00:00,16371.1,16374.6,16371.1,16371.5,16370.6,16371.6,16374.1,16375.1,16370.6,16371.6,16371,16372,1,123
2026-07-24T17:05:00+00:00,16371.4,16373.2,16370.7,16371.7,16370.9,16371.9,16372.7,16373.7,16370.2,16371.2,16371.2,16372.2,1,153
2026-07-24T17:10:00+00:00,16371.8,16372.1,16370.6,16371.1,16371.3,16372.3,16371.6,16372.6,16370.1,16371.1,16370.6,16371.6,1,249
2026-07-24T17:15:00+00:00,16371,16372,16370,16371.8,16370.5,16371.5,16371.5,16372.5,16369.5,16370.5,16371.3,16372.3,1,237
2026-07-24T17:20:00+00:00,16371.9,16372.9,16371.6,16372.8,16371.4,16372.4,16372.4,16373.4,16371.1,16372.1,16372.3,16373.3,1,193
2026-07-24T17:25:00+00:00,16372.6,16373.7,16371.9,16372.6,16372.1,16373.1,16373.2,16374.2,16371.4,16372.4,16372.1,16373.1,1,191
2026-07-24T17:30:00+00:00,16372.7,16375.5,16371.8,16373,16372.2,16373.2,16375,16376,16371.3,16372.3,16372.5,16373.5,1,243
2026-07-24T17:35:00+00:00,16372.6,16375.5,16372.1,16374.9,16372.1,16373.1,16375,16376,16371.6,16372.6,16374.4,16375.4,1,178
2026-07-24T17:40:00+00:00,16375,16375.9,16374.2,16375.2,16374.5,16375.5,16375.4,16376.4,16373.7,16374.7,16374.7,16375.7,1,184
2026-07-24T17:45:00+00:00,16375.7,16376.5,16374.9,16376.2,16375.2,16376.2,16376,16377,16374.4,16375.4,16375.7,16376.7,1,197
2026-07-24T17:50:00+00:00,16376.3,16376.9,16375.6,16376.8,16375.8,16376.8,16376.4,16377.4,16375.1,16376.1,16376.3,16377.3,1,158
2026-07-24T17:55:00+00:00,16376.9,16378.3,16376,16378.3,16376.4,16377.4,16377.8,16378.8,16375.5,16376.5,16377.8,16378.8,1,94
2026-07-24T18:00:00+00:00,16378.5,16379.5,16378.4,16378.8,16378,16379,16379,16380,16377.9,16378.9,16378.3,16379.3,1,98
2026-07-24T18:05:00+00:00,16378.7,16381.7,16378.6,16380.1,16378.2,16379.2,16381.2,16382.2,16378.1,16379.1,16379.6,16380.6,1,201
2026-07-24T18:10:00+00:00,16380,16382.6,16380,16381.2,16379.5,16380.5,16382.1,16383.1,16379.5,16380.5,16380.7,16381.7,1,213
2026-07-24T18:15:00+00:00,16381.1,16383.4,16380.2,16382.8,16380.6,16381.6,16382.9,16383.9,16379.7,16380.7,16382.3,16383.3,1,174
2026-07-24T18:20:00+00:00,16382.9,16383.3,16381.7,16383.2,16382.4,16383.4,16382.8,16383.8,16381.2,16382.2,16382.7,16383.7,1,185
2026-07-24T18:25:00+00:00,16383.3,16383.3,16380.8,16381.4,16382.8,16383.8,16382.8,16383.8,16380.3,16381.3,16380.9,16381.9,1,167
2026-07-24T18:30:00+00:00,16381.5,16382.5,16380.8,16381.8,16381,16382,16382,16383,16380.3,16381.3,16381.3,16382.3,1,143
2026-07-24T18:35:00+00:00,16381.7,16383.6,16381.7,16383,16381.2,16382.2,16383.1,16384.1,16381.2,16382.2,16382.5,16383.5,1,141
2026-07-24T18:40:00+00:00,16383.1,16384.5,16382.3,16382.4,16382.6,16383.6,16384,16385,16381.8,16382.8,16381.9,16382.9,1,136
2026-07-24T18:45:00+00:00,16382.5,16383.9,16382.3,16383.1,16382,16383,16383.4,16384.4,16381.8,16382.8,16382.6,16383.6,1,140
2026-07-24T18:50:00+00:00,16383.2,16384.1,16382.3,16383.3,16382.7,16383.7,16383.6,16384.6,16381.8,16382.8,16382.8,16383.8,1,173
2026-07-24T18:55:00+00:00,16383.4,16383.4,16381.5,16381.7,16382.9,16383.9,16382.9,16383.9,16381,16382,16381.2,16382.2,1,82
2026-07-24T19:00:00+00:00,16381.6,16382.5,16380.9,16381.1,16381.1,16382.1,16382,16383,16380.4,16381.4,16380.6,16381.6,1,46
2026-07-24T19:05:00+00:00,16381,16382.5,16380.9,16381.5,16380.5,16381.5,16382,16383,16380.4,16381.4,16381,16382,1,72
2026-07-24T19:10:00+00:00,16381.4,16382.1,16380.9,16381.5,16380.9,16381.9,16381.6,16382.6,16380.4,16381.4,16381,16382,1,137
2026-07-24T19:15:00+00:00,16381.6,16381.7,16379.7,16381.1,16381.1,16382.1,16381.2,16382.2,16379.2,16380.2,16380.6,16381.6,1,126
2026-07-24T19:20:00+00:00,16381.2,16383.5,16381.2,16382.5,16380.7,16381.7,16383,16384,16380.7,16381.7,16382,16383,1,123
2026-07-24T19:25:00+00:00,16382.4,16383.9,16382,16383.8,16381.9,16382.9,16383.4,16384.4,16381.5,16382.5,16383.3,16384.3,1,141
2026-07-24T19:30:00+00:00,16384,16385.7,16382.8,16385.7,16383.5,16384.5,16385.2,16386.2,16382.3,16383.3,16385.2,16386.2,1,188
2026-07-24T19:35:00+00:00,16385.6,16385.8,16383.9,16385.2,16385.1,16386.1,16385.3,16386.3,16383.4,16384.4,16384.7,16385.7,1,176
2026-07-24T19:40:00+00:00,16385.3,16386.1,16383.7,16384.5,16384.8,16385.8,16385.6,16386.6,16383.2,16384.2,16384,16385,1,111
2026-07-24T19:45:00+00:00,16384.4,16385,16383.4,16384.2,16383.9,16384.9,16384.5,16385.5,16382.9,16383.9,16383.7,16384.7,1,155
2026-07-24T19:50:00+00:00,16384.3,16384.9,16383.8,16384.6,16383.8,16384.8,16384.4,16385.4,16383.3,16384.3,16384.1,16385.1,1,115
2026-07-24T19:55:00+00:00,16384.5,16384.7,16383.4,16383.9,16384,16385,16384.2,16385.2,16382.9,16383.9,16383.4,16384.4,1,124
2026-07-24T20:00:00+00:00,16383.7,16383.7,16380.7,16382.1,16383.2,16384.2,16383.2,16384.2,16380.2,16381.2,16381.6,16382.6,1,74
2026-07-24T20:05:00+00:00,16382.2,16382.9,16381.1,16382.9,16381.7,16382.7,16382.4,16383.4,16380.6,16381.6,16382.4,16383.4,1,102
2026-07-24T20:10:00+00:00,16382.8,16383.2,16382.1,16382.6,16382.3,16383.3,16382.7,16383.7,16381.6,16382.6,16382.1,16383.1,1,118
2026-07-24T20:15:00+00:00,16382.5,16384.4,16382.5,16383.5,16382,16383,16383.9,16384.9,16382,16383,16383,16384,1,143
2026-07-24T20:20:00+00:00,16383.4,16385.1,16382.7,16384.6,16382.9,16383.9,16384.6,16385.6,16382.2,16383.2,16384.1,16385.1,1,166
2026-07-24T20:25:00+00:00,16384.5,16385.7,16384,16385.4,16384,16385,16385.2,16386.2,16383.5,16384.5,16384.9,16385.9,1,199
2026-07-24T20:30:00+00:00,16385.3,16385.8,16383.8,16384.9,16384.8,16385.8,16385.3,16386.3,16383.3,16384.3,16384.4,16385.4,1,212
2026-07-24T20:35:00+00:00,16385,16385,16382.8,16383.2,16384.5,16385.5,16384.5,16385.5,16382.3,16383.3,16382.7,16383.7,1,222
2026-07-24T20:40:00+00:00,16383.3,16383.6,16381.9,16383.3,16382.8,16383.8,16383.1,16384.1,16381.4,16382.4,16382.8,16383.8,1,170
2026-07-24T20:45:00+00:00,16383.2,16384.5,16382.8,16384.3,16382.7,16383.7,16384,16385,16382.3,16383.3,16383.8,16384.8,1,125
2026-07-24T20:50:00+00:00,16384.2,16384.6,16383.3,16383.6,16383.7,16384.7,16384.1,16385.1,16382.8,16383.8,16383.1,16384.1,1,138
2026-07-24T20:55:00+00:00,16383.4,16385.5,16382.7,16385.1,16382.9,16383.9,16385,16386,16382.2,16383.2,16384.6,16385.6,1,133
2026-07-24T21:00:00+00:00,16385.2,16385.2,16383.9,16384.9,16384.7,16385.7,16384.7,16385.7,16383.4,16384.4,16384.4,16385.4,1,60
2026-07-24T21:05:00+00:00,16385,16385.7,16384.8,16385.2,16384.5,16385.5,16385.2,16386.2,16384.3,16385.3,16384.7,16385.7,1,66
2026-07-24T21:10:00+00:00,16385.1,16385.9,16384.3,16385.3,16384.6,16385.6,16385.4,16386.4,16383.8,16384.8,16384.8,16385.8,1,154
2026-07-24T21:15:00+00:00,16385.2,16385.8,16384.9,16385.8,16384.7,16385.7,16385.3,16386.3,16384.4,16385.4,16385.3,16386.3,1,141
2026-07-24T21:20:00+00:00,16385.9,16386,16384.9,16385.9,16385.4,16386.4,16385.5,16386.5,16384.4,16385.4,16385.4,16386.4,1,91
2026-07-24T21:25:00+00:00,16385.7,16386.65,16385.3,16385.7,16385.2,16386.2,16386,16387.3,16384.8,16385.8,16385.2,16386.2,1,186
2026-07-24T21:30:00+00:00,16385.15,16387.3,16385.15,16387.1,16384.5,16385.8,16386.8,16387.8,16384.5,16385.8,16386.6,16387.6,1,120
2026-07-24T21:35:00+00:00,16387.25,16387.3,16385.45,16386.65,16386.5,16388,16386.5,16388.1,16384.6,16386.3,16385.7,16387.6,1.9,135
2026-07-24T21:40:00+00:00,16386.55,16387.05,16385.45,16386,16385.6,16387.5,16386.1,16388,16384.5,16386.4,16385,16387,2,151
2026-07-24T21:45:00+00:00,16386.5,16386.7,16384.5,16385.5,16385.5,16387.5,16385.5,16387.9,16383.3,16385.7,16385,16386,1,207
2026-07-24T21:50:00+00:00,16385.4,16386.7,16384.3,16386.7,16384.9,16385.9,16386.2,16387.2,16383.8,16384.8,16386.2,16387.2,1,165
2026-07-24T21:55:00+00:00,16386.8,16388,16384.3,16385.8,16385.8,16387.8,16386.4,16389.6,16381.6,16387,16382.3,16389.3,7,148
2026-07-26T21:00:00+00:00,16384.95,16384.95,16384.95,16384.95,16382.2,16387.7,16382.2,16387.7,16382.2,16387.7,16382.2,16387.7,5.5,1
2026-07-26T21:05:00+00:00,16371.4,16371.5,16367.7,16369.25,16370.4,16372.4,16370.4,16372.6,16363.9,16371.5,16366.1,16372.4,6.3,11
2026-07-26T21:15:00+00:00,16369.35,16369.4,16364,16368.25,16366.2,16372.5,16366.2,16372.6,16362.2,16365.8,16365.1,16371.4,6.3,12
2026-07-26T21:20:00+00:00,16367.95,16367.95,16367.25,16367.25,16364.8,16371.1,16364.8,16371.1,16364.1,16370.4,16364.1,16370.4,6.3,2
2026-07-26T21:30:00+00:00,16366.75,16368.5,16366.2,16368.5,16363,16370.5,16366.1,16370.9,16361.9,16370.5,16366.1,16370.9,4.8,7
2026-07-26T21:35:00+00:00,16368.5,16369,16368.5,16369,16367.5,16369.5,16368,16370,16367.5,16369.5,16368,16370,2,2
2026-07-26T21:40:00+00:00,16369,16369.15,16364.9,16365.15,16366.4,16371.6,16366.4,16371.9,16360.3,16369.5,16360.8,16369.5,8.7,9
2026-07-26T21:45:00+00:00,16362.8,16364.9,16360.25,16361.75,16361.8,16363.8,16361.8,16368,16357.3,16363.2,16357.3,16366.2,8.9,29
2026-07-26T21:55:00+00:00,16361.75,16362.95,16356.25,16360.6,16356.8,16366.7,16358.6,16367.3,16352,16360.5,16354.1,16367.1,13,23
2026-07-26T22:00:00+00:00,16360.4,16362.2,16360.4,16361.6,16353.9,16366.9,16355.7,16368.7,16353.9,16366.9,16355.1,16368.1,13,8
2026-07-26T22:05:00+00:00,16360.6,16363.1,16360.6,16362.6,16354.1,16367.1,16356.7,16369.5,16354.1,16367.1,16356.1,16369.1,13,12
2026-07-26T22:10:00+00:00,16360.8,16360.8,16360.6,16360.6,16354.3,16367.3,16354.3,16367.3,16354.1,16367.1,16354.1,16367.1,13,2
2026-07-26T22:15:00+00:00,16364.65,16365.3,16360.6,16364.85,16360.3,16369,16360.6,16370,16354.1,16367.1,16359.7,16370,10.3,48
2026-07-26T22:20:00+00:00,16365.75,16369.45,16363.3,16367.4,16359.8,16371.7,16365.9,16373,16356.8,16369.8,16362.3,16372.5,10.2,59
2026-07-26T22:25:00+00:00,16367.4,16367.7,16367.35,16367.65,16362.4,16372.4,16362.9,16372.5,16362.3,16372.4,16362.8,16372.5,9.7,10
2026-07-26T22:30:00+00:00,16367.7,16367.8,16364.7,16364.7,16363,16372.4,16363.1,16372.5,16358.2,16371.2,16358.2,16371.2,13,16
2026-07-26T22:35:00+00:00,16366.1,16367.8,16364.6,16367.25,16359.7,16372.5,16363.1,16372.5,16358.1,16371.1,16362,16372.5,10.5,23
2026-07-26T22:40:00+00:00,16368.55,16368.55,16368.25,16368.35,16364.7,16372.4,16364.7,16372.4,16364.3,16372.2,16364.5,16372.2,7.7,14
2026-07-26T22:45:00+00:00,16368.1,16368.75,16362.3,16363.7,16364.1,16372.1,16365,16372.5,16355.8,16368.8,16357.4,16370,12.6,36
2026-07-26T22:50:00+00:00,16363.5,16363.5,16361.4,16363.3,16357.5,16369.5,16357.5,16369.5,16355.4,16367.4,16357.3,16369.3,12,99
2026-07-26T22:55:00+00:00,16363.4,16364.7,16363.3,16364.7,16357.4,16369.4,16358.7,16370.7,16357.3,16369.3,16358.7,16370.7,12,107
2026-07-26T23:00:00+00:00,16365.25,16367.5,16358.45,16360.15,16359.3,16371.2,16361.8,16373.2,16355.4,16361.5,16356.9,16363.4,6.5,313
2026-07-26T23:05:00+00:00,16360.15,16360.5,16355.85,16358.75,16357.4,16362.9,16358.1,16362.9,16354,16357.7,16356.7,16360.8,4.1,210
2026-07-26T23:10:00+00:00,16358.9,16368.7,16358.5,16366.4,16356.6,16361.2,16367.6,16369.8,16356.4,16360.6,16365.4,16367.4,2,335
2026-07-26T23:15:00+00:00,16366.5,16367.6,16365.8,16367.1,16365.5,16367.5,16366.6,16368.6,16364.8,16366.8,16366.1,16368.1,2,251
2026-07-26T23:20:00+00:00,16367.25,16369.5,16365.95,16369.4,16366.3,16368.2,16368.6,16370.4,16365,16366.9,16368.6,16370.2,1.6,239
2026-07-26T23:25:00+00:00,16369.5,16371.5,16368.95,16370.15,16368.7,16370.3,16370.6,16372.4,16368.1,16369.8,16369.3,16371,1.7,202
2026-07-26T23:30:00+00:00,16370.3,16370.3,16367.75,16367.9,16369.5,16371.1,16369.5,16371.1,16366.9,16368.6,16367,16368.8,1.8,201
2026-07-26T23:35:00+00:00,16367.75,16370.6,16367.5,16370.1,16366.8,16368.7,16369.6,16371.6,16366.5,16368.5,16369.1,16371.1,2,173
2026-07-26T23:40:00+00:00,16370.05,16370.2,16368.15,16368.85,16368.9,16371.2,16369.2,16371.2,16367.3,16369,16367.8,16369.9,2.1,100
2026-07-26T23:45:00+00:00,16368.75,16369.2,16367.9,16369.05,16367.7,16369.8,16368.1,16370.3,16367,16368.8,16368.1,16370,1.9,185
2026-07-26T23:50:00+00:00,16368.95,16369.5,16368.05,16369,16368,16369.9,16368.5,16370.5,16367.2,16368.9,16368.1,16369.9,1.8,148
2026-07-26T23:55:00+00:00,16369,16370.8,16369,16370.2,16368,16370,16369.9,16371.7,16368,16370,16369.4,16371,1.6,91
2026-07-27T00:00:00+00:00,16370.3,16370.5,16367.75,16368.25,16369.5,16371.1,16369.7,16371.3,16366.9,16368.6,16367.4,16369.1,1.7,182
2026-07-27T00:05:00+00:00,16368.15,16368.55,16366.95,16367.35,16367.3,16369,16367.9,16369.2,16366.3,16367.6,16366.4,16368.3,1.9,134
2026-07-27T00:10:00+00:00,16367.35,16368.8,16367.35,16368.1,16366.5,16368.2,16368.3,16369.3,16366.5,16368.2,16367.6,16368.6,1,122
2026-07-27T00:15:00+00:00,16367.9,16368.3,16366.7,16367.9,16367.4,16368.4,16367.8,16368.8,16366.2,16367.2,16367.4,16368.4,1,88
2026-07-27T00:20:00+00:00,16368,16368.4,16367.7,16368.2,16367.5,16368.5,16367.9,16368.9,16367.2,16368.2,16367.7,16368.7,1,61
2026-07-27T00:25:00+00:00,16368.3,16368.5,16367.8,16368,16367.8,16368.8,16368,16369,16367.3,16368.3,16367.5,16368.5,1,69
2026-07-27T00:30:00+00:00,16367.9,16368.2,16365.8,16366.9,16367.4,16368.4,16367.7,16368.7,16365.3,16366.3,16366.4,16367.4,1,111
2026-07-27T00:35:00+00:00,16366.8,16366.9,16364.4,16365.6,16366.3,16367.3,16366.4,16367.4,16363.9,16364.9,16365.1,16366.1,1,146
2026-07-27T00:40:00+00:00,16365.7,16366.4,16364.5,16366.3,16365.2,16366.2,16365.9,16366.9,16364,16365,16365.8,16366.8,1,200
2026-07-27T00:45:00+00:00,16366.2,16367.2,16364.7,16365.2,16365.7,16366.7,16366.7,16367.7,16364.2,16365.2,16364.7,16365.7,1,257
2026-07-27T00:50:00+00:00,16365.1,16366.2,16364.6,16365.5,16364.6,16365.6,16365.7,16366.7,16364.1,16365.1,16365,16366,1,164
2026-07-27T00:55:00+00:00,16365.6,16365.7,16360.6,16361.8,16365.1,16366.1,16365.2,16366.2,16360.1,16361.1,16361.3,16362.3,1,164
2026-07-27T01:00:00+00:00,16361.9,16361.9,16355.5,16355.6,16361.4,16362.4,16361.4,16362.4,16355,16356,16355.1,16356.1,1,333
2026-07-27T01:05:00+00:00,16355.9,16360.6,16355.8,16358.1,16355.4,16356.4,16360.1,16361.1,16355.3,16356.3,16357.6,16358.6,1,293
2026-07-27T01:10:00+00:00,16358,16359.7,16353.6,16354.3,16357.5,16358.5,16359.2,16360.2,16353.1,16354.1,16353.8,16354.8,1,356
2026-07-27T01:15:00+00:00,16354.4,16356.8,16352.9,16355.3,16353.9,16354.9,16356.3,16357.3,16352.4,16353.4,16354.8,16355.8,1,358
2026-07-27T01:20:00+00:00,16355.2,16359.3,16355.1,16356.8,16354.7,16355.7,16358.8,16359.8,16354.6,16355.6,16356.3,16357.3,1,376
2026-07-27T01:25:00+00:00,16356.9,16357,16353.5,16353.9,16356.4,16357.4,16356.5,16357.5,16353,16354,16353.4,16354.4,1,424
2026-07-27T01:30:00+00:00,16354,16354.1,16352.2,16353.8,16353.5,16354.5,16353.6,16354.6,16351.7,16352.7,16353.3,16354.3,1,358
2026-07-27T01:35:00+00:00,16353.7,16359.5,16353.7,16359.2,16353.2,16354.2,16359,16360,16353.2,16354.2,16358.7,16359.7,1,308
2026-07-27T01:40:00+00:00,16359.3,16359.6,16356.5,16357.1,16358.8,16359.8,16359.1,16360.1,16356,16357,16356.6,16357.6,1,237
2026-07-27T01:45:00+00:00,16357,16361.1,16355.8,16359.8,16356.5,16357.5,16360.6,16361.6,16355.3,16356.3,16359.3,16360.3,1,230
2026-07-27T01:50:00+00:00,16359.7,16365.9,16359.2,16365.1,16359.2,16360.2,16365.2,16366.6,16358.7,16359.7,16364.6,16365.6,1,389
2026-07-27T01:55:00+00:00,16364.9,16365.1,16361.3,16363.8,16364.4,16365.4,16364.6,16365.6,16360.8,16361.8,16363.3,16364.3,1,246
2026-07-27T02:00:00+00:00,16363.5,16364.2,16361.1,16361.8,16363,16364,16363.7,16364.7,16360.6,16361.6,16361.3,16362.3,1,180
2026-07-27T02:05:00+00:00,16361.7,16361.8,16358.3,16358.8,16361.2,16362.2,16361.3,16362.3,16357.8,16358.8,16358.3,16359.3,1,178
2026-07-27T02:10:00+00:00,16358.9,16359.1,16355.9,16356.3,16358.4,16359.4,16358.6,16359.6,16355.4,16356.4,16355.8,16356.8,1,274
2026-07-27T02:15:00+00:00,16356.6,16358.6,16354.9,16358,16356.1,16357.1,16358.1,16359.1,16354.4,16355.4,16357.5,16358.5,1,268
2026-07-27T02:20:00+00:00,16358.1,16358.7,16356.2,16356.7,16357.6,16358.6,16358.2,16359.2,16355.7,16356.7,16356.2,16357.2,1,240
2026-07-27T02:25:00+00:00,16356.6,16358.1,16356.1,16356.9,16356.1,16357.1,16357.6,16358.6,16355.6,16356.6,16356.4,16357.4,1,235
2026-07-27T02:30:00+00:00,16356.8,16356.8,16353.3,16355,16356.3,16357.3,16356.3,16357.3,16352.8,16353.8,16354.5,16355.5,1,250
2026-07-27T02:35:00+00:00,16355.1,16358.2,16355,16357.8,16354.6,16355.6,16357.7,16358.7,16354.5,16355.5,16357.3,16358.3,1,171
2026-07-27T02:40:00+00:00,16357.9,16358.2,16354.9,16355,16357.4,16358.4,16357.7,16358.7,16354.4,16355.4,16354.5,16355.5,1,205
2026-07-27T02:45:00+00:00,16355.1,16356.4,16354.3,16354.5,16354.6,16355.6,16355.9,16356.9,16353.8,16354.8,16354,16355,1,250
2026-07-27T02:50:00+00:00,16354.4,16356.7,16353.8,16355.7,16353.9,16354.9,16356.2,16357.2,16353.3,16354.3,16355.2,16356.2,1,196
2026-07-27T02:55:00+00:00,16355.8,16355.8,16348.5,16348.5,16355.3,16356.3,16355.3,16356.3,16348,16349,16348,16349,1,244
2026-07-27T03:00:00+00:00,16348.4,16351.6,16345.6,16351.4,16347.9,16348.9,16351.1,16352.1,16345.1,16346.1,16350.9,16351.9,1,252
2026-07-27T03:05:00+00:00,16351.5,16353.4,16351.1,16352.4,16351,16352,16352.9,16353.9,16350.6,16351.6,16351.9,16352.9,1,189
2026-07-27T03:10:00+00:00,16352.7,16355.4,16350.9,16354.6,16352.2,16353.2,16354.9,16355.9,16350.4,16351.4,16354.1,16355.1,1,288
2026-07-27T03:15:00+00:00,16354.5,16355.3,16352.8,16354.9,16354,16355,16354.8,16355.8,16352.3,16353.3,16354.4,16355.4,1,265
2026-07-27T03:20:00+00:00,16354.8,16355.8,16352.8,16353.8,16354.3,16355.3,16355.3,16356.3,16352.3,16353.3,16353.3,16354.3,1,243
2026-07-27T03:25:00+00:00,16353.9,16353.9,16351.3,16352.1,16353.4,16354.4,16353.4,16354.4,16350.8,16351.8,16351.6,16352.6,1,193
2026-07-27T03:30:00+00:00,16352,16354.4,16352,16352.8,16351.5,16352.5,16353.9,16354.9,16351.5,16352.5,16352.3,16353.3,1,249
2026-07-27T03:35:00+00:00,16352.9,16353,16350.2,16352.8,16352.4,16353.4,16352.5,16353.5,16349.7,16350.7,16352.3,16353.3,1,200
2026-07-27T03:40:00+00:00,16352.7,16354.9,16351.5,16353.6,16352.2,16353.2,16354.4,16355.4,16351,16352,16353.1,16354.1,1,217
2026-07-27T03:45:00+00:00,16353.7,16356.5,16353,16355.4,16353.2,16354.2,16356,16357,16352.5,16353.5,16354.9,16355.9,1,179
2026-07-27T03:50:00+00:00,16355.3,16356.5,16354.9,16356,16354.8,16355.8,16356,16357,16354.4,16355.4,16355.5,16356.5,1,196
2026-07-27T03:55:00+00:00,16356.1,16358.5,16355.9,16358.2,16355.6,16356.6,16358,16359,16355.4,16356.4,16357.7,16358.7,1,178
2026-07-27T04:00:00+00:00,16358.3,16358.5,16356,16356.8,16357.8,16358.8,16358,16359,16355.5,16356.5,16356.3,16357.3,1,200
2026-07-27T04:05:00+00:00,16356.9,16358,16356.5,16357.6,16356.4,16357.4,16357.5,16358.5,16356,16357,16357.1,16358.1,1,137
2026-07-27T04:10:00+00:00,16357.8,16359.8,16357.6,16359.6,16357.3,16358.3,16359.3,16360.3,16357.1,16358.1,16359.1,16360.1,1,132
2026-07-27T04:15:00+00:00,16359.7,16359.7,16357.8,16359.1,16359.2,16360.2,16359.2,16360.2,16357.3,16358.3,16358.6,16359.6,1,113
2026-07-27T04:20:00+00:00,16359,16360.5,16358.7,16359.6,16358.5,16359.5,16360,16361,16358.2,16359.2,16359.1,16360.1,1,114
2026-07-27T04:25:00+00:00,16359.5,16359.7,16357.4,16359.4,16359,16360,16359.2,16360.2,16356.9,16357.9,16358.9,16359.9,1,125
2026-07-27T04:30:00+00:00,16359.5,16362,16359.5,16360.9,16359,16360,16361.5,16362.5,16359,16360,16360.4,16361.4,1,176
2026-07-27T04:35:00+00:00,16360.8,16361.2,16359.3,16359.9,16360.3,16361.3,16360.7,16361.7,16358.8,16359.8,16359.4,16360.4,1,127
2026-07-27T04:40:00+00:00,16360,16360.8,16358.8,16360.2,16359.5,16360.5,16360.3,16361.3,16358.3,16359.3,16359.7,16360.7,1,126
2026-07-27T04:45:00+00:00,16360.1,16360.3,16357.5,16359.1,16359.6,16360.6,16359.8,16360.8,16357,16358,16358.6,16359.6,1,125
2026-07-27T04:50:00+00:00,16359,16359.1,16356.2,16357.3,16358.5,16359.5,16358.6,16359.6,16355.7,16356.7,16356.8,16357.8,1,86
2026-07-27T04:55:00+00:00,16357.4,16357.6,16356.7,16357.3,16356.9,16357.9,16357.1,16358.1,16356.2,16357.2,16356.8,16357.8,1,86
2026-07-27T05:00:00+00:00,16357.2,16357.3,16355.5,16355.9,16356.7,16357.7,16356.8,16357.8,16355,16356,16355.4,16356.4,1,96
2026-07-27T05:05:00+00:00,16356,16356.3,16354.7,16356.2,16355.5,16356.5,16355.8,16356.8,16354.2,16355.2,16355.7,16356.7,1,85
2026-07-27T05:10:00+00:00,16356.4,16357.6,16356.3,16356.4,16355.9,16356.9,16357.1,16358.1,16355.8,16356.8,16355.9,16356.9,1,56
2026-07-27T05:15:00+00:00,16356.5,16356.7,16355.2,16355.7,16356,16357,16356.2,16357.2,16354.7,16355.7,16355.2,16356.2,1,127
2026-07-27T05:20:00+00:00,16355.6,16356.8,16355.2,16356.7,16355.1,16356.1,16356.3,16357.3,16354.7,16355.7,16356.2,16357.2,1,122
2026-07-27T05:25:00+00:00,16356.6,16359.1,16356.5,16357.4,16356.1,16357.1,16358.6,16359.6,16356,16357,16356.9,16357.9,1,91
2026-07-27T05:30:00+00:00,16357.5,16359.6,16357.4,16358.4,16357,16358,16359.1,16360.1,16356.9,16357.9,16357.9,16358.9,1,91
2026-07-27T05:35:00+00:00,16358.3,16359.6,16358.2,16359.3,16357.8,16358.8,16359.1,16360.1,16357.7,16358.7,16358.8,16359.8,1,80
2026-07-27T05:40:00+00:00,16359.2,16359.2,16357.6,16358.6,16358.7,16359.7,16358.7,16359.7,16357.1,16358.1,16358.1,16359.1,1,102
2026-07-27T05:45:00+00:00,16358.7,16359,16357.8,16358.9,16358.2,16359.2,16358.5,16359.5,16357.3,16358.3,16358.4,16359.4,1,86
2026-07-27T05:50:00+00:00,16358.8,16359.7,16358.6,16358.9,16358.3,16359.3,16359.2,16360.2,16358.1,16359.1,16358.4,16359.4,1,87
2026-07-27T05:55:00+00:00,16359,16359,16357.6,16357.8,16358.5,16359.5,16358.5,16359.5,16357.1,16358.1,16357.3,16358.3,1,119
2026-07-27T06:00:00+00:00,16357.9,16359.9,16357.8,16358.7,16357.4,16358.4,16359.4,16360.4,16357.3,16358.3,16358.2,16359.2,1,141
2026-07-27T06:05:00+00:00,16358.6,16359.4,16356.9,16357.4,16358.1,16359.1,16358.9,16359.9,16356.4,16357.4,16356.9,16357.9,1,112
2026-07-27T06:10:00+00:00,16357.3,16357.6,16356.2,16356.9,16356.8,16357.8,16357.1,16358.1,16355.7,16356.7,16356.4,16357.4,1,101
2026-07-27T06:15:00+00:00,16357,16358.5,16356.8,16357.1,16356.5,16357.5,16358,16359,16356.3,16357.3,16356.6,16357.6,1,484
2026-07-27T06:20:00+00:00,16357.2,16358.7,16356.7,16357.8,16356.7,16357.7,16358.2,16359.2,16356.2,16357.2,16357.3,16358.3,1,1104
2026-07-27T06:25:00+00:00,16357.7,16359,16356.2,16356.9,16357.2,16358.2,16358.5,16359.5,16355.7,16356.7,16356.4,16357.4,1,1142
2026-07-27T06:30:00+00:00,16357,16358.1,16355.7,16357.1,16356.5,16357.5,16357.6,16358.6,16355.2,16356.2,16356.6,16357.6,1,1113
2026-07-27T06:35:00+00:00,16357,16358.3,16356.3,16357,16356.5,16357.5,16357.8,16358.8,16355.8,16356.8,16356.5,16357.5,1,1161
2026-07-27T06:40:00+00:00,16357.1,16360.2,16356.4,16359.9,16356.6,16357.6,16359.7,16360.7,16355.9,16356.9,16359.4,16360.4,1,1141
2026-07-27T06:45:00+00:00,16359.8,16361.2,16358.9,16360.1,16359.3,16360.3,16360.7,16361.7,16358.4,16359.4,16359.6,16360.6,1,163
2026-07-27T06:50:00+00:00,16360.2,16361.1,16359,16359.3,16359.7,16360.7,16360.6,16361.6,16358.5,16359.5,16358.8,16359.8,1,104
2026-07-27T06:55:00+00:00,16359.4,16360.4,16358.4,16359.2,16358.9,16359.9,16359.9,16360.9,16357.9,16358.9,16358.7,16359.7,1,167
2026-07-27T07:00:00+00:00,16359.1,16360.6,16355.8,16356.6,16358.6,16359.6,16360.1,16361.1,16355.3,16356.3,16356.1,16357.1,1,258
2026-07-27T07:05:00+00:00,16356.9,16357.7,16355.6,16356,16356.4,16357.4,16357.2,16358.2,16355.1,16356.1,16355.5,16356.5,1,170
2026-07-27T07:10:00+00:00,16356.1,16356.2,16353.2,16353.3,16355.6,16356.6,16355.7,16356.7,16352.7,16353.7,16352.8,16353.8,1,136
2026-07-27T07:15:00+00:00,16353.1,16355.9,16352.2,16355.9,16352.6,16353.6,16355.4,16356.4,16351.7,16352.7,16355.4,16356.4,1,216
2026-07-27T07:20:00+00:00,16356,16356.1,16353.6,16356,16355.5,16356.5,16355.6,16356.6,16353.1,16354.1,16355.5,16356.5,1,169
2026-07-27T07:25:00+00:00,16356.2,16356.2,16354.2,16355.8,16355.7,16356.7,16355.7,16356.7,16353.7,16354.7,16355.3,16356.3,1,167
2026-07-27T07:30:00+00:00,16355.9,16358.6,16355.2,16357.4,16355.4,16356.4,16358.1,16359.1,16354.7,16355.7,16356.9,16357.9,1,181
2026-07-27T07:35:00+00:00,16357.6,16358.6,16354.8,16354.9,16357.1,16358.1,16358.1,16359.1,16354.3,16355.3,16354.4,16355.4,1,145
2026-07-27T07:40:00+00:00,16354.8,16356.1,16351.9,16353.3,16354.3,16355.3,16355.6,16356.6,16351.4,16352.4,16352.8,16353.8,1,179
2026-07-27T07:45:00+00:00,16353,16355.3,16353,16353.8,16352.5,16353.5,16354.8,16355.8,16352.5,16353.5,16353.3,16354.3,1,195
2026-07-27T07:50:00+00:00,16354.3,16355.1,16352.7,16354.2,16353.8,16354.8,16354.6,16355.6,16352.2,16353.2,16353.7,16354.7,1,164
2026-07-27T07:55:00+00:00,16354.1,16355.4,16351.5,16351.8,16353.6,16354.6,16354.9,16355.9,16351,16352,16351.3,16352.3,1,198
2026-07-27T08:00:00+00:00,16352.5,16354.3,16348.5,16352.6,16352,16353,16353.8,16354.8,16348,16349,16352.1,16353.1,1,256
2026-07-27T08:05:00+00:00,16352.5,16352.9,16350.3,16351.2,16352,16353,16352.4,16353.4,16349.8,16350.8,16350.7,16351.7,1,223
2026-07-27T08:10:00+00:00,16351.3,16354.1,16347.4,16347.4,16350.8,16351.8,16353.6,16354.6,16346.9,16347.9,16346.9,16347.9,1,319
2026-07-27T08:15:00+00:00,16347.3,16349.9,16346.8,16348,16346.8,16347.8,16349.4,16350.4,16346.3,16347.3,16347.5,16348.5,1,327
2026-07-27T08:20:00+00:00,16348.1,16348.4,16336.1,16341.9,16347.6,16348.6,16347.9,16348.9,16335.6,16336.6,16341.4,16342.4,1,518
2026-07-27T08:25:00+00:00,16342,16342.1,16333.3,16333.9,16341.5,16342.5,16341.6,16342.6,16332.8,16333.8,16333.4,16334.4,1,448
2026-07-27T08:30:00+00:00,16333.8,16341.1,16333.2,16340.6,16333.3,16334.3,16340.6,16341.6,16332.7,16333.7,16340.1,16341.1,1,360
2026-07-27T08:35:00+00:00,16340.5,16344.9,16339,16344.9,16340,16341,16344.4,16345.4,16338.5,16339.5,16344.4,16345.4,1,268
2026-07-27T08:40:00+00:00,16345,16347.6,16343.5,16345.8,16344.5,16345.5,16347.1,16348.1,16343,16344,16345.3,16346.3,1,342
2026-07-27T08:45:00+00:00,16345.9,16346.4,16344.1,16344.9,16345.4,16346.4,16345.9,16346.9,16343.6,16344.6,16344.4,16345.4,1,325
2026-07-27T08:50:00+00:00,16345,16347.8,16344.6,16347.4,16344.5,16345.5,16347.3,16348.3,16344.1,16345.1,16346.9,16347.9,1,266
2026-07-27T08:55:00+00:00,16347.3,16352.4,16347,16352.3,16346.8,16347.8,16351.9,16352.9,16346.5,16347.5,16351.8,16352.8,1,304
2026-07-27T09:00:00+00:00,16352.2,16353.1,16350.7,16352,16351.7,16352.7,16352.6,16353.6,16350.2,16351.2,16351.5,16352.5,1,198
2026-07-27T09:05:00+00:00,16352.1,16352.8,16349.1,16351.6,16351.6,16352.6,16352.3,16353.3,16348.6,16349.6,16351.1,16352.1,1,262
2026-07-27T09:10:00+00:00,16351.4,16354.4,16350.8,16352.9,16350.9,16351.9,16353.9,16354.9,16350.3,16351.3,16352.4,16353.4,1,302
2026-07-27T09:15:00+00:00,16353,16354.2,16352,16353.9,16352.5,16353.5,16353.7,16354.7,16351.5,16352.5,16353.4,16354.4,1,236
2026-07-27T09:20:00+00:00,16354,16355.4,16352.4,16354,16353.5,16354.5,16354.9,16355.9,16351.9,16352.9,16353.5,16354.5,1,278
2026-07-27T09:25:00+00:00,16354.1,16355.2,16353.2,16354.6,16353.6,16354.6,16354.7,16355.7,16352.7,16353.7,16354.1,16355.1,1,284
2026-07-27T09:30:00+00:00,16354.5,16356.1,16353.9,16356,16354,16355,16355.6,16356.6,16353.4,16354.4,16355.5,16356.5,1,223
2026-07-27T09:35:00+00:00,16355.9,16356,16353.5,16354.4,16355.4,16356.4,16355.5,16356.5,16353,16354,16353.9,16354.9,1,238
2026-07-27T09:40:00+00:00,16354.5,16354.6,16350.7,16352.8,16354,16355,16354.1,16355.1,16350.2,16351.2,16352.3,16353.3,1,248
2026-07-27T09:45:00+00:00,16352.7,16355.1,16352.6,16354.3,16352.2,16353.2,16354.6,16355.6,16352.1,16353.1,16353.8,16354.8,1,187
2026-07-27T09:50:00+00:00,16354.2,16355,16351.1,16351.3,16353.7,16354.7,16354.5,16355.5,16350.6,16351.6,16350.8,16351.8,1,218
2026-07-27T09:55:00+00:00,16351.4,16352.6,16350.8,16352.5,16350.9,16351.9,16352.1,16353.1,16350.3,16351.3,16352,16353,1,253
2026-07-27T10:00:00+00:00,16352.4,16353.7,16349.6,16350.4,16351.9,16352.9,16353.2,16354.2,16349.1,16350.1,16349.9,16350.9,1,171
2026-07-27T10:05:00+00:00,16350.5,16352.6,16350.4,16351.2,16350,16351,16352.1,16353.1,16349.9,16350.9,16350.7,16351.7,1,239
2026-07-27T10:10:00+00:00,16351.3,16358.2,16350.6,16357.6,16350.8,16351.8,16357.7,16358.7,16350.1,16351.1,16357.1,16358.1,1,296
2026-07-27T10:15:00+00:00,16357.7,16360.7,16357.3,16360.2,16357.2,16358.2,16360.2,16361.2,16356.8,16357.8,16359.7,16360.7,1,302
2026-07-27T10:20:00+00:00,16360.3,16360.5,16356.8,16356.8,16359.8,16360.8,16360,16361,16356.3,16357.3,16356.3,16357.3,1,243
2026-07-27T10:25:00+00:00,16356.7,16357.8,16354,16357.3,16356.2,16357.2,16357.3,16358.3,16353.5,16354.5,16356.8,16357.8,1,346
2026-07-27T10:30:00+00:00,16357.2,16359.4,16357,16358,16356.7,16357.7,16358.9,16359.9,16356.5,16357.5,16357.5,16358.5,1,336
2026-07-27T10:35:00+00:00,16357.9,16358.1,16356.3,16357.1,16357.4,16358.4,16357.6,16358.6,16355.8,16356.8,16356.6,16357.6,1,211
2026-07-27T10:40:00+00:00,16357,16357.4,16355.2,16355.6,16356.5,16357.5,16356.9,16357.9,16354.7,16355.7,16355.1,16356.1,1,251
2026-07-27T10:45:00+00:00,16355.5,16357.5,16354.9,16355.4,16355,16356,16357,16358,16354.4,16355.4,16354.9,16355.9,1,227
2026-07-27T10:50:00+00:00,16355.1,16355.5,16352.5,16353.2,16354.6,16355.6,16355,16356,16352,16353,16352.7,16353.7,1,245
2026-07-27T10:55:00+00:00,16353.1,16354,16351,16354,16352.6,16353.6,16353.5,16354.5,16350.5,16351.5,16353.5,16354.5,1,177
2026-07-27T11:00:00+00:00,16354.1,16355.3,16353.8,16354,16353.6,16354.6,16354.8,16355.8,16353.3,16354.3,16353.5,16354.5,1,180
2026-07-27T11:05:00+00:00,16354.1,16357.7,16354,16357.1,16353.6,16354.6,16357.2,16358.2,16353.5,16354.5,16356.6,16357.6,1,198
2026-07-27T11:10:00+00:00,16357.2,16360,16355.7,16356.5,16356.7,16357.7,16359.5,16360.5,16355.2,16356.2,16356,16357,1,335
2026-07-27T11:15:00+00:00,16356.4,16356.6,16353.3,16354.8,16355.9,16356.9,16356.1,16357.1,16352.8,16353.8,16354.3,16355.3,1,255
2026-07-27T11:20:00+00:00,16354.6,16356.1,16354,16354.2,16354.1,16355.1,16355.6,16356.6,16353.5,16354.5,16353.7,16354.7,1,224
2026-07-27T11:25:00+00:00,16354.3,16355.8,16353.4,16355.6,16353.8,16354.8,16355.3,16356.3,16352.9,16353.9,16355.1,16356.1,1,221
2026-07-27T11:30:00+00:00,16355.2,16356.9,16354.7,16356,16354.7,16355.7,16356.4,16357.4,16354.2,16355.2,16355.5,16356.5,1,300
2026-07-27T11:35:00+00:00,16355.9,16357.6,16355.7,16357.4,16355.4,16356.4,16357.1,16358.1,16355.2,16356.2,16356.9,16357.9,1,236
2026-07-27T11:40:00+00:00,16357.5,16357.7,16354.9,16356.3,16357,16358,16357.2,16358.2,16354.4,16355.4,16355.8,16356.8,1,229
2026-07-27T11:45:00+00:00,16356.4,16357.9,16356.2,16356.8,16355.9,16356.9,16357.4,16358.4,16355.7,16356.7,16356.3,16357.3,1,196
2026-07-27T11:50:00+00:00,16356.7,16358.9,16356.6,16358,16356.2,16357.2,16358.4,16359.4,16356.1,16357.1,16357.5,16358.5,1,195
2026-07-27T11:55:00+00:00,16357.9,16360.4,16356.9,16359.3,16357.4,16358.4,16359.9,16360.9,16356.4,16357.4,16358.8,16359.8,1,193
2026-07-27T12:00:00+00:00,16359.7,16361.9,16359.3,16360.6,16359.2,16360.2,16361.4,16362.4,16358.8,16359.8,16360.1,16361.1,1,269
2026-07-27T12:05:00+00:00,16360.7,16364.4,16360.7,16362.3,16360.2,16361.2,16363.9,16364.9,16360.2,16361.2,16361.8,16362.8,1,245
2026-07-27T12:10:00+00:00,16362.5,16364.4,16362.4,16363.9,16362,16363,16363.9,16364.9,16361.9,16362.9,16363.4,16364.4,1,226
2026-07-27T12:15:00+00:00,16363.8,16363.9,16361,16362.6,16363.3,16364.3,16363.4,16364.4,16360.5,16361.5,16362.1,16363.1,1,174
2026-07-27T12:20:00+00:00,16362.7,16363.7,16361.3,16363.7,16362.2,16363.2,16363.2,16364.2,16360.8,16361.8,16363.2,16364.2,1,131
2026-07-27T12:25:00+00:00,16363.8,16364.6,16361.1,16364.6,16363.3,16364.3,16364.1,16365.1,16360.6,16361.6,16364.1,16365.1,1,169
2026-07-27T12:30:00+00:00,16365.3,16365.3,16361.2,16362.2,16364.8,16365.8,16364.8,16365.8,16360.7,16361.7,16361.7,16362.7,1,261
2026-07-27T12:35:00+00:00,16362.3,16362.4,16359.7,16360.2,16361.8,16362.8,16361.9,16362.9,16359.2,16360.2,16359.7,16360.7,1,188
2026-07-27T12:40:00+00:00,16360.1,16360.8,16357.9,16360.3,16359.6,16360.6,16360.3,16361.3,16357.4,16358.4,16359.8,16360.8,1,206
2026-07-27T12:45:00+00:00,16360.2,16363,16359.8,16361.9,16359.7,16360.7,16362.5,16363.5,16359.3,16360.3,16361.4,16362.4,1,220
2026-07-27T12:50:00+00:00,16362,16364.6,16361.8,16363.8,16361.5,16362.5,16364.1,16365.1,16361.3,16362.3,16363.3,16364.3,1,194
2026-07-27T12:55:00+00:00,16363.7,16364.8,16363.6,16364.6,16363.2,16364.2,16364.3,16365.3,16363.1,16364.1,16364.1,16365.1,1,166
2026-07-27T13:00:00+00:00,16364.5,16366.1,16363.4,16365.1,16364,16365,16365.6,16366.6,16362.9,16363.9,16364.6,16365.6,1,176
2026-07-27T13:05:00+00:00,16365.3,16365.7,16363.1,16363.6,16364.8,16365.8,16365.2,16366.2,16362.6,16363.6,16363.1,16364.1,1,141
2026-07-27T13:10:00+00:00,16363.9,16368.5,16363.7,16368.1,16363.4,16364.4,16368,16369,16363.2,16364.2,16367.6,16368.6,1,292
2026-07-27T13:15:00+00:00,16368,16369.4,16366.8,16367.35,16367.5,16368.5,16368.9,16369.9,16366.3,16367.3,16367,16367.7,0.7,203
2026-07-27T13:20:00+00:00,16367.65,16368.4,16366.4,16366.7,16367.3,16368,16367.9,16368.9,16365.9,16366.9,16366.2,16367.2,1,180
2026-07-27T13:25:00+00:00,16366.5,16367.3,16365.1,16367.1,16366,16367,16366.8,16367.8,16364.6,16365.6,16366.6,16367.6,1,96
2026-07-27T13:30:00+00:00,16366.8,16367.8,16365.3,16366.8,16366.3,16367.3,16367.3,16368.3,16364.8,16365.8,16366.3,16367.3,1,175
2026-07-27T13:35:00+00:00,16366.5,16369.9,16366.2,16369.6,16366,16367,16369.4,16370.4,16365.7,16366.7,16369.1,16370.1,1,189
2026-07-27T13:40:00+00:00,16369.7,16370.9,16368.7,16369.2,16369.2,16370.2,16370.4,16371.4,16368.2,16369.2,16368.7,16369.7,1,172
2026-07-27T13:45:00+00:00,16369.3,16369.6,16367.4,16369.3,16368.8,16369.8,16369.1,16370.1,16366.9,16367.9,16368.8,16369.8,1,131
2026-07-27T13:50:00+00:00,16369.4,16369.9,16367.7,16368.8,16368.9,16369.9,16369.4,16370.4,16367.2,16368.2,16368.3,16369.3,1,197
2026-07-27T13:55:00+00:00,16368.6,16369.8,16367.6,16369.3,16368.1,16369.1,16369.3,16370.3,16367.1,16368.1,16368.8,16369.8,1,157
2026-07-27T14:00:00+00:00,16369.4,16369.9,16368.2,16369.3,16368.9,16369.9,16369.4,16370.4,16367.7,16368.7,16368.8,16369.8,1,288
2026-07-27T14:05:00+00:00,16369.4,16370.3,16368,16368.1,16368.9,16369.9,16369.8,16370.8,16367.5,16368.5,16367.6,16368.6,1,187
2026-07-27T14:10:00+00:00,16368,16368.9,16365.7,16366.8,16367.5,16368.5,16368.4,16369.4,16365.2,16366.2,16366.3,16367.3,1,201
2026-07-27T14:15:00+00:00,16366.7,16368.5,16366.1,16367.8,16366.2,16367.2,16368,16369,16365.6,16366.6,16367.3,16368.3,1,161
2026-07-27T14:20:00+00:00,16367.7,16369.9,16367.7,16368.8,16367.2,16368.2,16369.4,16370.4,16367.2,16368.2,16368.3,16369.3,1,134
2026-07-27T14:25:00+00:00,16368.7,16372,16368.2,16370.5,16368.2,16369.2,16371.5,16372.5,16367.7,16368.7,16370,16371,1,195
2026-07-27T14:30:00+00:00,16370.6,16372.1,16368.1,16370.9,16370.1,16371.1,16371.6,16372.6,16367.6,16368.6,16370.4,16371.4,1,283
2026-07-27T14:35:00+00:00,16370.8,16372.6,16370.1,16371.2,16370.3,16371.3,16372.1,16373.1,16369.6,16370.6,16370.7,16371.7,1,205
2026-07-27T14:40:00+00:00,16371.3,16371.7,16370,16370.4,16370.8,16371.8,16371.2,16372.2,16369.5,16370.5,16369.9,16370.9,1,180
2026-07-27T14:45:00+00:00,16370.3,16371.7,16369.6,16369.9,16369.8,16370.8,16371.2,16372.2,16369.1,16370.1,16369.4,16370.4,1,146
2026-07-27T14:50:00+00:00,16370,16372.9,16369.9,16372.3,16369.5,16370.5,16372.4,16373.4,16369.4,16370.4,16371.8,16372.8,1,216
2026-07-27T14:55:00+00:00,16372.2,16376.4,16372,16374.6,16371.7,16372.7,16375.9,16376.9,16371.5,16372.5,16374.1,16375.1,1,220
2026-07-27T15:00:00+00:00,16375,16377.2,16372.9,16375,16374.5,16375.5,16376.7,16377.7,16372.4,16373.4,16374.5,16375.5,1,265
2026-07-27T15:05:00+00:00,16375.1,16375.1,16372.5,16373.1,16374.6,16375.6,16374.6,16375.6,16372,16373,16372.6,16373.6,1,175
2026-07-27T15:10:00+00:00,16373,16373.9,16371.6,16372.6,16372.5,16373.5,16373.4,16374.4,16371.1,16372.1,16372.1,16373.1,1,264
2026-07-27T15:15:00+00:00,16372.7,16375.2,16372.6,16374.7,16372.2,16373.2,16374.7,16375.7,16372.1,16373.1,16374.2,16375.2,1,239
2026-07-27T15:20:00+00:00,16374.8,16375.7,16373.2,16373.8,16374.3,16375.3,16375.2,16376.2,16372.7,16373.7,16373.3,16374.3,1,262
2026-07-27T15:25:00+00:00,16373.9,16376.2,16373.8,16376.2,16373.4,16374.4,16375.7,16376.7,16373.3,16374.3,16375.7,16376.7,1,305
2026-07-27T15:30:00+00:00,16376.1,16376.3,16374.3,16375.3,16375.6,16376.6,16375.8,16376.8,16373.8,16374.8,16374.8,16375.8,1,295
2026-07-27T15:35:00+00:00,16375.4,16377.3,16372.6,16372.7,16374.9,16375.9,16376.8,16377.8,16372.1,16373.1,16372.2,16373.2,1,327
2026-07-27T15:40:00+00:00,16372.9,16376.2,16372.9,16375.5,16372.4,16373.4,16375.7,16376.7,16372.4,16373.4,16375,16376,1,310
2026-07-27T15:45:00+00:00,16375.6,16375.6,16372.4,16374.5,16375.1,16376.1,16375.1,16376.1,16371.9,16372.9,16374,16375,1,338
2026-07-27T15:50:00+00:00,16374.3,16376.9,16373.8,16375.9,16373.8,16374.8,16376.4,16377.4,16373.3,16374.3,16375.4,16376.4,1,217
2026-07-27T15:55:00+00:00,16375.7,16376.6,16370.1,16371.1,16375.2,16376.2,16376.1,16377.1,16369.6,16370.6,16370.6,16371.6,1,316
2026-07-27T16:00:00+00:00,16371.3,16372.8,16368.6,16369.9,16370.8,16371.8,16372.3,16373.3,16368.1,16369.1,16369.4,16370.4,1,270
2026-07-27T16:05:00+00:00,16369.8,16371.6,16369.7,16371,16369.3,16370.3,16371.1,16372.1,16369.2,16370.2,16370.5,16371.5,1,279
2026-07-27T16:10:00+00:00,16371.1,16372.1,16369.6,16370.5,16370.6,16371.6,16371.6,16372.6,16369.1,16370.1,16370,16371,1,317
2026-07-27T16:15:00+00:00,16370.4,16371,16367.8,16369.6,16369.9,16370.9,16370.5,16371.5,16367.3,16368.3,16369.1,16370.1,1,367
2026-07-27T16:20:00+00:00,16369.7,16369.9,16365.6,16366.7,16369.2,16370.2,16369.4,16370.4,16365.1,16366.1,16366.2,16367.2,1,360
2026-07-27T16:25:00+00:00,16366.8,16367.7,16365.6,16366.6,16366.3,16367.3,16367.2,16368.2,16365.1,16366.1,16366.1,16367.1,1,303
2026-07-27T16:30:00+00:00,16366.5,16370.3,16366.5,16369.8,16366,16367,16369.8,16370.8,16366,16367,16369.3,16370.3,1,339
2026-07-27T16:35:00+00:00,16369.7,16369.7,16367.3,16368.3,16369.2,16370.2,16369.2,16370.2,16366.8,16367.8,16367.8,16368.8,1,276
2026-07-27T16:40:00+00:00,16368.2,16369.3,16367.8,16368.3,16367.7,16368.7,16368.8,16369.8,16367.3,16368.3,16367.8,16368.8,1,256
2026-07-27T16:45:00+00:00,16367.8,16369.1,16367.8,16368.3,16367.3,16368.3,16368.6,16369.6,16367.3,16368.3,16367.8,16368.8,1,239
2026-07-27T16:50:00+00:00,16368.2,16369.2,16367.6,16368.7,16367.7,16368.7,16368.7,16369.7,16367.1,16368.1,16368.2,16369.2,1,211
2026-07-27T16:55:00+00:00,16369,16371.5,16368.5,16371.5,16368.5,16369.5,16371,16372,16368,16369,16371,16372,1,152
2026-07-27T17:00:00+00:00,16371.3,16371.7,16369.8,16370.1,16370.8,16371.8,16371.2,16372.2,16369.3,16370.3,16369.6,16370.6,1,184
2026-07-27T17:05:00+00:00,16370.2,16371.3,16369.7,16370.8,16369.7,16370.7,16370.8,16371.8,16369.2,16370.2,16370.3,16371.3,1,221
2026-07-27T17:10:00+00:00,16370.9,16371.1,16368.9,16370.1,16370.4,16371.4,16370.6,16371.6,16368.4,16369.4,16369.6,16370.6,1,237
2026-07-27T17:15:00+00:00,16370,16370.1,16366.4,16367.3,16369.5,16370.5,16369.6,16370.6,16365.9,16366.9,16366.8,16367.8,1,205
2026-07-27T17:20:00+00:00,16367.1,16367.3,16364.6,16366.1,16366.6,16367.6,16366.8,16367.8,16364.1,16365.1,16365.6,16366.6,1,191
2026-07-27T17:25:00+00:00,16366.2,16366.4,16361.8,16363.2,16365.7,16366.7,16365.9,16366.9,16361.3,16362.3,16362.7,16363.7,1,423
2026-07-27T17:30:00+00:00,16363,16363.2,16360.2,16360.2,16362.5,16363.5,16362.7,16363.7,16359.7,16360.7,16359.7,16360.7,1,261
2026-07-27T17:35:00+00:00,16360.4,16361.8,16359.1,16360.6,16359.9,16360.9,16361.3,16362.3,16358.6,16359.6,16360.1,16361.1,1,257
2026-07-27T17:40:00+00:00,16360.5,16363.3,16359.8,16362.8,16360,16361,16362.8,16363.8,16359.3,16360.3,16362.3,16363.3,1,203
2026-07-27T17:45:00+00:00,16362.7,16366.3,16362.6,16365.6,16362.2,16363.2,16365.8,16366.8,16362.1,16363.1,16365.1,16366.1,1,253
2026-07-27T17:50:00+00:00,16365.7,16366.2,16364.7,16365,16365.2,16366.2,16365.7,16366.7,16364.2,16365.2,16364.5,16365.5,1,205
2026-07-27T17:55:00+00:00,16365.1,16366.5,16364.3,16365.2,16364.6,16365.6,16366,16367,16363.8,16364.8,16364.7,16365.7,1,136
2026-07-27T18:00:00+00:00,16365.3,16369.9,16365.2,16369.3,16364.8,16365.8,16369.4,16370.4,16364.7,16365.7,16368.8,16369.8,1,230
2026-07-27T18:05:00+00:00,16369.2,16369.8,16367.9,16368.9,16368.7,16369.7,16369.3,16370.3,16367.4,16368.4,16368.4,16369.4,1,249
2026-07-27T18:10:00+00:00,16369,16370,16368.2,16369.3,16368.5,16369.5,16369.5,16370.5,16367.7,16368.7,16368.8,16369.8,1,258
2026-07-27T18:15:00+00:00,16369.4,16371.8,16369.3,16371.7,16368.9,16369.9,16371.3,16372.3,16368.8,16369.8,16371.2,16372.2,1,169
2026-07-27T18:20:00+00:00,16371.8,16372,16370.7,16371.3,16371.3,16372.3,16371.5,16372.5,16370.2,16371.2,16370.8,16371.8,1,189
2026-07-27T18:25:00+00:00,16371.2,16371.8,16370.4,16371.3,16370.7,16371.7,16371.3,16372.3,16369.9,16370.9,16370.8,16371.8,1,207
2026-07-27T18:30:00+00:00,16371.4,16371.9,16369.1,16369.8,16370.9,16371.9,16371.4,16372.4,16368.6,16369.6,16369.3,16370.3,1,179
2026-07-27T18:35:00+00:00,16369.9,16371.7,16369.7,16371.7,16369.4,16370.4,16371.2,16372.2,16369.2,16370.2,16371.2,16372.2,1,174
2026-07-27T18:40:00+00:00,16371.8,16372.8,16371,16372.8,16371.3,16372.3,16372.3,16373.3,16370.5,16371.5,16372.3,16373.3,1,150
2026-07-27T18:45:00+00:00,16372.9,16373.9,16372.2,16373.4,16372.4,16373.4,16373.4,16374.4,16371.7,16372.7,16372.9,16373.9,1,165
2026-07-27T18:50:00+00:00,16373.3,16374.1,16372.4,16372.5,16372.8,16373.8,16373.6,16374.6,16371.9,16372.9,16372,16373,1,148
2026-07-27T18:55:00+00:00,16372.6,16373.3,16371.9,16373.1,16372.1,16373.1,16372.8,16373.8,16371.4,16372.4,16372.6,16373.6,1,149
2026-07-27T19:00:00+00:00,16372.8,16373.2,16371.5,16371.7,16372.3,16373.3,16372.7,16373.7,16371,16372,16371.2,16372.2,1,107
2026-07-27T19:05:00+00:00,16371.8,16371.8,16370,16370.9,16371.3,16372.3,16371.3,16372.3,16369.5,16370.5,16370.4,16371.4,1,136
2026-07-27T19:10:00+00:00,16370.8,16371.7,16369.9,16370.7,16370.3,16371.3,16371.2,16372.2,16369.4,16370.4,16370.2,16371.2,1,252
2026-07-27T19:15:00+00:00,16370.6,16372.5,16370.4,16371.9,16370.1,16371.1,16372,16373,16369.9,16370.9,16371.4,16372.4,1,172
2026-07-27T19:20:00+00:00,16371.8,16374,16371.8,16373.8,16371.3,16372.3,16373.5,16374.5,16371.3,16372.3,16373.3,16374.3,1,208
2026-07-27T19:25:00+00:00,16373.7,16374.4,16373,16373.6,16373.2,16374.2,16373.9,16374.9,16372.5,16373.5,16373.1,16374.1,1,215
2026-07-27T19:30:00+00:00,16373.7,16373.7,16371.5,16373.1,16373.2,16374.2,16373.2,16374.2,16371,16372,16372.6,16373.6,1,171
2026-07-27T19:35:00+00:00,16373,16373.8,16372.5,16373.6,16372.5,16373.5,16373.3,16374.3,16372,16373,16373.1,16374.1,1,142
2026-07-27T19:40:00+00:00,16373.8,16374.9,16369,16373.1,16373.3,16374.3,16374.4,16375.4,16368.5,16369.5,16372.6,16373.6,1,321
2026-07-27T19:45:00+00:00,16373.2,16376,16372.9,16375.3,16372.7,16373.7,16375.5,16376.5,16372.4,16373.4,16374.8,16375.8,1,212
2026-07-27T19:50:00+00:00,16375.2,16377.4,16374.9,16376.3,16374.7,16375.7,16376.9,16377.9,16374.4,16375.4,16375.8,16376.8,1,206
2026-07-27T19:55:00+00:00,16376.2,16380,16374.8,16378.5,16375.7,16376.7,16379.5,16380.5,16374.3,16375.3,16378,16379,1,255
2026-07-27T20:00:00+00:00,16378.6,16378.6,16375,16378,16378.1,16379.1,16378.1,16379.1,16374.5,16375.5,16377.5,16378.5,1,107
2026-07-27T20:05:00+00:00,16377.9,16378.1,16375.7,16376.3,16377.4,16378.4,16377.6,16378.6,16375.2,16376.2,16375.8,16376.8,1,113
2026-07-27T20:10:00+00:00,16376.2,16376.6,16375.5,16376.1,16375.7,16376.7,16376.1,16377.1,16375,16376,16375.6,16376.6,1,190
2026-07-27T20:15:00+00:00,16375.1,16376.7,16374.1,16374.8,16374.6,16375.6,16376.2,16377.2,16373.6,16374.6,16374.3,16375.3,1,144
2026-07-27T20:20:00+00:00,16374.9,16375,16374,16374.9,16374.4,16375.4,16374.5,16375.5,16373.5,16374.5,16374.4,16375.4,1,152
2026-07-27T20:25:00+00:00,16374.8,16374.9,16373,16373.3,16374.3,16375.3,16374.4,16375.4,16372.5,16373.5,16372.8,16373.8,1,160
2026-07-27T20:30:00+00:00,16373.4,16373.5,16370.4,16372.1,16372.9,16373.9,16373,16374,16369.9,16370.9,16371.6,16372.6,1,233
2026-07-27T20:35:00+00:00,16372.2,16372.6,16371.1,16371.2,16371.7,16372.7,16372.1,16373.1,16370.6,16371.6,16370.7,16371.7,1,146
2026-07-27T20:40:00+00:00,16371.1,16372.4,16370.4,16370.8,16370.6,16371.6,16371.9,16372.9,16369.9,16370.9,16370.3,16371.3,1,170
2026-07-27T20:45:00+00:00,16370.6,16372.4,16370.6,16372,16370.1,16371.1,16371.9,16372.9,16370.1,16371.1,16371.5,16372.5,1,233
2026-07-27T20:50:00+00:00,16371.8,16373.8,16370.6,16373.5,16371.3,16372.3,16373.3,16374.3,16370.1,16371.1,16373,16374,1,181
2026-07-27T20:55:00+00:00,16373.6,16373.7,16371.7,16373.6,16373.1,16374.1,16373.2,16374.2,16371.2,16372.2,16373.1,16374.1,1,245
2026-07-27T21:00:00+00:00,16373.5,16374.3,16372.9,16373.2,16373,16374,16373.8,16374.8,16372.4,16373.4,16372.7,16373.7,1,102
2026-07-27T21:05:00+00:00,16373.1,16374.7,16373.1,16374.6,16372.6,16373.6,16374.2,16375.2,16372.6,16373.6,16374.1,16375.1,1,76
2026-07-27T21:10:00+00:00,16374.5,16375,16374.1,16374.3,16374,16375,16374.5,16375.5,16373.6,16374.6,16373.8,16374.8,1,147
2026-07-27T21:15:00+00:00,16374.2,16375,16372.8,16374,16373.7,16374.7,16374.5,16375.5,16372.3,16373.3,16373.5,16374.5,1,120
2026-07-27T21:20:00+00:00,16373.9,16375,16373.2,16373.4,16373.4,16374.4,16374.5,16375.5,16372.7,16373.7,16372.9,16373.9,1,107
2026-07-27T21:25:00+00:00,16373.3,16374.9,16373.2,16374.5,16372.8,16373.8,16374.4,16375.4,16372.7,16373.7,16374,16375,1,101
2026-07-27T21:30:00+00:00,16374.4,16376.4,16374.1,16376.4,16373.9,16374.9,16375.9,16376.9,16373.6,16374.6,16375.9,16376.9,1,122
2026-07-27T21:35:00+00:00,16376.3,16377,16375.6,16375.75,16375.8,16376.8,16376.5,16377.5,16375.2,16376,16375.4,16376.1,0.7,149
2026-07-27T21:40:00+00:00,16375.85,16377.7,16375.75,16377.1,16375.5,16376.2,16377.2,16378.2,16375.3,16376.2,16376.6,16377.6,1,122
2026-07-27T21:45:00+00:00,16377.2,16377.65,16375.75,16376.05,16376.7,16377.7,16377,16378.3,16374.7,16376.8,16374.8,16377.3,2.5,262
2026-07-27T21:50:00+00:00,16374.9,16375.75,16374,16375.3,16374.7,16375.1,16375,16376.5,16373.3,16374.7,16374.8,16375.8,1,239
2026-07-27T21:55:00+00:00,16375.25,16376.05,16373.85,16374.7,16373.8,16376.7,16373.8,16378.3,16371,16376.7,16371.1,16378.3,7.2,185
2026-07-27T22:00:00+00:00,16370.4,16373.1,16366.4,16372.5,16364.4,16376.4,16367.1,16379.1,16360.4,16372.4,16366.5,16378.5,12,19
2026-07-27T22:05:00+00:00,16371.7,16373,16371.7,16371.9,16365.7,16377.7,16367,16379,16365.7,16377.7,16365.9,16377.9,12,17
2026-07-27T22:10:00+00:00,16372.9,16373,16371.9,16371.9,16366.9,16378.9,16367,16379,16365.9,16377.9,16365.9,16377.9,12,12
2026-07-27T22:20:00+00:00,16372.8,16373,16371.8,16371.8,16366.8,16378.8,16367,16379,16365.8,16377.8,16365.8,16377.8,12,34
2026-07-27T22:25:00+00:00,16372.8,16372.8,16371.9,16372.8,16366.8,16378.8,16366.8,16378.8,16365.9,16377.9,16366.8,16378.8,12,3
2026-07-27T22:30:00+00:00,16372.9,16373,16371.7,16372.8,16366.9,16378.9,16367,16379,16365.7,16377.7,16366.8,16378.8,12,63
2026-07-27T22:35:00+00:00,16372.7,16373.9,16371.8,16372.8,16366.7,16378.7,16367.9,16379.9,16365.8,16377.8,16366.8,16378.8,12,63
2026-07-27T22:40:00+00:00,16372.9,16374.1,16372.1,16373.2,16366.9,16378.9,16368.1,16380.1,16366.1,16378.1,16367.2,16379.2,12,90
2026-07-27T22:45:00+00:00,16372.2,16373.2,16372,16373.1,16366.2,16378.2,16367.2,16379.2,16366,16378,16367.1,16379.1,12,76
2026-07-27T22:50:00+00:00,16373,16373.2,16372,16373,16367,16379,16367.2,16379.2,16366,16378,16367,16379,12,80
2026-07-27T22:55:00+00:00,16373.1,16374.3,16371.9,16374.2,16367.1,16379.1,16368.3,16380.3,16365.9,16377.9,16368.2,16380.2,12,94
2026-07-27T23:00:00+00:00,16374.3,16376.7,16372.65,16374.65,16368.3,16380.3,16372.9,16380.5,16368.1,16377.2,16370.9,16378.4,7.5,138
2026-07-27T23:05:00+00:00,16374.65,16375.25,16372.1,16372.75,16371.4,16377.9,16372.6,16377.9,16369.6,16374.6,16370.8,16374.7,3.9,158
2026-07-27T23:10:00+00:00,16372.75,16376.7,16372.45,16375.75,16370.9,16374.6,16375.4,16378,16370.3,16374.6,16374.8,16376.7,1.9,176
2026-07-27T23:15:00+00:00,16375.55,16375.95,16374.1,16375.05,16374.6,16376.5,16375.2,16376.7,16373.3,16374.9,16374.3,16375.8,1.5,148
2026-07-27T23:20:00+00:00,16375,16376.45,16374.15,16375.6,16374.5,16375.5,16375.7,16377.2,16373.5,16374.8,16374.8,16376.4,1.6,198
2026-07-27T23:25:00+00:00,16375.7,16376.35,16375.05,16376,16374.9,16376.5,16375.8,16376.9,16374.3,16375.8,16375.5,16376.5,1,179
2026-07-27T23:30:00+00:00,16375.9,16376.3,16374.4,16374.8,16375.4,16376.4,16375.8,16376.8,16373.9,16374.9,16374.3,16375.3,1,153
2026-07-27T23:35:00+00:00,16374.7,16375.5,16373.9,16375.2,16374.2,16375.2,16375,16376,16373.4,16374.4,16374.7,16375.7,1,125
2026-07-27T23:40:00+00:00,16375.1,16375.3,16374.3,16375.2,16374.6,16375.6,16374.8,16375.8,16373.6,16375,16374.7,16375.7,1,95
2026-07-27T23:45:00+00:00,16375.3,16375.4,16374.4,16375.2,16374.8,16375.8,16374.9,16375.9,16373.9,16374.9,16374.7,16375.7,1,104
2026-07-27T23:50:00+00:00,16375.3,16375.5,16374.7,16375,16374.8,16375.8,16375,16376,16374.2,16375.2,16374.5,16375.5,1,104
2026-07-27T23:55:00+00:00,16375.2,16375.8,16374.7,16374.9,16374.7,16375.7,16375.3,16376.3,16374.2,16375.2,16374.4,16375.4,1,68
2026-07-28T00:00:00+00:00,16375,16375,16372,16373.2,16374.5,16375.5,16374.5,16375.5,16371.4,16372.6,16372.7,16373.7,1,161
2026-07-28T00:05:00+00:00,16373.1,16373.2,16372.1,16372.6,16372.6,16373.6,16372.7,16373.7,16371.6,16372.6,16372.1,16373.1,1,65
2026-07-28T00:10:00+00:00,16372.7,16372.7,16371.9,16372.1,16372.2,16373.2,16372.2,16373.2,16371.4,16372.4,16371.6,16372.6,1,108
2026-07-28T00:15:00+00:00,16372.2,16372.5,16372,16372.1,16371.7,16372.7,16372,16373,16371.5,16372.5,16371.6,16372.6,1,195
2026-07-28T00:20:00+00:00,16372.2,16373.7,16372.1,16373.3,16371.7,16372.7,16373.2,16374.2,16371.6,16372.6,16372.8,16373.8,1,77
2026-07-28T00:25:00+00:00,16373.2,16373.4,16371.9,16372.9,16372.7,16373.7,16372.9,16373.9,16371.4,16372.4,16372.4,16373.4,1,75
2026-07-28T00:30:00+00:00,16373,16376.5,16372.9,16374.4,16372.5,16373.5,16376,16377,16372.4,16373.4,16373.9,16374.9,1,158
2026-07-28T00:35:00+00:00,16374.3,16375.3,16374.3,16374.9,16373.8,16374.8,16374.8,16375.8,16373.8,16374.8,16374.4,16375.4,1,99
2026-07-28T00:40:00+00:00,16375,16375.6,16374.3,16375,16374.5,16375.5,16375.1,16376.1,16373.8,16374.8,16374.5,16375.5,1,181
2026-07-28T00:45:00+00:00,16374.9,16376.9,16373.5,16376.1,16374.4,16375.4,16376.4,16377.4,16373,16374,16375.6,16376.6,1,211
2026-07-28T00:50:00+00:00,16376,16378.8,16375.4,16378.8,16375.5,16376.5,16378.3,16379.3,16374.9,16375.9,16378.3,16379.3,1,265
2026-07-28T00:55:00+00:00,16378.7,16378.8,16377.5,16377.7,16378.2,16379.2,16378.3,16379.3,16377,16378,16377.2,16378.2,1,85
2026-07-28T01:00:00+00:00,16378,16382.5,16377.6,16382.5,16377.5,16378.5,16382,16383,16377.1,16378.1,16382,16383,1,201
2026-07-28T01:05:00+00:00,16382.6,16384.1,16381.1,16382.1,16382.1,16383.1,16383.6,16384.6,16380.6,16381.6,16381.6,16382.6,1,212
2026-07-28T01:10:00+00:00,16381.7,16382.5,16381.4,16381.5,16381.2,16382.2,16382,16383,16380.9,16381.9,16381,16382,1,201
2026-07-28T01:15:00+00:00,16381.6,16382.5,16378.1,16378.6,16381.1,16382.1,16382,16383,16377.6,16378.6,16378.1,16379.1,1,226
2026-07-28T01:20:00+00:00,16378.5,16379.8,16377.3,16378.3,16378,16379,16379.3,16380.3,16376.8,16377.8,16377.8,16378.8,1,223
2026-07-28T01:25:00+00:00,16378.5,16378.9,16376.4,16377.8,16378,16379,16378.4,16379.4,16375.9,16376.9,16377.3,16378.3,1,260
2026-07-28T01:30:00+00:00,16377.7,16379.3,16376.9,16377.9,16377.2,16378.2,16378.8,16379.8,16376.4,16377.4,16377.4,16378.4,1,276
2026-07-28T01:35:00+00:00,16377.7,16378.6,16376.5,16377.9,16377.2,16378.2,16378.1,16379.1,16376,16377,16377.4,16378.4,1,184
2026-07-28T01:40:00+00:00,16378,16379.4,16376.8,16376.9,16377.5,16378.5,16378.9,16379.9,16376.3,16377.3,16376.4,16377.4,1,198
2026-07-28T01:45:00+00:00,16376.8,16378.6,16376,16376.9,16376.3,16377.3,16378.1,16379.1,16375.5,16376.5,16376.4,16377.4,1,226
2026-07-28T01:50:00+00:00,16376.8,16382.3,16376.8,16377.8,16376.3,16377.3,16381.8,16382.8,16376.3,16377.3,16377.3,16378.3,1,341
2026-07-28T01:55:00+00:00,16378.15,16379.8,16374.4,16375.1,16377.4,16378.9,16379.1,16380.5,16373.9,16374.9,16374.6,16375.6,1,261
2026-07-28T02:00:00+00:00,16375.3,16375.9,16371.6,16374.8,16374.8,16375.8,16375.4,16376.4,16371.1,16372.1,16374.3,16375.3,1,249
2026-07-28T02:05:00+00:00,16374.9,16376,16373.5,16374.4,16374.4,16375.4,16375.5,16376.5,16373,16374,16373.9,16374.9,1,215
2026-07-28T02:10:00+00:00,16374.5,16376.3,16374.2,16375.7,16374,16375,16375.8,16376.8,16373.7,16374.7,16375.2,16376.2,1,256
2026-07-28T02:15:00+00:00,16375.8,16376.6,16374.1,16374.7,16375.3,16376.3,16376.1,16377.1,16373.6,16374.6,16374.2,16375.2,1,238
2026-07-28T02:20:00+00:00,16374.6,16375.7,16373.8,16375.3,16374.1,16375.1,16375.2,16376.2,16373.3,16374.3,16374.8,16375.8,1,188
2026-07-28T02:25:00+00:00,16375.4,16375.9,16374,16374.6,16374.9,16375.9,16375.4,16376.4,16373.5,16374.5,16374.1,16375.1,1,267
2026-07-28T02:30:00+00:00,16374.5,16377.1,16373.6,16376.5,16374,16375,16376.6,16377.6,16373.1,16374.1,16376,16377,1,244
2026-07-28T02:35:00+00:00,16376.4,16377,16375.9,16376.7,16375.9,16376.9,16376.5,16377.5,16375.4,16376.4,16376.2,16377.2,1,187
2026-07-28T02:40:00+00:00,16376.6,16378.1,16375.7,16376.2,16376.1,16377.1,16377.6,16378.6,16375.2,16376.2,16375.7,16376.7,1,212
2026-07-28T02:45:00+00:00,16376.3,16378,16375.6,16377,16375.8,16376.8,16377.5,16378.5,16375.1,16376.1,16376.5,16377.5,1,214
2026-07-28T02:50:00+00:00,16377.1,16379.5,16377.1,16377.8,16376.6,16377.6,16379,16380,16376.6,16377.6,16377.3,16378.3,1,223
2026-07-28T02:55:00+00:00,16377.6,16378.8,16376.8,16377.2,16377.1,16378.1,16378.3,16379.3,16376.3,16377.3,16376.7,16377.7,1,201
2026-07-28T03:00:00+00:00,16377,16379.3,16376.5,16377.9,16376.5,16377.5,16378.8,16379.8,16376,16377,16377.4,16378.4,1,144
2026-07-28T03:05:00+00:00,16378,16379.1,16376.9,16377.6,16377.5,16378.5,16378.6,16379.6,16376.4,16377.4,16377.1,16378.1,1,156
2026-07-28T03:10:00+00:00,16377.5,16378.7,16376.8,16377.7,16377,16378,16378.2,16379.2,16376.3,16377.3,16377.2,16378.2,1,197
2026-07-28T03:15:00+00:00,16377.8,16378.1,16376.5,16377.3,16377.3,16378.3,16377.6,16378.6,16376,16377,16376.8,16377.8,1,166
2026-07-28T03:20:00+00:00,16377.1,16377.1,16374.1,16375.9,16376.6,16377.6,16376.6,16377.6,16373.6,16374.6,16375.4,16376.4,1,212
2026-07-28T03:25:00+00:00,16375.8,16377.1,16375.1,16375.5,16375.3,16376.3,16376.6,16377.6,16374.6,16375.6,16375,16376,1,238
2026-07-28T03:30:00+00:00,16375.8,16376.9,16375,16376.8,16375.3,16376.3,16376.4,16377.4,16374.5,16375.5,16376.3,16377.3,1,202
2026-07-28T03:35:00+00:00,16376.7,16377,16375.3,16376.7,16376.2,16377.2,16376.5,16377.5,16374.8,16375.8,16376.2,16377.2,1,193
2026-07-28T03:40:00+00:00,16376.8,16376.9,16373.8,16374.2,16376.3,16377.3,16376.4,16377.4,16373.3,16374.3,16373.7,16374.7,1,178
2026-07-28T03:45:00+00:00,16374.1,16375.2,16373,16374.4,16373.6,16374.6,16374.7,16375.7,16372.5,16373.5,16373.9,16374.9,1,168
2026-07-28T03:50:00+00:00,16374.5,16374.5,16367.5,16370.4,16374,16375,16374,16375,16367,16368,16369.9,16370.9,1,309
2026-07-28T03:55:00+00:00,16370.5,16372.1,16370.1,16371.9,16370,16371,16371.6,16372.6,16369.6,16370.6,16371.4,16372.4,1,178
2026-07-28T04:00:00+00:00,16371.6,16372,16370.6,16371.9,16371.1,16372.1,16371.5,16372.5,16370.1,16371.1,16371.4,16372.4,1,131
2026-07-28T04:05:00+00:00,16372,16373.2,16371.4,16372,16371.5,16372.5,16372.7,16373.7,16370.9,16371.9,16371.5,16372.5,1,137
2026-07-28T04:10:00+00:00,16372.1,16374.7,16372.1,16374.6,16371.6,16372.6,16374.2,16375.2,16371.6,16372.6,16374.1,16375.1,1,162
2026-07-28T04:15:00+00:00,16374.4,16374.7,16373.1,16373.4,16373.9,16374.9,16374.2,16375.2,16372.6,16373.6,16372.9,16373.9,1,119
2026-07-28T04:20:00+00:00,16373.3,16374.2,16373.2,16374.1,16372.8,16373.8,16373.7,16374.7,16372.7,16373.7,16373.6,16374.6,1,95
2026-07-28T04:25:00+00:00,16374.2,16374.4,16372.4,16372.8,16373.7,16374.7,16373.9,16374.9,16371.9,16372.9,16372.3,16373.3,1,64
2026-07-28T04:30:00+00:00,16372.7,16373.2,16371.3,16372.4,16372.2,16373.2,16372.7,16373.7,16370.8,16371.8,16371.9,16372.9,1,141
2026-07-28T04:35:00+00:00,16372.3,16374.9,16372.3,16374.5,16371.8,16372.8,16374.4,16375.4,16371.8,16372.8,16374,16375,1,136
2026-07-28T04:40:00+00:00,16375.1,16376,16374.6,16376,16374.6,16375.6,16375.5,16376.5,16374.1,16375.1,16375.5,16376.5,1,157
2026-07-28T04:45:00+00:00,16376.1,16376.8,16376,16376.2,16375.6,16376.6,16376.3,16377.3,16375.5,16376.5,16375.7,16376.7,1,118
2026-07-28T04:50:00+00:00,16376.3,16376.7,16375.1,16376,16375.8,16376.8,16376.2,16377.2,16374.6,16375.6,16375.5,16376.5,1,115
2026-07-28T04:55:00+00:00,16375.9,16376.3,16375.7,16376.3,16375.4,16376.4,16375.8,16376.8,16375.2,16376.2,16375.8,16376.8,1,84
2026-07-28T05:00:00+00:00,16376.2,16377.3,16375.5,16376.5,16375.7,16376.7,16376.8,16377.8,16375,16376,16376,16377,1,145
2026-07-28T05:05:00+00:00,16376.6,16377.2,16376.1,16377.1,16376.1,16377.1,16376.7,16377.7,16375.6,16376.6,16376.6,16377.6,1,114
2026-07-28T05:10:00+00:00,16377,16377.2,16376.1,16376.8,16376.5,16377.5,16376.7,16377.7,16375.6,16376.6,16376.3,16377.3,1,132
2026-07-28T05:15:00+00:00,16376.9,16377.7,16375.9,16376.4,16376.4,16377.4,16377.2,16378.2,16375.4,16376.4,16375.9,16376.9,1,128
2026-07-28T05:20:00+00:00,16376.3,16377.3,16376.3,16376.9,16375.8,16376.8,16376.8,16377.8,16375.8,16376.8,16376.4,16377.4,1,103
2026-07-28T05:25:00+00:00,16376.8,16377.5,16376.3,16376.5,16376.3,16377.3,16377,16378,16375.8,16376.8,16376,16377,1,78
2026-07-28T05:30:00+00:00,16376.4,16377.4,16376,16377.1,16375.9,16376.9,16376.9,16377.9,16375.5,16376.5,16376.6,16377.6,1,76
2026-07-28T05:35:00+00:00,16377.2,16377.8,16376.4,16376.4,16376.7,16377.7,16377.3,16378.3,16375.9,16376.9,16375.9,16376.9,1,50
2026-07-28T05:40:00+00:00,16376,16376,16375.1,16375.8,16375.5,16376.5,16375.5,16376.5,16374.6,16375.6,16375.3,16376.3,1,94
2026-07-28T05:45:00+00:00,16375.7,16375.8,16374.3,16375,16375.2,16376.2,16375.3,16376.3,16373.8,16374.8,16374.5,16375.5,1,90
2026-07-28T05:50:00+00:00,16374.9,16376.4,16374.5,16376.4,16374.4,16375.4,16375.9,16376.9,16374,16375,16375.9,16376.9,1,94
2026-07-28T05:55:00+00:00,16376.3,16376.4,16374.7,16374.8,16375.8,16376.8,16375.9,16376.9,16374.2,16375.2,16374.3,16375.3,1,72
2026-07-28T06:00:00+00:00,16374.7,16376.6,16374.7,16375.6,16374.2,16375.2,16376.1,16377.1,16374.2,16375.2,16375.1,16376.1,1,168
2026-07-28T06:05:00+00:00,16375.3,16376.1,16374.8,16375.5,16374.8,16375.8,16375.6,16376.6,16374.3,16375.3,16375,16376,1,159
2026-07-28T06:10:00+00:00,16375.6,16377.1,16374.9,16377,16375.1,16376.1,16376.6,16377.6,16374.4,16375.4,16376.5,16377.5,1,154
2026-07-28T06:15:00+00:00,16377.1,16377.5,16375.8,16376.7,16376.6,16377.6,16377,16378,16375.3,16376.3,16376.2,16377.2,1,659
2026-07-28T06:20:00+00:00,16376.6,16377,16374.8,16375.5,16376.1,16377.1,16376.5,16377.5,16374.3,16375.3,16375,16376,1,1145
2026-07-28T06:25:00+00:00,16375.4,16375.8,16372.4,16373.2,16374.9,16375.9,16375.3,16376.3,16371.9,16372.9,16372.7,16373.7,1,1055
2026-07-28T06:30:00+00:00,16373.1,16374.2,16372.2,16373.5,16372.6,16373.6,16373.7,16374.7,16371.7,16372.7,16373,16374,1,1200
2026-07-28T06:35:00+00:00,16373.4,16375.8,16373.3,16374.8,16372.9,16373.9,16375.3,16376.3,16372.8,16373.8,16374.3,16375.3,1,1214
2026-07-28T06:40:00+00:00,16374.7,16375.7,16373.6,16374.4,16374.2,16375.2,16375.2,16376.2,16373.1,16374.1,16373.9,16374.9,1,1097
2026-07-28T06:45:00+00:00,16374.3,16376.1,16374.3,16375.7,16373.8,16374.8,16375.6,16376.6,16373.8,16374.8,16375.2,16376.2,1,84
2026-07-28T06:50:00+00:00,16375.8,16376.3,16372.8,16373.4,16375.3,16376.3,16375.8,16376.8,16372.3,16373.3,16372.9,16373.9,1,147
2026-07-28T06:55:00+00:00,16373.3,16374.6,16372.9,16373.9,16372.8,16373.8,16374.1,16375.1,16372.4,16373.4,16373.4,16374.4,1,101
2026-07-28T07:00:00+00:00,16373.8,16374,16372.2,16373.8,16373.3,16374.3,16373.5,16374.5,16371.7,16372.7,16373.3,16374.3,1,206
2026-07-28T07:05:00+00:00,16374,16374,16372.2,16372.4,16373.5,16374.5,16373.5,16374.5,16371.7,16372.7,16371.9,16372.9,1,151
2026-07-28T07:10:00+00:00,16372.5,16373.4,16368.8,16369,16372,16373,16372.9,16373.9,16368.3,16369.3,16368.5,16369.5,1,199
2026-07-28T07:15:00+00:00,16369.1,16371.2,16367.5,16370.7,16368.6,16369.6,16370.7,16371.7,16367,16368,16370.2,16371.2,1,199
2026-07-28T07:20:00+00:00,16371,16372.4,16369.9,16369.9,16370.5,16371.5,16371.9,16372.9,16369.4,16370.4,16369.4,16370.4,1,154
2026-07-28T07:25:00+00:00,16369.8,16371.3,16369.2,16369.9,16369.3,16370.3,16370.8,16371.8,16368.7,16369.7,16369.4,16370.4,1,197
2026-07-28T07:30:00+00:00,16369.8,16371.1,16368.3,16369.5,16369.3,16370.3,16370.6,16371.6,16367.8,16368.8,16369,16370,1,227
2026-07-28T07:35:00+00:00,16369.6,16371.2,16368.4,16370,16369.1,16370.1,16370.7,16371.7,16367.9,16368.9,16369.5,16370.5,1,180
2026-07-28T07:40:00+00:00,16370.3,16370.4,16366.9,16368.4,16369.8,16370.8,16369.9,16370.9,16366.4,16367.4,16367.9,16368.9,1,193
2026-07-28T07:45:00+00:00,16368.5,16369.9,16366.8,16369.8,16368,16369,16369.4,16370.4,16366.3,16367.3,16369.3,16370.3,1,138
2026-07-28T07:50:00+00:00,16369.7,16369.8,16368.1,16368.1,16369.2,16370.2,16369.3,16370.3,16367.6,16368.6,16367.6,16368.6,1,139
2026-07-28T07:55:00+00:00,16368,16370.8,16366.6,16370.7,16367.5,16368.5,16370.3,16371.3,16366.1,16367.1,16370.2,16371.2,1,191
2026-07-28T08:00:00+00:00,16371.1,16374.4,16370.9,16374.1,16370.6,16371.6,16373.9,16374.9,16370.4,16371.4,16373.6,16374.6,1,235
2026-07-28T08:05:00+00:00,16374.2,16375.8,16372.2,16372.5,16373.7,16374.7,16375.3,16376.3,16371.7,16372.7,16372,16373,1,202
2026-07-28T08:10:00+00:00,16372.6,16375.1,16371.9,16373.6,16372.1,16373.1,16374.6,16375.6,16371.4,16372.4,16373.1,16374.1,1,302
2026-07-28T08:15:00+00:00,16373.5,16374.2,16372.5,16373.3,16373,16374,16373.7,16374.7,16372,16373,16372.8,16373.8,1,221
2026-07-28T08:20:00+00:00,16373.4,16375.3,16373.3,16375.1,16372.9,16373.9,16374.8,16375.8,16372.8,16373.8,16374.6,16375.6,1,240
2026-07-28T08:25:00+00:00,16375,16377.1,16374.6,16376.1,16374.5,16375.5,16376.6,16377.6,16374.1,16375.1,16375.6,16376.6,1,224
2026-07-28T08:30:00+00:00,16376.2,16376.5,16374.7,16376.2,16375.7,16376.7,16376,16377,16374.2,16375.2,16375.7,16376.7,1,217
2026-07-28T08:35:00+00:00,16376.1,16376.7,16374.6,16375,16375.6,16376.6,16376.2,16377.2,16374.1,16375.1,16374.5,16375.5,1,219
2026-07-28T08:40:00+00:00,16374.9,16378,16374.8,16377.5,16374.4,16375.4,16377.5,16378.5,16374.3,16375.3,16377,16378,1,224
2026-07-28T08:45:00+00:00,16377.6,16379.8,16377.1,16379,16377.1,16378.1,16379.3,16380.3,16376.6,16377.6,16378.5,16379.5,1,193
2026-07-28T08:50:00+00:00,16379.1,16379.9,16377.9,16378.3,16378.6,16379.6,16379.4,16380.4,16377.4,16378.4,16377.8,16378.8,1,246
2026-07-28T08:55:00+00:00,16377.9,16379.9,16377.6,16378.9,16377.4,16378.4,16379.4,16380.4,16377.1,16378.1,16378.4,16379.4,1,193
2026-07-28T09:00:00+00:00,16379,16379.7,16377.7,16377.8,16378.5,16379.5,16379.2,16380.2,16377.2,16378.2,16377.3,16378.3,1,142
2026-07-28T09:05:00+00:00,16377.6,16378.4,16375.9,16377.4,16377.1,16378.1,16377.9,16378.9,16375.4,16376.4,16376.9,16377.9,1,191
2026-07-28T09:10:00+00:00,16377.5,16380,16377.4,16379.3,16377,16378,16379.5,16380.5,16376.9,16377.9,16378.8,16379.8,1,279
2026-07-28T09:15:00+00:00,16379.2,16382.5,16378.8,16382.2,16378.7,16379.7,16382,16383,16378.3,16379.3,16381.7,16382.7,1,224
2026-07-28T09:20:00+00:00,16382.3,16383.1,16379.6,16381.1,16381.8,16382.8,16382.6,16383.6,16379.1,16380.1,16380.6,16381.6,1,214
2026-07-28T09:25:00+00:00,16381,16384.8,16381,16384.1,16380.5,16381.5,16384.3,16385.3,16380.5,16381.5,16383.6,16384.6,1,257
2026-07-28T09:30:00+00:00,16384,16385.7,16382.5,16383.1,16383.5,16384.5,16385.2,16386.2,16382,16383,16382.6,16383.6,1,236
2026-07-28T09:35:00+00:00,16383,16384.6,16383,16384.5,16382.5,16383.5,16384.1,16385.1,16382.5,16383.5,16384,16385,1,215
2026-07-28T09:40:00+00:00,16384.6,16385.6,16384,16384.4,16384.1,16385.1,16385.1,16386.1,16383.5,16384.5,16383.9,16384.9,1,235
2026-07-28T09:45:00+00:00,16384.5,16384.5,16381.7,16382.1,16384,16385,16384,16385,16381.2,16382.2,16381.6,16382.6,1,160
2026-07-28T09:50:00+00:00,16382,16383.4,16381.4,16383.3,16381.5,16382.5,16382.9,16383.9,16380.9,16381.9,16382.8,16383.8,1,179
2026-07-28T09:55:00+00:00,16383.2,16383.9,16381.9,16382.9,16382.7,16383.7,16383.4,16384.4,16381.4,16382.4,16382.4,16383.4,1,144
2026-07-28T10:00:00+00:00,16383,16383.4,16381,16381.2,16382.5,16383.5,16382.9,16383.9,16380.5,16381.5,16380.7,16381.7,1,138
2026-07-28T10:05:00+00:00,16381.4,16382.7,16380.6,16381.6,16380.9,16381.9,16382.2,16383.2,16380.1,16381.1,16381.1,16382.1,1,172
2026-07-28T10:10:00+00:00,16381.7,16383,16381.4,16382.8,16381.2,16382.2,16382.5,16383.5,16380.9,16381.9,16382.3,16383.3,1,211
2026-07-28T10:15:00+00:00,16382.9,16383.3,16381.3,16382.3,16382.4,16383.4,16382.8,16383.8,16380.8,16381.8,16381.8,16382.8,1,185
2026-07-28T10:20:00+00:00,16382.2,16382.6,16381.1,16382.2,16381.7,16382.7,16382.1,16383.1,16380.6,16381.6,16381.7,16382.7,1,191
2026-07-28T10:25:00+00:00,16382.3,16383.5,16381.7,16383.3,16381.8,16382.8,16383,16384,16381.2,16382.2,16382.8,16383.8,1,218
2026-07-28T10:30:00+00:00,16383.4,16385.7,16383.2,16384.3,16382.9,16383.9,16385.2,16386.2,16382.7,16383.7,16383.8,16384.8,1,188
2026-07-28T10:35:00+00:00,16384.4,16385.4,16383.7,16384.2,16383.9,16384.9,16384.9,16385.9,16383.2,16384.2,16383.7,16384.7,1,187
2026-07-28T10:40:00+00:00,16384.1,16384.5,16383,16384,16383.6,16384.6,16384,16385,16382.5,16383.5,16383.5,16384.5,1,187
2026-07-28T10:45:00+00:00,16383.9,16385.9,16383.8,16385.5,16383.4,16384.4,16385.4,16386.4,16383.3,16384.3,16385,16386,1,196
2026-07-28T10:50:00+00:00,16385.4,16386.6,16385,16386.3,16384.9,16385.9,16386.1,16387.1,16384.5,16385.5,16385.8,16386.8,1,215
2026-07-28T10:55:00+00:00,16386.4,16389.6,16386.2,16388.4,16385.9,16386.9,16389.1,16390.1,16385.7,16386.7,16387.9,16388.9,1,162
2026-07-28T11:00:00+00:00,16388.5,16389.6,16387.2,16388.2,16388,16389,16389.1,16390.1,16386.7,16387.7,16387.7,16388.7,1,152
2026-07-28T11:05:00+00:00,16388.3,16389.9,16388.3,16388.9,16387.8,16388.8,16389.4,16390.4,16387.8,16388.8,16388.4,16389.4,1,196
2026-07-28T11:10:00+00:00,16388.8,16390,16388.5,16389.7,16388.3,16389.3,16389.5,16390.5,16388,16389,16389.2,16390.2,1,208
2026-07-28T11:15:00+00:00,16389.8,16392.5,16389.6,16392.1,16389.3,16390.3,16392,16393,16389.1,16390.1,16391.6,16392.6,1,225
2026-07-28T11:20:00+00:00,16392.2,16393.9,16391.9,16392.8,16391.7,16392.7,16393.4,16394.4,16391.4,16392.4,16392.3,16393.3,1,195
2026-07-28T11:25:00+00:00,16392.7,16393.6,16392.1,16393.3,16392.2,16393.2,16393.1,16394.1,16391.6,16392.6,16392.8,16393.8,1,216
2026-07-28T11:30:00+00:00,16393.4,16393.9,16391,16392.1,16392.9,16393.9,16393.4,16394.4,16390.5,16391.5,16391.6,16392.6,1,205
2026-07-28T11:35:00+00:00,16392.2,16393.5,16391.7,16392.9,16391.7,16392.7,16393,16394,16391.2,16392.2,16392.4,16393.4,1,194
2026-07-28T11:40:00+00:00,16392.8,16394.9,16392.4,16394.2,16392.3,16393.3,16394.4,16395.4,16391.9,16392.9,16393.7,16394.7,1,126
2026-07-28T11:45:00+00:00,16394.1,16395.2,16393.6,16394.6,16393.6,16394.6,16394.7,16395.7,16393.2,16394,16394.1,16395.1,1,178
2026-07-28T11:50:00+00:00,16394.7,16395,16393.3,16393.5,16394.2,16395.2,16394.5,16395.5,16392.8,16393.8,16393,16394,1,127
2026-07-28T11:55:00+00:00,16393.6,16394.4,16392.4,16393.6,16393.1,16394.1,16393.9,16394.9,16391.9,16392.9,16393.1,16394.1,1,128
2026-07-28T12:00:00+00:00,16393.7,16394,16392.1,16392.4,16393.2,16394.2,16393.5,16394.5,16391.6,16392.6,16391.9,16392.9,1,116
2026-07-28T12:05:00+00:00,16392.5,16393.8,16391.9,16393.7,16392,16393,16393.3,16394.3,16391.4,16392.4,16393.2,16394.2,1,65
2026-07-28T12:10:00+00:00,16393.4,16393.8,16393.2,16393.2,16392.9,16393.9,16393.3,16394.3,16392.7,16393.7,16392.7,16393.7,1,67
2026-07-28T12:15:00+00:00,16393.3,16393.4,16391.3,16392,16392.8,16393.8,16392.9,16393.9,16390.8,16391.8,16391.5,16392.5,1,157
2026-07-28T12:20:00+00:00,16391.9,16392.2,16390.6,16391.7,16391.4,16392.4,16391.7,16392.7,16390.1,16391.1,16391.2,16392.2,1,108
2026-07-28T12:25:00+00:00,16391.9,16392.3,16391.4,16392.1,16391.4,16392.4,16391.8,16392.8,16390.9,16391.9,16391.6,16392.6,1,91
2026-07-28T12:30:00+00:00,16392.2,16393.6,16392,16392.7,16391.7,16392.7,16393.1,16394.1,16391.5,16392.5,16392.2,16393.2,1,127
2026-07-28T12:35:00+00:00,16392.8,16392.8,16391.3,16391.8,16392.3,16393.3,16392.3,16393.3,16390.8,16391.8,16391.3,16392.3,1,124
2026-07-28T12:40:00+00:00,16391.7,16393.5,16391.7,16393.4,16391.2,16392.2,16393,16394,16391.2,16392.2,16392.9,16393.9,1,104
2026-07-28T12:45:00+00:00,16393.5,16393.6,16393.1,16393.3,16393,16394,16393.1,16394.1,16392.6,16393.6,16392.8,16393.8,1,50
2026-07-28T12:50:00+00:00,16393.2,16394.1,16392.6,16392.7,16392.7,16393.7,16393.6,16394.6,16392.1,16393.1,16392.2,16393.2,1,95
2026-07-28T12:55:00+00:00,16392.8,16393.4,16392,16392.8,16392.3,16393.3,16392.9,16393.9,16391.5,16392.5,16392.3,16393.3,1,97
2026-07-28T13:00:00+00:00,16391.7,16393.4,16391.7,16392,16391.2,16392.2,16392.9,16393.9,16391.2,16392.2,16391.5,16392.5,1,181
2026-07-28T13:05:00+00:00,16392.1,16393.1,16391.4,16391.8,16391.6,16392.6,16392.6,16393.6,16390.9,16391.9,16391.3,16392.3,1,89
2026-07-28T13:10:00+00:00,16391.9,16394,16391.9,16392.7,16391.4,16392.4,16393.5,16394.5,16391.4,16392.4,16392.2,16393.2,1,138
2026-07-28T13:15:00+00:00,16392.6,16393,16391.5,16392.2,16392.1,16393.1,16392.5,16393.5,16391,16392,16391.7,16392.7,1,110
2026-07-28T13:20:00+00:00,16392.1,16392.1,16389.3,16389.8,16391.6,16392.6,16391.6,16392.6,16388.8,16389.8,16389.3,16390.3,1,144
2026-07-28T13:25:00+00:00,16389.9,16390,16388.2,16389.5,16389.4,16390.4,16389.5,16390.5,16387.7,16388.7,16389,16390,1,108
2026-07-28T13:30:00+00:00,16389.6,16391.1,16388.7,16389.8,16389.1,16390.1,16390.6,16391.6,16388.2,16389.2,16389.3,16390.3,1,91
2026-07-28T13:35:00+00:00,16390,16390.2,16388.7,16389.7,16389.5,16390.5,16389.7,16390.7,16388.2,16389.2,16389.2,16390.2,1,199
2026-07-28T13:40:00+00:00,16389.8,16389.9,16388.8,16388.8,16389.3,16390.3,16389.4,16390.4,16388.3,16389.3,16388.3,16389.3,1,137
2026-07-28T13:45:00+00:00,16388.7,16388.8,16384.9,16386.3,16388.2,16389.2,16388.3,16389.3,16384.4,16385.4,16385.8,16386.8,1,174
2026-07-28T13:50:00+00:00,16386.4,16387.6,16386,16387.5,16385.9,16386.9,16387.1,16388.1,16385.5,16386.5,16387,16388,1,160
2026-07-28T13:55:00+00:00,16387.4,16388.8,16387.1,16387.9,16386.9,16387.9,16388.3,16389.3,16386.6,16387.6,16387.4,16388.4,1,144
2026-07-28T14:00:00+00:00,16388,16388.8,16386.3,16387.1,16387.5,16388.5,16388.3,16389.3,16385.8,16386.8,16386.6,16387.6,1,158
2026-07-28T14:05:00+00:00,16387,16387.5,16385.6,16386,16386.5,16387.5,16387,16388,16385.1,16386.1,16385.5,16386.5,1,143
2026-07-28T14:10:00+00:00,16385.9,16387.8,16385.6,16387.4,16385.4,16386.4,16387.3,16388.3,16385.1,16386.1,16386.9,16387.9,1,154
2026-07-28T14:15:00+00:00,16387.5,16387.9,16386.1,16386.6,16387,16388,16387.4,16388.4,16385.6,16386.6,16386.1,16387.1,1,175
2026-07-28T14:20:00+00:00,16386.4,16386.4,16384.1,16385.4,16385.9,16386.9,16385.9,16386.9,16383.6,16384.6,16384.9,16385.9,1,183
2026-07-28T14:25:00+00:00,16385.1,16387.2,16384.6,16387.2,16384.6,16385.6,16386.7,16387.7,16384.1,16385.1,16386.7,16387.7,1,138
2026-07-28T14:30:00+00:00,16387.1,16387.3,16385.4,16386.1,16386.6,16387.6,16386.8,16387.8,16384.9,16385.9,16385.6,16386.6,1,208
2026-07-28T14:35:00+00:00,16386,16388.3,16385.2,16387.5,16385.5,16386.5,16387.8,16388.8,16384.7,16385.7,16387,16388,1,163
2026-07-28T14:40:00+00:00,16387.7,16388.5,16385.3,16386.1,16387.2,16388.2,16388,16389,16384.8,16385.8,16385.6,16386.6,1,166
2026-07-28T14:45:00+00:00,16386,16386.5,16381.9,16383.4,16385.5,16386.5,16386,16387,16381.4,16382.4,16382.9,16383.9,1,225
2026-07-28T14:50:00+00:00,16383.3,16384.6,16381.5,16383.8,16382.8,16383.8,16384.1,16385.1,16381,16382,16383.3,16384.3,1,241
2026-07-28T14:55:00+00:00,16383.9,16385.1,16382.15,16382.9,16383.4,16384.4,16384.6,16385.6,16381.3,16383,16382.1,16383.7,1.6,137
2026-07-28T15:00:00+00:00,16382.45,16384.5,16381.85,16383.1,16380.9,16384,16384,16385,16380.9,16382.8,16382.6,16383.6,1,190
2026-07-28T15:05:00+00:00,16382.9,16385.4,16382.9,16384.3,16382.4,16383.4,16384.9,16385.9,16382.4,16383.4,16383.8,16384.8,1,244
2026-07-28T15:10:00+00:00,16384.2,16386.5,16383.9,16386.5,16383.7,16384.7,16386,16387,16383.4,16384.4,16386,16387,1,272
2026-07-28T15:15:00+00:00,16386.4,16386.6,16384,16385.6,16385.9,16386.9,16386.1,16387.1,16383.5,16384.5,16385.1,16386.1,1,212
2026-07-28T15:20:00+00:00,16385.4,16386.4,16384.3,16384.9,16384.9,16385.9,16385.9,16386.9,16383.8,16384.8,16384.4,16385.4,1,259
2026-07-28T15:25:00+00:00,16384.8,16385.2,16383.1,16384.7,16384.3,16385.3,16384.7,16385.7,16382.6,16383.6,16384.2,16385.2,1,271
2026-07-28T15:30:00+00:00,16385,16385.8,16383.3,16385.3,16384.5,16385.5,16385.3,16386.3,16382.8,16383.8,16384.8,16385.8,1,279
2026-07-28T15:35:00+00:00,16385.5,16386.1,16384.6,16385.7,16385,16386,16385.6,16386.6,16384.1,16385.1,16385.2,16386.2,1,213
2026-07-28T15:40:00+00:00,16385.6,16385.6,16384.5,16385.5,16385.1,16386.1,16385.1,16386.1,16384,16385,16385,16386,1,169
2026-07-28T15:45:00+00:00,16385.7,16388.3,16385.6,16387.1,16385.2,16386.2,16387.8,16388.8,16385.1,16386.1,16386.6,16387.6,1,227
2026-07-28T15:50:00+00:00,16387,16387.85,16385.8,16385.9,16386.5,16387.5,16387.4,16388.3,16385.3,16386.3,16385.4,16386.4,1,260
2026-07-28T15:55:00+00:00,16386.5,16388.8,16385.8,16386.6,16386,16387,16388.3,16389.3,16385.3,16386.3,16386.1,16387.1,1,299
2026-07-28T16:00:00+00:00,16386.5,16386.5,16382.2,16384.1,16386,16387,16386,16387,16381.7,16382.7,16383.6,16384.6,1,219
2026-07-28T16:05:00+00:00,16384.3,16385.1,16381.7,16381.7,16383.8,16384.8,16384.6,16385.6,16381.2,16382.2,16381.2,16382.2,1,150
2026-07-28T16:10:00+00:00,16381.2,16381.2,16373.6,16375.1,16380.7,16381.7,16380.7,16381.7,16373.1,16374.1,16374.6,16375.6,1,554
2026-07-28T16:15:00+00:00,16374.9,16375.6,16372,16372,16374.4,16375.4,16375.1,16376.1,16371.5,16372.5,16371.5,16372.5,1,387
2026-07-28T16:20:00+00:00,16372.1,16373.1,16365.2,16373,16371.6,16372.6,16372.6,16373.6,16364.7,16365.7,16372.5,16373.5,1,522
2026-07-28T16:25:00+00:00,16372.9,16373.4,16368.1,16369.5,16372.4,16373.4,16372.9,16373.9,16367.6,16368.6,16369,16370,1,421
2026-07-28T16:30:00+00:00,16369.6,16371.6,16367.1,16368.5,16369.1,16370.1,16371.1,16372.1,16366.6,16367.6,16368,16369,1,433
2026-07-28T16:35:00+00:00,16368.6,16371.1,16367.4,16370,16368.1,16369.1,16370.6,16371.6,16366.9,16367.9,16369.5,16370.5,1,339
2026-07-28T16:40:00+00:00,16369.9,16370.9,16366.2,16367.5,16369.4,16370.4,16370.4,16371.4,16365.7,16366.7,16367,16368,1,300
2026-07-28T16:45:00+00:00,16367.4,16369.1,16366.1,16368.6,16366.9,16367.9,16368.6,16369.6,16365.6,16366.6,16368.1,16369.1,1,288
2026-07-28T16:50:00+00:00,16368.7,16371.5,16367.3,16367.9,16368.2,16369.2,16371,16372,16366.8,16367.8,16367.4,16368.4,1,320
2026-07-28T16:55:00+00:00,16368,16370.2,16365.3,16365.5,16367.5,16368.5,16369.7,16370.7,16364.8,16365.8,16365,16366,1,291
2026-07-28T17:00:00+00:00,16365.4,16368.5,16364.6,16368,16364.9,16365.9,16368,16369,16364.1,16365.1,16367.5,16368.5,1,224
2026-07-28T17:05:00+00:00,16368.1,16368.7,16367,16367.4,16367.6,16368.6,16368.2,16369.2,16366.5,16367.5,16366.9,16367.9,1,238
2026-07-28T17:10:00+00:00,16367.3,16369.5,16366.8,16367,16366.8,16367.8,16369,16370,16366.3,16367.3,16366.5,16367.5,1,324
2026-07-28T17:15:00+00:00,16366.9,16367.8,16365.5,16366.8,16366.4,16367.4,16367.3,16368.3,16365,16366,16366.3,16367.3,1,218
2026-07-28T17:20:00+00:00,16366.7,16368.9,16366,16367.3,16366.2,16367.2,16368.4,16369.4,16365.5,16366.5,16366.8,16367.8,1,241
2026-07-28T17:25:00+00:00,16367.4,16368.7,16366.1,16368.5,16366.9,16367.9,16368.2,16369.2,16365.6,16366.6,16368,16369,1,205
2026-07-28T17:30:00+00:00,16368.6,16370.2,16368.2,16369.3,16368.1,16369.1,16369.7,16370.7,16367.7,16368.7,16368.8,16369.8,1,232
2026-07-28T17:35:00+00:00,16369.4,16369.9,16367.5,16368.5,16368.9,16369.9,16369.4,16370.4,16367,16368,16368,16369,1,175
2026-07-28T17:40:00+00:00,16368.4,16370.8,16368,16370.7,16367.9,16368.9,16370.3,16371.3,16367.5,16368.5,16370.2,16371.2,1,221
2026-07-28T17:45:00+00:00,16370.8,16374.4,16370.4,16373.8,16370.3,16371.3,16373.9,16374.9,16369.9,16370.9,16373.3,16374.3,1,317
2026-07-28T17:50:00+00:00,16373.9,16374.8,16373.3,16374.1,16373.4,16374.4,16374.3,16375.3,16372.8,16373.8,16373.6,16374.6,1,222
2026-07-28T17:55:00+00:00,16374.2,16375.3,16373.8,16375,16373.7,16374.7,16374.8,16375.8,16373.3,16374.3,16374.5,16375.5,1,170
2026-07-28T18:00:00+00:00,16375.1,16375.6,16372.5,16372.7,16374.6,16375.6,16375.1,16376.1,16372,16373,16372.2,16373.2,1,142
2026-07-28T18:05:00+00:00,16372.6,16374,16371.8,16372.5,16372.1,16373.1,16373.5,16374.5,16371.3,16372.3,16372,16373,1,172
2026-07-28T18:10:00+00:00,16372.7,16375.8,16372.3,16374.7,16372.2,16373.2,16375.3,16376.3,16371.8,16372.8,16374.2,16375.2,1,266
2026-07-28T18:15:00+00:00,16374.6,16377.1,16374.6,16376.9,16374.1,16375.1,16376.6,16377.6,16374.1,16375.1,16376.4,16377.4,1,210
2026-07-28T18:20:00+00:00,16376.8,16378,16372.9,16377.4,16376.3,16377.3,16377.5,16378.5,16372.4,16373.4,16376.9,16377.9,1,316
2026-07-28T18:25:00+00:00,16377.6,16378.4,16376.3,16378,16377.1,16378.1,16377.9,16378.9,16375.8,16376.8,16377.5,16378.5,1,219
2026-07-28T18:30:00+00:00,16377.9,16378.4,16376.2,16376.8,16377.4,16378.4,16377.9,16378.9,16375.7,16376.7,16376.3,16377.3,1,153
2026-07-28T18:35:00+00:00,16376.7,16378.4,16376.4,16377.9,16376.2,16377.2,16377.9,16378.9,16375.9,16376.9,16377.4,16378.4,1,119
2026-07-28T18:40:00+00:00,16378,16379.5,16377.7,16379.3,16377.5,16378.5,16379,16380,16377.2,16378.2,16378.8,16379.8,1,161
2026-07-28T18:45:00+00:00,16379.2,16380,16378,16378.9,16378.7,16379.7,16379.5,16380.5,16377.5,16378.5,16378.4,16379.4,1,207
2026-07-28T18:50:00+00:00,16379,16381,16378.7,16381,16378.5,16379.5,16380.5,16381.5,16378.2,16379.2,16380.5,16381.5,1,159
2026-07-28T18:55:00+00:00,16380.9,16381.9,16380.3,16380.3,16380.4,16381.4,16381.4,16382.4,16379.8,16380.8,16379.8,16380.8,1,161
2026-07-28T19:00:00+00:00,16380.2,16381.6,16379.7,16380.6,16379.7,16380.7,16381.1,16382.1,16379.2,16380.2,16380.1,16381.1,1,123
2026-07-28T19:05:00+00:00,16380.5,16381,16378.3,16378.6,16380,16381,16380.5,16381.5,16377.8,16378.8,16378.1,16379.1,1,126
2026-07-28T19:10:00+00:00,16378.5,16379.9,16376.9,16379.7,16378,16379,16379.4,16380.4,16376.4,16377.4,16379.2,16380.2,1,240
2026-07-28T19:15:00+00:00,16379.6,16379.7,16377.2,16378.9,16379.1,16380.1,16379.2,16380.2,16376.7,16377.7,16378.4,16379.4,1,200
2026-07-28T19:20:00+00:00,16378.8,16380.3,16378.6,16380,16378.3,16379.3,16379.8,16380.8,16378.1,16379.1,16379.5,16380.5,1,161
2026-07-28T19:25:00+00:00,16380.1,16382.4,16379.8,16382.4,16379.6,16380.6,16381.9,16382.9,16379.3,16380.3,16381.9,16382.9,1,212
2026-07-28T19:30:00+00:00,16382.3,16382.6,16380.8,16382.4,16381.8,16382.8,16382.1,16383.1,16380.3,16381.3,16381.9,16382.9,1,178
2026-07-28T19:35:00+00:00,16382.3,16382.6,16381.6,16382.3,16381.8,16382.8,16382.1,16383.1,16381.1,16382.1,16381.8,16382.8,1,140
2026-07-28T19:40:00+00:00,16382.4,16383.7,16381.8,16383.1,16381.9,16382.9,16383.2,16384.2,16381.3,16382.3,16382.6,16383.6,1,151
2026-07-28T19:45:00+00:00,16383,16385.4,16383,16384.5,16382.5,16383.5,16384.9,16385.9,16382.5,16383.5,16384,16385,1,175
2026-07-28T19:50:00+00:00,16384.4,16385.5,16384.1,16385.5,16383.9,16384.9,16385,16386,16383.6,16384.6,16385,16386,1,165
2026-07-28T19:55:00+00:00,16385.6,16386.4,16384.2,16385.9,16385.1,16386.1,16385.9,16386.9,16383.7,16384.7,16385.4,16386.4,1,138
2026-07-28T20:00:00+00:00,16386,16386.9,16384.8,16384.8,16385.5,16386.5,16386.4,16387.4,16384.3,16385.3,16384.3,16385.3,1,149
2026-07-28T20:05:00+00:00,16384.9,16385,16382.4,16383,16384.4,16385.4,16384.5,16385.5,16381.9,16382.9,16382.5,16383.5,1,156
2026-07-28T20:10:00+00:00,16383.1,16385.8,16382.3,16385.7,16382.6,16383.6,16385.3,16386.3,16381.8,16382.8,16385.2,16386.2,1,184
2026-07-28T20:15:00+00:00,16385.8,16385.8,16383.3,16383.6,16385.3,16386.3,16385.3,16386.3,16382.8,16383.8,16383.1,16384.1,1,178
2026-07-28T20:20:00+00:00,16383.5,16385.8,16382.7,16385.2,16383,16384,16385.3,16386.3,16382.2,16383.2,16384.7,16385.7,1,202
2026-07-28T20:25:00+00:00,16385.1,16385.7,16384.4,16385.3,16384.6,16385.6,16385.2,16386.2,16383.9,16384.9,16384.8,16385.8,1,219
2026-07-28T20:30:00+00:00,16385.2,16385.4,16383.1,16384.1,16384.7,16385.7,16384.9,16385.9,16382.6,16383.6,16383.6,16384.6,1,198
2026-07-28T20:35:00+00:00,16384,16384.7,16382.9,16383.5,16383.5,16384.5,16384.2,16385.2,16382.4,16383.4,16383,16384,1,174
2026-07-28T20:40:00+00:00,16383.6,16384.6,16383.2,16384.5,16383.1,16384.1,16384.1,16385.1,16382.7,16383.7,16384,16385,1,152
2026-07-28T20:45:00+00:00,16384.6,16384.6,16382.5,16383.9,16384.1,16385.1,16384.1,16385.1,16382,16383,16383.4,16384.4,1,167
2026-07-28T20:50:00+00:00,16383.8,16384.6,16382.8,16383.1,16383.3,16384.3,16384.1,16385.1,16382.3,16383.3,16382.6,16383.6,1,137
2026-07-28T20:55:00+00:00,16383.2,16386.2,16383.2,16385.3,16382.7,16383.7,16385.7,16386.7,16382.7,16383.7,16384.8,16385.8,1,140
2026-07-28T21:00:00+00:00,16385.2,16386.3,16385.2,16386.3,16384.7,16385.7,16385.8,16386.8,16384.7,16385.7,16385.8,16386.8,1,59
2026-07-28T21:05:00+00:00,16386.2,16388,16385.8,16385.8,16385.7,16386.7,16387.5,16388.5,16385.3,16386.3,16385.3,16386.3,1,71
2026-07-28T21:10:00+00:00,16385.9,16386.2,16384.7,16385.6,16385.4,16386.4,16385.7,16386.7,16384.2,16385.2,16385.1,16386.1,1,138
2026-07-28T21:15:00+00:00,16385.5,16386.7,16384.1,16386.7,16385,16386,16386.2,16387.2,16383.6,16384.6,16386.2,16387.2,1,147
2026-07-28T21:20:00+00:00,16386.5,16387,16386.1,16386.2,16386,16387,16386.5,16387.5,16385.6,16386.6,16385.7,16386.7,1,123
2026-07-28T21:25:00+00:00,16386.3,16387.1,16386,16386.2,16385.8,16386.8,16386.6,16387.6,16385.5,16386.5,16385.7,16386.7,1,134
2026-07-28T21:30:00+00:00,16386.3,16387.9,16386,16387,16385.8,16386.8,16387.4,16388.4,16385.5,16386.5,16386.5,16387.5,1,140
2026-07-28T21:35:00+00:00,16386.9,16389.2,16386,16388.3,16386.4,16387.4,16388.7,16389.7,16385.5,16386.5,16387.8,16388.8,1,120
2026-07-28T21:40:00+00:00,16388.2,16388.3,16386.2,16386.6,16387.7,16388.7,16387.8,16388.8,16385.7,16386.7,16386.1,16387.1,1,151
2026-07-28T21:45:00+00:00,16387,16387.4,16384.45,16384.65,16386.5,16387.5,16386.6,16388.2,16383.9,16385,16383.9,16385.4,1.5,182
2026-07-28T21:50:00+00:00,16385,16386.1,16383.9,16385.9,16384.5,16385.5,16385.4,16386.8,16383.4,16384.4,16385.4,16386.4,1,209
2026-07-28T21:55:00+00:00,16385.9,16387.8,16384.25,16385.9,16384.9,16386.9,16385.4,16390.2,16381.6,16386.9,16381.6,16390.2,8.6,131
2026-07-28T22:00:00+00:00,16384,16384,16377.4,16380.5,16378,16390,16378,16390,16371.4,16383.4,16374.5,16386.5,12,30
2026-07-28T22:05:00+00:00,16380.4,16382.5,16378.5,16381.5,16374.4,16386.4,16376.5,16388.5,16372.5,16384.5,16375.5,16387.5,12,30
2026-07-28T22:10:00+00:00,16382,16386.2,16381.4,16384.9,16376,16388,16381.3,16391.1,16375.4,16387.4,16380.3,16389.5,9.2,76
2026-07-28T22:15:00+00:00,16385,16385.1,16384.6,16384.65,16380.4,16389.6,16380.6,16389.6,16380.4,16388.8,16380.5,16388.8,8.3,12
2026-07-28T22:20:00+00:00,16382.5,16382.6,16382.5,16382.5,16376.5,16388.5,16376.6,16388.6,16376.5,16388.5,16376.5,16388.5,12,5
2026-07-28T22:25:00+00:00,16382.6,16382.9,16380.65,16381.65,16376.6,16388.6,16376.9,16388.9,16375.2,16386.1,16376.4,16386.9,10.5,21
2026-07-28T22:30:00+00:00,16381.55,16381.8,16380.65,16381.8,16376.3,16386.8,16376.6,16387,16375.4,16385.9,16376.6,16387,10.4,44
2026-07-28T22:35:00+00:00,16381.2,16382.5,16379.4,16380.6,16376,16386.4,16377.5,16387.5,16375.3,16383.5,16376.7,16384.5,7.8,57
2026-07-28T22:40:00+00:00,16380.4,16380.55,16379.15,16379.45,16376.5,16384.3,16376.5,16384.6,16375,16383.3,16375.3,16383.6,8.3,56
2026-07-28T22:45:00+00:00,16380.25,16381.05,16378.6,16380.95,16376.1,16384.4,16376.9,16385.2,16374.9,16382.3,16376.7,16385.2,8.5,86
2026-07-28T22:50:00+00:00,16380.85,16383.55,16379.2,16383.45,16376.6,16385.1,16380.7,16386.4,16375.2,16383.2,16380.7,16386.2,5.5,82
2026-07-28T22:55:00+00:00,16383.35,16383.5,16381.8,16382,16380.6,16386.1,16380.8,16386.2,16379.4,16384.2,16379.8,16384.2,4.4,46
2026-07-28T23:00:00+00:00,16382.9,16384.4,16381.9,16383.7,16380.1,16385.7,16382.4,16386.4,16379.9,16383.9,16382.3,16385.1,2.8,139
2026-07-28T23:05:00+00:00,16383.65,16383.95,16382.35,16382.35,16382.8,16384.5,16382.9,16385,16381.6,16383.1,16381.6,16383.1,1.5,102
2026-07-28T23:10:00+00:00,16382.25,16384.1,16381.95,16383.4,16381.3,16383.2,16383.6,16384.6,16381.1,16382.8,16382.9,16383.9,1,244
2026-07-28T23:15:00+00:00,16383.3,16387.05,16383.3,16387.05,16382.8,16383.8,16386.2,16387.9,16382.8,16383.8,16386.2,16387.9,1.7,227
2026-07-28T23:20:00+00:00,16387.2,16387.75,16385.45,16386.6,16386.4,16388,16387.2,16388.3,16384.8,16386.1,16386.1,16387.1,1,212
2026-07-28T23:25:00+00:00,16386.7,16388.45,16384.55,16385.1,16386.2,16387.2,16387.3,16389.6,16383.8,16385.3,16384.6,16385.6,1,254
2026-07-28T23:30:00+00:00,16385.2,16386.75,16384.5,16385.9,16384.7,16385.7,16386,16387.5,16384,16385,16385.4,16386.4,1,174
2026-07-28T23:35:00+00:00,16385.8,16386.85,16385.6,16386.6,16385.3,16386.3,16386.2,16387.5,16385.1,16386.1,16385.8,16387.4,1.6,22
